task,fold,group,method,alpha,seed,A,time_s,n,coverage,width_mean,width_median,interval_score,finite_frac,rmse,bias,sep
mango_population,popfold0,100400,GC-D,0.1,0,19,0.11742734909057617,1440,0.7256944444444444,3.567039829440094,3.5749266929470673,8.496065530749727,1.0,1.6682819534912652,-0.9727111823120036,1.3558297132985881
mango_population,popfold0,101100,GC-D,0.1,0,19,0.11742734909057617,1380,0.7644927536231884,3.6270697700573553,3.593830797317999,6.489085391469316,1.0,1.5220571088925658,1.0637883056786213,1.0889773233111537
mango_population,popfold0,102500,GC-D,0.1,0,19,0.11742734909057617,60,0.65,4.131748364796886,4.156930302634773,8.535344880640512,1.0,1.9656632461136185,-1.7507877303697421,0.9011711703555708
mango_population,popfold0,102502,GC-D,0.1,0,19,0.11742734909057617,200,0.99,3.7018357269443323,3.6959387731427036,3.7546628909573303,1.0,0.7388789622241055,-0.07255374242409746,0.7371533426162296
mango_population,popfold0,103103,GC-D,0.1,0,19,0.11742734909057617,224,0.9776785714285714,3.4591943959316063,3.371378428439492,3.558501009121212,1.0,0.7327822200488258,-0.19255753627743016,0.7086134648814205
mango_population,popfold0,103300,GC-D,0.1,0,19,0.11742734909057617,240,0.9333333333333333,3.341367131798895,3.3328656989036274,3.609462692859482,1.0,0.9364640102026891,0.27969349398227383,0.8955882899525544
mango_population,popfold0,103400,GC-D,0.1,0,19,0.11742734909057617,240,0.825,3.3920204575535053,3.3618677362273255,4.259655405926162,1.0,1.2974543467505468,-1.1706836683048032,0.5605324999625573
mango_population,popfold0,104200,GC-D,0.1,0,19,0.11742734909057617,160,0.8625,4.209383277233199,3.9399048349419097,5.001863558646614,1.0,1.3432232749453599,-1.1216622148225048,0.7413213714665976
mango_population,popfold0,106000,GC-D,0.1,0,19,0.11742734909057617,240,0.9916666666666667,3.315658338127656,3.31954544941953,3.320727005861322,1.0,0.6264655420706368,0.21362994713536715,0.5901461313297565
mango_population,popfold0,107203,GC-D,0.1,0,19,0.11742734909057617,216,1.0,4.210929277176911,4.14278485576392,4.210929277176911,1.0,0.6961204139670625,0.2967861879259498,0.6311464036474564
mango_population,popfold0,107400,GC-D,0.1,0,19,0.11742734909057617,960,0.990625,3.711956683886018,3.7010165933975987,3.75109140139728,1.0,0.8947908156201703,0.7381586111139934,0.5060031383613177
mango_population,popfold0,108100,GC-D,0.1,0,19,0.11742734909057617,400,0.9875,3.7181510360285457,3.629851198967696,3.7526038494145775,1.0,0.8096565026033358,0.3224848996104358,0.7435922709352211
mango_population,popfold0,108300,GC-D,0.1,0,19,0.11742734909057617,400,0.9275,3.6824349109574586,3.707987580353432,3.96992735826979,1.0,1.0432937307238284,-0.7098880495669835,0.7654970476589474
mango_population,popfold0,109100,GC-D,0.1,0,19,0.11742734909057617,400,0.915,3.5780359350304356,3.5019344960043455,3.9834880792570626,1.0,1.0315606199188803,0.5260948230317005,0.8884339237325223
mango_population,popfold0,111400,GC-D,0.1,0,19,0.11742734909057617,400,0.91,3.6988365071659524,3.685692281100785,4.809092436202969,1.0,1.1463985636149767,0.11429161737704491,1.1421156523154654
mango_population,popfold0,112300,GC-D,0.1,0,19,0.11742734909057617,480,0.8979166666666667,4.308668713785922,4.276352127006566,5.267922828947189,1.0,1.2702740769080734,0.48045285266808246,1.1771355289881051
mango_population,popfold0,112900,GC-D,0.1,0,19,0.11742734909057617,1440,0.7993055555555556,3.7426929997596527,3.622495494499266,6.192248749384741,1.0,1.4962597034814862,-1.0643852046524336,1.0519723096953963
mango_population,popfold0,114700,GC-D,0.1,0,19,0.11742734909057617,240,0.9708333333333333,3.9032371916027104,3.7926556806527305,3.981424696131167,1.0,0.837199923360621,0.4549536759766984,0.7042637850164354
mango_population,popfold0,115200,GC-D,0.1,0,19,0.11742734909057617,160,0.8625,4.0150833258680825,4.07483143891733,5.743358288751136,1.0,1.4085468986961207,0.8436473393173058,1.1314880424147609
mango_population,popfold0,200500,GC-D,0.1,0,19,0.11742734909057617,220,0.9318181818181818,3.7855818391095744,3.7805689517816283,4.54549785852714,1.0,1.0729582863808027,0.5212305876648451,0.9399863861228132
mango_population,popfold0,100400,GC-D2,0.1,0,19,0.13620638847351074,1440,0.7298611111111111,3.5234928503906064,3.535569479439566,8.313591450749385,1.0,1.6682819534912652,-0.9727111823120036,1.3558297132985881
mango_population,popfold0,101100,GC-D2,0.1,0,19,0.13620638847351074,1380,0.7811594202898551,3.747501922809468,3.704970063266157,6.207998208459362,1.0,1.5220571088925658,1.0637883056786213,1.0889773233111537
mango_population,popfold0,102500,GC-D2,0.1,0,19,0.13620638847351074,60,0.6833333333333333,4.165125468861825,4.166481162642747,8.451953785514734,1.0,1.9656632461136185,-1.7507877303697421,0.9011711703555708
mango_population,popfold0,102502,GC-D2,0.1,0,19,0.13620638847351074,200,0.99,3.576825935423678,3.549301050873634,3.639951748445839,1.0,0.7388789622241055,-0.07255374242409746,0.7371533426162296
mango_population,popfold0,103103,GC-D2,0.1,0,19,0.13620638847351074,224,0.9776785714285714,3.49351133470487,3.423958883634733,3.591162552078835,1.0,0.7327822200488258,-0.19255753627743016,0.7086134648814205
mango_population,popfold0,103300,GC-D2,0.1,0,19,0.13620638847351074,240,0.9291666666666667,3.3121113400016187,3.3202168548357394,3.603431877039401,1.0,0.9364640102026891,0.27969349398227383,0.8955882899525544
mango_population,popfold0,103400,GC-D2,0.1,0,19,0.13620638847351074,240,0.7958333333333333,3.32117077126515,3.295723776941424,4.3281039521000455,1.0,1.2974543467505468,-1.1706836683048032,0.5605324999625573
mango_population,popfold0,104200,GC-D2,0.1,0,19,0.13620638847351074,160,0.8625,4.226859494803485,3.986041396039181,5.089996366916244,1.0,1.3432232749453599,-1.1216622148225048,0.7413213714665976
mango_population,popfold0,106000,GC-D2,0.1,0,19,0.13620638847351074,240,0.9958333333333333,3.347726455636202,3.346282740599176,3.351361098804736,1.0,0.6264655420706368,0.21362994713536715,0.5901461313297565
mango_population,popfold0,107203,GC-D2,0.1,0,19,0.13620638847351074,216,1.0,4.059321271532741,3.983945669925392,4.059321271532741,1.0,0.6961204139670625,0.2967861879259498,0.6311464036474564
mango_population,popfold0,107400,GC-D2,0.1,0,19,0.13620638847351074,960,0.9895833333333334,3.606331924221058,3.596184502329664,3.6523059275218652,1.0,0.8947908156201703,0.7381586111139934,0.5060031383613177
mango_population,popfold0,108100,GC-D2,0.1,0,19,0.13620638847351074,400,0.9825,3.689679491697658,3.6475517842233227,3.7318222108932564,1.0,0.8096565026033358,0.3224848996104358,0.7435922709352211
mango_population,popfold0,108300,GC-D2,0.1,0,19,0.13620638847351074,400,0.9225,3.7163416343965197,3.7445690355421304,4.026561358567787,1.0,1.0432937307238284,-0.7098880495669835,0.7654970476589474
mango_population,popfold0,109100,GC-D2,0.1,0,19,0.13620638847351074,400,0.94,3.7330976206996707,3.6482511580913553,3.976047272668662,1.0,1.0315606199188803,0.5260948230317005,0.8884339237325223
mango_population,popfold0,111400,GC-D2,0.1,0,19,0.13620638847351074,400,0.9175,3.7636052703119747,3.744084421950471,4.758547202520705,1.0,1.1463985636149767,0.11429161737704491,1.1421156523154654
mango_population,popfold0,112300,GC-D2,0.1,0,19,0.13620638847351074,480,0.90625,4.271651126844953,4.191265782459859,5.189251134268422,1.0,1.2702740769080734,0.48045285266808246,1.1771355289881051
mango_population,popfold0,112900,GC-D2,0.1,0,19,0.13620638847351074,1440,0.7951388888888888,3.6918525975471117,3.5763613086773853,6.236796981421279,1.0,1.4962597034814862,-1.0643852046524336,1.0519723096953963
mango_population,popfold0,114700,GC-D2,0.1,0,19,0.13620638847351074,240,0.9708333333333333,3.7590186859748327,3.6533980424658896,3.8495123769028106,1.0,0.837199923360621,0.4549536759766984,0.7042637850164354
mango_population,popfold0,115200,GC-D2,0.1,0,19,0.13620638847351074,160,0.86875,4.147433412590489,4.154166558677637,5.624156552730509,1.0,1.4085468986961207,0.8436473393173058,1.1314880424147609
mango_population,popfold0,200500,GC-D2,0.1,0,19,0.13620638847351074,220,0.9363636363636364,3.98261351416376,3.9688970212760246,4.65485598204254,1.0,1.0729582863808027,0.5212305876648451,0.9399863861228132
mango_population,popfold0,100400,GC-CQR,0.1,0,19,66.24576115608215,1440,0.7611111111111111,3.9697509766793093,3.9235214556686486,7.960510271895633,1.0,1.6682819534912652,-0.9727111823120036,1.3558297132985881
mango_population,popfold0,101100,GC-CQR,0.1,0,19,66.24576115608215,1380,0.9485507246376812,4.011822527177433,3.958345093657993,4.344077438836895,1.0,1.5220571088925658,1.0637883056786213,1.0889773233111537
mango_population,popfold0,102500,GC-CQR,0.1,0,19,66.24576115608215,60,0.8666666666666667,4.102834230900422,4.068097604727312,5.437981360074517,1.0,1.9656632461136185,-1.7507877303697421,0.9011711703555708
mango_population,popfold0,102502,GC-CQR,0.1,0,19,66.24576115608215,200,0.98,3.6340567259785455,3.662328125490549,3.682529741174114,1.0,0.7388789622241055,-0.07255374242409746,0.7371533426162296
mango_population,popfold0,103103,GC-CQR,0.1,0,19,66.24576115608215,224,0.9598214285714286,3.0407791838870986,3.0272575672400706,3.1894998072282683,1.0,0.7327822200488258,-0.19255753627743016,0.7086134648814205
mango_population,popfold0,103300,GC-CQR,0.1,0,19,66.24576115608215,240,0.9875,4.092945632461233,4.024586375915844,4.135584148902273,1.0,0.9364640102026891,0.27969349398227383,0.8955882899525544
mango_population,popfold0,103400,GC-CQR,0.1,0,19,66.24576115608215,240,0.9125,3.7461718099591623,3.73962544648621,4.361350317676278,1.0,1.2974543467505468,-1.1706836683048032,0.5605324999625573
mango_population,popfold0,104200,GC-CQR,0.1,0,19,66.24576115608215,160,0.775,4.013985683836325,3.9585598352561604,5.860354725417214,1.0,1.3432232749453599,-1.1216622148225048,0.7413213714665976
mango_population,popfold0,106000,GC-CQR,0.1,0,19,66.24576115608215,240,0.9958333333333333,3.4757629622717388,3.4548106359790687,3.491114648730646,1.0,0.6264655420706368,0.21362994713536715,0.5901461313297565
mango_population,popfold0,107203,GC-CQR,0.1,0,19,66.24576115608215,216,0.9722222222222222,4.43842582584739,4.392174162552432,4.667803361483025,1.0,0.6961204139670625,0.2967861879259498,0.6311464036474564
mango_population,popfold0,107400,GC-CQR,0.1,0,19,66.24576115608215,960,0.990625,3.734852899588644,3.7262967262953115,3.782875511867542,1.0,0.8947908156201703,0.7381586111139934,0.5060031383613177
mango_population,popfold0,108100,GC-CQR,0.1,0,19,66.24576115608215,400,0.9625,3.4062861929767614,3.3403903904768217,3.5517251989762655,1.0,0.8096565026033358,0.3224848996104358,0.7435922709352211
mango_population,popfold0,108300,GC-CQR,0.1,0,19,66.24576115608215,400,0.925,3.9802350135162627,3.9058622963020575,4.399130109972415,1.0,1.0432937307238284,-0.7098880495669835,0.7654970476589474
mango_population,popfold0,109100,GC-CQR,0.1,0,19,66.24576115608215,400,0.9825,4.021929443500047,4.013883120480042,4.067599752745414,1.0,1.0315606199188803,0.5260948230317005,0.8884339237325223
mango_population,popfold0,111400,GC-CQR,0.1,0,19,66.24576115608215,400,0.94,3.5357567664934515,3.4876638295192732,4.099187992908964,1.0,1.1463985636149767,0.11429161737704491,1.1421156523154654
mango_population,popfold0,112300,GC-CQR,0.1,0,19,66.24576115608215,480,0.9083333333333333,3.818422689984821,3.7144530658264934,4.944296503848104,1.0,1.2702740769080734,0.48045285266808246,1.1771355289881051
mango_population,popfold0,112900,GC-CQR,0.1,0,19,66.24576115608215,1440,0.9013888888888889,4.147828526702003,4.064544884003662,5.095371571121548,1.0,1.4962597034814862,-1.0643852046524336,1.0519723096953963
mango_population,popfold0,114700,GC-CQR,0.1,0,19,66.24576115608215,240,0.9,4.411800239484709,4.420201518492249,5.221742653248013,1.0,0.837199923360621,0.4549536759766984,0.7042637850164354
mango_population,popfold0,115200,GC-CQR,0.1,0,19,66.24576115608215,160,0.9375,3.9915473765632763,3.9970215838190875,4.741155049687821,1.0,1.4085468986961207,0.8436473393173058,1.1314880424147609
mango_population,popfold0,200500,GC-CQR,0.1,0,19,66.24576115608215,220,0.8863636363636364,4.040636195952851,3.8980613476815966,5.032918911738947,1.0,1.0729582863808027,0.5212305876648451,0.9399863861228132
mango_population,popfold0,100400,CQR,0.1,0,19,6.727567195892334,1440,0.6569444444444444,3.349042659290732,3.33657445174459,9.35592083817675,1.0,1.6682819534912652,-0.9727111823120036,1.3558297132985881
mango_population,popfold0,101100,CQR,0.1,0,19,6.727567195892334,1380,0.9043478260869565,3.559129622254189,3.5184333508286976,4.236398862595994,1.0,1.5220571088925658,1.0637883056786213,1.0889773233111537
mango_population,popfold0,102500,CQR,0.1,0,19,6.727567195892334,60,0.75,3.545285376711114,3.4657209155683377,6.309867294496185,1.0,1.9656632461136185,-1.7507877303697421,0.9011711703555708
mango_population,popfold0,102502,CQR,0.1,0,19,6.727567195892334,200,0.895,3.114790519547177,3.1097162660132245,3.525265829270028,1.0,0.7388789622241055,-0.07255374242409746,0.7371533426162296
mango_population,popfold0,103103,CQR,0.1,0,19,6.727567195892334,224,0.9017857142857143,2.4900148583246144,2.4705576783465917,2.909442910318533,1.0,0.7327822200488258,-0.19255753627743016,0.7086134648814205
mango_population,popfold0,103300,CQR,0.1,0,19,6.727567195892334,240,0.9541666666666667,3.477744341170223,3.3993182035795604,3.744731923909091,1.0,0.9364640102026891,0.27969349398227383,0.8955882899525544
mango_population,popfold0,103400,CQR,0.1,0,19,6.727567195892334,240,0.8416666666666667,3.2304878757210314,3.2149664805195703,4.442807412410029,1.0,1.2974543467505468,-1.1706836683048032,0.5605324999625573
mango_population,popfold0,104200,CQR,0.1,0,19,6.727567195892334,160,0.675,3.453041635751549,3.462051036875426,6.547043396647545,1.0,1.3432232749453599,-1.1216622148225048,0.7413213714665976
mango_population,popfold0,106000,CQR,0.1,0,19,6.727567195892334,240,0.9958333333333333,3.003898566155997,2.9647309371399544,3.0188955338322803,1.0,0.6264655420706368,0.21362994713536715,0.5901461313297565
mango_population,popfold0,107203,CQR,0.1,0,19,6.727567195892334,216,0.9120370370370371,3.9645811393500754,3.9516720775722414,4.681437972221789,1.0,0.6961204139670625,0.2967861879259498,0.6311464036474564
mango_population,popfold0,107400,CQR,0.1,0,19,6.727567195892334,960,0.9395833333333333,3.2765582689099992,3.234000125639392,3.530057596125089,1.0,0.8947908156201703,0.7381586111139934,0.5060031383613177
mango_population,popfold0,108100,CQR,0.1,0,19,6.727567195892334,400,0.8375,2.7204734825908226,2.593422403785965,3.7199262746673116,1.0,0.8096565026033358,0.3224848996104358,0.7435922709352211
mango_population,popfold0,108300,CQR,0.1,0,19,6.727567195892334,400,0.8125,3.505502973025307,3.4731765080199075,4.7020367769008065,1.0,1.0432937307238284,-0.7098880495669835,0.7654970476589474
mango_population,popfold0,109100,CQR,0.1,0,19,6.727567195892334,400,0.965,3.4335269965378505,3.418683275407271,3.577404207497998,1.0,1.0315606199188803,0.5260948230317005,0.8884339237325223
mango_population,popfold0,111400,CQR,0.1,0,19,6.727567195892334,400,0.8725,3.0201363480595025,2.96252882499558,4.047056967440258,1.0,1.1463985636149767,0.11429161737704491,1.1421156523154654
mango_population,popfold0,112300,CQR,0.1,0,19,6.727567195892334,480,0.8166666666666667,3.426861035113297,3.3379388296261157,5.027311343995615,1.0,1.2702740769080734,0.48045285266808246,1.1771355289881051
mango_population,popfold0,112900,CQR,0.1,0,19,6.727567195892334,1440,0.8375,3.6588717052513764,3.5647132090496134,5.447225213226411,1.0,1.4962597034814862,-1.0643852046524336,1.0519723096953963
mango_population,popfold0,114700,CQR,0.1,0,19,6.727567195892334,240,0.7958333333333333,3.9193394642027526,3.9258864204023576,5.765524948571406,1.0,0.837199923360621,0.4549536759766984,0.7042637850164354
mango_population,popfold0,115200,CQR,0.1,0,19,6.727567195892334,160,0.88125,3.523238548367749,3.489773089407718,4.88289161187115,1.0,1.4085468986961207,0.8436473393173058,1.1314880424147609
mango_population,popfold0,200500,CQR,0.1,0,19,6.727567195892334,220,0.8272727272727273,3.5038795423963744,3.370278968107706,5.4410829158319,1.0,1.0729582863808027,0.5212305876648451,0.9399863861228132
mango_population,popfold0,100400,SCP,0.1,0,19,0.000331878662109375,1440,0.7090277777777778,3.388919562540451,3.388919562540451,8.724596646933053,1.0,1.6682819534912652,-0.9727111823120036,1.3558297132985881
mango_population,popfold0,101100,SCP,0.1,0,19,0.000331878662109375,1380,0.7347826086956522,3.388919562540451,3.388919562540451,7.15226542758351,1.0,1.5220571088925658,1.0637883056786213,1.0889773233111537
mango_population,popfold0,102500,SCP,0.1,0,19,0.000331878662109375,60,0.5,3.388919562540451,3.388919562540451,10.814156057807567,1.0,1.9656632461136185,-1.7507877303697421,0.9011711703555708
mango_population,popfold0,102502,SCP,0.1,0,19,0.000331878662109375,200,0.975,3.388919562540451,3.388919562540451,3.5122321237852923,1.0,0.7388789622241055,-0.07255374242409746,0.7371533426162296
mango_population,popfold0,103103,SCP,0.1,0,19,0.000331878662109375,224,0.9821428571428571,3.388919562540451,3.388919562540451,3.4574957252723832,1.0,0.7327822200488258,-0.19255753627743016,0.7086134648814205
mango_population,popfold0,103300,SCP,0.1,0,19,0.000331878662109375,240,0.9416666666666667,3.388919562540451,3.388919562540451,3.6372847496273946,1.0,0.9364640102026891,0.27969349398227383,0.8955882899525544
mango_population,popfold0,103400,SCP,0.1,0,19,0.000331878662109375,240,0.8416666666666667,3.388919562540451,3.388919562540451,4.191560296963858,1.0,1.2974543467505468,-1.1706836683048032,0.5605324999625573
mango_population,popfold0,104200,SCP,0.1,0,19,0.000331878662109375,160,0.7625,3.388919562540451,3.388919562540451,4.957293289409731,1.0,1.3432232749453599,-1.1216622148225048,0.7413213714665976
mango_population,popfold0,106000,SCP,0.1,0,19,0.000331878662109375,240,0.9958333333333333,3.388919562540451,3.388919562540451,3.397515838983544,1.0,0.6264655420706368,0.21362994713536715,0.5901461313297565
mango_population,popfold0,107203,SCP,0.1,0,19,0.000331878662109375,216,0.9814814814814815,3.388919562540451,3.388919562540451,3.487038291564073,1.0,0.6961204139670625,0.2967861879259498,0.6311464036474564
mango_population,popfold0,107400,SCP,0.1,0,19,0.000331878662109375,960,0.9614583333333333,3.388919562540451,3.388919562540451,3.5409382409739014,1.0,0.8947908156201703,0.7381586111139934,0.5060031383613177
mango_population,popfold0,108100,SCP,0.1,0,19,0.000331878662109375,400,0.9525,3.388919562540451,3.388919562540451,3.556727398992909,1.0,0.8096565026033358,0.3224848996104358,0.7435922709352211
mango_population,popfold0,108300,SCP,0.1,0,19,0.000331878662109375,400,0.905,3.388919562540451,3.388919562540451,3.902421524088479,1.0,1.0432937307238284,-0.7098880495669835,0.7654970476589474
mango_population,popfold0,109100,SCP,0.1,0,19,0.000331878662109375,400,0.8925,3.388919562540451,3.388919562540451,4.266073186171805,1.0,1.0315606199188803,0.5260948230317005,0.8884339237325223
mango_population,popfold0,111400,SCP,0.1,0,19,0.000331878662109375,400,0.87,3.388919562540451,3.388919562540451,4.961519397416205,1.0,1.1463985636149767,0.11429161737704491,1.1421156523154654
mango_population,popfold0,112300,SCP,0.1,0,19,0.000331878662109375,480,0.8208333333333333,3.388919562540451,3.388919562540451,5.498460803061212,1.0,1.2702740769080734,0.48045285266808246,1.1771355289881051
mango_population,popfold0,112900,SCP,0.1,0,19,0.000331878662109375,1440,0.7368055555555556,3.388919562540451,3.388919562540451,7.188272267882374,1.0,1.4962597034814862,-1.0643852046524336,1.0519723096953963
mango_population,popfold0,114700,SCP,0.1,0,19,0.000331878662109375,240,0.9541666666666667,3.388919562540451,3.388919562540451,3.5661780478589926,1.0,0.837199923360621,0.4549536759766984,0.7042637850164354
mango_population,popfold0,115200,SCP,0.1,0,19,0.000331878662109375,160,0.76875,3.388919562540451,3.388919562540451,6.696266227403174,1.0,1.4085468986961207,0.8436473393173058,1.1314880424147609
mango_population,popfold0,200500,SCP,0.1,0,19,0.000331878662109375,220,0.9136363636363637,3.3889195625404507,3.388919562540451,4.434046239016054,1.0,1.0729582863808027,0.5212305876648451,0.9399863861228132
mango_population,popfold1,100700,GC-D,0.1,0,19,0.13132643699645996,780,0.5782051282051283,3.6268729631820307,3.610925412448008,11.330619150508165,1.0,2.0624214377502743,1.7152484895496896,1.1459443183840317
mango_population,popfold1,101800,GC-D,0.1,0,19,0.13132643699645996,80,0.975,3.5531430574189367,3.525097467595506,3.668135020839874,1.0,0.8598883252180591,0.7005902783044405,0.5017248161905016
mango_population,popfold1,102300,GC-D,0.1,0,19,0.13132643699645996,160,0.66875,3.712281501841762,3.7061259742519823,7.545212559087815,1.0,1.8057231574270505,-1.6589417987834711,0.7153646944427873
mango_population,popfold1,103102,GC-D,0.1,0,19,0.13132643699645996,240,0.975,3.5219286288698575,3.5804710982752423,3.637409817015771,1.0,0.8195978060419032,-0.6426185639039019,0.5097692758877467
mango_population,popfold1,103200,GC-D,0.1,0,19,0.13132643699645996,240,0.9625,3.418631766825248,3.335579526451398,3.5566349713052956,1.0,0.8033768040775074,-0.16636156914610936,0.7876057363665679
mango_population,popfold1,103700,GC-D,0.1,0,19,0.13132643699645996,352,0.9772727272727273,3.4038269408863404,3.393858244012729,3.508676931854851,1.0,0.6765525800760548,-0.13885539833478341,0.6630925245374855
mango_population,popfold1,106600,GC-D,0.1,0,19,0.13132643699645996,1200,0.9841666666666666,3.5606861499405706,3.556716803840774,3.612945877657239,1.0,0.7479594615277774,-0.5092554801544672,0.5480442553082545
mango_population,popfold1,107600,GC-D,0.1,0,19,0.13132643699645996,960,0.9729166666666667,3.7785386545235147,3.818262141077037,3.959202537771222,1.0,0.8540508125638644,0.5921852304112043,0.6157226275762133
mango_population,popfold1,107700,GC-D,0.1,0,19,0.13132643699645996,384,1.0,3.665421455762051,3.744887991780013,3.665421455762051,1.0,0.45385952279743313,-0.025902921313201367,0.4537109014980508
mango_population,popfold1,109300,GC-D,0.1,0,19,0.13132643699645996,160,0.975,3.7843114502717676,3.7563326018114367,3.8602820948179057,1.0,0.8531942629048006,-0.13800093237141833,0.8446032557008131
mango_population,popfold1,109700,GC-D,0.1,0,19,0.13132643699645996,312,0.9583333333333334,3.6168428517005773,3.558170959256758,4.846285648312355,1.0,1.0119141565010847,0.33611627800749105,0.9559944328921037
mango_population,popfold1,110000,GC-D,0.1,0,19,0.13132643699645996,880,0.9102272727272728,3.7975078777406157,3.750917329782361,4.482294018312212,1.0,1.209649254506577,-0.8300483367277017,0.8804271304839371
mango_population,popfold1,110804,GC-D,0.1,0,19,0.13132643699645996,80,0.8,3.464591181907199,3.400414897314521,5.067619769170713,1.0,1.3993423559035156,-1.1791622370991774,0.7582360927035485
mango_population,popfold1,111000,GC-D,0.1,0,19,0.13132643699645996,240,0.9916666666666667,3.4384437134202015,3.390642180131774,3.4983264920776644,1.0,0.6780621528704313,0.4107058125151294,0.5406542003967036
mango_population,popfold1,112500,GC-D,0.1,0,19,0.13132643699645996,448,0.9263392857142857,3.6783589003934876,3.6178591607179573,4.184645708088932,1.0,0.996627581911885,0.4915190670337622,0.8679614879352949
mango_population,popfold1,113200,GC-D,0.1,0,19,0.13132643699645996,120,1.0,3.6579720131461877,3.656014872946418,3.6579720131461877,1.0,0.7286920450255985,-0.03656720974577568,0.7308254357007726
mango_population,popfold1,113300,GC-D,0.1,0,19,0.13132643699645996,120,0.9916666666666667,3.7493517621059578,3.790052895197662,3.7693343020412726,1.0,0.8540695045689437,0.39646321386111333,0.7596449670665043
mango_population,popfold1,114900,GC-D,0.1,0,19,0.13132643699645996,160,1.0,3.789238437328753,3.9432685310398092,3.789238437328753,1.0,0.5260149081650315,0.1790738770726504,0.4961479087256805
mango_population,popfold1,200200,GC-D,0.1,0,19,0.13132643699645996,414,0.9951690821256038,3.313175238283727,3.2877359110934883,3.318771686986039,1.0,0.6003115824222703,0.23844691099415757,0.5515904049014226
mango_population,popfold1,200400,GC-D,0.1,0,19,0.13132643699645996,196,0.9795918367346939,4.118316852341602,4.151661029551924,4.344876056954783,1.0,1.055944910284128,-0.8424267699601097,0.6382910315982919
mango_population,popfold1,100700,GC-D2,0.1,0,19,0.1477947235107422,780,0.6128205128205129,3.7684267310936623,3.71450695483035,11.220893834379604,1.0,2.0624214377502743,1.7152484895496896,1.1459443183840317
mango_population,popfold1,101800,GC-D2,0.1,0,19,0.1477947235107422,80,0.975,3.434985413045932,3.4336235758834954,3.578632143370895,1.0,0.8598883252180591,0.7005902783044405,0.5017248161905016
mango_population,popfold1,102300,GC-D2,0.1,0,19,0.1477947235107422,160,0.725,3.9018584014900335,3.8835597522378684,7.233143325603311,1.0,1.8057231574270505,-1.6589417987834711,0.7153646944427873
mango_population,popfold1,103102,GC-D2,0.1,0,19,0.1477947235107422,240,0.9666666666666667,3.536713224323033,3.601479290738946,3.664325610532322,1.0,0.8195978060419032,-0.6426185639039019,0.5097692758877467
mango_population,popfold1,103200,GC-D2,0.1,0,19,0.1477947235107422,240,0.9541666666666667,3.306213619141111,3.2167991927782786,3.509720417796186,1.0,0.8033768040775074,-0.16636156914610936,0.7876057363665679
mango_population,popfold1,103700,GC-D2,0.1,0,19,0.1477947235107422,352,0.9772727272727273,3.4216822362431545,3.3897403624424713,3.5463814299388683,1.0,0.6765525800760548,-0.13885539833478341,0.6630925245374855
mango_population,popfold1,106600,GC-D2,0.1,0,19,0.1477947235107422,1200,0.9833333333333333,3.5144289629127936,3.4951511762550833,3.5751452462335935,1.0,0.7479594615277774,-0.5092554801544672,0.5480442553082545
mango_population,popfold1,107600,GC-D2,0.1,0,19,0.1477947235107422,960,0.9708333333333333,3.6611304569892176,3.67933882607871,3.839939667971433,1.0,0.8540508125638644,0.5921852304112043,0.6157226275762133
mango_population,popfold1,107700,GC-D2,0.1,0,19,0.1477947235107422,384,1.0,3.3828000710572224,3.486294344010645,3.3828000710572224,1.0,0.45385952279743313,-0.025902921313201367,0.4537109014980508
mango_population,popfold1,109300,GC-D2,0.1,0,19,0.1477947235107422,160,0.99375,3.9864426525650685,3.9794346066711173,3.998929295223268,1.0,0.8531942629048006,-0.13800093237141833,0.8446032557008131
mango_population,popfold1,109700,GC-D2,0.1,0,19,0.1477947235107422,312,0.967948717948718,3.7084021074985927,3.6257287435663805,4.84291995816472,1.0,1.0119141565010847,0.33611627800749105,0.9559944328921037
mango_population,popfold1,110000,GC-D2,0.1,0,19,0.1477947235107422,880,0.9443181818181818,4.148438375913657,4.127707556168701,4.573499582809691,1.0,1.209649254506577,-0.8300483367277017,0.8804271304839371
mango_population,popfold1,110804,GC-D2,0.1,0,19,0.1477947235107422,80,0.7875,3.327799131984581,3.254847924114369,5.204697671621507,1.0,1.3993423559035156,-1.1791622370991774,0.7582360927035485
mango_population,popfold1,111000,GC-D2,0.1,0,19,0.1477947235107422,240,0.9958333333333333,3.5801606675769486,3.5398121239824585,3.6258441325441177,1.0,0.6780621528704313,0.4107058125151294,0.5406542003967036
mango_population,popfold1,112500,GC-D2,0.1,0,19,0.1477947235107422,448,0.9241071428571429,3.6989321235103425,3.63426444813509,4.20358322522476,1.0,0.996627581911885,0.4915190670337622,0.8679614879352949
mango_population,popfold1,113200,GC-D2,0.1,0,19,0.1477947235107422,120,1.0,3.622119056660202,3.592544303036987,3.622119056660202,1.0,0.7286920450255985,-0.03656720974577568,0.7308254357007726
mango_population,popfold1,113300,GC-D2,0.1,0,19,0.1477947235107422,120,0.9916666666666667,3.809522517582557,3.7959028161894466,3.8365406034501555,1.0,0.8540695045689437,0.39646321386111333,0.7596449670665043
mango_population,popfold1,114900,GC-D2,0.1,0,19,0.1477947235107422,160,1.0,3.526427936796634,3.7185113905152747,3.526427936796634,1.0,0.5260149081650315,0.1790738770726504,0.4961479087256805
mango_population,popfold1,200200,GC-D2,0.1,0,19,0.1477947235107422,414,0.9927536231884058,3.2958223992556697,3.2455958843397923,3.3078683342642345,1.0,0.6003115824222703,0.23844691099415757,0.5515904049014226
mango_population,popfold1,200400,GC-D2,0.1,0,19,0.1477947235107422,196,0.9795918367346939,4.773782656444531,4.781600772534244,4.901234356731219,1.0,1.055944910284128,-0.8424267699601097,0.6382910315982919
mango_population,popfold1,100700,GC-CQR,0.1,0,19,66.49927043914795,780,0.8012820512820513,4.446384972767873,4.438339591492785,7.343518774549385,1.0,2.0624214377502743,1.7152484895496896,1.1459443183840317
mango_population,popfold1,101800,GC-CQR,0.1,0,19,66.49927043914795,80,0.975,4.04189200336528,4.025478983590612,4.095554875727595,1.0,0.8598883252180591,0.7005902783044405,0.5017248161905016
mango_population,popfold1,102300,GC-CQR,0.1,0,19,66.49927043914795,160,0.875,4.6566223612615705,4.616648507483241,6.137622404519646,1.0,1.8057231574270505,-1.6589417987834711,0.7153646944427873
mango_population,popfold1,103102,GC-CQR,0.1,0,19,66.49927043914795,240,0.975,3.2240447334693596,3.20570275475146,3.2909287382472012,1.0,0.8195978060419032,-0.6426185639039019,0.5097692758877467
mango_population,popfold1,103200,GC-CQR,0.1,0,19,66.49927043914795,240,0.9875,3.745425854012702,3.6572591785632955,3.777227328014543,1.0,0.8033768040775074,-0.16636156914610936,0.7876057363665679
mango_population,popfold1,103700,GC-CQR,0.1,0,19,66.49927043914795,352,0.9914772727272727,3.8732925269398333,3.8205031327906642,3.894735492633778,1.0,0.6765525800760548,-0.13885539833478341,0.6630925245374855
mango_population,popfold1,106600,GC-CQR,0.1,0,19,66.49927043914795,1200,0.9691666666666666,3.8625882276402383,3.8403653929513037,3.969662106104,1.0,0.7479594615277774,-0.5092554801544672,0.5480442553082545
mango_population,popfold1,107600,GC-CQR,0.1,0,19,66.49927043914795,960,0.9770833333333333,3.8590420045992535,3.8305748588123336,3.961030975319226,1.0,0.8540508125638644,0.5921852304112043,0.6157226275762133
mango_population,popfold1,107700,GC-CQR,0.1,0,19,66.49927043914795,384,0.9973958333333334,4.231487542660709,4.129591209943332,4.231880689858712,1.0,0.45385952279743313,-0.025902921313201367,0.4537109014980508
mango_population,popfold1,109300,GC-CQR,0.1,0,19,66.49927043914795,160,0.94375,3.727136114104911,3.671894447328002,3.952317673950739,1.0,0.8531942629048006,-0.13800093237141833,0.8446032557008131
mango_population,popfold1,109700,GC-CQR,0.1,0,19,66.49927043914795,312,0.9743589743589743,3.828595189084256,3.771214102625347,4.429111461489352,1.0,1.0119141565010847,0.33611627800749105,0.9559944328921037
mango_population,popfold1,110000,GC-CQR,0.1,0,19,66.49927043914795,880,0.7159090909090909,4.433467650314128,4.334676075599459,7.147163715019064,1.0,1.209649254506577,-0.8300483367277017,0.8804271304839371
mango_population,popfold1,110804,GC-CQR,0.1,0,19,66.49927043914795,80,0.8625,4.178747720636506,4.15062718715269,6.073808179440229,1.0,1.3993423559035156,-1.1791622370991774,0.7582360927035485
mango_population,popfold1,111000,GC-CQR,0.1,0,19,66.49927043914795,240,1.0,3.5841513580329507,3.4862145186888904,3.5841513580329507,1.0,0.6780621528704313,0.4107058125151294,0.5406542003967036
mango_population,popfold1,112500,GC-CQR,0.1,0,19,66.49927043914795,448,0.9330357142857143,3.6254376826704044,3.5565455672153927,3.9777637711405913,1.0,0.996627581911885,0.4915190670337622,0.8679614879352949
mango_population,popfold1,113200,GC-CQR,0.1,0,19,66.49927043914795,120,0.9916666666666667,3.202944875634659,3.1368524877537,3.2148340104677033,1.0,0.7286920450255985,-0.03656720974577568,0.7308254357007726
mango_population,popfold1,113300,GC-CQR,0.1,0,19,66.49927043914795,120,0.9666666666666667,3.8260335964568757,3.787641576138455,4.002221119517983,1.0,0.8540695045689437,0.39646321386111333,0.7596449670665043
mango_population,popfold1,114900,GC-CQR,0.1,0,19,66.49927043914795,160,1.0,4.3241353487726455,4.327110144533476,4.3241353487726455,1.0,0.5260149081650315,0.1790738770726504,0.4961479087256805
mango_population,popfold1,200200,GC-CQR,0.1,0,19,66.49927043914795,414,0.9903381642512077,3.4026229056910853,3.3906701615173516,3.434257892907055,1.0,0.6003115824222703,0.23844691099415757,0.5515904049014226
mango_population,popfold1,200400,GC-CQR,0.1,0,19,66.49927043914795,196,0.4846938775510204,4.769358179543493,4.701716906310068,14.445465368445895,1.0,1.055944910284128,-0.8424267699601097,0.6382910315982919
mango_population,popfold1,100700,CQR,0.1,0,19,6.476827144622803,780,0.7474358974358974,3.8257459678049535,3.8107892791430036,8.126476333948306,1.0,2.0624214377502743,1.7152484895496896,1.1459443183840317
mango_population,popfold1,101800,CQR,0.1,0,19,6.476827144622803,80,0.95,3.4893418389213964,3.48974871113617,3.6507691277709844,1.0,0.8598883252180591,0.7005902783044405,0.5017248161905016
mango_population,popfold1,102300,CQR,0.1,0,19,6.476827144622803,160,0.76875,4.0081562401229,3.909607886892722,7.083767679084022,1.0,1.8057231574270505,-1.6589417987834711,0.7153646944427873
mango_population,popfold1,103102,CQR,0.1,0,19,6.476827144622803,240,0.8833333333333333,2.645271704296698,2.6147936728713734,3.097198338126255,1.0,0.8195978060419032,-0.6426185639039019,0.5097692758877467
mango_population,popfold1,103200,CQR,0.1,0,19,6.476827144622803,240,0.9625,3.2562812995749892,3.2044409795444446,3.431474465419021,1.0,0.8033768040775074,-0.16636156914610936,0.7876057363665679
mango_population,popfold1,103700,CQR,0.1,0,19,6.476827144622803,352,0.9772727272727273,3.277755327854344,3.2032325772309314,3.370842332254916,1.0,0.6765525800760548,-0.13885539833478341,0.6630925245374855
mango_population,popfold1,106600,CQR,0.1,0,19,6.476827144622803,1200,0.9266666666666666,3.325401630882208,3.317911856759446,3.687172601534679,1.0,0.7479594615277774,-0.5092554801544672,0.5480442553082545
mango_population,popfold1,107600,CQR,0.1,0,19,6.476827144622803,960,0.928125,3.3484069579634825,3.3161548777839904,3.729450043046587,1.0,0.8540508125638644,0.5921852304112043,0.6157226275762133
mango_population,popfold1,107700,CQR,0.1,0,19,6.476827144622803,384,0.9791666666666666,3.8204521982073287,3.7972156142726323,3.908806367890481,1.0,0.45385952279743313,-0.025902921313201367,0.4537109014980508
mango_population,popfold1,109300,CQR,0.1,0,19,6.476827144622803,160,0.88125,3.1300865909546767,3.0283441787903236,3.9528298352231652,1.0,0.8531942629048006,-0.13800093237141833,0.8446032557008131
mango_population,popfold1,109700,CQR,0.1,0,19,6.476827144622803,312,0.9615384615384616,3.2258338959948816,3.1381871807303314,3.9821733075487704,1.0,1.0119141565010847,0.33611627800749105,0.9559944328921037
mango_population,popfold1,110000,CQR,0.1,0,19,6.476827144622803,880,0.5295454545454545,3.9722001289940043,3.8770539350907356,9.589747926646867,1.0,1.209649254506577,-0.8300483367277017,0.8804271304839371
mango_population,popfold1,110804,CQR,0.1,0,19,6.476827144622803,80,0.8375,3.6966341291850613,3.6704820633421322,6.218104212903373,1.0,1.3993423559035156,-1.1791622370991774,0.7582360927035485
mango_population,popfold1,111000,CQR,0.1,0,19,6.476827144622803,240,0.9833333333333333,3.0453410644825585,2.9104534685041124,3.0772897284224916,1.0,0.6780621528704313,0.4107058125151294,0.5406542003967036
mango_population,popfold1,112500,CQR,0.1,0,19,6.476827144622803,448,0.8772321428571429,3.1392251134758715,3.0520984250942336,4.097715197836585,1.0,0.996627581911885,0.4915190670337622,0.8679614879352949
mango_population,popfold1,113200,CQR,0.1,0,19,6.476827144622803,120,0.9583333333333334,2.7504794635689325,2.6584017768411625,2.8707565722110844,1.0,0.7286920450255985,-0.03656720974577568,0.7308254357007726
mango_population,popfold1,113300,CQR,0.1,0,19,6.476827144622803,120,0.925,3.3881256848889496,3.268587892736588,3.8639088804854578,1.0,0.8540695045689437,0.39646321386111333,0.7596449670665043
mango_population,popfold1,114900,CQR,0.1,0,19,6.476827144622803,160,0.98125,3.7815274123921427,3.8014545792975536,3.796361701365035,1.0,0.5260149081650315,0.1790738770726504,0.4961479087256805
mango_population,popfold1,200200,CQR,0.1,0,19,6.476827144622803,414,0.9734299516908212,2.7466797015634197,2.72030029819331,2.873708776501732,1.0,0.6003115824222703,0.23844691099415757,0.5515904049014226
mango_population,popfold1,200400,CQR,0.1,0,19,6.476827144622803,196,0.34183673469387754,4.369326008899389,4.467352279429075,18.453725307987675,1.0,1.055944910284128,-0.8424267699601097,0.6382910315982919
mango_population,popfold1,100700,SCP,0.1,0,19,0.00038242340087890625,780,0.5769230769230769,3.587737703005395,3.587737703005395,11.514633264408511,1.0,2.0624214377502743,1.7152484895496896,1.1459443183840317
mango_population,popfold1,101800,SCP,0.1,0,19,0.00038242340087890625,80,0.9875,3.587737703005395,3.587737703005395,3.677990258212497,1.0,0.8598883252180591,0.7005902783044405,0.5017248161905016
mango_population,popfold1,102300,SCP,0.1,0,19,0.00038242340087890625,160,0.60625,3.587737703005395,3.587737703005395,7.85660244302035,1.0,1.8057231574270505,-1.6589417987834711,0.7153646944427873
mango_population,popfold1,103102,SCP,0.1,0,19,0.00038242340087890625,240,0.9875,3.587737703005395,3.587737703005395,3.6474934749993415,1.0,0.8195978060419032,-0.6426185639039019,0.5097692758877467
mango_population,popfold1,103200,SCP,0.1,0,19,0.00038242340087890625,240,0.9666666666666667,3.5877377030053954,3.587737703005395,3.756162731196502,1.0,0.8033768040775074,-0.16636156914610936,0.7876057363665679
mango_population,popfold1,103700,SCP,0.1,0,19,0.00038242340087890625,352,0.9886363636363636,3.5877377030053945,3.587737703005395,3.6517900388432953,1.0,0.6765525800760548,-0.13885539833478341,0.6630925245374855
mango_population,popfold1,106600,SCP,0.1,0,19,0.00038242340087890625,1200,0.9916666666666667,3.587737703005395,3.587737703005395,3.618045620248594,1.0,0.7479594615277774,-0.5092554801544672,0.5480442553082545
mango_population,popfold1,107600,SCP,0.1,0,19,0.00038242340087890625,960,0.9635416666666666,3.587737703005395,3.587737703005395,3.882255135194407,1.0,0.8540508125638644,0.5921852304112043,0.6157226275762133
mango_population,popfold1,107700,SCP,0.1,0,19,0.00038242340087890625,384,1.0,3.587737703005395,3.587737703005395,3.587737703005395,1.0,0.45385952279743313,-0.025902921313201367,0.4537109014980508
mango_population,popfold1,109300,SCP,0.1,0,19,0.00038242340087890625,160,0.975,3.587737703005395,3.587737703005395,3.7661347356935324,1.0,0.8531942629048006,-0.13800093237141833,0.8446032557008131
mango_population,popfold1,109700,SCP,0.1,0,19,0.00038242340087890625,312,0.9615384615384616,3.587737703005395,3.587737703005395,4.844303696698248,1.0,1.0119141565010847,0.33611627800749105,0.9559944328921037
mango_population,popfold1,110000,SCP,0.1,0,19,0.00038242340087890625,880,0.8818181818181818,3.587737703005395,3.587737703005395,4.748108872984626,1.0,1.209649254506577,-0.8300483367277017,0.8804271304839371
mango_population,popfold1,110804,SCP,0.1,0,19,0.00038242340087890625,80,0.825,3.587737703005395,3.587737703005395,5.401875534423349,1.0,1.3993423559035156,-1.1791622370991774,0.7582360927035485
mango_population,popfold1,111000,SCP,0.1,0,19,0.00038242340087890625,240,0.9916666666666667,3.587737703005395,3.587737703005395,3.6582416993191416,1.0,0.6780621528704313,0.4107058125151294,0.5406542003967036
mango_population,popfold1,112500,SCP,0.1,0,19,0.00038242340087890625,448,0.9241071428571429,3.587737703005395,3.587737703005395,4.182659658909781,1.0,0.996627581911885,0.4915190670337622,0.8679614879352949
mango_population,popfold1,113200,SCP,0.1,0,19,0.00038242340087890625,120,1.0,3.5877377030053954,3.587737703005395,3.5877377030053954,1.0,0.7286920450255985,-0.03656720974577568,0.7308254357007726
mango_population,popfold1,113300,SCP,0.1,0,19,0.00038242340087890625,120,0.9583333333333334,3.587737703005395,3.587737703005395,3.6724940730902964,1.0,0.8540695045689437,0.39646321386111333,0.7596449670665043
mango_population,popfold1,114900,SCP,0.1,0,19,0.00038242340087890625,160,1.0,3.587737703005395,3.587737703005395,3.587737703005395,1.0,0.5260149081650315,0.1790738770726504,0.4961479087256805
mango_population,popfold1,200200,SCP,0.1,0,19,0.00038242340087890625,414,1.0,3.587737703005395,3.587737703005395,3.587737703005395,1.0,0.6003115824222703,0.23844691099415757,0.5515904049014226
mango_population,popfold1,200400,SCP,0.1,0,19,0.00038242340087890625,196,0.9336734693877551,3.5877377030053954,3.587737703005395,3.983456454464639,1.0,1.055944910284128,-0.8424267699601097,0.6382910315982919
mango_population,popfold2,101400,GC-D,0.1,0,19,0.14234590530395508,400,0.925,3.541200074816666,3.535722394303015,3.7934134154058294,1.0,1.0024410644202002,-0.7606971828059524,0.6536789150776044
mango_population,popfold2,102000,GC-D,0.1,0,19,0.14234590530395508,80,0.9375,3.8502514951468867,3.8296320827017745,4.326608977334921,1.0,1.1057647397871464,-0.8630921487329626,0.6955828828314818
mango_population,popfold2,102200,GC-D,0.1,0,19,0.14234590530395508,80,0.9875,3.592552255697072,3.5819590538878474,3.618182621995681,1.0,0.7743880024603076,-0.12432152406943879,0.76916587205998
mango_population,popfold2,102504,GC-D,0.1,0,19,0.14234590530395508,1200,0.9983333333333333,3.8697806118630296,3.869247040921321,3.8754323800293347,1.0,0.7211652037139813,0.21758849577749062,0.6878435661757633
mango_population,popfold2,103107,GC-D,0.1,0,19,0.14234590530395508,420,0.9785714285714285,3.839266335051747,3.7786487675417666,4.016350203365603,1.0,0.8440072226665291,-0.43065199004624605,0.7267355381348582
mango_population,popfold2,103109,GC-D,0.1,0,19,0.14234590530395508,360,0.9333333333333333,4.044083903370715,3.865276612629435,4.747463273852403,1.0,1.250982439929696,0.6639117960211056,1.0617483730589898
mango_population,popfold2,103600,GC-D,0.1,0,19,0.14234590530395508,320,0.96875,3.4841294811646697,3.4815723964570493,3.632097315247763,1.0,0.7672584165737809,-0.1228934331541816,0.7585385598138026
mango_population,popfold2,103800,GC-D,0.1,0,19,0.14234590530395508,320,0.7625,3.4362080212482113,3.41528230297759,5.2740881342658845,1.0,1.4030433444075854,-1.2313437524165731,0.6736030958246457
mango_population,popfold2,104300,GC-D,0.1,0,19,0.14234590530395508,200,0.9,3.9607587667843758,3.7965020139689933,4.75475871158514,1.0,1.1291123293433574,-0.4742139693123194,1.0272741721214331
mango_population,popfold2,104301,GC-D,0.1,0,19,0.14234590530395508,768,0.9348958333333334,3.7184652909866784,3.724209505664388,4.337548577293566,1.0,0.9827168400851567,-0.5081820362369118,0.8416684675277417
mango_population,popfold2,104302,GC-D,0.1,0,19,0.14234590530395508,600,0.9483333333333334,3.802989781328672,3.812285125968793,4.080023632393954,1.0,0.9106867887566072,-0.43016754019637715,0.8033566774244739
mango_population,popfold2,104800,GC-D,0.1,0,19,0.14234590530395508,400,0.9725,3.6889354050551297,3.6726384198122775,3.7903840427305213,1.0,0.7848328797125631,0.5241940884383773,0.5848404077014293
mango_population,popfold2,104900,GC-D,0.1,0,19,0.14234590530395508,400,0.9925,3.5902456449112843,3.5756849955961734,3.6037460164365225,1.0,0.6580517366628007,0.2181784010722966,0.6216078056867456
mango_population,popfold2,105400,GC-D,0.1,0,19,0.14234590530395508,380,0.9736842105263158,3.5658772222061987,3.5706209742179666,4.0040760651282525,1.0,0.8231532408520444,0.07431970906261351,0.8208721450081032
mango_population,popfold2,105900,GC-D,0.1,0,19,0.14234590530395508,240,0.9875,3.41134161952239,3.3953051360605473,3.465902261299573,1.0,0.6767080079856193,-0.24266176585726631,0.6330234249471189
mango_population,popfold2,107202,GC-D,0.1,0,19,0.14234590530395508,288,0.9722222222222222,3.7975561154284727,3.7684093430334116,3.960186245996355,1.0,0.9075916752212017,-0.29980682049956836,0.8581348658290766
mango_population,popfold2,107800,GC-D,0.1,0,19,0.14234590530395508,400,0.87,3.846793847465705,3.779321001868909,5.2491540114065405,1.0,1.2092573453891782,-0.8089972942005901,0.8999174038143869
mango_population,popfold2,110600,GC-D,0.1,0,19,0.14234590530395508,648,0.9907407407407407,3.815162970519131,3.8057838502024772,3.8501286301418047,1.0,0.88765069576842,-0.3675737633408498,0.808592772159142
mango_population,popfold2,112200,GC-D,0.1,0,19,0.14234590530395508,480,0.8208333333333333,4.132235138880147,4.1284479174005675,6.809525324335669,1.0,1.4743375761450819,0.9595926807523022,1.1204770124126902
mango_population,popfold2,200700,GC-D,0.1,0,19,0.14234590530395508,172,0.9593023255813954,3.8765615828415996,3.782062694333109,4.060611916241283,1.0,0.9432154365777792,0.0064310416957157205,0.9459473677550616
mango_population,popfold2,101400,GC-D2,0.1,0,19,0.15091204643249512,400,0.9225,3.536302317536715,3.511648026957033,3.803470390514455,1.0,1.0024410644202002,-0.7606971828059524,0.6536789150776044
mango_population,popfold2,102000,GC-D2,0.1,0,19,0.15091204643249512,80,0.925,3.857412866760864,3.848370451380071,4.383014702206277,1.0,1.1057647397871464,-0.8630921487329626,0.6955828828314818
mango_population,popfold2,102200,GC-D2,0.1,0,19,0.15091204643249512,80,0.9875,3.630149006067979,3.6240619067966087,3.653011117704968,1.0,0.7743880024603076,-0.12432152406943879,0.76916587205998
mango_population,popfold2,102504,GC-D2,0.1,0,19,0.15091204643249512,1200,0.9925,3.681664580675259,3.68013957302969,3.6987277425875043,1.0,0.7211652037139813,0.21758849577749062,0.6878435661757633
mango_population,popfold2,103107,GC-D2,0.1,0,19,0.15091204643249512,420,0.9761904761904762,3.7007579405627764,3.6540391463734245,3.8962152233077036,1.0,0.8440072226665291,-0.43065199004624605,0.7267355381348582
mango_population,popfold2,103109,GC-D2,0.1,0,19,0.15091204643249512,360,0.9416666666666667,3.8380236497119693,3.6247283677019553,4.414777336078182,1.0,1.250982439929696,0.6639117960211056,1.0617483730589898
mango_population,popfold2,103600,GC-D2,0.1,0,19,0.15091204643249512,320,0.96875,3.408307371948523,3.4150800005606428,3.574090666629958,1.0,0.7672584165737809,-0.1228934331541816,0.7585385598138026
mango_population,popfold2,103800,GC-D2,0.1,0,19,0.15091204643249512,320,0.740625,3.371738977938688,3.355259377671019,5.462495214502911,1.0,1.4030433444075854,-1.2313437524165731,0.6736030958246457
mango_population,popfold2,104300,GC-D2,0.1,0,19,0.15091204643249512,200,0.91,4.111198413060732,3.9009424962898374,4.8707654362659305,1.0,1.1291123293433574,-0.4742139693123194,1.0272741721214331
mango_population,popfold2,104301,GC-D2,0.1,0,19,0.15091204643249512,768,0.9309895833333334,3.6845447292157125,3.6752944638565737,4.302503692087405,1.0,0.9827168400851567,-0.5081820362369118,0.8416684675277417
mango_population,popfold2,104302,GC-D2,0.1,0,19,0.15091204643249512,600,0.94,3.7049340227791263,3.7046734985324994,4.075829147800878,1.0,0.9106867887566072,-0.43016754019637715,0.8033566774244739
mango_population,popfold2,104800,GC-D2,0.1,0,19,0.15091204643249512,400,0.9725,3.6158756666297758,3.5903332857190415,3.7313517072427067,1.0,0.7848328797125631,0.5241940884383773,0.5848404077014293
mango_population,popfold2,104900,GC-D2,0.1,0,19,0.15091204643249512,400,0.9925,3.519377855993645,3.5232164599766724,3.532426544512264,1.0,0.6580517366628007,0.2181784010722966,0.6216078056867456
mango_population,popfold2,105400,GC-D2,0.1,0,19,0.15091204643249512,380,0.9736842105263158,3.355203828089442,3.382918138261034,3.830781822645046,1.0,0.8231532408520444,0.07431970906261351,0.8208721450081032
mango_population,popfold2,105900,GC-D2,0.1,0,19,0.15091204643249512,240,0.9875,3.372210775516447,3.354020675474551,3.4344566954065785,1.0,0.6767080079856193,-0.24266176585726631,0.6330234249471189
mango_population,popfold2,107202,GC-D2,0.1,0,19,0.15091204643249512,288,0.9756944444444444,3.9290896819778016,3.9179843284137306,4.0640044669414515,1.0,0.9075916752212017,-0.29980682049956836,0.8581348658290766
mango_population,popfold2,107800,GC-D2,0.1,0,19,0.15091204643249512,400,0.87,3.9485516956804445,3.8956101543511004,5.338083752828282,1.0,1.2092573453891782,-0.8089972942005901,0.8999174038143869
mango_population,popfold2,110600,GC-D2,0.1,0,19,0.15091204643249512,648,0.9722222222222222,3.561254617752661,3.56904762951501,3.653843973348871,1.0,0.88765069576842,-0.3675737633408498,0.808592772159142
mango_population,popfold2,112200,GC-D2,0.1,0,19,0.15091204643249512,480,0.8458333333333333,4.189848445048356,4.1139429870853,6.505014070853739,1.0,1.4743375761450819,0.9595926807523022,1.1204770124126902
mango_population,popfold2,200700,GC-D2,0.1,0,19,0.15091204643249512,172,0.9767441860465116,3.940763220841047,3.863495476503342,4.112403448385427,1.0,0.9432154365777792,0.0064310416957157205,0.9459473677550616
mango_population,popfold2,101400,GC-CQR,0.1,0,19,64.1514961719513,400,0.9925,3.873849604923036,3.77645295787545,3.925312198746368,1.0,1.0024410644202002,-0.7606971828059524,0.6536789150776044
mango_population,popfold2,102000,GC-CQR,0.1,0,19,64.1514961719513,80,0.9,3.605435830044102,3.546434359455379,3.8775510892709533,1.0,1.1057647397871464,-0.8630921487329626,0.6955828828314818
mango_population,popfold2,102200,GC-CQR,0.1,0,19,64.1514961719513,80,1.0,3.995652056614862,3.8648178523439904,3.995652056614862,1.0,0.7743880024603076,-0.12432152406943879,0.76916587205998
mango_population,popfold2,102504,GC-CQR,0.1,0,19,64.1514961719513,1200,0.9666666666666667,3.7396963339716103,3.7485563262801946,3.8692305052189946,1.0,0.7211652037139813,0.21758849577749062,0.6878435661757633
mango_population,popfold2,103107,GC-CQR,0.1,0,19,64.1514961719513,420,0.9428571428571428,3.3902921139448803,3.2799006629942324,3.917030596367822,1.0,0.8440072226665291,-0.43065199004624605,0.7267355381348582
mango_population,popfold2,103109,GC-CQR,0.1,0,19,64.1514961719513,360,0.8944444444444445,3.6958426801915953,3.500759280718019,4.180527393578847,1.0,1.250982439929696,0.6639117960211056,1.0617483730589898
mango_population,popfold2,103600,GC-CQR,0.1,0,19,64.1514961719513,320,0.99375,4.52377433508554,4.52667513893559,4.532489746927398,1.0,0.7672584165737809,-0.1228934331541816,0.7585385598138026
mango_population,popfold2,103800,GC-CQR,0.1,0,19,64.1514961719513,320,0.85,3.4711280710651105,3.442000834936037,4.724846829115233,1.0,1.4030433444075854,-1.2313437524165731,0.6736030958246457
mango_population,popfold2,104300,GC-CQR,0.1,0,19,64.1514961719513,200,0.9,3.9996844266304676,3.9643366184933244,4.714955381260761,1.0,1.1291123293433574,-0.4742139693123194,1.0272741721214331
mango_population,popfold2,104301,GC-CQR,0.1,0,19,64.1514961719513,768,0.9075520833333334,3.449665489713812,3.3778282867601748,4.149989411575387,1.0,0.9827168400851567,-0.5081820362369118,0.8416684675277417
mango_population,popfold2,104302,GC-CQR,0.1,0,19,64.1514961719513,600,0.98,3.5782317908077736,3.547402157676574,3.68700344876514,1.0,0.9106867887566072,-0.43016754019637715,0.8033566774244739
mango_population,popfold2,104800,GC-CQR,0.1,0,19,64.1514961719513,400,0.715,3.6853877454186144,3.653304748328302,6.750293905555437,1.0,0.7848328797125631,0.5241940884383773,0.5848404077014293
mango_population,popfold2,104900,GC-CQR,0.1,0,19,64.1514961719513,400,0.9775,3.89330343522451,3.8407689022180875,4.013807601985679,1.0,0.6580517366628007,0.2181784010722966,0.6216078056867456
mango_population,popfold2,105400,GC-CQR,0.1,0,19,64.1514961719513,380,0.9605263157894737,3.543505393170332,3.443641700598639,4.1267964471526515,1.0,0.8231532408520444,0.07431970906261351,0.8208721450081032
mango_population,popfold2,105900,GC-CQR,0.1,0,19,64.1514961719513,240,1.0,3.5523520903553387,3.5130364657189537,3.5523520903553387,1.0,0.6767080079856193,-0.24266176585726631,0.6330234249471189
mango_population,popfold2,107202,GC-CQR,0.1,0,19,64.1514961719513,288,0.9305555555555556,3.5770641948020026,3.498287691300538,3.9821618276016135,1.0,0.9075916752212017,-0.29980682049956836,0.8581348658290766
mango_population,popfold2,107800,GC-CQR,0.1,0,19,64.1514961719513,400,0.95,3.493782016120792,3.1116891989261166,3.6343496560922004,1.0,1.2092573453891782,-0.8089972942005901,0.8999174038143869
mango_population,popfold2,110600,GC-CQR,0.1,0,19,64.1514961719513,648,0.9907407407407407,4.381706391092072,4.3734315912276935,4.413111418452885,1.0,0.88765069576842,-0.3675737633408498,0.808592772159142
mango_population,popfold2,112200,GC-CQR,0.1,0,19,64.1514961719513,480,0.9375,4.012165934036305,3.9531124188150386,4.656319092504234,1.0,1.4743375761450819,0.9595926807523022,1.1204770124126902
mango_population,popfold2,200700,GC-CQR,0.1,0,19,64.1514961719513,172,0.8953488372093024,3.8964808445877703,3.7786587244875705,5.365640703864667,1.0,0.9432154365777792,0.0064310416957157205,0.9459473677550616
mango_population,popfold2,101400,CQR,0.1,0,19,6.113797426223755,400,0.96,3.315321990993066,3.240252621000619,3.4655978796152294,1.0,1.0024410644202002,-0.7606971828059524,0.6536789150776044
mango_population,popfold2,102000,CQR,0.1,0,19,6.113797426223755,80,0.875,2.9385474839885335,2.929394782910702,3.7062980414701157,1.0,1.1057647397871464,-0.8630921487329626,0.6955828828314818
mango_population,popfold2,102200,CQR,0.1,0,19,6.113797426223755,80,1.0,3.5924833346189424,3.4872166758233867,3.5924833346189424,1.0,0.7743880024603076,-0.12432152406943879,0.76916587205998
mango_population,popfold2,102504,CQR,0.1,0,19,6.113797426223755,1200,0.91,3.2013349733049767,3.1784188404090026,3.6788729466107974,1.0,0.7211652037139813,0.21758849577749062,0.6878435661757633
mango_population,popfold2,103107,CQR,0.1,0,19,6.113797426223755,420,0.9095238095238095,3.0102600538068476,2.9152933018468143,3.7973386516694356,1.0,0.8440072226665291,-0.43065199004624605,0.7267355381348582
mango_population,popfold2,103109,CQR,0.1,0,19,6.113797426223755,360,0.8527777777777777,3.3336853952907033,3.113607238953259,4.183069344263897,1.0,1.250982439929696,0.6639117960211056,1.0617483730589898
mango_population,popfold2,103600,CQR,0.1,0,19,6.113797426223755,320,0.9875,3.9398192207061626,3.915137906689816,3.9731789797750223,1.0,0.7672584165737809,-0.1228934331541816,0.7585385598138026
mango_population,popfold2,103800,CQR,0.1,0,19,6.113797426223755,320,0.740625,3.0259592477332498,3.0024862229920464,5.234596371929713,1.0,1.4030433444075854,-1.2313437524165731,0.6736030958246457
mango_population,popfold2,104300,CQR,0.1,0,19,6.113797426223755,200,0.86,3.4037398334573266,3.4358176488826793,5.032551293163168,1.0,1.1291123293433574,-0.4742139693123194,1.0272741721214331
mango_population,popfold2,104301,CQR,0.1,0,19,6.113797426223755,768,0.85546875,2.9722951106043265,2.9116161121974677,4.300788259702016,1.0,0.9827168400851567,-0.5081820362369118,0.8416684675277417
mango_population,popfold2,104302,CQR,0.1,0,19,6.113797426223755,600,0.935,3.165852044889441,3.1224837698890546,3.498404357705356,1.0,0.9106867887566072,-0.43016754019637715,0.8033566774244739
mango_population,popfold2,104800,CQR,0.1,0,19,6.113797426223755,400,0.6675,3.318770683621857,3.282802852264493,7.1854228565302005,1.0,0.7848328797125631,0.5241940884383773,0.5848404077014293
mango_population,popfold2,104900,CQR,0.1,0,19,6.113797426223755,400,0.9725,3.410863627822772,3.3542039118785096,3.646598061706278,1.0,0.6580517366628007,0.2181784010722966,0.6216078056867456
mango_population,popfold2,105400,CQR,0.1,0,19,6.113797426223755,380,0.9421052631578948,3.040180997753751,2.9495802627940373,3.9462678872791632,1.0,0.8231532408520444,0.07431970906261351,0.8208721450081032
mango_population,popfold2,105900,CQR,0.1,0,19,6.113797426223755,240,0.9916666666666667,3.1355917541616196,3.1200320990655026,3.1460148234945793,1.0,0.6767080079856193,-0.24266176585726631,0.6330234249471189
mango_population,popfold2,107202,CQR,0.1,0,19,6.113797426223755,288,0.8888888888888888,3.2048383096571342,3.114561099710693,4.116265642086183,1.0,0.9075916752212017,-0.29980682049956836,0.8581348658290766
mango_population,popfold2,107800,CQR,0.1,0,19,6.113797426223755,400,0.9025,2.9888837493142195,2.617400593796649,3.566423580608639,1.0,1.2092573453891782,-0.8089972942005901,0.8999174038143869
mango_population,popfold2,110600,CQR,0.1,0,19,6.113797426223755,648,0.9830246913580247,3.865248544679434,3.875633397029243,3.950978391260071,1.0,0.88765069576842,-0.3675737633408498,0.808592772159142
mango_population,popfold2,112200,CQR,0.1,0,19,6.113797426223755,480,0.9145833333333333,3.639030329900871,3.559711336495009,4.578856739311948,1.0,1.4743375761450819,0.9595926807523022,1.1204770124126902
mango_population,popfold2,200700,CQR,0.1,0,19,6.113797426223755,172,0.8546511627906976,3.3842430551219316,3.2356982550276276,5.704827495660397,1.0,0.9432154365777792,0.0064310416957157205,0.9459473677550616
mango_population,popfold2,101400,SCP,0.1,0,19,0.00036644935607910156,400,0.95,3.6787626994886047,3.6787626994886047,3.8624111999702304,1.0,1.0024410644202002,-0.7606971828059524,0.6536789150776044
mango_population,popfold2,102000,SCP,0.1,0,19,0.00036644935607910156,80,0.925,3.678762699488604,3.6787626994886047,4.181484343568501,1.0,1.1057647397871464,-0.8630921487329626,0.6955828828314818
mango_population,popfold2,102200,SCP,0.1,0,19,0.00036644935607910156,80,0.9875,3.6787626994886047,3.6787626994886047,3.6797004707611274,1.0,0.7743880024603076,-0.12432152406943879,0.76916587205998
mango_population,popfold2,102504,SCP,0.1,0,19,0.00036644935607910156,1200,0.995,3.678762699488604,3.6787626994886047,3.689386541393216,1.0,0.7211652037139813,0.21758849577749062,0.6878435661757633
mango_population,popfold2,103107,SCP,0.1,0,19,0.00036644935607910156,420,0.9761904761904762,3.6787626994886047,3.6787626994886047,3.8777921519524163,1.0,0.8440072226665291,-0.43065199004624605,0.7267355381348582
mango_population,popfold2,103109,SCP,0.1,0,19,0.00036644935607910156,360,0.9,3.6787626994886042,3.6787626994886047,6.88240587407542,1.0,1.250982439929696,0.6639117960211056,1.0617483730589898
mango_population,popfold2,103600,SCP,0.1,0,19,0.00036644935607910156,320,0.984375,3.6787626994886047,3.6787626994886047,3.7577185089603544,1.0,0.7672584165737809,-0.1228934331541816,0.7585385598138026
mango_population,popfold2,103800,SCP,0.1,0,19,0.00036644935607910156,320,0.815625,3.6787626994886047,3.6787626994886047,4.925532981510846,1.0,1.4030433444075854,-1.2313437524165731,0.6736030958246457
mango_population,popfold2,104300,SCP,0.1,0,19,0.00036644935607910156,200,0.91,3.6787626994886047,3.678762699488603,4.412118702723332,1.0,1.1291123293433574,-0.4742139693123194,1.0272741721214331
mango_population,popfold2,104301,SCP,0.1,0,19,0.00036644935607910156,768,0.9388020833333334,3.6787626994886047,3.6787626994886047,4.266397482929542,1.0,0.9827168400851567,-0.5081820362369118,0.8416684675277417
mango_population,popfold2,104302,SCP,0.1,0,19,0.00036644935607910156,600,0.9433333333333334,3.6787626994886047,3.6787626994886047,4.041583453782636,1.0,0.9106867887566072,-0.43016754019637715,0.8033566774244739
mango_population,popfold2,104800,SCP,0.1,0,19,0.00036644935607910156,400,0.975,3.6787626994886047,3.6787626994886047,3.8087697750841674,1.0,0.7848328797125631,0.5241940884383773,0.5848404077014293
mango_population,popfold2,104900,SCP,0.1,0,19,0.00036644935607910156,400,0.9925,3.6787626994886047,3.6787626994886047,3.692271696007213,1.0,0.6580517366628007,0.2181784010722966,0.6216078056867456
mango_population,popfold2,105400,SCP,0.1,0,19,0.00036644935607910156,380,0.9736842105263158,3.6787626994886042,3.6787626994886047,4.121260489579965,1.0,0.8231532408520444,0.07431970906261351,0.8208721450081032
mango_population,popfold2,105900,SCP,0.1,0,19,0.00036644935607910156,240,0.9958333333333333,3.678762699488605,3.6787626994886047,3.688291665402962,1.0,0.6767080079856193,-0.24266176585726631,0.6330234249471189
mango_population,popfold2,107202,SCP,0.1,0,19,0.00036644935607910156,288,0.9583333333333334,3.6787626994886042,3.678762699488603,3.9079097045329343,1.0,0.9075916752212017,-0.29980682049956836,0.8581348658290766
mango_population,popfold2,107800,SCP,0.1,0,19,0.00036644935607910156,400,0.855,3.6787626994886047,3.6787626994886047,5.4710702869883425,1.0,1.2092573453891782,-0.8089972942005901,0.8999174038143869
mango_population,popfold2,110600,SCP,0.1,0,19,0.00036644935607910156,648,0.9737654320987654,3.6787626994886042,3.6787626994886047,3.804591699475117,1.0,0.88765069576842,-0.3675737633408498,0.808592772159142
mango_population,popfold2,112200,SCP,0.1,0,19,0.00036644935607910156,480,0.8041666666666667,3.6787626994886042,3.6787626994886047,6.741265770531377,1.0,1.4743375761450819,0.9595926807523022,1.1204770124126902
mango_population,popfold2,200700,SCP,0.1,0,19,0.00036644935607910156,172,0.9534883720930233,3.6787626994886042,3.6787626994886047,4.099641138121359,1.0,0.9432154365777792,0.0064310416957157205,0.9459473677550616
mango_population,popfold3,100200,GC-D,0.1,0,20,0.11990022659301758,1040,0.9451923076923077,3.562437717569084,3.558954780007914,4.026889101421514,1.0,0.9087794337806337,0.1767446390671309,0.8918554846401949
mango_population,popfold3,101500,GC-D,0.1,0,20,0.11990022659301758,80,0.975,3.5115539685497468,3.477522340906667,3.548206429250514,1.0,0.9161512335065813,0.5525797093970203,0.7353557633224062
mango_population,popfold3,103100,GC-D,0.1,0,20,0.11990022659301758,696,0.9612068965517241,3.88397653904528,3.637167348499591,4.251609762855779,1.0,1.0977473439359622,-0.5122247223359334,0.9716127993940067
mango_population,popfold3,103500,GC-D,0.1,0,20,0.11990022659301758,352,0.8664772727272727,3.270469759816348,3.250305577609507,4.028266893177985,1.0,1.1173046542436096,-0.9377881474861153,0.6082549989415102
mango_population,popfold3,104303,GC-D,0.1,0,20,0.11990022659301758,1416,0.9463276836158192,3.7134052045399586,3.6831308753510728,4.127266437775473,1.0,0.947129973170845,-0.5828351503088564,0.7468281371819236
mango_population,popfold3,105800,GC-D,0.1,0,20,0.11990022659301758,240,1.0,3.2956928958553835,3.214087328639672,3.2956928958553835,1.0,0.6427849853494728,0.49174023894592195,0.4148265653127434
mango_population,popfold3,106500,GC-D,0.1,0,20,0.11990022659301758,1200,0.9716666666666667,3.5110844365326352,3.4904447860760293,3.7195269570545064,1.0,0.7627899343646306,-0.29321327182982765,0.7044771355785598
mango_population,popfold3,107100,GC-D,0.1,0,20,0.11990022659301758,400,0.99,3.381188741548553,3.3955014795924576,3.4337933933397573,1.0,0.7728127231499039,0.4280731127840741,0.6442286018194388
mango_population,popfold3,108500,GC-D,0.1,0,20,0.11990022659301758,400,1.0,3.645237632611004,3.6504831748995157,3.645237632611004,1.0,0.5916424539090926,-0.1980524939674927,0.5582069422506057
mango_population,popfold3,108700,GC-D,0.1,0,20,0.11990022659301758,480,0.9520833333333333,3.5677069252414624,3.5520917084062633,3.8038957966373688,1.0,1.0076377081506784,0.770573378823089,0.6499465226008897
mango_population,popfold3,111300,GC-D,0.1,0,20,0.11990022659301758,1200,0.8583333333333333,3.799387904138239,3.727254407718636,5.637637658217346,1.0,1.313754250280777,-0.07392830135639765,1.3122194060181551
mango_population,popfold3,111500,GC-D,0.1,0,20,0.11990022659301758,480,0.90625,3.8683316555665073,3.87041189919215,5.018655269190293,1.0,1.206696442594802,-0.4789610825377609,1.1087261035056308
mango_population,popfold3,112000,GC-D,0.1,0,20,0.11990022659301758,480,0.8291666666666667,3.9822498061674962,3.9736480994235777,6.129737502871302,1.0,1.3824222539641693,0.881562256701934,1.0659768201942523
mango_population,popfold3,112700,GC-D,0.1,0,20,0.11990022659301758,1440,0.9291666666666667,4.451198325299097,4.448141680018244,5.464729737946328,1.0,1.296447146773921,0.1290584069069542,1.2904555681445469
mango_population,popfold3,113400,GC-D,0.1,0,20,0.11990022659301758,80,1.0,3.642479999505132,3.556334565402441,3.642479999505132,1.0,0.6371723002111872,0.1288974831433657,0.6279353179587612
mango_population,popfold3,114300,GC-D,0.1,0,20,0.11990022659301758,80,0.9625,3.94210094497583,3.93122285565419,4.433986576634491,1.0,1.0421500209694248,-0.362326693661406,0.9833016114115356
mango_population,popfold3,114600,GC-D,0.1,0,20,0.11990022659301758,80,0.35,3.5957512649735315,3.5897610965399593,14.103856919929001,1.0,2.314846705283424,2.165196721172216,0.8239690467251309
mango_population,popfold3,121600,GC-D,0.1,0,20,0.11990022659301758,400,0.7125,3.9804564441818058,3.8003871344613653,6.423396169667284,1.0,1.5705142304812352,1.281394170332829,0.9091812000461736
mango_population,popfold3,121900,GC-D,0.1,0,20,0.11990022659301758,48,1.0,3.577946970545644,3.580071485436493,3.577946970545644,1.0,0.6712943578181088,0.40917444804789255,0.5378086847084909
mango_population,popfold3,122200,GC-D,0.1,0,20,0.11990022659301758,72,0.8472222222222222,3.9440493401263788,3.897654264021458,6.143654511881193,1.0,1.5285924594807554,1.3265639634953654,0.7648184261313838
mango_population,popfold3,100200,GC-D2,0.1,0,20,0.13669610023498535,1040,0.925,3.3117271679330447,3.328470774839632,3.9173365608747446,1.0,0.9087794337806337,0.1767446390671309,0.8918554846401949
mango_population,popfold3,101500,GC-D2,0.1,0,20,0.13669610023498535,80,0.975,3.4990142655299885,3.2919202828460445,3.5532045675817523,1.0,0.9161512335065813,0.5525797093970203,0.7353557633224062
mango_population,popfold3,103100,GC-D2,0.1,0,20,0.13669610023498535,696,0.9324712643678161,3.5610552789047434,3.305379666605136,4.107543614145107,1.0,1.0977473439359622,-0.5122247223359334,0.9716127993940067
mango_population,popfold3,103500,GC-D2,0.1,0,20,0.13669610023498535,352,0.8664772727272727,3.2526691719376246,3.239218841918783,3.964113733855244,1.0,1.1173046542436096,-0.9377881474861153,0.6082549989415102
mango_population,popfold3,104303,GC-D2,0.1,0,20,0.13669610023498535,1416,0.9307909604519774,3.5696226402067928,3.5234437621357717,4.065700117251236,1.0,0.947129973170845,-0.5828351503088564,0.7468281371819236
mango_population,popfold3,105800,GC-D2,0.1,0,20,0.13669610023498535,240,1.0,3.1715829358349805,3.0849369146733387,3.1715829358349805,1.0,0.6427849853494728,0.49174023894592195,0.4148265653127434
mango_population,popfold3,106500,GC-D2,0.1,0,20,0.13669610023498535,1200,0.9808333333333333,3.7583044469939524,3.7293655845227116,3.9217801300680564,1.0,0.7627899343646306,-0.29321327182982765,0.7044771355785598
mango_population,popfold3,107100,GC-D2,0.1,0,20,0.13669610023498535,400,0.99,3.4845603543893127,3.4815867944407293,3.5126936332580865,1.0,0.7728127231499039,0.4280731127840741,0.6442286018194388
mango_population,popfold3,108500,GC-D2,0.1,0,20,0.13669610023498535,400,1.0,3.612651198625847,3.6335327532832924,3.612651198625847,1.0,0.5916424539090926,-0.1980524939674927,0.5582069422506057
mango_population,popfold3,108700,GC-D2,0.1,0,20,0.13669610023498535,480,0.9604166666666667,3.545483896406219,3.55306654107164,3.7395278332807744,1.0,1.0076377081506784,0.770573378823089,0.6499465226008897
mango_population,popfold3,111300,GC-D2,0.1,0,20,0.13669610023498535,1200,0.9025,4.054622598527911,3.957727530991498,5.254573494338501,1.0,1.313754250280777,-0.07392830135639765,1.3122194060181551
mango_population,popfold3,111500,GC-D2,0.1,0,20,0.13669610023498535,480,0.9229166666666667,4.0705110796016735,4.055942399484525,5.03041012466877,1.0,1.206696442594802,-0.4789610825377609,1.1087261035056308
mango_population,popfold3,112000,GC-D2,0.1,0,20,0.13669610023498535,480,0.8333333333333334,3.9714250875295742,3.9473651582753346,5.776606159646873,1.0,1.3824222539641693,0.881562256701934,1.0659768201942523
mango_population,popfold3,112700,GC-D2,0.1,0,20,0.13669610023498535,1440,0.9229166666666667,4.403249366672955,4.352953374416961,5.44471798984403,1.0,1.296447146773921,0.1290584069069542,1.2904555681445469
mango_population,popfold3,113400,GC-D2,0.1,0,20,0.13669610023498535,80,1.0,3.2917198536235164,3.212889308292949,3.2917198536235164,1.0,0.6371723002111872,0.1288974831433657,0.6279353179587612
mango_population,popfold3,114300,GC-D2,0.1,0,20,0.13669610023498535,80,0.9625,3.6673676473132657,3.666523042214642,4.278296241422106,1.0,1.0421500209694248,-0.362326693661406,0.9833016114115356
mango_population,popfold3,114600,GC-D2,0.1,0,20,0.13669610023498535,80,0.2625,3.27808776581812,3.2789294868545937,15.94904253181036,1.0,2.314846705283424,2.165196721172216,0.8239690467251309
mango_population,popfold3,121600,GC-D2,0.1,0,20,0.13669610023498535,400,0.7025,4.0104364943742015,3.7950923214991876,6.41297811473188,1.0,1.5705142304812352,1.281394170332829,0.9091812000461736
mango_population,popfold3,121900,GC-D2,0.1,0,20,0.13669610023498535,48,1.0,3.394147132709808,3.330276787341945,3.394147132709808,1.0,0.6712943578181088,0.40917444804789255,0.5378086847084909
mango_population,popfold3,122200,GC-D2,0.1,0,20,0.13669610023498535,72,0.8055555555555556,3.614761309606204,3.5859353841406048,6.356198508784936,1.0,1.5285924594807554,1.3265639634953654,0.7648184261313838
mango_population,popfold3,100200,GC-CQR,0.1,0,20,64.96521782875061,1040,0.9682692307692308,3.8661759658617596,3.8414762148464785,4.386784462245478,1.0,0.9087794337806337,0.1767446390671309,0.8918554846401949
mango_population,popfold3,101500,GC-CQR,0.1,0,20,64.96521782875061,80,0.975,4.084107665553414,3.916244554571697,4.145068736074553,1.0,0.9161512335065813,0.5525797093970203,0.7353557633224062
mango_population,popfold3,103100,GC-CQR,0.1,0,20,64.96521782875061,696,0.9870689655172413,4.174558802763911,3.9835435115203914,4.344074201883858,1.0,1.0977473439359622,-0.5122247223359334,0.9716127993940067
mango_population,popfold3,103500,GC-CQR,0.1,0,20,64.96521782875061,352,0.9431818181818182,3.791535718061411,3.8072152123453877,4.031668314947705,1.0,1.1173046542436096,-0.9377881474861153,0.6082549989415102
mango_population,popfold3,104303,GC-CQR,0.1,0,20,64.96521782875061,1416,0.942090395480226,3.5249061538169646,3.4569242531223425,3.919264897048845,1.0,0.947129973170845,-0.5828351503088564,0.7468281371819236
mango_population,popfold3,105800,GC-CQR,0.1,0,20,64.96521782875061,240,1.0,3.4956672323003013,3.476033975585776,3.4956672323003013,1.0,0.6427849853494728,0.49174023894592195,0.4148265653127434
mango_population,popfold3,106500,GC-CQR,0.1,0,20,64.96521782875061,1200,0.99,4.1875499729533185,4.19527531500561,4.2299392261731805,1.0,0.7627899343646306,-0.29321327182982765,0.7044771355785598
mango_population,popfold3,107100,GC-CQR,0.1,0,20,64.96521782875061,400,0.985,3.713318747599393,3.651515490276358,3.7747749847125935,1.0,0.7728127231499039,0.4280731127840741,0.6442286018194388
mango_population,popfold3,108500,GC-CQR,0.1,0,20,64.96521782875061,400,0.9825,3.4669457166647466,3.4740496238770335,3.512558241198676,1.0,0.5916424539090926,-0.1980524939674927,0.5582069422506057
mango_population,popfold3,108700,GC-CQR,0.1,0,20,64.96521782875061,480,0.9416666666666667,3.342061933257772,3.3123789230405594,3.5914117172393776,1.0,1.0076377081506784,0.770573378823089,0.6499465226008897
mango_population,popfold3,111300,GC-CQR,0.1,0,20,64.96521782875061,1200,0.8466666666666667,4.029444003962047,3.868123293759661,8.952070183883682,1.0,1.313754250280777,-0.07392830135639765,1.3122194060181551
mango_population,popfold3,111500,GC-CQR,0.1,0,20,64.96521782875061,480,0.9354166666666667,4.142138044984486,4.023346948464312,4.8243028280971565,1.0,1.206696442594802,-0.4789610825377609,1.1087261035056308
mango_population,popfold3,112000,GC-CQR,0.1,0,20,64.96521782875061,480,0.8854166666666666,3.849976865912005,3.7353141062657924,4.952282783995615,1.0,1.3824222539641693,0.881562256701934,1.0659768201942523
mango_population,popfold3,112700,GC-CQR,0.1,0,20,64.96521782875061,1440,0.9875,4.855690447534198,4.736210391031697,4.914874599785202,1.0,1.296447146773921,0.1290584069069542,1.2904555681445469
mango_population,popfold3,113400,GC-CQR,0.1,0,20,64.96521782875061,80,1.0,4.253627361003541,4.038449417812977,4.253627361003541,1.0,0.6371723002111872,0.1288974831433657,0.6279353179587612
mango_population,popfold3,114300,GC-CQR,0.1,0,20,64.96521782875061,80,0.9625,3.9088250092950405,3.8722477811202696,4.055760412441489,1.0,1.0421500209694248,-0.362326693661406,0.9833016114115356
mango_population,popfold3,114600,GC-CQR,0.1,0,20,64.96521782875061,80,0.5375,4.372342831431469,4.3573210118165004,10.570124897642586,1.0,2.314846705283424,2.165196721172216,0.8239690467251309
mango_population,popfold3,121600,GC-CQR,0.1,0,20,64.96521782875061,400,0.7075,4.237565357525342,4.001733137105385,7.004049769469088,1.0,1.5705142304812352,1.281394170332829,0.9091812000461736
mango_population,popfold3,121900,GC-CQR,0.1,0,20,64.96521782875061,48,0.9791666666666666,3.3807048800459287,3.418415443480016,3.454482718370873,1.0,0.6712943578181088,0.40917444804789255,0.5378086847084909
mango_population,popfold3,122200,GC-CQR,0.1,0,20,64.96521782875061,72,0.6388888888888888,4.014092536411401,3.9984971378196885,8.129584192149162,1.0,1.5285924594807554,1.3265639634953654,0.7648184261313838
mango_population,popfold3,100200,CQR,0.1,0,20,6.468143701553345,1040,0.925,3.326699684363734,3.2948649326770356,4.194478096091044,1.0,0.9087794337806337,0.1767446390671309,0.8918554846401949
mango_population,popfold3,101500,CQR,0.1,0,20,6.468143701553345,80,0.925,3.6183331573347255,3.4003156152368943,4.042654398519521,1.0,0.9161512335065813,0.5525797093970203,0.7353557633224062
mango_population,popfold3,103100,CQR,0.1,0,20,6.468143701553345,696,0.9683908045977011,3.5464315560845416,3.267708370115529,3.8648191538311387,1.0,1.0977473439359622,-0.5122247223359334,0.9716127993940067
mango_population,popfold3,103500,CQR,0.1,0,20,6.468143701553345,352,0.8636363636363636,3.2250826114771782,3.1676765774785345,4.307306758512457,1.0,1.1173046542436096,-0.9377881474861153,0.6082549989415102
mango_population,popfold3,104303,CQR,0.1,0,20,6.468143701553345,1416,0.8877118644067796,2.909058520278546,2.8209399484175144,3.7625059112478816,1.0,0.947129973170845,-0.5828351503088564,0.7468281371819236
mango_population,popfold3,105800,CQR,0.1,0,20,6.468143701553345,240,0.9916666666666667,2.942718590747851,2.9396196968410875,2.9513928041010797,1.0,0.6427849853494728,0.49174023894592195,0.4148265653127434
mango_population,popfold3,106500,CQR,0.1,0,20,6.468143701553345,1200,0.9641666666666666,3.619666659621299,3.601145261471098,3.812065297621816,1.0,0.7627899343646306,-0.29321327182982765,0.7044771355785598
mango_population,popfold3,107100,CQR,0.1,0,20,6.468143701553345,400,0.9675,2.9996827671719815,2.953244476602407,3.1545195320857635,1.0,0.7728127231499039,0.4280731127840741,0.6442286018194388
mango_population,popfold3,108500,CQR,0.1,0,20,6.468143701553345,400,0.9025,2.876220083171329,2.8433872853318762,3.3003509074929904,1.0,0.5916424539090926,-0.1980524939674927,0.5582069422506057
mango_population,popfold3,108700,CQR,0.1,0,20,6.468143701553345,480,0.8479166666666667,2.754805543383699,2.6967105475220814,3.6401172507712034,1.0,1.0076377081506784,0.770573378823089,0.6499465226008897
mango_population,popfold3,111300,CQR,0.1,0,20,6.468143701553345,1200,0.8233333333333334,3.5121245291864844,3.3776867738742125,9.657284174469133,1.0,1.313754250280777,-0.07392830135639765,1.3122194060181551
mango_population,popfold3,111500,CQR,0.1,0,20,6.468143701553345,480,0.8625,3.543814848592224,3.417248307466627,5.1656760365187,1.0,1.206696442594802,-0.4789610825377609,1.1087261035056308
mango_population,popfold3,112000,CQR,0.1,0,20,6.468143701553345,480,0.775,3.3843714845099657,3.255842031212233,5.658604234456569,1.0,1.3824222539641693,0.881562256701934,1.0659768201942523
mango_population,popfold3,112700,CQR,0.1,0,20,6.468143701553345,1440,0.9743055555555555,4.302940142724045,4.2175085436290125,4.447699777352768,1.0,1.296447146773921,0.1290584069069542,1.2904555681445469
mango_population,popfold3,113400,CQR,0.1,0,20,6.468143701553345,80,0.975,3.541346708653638,3.3031069257588035,3.776187114557459,1.0,0.6371723002111872,0.1288974831433657,0.6279353179587612
mango_population,popfold3,114300,CQR,0.1,0,20,6.468143701553345,80,0.9625,3.235336456511908,3.2469873962643714,3.720561341885793,1.0,1.0421500209694248,-0.362326693661406,0.9833016114115356
mango_population,popfold3,114600,CQR,0.1,0,20,6.468143701553345,80,0.3375,3.745654180346876,3.766461409316496,14.272243252562385,1.0,2.314846705283424,2.165196721172216,0.8239690467251309
mango_population,popfold3,121600,CQR,0.1,0,20,6.468143701553345,400,0.6125,3.590588431371981,3.3669261633135106,8.47786297747048,1.0,1.5705142304812352,1.281394170332829,0.9091812000461736
mango_population,popfold3,121900,CQR,0.1,0,20,6.468143701553345,48,0.9166666666666666,2.822481743789268,2.800406851936587,3.104099167795534,1.0,0.6712943578181088,0.40917444804789255,0.5378086847084909
mango_population,popfold3,122200,CQR,0.1,0,20,6.468143701553345,72,0.5555555555555556,3.3027056125483814,3.2986004189788973,9.295496740624365,1.0,1.5285924594807554,1.3265639634953654,0.7648184261313838
mango_population,popfold3,100200,SCP,0.1,0,20,0.000362396240234375,1040,0.9336538461538462,3.4884758616051172,3.4884758616051172,4.023287603644347,1.0,0.9087794337806337,0.1767446390671309,0.8918554846401949
mango_population,popfold3,101500,SCP,0.1,0,20,0.000362396240234375,80,0.9875,3.4884758616051172,3.4884758616051172,3.4976633384263147,1.0,0.9161512335065813,0.5525797093970203,0.7353557633224062
mango_population,popfold3,103100,SCP,0.1,0,20,0.000362396240234375,696,0.9324712643678161,3.4884758616051177,3.4884758616051172,4.329784673597588,1.0,1.0977473439359622,-0.5122247223359334,0.9716127993940067
mango_population,popfold3,103500,SCP,0.1,0,20,0.000362396240234375,352,0.9005681818181818,3.4884758616051177,3.4884758616051172,4.075799788000856,1.0,1.1173046542436096,-0.9377881474861153,0.6082549989415102
mango_population,popfold3,104303,SCP,0.1,0,20,0.000362396240234375,1416,0.9364406779661016,3.488475861605117,3.4884758616051172,3.8981362947562963,1.0,0.947129973170845,-0.5828351503088564,0.7468281371819236
mango_population,popfold3,105800,SCP,0.1,0,20,0.000362396240234375,240,1.0,3.4884758616051177,3.4884758616051172,3.4884758616051177,1.0,0.6427849853494728,0.49174023894592195,0.4148265653127434
mango_population,popfold3,106500,SCP,0.1,0,20,0.000362396240234375,1200,0.9775,3.4884758616051172,3.4884758616051172,3.6569898167062607,1.0,0.7627899343646306,-0.29321327182982765,0.7044771355785598
mango_population,popfold3,107100,SCP,0.1,0,20,0.000362396240234375,400,0.9825,3.488475861605117,3.4884758616051172,3.5678195326414586,1.0,0.7728127231499039,0.4280731127840741,0.6442286018194388
mango_population,popfold3,108500,SCP,0.1,0,20,0.000362396240234375,400,0.9975,3.488475861605117,3.4884758616051172,3.4988768607887213,1.0,0.5916424539090926,-0.1980524939674927,0.5582069422506057
mango_population,popfold3,108700,SCP,0.1,0,20,0.000362396240234375,480,0.9416666666666667,3.4884758616051172,3.4884758616051172,3.8480508444055923,1.0,1.0076377081506784,0.770573378823089,0.6499465226008897
mango_population,popfold3,111300,SCP,0.1,0,20,0.000362396240234375,1200,0.8316666666666667,3.4884758616051172,3.4884758616051172,6.203480760294171,1.0,1.313754250280777,-0.07392830135639765,1.3122194060181551
mango_population,popfold3,111500,SCP,0.1,0,20,0.000362396240234375,480,0.8416666666666667,3.4884758616051172,3.4884758616051172,5.173958330342527,1.0,1.206696442594802,-0.4789610825377609,1.1087261035056308
mango_population,popfold3,112000,SCP,0.1,0,20,0.000362396240234375,480,0.7895833333333333,3.488475861605117,3.4884758616051172,6.130851713999779,1.0,1.3824222539641693,0.881562256701934,1.0659768201942523
mango_population,popfold3,112700,SCP,0.1,0,20,0.000362396240234375,1440,0.8541666666666666,3.4884758616051172,3.4884758616051172,5.6081289838460195,1.0,1.296447146773921,0.1290584069069542,1.2904555681445469
mango_population,popfold3,113400,SCP,0.1,0,20,0.000362396240234375,80,1.0,3.4884758616051172,3.4884758616051172,3.4884758616051172,1.0,0.6371723002111872,0.1288974831433657,0.6279353179587612
mango_population,popfold3,114300,SCP,0.1,0,20,0.000362396240234375,80,0.95,3.4884758616051172,3.4884758616051172,4.3272386815171116,1.0,1.0421500209694248,-0.362326693661406,0.9833016114115356
mango_population,popfold3,114600,SCP,0.1,0,20,0.000362396240234375,80,0.3125,3.4884758616051172,3.4884758616051172,14.911186251622018,1.0,2.314846705283424,2.165196721172216,0.8239690467251309
mango_population,popfold3,121600,SCP,0.1,0,20,0.000362396240234375,400,0.64,3.488475861605117,3.4884758616051172,6.6515499508175715,1.0,1.5705142304812352,1.281394170332829,0.9091812000461736
mango_population,popfold3,121900,SCP,0.1,0,20,0.000362396240234375,48,1.0,3.4884758616051172,3.4884758616051172,3.4884758616051172,1.0,0.6712943578181088,0.40917444804789255,0.5378086847084909
mango_population,popfold3,122200,SCP,0.1,0,20,0.000362396240234375,72,0.7777777777777778,3.4884758616051172,3.4884758616051172,6.334619130671077,1.0,1.5285924594807554,1.3265639634953654,0.7648184261313838
mango_population,popfold4,100800,GC-D,0.1,0,20,0.12660431861877441,880,0.9022727272727272,3.6635204159916914,3.622454344444769,4.52336402079186,1.0,1.0775476877159265,0.3549853856392568,1.017974448145247
mango_population,popfold4,101600,GC-D,0.1,0,20,0.12660431861877441,80,0.95,3.5236628554197496,3.5613773009438994,3.7400342233540855,1.0,1.0240204036813194,0.8952964430404379,0.500189398290103
mango_population,popfold4,101900,GC-D,0.1,0,20,0.12660431861877441,80,0.8875,3.3247522239878364,3.2924049180399946,4.090933017624908,1.0,1.094919615474544,-0.8140991553788833,0.736802211106175
mango_population,popfold4,102501,GC-D,0.1,0,20,0.12660431861877441,400,0.955,3.624291100757396,3.6016205906089827,3.941666238931216,1.0,0.9078373995149492,-0.20924888786999257,0.8844995735568744
mango_population,popfold4,102505,GC-D,0.1,0,20,0.12660431861877441,552,0.9601449275362319,3.6317592091919852,3.6070208648997237,3.969405211139085,1.0,0.8893960114623396,0.3709963540040815,0.8090567290332452
mango_population,popfold4,104100,GC-D,0.1,0,20,0.12660431861877441,160,0.95625,4.512568336829206,4.475870701564547,4.841977465838973,1.0,1.3223497830421245,-0.9350459372882174,0.9379748257325609
mango_population,popfold4,104700,GC-D,0.1,0,20,0.12660431861877441,880,0.9045454545454545,3.6541158585457505,3.5923089974466533,4.166781433706915,1.0,1.0572306624253733,-0.4017969659121272,0.978459916348925
mango_population,popfold4,105100,GC-D,0.1,0,20,0.12660431861877441,400,0.9675,3.376154265100133,3.356559117238512,3.545296758194575,1.0,0.7865112207348409,0.5742155038937921,0.5381453860911902
mango_population,popfold4,105500,GC-D,0.1,0,20,0.12660431861877441,234,0.9658119658119658,3.239499495457342,3.196102536597296,3.452911160469262,1.0,0.8699057943091059,0.5803431799450777,0.6494152700551501
mango_population,popfold4,106900,GC-D,0.1,0,20,0.12660431861877441,400,0.91,3.442481544875185,3.399682979094969,4.229649384662454,1.0,0.9747441750892935,-0.49165267608512936,0.84272136630199
mango_population,popfold4,107900,GC-D,0.1,0,20,0.12660431861877441,400,0.9,3.8420893481936194,3.8257664714063333,4.592921278274434,1.0,1.0710793540444734,-0.35769450111976786,1.0108512140624037
mango_population,popfold4,108400,GC-D,0.1,0,20,0.12660431861877441,400,0.965,3.6126898574116524,3.635271884357076,3.7406797023966334,1.0,1.0367179677391571,-0.8213579468052594,0.6333704786783247
mango_population,popfold4,110300,GC-D,0.1,0,20,0.12660431861877441,480,0.9291666666666667,3.5369944188311013,3.4959598160109024,3.9272753662492788,1.0,0.9409154099664179,-0.613177221898323,0.7144220280491291
mango_population,popfold4,110500,GC-D,0.1,0,20,0.12660431861877441,400,0.9,3.7242740721068865,3.8683224138452577,4.306845015304606,1.0,1.2557998974522893,-1.0832661735657596,0.6360654272310946
mango_population,popfold4,110800,GC-D,0.1,0,20,0.12660431861877441,320,0.98125,3.718067168389908,3.749561396630801,3.7805082058586863,1.0,0.6834864460232027,0.4326776384924562,0.5299257964696873
mango_population,popfold4,111202,GC-D,0.1,0,20,0.12660431861877441,632,0.9129746835443038,3.5733734954172793,3.5884926267442285,4.160789728298687,1.0,1.2373632611915746,1.0370625390583454,0.6754932344832716
mango_population,popfold4,111900,GC-D,0.1,0,20,0.12660431861877441,240,0.7875,3.4992707399934364,3.5225771468723934,5.940647695714987,1.0,1.4060627035610782,-0.9560044243160845,1.0332065861872999
mango_population,popfold4,112800,GC-D,0.1,0,20,0.12660431861877441,1600,0.474375,3.7504045638295893,3.652012285224373,12.57243268667644,1.0,2.2425038021836783,-1.965634709752142,1.079737067859895
mango_population,popfold4,114500,GC-D,0.1,0,20,0.12660431861877441,80,0.0125,3.361300102199414,3.3427951005925642,34.49217768921095,1.0,3.296705651226697,3.232854224307597,0.6497685782434162
mango_population,popfold4,122000,GC-D,0.1,0,20,0.12660431861877441,28,0.9642857142857143,3.4331260947357443,3.40277449897874,3.5239361809177963,1.0,0.84715274256455,-0.3399154690425093,0.7902064148508097
mango_population,popfold4,100800,GC-D2,0.1,0,20,0.1495354175567627,880,0.9522727272727273,4.4345934794463036,4.390159647041845,4.843732542887107,1.0,1.0775476877159265,0.3549853856392568,1.017974448145247
mango_population,popfold4,101600,GC-D2,0.1,0,20,0.1495354175567627,80,0.925,3.2952659596169873,3.2882038495992454,3.5723306196432554,1.0,1.0240204036813194,0.8952964430404379,0.500189398290103
mango_population,popfold4,101900,GC-D2,0.1,0,20,0.1495354175567627,80,0.8875,3.3099134800674053,3.2604239186449195,4.211029348497954,1.0,1.094919615474544,-0.8140991553788833,0.736802211106175
mango_population,popfold4,102501,GC-D2,0.1,0,20,0.1495354175567627,400,0.945,3.2773298488710925,3.223131987624467,3.708721670852499,1.0,0.9078373995149492,-0.20924888786999257,0.8844995735568744
mango_population,popfold4,102505,GC-D2,0.1,0,20,0.1495354175567627,552,0.9347826086956522,3.312461190916198,3.2774675347111817,3.895517506190063,1.0,0.8893960114623396,0.3709963540040815,0.8090567290332452
mango_population,popfold4,104100,GC-D2,0.1,0,20,0.1495354175567627,160,0.90625,4.197031764619033,4.0886063335313185,4.895988817088001,1.0,1.3223497830421245,-0.9350459372882174,0.9379748257325609
mango_population,popfold4,104700,GC-D2,0.1,0,20,0.1495354175567627,880,0.9011363636363636,3.8340376076543743,3.7742516189730297,4.41015007570771,1.0,1.0572306624253733,-0.4017969659121272,0.978459916348925
mango_population,popfold4,105100,GC-D2,0.1,0,20,0.1495354175567627,400,0.955,3.1625103467389373,3.138225289280591,3.4051880871318896,1.0,0.7865112207348409,0.5742155038937921,0.5381453860911902
mango_population,popfold4,105500,GC-D2,0.1,0,20,0.1495354175567627,234,0.9401709401709402,3.0713147289653535,3.018999411798074,3.3753945729137156,1.0,0.8699057943091059,0.5803431799450777,0.6494152700551501
mango_population,popfold4,106900,GC-D2,0.1,0,20,0.1495354175567627,400,0.955,4.086094546704265,4.0029416363625145,4.50414095894704,1.0,0.9747441750892935,-0.49165267608512936,0.84272136630199
mango_population,popfold4,107900,GC-D2,0.1,0,20,0.1495354175567627,400,0.9275,4.388015624027134,4.289206516590351,4.920160190215728,1.0,1.0710793540444734,-0.35769450111976786,1.0108512140624037
mango_population,popfold4,108400,GC-D2,0.1,0,20,0.1495354175567627,400,0.945,3.553276102507614,3.553533641340687,3.8326349694285504,1.0,1.0367179677391571,-0.8213579468052594,0.6333704786783247
mango_population,popfold4,110300,GC-D2,0.1,0,20,0.1495354175567627,480,0.9229166666666667,3.4667683889877074,3.437184225074234,4.054757645520086,1.0,0.9409154099664179,-0.613177221898323,0.7144220280491291
mango_population,popfold4,110500,GC-D2,0.1,0,20,0.1495354175567627,400,0.8225,3.327204569685428,3.391104773152964,4.60440451027047,1.0,1.2557998974522893,-1.0832661735657596,0.6360654272310946
mango_population,popfold4,110800,GC-D2,0.1,0,20,0.1495354175567627,320,0.971875,3.385346406036187,3.382989291451323,3.5772183757939033,1.0,0.6834864460232027,0.4326776384924562,0.5299257964696873
mango_population,popfold4,111202,GC-D2,0.1,0,20,0.1495354175567627,632,0.8639240506329114,3.4400169689535014,3.470741394794942,4.293906490622591,1.0,1.2373632611915746,1.0370625390583454,0.6754932344832716
mango_population,popfold4,111900,GC-D2,0.1,0,20,0.1495354175567627,240,0.8166666666666667,3.753286238621491,3.6825877755644463,5.445993785646214,1.0,1.4060627035610782,-0.9560044243160845,1.0332065861872999
mango_population,popfold4,112800,GC-D2,0.1,0,20,0.1495354175567627,1600,0.43625,3.5190138332459013,3.4471546895814855,13.859662128866994,1.0,2.2425038021836783,-1.965634709752142,1.079737067859895
mango_population,popfold4,114500,GC-D2,0.1,0,20,0.1495354175567627,80,0.0125,3.1547991682993817,3.1313353172108513,36.290960755074614,1.0,3.296705651226697,3.232854224307597,0.6497685782434162
mango_population,popfold4,122000,GC-D2,0.1,0,20,0.1495354175567627,28,0.9642857142857143,3.4750498160850056,3.4490131751981927,3.5144493344547354,1.0,0.84715274256455,-0.3399154690425093,0.7902064148508097
mango_population,popfold4,100800,GC-CQR,0.1,0,20,66.63606524467468,880,0.9852272727272727,5.1112298634263995,5.032729046374515,5.208404168657404,1.0,1.0775476877159265,0.3549853856392568,1.017974448145247
mango_population,popfold4,101600,GC-CQR,0.1,0,20,66.63606524467468,80,0.9625,3.5373671718380058,3.447621382307447,3.6391304792860026,1.0,1.0240204036813194,0.8952964430404379,0.500189398290103
mango_population,popfold4,101900,GC-CQR,0.1,0,20,66.63606524467468,80,0.975,3.614234333604904,3.6006103803813154,3.63182029403839,1.0,1.094919615474544,-0.8140991553788833,0.736802211106175
mango_population,popfold4,102501,GC-CQR,0.1,0,20,66.63606524467468,400,0.975,4.023196550507645,3.9831877793416606,4.107868706865569,1.0,0.9078373995149492,-0.20924888786999257,0.8844995735568744
mango_population,popfold4,102505,GC-CQR,0.1,0,20,66.63606524467468,552,0.8768115942028986,3.465963842807695,3.4283603750046234,4.8026351202542505,1.0,0.8893960114623396,0.3709963540040815,0.8090567290332452
mango_population,popfold4,104100,GC-CQR,0.1,0,20,66.63606524467468,160,0.9625,4.764370713711348,4.774715390699765,4.920923736271766,1.0,1.3223497830421245,-0.9350459372882174,0.9379748257325609
mango_population,popfold4,104700,GC-CQR,0.1,0,20,66.63606524467468,880,0.9818181818181818,4.455500534784767,4.312065839645388,4.586381069639361,1.0,1.0572306624253733,-0.4017969659121272,0.978459916348925
mango_population,popfold4,105100,GC-CQR,0.1,0,20,66.63606524467468,400,0.94,3.4312435907362784,3.419239585259703,3.737769386370083,1.0,0.7865112207348409,0.5742155038937921,0.5381453860911902
mango_population,popfold4,105500,GC-CQR,0.1,0,20,66.63606524467468,234,0.9529914529914529,3.396143964238128,3.3557287831924203,3.5951792826756943,1.0,0.8699057943091059,0.5803431799450777,0.6494152700551501
mango_population,popfold4,106900,GC-CQR,0.1,0,20,66.63606524467468,400,0.8875,4.593986199656248,4.36160287413902,5.826554262727264,1.0,0.9747441750892935,-0.49165267608512936,0.84272136630199
mango_population,popfold4,107900,GC-CQR,0.1,0,20,66.63606524467468,400,0.88,4.054435683096223,3.9112121395865174,4.918105288844086,1.0,1.0710793540444734,-0.35769450111976786,1.0108512140624037
mango_population,popfold4,108400,GC-CQR,0.1,0,20,66.63606524467468,400,0.9625,3.7507360357127366,3.7063755491029298,3.9077982541344607,1.0,1.0367179677391571,-0.8213579468052594,0.6333704786783247
mango_population,popfold4,110300,GC-CQR,0.1,0,20,66.63606524467468,480,0.9770833333333333,3.7222341390121754,3.7206590002226427,3.8225249697995007,1.0,0.9409154099664179,-0.613177221898323,0.7144220280491291
mango_population,popfold4,110500,GC-CQR,0.1,0,20,66.63606524467468,400,0.9725,3.9988175077001724,4.005485459814887,4.111340015959865,1.0,1.2557998974522893,-1.0832661735657596,0.6360654272310946
mango_population,popfold4,110800,GC-CQR,0.1,0,20,66.63606524467468,320,0.909375,3.915203035425898,3.8450229687129562,4.611165230387134,1.0,0.6834864460232027,0.4326776384924562,0.5299257964696873
mango_population,popfold4,111202,GC-CQR,0.1,0,20,66.63606524467468,632,0.9541139240506329,3.8450208993377712,3.7546449865581675,4.287136461178672,1.0,1.2373632611915746,1.0370625390583454,0.6754932344832716
mango_population,popfold4,111900,GC-CQR,0.1,0,20,66.63606524467468,240,0.9041666666666667,3.915099062184725,3.706605997329559,5.007931810230773,1.0,1.4060627035610782,-0.9560044243160845,1.0332065861872999
mango_population,popfold4,112800,GC-CQR,0.1,0,20,66.63606524467468,1600,0.765,4.235556076332753,4.073712938585796,7.321089058878334,1.0,2.2425038021836783,-1.965634709752142,1.079737067859895
mango_population,popfold4,114500,GC-CQR,0.1,0,20,66.63606524467468,80,0.0875,4.118716656221149,4.090368403890023,22.542690659566965,1.0,3.296705651226697,3.232854224307597,0.6497685782434162
mango_population,popfold4,122000,GC-CQR,0.1,0,20,66.63606524467468,28,0.9642857142857143,3.4607106853628307,3.496883304783351,3.5162814444046973,1.0,0.84715274256455,-0.3399154690425093,0.7902064148508097
mango_population,popfold4,100800,CQR,0.1,0,20,6.402053117752075,880,0.9227272727272727,4.532410104735413,4.438760854788783,4.979940465439199,1.0,1.0775476877159265,0.3549853856392568,1.017974448145247
mango_population,popfold4,101600,CQR,0.1,0,20,6.402053117752075,80,0.8125,2.8375142697442994,2.795301854246377,3.5189212394649965,1.0,1.0240204036813194,0.8952964430404379,0.500189398290103
mango_population,popfold4,101900,CQR,0.1,0,20,6.402053117752075,80,0.9625,3.090658536359772,2.991000269408815,3.324859972865655,1.0,1.094919615474544,-0.8140991553788833,0.736802211106175
mango_population,popfold4,102501,CQR,0.1,0,20,6.402053117752075,400,0.9025,3.428844300757736,3.3960546726623653,4.002038191390927,1.0,0.9078373995149492,-0.20924888786999257,0.8844995735568744
mango_population,popfold4,102505,CQR,0.1,0,20,6.402053117752075,552,0.7880434782608695,2.8565917032974215,2.7869483943155293,5.313981180344814,1.0,0.8893960114623396,0.3709963540040815,0.8090567290332452
mango_population,popfold4,104100,CQR,0.1,0,20,6.402053117752075,160,0.9375,4.108799835642766,4.030830385947937,4.736617315104093,1.0,1.3223497830421245,-0.9350459372882174,0.9379748257325609
mango_population,popfold4,104700,CQR,0.1,0,20,6.402053117752075,880,0.946590909090909,3.9736091910943108,3.8500068487342505,4.299120776176293,1.0,1.0572306624253733,-0.4017969659121272,0.978459916348925
mango_population,popfold4,105100,CQR,0.1,0,20,6.402053117752075,400,0.8575,2.7827663537686824,2.747665703577301,3.8097328810341393,1.0,0.7865112207348409,0.5742155038937921,0.5381453860911902
mango_population,popfold4,105500,CQR,0.1,0,20,6.402053117752075,234,0.8333333333333334,2.791721530744828,2.7605618465690656,3.8572936664951856,1.0,0.8699057943091059,0.5803431799450777,0.6494152700551501
mango_population,popfold4,106900,CQR,0.1,0,20,6.402053117752075,400,0.81,4.1497080543412554,3.9339590872013552,6.666945840042815,1.0,0.9747441750892935,-0.49165267608512936,0.84272136630199
mango_population,popfold4,107900,CQR,0.1,0,20,6.402053117752075,400,0.7625,3.4237113042887146,3.172372144633318,5.66472162355935,1.0,1.0710793540444734,-0.35769450111976786,1.0108512140624037
mango_population,popfold4,108400,CQR,0.1,0,20,6.402053117752075,400,0.8725,3.120643473012498,3.043542421254082,3.790485598367192,1.0,1.0367179677391571,-0.8213579468052594,0.6333704786783247
mango_population,popfold4,110300,CQR,0.1,0,20,6.402053117752075,480,0.9479166666666666,3.0505320643891185,3.039511285798854,3.34824394734135,1.0,0.9409154099664179,-0.613177221898323,0.7144220280491291
mango_population,popfold4,110500,CQR,0.1,0,20,6.402053117752075,400,0.9425,3.3958722677865594,3.370102551304594,3.737791491538192,1.0,1.2557998974522893,-1.0832661735657596,0.6360654272310946
mango_population,popfold4,110800,CQR,0.1,0,20,6.402053117752075,320,0.83125,3.253073000771587,3.198019657330314,4.436811258709133,1.0,0.6834864460232027,0.4326776384924562,0.5299257964696873
mango_population,popfold4,111202,CQR,0.1,0,20,6.402053117752075,632,0.8433544303797469,3.231930584867592,3.1462865632761217,4.379607784056052,1.0,1.2373632611915746,1.0370625390583454,0.6754932344832716
mango_population,popfold4,111900,CQR,0.1,0,20,6.402053117752075,240,0.8291666666666667,3.4078034035261244,3.1962202074436616,5.538746861299434,1.0,1.4060627035610782,-0.9560044243160845,1.0332065861872999
mango_population,popfold4,112800,CQR,0.1,0,20,6.402053117752075,1600,0.681875,3.635234841270371,3.494576487857728,7.955919043339265,1.0,2.2425038021836783,-1.965634709752142,1.079737067859895
mango_population,popfold4,114500,CQR,0.1,0,20,6.402053117752075,80,0.025,3.4855251637563156,3.4672800974446103,28.291669215441846,1.0,3.296705651226697,3.232854224307597,0.6497685782434162
mango_population,popfold4,122000,CQR,0.1,0,20,6.402053117752075,28,0.8928571428571429,2.784843973987789,2.8493540304948866,3.084793712890675,1.0,0.84715274256455,-0.3399154690425093,0.7902064148508097
mango_population,popfold4,100800,SCP,0.1,0,20,0.0003750324249267578,880,0.8715909090909091,3.4231882354460335,3.423188235446034,4.5601919765013035,1.0,1.0775476877159265,0.3549853856392568,1.017974448145247
mango_population,popfold4,101600,SCP,0.1,0,20,0.0003750324249267578,80,0.9125,3.423188235446034,3.423188235446034,3.7761645788080593,1.0,1.0240204036813194,0.8952964430404379,0.500189398290103
mango_population,popfold4,101900,SCP,0.1,0,20,0.0003750324249267578,80,0.8875,3.423188235446034,3.423188235446034,4.084104345283454,1.0,1.094919615474544,-0.8140991553788833,0.736802211106175
mango_population,popfold4,102501,SCP,0.1,0,20,0.0003750324249267578,400,0.9425,3.423188235446034,3.423188235446034,3.839256493373433,1.0,0.9078373995149492,-0.20924888786999257,0.8844995735568744
mango_population,popfold4,102505,SCP,0.1,0,20,0.0003750324249267578,552,0.9365942028985508,3.423188235446034,3.423188235446034,4.034800899906642,1.0,0.8893960114623396,0.3709963540040815,0.8090567290332452
mango_population,popfold4,104100,SCP,0.1,0,20,0.0003750324249267578,160,0.80625,3.423188235446034,3.423188235446034,5.362599795451578,1.0,1.3223497830421245,-0.9350459372882174,0.9379748257325609
mango_population,popfold4,104700,SCP,0.1,0,20,0.0003750324249267578,880,0.8727272727272727,3.4231882354460335,3.423188235446034,4.177913544647462,1.0,1.0572306624253733,-0.4017969659121272,0.978459916348925
mango_population,popfold4,105100,SCP,0.1,0,20,0.0003750324249267578,400,0.9725,3.423188235446034,3.423188235446034,3.5378398937435622,1.0,0.7865112207348409,0.5742155038937921,0.5381453860911902
mango_population,popfold4,105500,SCP,0.1,0,20,0.0003750324249267578,234,0.9615384615384616,3.423188235446034,3.423188235446034,3.6514249467430226,1.0,0.8699057943091059,0.5803431799450777,0.6494152700551501
mango_population,popfold4,106900,SCP,0.1,0,20,0.0003750324249267578,400,0.915,3.423188235446034,3.423188235446034,4.130813243837763,1.0,0.9747441750892935,-0.49165267608512936,0.84272136630199
mango_population,popfold4,107900,SCP,0.1,0,20,0.0003750324249267578,400,0.83,3.423188235446034,3.423188235446034,4.848901408927461,1.0,1.0710793540444734,-0.35769450111976786,1.0108512140624037
mango_population,popfold4,108400,SCP,0.1,0,20,0.0003750324249267578,400,0.945,3.423188235446034,3.423188235446034,3.662524759331382,1.0,1.0367179677391571,-0.8213579468052594,0.6333704786783247
mango_population,popfold4,110300,SCP,0.1,0,20,0.0003750324249267578,480,0.9395833333333333,3.423188235446034,3.423188235446034,3.732617016566327,1.0,0.9409154099664179,-0.613177221898323,0.7144220280491291
mango_population,popfold4,110500,SCP,0.1,0,20,0.0003750324249267578,400,0.865,3.423188235446034,3.423188235446034,4.596645915235765,1.0,1.2557998974522893,-1.0832661735657596,0.6360654272310946
mango_population,popfold4,110800,SCP,0.1,0,20,0.0003750324249267578,320,0.98125,3.423188235446034,3.423188235446034,3.486198456477939,1.0,0.6834864460232027,0.4326776384924562,0.5299257964696873
mango_population,popfold4,111202,SCP,0.1,0,20,0.0003750324249267578,632,0.8892405063291139,3.423188235446034,3.423188235446034,4.218371902130724,1.0,1.2373632611915746,1.0370625390583454,0.6754932344832716
mango_population,popfold4,111900,SCP,0.1,0,20,0.0003750324249267578,240,0.7708333333333334,3.423188235446034,3.423188235446034,6.128685265189042,1.0,1.4060627035610782,-0.9560044243160845,1.0332065861872999
mango_population,popfold4,112800,SCP,0.1,0,20,0.0003750324249267578,1600,0.458125,3.423188235446034,3.423188235446034,13.960725681272656,1.0,2.2425038021836783,-1.965634709752142,1.079737067859895
mango_population,popfold4,114500,SCP,0.1,0,20,0.0003750324249267578,80,0.0125,3.423188235446034,3.423188235446034,34.51613133900349,1.0,3.296705651226697,3.232854224307597,0.6497685782434162
mango_population,popfold4,122000,SCP,0.1,0,20,0.0003750324249267578,28,0.9642857142857143,3.423188235446034,3.423188235446034,3.645300581123245,1.0,0.84715274256455,-0.3399154690425093,0.7902064148508097
mango_population,popfold5,100300,GC-D,0.1,0,18,0.1337571144104004,1520,0.9460526315789474,3.5533611627638373,3.529344799857533,4.067103571607541,1.0,0.9402232874897142,0.2728566279076061,0.900056694226376
mango_population,popfold5,100500,GC-D,0.1,0,18,0.1337571144104004,1200,0.9833333333333333,3.5668786232558265,3.5477338385161623,3.720644434201009,1.0,0.7665834569298575,0.10568028273470255,0.7595805925048831
mango_population,popfold5,100600,GC-D,0.1,0,18,0.1337571144104004,1557,0.4071933204881182,3.5902316450709155,3.5656943177577034,11.944579603012842,1.0,2.10149336285191,1.8132614289394309,1.0625829425600688
mango_population,popfold5,102100,GC-D,0.1,0,18,0.1337571144104004,80,0.975,4.572340926509459,4.562537244179018,4.64130137715589,1.0,1.145003387459706,-0.9085610049474659,0.701210279288821
mango_population,popfold5,103108,GC-D,0.1,0,18,0.1337571144104004,239,1.0,3.6120829205353124,3.5844271069165146,3.6120829205353124,1.0,0.5739848706549519,-0.04014921065826664,0.5737806023665607
mango_population,popfold5,104500,GC-D,0.1,0,18,0.1337571144104004,924,0.8625541125541125,3.5723245094466365,3.5131648666145985,4.556456774237371,1.0,1.2839779316001072,1.1043547274369725,0.6553356037313884
mango_population,popfold5,105300,GC-D,0.1,0,18,0.1337571144104004,320,0.934375,3.4379108193680934,3.430459086316187,5.236309017983002,1.0,1.1548352701506601,0.7679748154072616,0.8638234953138177
mango_population,popfold5,105700,GC-D,0.1,0,18,0.1337571144104004,240,0.9875,3.443623249840642,3.465823208521453,3.5051640505720227,1.0,0.6695895965099476,-0.2683420032006843,0.6147499110429342
mango_population,popfold5,107000,GC-D,0.1,0,18,0.1337571144104004,400,0.9875,4.344846838395074,4.286513025791301,4.385433967185056,1.0,0.7449418675453652,-0.22461310826966802,0.7111622296689301
mango_population,popfold5,107300,GC-D,0.1,0,18,0.1337571144104004,1056,0.9545454545454546,3.691607610326242,3.6846834223354765,3.962926733932894,1.0,1.0675881423349034,0.9044299600674595,0.5674996617905796
mango_population,popfold5,108800,GC-D,0.1,0,18,0.1337571144104004,400,0.99,3.5134235990474476,3.47392510801203,3.553462880955798,1.0,0.7038371190424172,0.3507278047214055,0.6109909754385919
mango_population,popfold5,109600,GC-D,0.1,0,18,0.1337571144104004,80,0.7125,3.650919464568365,3.5986828751233233,7.097302613612522,1.0,1.642960539647362,-0.9624937521177838,1.3399131322580398
mango_population,popfold5,113500,GC-D,0.1,0,18,0.1337571144104004,336,0.7321428571428571,3.4473703922014316,3.5028860352489586,6.289150153141959,1.0,1.5339643882790037,1.294267177360867,0.8245864767091263
mango_population,popfold5,113900,GC-D,0.1,0,18,0.1337571144104004,532,0.9642857142857143,3.594356852180328,3.6354666896732724,3.817175906159463,1.0,0.9018079152205888,0.31525862677150956,0.8457031992567129
mango_population,popfold5,114200,GC-D,0.1,0,18,0.1337571144104004,800,0.93875,3.8016832157302995,3.7664451155777563,4.215881554549901,1.0,1.0268821096585663,-0.1883939222444658,1.0100841225444763
mango_population,popfold5,114400,GC-D,0.1,0,18,0.1337571144104004,160,0.95625,3.441642399370058,3.4955254581144155,3.664387050403093,1.0,0.9070247704910269,0.24414900571852433,0.87629017754471
mango_population,popfold5,121700,GC-D,0.1,0,18,0.1337571144104004,240,0.725,4.04771757829042,3.892348108253925,7.398267298260019,1.0,1.6785008321624073,1.3849387509120568,0.9503012690106362
mango_population,popfold5,200100,GC-D,0.1,0,18,0.1337571144104004,190,0.9947368421052631,3.19137404778426,3.191784698526165,3.2180779718783166,1.0,0.5653800150525672,-0.03013813378709861,0.5660677896071534
mango_population,popfold5,200300,GC-D,0.1,0,18,0.1337571144104004,304,0.9572368421052632,3.394622643122339,3.3985180149472978,3.63126148796296,1.0,0.9073281600412286,0.6291278291279402,0.6548688923395032
mango_population,popfold5,200800,GC-D,0.1,0,18,0.1337571144104004,70,0.9142857142857143,3.5425278123273585,3.5655937948886978,4.376617098043794,1.0,0.9071117317002814,-0.30265398144687544,0.8613072159003986
mango_population,popfold5,100300,GC-D2,0.1,0,18,0.1472170352935791,1520,0.9421052631578948,3.4655329447001026,3.4540830874685406,4.023779273176814,1.0,0.9402232874897142,0.2728566279076061,0.900056694226376
mango_population,popfold5,100500,GC-D2,0.1,0,18,0.1472170352935791,1200,0.9866666666666667,3.754248564569646,3.7343572821538347,3.895341980145961,1.0,0.7665834569298575,0.10568028273470255,0.7595805925048831
mango_population,popfold5,100600,GC-D2,0.1,0,18,0.1472170352935791,1557,0.4071933204881182,3.66581003943302,3.619357455772173,11.978596851116647,1.0,2.10149336285191,1.8132614289394309,1.0625829425600688
mango_population,popfold5,102100,GC-D2,0.1,0,18,0.1472170352935791,80,0.9625,4.221731779801423,4.221693379510969,4.326682130699622,1.0,1.145003387459706,-0.9085610049474659,0.701210279288821
mango_population,popfold5,103108,GC-D2,0.1,0,18,0.1472170352935791,239,0.99581589958159,3.3914529781842786,3.3559102311537075,3.3934645348267756,1.0,0.5739848706549519,-0.04014921065826664,0.5737806023665607
mango_population,popfold5,104500,GC-D2,0.1,0,18,0.1472170352935791,924,0.8062770562770563,3.3091315221842983,3.20532355576249,4.73644360350716,1.0,1.2839779316001072,1.1043547274369725,0.6553356037313884
mango_population,popfold5,105300,GC-D2,0.1,0,18,0.1472170352935791,320,0.928125,3.30451812810088,3.2968252740676123,5.148355972051368,1.0,1.1548352701506601,0.7679748154072616,0.8638234953138177
mango_population,popfold5,105700,GC-D2,0.1,0,18,0.1472170352935791,240,0.9875,3.5011627877164044,3.4882219464575863,3.5387862777795487,1.0,0.6695895965099476,-0.2683420032006843,0.6147499110429342
mango_population,popfold5,107000,GC-D2,0.1,0,18,0.1472170352935791,400,0.9875,4.480364704724781,4.4026157413558495,4.525758623308148,1.0,0.7449418675453652,-0.22461310826966802,0.7111622296689301
mango_population,popfold5,107300,GC-D2,0.1,0,18,0.1472170352935791,1056,0.9327651515151515,3.4309702245450664,3.4075941625066557,3.854174285443677,1.0,1.0675881423349034,0.9044299600674595,0.5674996617905796
mango_population,popfold5,108800,GC-D2,0.1,0,18,0.1472170352935791,400,0.9875,3.4544300750787773,3.3832790737196197,3.4964209897909124,1.0,0.7038371190424172,0.3507278047214055,0.6109909754385919
mango_population,popfold5,109600,GC-D2,0.1,0,18,0.1472170352935791,80,0.75,3.9577037048453945,3.899268909920437,6.629774057596609,1.0,1.642960539647362,-0.9624937521177838,1.3399131322580398
mango_population,popfold5,113500,GC-D2,0.1,0,18,0.1472170352935791,336,0.7023809523809523,3.3360387829920715,3.368450205807127,6.405136163233506,1.0,1.5339643882790037,1.294267177360867,0.8245864767091263
mango_population,popfold5,113900,GC-D2,0.1,0,18,0.1472170352935791,532,0.9530075187969925,3.4290870496094903,3.474917331092543,3.720833151733494,1.0,0.9018079152205888,0.31525862677150956,0.8457031992567129
mango_population,popfold5,114200,GC-D2,0.1,0,18,0.1472170352935791,800,0.92375,3.6257311265796055,3.5872049627241385,4.175725644624378,1.0,1.0268821096585663,-0.1883939222444658,1.0100841225444763
mango_population,popfold5,114400,GC-D2,0.1,0,18,0.1472170352935791,160,0.95625,3.392346064706016,3.3669994594863635,3.638197483923777,1.0,0.9070247704910269,0.24414900571852433,0.87629017754471
mango_population,popfold5,121700,GC-D2,0.1,0,18,0.1472170352935791,240,0.725,3.9444402346296976,3.840532653118415,7.3222355091330105,1.0,1.6785008321624073,1.3849387509120568,0.9503012690106362
mango_population,popfold5,200100,GC-D2,0.1,0,18,0.1472170352935791,190,0.9894736842105263,3.020438317823739,2.990867440650227,3.0482938949956764,1.0,0.5653800150525672,-0.03013813378709861,0.5660677896071534
mango_population,popfold5,200300,GC-D2,0.1,0,18,0.1472170352935791,304,0.9539473684210527,3.3329599225156534,3.3053703478448666,3.6239410613932477,1.0,0.9073281600412286,0.6291278291279402,0.6548688923395032
mango_population,popfold5,200800,GC-D2,0.1,0,18,0.1472170352935791,70,0.9428571428571428,3.7856223741745656,3.7661866218117757,4.449609990943687,1.0,0.9071117317002814,-0.30265398144687544,0.8613072159003986
mango_population,popfold5,100300,GC-CQR,0.1,0,18,63.579052686691284,1520,0.9835526315789473,3.9779157181748337,3.925184603984861,4.076828849832946,1.0,0.9402232874897142,0.2728566279076061,0.900056694226376
mango_population,popfold5,100500,GC-CQR,0.1,0,18,63.579052686691284,1200,0.99,4.073844168755965,4.070369310354329,4.234394252134477,1.0,0.7665834569298575,0.10568028273470255,0.7595805925048831
mango_population,popfold5,100600,GC-CQR,0.1,0,18,63.579052686691284,1557,0.6737315350032113,4.3264129575859345,4.310342827763293,7.610127311933239,1.0,2.10149336285191,1.8132614289394309,1.0625829425600688
mango_population,popfold5,102100,GC-CQR,0.1,0,18,63.579052686691284,80,0.975,4.423443555159689,4.412283251362153,5.107562178234964,1.0,1.145003387459706,-0.9085610049474659,0.701210279288821
mango_population,popfold5,103108,GC-CQR,0.1,0,18,63.579052686691284,239,1.0,3.41770962289425,3.3767960457579065,3.41770962289425,1.0,0.5739848706549519,-0.04014921065826664,0.5737806023665607
mango_population,popfold5,104500,GC-CQR,0.1,0,18,63.579052686691284,924,0.75,3.8921502374431665,3.9040274269515214,5.259421884470321,1.0,1.2839779316001072,1.1043547274369725,0.6553356037313884
mango_population,popfold5,105300,GC-CQR,0.1,0,18,63.579052686691284,320,0.9375,3.5511783226529774,3.5188287367332425,5.2814191847230845,1.0,1.1548352701506601,0.7679748154072616,0.8638234953138177
mango_population,popfold5,105700,GC-CQR,0.1,0,18,63.579052686691284,240,0.9833333333333333,3.492304004829141,3.4366574803746666,3.5720840666857856,1.0,0.6695895965099476,-0.2683420032006843,0.6147499110429342
mango_population,popfold5,107000,GC-CQR,0.1,0,18,63.579052686691284,400,0.825,3.864043285000451,3.865728944028149,6.200578937483892,1.0,0.7449418675453652,-0.22461310826966802,0.7111622296689301
mango_population,popfold5,107300,GC-CQR,0.1,0,18,63.579052686691284,1056,0.9100378787878788,4.101858377563687,4.096970246942465,4.831567417551975,1.0,1.0675881423349034,0.9044299600674595,0.5674996617905796
mango_population,popfold5,108800,GC-CQR,0.1,0,18,63.579052686691284,400,0.9675,3.1797198546964207,3.081607218162084,3.32332661779337,1.0,0.7038371190424172,0.3507278047214055,0.6109909754385919
mango_population,popfold5,109600,GC-CQR,0.1,0,18,63.579052686691284,80,0.6,4.64034256478381,4.637882697047733,11.854390618523729,1.0,1.642960539647362,-0.9624937521177838,1.3399131322580398
mango_population,popfold5,113500,GC-CQR,0.1,0,18,63.579052686691284,336,0.8035714285714286,3.8562804676410716,3.812156817621318,5.872844389099474,1.0,1.5339643882790037,1.294267177360867,0.8245864767091263
mango_population,popfold5,113900,GC-CQR,0.1,0,18,63.579052686691284,532,0.9642857142857143,3.728036811219387,3.766160506586264,3.9200900362055817,1.0,0.9018079152205888,0.31525862677150956,0.8457031992567129
mango_population,popfold5,114200,GC-CQR,0.1,0,18,63.579052686691284,800,0.9325,3.8999774165660233,3.8467767631009036,4.3835813240232335,1.0,1.0268821096585663,-0.1883939222444658,1.0100841225444763
mango_population,popfold5,114400,GC-CQR,0.1,0,18,63.579052686691284,160,0.84375,3.572164845970061,3.4949888216056912,4.4751328484973225,1.0,0.9070247704910269,0.24414900571852433,0.87629017754471
mango_population,popfold5,121700,GC-CQR,0.1,0,18,63.579052686691284,240,0.7333333333333333,4.456734424395265,4.39115961028732,6.997783932614345,1.0,1.6785008321624073,1.3849387509120568,0.9503012690106362
mango_population,popfold5,200100,GC-CQR,0.1,0,18,63.579052686691284,190,1.0,3.5480637049251293,3.4825756344795717,3.5480637049251293,1.0,0.5653800150525672,-0.03013813378709861,0.5660677896071534
mango_population,popfold5,200300,GC-CQR,0.1,0,18,63.579052686691284,304,0.9605263157894737,3.3021518872970663,3.253904005334932,3.4890823590531337,1.0,0.9073281600412286,0.6291278291279402,0.6548688923395032
mango_population,popfold5,200800,GC-CQR,0.1,0,18,63.579052686691284,70,0.9571428571428572,4.119705255110039,3.913295572036663,4.479673107018759,1.0,0.9071117317002814,-0.30265398144687544,0.8613072159003986
mango_population,popfold5,100300,CQR,0.1,0,18,6.360249757766724,1520,0.9473684210526315,3.343069841909267,3.2951522635412314,3.641167334131095,1.0,0.9402232874897142,0.2728566279076061,0.900056694226376
mango_population,popfold5,100500,CQR,0.1,0,18,6.360249757766724,1200,0.9808333333333333,3.4967264917033307,3.496104628786682,3.705314515320941,1.0,0.7665834569298575,0.10568028273470255,0.7595805925048831
mango_population,popfold5,100600,CQR,0.1,0,18,6.360249757766724,1557,0.5414258188824663,3.7356605489072114,3.7262249287106357,9.094040160936796,1.0,2.10149336285191,1.8132614289394309,1.0625829425600688
mango_population,popfold5,102100,CQR,0.1,0,18,6.360249757766724,80,0.9375,3.9324348002760003,4.055842410981713,4.620128179931537,1.0,1.145003387459706,-0.9085610049474659,0.701210279288821
mango_population,popfold5,103108,CQR,0.1,0,18,6.360249757766724,239,0.9874476987447699,2.9010235849722474,2.890476936463253,2.94079920043433,1.0,0.5739848706549519,-0.04014921065826664,0.5737806023665607
mango_population,popfold5,104500,CQR,0.1,0,18,6.360249757766724,924,0.5108225108225108,3.2783009409886112,3.253067125362195,7.484547413492895,1.0,1.2839779316001072,1.1043547274369725,0.6553356037313884
mango_population,popfold5,105300,CQR,0.1,0,18,6.360249757766724,320,0.884375,2.960330083300347,2.940789928016092,5.189157650023951,1.0,1.1548352701506601,0.7679748154072616,0.8638234953138177
mango_population,popfold5,105700,CQR,0.1,0,18,6.360249757766724,240,0.9583333333333334,2.8449323237015753,2.7917230679564913,3.206816031340303,1.0,0.6695895965099476,-0.2683420032006843,0.6147499110429342
mango_population,popfold5,107000,CQR,0.1,0,18,6.360249757766724,400,0.7775,3.3782637765510377,3.4052929461433195,6.610406700793983,1.0,0.7449418675453652,-0.22461310826966802,0.7111622296689301
mango_population,popfold5,107300,CQR,0.1,0,18,6.360249757766724,1056,0.7424242424242424,3.493786754267418,3.5087958801375887,5.275596370826627,1.0,1.0675881423349034,0.9044299600674595,0.5674996617905796
mango_population,popfold5,108800,CQR,0.1,0,18,6.360249757766724,400,0.9275,2.61221299926096,2.5033707912892957,3.019043326148452,1.0,0.7038371190424172,0.3507278047214055,0.6109909754385919
mango_population,popfold5,109600,CQR,0.1,0,18,6.360249757766724,80,0.5,4.032012509181274,4.020257363058286,14.026775989033235,1.0,1.642960539647362,-0.9624937521177838,1.3399131322580398
mango_population,popfold5,113500,CQR,0.1,0,18,6.360249757766724,336,0.6190476190476191,3.1767073645406874,3.128608394697644,7.564558177447471,1.0,1.5339643882790037,1.294267177360867,0.8245864767091263
mango_population,popfold5,113900,CQR,0.1,0,18,6.360249757766724,532,0.9022556390977443,3.12448000752887,3.1150091699760507,3.720244432061442,1.0,0.9018079152205888,0.31525862677150956,0.8457031992567129
mango_population,popfold5,114200,CQR,0.1,0,18,6.360249757766724,800,0.875,3.4050413983014898,3.364619340355288,4.463794138905019,1.0,1.0268821096585663,-0.1883939222444658,1.0100841225444763
mango_population,popfold5,114400,CQR,0.1,0,18,6.360249757766724,160,0.775,3.023744627146685,2.9996143251031544,4.871308786158702,1.0,0.9070247704910269,0.24414900571852433,0.87629017754471
mango_population,popfold5,121700,CQR,0.1,0,18,6.360249757766724,240,0.5291666666666667,3.7022839211796867,3.675739279834464,9.876529264807536,1.0,1.6785008321624073,1.3849387509120568,0.9503012690106362
mango_population,popfold5,200100,CQR,0.1,0,18,6.360249757766724,190,0.9894736842105263,2.91400910516805,2.869442957181638,2.9331354938717764,1.0,0.5653800150525672,-0.03013813378709861,0.5660677896071534
mango_population,popfold5,200300,CQR,0.1,0,18,6.360249757766724,304,0.8980263157894737,2.7322449011658563,2.7167588739675885,3.2518602774061023,1.0,0.9073281600412286,0.6291278291279402,0.6548688923395032
mango_population,popfold5,200800,CQR,0.1,0,18,6.360249757766724,70,0.8714285714285714,3.407005751163389,3.1624933007463074,4.406191941726571,1.0,0.9071117317002814,-0.30265398144687544,0.8613072159003986
mango_population,popfold5,100300,SCP,0.1,0,18,0.00039076805114746094,1520,0.9427631578947369,3.520426097380966,3.520426097380966,4.0730325241105545,1.0,0.9402232874897142,0.2728566279076061,0.900056694226376
mango_population,popfold5,100500,SCP,0.1,0,18,0.00039076805114746094,1200,0.9816666666666667,3.5204260973809656,3.5204260973809642,3.694329980266055,1.0,0.7665834569298575,0.10568028273470255,0.7595805925048831
mango_population,popfold5,100600,SCP,0.1,0,18,0.00039076805114746094,1557,0.394990366088632,3.520426097380965,3.520426097380966,12.136824937847043,1.0,2.10149336285191,1.8132614289394309,1.0625829425600688
mango_population,popfold5,102100,SCP,0.1,0,18,0.00039076805114746094,80,0.875,3.520426097380966,3.520426097380966,4.110850882030618,1.0,1.145003387459706,-0.9085610049474659,0.701210279288821
mango_population,popfold5,103108,SCP,0.1,0,18,0.00039076805114746094,239,1.0,3.520426097380965,3.520426097380966,3.520426097380965,1.0,0.5739848706549519,-0.04014921065826664,0.5737806023665607
mango_population,popfold5,104500,SCP,0.1,0,18,0.00039076805114746094,924,0.8495670995670995,3.520426097380965,3.520426097380966,4.538344767691121,1.0,1.2839779316001072,1.1043547274369725,0.6553356037313884
mango_population,popfold5,105300,SCP,0.1,0,18,0.00039076805114746094,320,0.95,3.520426097380966,3.520426097380966,5.211973026072458,1.0,1.1548352701506601,0.7679748154072616,0.8638234953138177
mango_population,popfold5,105700,SCP,0.1,0,18,0.00039076805114746094,240,0.9833333333333333,3.520426097380965,3.520426097380966,3.5676967705784515,1.0,0.6695895965099476,-0.2683420032006843,0.6147499110429342
mango_population,popfold5,107000,SCP,0.1,0,18,0.00039076805114746094,400,0.9725,3.520426097380966,3.520426097380966,3.6889614734296403,1.0,0.7449418675453652,-0.22461310826966802,0.7111622296689301
mango_population,popfold5,107300,SCP,0.1,0,18,0.00039076805114746094,1056,0.9393939393939394,3.5204260973809656,3.520426097380966,3.9084072433571877,1.0,1.0675881423349034,0.9044299600674595,0.5674996617905796
mango_population,popfold5,108800,SCP,0.1,0,18,0.00039076805114746094,400,0.995,3.520426097380965,3.520426097380966,3.538456716491908,1.0,0.7038371190424172,0.3507278047214055,0.6109909754385919
mango_population,popfold5,109600,SCP,0.1,0,18,0.00039076805114746094,80,0.6625,3.520426097380965,3.5204260973809625,7.956558162948776,1.0,1.642960539647362,-0.9624937521177838,1.3399131322580398
mango_population,popfold5,113500,SCP,0.1,0,18,0.00039076805114746094,336,0.7261904761904762,3.520426097380966,3.520426097380966,6.7874504034365115,1.0,1.5339643882790037,1.294267177360867,0.8245864767091263
mango_population,popfold5,113900,SCP,0.1,0,18,0.00039076805114746094,532,0.956766917293233,3.5204260973809656,3.520426097380966,3.754265091082065,1.0,0.9018079152205888,0.31525862677150956,0.8457031992567129
mango_population,popfold5,114200,SCP,0.1,0,18,0.00039076805114746094,800,0.91,3.520426097380965,3.520426097380966,4.174557254406974,1.0,1.0268821096585663,-0.1883939222444658,1.0100841225444763
mango_population,popfold5,114400,SCP,0.1,0,18,0.00039076805114746094,160,0.9625,3.520426097380966,3.520426097380966,3.7069777083405895,1.0,0.9070247704910269,0.24414900571852433,0.87629017754471
mango_population,popfold5,121700,SCP,0.1,0,18,0.00039076805114746094,240,0.6541666666666667,3.520426097380965,3.520426097380966,8.134171282946149,1.0,1.6785008321624073,1.3849387509120568,0.9503012690106362
mango_population,popfold5,200100,SCP,0.1,0,18,0.00039076805114746094,190,0.9947368421052631,3.5204260973809656,3.520426097380966,3.523965004516834,1.0,0.5653800150525672,-0.03013813378709861,0.5660677896071534
mango_population,popfold5,200300,SCP,0.1,0,18,0.00039076805114746094,304,0.9638157894736842,3.5204260973809656,3.520426097380966,3.6870018756355964,1.0,0.9073281600412286,0.6291278291279402,0.6548688923395032
mango_population,popfold5,200800,SCP,0.1,0,18,0.00039076805114746094,70,0.9285714285714286,3.520426097380964,3.5204260973809642,4.376100994986361,1.0,0.9071117317002814,-0.30265398144687544,0.8613072159003986
mango_population,popfold6,100100,GC-D,0.1,0,18,0.14209938049316406,480,0.9041666666666667,3.4851485818010812,3.461811270262497,4.104418949514035,1.0,1.0634754745096024,-0.7537203427482211,0.7510398502047027
mango_population,popfold6,101000,GC-D,0.1,0,18,0.14209938049316406,1200,0.955,3.556747023835001,3.5320645325178974,3.9018735286566706,1.0,0.8772128569786567,-0.3377174559486764,0.8099357874008521
mango_population,popfold6,103104,GC-D,0.1,0,18,0.14209938049316406,399,0.9824561403508771,3.517996894539582,3.3664565659744117,3.5827681583231126,1.0,0.7042580659867838,0.031044750574973988,0.7044568154799417
mango_population,popfold6,103110,GC-D,0.1,0,18,0.14209938049316406,224,0.9821428571428571,3.7015363227867337,3.677623167085546,3.862681861468384,1.0,0.7793500295977451,0.24714520038945076,0.7407803453028284
mango_population,popfold6,103900,GC-D,0.1,0,18,0.14209938049316406,320,0.8875,3.2584627609837633,3.25140598961839,3.9230863454327425,1.0,1.1092400625065695,-0.9315318222450222,0.6031574021981359
mango_population,popfold6,105200,GC-D,0.1,0,18,0.14209938049316406,478,0.702928870292887,3.554936729151311,3.493717921571582,6.026627867505687,1.0,1.49610229543696,1.2081635069405532,0.8833433285757363
mango_population,popfold6,106400,GC-D,0.1,0,18,0.14209938049316406,1200,0.8083333333333333,3.662724292868749,3.6520085740875743,5.091761203009906,1.0,1.3739754670874422,-1.2068423672330486,0.6570386858258138
mango_population,popfold6,109400,GC-D,0.1,0,18,0.14209938049316406,400,0.985,3.7601510121613217,3.6745880783198572,3.853263108744767,1.0,0.7646884708904542,-0.313756005329809,0.6982295021886273
mango_population,popfold6,110601,GC-D,0.1,0,18,0.14209938049316406,160,0.93125,3.3576577388956834,3.3478073363102823,3.774925796288419,1.0,0.9881642566647357,-0.255009504759684,0.9576904874845292
mango_population,popfold6,110700,GC-D,0.1,0,18,0.14209938049316406,240,0.9583333333333334,4.066734274616774,4.210479650152965,4.629205310004473,1.0,1.1586799112155206,0.8668526465507557,0.7704406992875475
mango_population,popfold6,110803,GC-D,0.1,0,18,0.14209938049316406,80,1.0,3.7092131294475292,3.688817418234514,3.7092131294475292,1.0,0.43911214106227253,0.09891844702138322,0.4305246881492348
mango_population,popfold6,111201,GC-D,0.1,0,18,0.14209938049316406,72,0.9027777777777778,4.043802125454036,4.026617721352471,4.8496684425154655,1.0,1.2633225778716006,-0.7540394007382489,1.0207247721104864
mango_population,popfold6,111600,GC-D,0.1,0,18,0.14209938049316406,480,0.9625,3.769324525651174,3.7059142495557715,4.025434733199489,1.0,0.9420941569073636,-0.3629782392310765,0.870267800305873
mango_population,popfold6,113800,GC-D,0.1,0,18,0.14209938049316406,120,0.975,3.756549707294205,3.8547863242692078,3.8059211760315166,1.0,0.8531936175229625,-0.24361459030001983,0.8211027307807897
mango_population,popfold6,114100,GC-D,0.1,0,18,0.14209938049316406,920,0.7663043478260869,3.798861044427564,3.7952112988617674,7.860958033347195,1.0,1.6234576998750108,-0.41708491961560856,1.5698196382693355
mango_population,popfold6,114800,GC-D,0.1,0,18,0.14209938049316406,160,0.9625,3.8536749145425824,4.051757307679763,4.151019114317693,1.0,1.0718293210866368,0.6869972140001316,0.8252938010855815
mango_population,popfold6,115300,GC-D,0.1,0,18,0.14209938049316406,160,0.9375,4.223302119994079,4.30449593825521,4.404954110195756,1.0,1.2105107091226255,1.0019948609100955,0.681354533715127
mango_population,popfold6,115400,GC-D,0.1,0,18,0.14209938049316406,160,0.90625,3.8749102095174535,4.006101298876825,5.023284060879725,1.0,1.306654256437723,0.9845063566118835,0.8618205563535677
mango_population,popfold6,121800,GC-D,0.1,0,18,0.14209938049316406,96,0.9791666666666666,3.7809562224619477,3.7303248641853806,4.153048221715859,1.0,1.0052712464940816,-0.6552951931161859,0.7663393156328008
mango_population,popfold6,200600,GC-D,0.1,0,18,0.14209938049316406,200,0.825,4.076716755290829,4.084277246060093,5.888116209829454,1.0,1.4395815781576924,0.9999446130332759,1.0382173991395567
mango_population,popfold6,100100,GC-D2,0.1,0,18,0.17007946968078613,480,0.90625,3.4197150504679024,3.4054386706268387,4.07226081866145,1.0,1.0634754745096024,-0.7537203427482211,0.7510398502047027
mango_population,popfold6,101000,GC-D2,0.1,0,18,0.17007946968078613,1200,0.9675,3.722792958126409,3.7060135243310697,3.9570235796438387,1.0,0.8772128569786567,-0.3377174559486764,0.8099357874008521
mango_population,popfold6,103104,GC-D2,0.1,0,18,0.17007946968078613,399,0.9824561403508771,3.5346435027711203,3.3693487833963687,3.5917188360771877,1.0,0.7042580659867838,0.031044750574973988,0.7044568154799417
mango_population,popfold6,103110,GC-D2,0.1,0,18,0.17007946968078613,224,0.9776785714285714,3.517987541972965,3.5019583183422807,3.734861223809592,1.0,0.7793500295977451,0.24714520038945076,0.7407803453028284
mango_population,popfold6,103900,GC-D2,0.1,0,18,0.17007946968078613,320,0.890625,3.302184142365249,3.2933883020987116,3.9182149633862258,1.0,1.1092400625065695,-0.9315318222450222,0.6031574021981359
mango_population,popfold6,105200,GC-D2,0.1,0,18,0.17007946968078613,478,0.6903765690376569,3.465148148365924,3.435979750400998,6.027642423210491,1.0,1.49610229543696,1.2081635069405532,0.8833433285757363
mango_population,popfold6,106400,GC-D2,0.1,0,18,0.17007946968078613,1200,0.8391666666666666,3.8207444014279788,3.793720140458639,4.991044805777706,1.0,1.3739754670874422,-1.2068423672330486,0.6570386858258138
mango_population,popfold6,109400,GC-D2,0.1,0,18,0.17007946968078613,400,0.985,3.922140161771938,3.8482210217284667,3.997811878580876,1.0,0.7646884708904542,-0.313756005329809,0.6982295021886273
mango_population,popfold6,110601,GC-D2,0.1,0,18,0.17007946968078613,160,0.95,3.5895034163636255,3.5308555407039,3.890641881900372,1.0,0.9881642566647357,-0.255009504759684,0.9576904874845292
mango_population,popfold6,110700,GC-D2,0.1,0,18,0.17007946968078613,240,0.9625,4.253639380819803,4.320593336505646,4.7776615600508885,1.0,1.1586799112155206,0.8668526465507557,0.7704406992875475
mango_population,popfold6,110803,GC-D2,0.1,0,18,0.17007946968078613,80,1.0,3.5470951228377445,3.5611574289227628,3.5470951228377445,1.0,0.43911214106227253,0.09891844702138322,0.4305246881492348
mango_population,popfold6,111201,GC-D2,0.1,0,18,0.17007946968078613,72,0.875,3.7319443111561177,3.7232631857531544,4.839075490244012,1.0,1.2633225778716006,-0.7540394007382489,1.0207247721104864
mango_population,popfold6,111600,GC-D2,0.1,0,18,0.17007946968078613,480,0.9666666666666667,3.8894407952211143,3.8014482822473834,4.109431429590604,1.0,0.9420941569073636,-0.3629782392310765,0.870267800305873
mango_population,popfold6,113800,GC-D2,0.1,0,18,0.17007946968078613,120,0.975,3.6602355111770297,3.715368799818064,3.738373291678935,1.0,0.8531936175229625,-0.24361459030001983,0.8211027307807897
mango_population,popfold6,114100,GC-D2,0.1,0,18,0.17007946968078613,920,0.7663043478260869,3.778545896874881,3.7903752638047417,7.91083726856368,1.0,1.6234576998750108,-0.41708491961560856,1.5698196382693355
mango_population,popfold6,114800,GC-D2,0.1,0,18,0.17007946968078613,160,0.94375,3.6903048628520714,3.839114661688429,4.09186756940774,1.0,1.0718293210866368,0.6869972140001316,0.8252938010855815
mango_population,popfold6,115300,GC-D2,0.1,0,18,0.17007946968078613,160,0.925,3.8882847633711806,3.9974196598814267,4.26030300113627,1.0,1.2105107091226255,1.0019948609100955,0.681354533715127
mango_population,popfold6,115400,GC-D2,0.1,0,18,0.17007946968078613,160,0.925,3.9721566584807038,3.989015594928204,4.708064588819495,1.0,1.306654256437723,0.9845063566118835,0.8618205563535677
mango_population,popfold6,121800,GC-D2,0.1,0,18,0.17007946968078613,96,0.96875,3.8489475037841037,3.8364157640956744,4.227722622951515,1.0,1.0052712464940816,-0.6552951931161859,0.7663393156328008
mango_population,popfold6,200600,GC-D2,0.1,0,18,0.17007946968078613,200,0.855,4.452741425437292,4.47645239109011,5.7830525190200435,1.0,1.4395815781576924,0.9999446130332759,1.0382173991395567
mango_population,popfold6,100100,GC-CQR,0.1,0,18,63.52111291885376,480,0.9770833333333333,3.7053689482443577,3.6632696894544328,3.8109925073940136,1.0,1.0634754745096024,-0.7537203427482211,0.7510398502047027
mango_population,popfold6,101000,GC-CQR,0.1,0,18,63.52111291885376,1200,0.9291666666666667,4.019999970209099,4.0270939791227125,4.591526077721823,1.0,0.8772128569786567,-0.3377174559486764,0.8099357874008521
mango_population,popfold6,103104,GC-CQR,0.1,0,18,63.52111291885376,399,0.9924812030075187,3.2101910994640686,3.1902241387552124,3.2260056700454784,1.0,0.7042580659867838,0.031044750574973988,0.7044568154799417
mango_population,popfold6,103110,GC-CQR,0.1,0,18,63.52111291885376,224,0.9107142857142857,3.245203744163142,3.2008092451272665,4.260938855305414,1.0,0.7793500295977451,0.24714520038945076,0.7407803453028284
mango_population,popfold6,103900,GC-CQR,0.1,0,18,63.52111291885376,320,0.98125,3.885595433837345,3.875364044050488,3.961702095193078,1.0,1.1092400625065695,-0.9315318222450222,0.6031574021981359
mango_population,popfold6,105200,GC-CQR,0.1,0,18,63.52111291885376,478,0.8284518828451883,3.799472460220331,3.7832979707119394,4.900693699448736,1.0,1.49610229543696,1.2081635069405532,0.8833433285757363
mango_population,popfold6,106400,GC-CQR,0.1,0,18,63.52111291885376,1200,0.8391666666666666,4.217975961572483,4.079855522339983,5.180932954280386,1.0,1.3739754670874422,-1.2068423672330486,0.6570386858258138
mango_population,popfold6,109400,GC-CQR,0.1,0,18,63.52111291885376,400,0.9425,3.647840659724777,3.641365990808854,3.8816543165705473,1.0,0.7646884708904542,-0.313756005329809,0.6982295021886273
mango_population,popfold6,110601,GC-CQR,0.1,0,18,63.52111291885376,160,0.975,4.032869678856184,3.9153022597746396,4.130129974393858,1.0,0.9881642566647357,-0.255009504759684,0.9576904874845292
mango_population,popfold6,110700,GC-CQR,0.1,0,18,63.52111291885376,240,0.95,3.5970787913191864,3.5457877603849006,4.186902907532424,1.0,1.1586799112155206,0.8668526465507557,0.7704406992875475
mango_population,popfold6,110803,GC-CQR,0.1,0,18,63.52111291885376,80,0.9875,3.7748403539535227,3.734619288864873,3.7876202226110025,1.0,0.43911214106227253,0.09891844702138322,0.4305246881492348
mango_population,popfold6,111201,GC-CQR,0.1,0,18,63.52111291885376,72,0.9305555555555556,4.6339183480124655,4.583015025901112,5.1462887763014,1.0,1.2633225778716006,-0.7540394007382489,1.0207247721104864
mango_population,popfold6,111600,GC-CQR,0.1,0,18,63.52111291885376,480,0.925,3.6993008582424163,3.6283309684626346,4.444556443265479,1.0,0.9420941569073636,-0.3629782392310765,0.870267800305873
mango_population,popfold6,113800,GC-CQR,0.1,0,18,63.52111291885376,120,0.95,4.017443490306184,3.92285637444356,4.538578318713002,1.0,0.8531936175229625,-0.24361459030001983,0.8211027307807897
mango_population,popfold6,114100,GC-CQR,0.1,0,18,63.52111291885376,920,0.8130434782608695,4.0819376647720675,4.11355986661533,7.489137260148435,1.0,1.6234576998750108,-0.41708491961560856,1.5698196382693355
mango_population,popfold6,114800,GC-CQR,0.1,0,18,63.52111291885376,160,0.91875,4.112340021905164,4.0269053770903485,4.715451764060825,1.0,1.0718293210866368,0.6869972140001316,0.8252938010855815
mango_population,popfold6,115300,GC-CQR,0.1,0,18,63.52111291885376,160,0.76875,4.835969447840765,4.78737974351027,7.482593328504185,1.0,1.2105107091226255,1.0019948609100955,0.681354533715127
mango_population,popfold6,115400,GC-CQR,0.1,0,18,63.52111291885376,160,0.9125,3.8330867516557645,3.7031367884783197,4.263408698038632,1.0,1.306654256437723,0.9845063566118835,0.8618205563535677
mango_population,popfold6,121800,GC-CQR,0.1,0,18,63.52111291885376,96,0.9791666666666666,3.992348260710816,3.908814027341589,4.247170118210762,1.0,1.0052712464940816,-0.6552951931161859,0.7663393156328008
mango_population,popfold6,200600,GC-CQR,0.1,0,18,63.52111291885376,200,0.95,4.467297302137129,4.361344374434285,4.883033098298227,1.0,1.4395815781576924,0.9999446130332759,1.0382173991395567
mango_population,popfold6,100100,CQR,0.1,0,18,6.291093349456787,480,0.9083333333333333,3.2495551161851504,3.216400756200935,3.746485486372102,1.0,1.0634754745096024,-0.7537203427482211,0.7510398502047027
mango_population,popfold6,101000,CQR,0.1,0,18,6.291093349456787,1200,0.8725,3.500545068061456,3.483531197606439,4.854850528049339,1.0,0.8772128569786567,-0.3377174559486764,0.8099357874008521
mango_population,popfold6,103104,CQR,0.1,0,18,6.291093349456787,399,0.9824561403508771,2.784273846052736,2.77053368162089,2.8455121189871524,1.0,0.7042580659867838,0.031044750574973988,0.7044568154799417
mango_population,popfold6,103110,CQR,0.1,0,18,6.291093349456787,224,0.8482142857142857,2.715543118876649,2.6812226652489004,4.313744185371026,1.0,0.7793500295977451,0.24714520038945076,0.7407803453028284
mango_population,popfold6,103900,CQR,0.1,0,18,6.291093349456787,320,0.946875,3.4176935858293986,3.4530788115708146,3.6704678878875314,1.0,1.1092400625065695,-0.9315318222450222,0.6031574021981359
mango_population,popfold6,105200,CQR,0.1,0,18,6.291093349456787,478,0.7112970711297071,3.419473336370691,3.412471803116614,5.553726998324033,1.0,1.49610229543696,1.2081635069405532,0.8833433285757363
mango_population,popfold6,106400,CQR,0.1,0,18,6.291093349456787,1200,0.7266666666666667,3.863933962221102,3.715976641269476,6.0738238202672346,1.0,1.3739754670874422,-1.2068423672330486,0.6570386858258138
mango_population,popfold6,109400,CQR,0.1,0,18,6.291093349456787,400,0.9075,3.160149892765321,3.113763410848958,3.9409638372364846,1.0,0.7646884708904542,-0.313756005329809,0.6982295021886273
mango_population,popfold6,110601,CQR,0.1,0,18,6.291093349456787,160,0.9125,3.6208951294704876,3.5377507063968263,4.198779383815039,1.0,0.9881642566647357,-0.255009504759684,0.9576904874845292
mango_population,popfold6,110700,CQR,0.1,0,18,6.291093349456787,240,0.9458333333333333,3.2569905184033914,3.2553680215576772,3.960797012800563,1.0,1.1586799112155206,0.8668526465507557,0.7704406992875475
mango_population,popfold6,110803,CQR,0.1,0,18,6.291093349456787,80,0.9625,3.2495796387006997,3.2481513190713196,3.508965205647172,1.0,0.43911214106227253,0.09891844702138322,0.4305246881492348
mango_population,popfold6,111201,CQR,0.1,0,18,6.291093349456787,72,0.875,4.01721164333873,4.0269249434648104,4.984571702311492,1.0,1.2633225778716006,-0.7540394007382489,1.0207247721104864
mango_population,popfold6,111600,CQR,0.1,0,18,6.291093349456787,480,0.88125,3.213726813180452,3.145164808562164,4.593222508037432,1.0,0.9420941569073636,-0.3629782392310765,0.870267800305873
mango_population,popfold6,113800,CQR,0.1,0,18,6.291093349456787,120,0.925,3.5497335121508486,3.4535156291833253,4.252955194696252,1.0,0.8531936175229625,-0.24361459030001983,0.8211027307807897
mango_population,popfold6,114100,CQR,0.1,0,18,6.291093349456787,920,0.758695652173913,3.646905773941786,3.710115293170823,8.327291602332823,1.0,1.6234576998750108,-0.41708491961560856,1.5698196382693355
mango_population,popfold6,114800,CQR,0.1,0,18,6.291093349456787,160,0.9,3.7505904661748573,3.710272574518595,4.782509685927631,1.0,1.0718293210866368,0.6869972140001316,0.8252938010855815
mango_population,popfold6,115300,CQR,0.1,0,18,6.291093349456787,160,0.63125,4.299474771690912,4.3283691644803985,9.695884557617035,1.0,1.2105107091226255,1.0019948609100955,0.681354533715127
mango_population,popfold6,115400,CQR,0.1,0,18,6.291093349456787,160,0.8625,3.3641002281579304,3.1996881906574552,4.427477739609,1.0,1.306654256437723,0.9845063566118835,0.8618205563535677
mango_population,popfold6,121800,CQR,0.1,0,18,6.291093349456787,96,0.96875,3.4746584312241926,3.425163471818993,3.798860012095519,1.0,1.0052712464940816,-0.6552951931161859,0.7663393156328008
mango_population,popfold6,200600,CQR,0.1,0,18,6.291093349456787,200,0.93,3.934625566288555,3.781932478411056,4.531132992177062,1.0,1.4395815781576924,0.9999446130332759,1.0382173991395567
mango_population,popfold6,100100,SCP,0.1,0,18,0.00036787986755371094,480,0.90625,3.632844775718844,3.6328447757188442,4.180763403968823,1.0,1.0634754745096024,-0.7537203427482211,0.7510398502047027
mango_population,popfold6,101000,SCP,0.1,0,18,0.00036787986755371094,1200,0.9483333333333334,3.632844775718845,3.6328447757188442,4.064787213596023,1.0,0.8772128569786567,-0.3377174559486764,0.8099357874008521
mango_population,popfold6,103104,SCP,0.1,0,18,0.00036787986755371094,399,0.9899749373433584,3.6328447757188442,3.6328447757188442,3.668294672424267,1.0,0.7042580659867838,0.031044750574973988,0.7044568154799417
mango_population,popfold6,103110,SCP,0.1,0,18,0.00036787986755371094,224,0.9732142857142857,3.6328447757188442,3.6328447757188442,3.829945551218206,1.0,0.7793500295977451,0.24714520038945076,0.7407803453028284
mango_population,popfold6,103900,SCP,0.1,0,18,0.00036787986755371094,320,0.925,3.6328447757188442,3.6328447757188442,4.084855161295169,1.0,1.1092400625065695,-0.9315318222450222,0.6031574021981359
mango_population,popfold6,105200,SCP,0.1,0,18,0.00036787986755371094,478,0.7552301255230126,3.6328447757188442,3.6328447757188442,5.471797759214393,1.0,1.49610229543696,1.2081635069405532,0.8833433285757363
mango_population,popfold6,106400,SCP,0.1,0,18,0.00036787986755371094,1200,0.8083333333333333,3.6328447757188442,3.6328447757188442,4.961319378676667,1.0,1.3739754670874422,-1.2068423672330486,0.6570386858258138
mango_population,popfold6,109400,SCP,0.1,0,18,0.00036787986755371094,400,0.985,3.632844775718844,3.6328447757188442,3.7279698605980416,1.0,0.7646884708904542,-0.313756005329809,0.6982295021886273
mango_population,popfold6,110601,SCP,0.1,0,18,0.00036787986755371094,160,0.9625,3.6328447757188442,3.6328447757188442,3.9381341445114835,1.0,0.9881642566647357,-0.255009504759684,0.9576904874845292
mango_population,popfold6,110700,SCP,0.1,0,18,0.00036787986755371094,240,0.875,3.6328447757188442,3.6328447757188442,4.593704863524814,1.0,1.1586799112155206,0.8668526465507557,0.7704406992875475
mango_population,popfold6,110803,SCP,0.1,0,18,0.00036787986755371094,80,1.0,3.6328447757188442,3.6328447757188442,3.6328447757188442,1.0,0.43911214106227253,0.09891844702138322,0.4305246881492348
mango_population,popfold6,111201,SCP,0.1,0,18,0.00036787986755371094,72,0.8611111111111112,3.6328447757188442,3.6328447757188442,4.994912124293197,1.0,1.2633225778716006,-0.7540394007382489,1.0207247721104864
mango_population,popfold6,111600,SCP,0.1,0,18,0.00036787986755371094,480,0.9520833333333333,3.6328447757188447,3.6328447757188442,3.9943683977724165,1.0,0.9420941569073636,-0.3629782392310765,0.870267800305873
mango_population,popfold6,113800,SCP,0.1,0,18,0.00036787986755371094,120,0.975,3.6328447757188447,3.6328447757188442,3.7715790668026994,1.0,0.8531936175229625,-0.24361459030001983,0.8211027307807897
mango_population,popfold6,114100,SCP,0.1,0,18,0.00036787986755371094,920,0.7608695652173914,3.6328447757188442,3.6328447757188442,8.09083350595468,1.0,1.6234576998750108,-0.41708491961560856,1.5698196382693355
mango_population,popfold6,114800,SCP,0.1,0,18,0.00036787986755371094,160,0.925,3.6328447757188442,3.6328447757188442,4.059958098234847,1.0,1.0718293210866368,0.6869972140001316,0.8252938010855815
mango_population,popfold6,115300,SCP,0.1,0,18,0.00036787986755371094,160,0.875,3.6328447757188442,3.6328447757188442,4.50787546935213,1.0,1.2105107091226255,1.0019948609100955,0.681354533715127
mango_population,popfold6,115400,SCP,0.1,0,18,0.00036787986755371094,160,0.88125,3.6328447757188442,3.6328447757188442,5.174925572325508,1.0,1.306654256437723,0.9845063566118835,0.8618205563535677
mango_population,popfold6,121800,SCP,0.1,0,18,0.00036787986755371094,96,0.9375,3.6328447757188442,3.6328447757188442,4.294448244120179,1.0,1.0052712464940816,-0.6552951931161859,0.7663393156328008
mango_population,popfold6,200600,SCP,0.1,0,18,0.00036787986755371094,200,0.79,3.632844775718844,3.6328447757188442,6.306061070528398,1.0,1.4395815781576924,0.9999446130332759,1.0382173991395567
mango_population,popfold7,100900,GC-D,0.1,0,20,0.12154030799865723,144,0.7152777777777778,3.4476409900306058,3.433767979940619,7.281542780498829,1.0,1.5973995366432499,1.3195417751464327,0.9034171677574889
mango_population,popfold7,102400,GC-D,0.1,0,20,0.12154030799865723,160,0.925,4.007152898229242,4.023342368952826,4.352457127975962,1.0,1.348615678917298,-1.1974606443502913,0.6223123886646752
mango_population,popfold7,102600,GC-D,0.1,0,20,0.12154030799865723,180,0.9111111111111111,3.2451228495379576,3.1236118948674916,3.827639210003892,1.0,0.9654793612812261,-0.7446174868978659,0.6162833960847417
mango_population,popfold7,102900,GC-D,0.1,0,20,0.12154030799865723,480,0.9125,3.6951202753662313,3.5327829594469984,4.184392310087611,1.0,1.2379646510614217,0.46092202129261717,1.1501579599524188
mango_population,popfold7,103000,GC-D,0.1,0,20,0.12154030799865723,552,0.9764492753623188,3.759762809126152,3.6205418785505916,3.964380730388219,1.0,0.9048988102009319,-0.02150859868882008,0.9054636926229773
mango_population,popfold7,104000,GC-D,0.1,0,20,0.12154030799865723,60,0.8833333333333333,3.7189114287852694,3.741917039527088,4.924310159171294,1.0,1.1920029553260634,-0.9087821623342716,0.7778628001518751
mango_population,popfold7,104400,GC-D,0.1,0,20,0.12154030799865723,38,0.7894736842105263,3.689056370672299,3.656144047759671,7.866172668930261,1.0,1.7419763982197671,-1.1221332898613212,1.3502887455582728
mango_population,popfold7,106300,GC-D,0.1,0,20,0.12154030799865723,720,0.8652777777777778,3.7293966621317534,3.6983062089422507,5.136298621449238,1.0,1.3144533003583205,-0.8587013822082596,0.9958900093513575
mango_population,popfold7,106800,GC-D,0.1,0,20,0.12154030799865723,400,0.985,3.3784605794688964,3.3573769562151865,3.4446977882000946,1.0,0.691700363641061,-0.3550192466743566,0.5943853652792047
mango_population,popfold7,107500,GC-D,0.1,0,20,0.12154030799865723,1008,0.9623015873015873,3.586344201935865,3.590802124212173,3.9122968993199554,1.0,0.899628122167478,0.600200913250303,0.6704741529507936
mango_population,popfold7,108600,GC-D,0.1,0,20,0.12154030799865723,400,0.9875,3.4173198624058903,3.4097577048417893,3.4556861305899305,1.0,0.6516303177536298,0.0822545072632438,0.6472275688389985
mango_population,popfold7,109000,GC-D,0.1,0,20,0.12154030799865723,480,0.73125,3.4633512386013545,3.408414812192653,6.712811222098512,1.0,1.544840072763355,1.2174226586945955,0.9519984494184686
mango_population,popfold7,110100,GC-D,0.1,0,20,0.12154030799865723,480,0.9479166666666666,3.5236238346132267,3.5197815608156677,3.8562859956882516,1.0,0.8983456965561054,-0.1905738931924968,0.8788148681778399
mango_population,popfold7,110802,GC-D,0.1,0,20,0.12154030799865723,40,1.0,3.530182892903518,3.5446028459323067,3.530182892903518,1.0,0.7196852685866149,0.3486056717904088,0.6376406603321869
mango_population,popfold7,110900,GC-D,0.1,0,20,0.12154030799865723,240,0.6666666666666666,3.512997598339163,3.4643620429318887,5.7066419742776535,1.0,1.574904501241011,-1.4392391212282036,0.6408009684190773
mango_population,popfold7,111100,GC-D,0.1,0,20,0.12154030799865723,239,0.99581589958159,3.3534964183216207,3.3257489832845426,3.356474404281863,1.0,0.7065179747069864,0.39560375447959384,0.5866047121098812
mango_population,popfold7,111200,GC-D,0.1,0,20,0.12154030799865723,240,0.9708333333333333,3.4618085816465776,3.470228845949414,3.5768277997767823,1.0,0.8247326385832691,-0.5475116385132436,0.6180668451780513
mango_population,popfold7,113600,GC-D,0.1,0,20,0.12154030799865723,112,0.9642857142857143,3.678409361337583,3.7523833909206674,3.803130207881459,1.0,0.807052017868382,0.3295128774212959,0.7400296621386754
mango_population,popfold7,115000,GC-D,0.1,0,20,0.12154030799865723,144,0.9652777777777778,4.137509820178859,4.214580828316397,4.3674907134768555,1.0,1.00995466676811,0.8240959643269796,0.5858822464148059
mango_population,popfold7,122300,GC-D,0.1,0,20,0.12154030799865723,80,0.0625,3.3500913778012325,3.3613841771294197,22.72180066511317,1.0,2.680565989478468,2.628789106988097,0.527618825711291
mango_population,popfold7,100900,GC-D2,0.1,0,20,0.14352965354919434,144,0.7152777777777778,3.5287109923814617,3.4874361078555527,7.237226348263767,1.0,1.5973995366432499,1.3195417751464327,0.9034171677574889
mango_population,popfold7,102400,GC-D2,0.1,0,20,0.14352965354919434,160,0.8875,3.8198269616333547,3.8096107685403453,4.315744100501314,1.0,1.348615678917298,-1.1974606443502913,0.6223123886646752
mango_population,popfold7,102600,GC-D2,0.1,0,20,0.14352965354919434,180,0.9,3.2218264035945507,3.0933060612998773,3.8709089287282223,1.0,0.9654793612812261,-0.7446174868978659,0.6162833960847417
mango_population,popfold7,102900,GC-D2,0.1,0,20,0.14352965354919434,480,0.8875,3.5670015734965594,3.385789608639236,4.173053213142867,1.0,1.2379646510614217,0.46092202129261717,1.1501579599524188
mango_population,popfold7,103000,GC-D2,0.1,0,20,0.14352965354919434,552,0.9692028985507246,3.5906470693838264,3.406433899864611,3.851082610759724,1.0,0.9048988102009319,-0.02150859868882008,0.9054636926229773
mango_population,popfold7,104000,GC-D2,0.1,0,20,0.14352965354919434,60,0.8833333333333333,3.8141210536643233,3.8199776419179177,5.117643829849069,1.0,1.1920029553260634,-0.9087821623342716,0.7778628001518751
mango_population,popfold7,104400,GC-D2,0.1,0,20,0.14352965354919434,38,0.8157894736842105,3.9261868482826836,3.9566312007175055,8.085814209897967,1.0,1.7419763982197671,-1.1221332898613212,1.3502887455582728
mango_population,popfold7,106300,GC-D2,0.1,0,20,0.14352965354919434,720,0.825,3.4323706820087736,3.424195257616235,5.3698874315122085,1.0,1.3144533003583205,-0.8587013822082596,0.9958900093513575
mango_population,popfold7,106800,GC-D2,0.1,0,20,0.14352965354919434,400,0.9825,3.3983541392323486,3.375516539856231,3.4563027395509764,1.0,0.691700363641061,-0.3550192466743566,0.5943853652792047
mango_population,popfold7,107500,GC-D2,0.1,0,20,0.14352965354919434,1008,0.9652777777777778,3.555251707837683,3.527668853993541,3.8017254403307867,1.0,0.899628122167478,0.600200913250303,0.6704741529507936
mango_population,popfold7,108600,GC-D2,0.1,0,20,0.14352965354919434,400,0.985,3.3727467660071127,3.3503286816606623,3.412334394466302,1.0,0.6516303177536298,0.0822545072632438,0.6472275688389985
mango_population,popfold7,109000,GC-D2,0.1,0,20,0.14352965354919434,480,0.8,3.8073547650850825,3.7491076866166075,5.83967620427367,1.0,1.544840072763355,1.2174226586945955,0.9519984494184686
mango_population,popfold7,110100,GC-D2,0.1,0,20,0.14352965354919434,480,0.9416666666666667,3.5665269319763317,3.5381133148314703,3.9760438356173333,1.0,0.8983456965561054,-0.1905738931924968,0.8788148681778399
mango_population,popfold7,110802,GC-D2,0.1,0,20,0.14352965354919434,40,1.0,3.340156917237361,3.343632860956605,3.340156917237361,1.0,0.7196852685866149,0.3486056717904088,0.6376406603321869
mango_population,popfold7,110900,GC-D2,0.1,0,20,0.14352965354919434,240,0.7208333333333333,3.7067195962523543,3.6850467001841594,5.581299590515749,1.0,1.574904501241011,-1.4392391212282036,0.6408009684190773
mango_population,popfold7,111100,GC-D2,0.1,0,20,0.14352965354919434,239,1.0,3.4466484569644105,3.404689469726705,3.4466484569644105,1.0,0.7065179747069864,0.39560375447959384,0.5866047121098812
mango_population,popfold7,111200,GC-D2,0.1,0,20,0.14352965354919434,240,0.9791666666666666,3.718866978424612,3.730777847394066,3.796369513371037,1.0,0.8247326385832691,-0.5475116385132436,0.6180668451780513
mango_population,popfold7,113600,GC-D2,0.1,0,20,0.14352965354919434,112,0.9464285714285714,3.415520258997224,3.4919800208100344,3.6381876555305483,1.0,0.807052017868382,0.3295128774212959,0.7400296621386754
mango_population,popfold7,115000,GC-D2,0.1,0,20,0.14352965354919434,144,0.9513888888888888,3.782884424520485,3.8675389778273157,4.097111867936695,1.0,1.00995466676811,0.8240959643269796,0.5858822464148059
mango_population,popfold7,122300,GC-D2,0.1,0,20,0.14352965354919434,80,0.05,3.170596607090391,3.186875054531721,24.25543010033534,1.0,2.680565989478468,2.628789106988097,0.527618825711291
mango_population,popfold7,100900,GC-CQR,0.1,0,20,70.83725118637085,144,0.9236111111111112,4.61986542882565,4.673537197920678,6.139328789727256,1.0,1.5973995366432499,1.3195417751464327,0.9034171677574889
mango_population,popfold7,102400,GC-CQR,0.1,0,20,70.83725118637085,160,0.975,4.363677779083664,4.322001052691913,4.395959751071661,1.0,1.348615678917298,-1.1974606443502913,0.6223123886646752
mango_population,popfold7,102600,GC-CQR,0.1,0,20,70.83725118637085,180,0.95,3.75622552081653,3.7570001742429255,3.8796581058765267,1.0,0.9654793612812261,-0.7446174868978659,0.6162833960847417
mango_population,popfold7,102900,GC-CQR,0.1,0,20,70.83725118637085,480,0.8583333333333333,3.9561378701627645,3.7384295092525646,5.301157052522454,1.0,1.2379646510614217,0.46092202129261717,1.1501579599524188
mango_population,popfold7,103000,GC-CQR,0.1,0,20,70.83725118637085,552,0.9782608695652174,4.045713802728152,3.8401157374273387,4.218127535723221,1.0,0.9048988102009319,-0.02150859868882008,0.9054636926229773
mango_population,popfold7,104000,GC-CQR,0.1,0,20,70.83725118637085,60,0.85,4.143069339688142,4.226625533619991,5.598809288983344,1.0,1.1920029553260634,-0.9087821623342716,0.7778628001518751
mango_population,popfold7,104400,GC-CQR,0.1,0,20,70.83725118637085,38,0.868421052631579,3.8646720933080347,3.7885867040681553,6.708956057553969,1.0,1.7419763982197671,-1.1221332898613212,1.3502887455582728
mango_population,popfold7,106300,GC-CQR,0.1,0,20,70.83725118637085,720,0.9291666666666667,4.009671139632569,3.9662215080828345,4.674750650529379,1.0,1.3144533003583205,-0.8587013822082596,0.9958900093513575
mango_population,popfold7,106800,GC-CQR,0.1,0,20,70.83725118637085,400,0.96,3.3153929802474282,3.2406791367980627,3.475620125736993,1.0,0.691700363641061,-0.3550192466743566,0.5943853652792047
mango_population,popfold7,107500,GC-CQR,0.1,0,20,70.83725118637085,1008,0.9880952380952381,3.9209520852292723,3.9436622598963407,3.969741193954582,1.0,0.899628122167478,0.600200913250303,0.6704741529507936
mango_population,popfold7,108600,GC-CQR,0.1,0,20,70.83725118637085,400,0.99,3.4628589391144606,3.4272452376146854,3.527529591598701,1.0,0.6516303177536298,0.0822545072632438,0.6472275688389985
mango_population,popfold7,109000,GC-CQR,0.1,0,20,70.83725118637085,480,1.0,4.170122974835923,4.189830912333679,4.170122974835923,1.0,1.544840072763355,1.2174226586945955,0.9519984494184686
mango_population,popfold7,110100,GC-CQR,0.1,0,20,70.83725118637085,480,0.93125,3.2231938860090623,3.217913096318001,3.5408403270073316,1.0,0.8983456965561054,-0.1905738931924968,0.8788148681778399
mango_population,popfold7,110802,GC-CQR,0.1,0,20,70.83725118637085,40,0.975,2.711671610705377,2.7238269988632613,2.8915851069709246,1.0,0.7196852685866149,0.3486056717904088,0.6376406603321869
mango_population,popfold7,110900,GC-CQR,0.1,0,20,70.83725118637085,240,0.35833333333333334,3.382929405224913,3.314278251002431,11.000062827920406,1.0,1.574904501241011,-1.4392391212282036,0.6408009684190773
mango_population,popfold7,111100,GC-CQR,0.1,0,20,70.83725118637085,239,0.99581589958159,3.2604055998245896,3.2372008769072345,3.2874775287947298,1.0,0.7065179747069864,0.39560375447959384,0.5866047121098812
mango_population,popfold7,111200,GC-CQR,0.1,0,20,70.83725118637085,240,0.65,3.171767818503736,3.11075612938379,6.018552182062388,1.0,0.8247326385832691,-0.5475116385132436,0.6180668451780513
mango_population,popfold7,113600,GC-CQR,0.1,0,20,70.83725118637085,112,0.7589285714285714,4.206094765903158,4.163691650927127,6.954956631278364,1.0,0.807052017868382,0.3295128774212959,0.7400296621386754
mango_population,popfold7,115000,GC-CQR,0.1,0,20,70.83725118637085,144,0.9513888888888888,4.993718415519485,4.949002528406734,5.201690389538426,1.0,1.00995466676811,0.8240959643269796,0.5858822464148059
mango_population,popfold7,122300,GC-CQR,0.1,0,20,70.83725118637085,80,0.3875,4.68635956204127,4.6738559156868655,10.766323892668746,1.0,2.680565989478468,2.628789106988097,0.527618825711291
mango_population,popfold7,100900,CQR,0.1,0,20,6.927996873855591,144,0.8611111111111112,4.079201476576106,4.13322440278498,6.216718980048715,1.0,1.5973995366432499,1.3195417751464327,0.9034171677574889
mango_population,popfold7,102400,CQR,0.1,0,20,6.927996873855591,160,0.93125,4.271421658018737,4.3088818218725935,4.509758397732542,1.0,1.348615678917298,-1.1974606443502913,0.6223123886646752
mango_population,popfold7,102600,CQR,0.1,0,20,6.927996873855591,180,0.9111111111111111,3.156137122556149,3.1399357248158246,3.688097967296767,1.0,0.9654793612812261,-0.7446174868978659,0.6162833960847417
mango_population,popfold7,102900,CQR,0.1,0,20,6.927996873855591,480,0.80625,3.5002460831121236,3.3593033171713405,6.089606125194073,1.0,1.2379646510614217,0.46092202129261717,1.1501579599524188
mango_population,popfold7,103000,CQR,0.1,0,20,6.927996873855591,552,0.9528985507246377,3.5956382581202417,3.404721440579814,3.915120379741151,1.0,0.9048988102009319,-0.02150859868882008,0.9054636926229773
mango_population,popfold7,104000,CQR,0.1,0,20,6.927996873855591,60,0.8,3.723783882920535,3.7158333154377408,5.780212704818768,1.0,1.1920029553260634,-0.9087821623342716,0.7778628001518751
mango_population,popfold7,104400,CQR,0.1,0,20,6.927996873855591,38,0.7368421052631579,3.442396957193742,3.400068886490967,7.398089376266409,1.0,1.7419763982197671,-1.1221332898613212,1.3502887455582728
mango_population,popfold7,106300,CQR,0.1,0,20,6.927996873855591,720,0.9055555555555556,3.664744909505225,3.5597014288602056,4.665328394744232,1.0,1.3144533003583205,-0.8587013822082596,0.9958900093513575
mango_population,popfold7,106800,CQR,0.1,0,20,6.927996873855591,400,0.9025,2.868547622569023,2.835642710185441,3.3924787483234407,1.0,0.691700363641061,-0.3550192466743566,0.5943853652792047
mango_population,popfold7,107500,CQR,0.1,0,20,6.927996873855591,1008,0.9682539682539683,3.4997001104869323,3.5105324093757257,3.7366979656508743,1.0,0.899628122167478,0.600200913250303,0.6704741529507936
mango_population,popfold7,108600,CQR,0.1,0,20,6.927996873855591,400,0.975,3.052482432975375,3.028465847843151,3.227971082313732,1.0,0.6516303177536298,0.0822545072632438,0.6472275688389985
mango_population,popfold7,109000,CQR,0.1,0,20,6.927996873855591,480,1.0,3.652735502657993,3.6624537262788666,3.652735502657993,1.0,1.544840072763355,1.2174226586945955,0.9519984494184686
mango_population,popfold7,110100,CQR,0.1,0,20,6.927996873855591,480,0.8875,2.85543875730154,2.8598138247198026,3.5010866195596813,1.0,0.8983456965561054,-0.1905738931924968,0.8788148681778399
mango_population,popfold7,110802,CQR,0.1,0,20,6.927996873855591,40,0.95,2.493108997263372,2.4488766369472446,2.7629699863609907,1.0,0.7196852685866149,0.3486056717904088,0.6376406603321869
mango_population,popfold7,110900,CQR,0.1,0,20,6.927996873855591,240,0.17916666666666667,2.8422025408132665,2.7860627250618855,15.573055320779345,1.0,1.574904501241011,-1.4392391212282036,0.6408009684190773
mango_population,popfold7,111100,CQR,0.1,0,20,6.927996873855591,239,0.9748953974895398,2.805272395318795,2.7126397213254076,3.008344988610639,1.0,0.7065179747069864,0.39560375447959384,0.5866047121098812
mango_population,popfold7,111200,CQR,0.1,0,20,6.927996873855591,240,0.35833333333333334,2.5904382693154715,2.505208268676122,9.818330256621836,1.0,0.8247326385832691,-0.5475116385132436,0.6180668451780513
mango_population,popfold7,113600,CQR,0.1,0,20,6.927996873855591,112,0.6071428571428571,3.7660535687654604,3.629988693936621,8.942208732427385,1.0,0.807052017868382,0.3295128774212959,0.7400296621386754
mango_population,popfold7,115000,CQR,0.1,0,20,6.927996873855591,144,0.8680555555555556,4.604777071408259,4.565937203581011,5.20970921285525,1.0,1.00995466676811,0.8240959643269796,0.5858822464148059
mango_population,popfold7,122300,CQR,0.1,0,20,6.927996873855591,80,0.3,4.128943896151134,4.1261404024078105,13.790026696156193,1.0,2.680565989478468,2.628789106988097,0.527618825711291
mango_population,popfold7,100900,SCP,0.1,0,20,0.0003581047058105469,144,0.7291666666666666,3.527804352194505,3.5278043521945044,6.953601692600721,1.0,1.5973995366432499,1.3195417751464327,0.9034171677574889
mango_population,popfold7,102400,SCP,0.1,0,20,0.0003581047058105469,160,0.80625,3.5278043521945044,3.5278043521945044,4.902287155242246,1.0,1.348615678917298,-1.1974606443502913,0.6223123886646752
mango_population,popfold7,102600,SCP,0.1,0,20,0.0003581047058105469,180,0.9444444444444444,3.527804352194504,3.5278043521945044,3.722483220546386,1.0,0.9654793612812261,-0.7446174868978659,0.6162833960847417
mango_population,popfold7,102900,SCP,0.1,0,20,0.0003581047058105469,480,0.83125,3.5278043521945053,3.5278043521945044,4.705146347180348,1.0,1.2379646510614217,0.46092202129261717,1.1501579599524188
mango_population,popfold7,103000,SCP,0.1,0,20,0.0003581047058105469,552,0.9420289855072463,3.5278043521945044,3.5278043521945044,4.2073361558123175,1.0,0.9048988102009319,-0.02150859868882008,0.9054636926229773
mango_population,popfold7,104000,SCP,0.1,0,20,0.0003581047058105469,60,0.8666666666666667,3.527804352194503,3.5278043521945044,4.861000995777518,1.0,1.1920029553260634,-0.9087821623342716,0.7778628001518751
mango_population,popfold7,104400,SCP,0.1,0,20,0.0003581047058105469,38,0.7105263157894737,3.5278043521945044,3.527804352194506,7.824921421411358,1.0,1.7419763982197671,-1.1221332898613212,1.3502887455582728
mango_population,popfold7,106300,SCP,0.1,0,20,0.0003581047058105469,720,0.8305555555555556,3.527804352194504,3.5278043521945044,5.5292010990176825,1.0,1.3144533003583205,-0.8587013822082596,0.9958900093513575
mango_population,popfold7,106800,SCP,0.1,0,20,0.0003581047058105469,400,0.995,3.527804352194504,3.5278043521945044,3.5548776433395055,1.0,0.691700363641061,-0.3550192466743566,0.5943853652792047
mango_population,popfold7,107500,SCP,0.1,0,20,0.0003581047058105469,1008,0.9503968253968254,3.5278043521945044,3.5278043521945044,3.986873886986779,1.0,0.899628122167478,0.600200913250303,0.6704741529507936
mango_population,popfold7,108600,SCP,0.1,0,20,0.0003581047058105469,400,0.9925,3.5278043521945053,3.5278043521945044,3.558358744522794,1.0,0.6516303177536298,0.0822545072632438,0.6472275688389985
mango_population,popfold7,109000,SCP,0.1,0,20,0.0003581047058105469,480,0.7291666666666666,3.5278043521945053,3.527804352194508,7.45402417097111,1.0,1.544840072763355,1.2174226586945955,0.9519984494184686
mango_population,popfold7,110100,SCP,0.1,0,20,0.0003581047058105469,480,0.9520833333333333,3.527804352194504,3.5278043521945044,3.872286823913683,1.0,0.8983456965561054,-0.1905738931924968,0.8788148681778399
mango_population,popfold7,110802,SCP,0.1,0,20,0.0003581047058105469,40,1.0,3.5278043521945044,3.5278043521945044,3.5278043521945044,1.0,0.7196852685866149,0.3486056717904088,0.6376406603321869
mango_population,popfold7,110900,SCP,0.1,0,20,0.0003581047058105469,240,0.7,3.527804352194505,3.527804352194506,5.984343276220661,1.0,1.574904501241011,-1.4392391212282036,0.6408009684190773
mango_population,popfold7,111100,SCP,0.1,0,20,0.0003581047058105469,239,0.99581589958159,3.527804352194505,3.527804352194506,3.5374521135159713,1.0,0.7065179747069864,0.39560375447959384,0.5866047121098812
mango_population,popfold7,111200,SCP,0.1,0,20,0.0003581047058105469,240,0.9791666666666666,3.5278043521945053,3.527804352194508,3.614784855702928,1.0,0.8247326385832691,-0.5475116385132436,0.6180668451780513
mango_population,popfold7,113600,SCP,0.1,0,20,0.0003581047058105469,112,0.9553571428571429,3.527804352194505,3.5278043521945044,3.690708688511811,1.0,0.807052017868382,0.3295128774212959,0.7400296621386754
mango_population,popfold7,115000,SCP,0.1,0,20,0.0003581047058105469,144,0.9375,3.527804352194505,3.5278043521945044,3.9226380572953223,1.0,1.00995466676811,0.8240959643269796,0.5858822464148059
mango_population,popfold7,122300,SCP,0.1,0,20,0.0003581047058105469,80,0.075,3.5278043521945035,3.5278043521945044,21.18121427960269,1.0,2.680565989478468,2.628789106988097,0.527618825711291
mango_population,popfold8,101200,GC-D,0.1,0,18,0.11953377723693848,1439,0.8665740097289785,3.5616792442231824,3.578789423414502,4.445937071116604,1.0,1.1783105481454714,-0.5945498994575721,1.017666872425597
mango_population,popfold8,101300,GC-D,0.1,0,18,0.11953377723693848,720,0.8694444444444445,3.69128049252444,3.6711551862853593,4.488373312231326,1.0,1.17375607920755,-0.8465346107677653,0.8136350123849397
mango_population,popfold8,103101,GC-D,0.1,0,18,0.11953377723693848,480,1.0,3.5858487193057567,3.691146579516217,3.5858487193057567,1.0,0.5864793035915452,0.09797173992079054,0.578841557144118
mango_population,popfold8,103105,GC-D,0.1,0,18,0.11953377723693848,1120,0.9651785714285714,3.5824455556159673,3.5438344575703207,3.778086980060174,1.0,0.9628562892142922,-0.5375443990883213,0.7991924224865146
mango_population,popfold8,104600,GC-D,0.1,0,18,0.11953377723693848,616,0.913961038961039,3.7647206617025306,3.7837603492457497,4.324377982706789,1.0,1.1546130306178588,0.9650164384198192,0.6344509268357464
mango_population,popfold8,105000,GC-D,0.1,0,18,0.11953377723693848,400,0.9825,3.413956214154201,3.416846346920723,3.546291830052328,1.0,0.9151327800579881,0.7694789773756981,0.4959688207856324
mango_population,popfold8,105600,GC-D,0.1,0,18,0.11953377723693848,240,0.9958333333333333,3.605224382948356,3.6134277084438438,3.618094479594009,1.0,0.5078230844500656,-0.21504668870296526,0.4610040417088568
mango_population,popfold8,106100,GC-D,0.1,0,18,0.11953377723693848,720,0.9555555555555556,4.294222890305004,4.263596638244726,4.6146799067570035,1.0,1.0332187088552183,-0.5645874570210263,0.8659233944106604
mango_population,popfold8,107200,GC-D,0.1,0,18,0.11953377723693848,400,0.985,3.4456406069517027,3.390530899589768,3.514823707424853,1.0,0.6165744527460664,-0.21273630820805603,0.5794365242744683
mango_population,popfold8,107201,GC-D,0.1,0,18,0.11953377723693848,320,0.921875,3.6201035767989063,3.633011693000367,4.141663091609384,1.0,1.0857622537205398,-0.59249914433597,0.9112735574414452
mango_population,popfold8,107205,GC-D,0.1,0,18,0.11953377723693848,80,0.275,3.310384626689712,3.3178202751213774,11.094949261271465,1.0,2.03759841183692,-1.7310340572249843,1.0816435598334435
mango_population,popfold8,108200,GC-D,0.1,0,18,0.11953377723693848,320,0.99375,3.800762257227194,3.7265550217223655,3.8127661281473513,1.0,0.6903047893895625,-0.19728838583187178,0.6625479421285917
mango_population,popfold8,108900,GC-D,0.1,0,18,0.11953377723693848,400,0.99,3.5305925383087122,3.5302595430046315,3.5629040900835944,1.0,0.6869480495779309,0.3447370684765055,0.5949275783621805
mango_population,popfold8,109200,GC-D,0.1,0,18,0.11953377723693848,400,0.985,3.6349652284696674,3.5731765284101646,3.692805834895266,1.0,0.7840166239028524,0.3119427526227548,0.7201877962008639
mango_population,popfold8,109900,GC-D,0.1,0,18,0.11953377723693848,748,0.9946524064171123,3.658786546902112,3.6447045367929247,3.681352596708301,1.0,0.7326441008810375,0.031882391886969105,0.7324398234523317
mango_population,popfold8,110400,GC-D,0.1,0,18,0.11953377723693848,400,0.845,3.565722271809615,3.521127543449019,5.085725602491121,1.0,1.2183168274436147,0.657670514870328,1.026840488769269
mango_population,popfold8,112600,GC-D,0.1,0,18,0.11953377723693848,616,0.836038961038961,3.92657577199305,3.854606834455611,6.546007352115511,1.0,1.5096551642319573,0.9511599632771216,1.1732809383051244
mango_population,popfold8,113700,GC-D,0.1,0,18,0.11953377723693848,152,0.5986842105263158,3.494271289192924,3.5036892859458533,8.437752690284682,1.0,1.8046043732722268,1.5387262743043206,0.945941474721763
mango_population,popfold8,122100,GC-D,0.1,0,18,0.11953377723693848,24,0.7083333333333334,3.836242072627126,3.7542716771133247,8.611347110219281,1.0,1.8483078306185463,1.5351229558713684,1.0515277566677457
mango_population,popfold8,122400,GC-D,0.1,0,18,0.11953377723693848,160,0.9875,4.28215208062006,4.077554299749526,4.331884556314949,1.0,0.8841039808171804,0.31337225517610723,0.829298516073911
mango_population,popfold8,101200,GC-D2,0.1,0,18,0.17020964622497559,1439,0.8700486448922863,3.5410713604834485,3.518485421849199,4.414418892982681,1.0,1.1783105481454714,-0.5945498994575721,1.017666872425597
mango_population,popfold8,101300,GC-D2,0.1,0,18,0.17020964622497559,720,0.8763888888888889,3.7052652656110014,3.6890281094238695,4.495664404691335,1.0,1.17375607920755,-0.8465346107677653,0.8136350123849397
mango_population,popfold8,103101,GC-D2,0.1,0,18,0.17020964622497559,480,0.9979166666666667,3.6516702267986743,3.738929045306546,3.6523782602323553,1.0,0.5864793035915452,0.09797173992079054,0.578841557144118
mango_population,popfold8,103105,GC-D2,0.1,0,18,0.17020964622497559,1120,0.9589285714285715,3.5006971035767833,3.4854496905889665,3.7326805536274867,1.0,0.9628562892142922,-0.5375443990883213,0.7991924224865146
mango_population,popfold8,104600,GC-D2,0.1,0,18,0.17020964622497559,616,0.887987012987013,3.610234689779183,3.62184415164125,4.266931498171233,1.0,1.1546130306178588,0.9650164384198192,0.6344509268357464
mango_population,popfold8,105000,GC-D2,0.1,0,18,0.17020964622497559,400,0.975,3.2650883455585777,3.264294301356875,3.4131996226787136,1.0,0.9151327800579881,0.7694789773756981,0.4959688207856324
mango_population,popfold8,105600,GC-D2,0.1,0,18,0.17020964622497559,240,0.9958333333333333,3.693601298860143,3.6754541985669897,3.702959894331561,1.0,0.5078230844500656,-0.21504668870296526,0.4610040417088568
mango_population,popfold8,106100,GC-D2,0.1,0,18,0.17020964622497559,720,0.9513888888888888,4.2422281638860735,4.206438176265589,4.631583472713022,1.0,1.0332187088552183,-0.5645874570210263,0.8659233944106604
mango_population,popfold8,107200,GC-D2,0.1,0,18,0.17020964622497559,400,0.9875,3.384349792628052,3.342069192227502,3.4509378556932235,1.0,0.6165744527460664,-0.21273630820805603,0.5794365242744683
mango_population,popfold8,107201,GC-D2,0.1,0,18,0.17020964622497559,320,0.915625,3.5751270056411295,3.6201277931788827,4.134445362529493,1.0,1.0857622537205398,-0.59249914433597,0.9112735574414452
mango_population,popfold8,107205,GC-D2,0.1,0,18,0.17020964622497559,80,0.3125,3.424372639739906,3.427492457408313,10.446610643473617,1.0,2.03759841183692,-1.7310340572249843,1.0816435598334435
mango_population,popfold8,108200,GC-D2,0.1,0,18,0.17020964622497559,320,0.99375,3.917938169062006,3.8181940170157747,3.922535753575242,1.0,0.6903047893895625,-0.19728838583187178,0.6625479421285917
mango_population,popfold8,108900,GC-D2,0.1,0,18,0.17020964622497559,400,0.9825,3.4736658286909305,3.457619636949925,3.5293105446572075,1.0,0.6869480495779309,0.3447370684765055,0.5949275783621805
mango_population,popfold8,109200,GC-D2,0.1,0,18,0.17020964622497559,400,0.99,3.8844224926846858,3.8158908365290536,3.9118948773705697,1.0,0.7840166239028524,0.3119427526227548,0.7201877962008639
mango_population,popfold8,109900,GC-D2,0.1,0,18,0.17020964622497559,748,0.983957219251337,3.7734281296138947,3.737258306819916,3.818773920839402,1.0,0.7326441008810375,0.031882391886969105,0.7324398234523317
mango_population,popfold8,110400,GC-D2,0.1,0,18,0.17020964622497559,400,0.8775,3.7341839704596884,3.735830079679033,4.918575409338874,1.0,1.2183168274436147,0.657670514870328,1.026840488769269
mango_population,popfold8,112600,GC-D2,0.1,0,18,0.17020964622497559,616,0.801948051948052,3.831765199828265,3.808322945514682,7.049070324559531,1.0,1.5096551642319573,0.9511599632771216,1.1732809383051244
mango_population,popfold8,113700,GC-D2,0.1,0,18,0.17020964622497559,152,0.5723684210526315,3.3868056351760503,3.3103535885034283,8.385413349710166,1.0,1.8046043732722268,1.5387262743043206,0.945941474721763
mango_population,popfold8,122100,GC-D2,0.1,0,18,0.17020964622497559,24,0.625,3.5628599210371146,3.4476534714677776,9.192208465371474,1.0,1.8483078306185463,1.5351229558713684,1.0515277566677457
mango_population,popfold8,122400,GC-D2,0.1,0,18,0.17020964622497559,160,0.9875,4.353103511536097,3.7278464645992697,4.403662397599857,1.0,0.8841039808171804,0.31337225517610723,0.829298516073911
mango_population,popfold8,101200,GC-CQR,0.1,0,18,62.85803771018982,1439,0.9485753995830438,4.03635420011557,4.015555235497541,4.3361977686457855,1.0,1.1783105481454714,-0.5945498994575721,1.017666872425597
mango_population,popfold8,101300,GC-CQR,0.1,0,18,62.85803771018982,720,0.9458333333333333,3.8415363495993233,3.8080158573613145,4.14056946363229,1.0,1.17375607920755,-0.8465346107677653,0.8136350123849397
mango_population,popfold8,103101,GC-CQR,0.1,0,18,62.85803771018982,480,1.0,3.626477569078022,3.6224072324384995,3.626477569078022,1.0,0.5864793035915452,0.09797173992079054,0.578841557144118
mango_population,popfold8,103105,GC-CQR,0.1,0,18,62.85803771018982,1120,0.9732142857142857,3.6478435714160056,3.5936450233542425,3.8142904218438356,1.0,0.9628562892142922,-0.5375443990883213,0.7991924224865146
mango_population,popfold8,104600,GC-CQR,0.1,0,18,62.85803771018982,616,0.9285714285714286,3.9841476736408863,3.9860947783187424,4.316592969197588,1.0,1.1546130306178588,0.9650164384198192,0.6344509268357464
mango_population,popfold8,105000,GC-CQR,0.1,0,18,62.85803771018982,400,0.97,3.8608637800144856,3.8521441556538853,4.00171620127465,1.0,0.9151327800579881,0.7694789773756981,0.4959688207856324
mango_population,popfold8,105600,GC-CQR,0.1,0,18,62.85803771018982,240,1.0,3.8435517262993444,3.819159593462415,3.8435517262993444,1.0,0.5078230844500656,-0.21504668870296526,0.4610040417088568
mango_population,popfold8,106100,GC-CQR,0.1,0,18,62.85803771018982,720,0.8708333333333333,4.339550459593607,4.267764804402507,5.787323913469101,1.0,1.0332187088552183,-0.5645874570210263,0.8659233944106604
mango_population,popfold8,107200,GC-CQR,0.1,0,18,62.85803771018982,400,0.985,3.489382771285262,3.465695477382786,3.5429752377315755,1.0,0.6165744527460664,-0.21273630820805603,0.5794365242744683
mango_population,popfold8,107201,GC-CQR,0.1,0,18,62.85803771018982,320,0.953125,3.569406572785198,3.425934535990052,3.761296290636742,1.0,1.0857622537205398,-0.59249914433597,0.9112735574414452
mango_population,popfold8,107205,GC-CQR,0.1,0,18,62.85803771018982,80,0.7,3.802905167139295,3.7680644716597333,7.156863481358661,1.0,2.03759841183692,-1.7310340572249843,1.0816435598334435
mango_population,popfold8,108200,GC-CQR,0.1,0,18,62.85803771018982,320,0.971875,3.9743775418565397,4.011544571654195,4.1430294211319945,1.0,0.6903047893895625,-0.19728838583187178,0.6625479421285917
mango_population,popfold8,108900,GC-CQR,0.1,0,18,62.85803771018982,400,0.9775,3.526209393916579,3.451855375560773,3.6378801866995194,1.0,0.6869480495779309,0.3447370684765055,0.5949275783621805
mango_population,popfold8,109200,GC-CQR,0.1,0,18,62.85803771018982,400,0.9975,4.036541361611194,4.085943916157592,4.036673683781511,1.0,0.7840166239028524,0.3119427526227548,0.7201877962008639
mango_population,popfold8,109900,GC-CQR,0.1,0,18,62.85803771018982,748,0.9558823529411765,3.832537836540619,3.7404649073535596,4.087802256924244,1.0,0.7326441008810375,0.031882391886969105,0.7324398234523317
mango_population,popfold8,110400,GC-CQR,0.1,0,18,62.85803771018982,400,0.9075,4.160049853308559,4.160315128300075,4.88279961207686,1.0,1.2183168274436147,0.657670514870328,1.026840488769269
mango_population,popfold8,112600,GC-CQR,0.1,0,18,62.85803771018982,616,0.672077922077922,4.05761814967788,3.941723021020805,14.326246350717833,1.0,1.5096551642319573,0.9511599632771216,1.1732809383051244
mango_population,popfold8,113700,GC-CQR,0.1,0,18,62.85803771018982,152,0.6907894736842105,3.695320004719548,3.7205459123068554,7.094163053598307,1.0,1.8046043732722268,1.5387262743043206,0.945941474721763
mango_population,popfold8,122100,GC-CQR,0.1,0,18,62.85803771018982,24,0.3333333333333333,3.796441619477775,3.8231760230760523,15.058724984291805,1.0,1.8483078306185463,1.5351229558713684,1.0515277566677457
mango_population,popfold8,122400,GC-CQR,0.1,0,18,62.85803771018982,160,0.98125,4.350163159532608,4.259661202032664,4.416034945737164,1.0,0.8841039808171804,0.31337225517610723,0.829298516073911
mango_population,popfold8,101200,CQR,0.1,0,18,5.972812175750732,1439,0.8707435719249479,3.4214887466795005,3.3817069225021346,4.312287829110955,1.0,1.1783105481454714,-0.5945498994575721,1.017666872425597
mango_population,popfold8,101300,CQR,0.1,0,18,5.972812175750732,720,0.8527777777777777,3.2872007196002198,3.2590855409423343,4.308635507319694,1.0,1.17375607920755,-0.8465346107677653,0.8136350123849397
mango_population,popfold8,103101,CQR,0.1,0,18,5.972812175750732,480,0.9854166666666667,3.013884904664378,3.0407003373881256,3.034996097715433,1.0,0.5864793035915452,0.09797173992079054,0.578841557144118
mango_population,popfold8,103105,CQR,0.1,0,18,5.972812175750732,1120,0.9178571428571428,2.9553877019545856,2.9105080066959887,3.4139575037290437,1.0,0.9628562892142922,-0.5375443990883213,0.7991924224865146
mango_population,popfold8,104600,CQR,0.1,0,18,5.972812175750732,616,0.8262987012987013,3.3900928810708084,3.3732616406304263,4.579425457242086,1.0,1.1546130306178588,0.9650164384198192,0.6344509268357464
mango_population,popfold8,105000,CQR,0.1,0,18,5.972812175750732,400,0.915,3.2246035408643037,3.1983171546575972,3.9533342184915923,1.0,0.9151327800579881,0.7694789773756981,0.4959688207856324
mango_population,popfold8,105600,CQR,0.1,0,18,5.972812175750732,240,0.9958333333333333,3.2613049621066987,3.239887926518076,3.2627599706245283,1.0,0.5078230844500656,-0.21504668870296526,0.4610040417088568
mango_population,popfold8,106100,CQR,0.1,0,18,5.972812175750732,720,0.8166666666666667,3.7301102947860234,3.621352932375512,6.001835064989495,1.0,1.0332187088552183,-0.5645874570210263,0.8659233944106604
mango_population,popfold8,107200,CQR,0.1,0,18,5.972812175750732,400,0.9425,2.8545977176592436,2.821043493864562,3.200505517695756,1.0,0.6165744527460664,-0.21273630820805603,0.5794365242744683
mango_population,popfold8,107201,CQR,0.1,0,18,5.972812175750732,320,0.875,2.9197816535270302,2.8069715293141657,3.6238611136512686,1.0,1.0857622537205398,-0.59249914433597,0.9112735574414452
mango_population,popfold8,107205,CQR,0.1,0,18,5.972812175750732,80,0.3375,3.3024830063732815,3.290020030802827,10.606211885085749,1.0,2.03759841183692,-1.7310340572249843,1.0816435598334435
mango_population,popfold8,108200,CQR,0.1,0,18,5.972812175750732,320,0.95625,3.3343881245134126,3.352235045622793,3.744963989250027,1.0,0.6903047893895625,-0.19728838583187178,0.6625479421285917
mango_population,popfold8,108900,CQR,0.1,0,18,5.972812175750732,400,0.89,2.8626839712269736,2.7565298608033144,3.504340129033744,1.0,0.6869480495779309,0.3447370684765055,0.5949275783621805
mango_population,popfold8,109200,CQR,0.1,0,18,5.972812175750732,400,0.9825,3.5619191076878773,3.589548967686768,3.6643400828179806,1.0,0.7840166239028524,0.3119427526227548,0.7201877962008639
mango_population,popfold8,109900,CQR,0.1,0,18,5.972812175750732,748,0.8997326203208557,3.1589424589315707,3.0483315079730957,4.009281334486739,1.0,0.7326441008810375,0.031882391886969105,0.7324398234523317
mango_population,popfold8,110400,CQR,0.1,0,18,5.972812175750732,400,0.84,3.5631045792244267,3.5963667478495296,4.948178181781213,1.0,1.2183168274436147,0.657670514870328,1.026840488769269
mango_population,popfold8,112600,CQR,0.1,0,18,5.972812175750732,616,0.6087662337662337,3.415775772475668,3.272457198643827,15.138248890920702,1.0,1.5096551642319573,0.9511599632771216,1.1732809383051244
mango_population,popfold8,113700,CQR,0.1,0,18,5.972812175750732,152,0.4934210526315789,2.9618247623111333,2.910935473253926,9.515377942672117,1.0,1.8046043732722268,1.5387262743043206,0.945941474721763
mango_population,popfold8,122100,CQR,0.1,0,18,5.972812175750732,24,0.2916666666666667,2.9732134145483493,3.01991677015943,18.47619241203715,1.0,1.8483078306185463,1.5351229558713684,1.0515277566677457
mango_population,popfold8,122400,CQR,0.1,0,18,5.972812175750732,160,0.9625,3.7633828936884357,3.7272636526053606,3.9821689797753166,1.0,0.8841039808171804,0.31337225517610723,0.829298516073911
mango_population,popfold8,101200,SCP,0.1,0,18,0.00038242340087890625,1439,0.8450312717164697,3.4828075402997776,3.4828075402997776,4.552263551985692,1.0,1.1783105481454714,-0.5945498994575721,1.017666872425597
mango_population,popfold8,101300,SCP,0.1,0,18,0.00038242340087890625,720,0.85,3.482807540299778,3.4828075402997776,4.484129239839668,1.0,1.17375607920755,-0.8465346107677653,0.8136350123849397
mango_population,popfold8,103101,SCP,0.1,0,18,0.00038242340087890625,480,1.0,3.482807540299778,3.4828075402997776,3.482807540299778,1.0,0.5864793035915452,0.09797173992079054,0.578841557144118
mango_population,popfold8,103105,SCP,0.1,0,18,0.00038242340087890625,1120,0.9607142857142857,3.482807540299777,3.4828075402997776,3.690519402244461,1.0,0.9628562892142922,-0.5375443990883213,0.7991924224865146
mango_population,popfold8,104600,SCP,0.1,0,18,0.00038242340087890625,616,0.8733766233766234,3.4828075402997767,3.4828075402997776,4.260213803680343,1.0,1.1546130306178588,0.9650164384198192,0.6344509268357464
mango_population,popfold8,105000,SCP,0.1,0,18,0.00038242340087890625,400,0.98,3.4828075402997776,3.4828075402997776,3.5778467871907313,1.0,0.9151327800579881,0.7694789773756981,0.4959688207856324
mango_population,popfold8,105600,SCP,0.1,0,18,0.00038242340087890625,240,0.9916666666666667,3.4828075402997767,3.482807540299776,3.5113747490706344,1.0,0.5078230844500656,-0.21504668870296526,0.4610040417088568
mango_population,popfold8,106100,SCP,0.1,0,18,0.00038242340087890625,720,0.9069444444444444,3.482807540299778,3.4828075402997776,4.44201866245099,1.0,1.0332187088552183,-0.5645874570210263,0.8659233944106604
mango_population,popfold8,107200,SCP,0.1,0,18,0.00038242340087890625,400,0.99,3.4828075402997776,3.4828075402997776,3.5524097955955405,1.0,0.6165744527460664,-0.21273630820805603,0.5794365242744683
mango_population,popfold8,107201,SCP,0.1,0,18,0.00038242340087890625,320,0.8875,3.4828075402997767,3.4828075402997776,4.346377879798792,1.0,1.0857622537205398,-0.59249914433597,0.9112735574414452
mango_population,popfold8,107205,SCP,0.1,0,18,0.00038242340087890625,80,0.3125,3.4828075402997767,3.482807540299776,10.24262069094553,1.0,2.03759841183692,-1.7310340572249843,1.0816435598334435
mango_population,popfold8,108200,SCP,0.1,0,18,0.00038242340087890625,320,0.98125,3.4828075402997776,3.4828075402997776,3.5273384269981833,1.0,0.6903047893895625,-0.19728838583187178,0.6625479421285917
mango_population,popfold8,108900,SCP,0.1,0,18,0.00038242340087890625,400,0.9875,3.4828075402997776,3.4828075402997776,3.5294080427966117,1.0,0.6869480495779309,0.3447370684765055,0.5949275783621805
mango_population,popfold8,109200,SCP,0.1,0,18,0.00038242340087890625,400,0.9775,3.4828075402997776,3.482807540299776,3.576938096867674,1.0,0.7840166239028524,0.3119427526227548,0.7201877962008639
mango_population,popfold8,109900,SCP,0.1,0,18,0.00038242340087890625,748,0.9893048128342246,3.482807540299777,3.4828075402997776,3.5208268309190736,1.0,0.7326441008810375,0.031882391886969105,0.7324398234523317
mango_population,popfold8,110400,SCP,0.1,0,18,0.00038242340087890625,400,0.8475,3.4828075402997776,3.482807540299776,5.081915692751274,1.0,1.2183168274436147,0.657670514870328,1.026840488769269
mango_population,popfold8,112600,SCP,0.1,0,18,0.00038242340087890625,616,0.7678571428571429,3.482807540299777,3.4828075402997776,7.213550099428477,1.0,1.5096551642319573,0.9511599632771216,1.1732809383051244
mango_population,popfold8,113700,SCP,0.1,0,18,0.00038242340087890625,152,0.5789473684210527,3.482807540299777,3.4828075402997776,9.753518440107614,1.0,1.8046043732722268,1.5387262743043206,0.945941474721763
mango_population,popfold8,122100,SCP,0.1,0,18,0.00038242340087890625,24,0.6666666666666666,3.4828075402997776,3.4828075402997776,9.53486383800331,1.0,1.8483078306185463,1.5351229558713684,1.0515277566677457
mango_population,popfold8,122400,SCP,0.1,0,18,0.00038242340087890625,160,0.95,3.4828075402997785,3.4828075402997776,3.8248230061932516,1.0,0.8841039808171804,0.31337225517610723,0.829298516073911
mango_population,popfold9,101700,GC-D,0.1,0,19,0.12512946128845215,80,0.9875,4.349481914664944,4.353233247470431,4.369973948484898,1.0,0.8996812136184777,0.5967152916903438,0.6775661184428396
mango_population,popfold9,102503,GC-D,0.1,0,19,0.12512946128845215,600,0.9983333333333333,3.720579765774066,3.6991631519556734,3.7227666488557203,1.0,0.5948159687003178,-0.03260731649120148,0.5944170973945245
mango_population,popfold9,102700,GC-D,0.1,0,19,0.12512946128845215,30,1.0,3.413218637138969,3.346436137304126,3.413218637138969,1.0,0.6176151484412021,0.06563288415989993,0.624616403193883
mango_population,popfold9,102800,GC-D,0.1,0,19,0.12512946128845215,368,0.8532608695652174,3.4232606984162284,3.4220897393783716,4.596341993661235,1.0,1.1472169360381244,0.16875629118190705,1.136281890955807
mango_population,popfold9,103106,GC-D,0.1,0,19,0.12512946128845215,560,0.9339285714285714,3.5605615605469176,3.4790061617226264,3.8996024253481485,1.0,0.9739012558500565,-0.5361862638806723,0.8137385290765191
mango_population,popfold9,105201,GC-D,0.1,0,19,0.12512946128845215,320,1.0,4.039162367818812,4.061872880053385,4.039162367818812,1.0,0.5389948963460337,0.06968063836698574,0.5353088763998242
mango_population,popfold9,106200,GC-D,0.1,0,19,0.12512946128845215,720,1.0,3.671982895035312,3.667730051543699,3.671982895035312,1.0,0.5725752483358154,0.11293994651611139,0.5617163100268582
mango_population,popfold9,106700,GC-D,0.1,0,19,0.12512946128845215,400,0.9,3.33831136163326,3.3170590820053967,3.872519335181969,1.0,1.0212697832664197,-0.870957289532291,0.533983347645328
mango_population,popfold9,107204,GC-D,0.1,0,19,0.12512946128845215,288,0.9618055555555556,3.6922195088985155,3.627625300620049,3.922359056524898,1.0,0.8251776297638406,0.2967872408582209,0.771298310050757
mango_population,popfold9,108000,GC-D,0.1,0,19,0.12512946128845215,400,0.9,3.596670693571655,3.502021910944536,4.843133328081132,1.0,1.1745856578042109,0.797040083851324,0.8638542601101189
mango_population,popfold9,109500,GC-D,0.1,0,19,0.12512946128845215,880,1.0,3.7036064939380466,3.6462436485466476,3.7036064939380466,1.0,0.5908048715624288,0.09992316346317212,0.5826246630585176
mango_population,popfold9,109800,GC-D,0.1,0,19,0.12512946128845215,78,0.358974358974359,3.517951313106263,3.488986215378194,11.980165458826484,1.0,2.1400615919870476,-2.025562325720094,0.6950936478575739
mango_population,popfold9,110200,GC-D,0.1,0,19,0.12512946128845215,480,0.9520833333333333,3.6674338390375203,3.6369207567787667,3.86781742760117,1.0,0.9375478033986792,-0.40630093096637493,0.8458166858374992
mango_population,popfold9,110801,GC-D,0.1,0,19,0.12512946128845215,80,1.0,3.8284973796739363,3.8192284630836495,3.8284973796739363,1.0,0.4528895819175756,0.25488202873096616,0.3767201894022326
mango_population,popfold9,111800,GC-D,0.1,0,19,0.12512946128845215,480,0.8958333333333334,3.6588722271296374,3.644277421054589,4.646892658601299,1.0,1.1429840175334105,0.15948123265524217,1.132983881951033
mango_population,popfold9,112100,GC-D,0.1,0,19,0.12512946128845215,480,0.86875,3.8679105146510344,3.847629648281714,5.498917550746415,1.0,1.3033677491324531,0.943736466464694,0.8998978209739895
mango_population,popfold9,113000,GC-D,0.1,0,19,0.12512946128845215,320,0.775,3.526981314789066,3.5126983724467387,7.128212499446674,1.0,1.4366011355238737,-0.8546467352878736,1.1565386821614256
mango_population,popfold9,114000,GC-D,0.1,0,19,0.12512946128845215,44,0.8409090909090909,3.8736916290974417,3.828592536636652,4.793789505559703,1.0,1.1453508158133046,-0.3358525193858278,1.1076624177853038
mango_population,popfold9,115100,GC-D,0.1,0,19,0.12512946128845215,152,0.9605263157894737,4.152347104038373,4.2828589015725615,4.331029114734107,1.0,1.2344439629140598,1.008844415512674,0.7137481335279372
mango_population,popfold9,101700,GC-D2,0.1,0,19,0.1421825885772705,80,0.975,4.0134039023855825,3.996031417815912,4.078178539426443,1.0,0.8996812136184777,0.5967152916903438,0.6775661184428396
mango_population,popfold9,102503,GC-D2,0.1,0,19,0.1421825885772705,600,0.9983333333333333,3.583534441475963,3.552510605144504,3.5842509626969483,1.0,0.5948159687003178,-0.03260731649120148,0.5944170973945245
mango_population,popfold9,102700,GC-D2,0.1,0,19,0.1421825885772705,30,1.0,3.1680127687856716,3.0686063206587715,3.1680127687856716,1.0,0.6176151484412021,0.06563288415989993,0.624616403193883
mango_population,popfold9,102800,GC-D2,0.1,0,19,0.1421825885772705,368,0.8288043478260869,3.306339631449552,3.300381423573347,4.645128872511465,1.0,1.1472169360381244,0.16875629118190705,1.136281890955807
mango_population,popfold9,103106,GC-D2,0.1,0,19,0.1421825885772705,560,0.9321428571428572,3.4726843951185304,3.444896225606862,3.8420921753050816,1.0,0.9739012558500565,-0.5361862638806723,0.8137385290765191
mango_population,popfold9,105201,GC-D2,0.1,0,19,0.1421825885772705,320,1.0,3.82036385154296,3.8185301946077264,3.82036385154296,1.0,0.5389948963460337,0.06968063836698574,0.5353088763998242
mango_population,popfold9,106200,GC-D2,0.1,0,19,0.1421825885772705,720,1.0,3.5696997640940897,3.567232800156024,3.5696997640940897,1.0,0.5725752483358154,0.11293994651611139,0.5617163100268582
mango_population,popfold9,106700,GC-D2,0.1,0,19,0.1421825885772705,400,0.9025,3.412062255701617,3.3779215749964413,3.911999104599614,1.0,1.0212697832664197,-0.870957289532291,0.533983347645328
mango_population,popfold9,107204,GC-D2,0.1,0,19,0.1421825885772705,288,0.9652777777777778,3.6207542933712014,3.596179041749684,3.8316606315050166,1.0,0.8251776297638406,0.2967872408582209,0.771298310050757
mango_population,popfold9,108000,GC-D2,0.1,0,19,0.1421825885772705,400,0.9025,3.6325925877715175,3.570430351478901,4.810699562829936,1.0,1.1745856578042109,0.797040083851324,0.8638542601101189
mango_population,popfold9,109500,GC-D2,0.1,0,19,0.1421825885772705,880,1.0,3.6452007575177428,3.582690937180267,3.6452007575177428,1.0,0.5908048715624288,0.09992316346317212,0.5826246630585176
mango_population,popfold9,109800,GC-D2,0.1,0,19,0.1421825885772705,78,0.46153846153846156,3.756328046656312,3.7607348532312663,10.902879254050994,1.0,2.1400615919870476,-2.025562325720094,0.6950936478575739
mango_population,popfold9,110200,GC-D2,0.1,0,19,0.1421825885772705,480,0.94375,3.6627209997205274,3.6242411921580313,3.915842766703541,1.0,0.9375478033986792,-0.40630093096637493,0.8458166858374992
mango_population,popfold9,110801,GC-D2,0.1,0,19,0.1421825885772705,80,1.0,3.756008948593595,3.767056354691901,3.756008948593595,1.0,0.4528895819175756,0.25488202873096616,0.3767201894022326
mango_population,popfold9,111800,GC-D2,0.1,0,19,0.1421825885772705,480,0.9083333333333333,3.823660060039421,3.7934649611015443,4.5590341688905225,1.0,1.1429840175334105,0.15948123265524217,1.132983881951033
mango_population,popfold9,112100,GC-D2,0.1,0,19,0.1421825885772705,480,0.88125,3.9356965899102514,3.90020509238735,5.244183690216625,1.0,1.3033677491324531,0.943736466464694,0.8998978209739895
mango_population,popfold9,113000,GC-D2,0.1,0,19,0.1421825885772705,320,0.771875,3.5220465659344855,3.4924912862637987,7.073786997329412,1.0,1.4366011355238737,-0.8546467352878736,1.1565386821614256
mango_population,popfold9,114000,GC-D2,0.1,0,19,0.1421825885772705,44,0.8409090909090909,3.800197742695194,3.711775166278649,4.759740544841926,1.0,1.1453508158133046,-0.3358525193858278,1.1076624177853038
mango_population,popfold9,115100,GC-D2,0.1,0,19,0.1421825885772705,152,0.9605263157894737,4.071046784376797,4.107866944017562,4.259245273200665,1.0,1.2344439629140598,1.008844415512674,0.7137481335279372
mango_population,popfold9,101700,GC-CQR,0.1,0,19,68.06240272521973,80,0.5875,4.217985275103213,4.102319471897725,8.847329020759574,1.0,0.8996812136184777,0.5967152916903438,0.6775661184428396
mango_population,popfold9,102503,GC-CQR,0.1,0,19,68.06240272521973,600,0.9983333333333333,3.6837621701837033,3.6428643147770776,3.6863359783706104,1.0,0.5948159687003178,-0.03260731649120148,0.5944170973945245
mango_population,popfold9,102700,GC-CQR,0.1,0,19,68.06240272521973,30,0.9666666666666667,3.7065065064512237,3.7456847703944955,3.764810964742107,1.0,0.6176151484412021,0.06563288415989993,0.624616403193883
mango_population,popfold9,102800,GC-CQR,0.1,0,19,68.06240272521973,368,0.9483695652173914,4.179821023935605,4.157411906149129,4.439073595823159,1.0,1.1472169360381244,0.16875629118190705,1.136281890955807
mango_population,popfold9,103106,GC-CQR,0.1,0,19,68.06240272521973,560,0.9357142857142857,3.295867178318142,3.231213123711311,3.632938912298082,1.0,0.9739012558500565,-0.5361862638806723,0.8137385290765191
mango_population,popfold9,105201,GC-CQR,0.1,0,19,68.06240272521973,320,0.853125,3.836719842836996,3.79764459498435,5.536699045935255,1.0,0.5389948963460337,0.06968063836698574,0.5353088763998242
mango_population,popfold9,106200,GC-CQR,0.1,0,19,68.06240272521973,720,0.9666666666666667,3.879024394765387,3.8936542733671464,4.198819200725153,1.0,0.5725752483358154,0.11293994651611139,0.5617163100268582
mango_population,popfold9,106700,GC-CQR,0.1,0,19,68.06240272521973,400,0.935,3.6514978577899306,3.6383298770205847,3.849856107730748,1.0,1.0212697832664197,-0.870957289532291,0.533983347645328
mango_population,popfold9,107204,GC-CQR,0.1,0,19,68.06240272521973,288,0.9444444444444444,3.215822382933718,3.130772424889156,3.6417031265107096,1.0,0.8251776297638406,0.2967872408582209,0.771298310050757
mango_population,popfold9,108000,GC-CQR,0.1,0,19,68.06240272521973,400,0.8725,3.434143726926336,3.3512918315156375,4.609451659542796,1.0,1.1745856578042109,0.797040083851324,0.8638542601101189
mango_population,popfold9,109500,GC-CQR,0.1,0,19,68.06240272521973,880,0.9852272727272727,3.777215896117117,3.7854569850963724,3.851268568379526,1.0,0.5908048715624288,0.09992316346317212,0.5826246630585176
mango_population,popfold9,109800,GC-CQR,0.1,0,19,68.06240272521973,78,0.5897435897435898,5.308613867155464,5.425711758178892,9.842318920728216,1.0,2.1400615919870476,-2.025562325720094,0.6950936478575739
mango_population,popfold9,110200,GC-CQR,0.1,0,19,68.06240272521973,480,0.9770833333333333,3.804679235362184,3.76347345990433,3.857069794879024,1.0,0.9375478033986792,-0.40630093096637493,0.8458166858374992
mango_population,popfold9,110801,GC-CQR,0.1,0,19,68.06240272521973,80,0.9625,3.577877598832052,3.5427420607648425,3.6147025195115177,1.0,0.4528895819175756,0.25488202873096616,0.3767201894022326
mango_population,popfold9,111800,GC-CQR,0.1,0,19,68.06240272521973,480,0.9083333333333333,3.6178611922130473,3.475251701633649,3.947587206910783,1.0,1.1429840175334105,0.15948123265524217,1.132983881951033
mango_population,popfold9,112100,GC-CQR,0.1,0,19,68.06240272521973,480,0.9854166666666667,3.973307069425697,3.85620339606292,4.020762793044983,1.0,1.3033677491324531,0.943736466464694,0.8998978209739895
mango_population,popfold9,113000,GC-CQR,0.1,0,19,68.06240272521973,320,0.771875,3.5991734943532863,3.5666249512660055,7.620319728749152,1.0,1.4366011355238737,-0.8546467352878736,1.1565386821614256
mango_population,popfold9,114000,GC-CQR,0.1,0,19,68.06240272521973,44,0.8636363636363636,3.7457400316743787,3.7482470023326657,5.553368366182022,1.0,1.1453508158133046,-0.3358525193858278,1.1076624177853038
mango_population,popfold9,115100,GC-CQR,0.1,0,19,68.06240272521973,152,0.8947368421052632,4.539230994907161,4.495440090998731,5.348836800606607,1.0,1.2344439629140598,1.008844415512674,0.7137481335279372
mango_population,popfold9,101700,CQR,0.1,0,19,6.339608669281006,80,0.3875,3.901164355988693,3.8675357031246502,11.717516325911863,1.0,0.8996812136184777,0.5967152916903438,0.6775661184428396
mango_population,popfold9,102503,CQR,0.1,0,19,6.339608669281006,600,0.9783333333333334,3.1937104789276227,3.1841249883586347,3.3039505727553418,1.0,0.5948159687003178,-0.03260731649120148,0.5944170973945245
mango_population,popfold9,102700,CQR,0.1,0,19,6.339608669281006,30,0.9666666666666667,3.3261051684558396,3.330455155693234,3.7389807882396555,1.0,0.6176151484412021,0.06563288415989993,0.624616403193883
mango_population,popfold9,102800,CQR,0.1,0,19,6.339608669281006,368,0.9103260869565217,3.7751705976576253,3.7556574131743075,4.467165793674884,1.0,1.1472169360381244,0.16875629118190705,1.136281890955807
mango_population,popfold9,103106,CQR,0.1,0,19,6.339608669281006,560,0.8982142857142857,2.8857178491721016,2.8634627535940558,3.6669420450576093,1.0,0.9739012558500565,-0.5361862638806723,0.8137385290765191
mango_population,popfold9,105201,CQR,0.1,0,19,6.339608669281006,320,0.771875,3.5319369973684864,3.4847314568525567,6.152909947992788,1.0,0.5389948963460337,0.06968063836698574,0.5353088763998242
mango_population,popfold9,106200,CQR,0.1,0,19,6.339608669281006,720,0.925,3.3614195985129913,3.40494397000366,3.9240830815896364,1.0,0.5725752483358154,0.11293994651611139,0.5617163100268582
mango_population,popfold9,106700,CQR,0.1,0,19,6.339608669281006,400,0.8475,3.1870037730410443,3.141830110630024,3.9470480796374052,1.0,1.0212697832664197,-0.870957289532291,0.533983347645328
mango_population,popfold9,107204,CQR,0.1,0,19,6.339608669281006,288,0.9236111111111112,2.8494983382669403,2.667071593812988,3.4589269759156216,1.0,0.8251776297638406,0.2967872408582209,0.771298310050757
mango_population,popfold9,108000,CQR,0.1,0,19,6.339608669281006,400,0.805,2.9344963147989436,2.8255834043897847,5.0308602759501415,1.0,1.1745856578042109,0.797040083851324,0.8638542601101189
mango_population,popfold9,109500,CQR,0.1,0,19,6.339608669281006,880,0.9727272727272728,3.420842322969974,3.4070687804443196,3.5201605526025976,1.0,0.5908048715624288,0.09992316346317212,0.5826246630585176
mango_population,popfold9,109800,CQR,0.1,0,19,6.339608669281006,78,0.38461538461538464,4.690210852695987,4.682969403624222,12.562945122872119,1.0,2.1400615919870476,-2.025562325720094,0.6950936478575739
mango_population,popfold9,110200,CQR,0.1,0,19,6.339608669281006,480,0.9166666666666666,3.3894949226426037,3.3748048180720955,3.909672941281593,1.0,0.9375478033986792,-0.40630093096637493,0.8458166858374992
mango_population,popfold9,110801,CQR,0.1,0,19,6.339608669281006,80,0.85,3.0346632256328796,3.030198663301145,3.676779634308828,1.0,0.4528895819175756,0.25488202873096616,0.3767201894022326
mango_population,popfold9,111800,CQR,0.1,0,19,6.339608669281006,480,0.8458333333333333,3.1528072244653784,2.9330542305176603,4.033844734540796,1.0,1.1429840175334105,0.15948123265524217,1.132983881951033
mango_population,popfold9,112100,CQR,0.1,0,19,6.339608669281006,480,0.9729166666666667,3.429911650821844,3.3085773560463068,3.5520750687713134,1.0,1.3033677491324531,0.943736466464694,0.8998978209739895
mango_population,popfold9,113000,CQR,0.1,0,19,6.339608669281006,320,0.703125,3.098609010020338,3.0782167955023,8.728291217881416,1.0,1.4366011355238737,-0.8546467352878736,1.1565386821614256
mango_population,popfold9,114000,CQR,0.1,0,19,6.339608669281006,44,0.8409090909090909,3.4045863928766917,3.413133674997856,5.754499109949541,1.0,1.1453508158133046,-0.3358525193858278,1.1076624177853038
mango_population,popfold9,115100,CQR,0.1,0,19,6.339608669281006,152,0.8947368421052632,4.0619217819135125,4.058080268940303,4.952466950188575,1.0,1.2344439629140598,1.008844415512674,0.7137481335279372
mango_population,popfold9,101700,SCP,0.1,0,19,0.00038623809814453125,80,0.9625,3.629548784825687,3.629548784825687,3.870794184781149,1.0,0.8996812136184777,0.5967152916903438,0.6775661184428396
mango_population,popfold9,102503,SCP,0.1,0,19,0.00038623809814453125,600,1.0,3.6295487848256864,3.629548784825687,3.6295487848256864,1.0,0.5948159687003178,-0.03260731649120148,0.5944170973945245
mango_population,popfold9,102700,SCP,0.1,0,19,0.00038623809814453125,30,1.0,3.629548784825687,3.629548784825687,3.629548784825687,1.0,0.6176151484412021,0.06563288415989993,0.624616403193883
mango_population,popfold9,102800,SCP,0.1,0,19,0.00038623809814453125,368,0.8668478260869565,3.629548784825687,3.629548784825687,4.590807625826693,1.0,1.1472169360381244,0.16875629118190705,1.136281890955807
mango_population,popfold9,103106,SCP,0.1,0,19,0.00038623809814453125,560,0.95,3.629548784825687,3.629548784825687,3.8964470630935133,1.0,0.9739012558500565,-0.5361862638806723,0.8137385290765191
mango_population,popfold9,105201,SCP,0.1,0,19,0.00038623809814453125,320,1.0,3.629548784825687,3.629548784825687,3.629548784825687,1.0,0.5389948963460337,0.06968063836698574,0.5353088763998242
mango_population,popfold9,106200,SCP,0.1,0,19,0.00038623809814453125,720,0.9986111111111111,3.629548784825687,3.629548784825687,3.6358034904034247,1.0,0.5725752483358154,0.11293994651611139,0.5617163100268582
mango_population,popfold9,106700,SCP,0.1,0,19,0.00038623809814453125,400,0.9525,3.629548784825687,3.629548784825687,3.8207203020984535,1.0,1.0212697832664197,-0.870957289532291,0.533983347645328
mango_population,popfold9,107204,SCP,0.1,0,19,0.00038623809814453125,288,0.96875,3.629548784825687,3.629548784825687,3.8437165537083664,1.0,0.8251776297638406,0.2967872408582209,0.771298310050757
mango_population,popfold9,108000,SCP,0.1,0,19,0.00038623809814453125,400,0.905,3.629548784825687,3.629548784825687,4.97859588592286,1.0,1.1745856578042109,0.797040083851324,0.8638542601101189
mango_population,popfold9,109500,SCP,0.1,0,19,0.00038623809814453125,880,1.0,3.629548784825687,3.629548784825687,3.629548784825687,1.0,0.5908048715624288,0.09992316346317212,0.5826246630585176
mango_population,popfold9,109800,SCP,0.1,0,19,0.00038623809814453125,78,0.4230769230769231,3.629548784825689,3.629548784825687,11.402156532189945,1.0,2.1400615919870476,-2.025562325720094,0.6950936478575739
mango_population,popfold9,110200,SCP,0.1,0,19,0.00038623809814453125,480,0.94375,3.629548784825687,3.629548784825687,3.8302265745891524,1.0,0.9375478033986792,-0.40630093096637493,0.8458166858374992
mango_population,popfold9,110801,SCP,0.1,0,19,0.00038623809814453125,80,1.0,3.629548784825687,3.629548784825687,3.629548784825687,1.0,0.4528895819175756,0.25488202873096616,0.3767201894022326
mango_population,popfold9,111800,SCP,0.1,0,19,0.00038623809814453125,480,0.8895833333333333,3.629548784825687,3.629548784825687,4.756856168300925,1.0,1.1429840175334105,0.15948123265524217,1.132983881951033
mango_population,popfold9,112100,SCP,0.1,0,19,0.00038623809814453125,480,0.8541666666666666,3.629548784825687,3.629548784825687,5.271057140225719,1.0,1.3033677491324531,0.943736466464694,0.8998978209739895
mango_population,popfold9,113000,SCP,0.1,0,19,0.00038623809814453125,320,0.790625,3.629548784825687,3.629548784825687,6.867306197892338,1.0,1.4366011355238737,-0.8546467352878736,1.1565386821614256
mango_population,popfold9,114000,SCP,0.1,0,19,0.00038623809814453125,44,0.8409090909090909,3.629548784825687,3.629548784825687,4.776960276691811,1.0,1.1453508158133046,-0.3358525193858278,1.1076624177853038
mango_population,popfold9,115100,SCP,0.1,0,19,0.00038623809814453125,152,0.881578947368421,3.629548784825687,3.629548784825687,4.196884459408715,1.0,1.2344439629140598,1.008844415512674,0.7137481335279372
