task,fold,group,method,alpha,seed,A,time_s,n,coverage,width_mean,width_median,interval_score,finite_frac,rmse,bias,sep
mango_population,popfold0,101200,GC-D,0.1,2,20,0.1244971752166748,1439,0.8610145934676859,3.619891065426985,3.621325249250905,4.54606128456031,1.0,1.2196977341265909,-0.6842519781820513,1.0100350178140893
mango_population,popfold0,101300,GC-D,0.1,2,20,0.1244971752166748,720,0.8541666666666666,3.684070131964649,3.68663650607395,4.654481793721465,1.0,1.2153599706133327,-0.8974044383064896,0.8201825632447547
mango_population,popfold0,101400,GC-D,0.1,2,20,0.1244971752166748,400,0.9125,3.5211772924649556,3.5189533601328957,3.867050671411572,1.0,1.0282759669560433,-0.7714754033498842,0.6806875237640537
mango_population,popfold0,102300,GC-D,0.1,2,20,0.1244971752166748,160,0.64375,3.70463529996625,3.714688032923358,7.9642740692254534,1.0,1.8573189435734634,-1.707634136688771,0.7327860599674076
mango_population,popfold0,102505,GC-D,0.1,2,20,0.1244971752166748,552,0.9619565217391305,3.768891936396402,3.748037312640225,4.167213382920218,1.0,0.9362741180539822,0.3746171640311488,0.8588407593560823
mango_population,popfold0,103106,GC-D,0.1,2,20,0.1244971752166748,560,0.9375,3.6228046440504778,3.554639215888285,4.0060451620936846,1.0,0.9865280567096163,-0.5057655193151032,0.8477748986540403
mango_population,popfold0,103400,GC-D,0.1,2,20,0.1244971752166748,240,0.8041666666666667,3.4860237525621063,3.4550381282829266,4.465298810770719,1.0,1.3922539156831613,-1.279118893545901,0.5508995962032548
mango_population,popfold0,105300,GC-D,0.1,2,20,0.1244971752166748,320,0.953125,3.535708997431949,3.531111879056036,5.181214821262958,1.0,1.079382730061291,0.6103118571312622,0.8916676018703716
mango_population,popfold0,105800,GC-D,0.1,2,20,0.1244971752166748,240,1.0,3.417385610385483,3.3415860539035727,3.417385610385483,1.0,0.5975193982750668,0.4264304803851757,0.41942755575186386
mango_population,popfold0,106300,GC-D,0.1,2,20,0.1244971752166748,720,0.8791666666666667,3.8571249478564495,3.8220683591258604,5.113755005721128,1.0,1.307585549248282,-0.840421868701596,1.0024303962892716
mango_population,popfold0,107400,GC-D,0.1,2,20,0.1244971752166748,960,0.990625,3.77209105630816,3.7413547535941527,3.7985757300618768,1.0,0.858568439470696,0.6956080488662446,0.5035209080069494
mango_population,popfold0,108200,GC-D,0.1,2,20,0.1244971752166748,320,0.984375,3.7047071225606083,3.738855357709726,3.752539315762628,1.0,0.734242568586542,-0.2296864082111653,0.6984847395025789
mango_population,popfold0,108300,GC-D,0.1,2,20,0.1244971752166748,400,0.9525,3.703186189376233,3.7266735424635593,3.8759500360863375,1.0,1.0035169665640122,-0.6938944317041218,0.7258608715476822
mango_population,popfold0,109700,GC-D,0.1,2,20,0.1244971752166748,312,0.9487179487179487,3.613523017061965,3.5476942691779234,5.000825217132843,1.0,1.0858085065189782,0.4452391320656699,0.9919151879540222
mango_population,popfold0,110800,GC-D,0.1,2,20,0.1244971752166748,320,0.98125,3.8730878496968026,3.900231170931038,3.9414808578442453,1.0,0.7371009548009693,0.4932759601169566,0.5485773173333086
mango_population,popfold0,111201,GC-D,0.1,2,20,0.1244971752166748,72,0.8888888888888888,4.027515515897445,4.024188775056473,5.103239714567009,1.0,1.388221561690224,-0.9752463487337953,0.9948873797179062
mango_population,popfold0,113300,GC-D,0.1,2,20,0.1244971752166748,120,0.9916666666666667,3.7563393884160643,3.791045369229302,3.7752349823207974,1.0,0.8764534226942334,0.41065118822652946,0.7775437756936319
mango_population,popfold0,113600,GC-D,0.1,2,20,0.1244971752166748,112,0.9642857142857143,3.7917017319862163,3.844947149473467,3.931836465251845,1.0,0.843297722800236,0.4007496718615509,0.7453258793626008
mango_population,popfold0,113800,GC-D,0.1,2,20,0.1244971752166748,120,0.9916666666666667,3.6637826960264808,3.7459284102558357,3.6749695773130098,1.0,0.6937746575910586,-0.306675801741478,0.6249220951582314
mango_population,popfold0,115000,GC-D,0.1,2,20,0.1244971752166748,144,0.9791666666666666,4.224729656472943,4.323895257700251,4.42406226491548,1.0,1.0216616837728734,0.8520304354258971,0.5657378966407187
mango_population,popfold0,101200,GC-D2,0.1,2,20,0.13944458961486816,1439,0.8610145934676859,3.5824784451622937,3.569590824519345,4.516679204447004,1.0,1.2196977341265909,-0.6842519781820513,1.0100350178140893
mango_population,popfold0,101300,GC-D2,0.1,2,20,0.13944458961486816,720,0.85,3.678279529083549,3.6712782585570274,4.6687314542329466,1.0,1.2153599706133327,-0.8974044383064896,0.8201825632447547
mango_population,popfold0,101400,GC-D2,0.1,2,20,0.13944458961486816,400,0.9175,3.5109873568891605,3.505589952391861,3.867075837119828,1.0,1.0282759669560433,-0.7714754033498842,0.6806875237640537
mango_population,popfold0,102300,GC-D2,0.1,2,20,0.13944458961486816,160,0.7,3.892509941504245,3.9054309313767073,7.599890503534729,1.0,1.8573189435734634,-1.707634136688771,0.7327860599674076
mango_population,popfold0,102505,GC-D2,0.1,2,20,0.13944458961486816,552,0.9384057971014492,3.5467973573950213,3.5182520263585566,4.084735165378174,1.0,0.9362741180539822,0.3746171640311488,0.8588407593560823
mango_population,popfold0,103106,GC-D2,0.1,2,20,0.13944458961486816,560,0.9321428571428572,3.5161883290777505,3.4954179807668346,3.9312648979440197,1.0,0.9865280567096163,-0.5057655193151032,0.8477748986540403
mango_population,popfold0,103400,GC-D2,0.1,2,20,0.13944458961486816,240,0.7458333333333333,3.361499194959632,3.331577013934232,4.630925189682532,1.0,1.3922539156831613,-1.279118893545901,0.5508995962032548
mango_population,popfold0,105300,GC-D2,0.1,2,20,0.13944458961486816,320,0.946875,3.4083354334501905,3.395378546681476,5.060853093424962,1.0,1.079382730061291,0.6103118571312622,0.8916676018703716
mango_population,popfold0,105800,GC-D2,0.1,2,20,0.13944458961486816,240,1.0,3.2997520286522257,3.2199494925415477,3.2997520286522257,1.0,0.5975193982750668,0.4264304803851757,0.41942755575186386
mango_population,popfold0,106300,GC-D2,0.1,2,20,0.13944458961486816,720,0.8472222222222222,3.5755458678934127,3.5655319548273674,5.291119495102203,1.0,1.307585549248282,-0.840421868701596,1.0024303962892716
mango_population,popfold0,107400,GC-D2,0.1,2,20,0.13944458961486816,960,0.9864583333333333,3.5974608862079984,3.5671361041077754,3.6349918712704206,1.0,0.858568439470696,0.6956080488662446,0.5035209080069494
mango_population,popfold0,108200,GC-D2,0.1,2,20,0.13944458961486816,320,0.984375,3.7741994643942745,3.769406131545754,3.8231569208829526,1.0,0.734242568586542,-0.2296864082111653,0.6984847395025789
mango_population,popfold0,108300,GC-D2,0.1,2,20,0.13944458961486816,400,0.96,3.7646701930731115,3.7886370997329095,3.9680791908774227,1.0,1.0035169665640122,-0.6938944317041218,0.7258608715476822
mango_population,popfold0,109700,GC-D2,0.1,2,20,0.13944458961486816,312,0.9519230769230769,3.715327686261486,3.6242926184319195,4.964312119512322,1.0,1.0858085065189782,0.4452391320656699,0.9919151879540222
mango_population,popfold0,110800,GC-D2,0.1,2,20,0.13944458961486816,320,0.971875,3.6450156086085572,3.656928954420108,3.7921560922199986,1.0,0.7371009548009693,0.4932759601169566,0.5485773173333086
mango_population,popfold0,111201,GC-D2,0.1,2,20,0.13944458961486816,72,0.8472222222222222,3.6631053865763143,3.6627374056930773,5.157564793105619,1.0,1.388221561690224,-0.9752463487337953,0.9948873797179062
mango_population,popfold0,113300,GC-D2,0.1,2,20,0.13944458961486816,120,0.975,3.8179775048009796,3.81681077919702,3.8453531909345258,1.0,0.8764534226942334,0.41065118822652946,0.7775437756936319
mango_population,popfold0,113600,GC-D2,0.1,2,20,0.13944458961486816,112,0.9464285714285714,3.5462011129636557,3.6091091633066945,3.784148085757111,1.0,0.843297722800236,0.4007496718615509,0.7453258793626008
mango_population,popfold0,113800,GC-D2,0.1,2,20,0.13944458961486816,120,0.9916666666666667,3.529029471386069,3.588129187934297,3.545720353090666,1.0,0.6937746575910586,-0.306675801741478,0.6249220951582314
mango_population,popfold0,115000,GC-D2,0.1,2,20,0.13944458961486816,144,0.9583333333333334,3.891608197056941,3.9967232905452494,4.1369469006406865,1.0,1.0216616837728734,0.8520304354258971,0.5657378966407187
mango_population,popfold0,101200,GC-CQR,0.1,2,20,69.08740305900574,1439,0.9589993050729674,3.9891198537308137,3.958419998458064,4.21680701382599,1.0,1.2196977341265909,-0.6842519781820513,1.0100350178140893
mango_population,popfold0,101300,GC-CQR,0.1,2,20,69.08740305900574,720,0.9625,3.8741548813620152,3.883784403697568,4.079548024075145,1.0,1.2153599706133327,-0.8974044383064896,0.8201825632447547
mango_population,popfold0,101400,GC-CQR,0.1,2,20,69.08740305900574,400,0.99,3.9658056566822824,3.836622909961588,3.9857643989974814,1.0,1.0282759669560433,-0.7714754033498842,0.6806875237640537
mango_population,popfold0,102300,GC-CQR,0.1,2,20,69.08740305900574,160,0.88125,4.446003276819241,4.405596846853813,6.024491322797778,1.0,1.8573189435734634,-1.707634136688771,0.7327860599674076
mango_population,popfold0,102505,GC-CQR,0.1,2,20,69.08740305900574,552,0.8496376811594203,3.3953829031391556,3.3394624058397104,5.0573026881118,1.0,0.9362741180539822,0.3746171640311488,0.8588407593560823
mango_population,popfold0,103106,GC-CQR,0.1,2,20,69.08740305900574,560,0.9535714285714286,3.3919319583587075,3.3804830240929356,3.716060113155655,1.0,0.9865280567096163,-0.5057655193151032,0.8477748986540403
mango_population,popfold0,103400,GC-CQR,0.1,2,20,69.08740305900574,240,0.9083333333333333,3.799266879582004,3.707094412964085,4.529710006712905,1.0,1.3922539156831613,-1.279118893545901,0.5508995962032548
mango_population,popfold0,105300,GC-CQR,0.1,2,20,69.08740305900574,320,0.971875,3.6082126752126045,3.5590125954487197,5.309377448145865,1.0,1.079382730061291,0.6103118571312622,0.8916676018703716
mango_population,popfold0,105800,GC-CQR,0.1,2,20,69.08740305900574,240,1.0,3.5265445082926394,3.495019040835495,3.5265445082926394,1.0,0.5975193982750668,0.4264304803851757,0.41942755575186386
mango_population,popfold0,106300,GC-CQR,0.1,2,20,69.08740305900574,720,0.9430555555555555,4.202314303700266,4.165139363356994,4.781921923975103,1.0,1.307585549248282,-0.840421868701596,1.0024303962892716
mango_population,popfold0,107400,GC-CQR,0.1,2,20,69.08740305900574,960,0.9864583333333333,3.8310062519982226,3.873557534665821,3.8737375551591744,1.0,0.858568439470696,0.6956080488662446,0.5035209080069494
mango_population,popfold0,108200,GC-CQR,0.1,2,20,69.08740305900574,320,0.9625,3.891881309729335,3.9297311683238565,4.1986185665481255,1.0,0.734242568586542,-0.2296864082111653,0.6984847395025789
mango_population,popfold0,108300,GC-CQR,0.1,2,20,69.08740305900574,400,0.9275,3.9323468687198146,3.9037225612442574,4.251498119989714,1.0,1.0035169665640122,-0.6938944317041218,0.7258608715476822
mango_population,popfold0,109700,GC-CQR,0.1,2,20,69.08740305900574,312,0.9743589743589743,3.926715468229995,3.8430234726024786,4.5344683361076665,1.0,1.0858085065189782,0.4452391320656699,0.9919151879540222
mango_population,popfold0,110800,GC-CQR,0.1,2,20,69.08740305900574,320,0.909375,3.9914057506747085,3.9726959193661697,4.647537222492028,1.0,0.7371009548009693,0.4932759601169566,0.5485773173333086
mango_population,popfold0,111201,GC-CQR,0.1,2,20,69.08740305900574,72,0.9305555555555556,4.347702041880699,4.274671050237257,4.928077898232409,1.0,1.388221561690224,-0.9752463487337953,0.9948873797179062
mango_population,popfold0,113300,GC-CQR,0.1,2,20,69.08740305900574,120,0.95,3.660894318898099,3.573237684525857,3.8914360135028634,1.0,0.8764534226942334,0.41065118822652946,0.7775437756936319
mango_population,popfold0,113600,GC-CQR,0.1,2,20,69.08740305900574,112,0.7410714285714286,4.442257725313849,4.3248785346283345,7.620829916262723,1.0,0.843297722800236,0.4007496718615509,0.7453258793626008
mango_population,popfold0,113800,GC-CQR,0.1,2,20,69.08740305900574,120,0.9666666666666667,4.2344146531089235,4.145312739495746,4.637990020510669,1.0,0.6937746575910586,-0.306675801741478,0.6249220951582314
mango_population,popfold0,115000,GC-CQR,0.1,2,20,69.08740305900574,144,0.9930555555555556,5.223057219167815,5.227197396749275,5.229401926559431,1.0,1.0216616837728734,0.8520304354258971,0.5657378966407187
mango_population,popfold0,101200,CQR,0.1,2,20,6.378433465957642,1439,0.9068797776233496,3.4394518166963413,3.38236734406507,4.036968571987792,1.0,1.2196977341265909,-0.6842519781820513,1.0100350178140893
mango_population,popfold0,101300,CQR,0.1,2,20,6.378433465957642,720,0.9027777777777778,3.3461314666040796,3.359397092107705,3.783961203914279,1.0,1.2153599706133327,-0.8974044383064896,0.8201825632447547
mango_population,popfold0,101400,CQR,0.1,2,20,6.378433465957642,400,0.9725,3.3832300220346316,3.267812579725131,3.48062854298026,1.0,1.0282759669560433,-0.7714754033498842,0.6806875237640537
mango_population,popfold0,102300,CQR,0.1,2,20,6.378433465957642,160,0.775,3.9586813654621564,3.8433455698055488,6.688191603523404,1.0,1.8573189435734634,-1.707634136688771,0.7327860599674076
mango_population,popfold0,102505,CQR,0.1,2,20,6.378433465957642,552,0.7626811594202898,2.838438746540245,2.7669195110739038,5.499988750131859,1.0,0.9362741180539822,0.3746171640311488,0.8588407593560823
mango_population,popfold0,103106,CQR,0.1,2,20,6.378433465957642,560,0.8857142857142857,2.8593402127047165,2.8109982855438638,3.64059465655833,1.0,0.9865280567096163,-0.5057655193151032,0.8477748986540403
mango_population,popfold0,103400,CQR,0.1,2,20,6.378433465957642,240,0.825,3.168149111527464,3.105963380755985,4.707232978651588,1.0,1.3922539156831613,-1.279118893545901,0.5508995962032548
mango_population,popfold0,105300,CQR,0.1,2,20,6.378433465957642,320,0.91875,2.9846865503524826,2.938903018078273,4.875551440143987,1.0,1.079382730061291,0.6103118571312622,0.8916676018703716
mango_population,popfold0,105800,CQR,0.1,2,20,6.378433465957642,240,0.9958333333333333,3.0273391990962657,3.0177799522169746,3.027896302224635,1.0,0.5975193982750668,0.4264304803851757,0.41942755575186386
mango_population,popfold0,106300,CQR,0.1,2,20,6.378433465957642,720,0.9097222222222222,3.635767808274638,3.5960844353937853,4.640796265504429,1.0,1.307585549248282,-0.840421868701596,1.0024303962892716
mango_population,popfold0,107400,CQR,0.1,2,20,6.378433465957642,960,0.9291666666666667,3.203292450910618,3.249496183669394,3.4696926035375655,1.0,0.858568439470696,0.6956080488662446,0.5035209080069494
mango_population,popfold0,108200,CQR,0.1,2,20,6.378433465957642,320,0.9125,3.3792692176503216,3.3184251754218685,4.019879162060816,1.0,0.734242568586542,-0.2296864082111653,0.6984847395025789
mango_population,popfold0,108300,CQR,0.1,2,20,6.378433465957642,400,0.8025,3.3940708881950887,3.3539479542717734,4.416137198757855,1.0,1.0035169665640122,-0.6938944317041218,0.7258608715476822
mango_population,popfold0,109700,CQR,0.1,2,20,6.378433465957642,312,0.9583333333333334,3.3256664386860724,3.273400671944551,4.062152110097457,1.0,1.0858085065189782,0.4452391320656699,0.9919151879540222
mango_population,popfold0,110800,CQR,0.1,2,20,6.378433465957642,320,0.75,3.3493605316434056,3.3875636529800364,5.1195536670498445,1.0,0.7371009548009693,0.4932759601169566,0.5485773173333086
mango_population,popfold0,111201,CQR,0.1,2,20,6.378433465957642,72,0.9027777777777778,3.8910614586685943,3.7873285216821486,4.724066518516043,1.0,1.388221561690224,-0.9752463487337953,0.9948873797179062
mango_population,popfold0,113300,CQR,0.1,2,20,6.378433465957642,120,0.8583333333333333,3.0659841773820724,2.962577036346956,4.058688005272996,1.0,0.8764534226942334,0.41065118822652946,0.7775437756936319
mango_population,popfold0,113600,CQR,0.1,2,20,6.378433465957642,112,0.6428571428571429,3.854600821485712,3.66795578553345,9.048981965587227,1.0,0.843297722800236,0.4007496718615509,0.7453258793626008
mango_population,popfold0,113800,CQR,0.1,2,20,6.378433465957642,120,0.9333333333333333,3.557999086858184,3.4201274954114167,4.104646239966637,1.0,0.6937746575910586,-0.306675801741478,0.6249220951582314
mango_population,popfold0,115000,CQR,0.1,2,20,6.378433465957642,144,0.9444444444444444,4.7864077005007495,4.773280560607788,5.0233967953981455,1.0,1.0216616837728734,0.8520304354258971,0.5657378966407187
mango_population,popfold0,101200,SCP,0.1,2,20,0.0003643035888671875,1439,0.8665740097289785,3.597675259014988,3.597675259014988,4.494142076010472,1.0,1.2196977341265909,-0.6842519781820513,1.0100350178140893
mango_population,popfold0,101300,SCP,0.1,2,20,0.0003643035888671875,720,0.8569444444444444,3.5976752590149874,3.597675259014988,4.516129239959987,1.0,1.2153599706133327,-0.8974044383064896,0.8201825632447547
mango_population,popfold0,101400,SCP,0.1,2,20,0.0003643035888671875,400,0.9375,3.5976752590149887,3.597675259014988,3.853564499761336,1.0,1.0282759669560433,-0.7714754033498842,0.6806875237640537
mango_population,popfold0,102300,SCP,0.1,2,20,0.0003643035888671875,160,0.60625,3.5976752590149887,3.5976752590149896,8.203080389526585,1.0,1.8573189435734634,-1.707634136688771,0.7327860599674076
mango_population,popfold0,102505,SCP,0.1,2,20,0.0003643035888671875,552,0.9402173913043478,3.597675259014988,3.597675259014988,4.213587904403684,1.0,0.9362741180539822,0.3746171640311488,0.8588407593560823
mango_population,popfold0,103106,SCP,0.1,2,20,0.0003643035888671875,560,0.9482142857142857,3.597675259014988,3.597675259014988,3.8957961465640842,1.0,0.9865280567096163,-0.5057655193151032,0.8477748986540403
mango_population,popfold0,103400,SCP,0.1,2,20,0.0003643035888671875,240,0.8541666666666666,3.5976752590149883,3.597675259014988,4.315189977451444,1.0,1.3922539156831613,-1.279118893545901,0.5508995962032548
mango_population,popfold0,105300,SCP,0.1,2,20,0.0003643035888671875,320,0.959375,3.597675259014987,3.597675259014988,5.164748133138525,1.0,1.079382730061291,0.6103118571312622,0.8916676018703716
mango_population,popfold0,105800,SCP,0.1,2,20,0.0003643035888671875,240,1.0,3.5976752590149883,3.597675259014988,3.5976752590149883,1.0,0.5975193982750668,0.4264304803851757,0.41942755575186386
mango_population,popfold0,106300,SCP,0.1,2,20,0.0003643035888671875,720,0.8597222222222223,3.5976752590149887,3.597675259014988,5.278328049006674,1.0,1.307585549248282,-0.840421868701596,1.0024303962892716
mango_population,popfold0,107400,SCP,0.1,2,20,0.0003643035888671875,960,0.9854166666666667,3.5976752590149887,3.597675259014988,3.645135122306048,1.0,0.858568439470696,0.6956080488662446,0.5035209080069494
mango_population,popfold0,108200,SCP,0.1,2,20,0.0003643035888671875,320,0.978125,3.5976752590149887,3.597675259014988,3.671802341797887,1.0,0.734242568586542,-0.2296864082111653,0.6984847395025789
mango_population,popfold0,108300,SCP,0.1,2,20,0.0003643035888671875,400,0.94,3.597675259014988,3.597675259014988,3.8700310566486964,1.0,1.0035169665640122,-0.6938944317041218,0.7258608715476822
mango_population,popfold0,109700,SCP,0.1,2,20,0.0003643035888671875,312,0.9294871794871795,3.5976752590149883,3.597675259014988,5.0258815730935025,1.0,1.0858085065189782,0.4452391320656699,0.9919151879540222
mango_population,popfold0,110800,SCP,0.1,2,20,0.0003643035888671875,320,0.9875,3.5976752590149887,3.597675259014988,3.6432294685175073,1.0,0.7371009548009693,0.4932759601169566,0.5485773173333086
mango_population,popfold0,111201,SCP,0.1,2,20,0.0003643035888671875,72,0.8194444444444444,3.5976752590149883,3.597675259014988,5.385450213427013,1.0,1.388221561690224,-0.9752463487337953,0.9948873797179062
mango_population,popfold0,113300,SCP,0.1,2,20,0.0003643035888671875,120,0.9583333333333334,3.5976752590149887,3.597675259014988,3.706673256848748,1.0,0.8764534226942334,0.41065118822652946,0.7775437756936319
mango_population,popfold0,113600,SCP,0.1,2,20,0.0003643035888671875,112,0.9375,3.5976752590149883,3.597675259014988,3.826481230946647,1.0,0.843297722800236,0.4007496718615509,0.7453258793626008
mango_population,popfold0,113800,SCP,0.1,2,20,0.0003643035888671875,120,0.9833333333333333,3.5976752590149883,3.597675259014988,3.6391453209808318,1.0,0.6937746575910586,-0.306675801741478,0.6249220951582314
mango_population,popfold0,115000,SCP,0.1,2,20,0.0003643035888671875,144,0.9652777777777778,3.5976752590149883,3.597675259014988,3.9068351471826386,1.0,1.0216616837728734,0.8520304354258971,0.5657378966407187
mango_population,popfold1,100200,GC-D,0.1,2,18,0.11471986770629883,1040,0.9134615384615384,3.6046821708240198,3.6167650869797505,4.408719565544347,1.0,0.9941546256311803,0.27402654853634495,0.9561024230109284
mango_population,popfold1,101100,GC-D,0.1,2,18,0.11471986770629883,1380,0.755072463768116,3.6788268680938696,3.647588274354643,7.014594882871387,1.0,1.5850551021273493,1.1226738672418937,1.119335057564474
mango_population,popfold1,102200,GC-D,0.1,2,18,0.11471986770629883,80,0.9875,3.668401530256825,3.701984268550806,3.6845075651991346,1.0,0.7553756666362267,0.01897152341361206,0.7599017118625514
mango_population,popfold1,102900,GC-D,0.1,2,18,0.11471986770629883,480,0.89375,3.8437305401817827,3.6352228859228486,4.432953706295141,1.0,1.2385554788424442,0.45247882892460595,1.1541480423939658
mango_population,popfold1,103102,GC-D,0.1,2,18,0.11471986770629883,240,0.9625,3.483297274443352,3.5519283387913703,3.7127303214989067,1.0,0.8601684386686876,-0.6638446896224324,0.5481348863787365
mango_population,popfold1,103103,GC-D,0.1,2,18,0.11471986770629883,224,0.9642857142857143,3.5185335382226883,3.5207344408088685,3.6934355133142724,1.0,0.7698005702722922,-0.2236183507233691,0.7382552946918194
mango_population,popfold1,103105,GC-D,0.1,2,18,0.11471986770629883,1120,0.9571428571428572,3.566373726690056,3.509445805406493,3.7996878134263525,1.0,0.9876580952201071,-0.5855340466609898,0.7957284309837958
mango_population,popfold1,103200,GC-D,0.1,2,18,0.11471986770629883,240,0.9625,3.396489846165828,3.3306422747369133,3.725150845826734,1.0,0.826978621561963,-0.04017722827196521,0.8277283108007086
mango_population,popfold1,103800,GC-D,0.1,2,18,0.11471986770629883,320,0.76875,3.3918237707905385,3.374114351648486,5.129815333085027,1.0,1.3764964538258349,-1.2004622194058823,0.6745776412174865
mango_population,popfold1,104100,GC-D,0.1,2,18,0.11471986770629883,160,0.94375,4.677147268864708,4.530209011459995,5.144989417095386,1.0,1.3053754953899803,-0.8086473027838718,1.0279587019896432
mango_population,popfold1,105000,GC-D,0.1,2,18,0.11471986770629883,400,0.9825,3.4011524165588636,3.3952867760053653,3.528830835777203,1.0,0.9179623309041373,0.7791106297777816,0.4860370846399879
mango_population,popfold1,106200,GC-D,0.1,2,18,0.11471986770629883,720,1.0,3.7230407134981687,3.702703260703953,3.7230407134981687,1.0,0.5651614979040575,0.11189593292584236,0.5543587677781897
mango_population,popfold1,109600,GC-D,0.1,2,18,0.11471986770629883,80,0.7,3.5822481770041277,3.5559569431288267,7.320321720778319,1.0,1.6556870325027737,-1.0204822887238998,1.3120340563651338
mango_population,popfold1,113000,GC-D,0.1,2,18,0.11471986770629883,320,0.78125,3.4900094740380476,3.487974969483412,6.727471619729561,1.0,1.3867965826292936,-0.8049074975852916,1.131073197223721
mango_population,popfold1,114200,GC-D,0.1,2,18,0.11471986770629883,800,0.9325,3.8418956158627817,3.8157819979857397,4.354060654719907,1.0,1.05900003760841,-0.21541664106936959,1.0375077244304354
mango_population,popfold1,115300,GC-D,0.1,2,18,0.11471986770629883,160,0.95625,4.25157927982548,4.385074659635481,4.411194165337031,1.0,1.216813541304423,1.015747519931001,0.6720977542375446
mango_population,popfold1,121700,GC-D,0.1,2,18,0.11471986770629883,240,0.7625,4.165751781865391,4.0270351850962305,6.721597257386064,1.0,1.6024101003771374,1.2858822528959126,0.9581493466687963
mango_population,popfold1,121900,GC-D,0.1,2,18,0.11471986770629883,48,1.0,3.587646187499598,3.581541428350479,3.587646187499598,1.0,0.8151512205404231,0.549991320015468,0.6080154479472427
mango_population,popfold1,122400,GC-D,0.1,2,18,0.11471986770629883,160,0.9875,4.459327406605476,4.2224043873637065,4.50362708265318,1.0,0.8393004708530053,0.2447971206847316,0.8053279499665179
mango_population,popfold1,200500,GC-D,0.1,2,18,0.11471986770629883,220,0.9318181818181818,4.03509066012987,4.026261989957128,4.782094307415591,1.0,1.1401147136190466,0.6445465999940942,0.9425813990315803
mango_population,popfold1,100200,GC-D2,0.1,2,18,0.13170742988586426,1040,0.9028846153846154,3.4141602165803806,3.4352822577566453,4.344156499697542,1.0,0.9941546256311803,0.27402654853634495,0.9561024230109284
mango_population,popfold1,101100,GC-D2,0.1,2,18,0.13170742988586426,1380,0.7855072463768116,3.897050821667004,3.8681941155221224,6.512193315645857,1.0,1.5850551021273493,1.1226738672418937,1.119335057564474
mango_population,popfold1,102200,GC-D2,0.1,2,18,0.13170742988586426,80,0.9875,3.735221213999837,3.751755568266339,3.7533536212449947,1.0,0.7553756666362267,0.01897152341361206,0.7599017118625514
mango_population,popfold1,102900,GC-D2,0.1,2,18,0.13170742988586426,480,0.8833333333333333,3.733438238498373,3.5480214867952853,4.436239109486911,1.0,1.2385554788424442,0.45247882892460595,1.1541480423939658
mango_population,popfold1,103102,GC-D2,0.1,2,18,0.13170742988586426,240,0.9541666666666667,3.5003014540917143,3.5959037127400215,3.756136196665139,1.0,0.8601684386686876,-0.6638446896224324,0.5481348863787365
mango_population,popfold1,103103,GC-D2,0.1,2,18,0.13170742988586426,224,0.9642857142857143,3.590275362774693,3.607515214444966,3.7591238884654876,1.0,0.7698005702722922,-0.2236183507233691,0.7382552946918194
mango_population,popfold1,103105,GC-D2,0.1,2,18,0.13170742988586426,1120,0.9482142857142857,3.492500403393119,3.440444179544844,3.772719814385971,1.0,0.9876580952201071,-0.5855340466609898,0.7957284309837958
mango_population,popfold1,103200,GC-D2,0.1,2,18,0.13170742988586426,240,0.9416666666666667,3.299326444022939,3.2160908037259563,3.7055654343002007,1.0,0.826978621561963,-0.04017722827196521,0.8277283108007086
mango_population,popfold1,103800,GC-D2,0.1,2,18,0.13170742988586426,320,0.75625,3.339047129335775,3.3065205669578086,5.280589521041894,1.0,1.3764964538258349,-1.2004622194058823,0.6745776412174865
mango_population,popfold1,104100,GC-D2,0.1,2,18,0.13170742988586426,160,0.9375,4.479684128640022,4.286273333392755,5.157790435849181,1.0,1.3053754953899803,-0.8086473027838718,1.0279587019896432
mango_population,popfold1,105000,GC-D2,0.1,2,18,0.13170742988586426,400,0.975,3.2764237236593647,3.2692643844914953,3.4179623796821215,1.0,0.9179623309041373,0.7791106297777816,0.4860370846399879
mango_population,popfold1,106200,GC-D2,0.1,2,18,0.13170742988586426,720,1.0,3.617387469881309,3.588264797556601,3.617387469881309,1.0,0.5651614979040575,0.11189593292584236,0.5543587677781897
mango_population,popfold1,109600,GC-D2,0.1,2,18,0.13170742988586426,80,0.75,3.84916671497741,3.820318236140835,6.858707341917525,1.0,1.6556870325027737,-1.0204822887238998,1.3120340563651338
mango_population,popfold1,113000,GC-D2,0.1,2,18,0.13170742988586426,320,0.78125,3.4916791767866764,3.480612537363945,6.6381316585521,1.0,1.3867965826292936,-0.8049074975852916,1.131073197223721
mango_population,popfold1,114200,GC-D2,0.1,2,18,0.13170742988586426,800,0.92,3.707126303762205,3.665409174294197,4.3410281514888815,1.0,1.05900003760841,-0.21541664106936959,1.0375077244304354
mango_population,popfold1,115300,GC-D2,0.1,2,18,0.13170742988586426,160,0.91875,3.9153698290846477,4.073886329693398,4.265845057351145,1.0,1.216813541304423,1.015747519931001,0.6720977542375446
mango_population,popfold1,121700,GC-D2,0.1,2,18,0.13170742988586426,240,0.7791666666666667,4.090759069513313,3.986954511968044,6.568570110962919,1.0,1.6024101003771374,1.2858822528959126,0.9581493466687963
mango_population,popfold1,121900,GC-D2,0.1,2,18,0.13170742988586426,48,0.9583333333333334,3.455409229857818,3.4470536431425405,3.4624957388926876,1.0,0.8151512205404231,0.549991320015468,0.6080154479472427
mango_population,popfold1,122400,GC-D2,0.1,2,18,0.13170742988586426,160,0.9875,4.524830038606369,3.9443537187985243,4.570496596611998,1.0,0.8393004708530053,0.2447971206847316,0.8053279499665179
mango_population,popfold1,200500,GC-D2,0.1,2,18,0.13170742988586426,220,0.9409090909090909,4.419225314864717,4.42502847542011,4.9892197771147755,1.0,1.1401147136190466,0.6445465999940942,0.9425813990315803
mango_population,popfold1,100200,GC-CQR,0.1,2,18,64.02639770507812,1040,0.9567307692307693,3.8894296522336527,3.86419868582304,4.44653091522802,1.0,0.9941546256311803,0.27402654853634495,0.9561024230109284
mango_population,popfold1,101100,GC-CQR,0.1,2,18,64.02639770507812,1380,0.9456521739130435,4.194255798469815,4.1537233289263185,4.529970290731477,1.0,1.5850551021273493,1.1226738672418937,1.119335057564474
mango_population,popfold1,102200,GC-CQR,0.1,2,18,64.02639770507812,80,1.0,4.160369106443971,4.042037924101666,4.160369106443971,1.0,0.7553756666362267,0.01897152341361206,0.7599017118625514
mango_population,popfold1,102900,GC-CQR,0.1,2,18,64.02639770507812,480,0.8958333333333334,4.133734551679009,4.004994786450871,5.257728758499527,1.0,1.2385554788424442,0.45247882892460595,1.1541480423939658
mango_population,popfold1,103102,GC-CQR,0.1,2,18,64.02639770507812,240,0.9625,3.204240377036388,3.161762544765079,3.3044404789749664,1.0,0.8601684386686876,-0.6638446896224324,0.5481348863787365
mango_population,popfold1,103103,GC-CQR,0.1,2,18,64.02639770507812,224,0.9642857142857143,3.1834903933275163,3.0917445497995146,3.361613436434447,1.0,0.7698005702722922,-0.2236183507233691,0.7382552946918194
mango_population,popfold1,103105,GC-CQR,0.1,2,18,64.02639770507812,1120,0.9723214285714286,3.462423912099997,3.4219667483032215,3.6325340192720676,1.0,0.9876580952201071,-0.5855340466609898,0.7957284309837958
mango_population,popfold1,103200,GC-CQR,0.1,2,18,64.02639770507812,240,0.9916666666666667,3.8135671889752674,3.8301642664625923,3.837377595694136,1.0,0.826978621561963,-0.04017722827196521,0.8277283108007086
mango_population,popfold1,103800,GC-CQR,0.1,2,18,64.02639770507812,320,0.83125,3.5237829300045704,3.4743975605543858,5.104844236609677,1.0,1.3764964538258349,-1.2004622194058823,0.6745776412174865
mango_population,popfold1,104100,GC-CQR,0.1,2,18,64.02639770507812,160,0.95,4.830429596722346,4.897115669468834,5.4330216643139995,1.0,1.3053754953899803,-0.8086473027838718,1.0279587019896432
mango_population,popfold1,105000,GC-CQR,0.1,2,18,64.02639770507812,400,0.9625,3.818743961256888,3.81187837957929,4.056941008933347,1.0,0.9179623309041373,0.7791106297777816,0.4860370846399879
mango_population,popfold1,106200,GC-CQR,0.1,2,18,64.02639770507812,720,0.9458333333333333,3.8094785197190397,3.7924355722501737,4.262071807364574,1.0,0.5651614979040575,0.11189593292584236,0.5543587677781897
mango_population,popfold1,109600,GC-CQR,0.1,2,18,64.02639770507812,80,0.725,4.87896290655449,4.956445799233749,8.634788041234723,1.0,1.6556870325027737,-1.0204822887238998,1.3120340563651338
mango_population,popfold1,113000,GC-CQR,0.1,2,18,64.02639770507812,320,0.7875,3.6475091640391355,3.601709316122218,7.398592300142184,1.0,1.3867965826292936,-0.8049074975852916,1.131073197223721
mango_population,popfold1,114200,GC-CQR,0.1,2,18,64.02639770507812,800,0.94125,3.9298617906040807,3.8893637600206867,4.342170114455718,1.0,1.05900003760841,-0.21541664106936959,1.0375077244304354
mango_population,popfold1,115300,GC-CQR,0.1,2,18,64.02639770507812,160,0.76875,4.968049453246418,4.949711128848999,7.567501187370344,1.0,1.216813541304423,1.015747519931001,0.6720977542375446
mango_population,popfold1,121700,GC-CQR,0.1,2,18,64.02639770507812,240,0.7541666666666667,4.472297529986296,4.434882125520603,6.803923707500851,1.0,1.6024101003771374,1.2858822528959126,0.9581493466687963
mango_population,popfold1,121900,GC-CQR,0.1,2,18,64.02639770507812,48,0.9791666666666666,3.3632700678950562,3.3674599979092577,3.3769567540352603,1.0,0.8151512205404231,0.549991320015468,0.6080154479472427
mango_population,popfold1,122400,GC-CQR,0.1,2,18,64.02639770507812,160,0.96875,4.287672150877687,4.323588327502587,4.41958987978533,1.0,0.8393004708530053,0.2447971206847316,0.8053279499665179
mango_population,popfold1,200500,GC-CQR,0.1,2,18,64.02639770507812,220,0.9,4.163614603521547,4.028320967500651,5.000971356355971,1.0,1.1401147136190466,0.6445465999940942,0.9425813990315803
mango_population,popfold1,100200,CQR,0.1,2,18,5.818084239959717,1040,0.9278846153846154,3.3601945969369353,3.3399563260603777,4.176757421210451,1.0,0.9941546256311803,0.27402654853634495,0.9561024230109284
mango_population,popfold1,101100,CQR,0.1,2,18,5.818084239959717,1380,0.9057971014492754,3.6129074385276185,3.5358083947855414,4.3090804551567805,1.0,1.5850551021273493,1.1226738672418937,1.119335057564474
mango_population,popfold1,102200,CQR,0.1,2,18,5.818084239959717,80,1.0,3.4007549511763258,3.339683852810908,3.4007549511763258,1.0,0.7553756666362267,0.01897152341361206,0.7599017118625514
mango_population,popfold1,102900,CQR,0.1,2,18,5.818084239959717,480,0.7895833333333333,3.572799222391852,3.4314044967050563,5.755522706911749,1.0,1.2385554788424442,0.45247882892460595,1.1541480423939658
mango_population,popfold1,103102,CQR,0.1,2,18,5.818084239959717,240,0.8458333333333333,2.681594376394587,2.692532826694321,3.4160615294391863,1.0,0.8601684386686876,-0.6638446896224324,0.5481348863787365
mango_population,popfold1,103103,CQR,0.1,2,18,5.818084239959717,224,0.8705357142857143,2.5995778262238813,2.4844736139621775,3.391323778970818,1.0,0.7698005702722922,-0.2236183507233691,0.7382552946918194
mango_population,popfold1,103105,CQR,0.1,2,18,5.818084239959717,1120,0.9285714285714286,3.0279933726396333,2.955590257079562,3.4880000178592883,1.0,0.9876580952201071,-0.5855340466609898,0.7957284309837958
mango_population,popfold1,103200,CQR,0.1,2,18,5.818084239959717,240,0.95,3.276650202976899,3.232668775644279,3.5192450274280387,1.0,0.826978621561963,-0.04017722827196521,0.8277283108007086
mango_population,popfold1,103800,CQR,0.1,2,18,5.818084239959717,320,0.73125,3.0544907286650016,2.985140248496502,5.538338177247921,1.0,1.3764964538258349,-1.2004622194058823,0.6745776412174865
mango_population,popfold1,104100,CQR,0.1,2,18,5.818084239959717,160,0.93125,4.481604176575013,4.518735463097413,5.286106146376656,1.0,1.3053754953899803,-0.8086473027838718,1.0279587019896432
mango_population,popfold1,105000,CQR,0.1,2,18,5.818084239959717,400,0.935,3.3225126768742546,3.2867605533775857,3.745536364015259,1.0,0.9179623309041373,0.7791106297777816,0.4860370846399879
mango_population,popfold1,106200,CQR,0.1,2,18,5.818084239959717,720,0.9069444444444444,3.3236176837748586,3.319433291889176,4.082241163774454,1.0,0.5651614979040575,0.11189593292584236,0.5543587677781897
mango_population,popfold1,109600,CQR,0.1,2,18,5.818084239959717,80,0.5875,4.27765350763426,4.289628970279953,11.139780900719753,1.0,1.6556870325027737,-1.0204822887238998,1.3120340563651338
mango_population,popfold1,113000,CQR,0.1,2,18,5.818084239959717,320,0.721875,3.181838901193894,3.100183177711468,8.402477883282664,1.0,1.3867965826292936,-0.8049074975852916,1.131073197223721
mango_population,popfold1,114200,CQR,0.1,2,18,5.818084239959717,800,0.8775,3.494571538356895,3.463513737849423,4.423623015910892,1.0,1.05900003760841,-0.21541664106936959,1.0375077244304354
mango_population,popfold1,115300,CQR,0.1,2,18,5.818084239959717,160,0.64375,4.477020529186977,4.388939111465003,8.852928028819697,1.0,1.216813541304423,1.015747519931001,0.6720977542375446
mango_population,popfold1,121700,CQR,0.1,2,18,5.818084239959717,240,0.6208333333333333,3.9897100118957676,3.8881622845216093,8.635639769705497,1.0,1.6024101003771374,1.2858822528959126,0.9581493466687963
mango_population,popfold1,121900,CQR,0.1,2,18,5.818084239959717,48,0.9166666666666666,2.893257374368764,2.9035786495395737,3.3346137736757497,1.0,0.8151512205404231,0.549991320015468,0.6080154479472427
mango_population,popfold1,122400,CQR,0.1,2,18,5.818084239959717,160,0.9625,3.7389571434310964,3.7360950217993247,4.256317895307281,1.0,0.8393004708530053,0.2447971206847316,0.8053279499665179
mango_population,popfold1,200500,CQR,0.1,2,18,5.818084239959717,220,0.85,3.6584456780349712,3.550443396740947,5.243394196220547,1.0,1.1401147136190466,0.6445465999940942,0.9425813990315803
mango_population,popfold1,100200,SCP,0.1,2,18,0.0003933906555175781,1040,0.9230769230769231,3.7046027996396447,3.7046027996396447,4.401501229839869,1.0,0.9941546256311803,0.27402654853634495,0.9561024230109284
mango_population,popfold1,101100,SCP,0.1,2,18,0.0003933906555175781,1380,0.7608695652173914,3.7046027996396447,3.7046027996396447,7.303312062128221,1.0,1.5850551021273493,1.1226738672418937,1.119335057564474
mango_population,popfold1,102200,SCP,0.1,2,18,0.0003933906555175781,80,1.0,3.7046027996396447,3.7046027996396447,3.7046027996396447,1.0,0.7553756666362267,0.01897152341361206,0.7599017118625514
mango_population,popfold1,102900,SCP,0.1,2,18,0.0003933906555175781,480,0.8666666666666667,3.7046027996396447,3.7046027996396447,4.645265464534248,1.0,1.2385554788424442,0.45247882892460595,1.1541480423939658
mango_population,popfold1,103102,SCP,0.1,2,18,0.0003933906555175781,240,0.9833333333333333,3.7046027996396447,3.7046027996396447,3.7791350011454545,1.0,0.8601684386686876,-0.6638446896224324,0.5481348863787365
mango_population,popfold1,103103,SCP,0.1,2,18,0.0003933906555175781,224,0.9821428571428571,3.7046027996396447,3.7046027996396447,3.7728266314515646,1.0,0.7698005702722922,-0.2236183507233691,0.7382552946918194
mango_population,popfold1,103105,SCP,0.1,2,18,0.0003933906555175781,1120,0.9723214285714286,3.7046027996396447,3.7046027996396447,3.8583199935796544,1.0,0.9876580952201071,-0.5855340466609898,0.7957284309837958
mango_population,popfold1,103200,SCP,0.1,2,18,0.0003933906555175781,240,0.9666666666666667,3.7046027996396447,3.7046027996396447,3.9791446626340248,1.0,0.826978621561963,-0.04017722827196521,0.8277283108007086
mango_population,popfold1,103800,SCP,0.1,2,18,0.0003933906555175781,320,0.834375,3.7046027996396447,3.7046027996396447,4.838163489515752,1.0,1.3764964538258349,-1.2004622194058823,0.6745776412174865
mango_population,popfold1,104100,SCP,0.1,2,18,0.0003933906555175781,160,0.86875,3.7046027996396447,3.7046027996396447,5.1951561911144974,1.0,1.3053754953899803,-0.8086473027838718,1.0279587019896432
mango_population,popfold1,105000,SCP,0.1,2,18,0.0003933906555175781,400,0.985,3.7046027996396447,3.7046027996396447,3.7592524810283554,1.0,0.9179623309041373,0.7791106297777816,0.4860370846399879
mango_population,popfold1,106200,SCP,0.1,2,18,0.0003933906555175781,720,1.0,3.7046027996396447,3.7046027996396447,3.7046027996396447,1.0,0.5651614979040575,0.11189593292584236,0.5543587677781897
mango_population,popfold1,109600,SCP,0.1,2,18,0.0003933906555175781,80,0.7375,3.7046027996396447,3.7046027996396447,7.192879584828513,1.0,1.6556870325027737,-1.0204822887238998,1.3120340563651338
mango_population,popfold1,113000,SCP,0.1,2,18,0.0003933906555175781,320,0.815625,3.7046027996396447,3.7046027996396447,6.462712820191887,1.0,1.3867965826292936,-0.8049074975852916,1.131073197223721
mango_population,popfold1,114200,SCP,0.1,2,18,0.0003933906555175781,800,0.91125,3.7046027996396447,3.7046027996396447,4.317700905182844,1.0,1.05900003760841,-0.21541664106936959,1.0375077244304354
mango_population,popfold1,115300,SCP,0.1,2,18,0.0003933906555175781,160,0.89375,3.7046027996396447,3.7046027996396447,4.27568218414054,1.0,1.216813541304423,1.015747519931001,0.6720977542375446
mango_population,popfold1,121700,SCP,0.1,2,18,0.0003933906555175781,240,0.7166666666666667,3.7046027996396447,3.7046027996396447,7.052622257565744,1.0,1.6024101003771374,1.2858822528959126,0.9581493466687963
mango_population,popfold1,121900,SCP,0.1,2,18,0.0003933906555175781,48,1.0,3.7046027996396447,3.7046027996396447,3.7046027996396447,1.0,0.8151512205404231,0.549991320015468,0.6080154479472427
mango_population,popfold1,122400,SCP,0.1,2,18,0.0003933906555175781,160,0.975,3.7046027996396447,3.7046027996396447,3.8090905274558944,1.0,0.8393004708530053,0.2447971206847316,0.8053279499665179
mango_population,popfold1,200500,SCP,0.1,2,18,0.0003933906555175781,220,0.9136363636363637,3.7046027996396447,3.7046027996396447,4.726745697307111,1.0,1.1401147136190466,0.6445465999940942,0.9425813990315803
mango_population,popfold2,100800,GC-D,0.1,2,19,0.14419126510620117,880,0.9079545454545455,3.7155448916728333,3.674067896152007,4.532524190691501,1.0,1.0651935937581811,0.39100129246472454,0.9913991536180599
mango_population,popfold2,101700,GC-D,0.1,2,19,0.14419126510620117,80,1.0,4.37936683802574,4.379566872640634,4.37936683802574,1.0,0.889392525044877,0.5865090729884679,0.6728184970951131
mango_population,popfold2,102504,GC-D,0.1,2,19,0.14419126510620117,1200,0.9966666666666667,3.7476127606655663,3.7609233530027177,3.755927205561226,1.0,0.7158417001321925,0.19836557089664508,0.6880951986702301
mango_population,popfold2,103500,GC-D,0.1,2,19,0.14419126510620117,352,0.8579545454545454,3.2377751381011133,3.2190841586102614,4.0965658491836905,1.0,1.1418213307432545,-0.9706110722761391,0.6022462094974533
mango_population,popfold2,103600,GC-D,0.1,2,19,0.14419126510620117,320,0.9625,3.300945973434648,3.294619376947268,3.4946887190364047,1.0,0.7672983500917475,-0.10469830600087557,0.7613121968614263
mango_population,popfold2,106800,GC-D,0.1,2,19,0.14419126510620117,400,0.975,3.3926839667633986,3.3710775980844865,3.504652316162073,1.0,0.7159310957508874,-0.3851474556835035,0.6042612020014196
mango_population,popfold2,106900,GC-D,0.1,2,19,0.14419126510620117,400,0.9025,3.500559495106687,3.45033806623206,4.355133690522226,1.0,0.9926112451578462,-0.5178592127764615,0.8478774440665027
mango_population,popfold2,110600,GC-D,0.1,2,19,0.14419126510620117,648,0.9845679012345679,3.7425714326192994,3.724517582652558,3.8014178583916594,1.0,0.9103040488942388,-0.40074251199170524,0.8179801030882747
mango_population,popfold2,110601,GC-D,0.1,2,19,0.14419126510620117,160,0.9375,3.3878087024726646,3.385696880293236,3.762430501206734,1.0,1.0096439376965907,-0.19433478365157866,0.9938755209963643
mango_population,popfold2,110801,GC-D,0.1,2,19,0.14419126510620117,80,1.0,3.8109176875324784,3.799907897801365,3.8109176875324784,1.0,0.42601575676393333,0.20082496492749238,0.3780814438722493
mango_population,popfold2,110803,GC-D,0.1,2,19,0.14419126510620117,80,1.0,3.5417517871483746,3.505979127893788,3.5417517871483746,1.0,0.47418777421699165,0.23433988628460406,0.41483730275854325
mango_population,popfold2,110900,GC-D,0.1,2,19,0.14419126510620117,240,0.65,3.582043788830487,3.535580388272191,6.02375459109198,1.0,1.6613239990930617,-1.5536078828132032,0.589702408253085
mango_population,popfold2,111202,GC-D,0.1,2,19,0.14419126510620117,632,0.9145569620253164,3.6466659871257048,3.6649539007740337,4.195979464808755,1.0,1.246813191130623,1.0410358686976913,0.6866830062358307
mango_population,popfold2,111400,GC-D,0.1,2,19,0.14419126510620117,400,0.905,3.6902026823322274,3.673820148974613,4.83320973041398,1.0,1.1513880964826189,0.1035379274881866,1.148159449552767
mango_population,popfold2,112000,GC-D,0.1,2,19,0.14419126510620117,480,0.83125,3.9116653921175186,3.913493965758577,6.170971958636567,1.0,1.4120968860183103,1.035953129506403,0.9605941423271508
mango_population,popfold2,112300,GC-D,0.1,2,19,0.14419126510620117,480,0.8645833333333334,4.338666358285152,4.306931787430883,5.617847402817566,1.0,1.3737215043864055,0.7273801016500482,1.166560796900022
mango_population,popfold2,112900,GC-D,0.1,2,19,0.14419126510620117,1440,0.7888888888888889,3.7251592420815647,3.5947307510560798,6.353612228109119,1.0,1.5178814028469165,-1.0845573702175866,1.0623007730950653
mango_population,popfold2,114400,GC-D,0.1,2,19,0.14419126510620117,160,0.94375,3.4737573388033396,3.5172352195699608,3.7880188255665956,1.0,0.9852042741995848,0.1725106944998868,0.9730287395468844
mango_population,popfold2,122100,GC-D,0.1,2,19,0.14419126510620117,24,0.75,3.945756966885611,3.8468263355301158,8.144925383909353,1.0,1.7776071645908074,1.4458879540064864,1.0563078879537082
mango_population,popfold2,200800,GC-D,0.1,2,19,0.14419126510620117,70,0.9142857142857143,3.5246948006274366,3.5493930382127425,4.470821282621236,1.0,0.9348222228601518,-0.4172707304754288,0.8425671676568677
mango_population,popfold2,100800,GC-D2,0.1,2,19,0.14222240447998047,880,0.9318181818181818,4.076551556976395,4.033509460944099,4.660506832588298,1.0,1.0651935937581811,0.39100129246472454,0.9913991536180599
mango_population,popfold2,101700,GC-D2,0.1,2,19,0.14222240447998047,80,0.975,4.051185770720545,4.0044043042802535,4.0837734763266,1.0,0.889392525044877,0.5865090729884679,0.6728184970951131
mango_population,popfold2,102504,GC-D2,0.1,2,19,0.14222240447998047,1200,0.9925,3.5899083540967514,3.5933176190240435,3.610786339449599,1.0,0.7158417001321925,0.19836557089664508,0.6880951986702301
mango_population,popfold2,103500,GC-D2,0.1,2,19,0.14222240447998047,352,0.8551136363636364,3.230439709797567,3.2125238506716904,4.043998614442439,1.0,1.1418213307432545,-0.9706110722761391,0.6022462094974533
mango_population,popfold2,103600,GC-D2,0.1,2,19,0.14222240447998047,320,0.9625,3.246638832244095,3.2445583644386975,3.457078525589992,1.0,0.7672983500917475,-0.10469830600087557,0.7613121968614263
mango_population,popfold2,106800,GC-D2,0.1,2,19,0.14222240447998047,400,0.975,3.411887716642643,3.3942254641037755,3.5184036151198814,1.0,0.7159310957508874,-0.3851474556835035,0.6042612020014196
mango_population,popfold2,106900,GC-D2,0.1,2,19,0.14222240447998047,400,0.93,3.8026688974102525,3.7453019338977853,4.41577105431698,1.0,0.9926112451578462,-0.5178592127764615,0.8478774440665027
mango_population,popfold2,110600,GC-D2,0.1,2,19,0.14222240447998047,648,0.970679012345679,3.525722122788394,3.528910616326291,3.648583853956592,1.0,0.9103040488942388,-0.40074251199170524,0.8179801030882747
mango_population,popfold2,110601,GC-D2,0.1,2,19,0.14222240447998047,160,0.9625,3.602808706050818,3.5582297407636183,3.86027879555471,1.0,1.0096439376965907,-0.19433478365157866,0.9938755209963643
mango_population,popfold2,110801,GC-D2,0.1,2,19,0.14222240447998047,80,1.0,3.7430447567856233,3.738756056729863,3.7430447567856233,1.0,0.42601575676393333,0.20082496492749238,0.3780814438722493
mango_population,popfold2,110803,GC-D2,0.1,2,19,0.14222240447998047,80,1.0,3.405844840392798,3.3954657526778584,3.405844840392798,1.0,0.47418777421699165,0.23433988628460406,0.41483730275854325
mango_population,popfold2,110900,GC-D2,0.1,2,19,0.14222240447998047,240,0.6958333333333333,3.72827030866785,3.7105267755878337,5.873514708475066,1.0,1.6613239990930617,-1.5536078828132032,0.589702408253085
mango_population,popfold2,111202,GC-D2,0.1,2,19,0.14222240447998047,632,0.8892405063291139,3.5662894094325392,3.6086730034628207,4.240675608146465,1.0,1.246813191130623,1.0410358686976913,0.6866830062358307
mango_population,popfold2,111400,GC-D2,0.1,2,19,0.14222240447998047,400,0.92,3.7986662905827,3.769536346267283,4.761642486482674,1.0,1.1513880964826189,0.1035379274881866,1.148159449552767
mango_population,popfold2,112000,GC-D2,0.1,2,19,0.14222240447998047,480,0.8416666666666667,3.92578672086678,3.894068181764669,5.901204839123111,1.0,1.4120968860183103,1.035953129506403,0.9605941423271508
mango_population,popfold2,112300,GC-D2,0.1,2,19,0.14222240447998047,480,0.8729166666666667,4.330182287630636,4.2473700661032865,5.4778792589826155,1.0,1.3737215043864055,0.7273801016500482,1.166560796900022
mango_population,popfold2,112900,GC-D2,0.1,2,19,0.14222240447998047,1440,0.7819444444444444,3.670904049884555,3.5630513125415417,6.410792079727473,1.0,1.5178814028469165,-1.0845573702175866,1.0623007730950653
mango_population,popfold2,114400,GC-D2,0.1,2,19,0.14222240447998047,160,0.95625,3.4565920246303605,3.432119471087745,3.751560249664095,1.0,0.9852042741995848,0.1725106944998868,0.9730287395468844
mango_population,popfold2,122100,GC-D2,0.1,2,19,0.14222240447998047,24,0.6666666666666666,3.7403441257642953,3.6255191959890594,8.46922535997007,1.0,1.7776071645908074,1.4458879540064864,1.0563078879537082
mango_population,popfold2,200800,GC-D2,0.1,2,19,0.14222240447998047,70,0.9428571428571428,3.7177635076513766,3.700267748486308,4.462970741166255,1.0,0.9348222228601518,-0.4172707304754288,0.8425671676568677
mango_population,popfold2,100800,GC-CQR,0.1,2,19,65.26760029792786,880,0.9670454545454545,4.922649650911515,4.819357561233631,5.071979289173103,1.0,1.0651935937581811,0.39100129246472454,0.9913991536180599
mango_population,popfold2,101700,GC-CQR,0.1,2,19,65.26760029792786,80,0.5125,4.179225596987872,4.126467691996527,10.065592341083178,1.0,0.889392525044877,0.5865090729884679,0.6728184970951131
mango_population,popfold2,102504,GC-CQR,0.1,2,19,65.26760029792786,1200,0.9475,3.5932377950369405,3.588354733392058,3.816526209847413,1.0,0.7158417001321925,0.19836557089664508,0.6880951986702301
mango_population,popfold2,103500,GC-CQR,0.1,2,19,65.26760029792786,352,0.9318181818181818,3.5613027310681336,3.550151739957478,3.966749073130126,1.0,1.1418213307432545,-0.9706110722761391,0.6022462094974533
mango_population,popfold2,103600,GC-CQR,0.1,2,19,65.26760029792786,320,0.990625,4.369744546957635,4.3608444995524565,4.403740231818093,1.0,0.7672983500917475,-0.10469830600087557,0.7613121968614263
mango_population,popfold2,106800,GC-CQR,0.1,2,19,65.26760029792786,400,0.9075,3.150961984591494,3.118175692686668,3.558239894204091,1.0,0.7159310957508874,-0.3851474556835035,0.6042612020014196
mango_population,popfold2,106900,GC-CQR,0.1,2,19,65.26760029792786,400,0.8625,4.536453838176186,4.411318088902891,5.6760227339148805,1.0,0.9926112451578462,-0.5178592127764615,0.8478774440665027
mango_population,popfold2,110600,GC-CQR,0.1,2,19,65.26760029792786,648,0.9922839506172839,4.2926678776314375,4.290774661170777,4.31653981333177,1.0,0.9103040488942388,-0.40074251199170524,0.8179801030882747
mango_population,popfold2,110601,GC-CQR,0.1,2,19,65.26760029792786,160,0.95625,3.7629575470826566,3.650484264331869,3.973031224968861,1.0,1.0096439376965907,-0.19433478365157866,0.9938755209963643
mango_population,popfold2,110801,GC-CQR,0.1,2,19,65.26760029792786,80,1.0,3.574518844668944,3.601755941725738,3.574518844668944,1.0,0.42601575676393333,0.20082496492749238,0.3780814438722493
mango_population,popfold2,110803,GC-CQR,0.1,2,19,65.26760029792786,80,1.0,3.61702553791996,3.515720995376438,3.61702553791996,1.0,0.47418777421699165,0.23433988628460406,0.41483730275854325
mango_population,popfold2,110900,GC-CQR,0.1,2,19,65.26760029792786,240,0.4,3.4512719954673314,3.4332024440589617,9.032199444353136,1.0,1.6613239990930617,-1.5536078828132032,0.589702408253085
mango_population,popfold2,111202,GC-CQR,0.1,2,19,65.26760029792786,632,0.9335443037974683,3.699386636762127,3.62239265956644,4.269341935527759,1.0,1.246813191130623,1.0410358686976913,0.6866830062358307
mango_population,popfold2,111400,GC-CQR,0.1,2,19,65.26760029792786,400,0.92,3.455035914690136,3.377836623892608,4.110790091440692,1.0,1.1513880964826189,0.1035379274881866,1.148159449552767
mango_population,popfold2,112000,GC-CQR,0.1,2,19,65.26760029792786,480,0.81875,3.6762410788007602,3.5917290049198645,5.2863787653972,1.0,1.4120968860183103,1.035953129506403,0.9605941423271508
mango_population,popfold2,112300,GC-CQR,0.1,2,19,65.26760029792786,480,0.8958333333333334,3.810658652258756,3.7131616839386377,4.86027461340805,1.0,1.3737215043864055,0.7273801016500482,1.166560796900022
mango_population,popfold2,112900,GC-CQR,0.1,2,19,65.26760029792786,1440,0.8791666666666667,4.104189106405802,4.048072851318643,5.218276896007428,1.0,1.5178814028469165,-1.0845573702175866,1.0623007730950653
mango_population,popfold2,114400,GC-CQR,0.1,2,19,65.26760029792786,160,0.875,3.5421979101100036,3.4799261618727257,4.1202041740816275,1.0,0.9852042741995848,0.1725106944998868,0.9730287395468844
mango_population,popfold2,122100,GC-CQR,0.1,2,19,65.26760029792786,24,0.4166666666666667,3.8531880654636175,3.832353777467996,15.321881982337947,1.0,1.7776071645908074,1.4458879540064864,1.0563078879537082
mango_population,popfold2,200800,GC-CQR,0.1,2,19,65.26760029792786,70,0.9285714285714286,4.012398651134395,3.8220647489929256,4.673512792937547,1.0,0.9348222228601518,-0.4172707304754288,0.8425671676568677
mango_population,popfold2,100800,CQR,0.1,2,19,6.434792518615723,880,0.95,4.522598183780165,4.43382566803877,4.843009020109945,1.0,1.0651935937581811,0.39100129246472454,0.9913991536180599
mango_population,popfold2,101700,CQR,0.1,2,19,6.434792518615723,80,0.5,3.8969985961180016,3.798883185686864,9.374949824989733,1.0,0.889392525044877,0.5865090729884679,0.6728184970951131
mango_population,popfold2,102504,CQR,0.1,2,19,6.434792518615723,1200,0.9058333333333334,3.1095354224053118,3.112055035404623,3.6232080261953894,1.0,0.7158417001321925,0.19836557089664508,0.6880951986702301
mango_population,popfold2,103500,CQR,0.1,2,19,6.434792518615723,352,0.7982954545454546,3.091217295347924,3.0780362315559655,4.474388474589523,1.0,1.1418213307432545,-0.9706110722761391,0.6022462094974533
mango_population,popfold2,103600,CQR,0.1,2,19,6.434792518615723,320,0.978125,3.774387842959624,3.768010895860697,3.8685802568640235,1.0,0.7672983500917475,-0.10469830600087557,0.7613121968614263
mango_population,popfold2,106800,CQR,0.1,2,19,6.434792518615723,400,0.845,2.739280548957473,2.6509410957489,3.646161071704057,1.0,0.7159310957508874,-0.3851474556835035,0.6042612020014196
mango_population,popfold2,106900,CQR,0.1,2,19,6.434792518615723,400,0.805,4.150088643022657,3.9216232021016744,6.459528240395343,1.0,0.9926112451578462,-0.5178592127764615,0.8478774440665027
mango_population,popfold2,110600,CQR,0.1,2,19,6.434792518615723,648,0.9768518518518519,3.726486108561316,3.694476805165124,3.890602934327781,1.0,0.9103040488942388,-0.40074251199170524,0.8179801030882747
mango_population,popfold2,110601,CQR,0.1,2,19,6.434792518615723,160,0.94375,3.403738203363742,3.3022937340317444,3.7912213805569595,1.0,1.0096439376965907,-0.19433478365157866,0.9938755209963643
mango_population,popfold2,110801,CQR,0.1,2,19,6.434792518615723,80,0.95,3.114616327462332,3.091553757433082,3.258316812356836,1.0,0.42601575676393333,0.20082496492749238,0.3780814438722493
mango_population,popfold2,110803,CQR,0.1,2,19,6.434792518615723,80,0.9625,3.181090176927394,3.0317456336310205,3.371208640579508,1.0,0.47418777421699165,0.23433988628460406,0.41483730275854325
mango_population,popfold2,110900,CQR,0.1,2,19,6.434792518615723,240,0.22916666666666666,3.04602730581524,3.041205736088008,13.105111087124158,1.0,1.6613239990930617,-1.5536078828132032,0.589702408253085
mango_population,popfold2,111202,CQR,0.1,2,19,6.434792518615723,632,0.8528481012658228,3.209671737050193,3.1853228521652603,4.299416835606893,1.0,1.246813191130623,1.0410358686976913,0.6866830062358307
mango_population,popfold2,111400,CQR,0.1,2,19,6.434792518615723,400,0.88,3.0491483545890548,2.956104344059714,3.9574827588788843,1.0,1.1513880964826189,0.1035379274881866,1.148159449552767
mango_population,popfold2,112000,CQR,0.1,2,19,6.434792518615723,480,0.75625,3.2677698552424546,3.180041779481054,6.147449154313782,1.0,1.4120968860183103,1.035953129506403,0.9605941423271508
mango_population,popfold2,112300,CQR,0.1,2,19,6.434792518615723,480,0.8395833333333333,3.52443704556258,3.4521221362988195,4.95102120457953,1.0,1.3737215043864055,0.7273801016500482,1.166560796900022
mango_population,popfold2,112900,CQR,0.1,2,19,6.434792518615723,1440,0.8263888888888888,3.662048203860292,3.6269722444774573,5.646285659344983,1.0,1.5178814028469165,-1.0845573702175866,1.0623007730950653
mango_population,popfold2,114400,CQR,0.1,2,19,6.434792518615723,160,0.80625,3.13701174515774,3.1432378831079815,4.489762033101078,1.0,0.9852042741995848,0.1725106944998868,0.9730287395468844
mango_population,popfold2,122100,CQR,0.1,2,19,6.434792518615723,24,0.25,3.477966711600063,3.4030261911306097,18.107502537589948,1.0,1.7776071645908074,1.4458879540064864,1.0563078879537082
mango_population,popfold2,200800,CQR,0.1,2,19,6.434792518615723,70,0.8428571428571429,3.5278783436353,3.246129520115425,4.980615367157697,1.0,0.9348222228601518,-0.4172707304754288,0.8425671676568677
mango_population,popfold2,100800,SCP,0.1,2,19,0.0003325939178466797,880,0.9056818181818181,3.5981863537290932,3.5981863537290906,4.455440753169845,1.0,1.0651935937581811,0.39100129246472454,0.9913991536180599
mango_population,popfold2,101700,SCP,0.1,2,19,0.0003325939178466797,80,0.9625,3.5981863537290932,3.598186353729094,3.8105671469068105,1.0,0.889392525044877,0.5865090729884679,0.6728184970951131
mango_population,popfold2,102504,SCP,0.1,2,19,0.0003325939178466797,1200,0.9925,3.5981863537290937,3.598186353729094,3.6150337349819766,1.0,0.7158417001321925,0.19836557089664508,0.6880951986702301
mango_population,popfold2,103500,SCP,0.1,2,19,0.0003325939178466797,352,0.9204545454545454,3.5981863537290946,3.598186353729094,4.046472847967663,1.0,1.1418213307432545,-0.9706110722761391,0.6022462094974533
mango_population,popfold2,103600,SCP,0.1,2,19,0.0003325939178466797,320,0.98125,3.598186353729094,3.598186353729094,3.661979466264884,1.0,0.7672983500917475,-0.10469830600087557,0.7613121968614263
mango_population,popfold2,106800,SCP,0.1,2,19,0.0003325939178466797,400,0.99,3.598186353729094,3.598186353729094,3.6311456660520403,1.0,0.7159310957508874,-0.3851474556835035,0.6042612020014196
mango_population,popfold2,106900,SCP,0.1,2,19,0.0003325939178466797,400,0.9275,3.598186353729094,3.5981863537290906,4.256073161996439,1.0,0.9926112451578462,-0.5178592127764615,0.8478774440665027
mango_population,popfold2,110600,SCP,0.1,2,19,0.0003325939178466797,648,0.9645061728395061,3.5981863537290932,3.598186353729094,3.819121659733003,1.0,0.9103040488942388,-0.40074251199170524,0.8179801030882747
mango_population,popfold2,110601,SCP,0.1,2,19,0.0003325939178466797,160,0.9625,3.598186353729094,3.598186353729094,3.8323879512510417,1.0,1.0096439376965907,-0.19433478365157866,0.9938755209963643
mango_population,popfold2,110801,SCP,0.1,2,19,0.0003325939178466797,80,1.0,3.598186353729095,3.598186353729094,3.598186353729095,1.0,0.42601575676393333,0.20082496492749238,0.3780814438722493
mango_population,popfold2,110803,SCP,0.1,2,19,0.0003325939178466797,80,1.0,3.5981863537290932,3.598186353729094,3.5981863537290932,1.0,0.47418777421699165,0.23433988628460406,0.41483730275854325
mango_population,popfold2,110900,SCP,0.1,2,19,0.0003325939178466797,240,0.6333333333333333,3.5981863537290932,3.5981863537290923,6.359740739805921,1.0,1.6613239990930617,-1.5536078828132032,0.589702408253085
mango_population,popfold2,111202,SCP,0.1,2,19,0.0003325939178466797,632,0.9177215189873418,3.5981863537290932,3.598186353729094,4.171455157361114,1.0,1.246813191130623,1.0410358686976913,0.6866830062358307
mango_population,popfold2,111400,SCP,0.1,2,19,0.0003325939178466797,400,0.89,3.598186353729094,3.5981863537290923,4.9511193543696645,1.0,1.1513880964826189,0.1035379274881866,1.148159449552767
mango_population,popfold2,112000,SCP,0.1,2,19,0.0003325939178466797,480,0.775,3.5981863537290932,3.598186353729094,6.263898191131785,1.0,1.4120968860183103,1.035953129506403,0.9605941423271508
mango_population,popfold2,112300,SCP,0.1,2,19,0.0003325939178466797,480,0.8083333333333333,3.5981863537290937,3.598186353729094,5.8573081254340975,1.0,1.3737215043864055,0.7273801016500482,1.166560796900022
mango_population,popfold2,112900,SCP,0.1,2,19,0.0003325939178466797,1440,0.7534722222222222,3.5981863537290946,3.598186353729094,7.169157418073661,1.0,1.5178814028469165,-1.0845573702175866,1.0623007730950653
mango_population,popfold2,114400,SCP,0.1,2,19,0.0003325939178466797,160,0.9625,3.5981863537290932,3.598186353729094,3.8113191671421314,1.0,0.9852042741995848,0.1725106944998868,0.9730287395468844
mango_population,popfold2,122100,SCP,0.1,2,19,0.0003325939178466797,24,0.6666666666666666,3.598186353729094,3.598186353729094,9.098595092294849,1.0,1.7776071645908074,1.4458879540064864,1.0563078879537082
mango_population,popfold2,200800,SCP,0.1,2,19,0.0003325939178466797,70,0.9142857142857143,3.598186353729093,3.5981863537290923,4.418811517910817,1.0,0.9348222228601518,-0.4172707304754288,0.8425671676568677
mango_population,popfold3,101600,GC-D,0.1,2,20,0.1454925537109375,80,0.925,3.602338988523286,3.627836426455909,4.00701987501383,1.0,1.1427301670522083,1.0258606798865475,0.5066065810902258
mango_population,popfold3,102100,GC-D,0.1,2,20,0.1454925537109375,80,0.95,4.100264795158262,4.121150972892792,4.366025722990235,1.0,1.025915145098986,-0.748359597301533,0.7061823181021761
mango_population,popfold3,102502,GC-D,0.1,2,20,0.1454925537109375,200,0.975,3.630139096688377,3.608329005859363,3.7211159408378567,1.0,0.7590204279366893,0.0724143296385855,0.7574541960964437
mango_population,popfold3,102700,GC-D,0.1,2,20,0.1454925537109375,30,1.0,3.4023400478399757,3.3700460912274313,3.4023400478399757,1.0,0.5187342339859822,-0.033352149051076495,0.5265104770179678
mango_population,popfold3,103900,GC-D,0.1,2,20,0.1454925537109375,320,0.890625,3.2809654223852176,3.2701332100115508,3.9406764421636824,1.0,1.113048242946763,-0.9337498528159391,0.6067437967148903
mango_population,popfold3,104000,GC-D,0.1,2,20,0.1454925537109375,60,0.8833333333333333,3.739362509033824,3.76510739752924,4.915699001868233,1.0,1.2130496471924026,-0.9466696530839445,0.7648901645867613
mango_population,popfold3,104500,GC-D,0.1,2,20,0.1454925537109375,924,0.8961038961038961,3.5553191581796906,3.498715030962501,4.209857859133783,1.0,1.1956609874502682,1.0051790498670043,0.6478228675849202
mango_population,popfold3,105700,GC-D,0.1,2,20,0.1454925537109375,240,0.975,3.4283380079829096,3.438583830857321,3.513933211494313,1.0,0.6981261933304111,-0.2940640881337419,0.6344950172482721
mango_population,popfold3,106000,GC-D,0.1,2,20,0.1454925537109375,240,0.9958333333333333,3.3408521531736426,3.3460313081433597,3.3417163759575126,1.0,0.6285725267244291,0.20131406592917112,0.5967073403999332
mango_population,popfold3,107100,GC-D,0.1,2,20,0.1454925537109375,400,0.99,3.370191373958993,3.375108754962664,3.416652257706664,1.0,0.7393160072629223,0.39114871576338006,0.6281538696543645
mango_population,popfold3,107201,GC-D,0.1,2,20,0.1454925537109375,320,0.94375,3.5857164502329097,3.517595294453254,3.8908996710031856,1.0,1.002574636329128,-0.5926594070507262,0.8099139494644281
mango_population,popfold3,107204,GC-D,0.1,2,20,0.1454925537109375,288,0.9756944444444444,3.6552074309255196,3.5799381654764204,3.8669577925330407,1.0,0.7460448994152343,0.3182099389218952,0.675952606666667
mango_population,popfold3,108000,GC-D,0.1,2,20,0.1454925537109375,400,0.9025,3.609339527584603,3.542103551435445,4.977236833857607,1.0,1.189129362364395,0.8611332430955304,0.8210746537559955
mango_population,popfold3,108700,GC-D,0.1,2,20,0.1454925537109375,480,0.9375,3.5298106204611495,3.523134022012126,3.8826690046494767,1.0,1.0610784652202563,0.8317883763929897,0.6594859309434425
mango_population,popfold3,109800,GC-D,0.1,2,20,0.1454925537109375,78,0.46153846153846156,3.530466231308062,3.525292742045842,10.962544275181752,1.0,2.0519350193507324,-1.9295541944379453,0.7025567304399299
mango_population,popfold3,111600,GC-D,0.1,2,20,0.1454925537109375,480,0.9645833333333333,3.7116095422102964,3.707900753136691,3.9573040084739177,1.0,0.9269703894744475,-0.3831511850529008,0.8449595742456327
mango_population,popfold3,112600,GC-D,0.1,2,20,0.1454925537109375,616,0.8181818181818182,3.893079688564487,3.829457655069917,6.7344777495764525,1.0,1.525252525625563,0.91004289914705,1.225011556741067
mango_population,popfold3,114800,GC-D,0.1,2,20,0.1454925537109375,160,0.9625,3.8101231201338637,3.9754260058683855,4.149368087083403,1.0,1.0351823438831305,0.6899360708802942,0.7741682999611833
mango_population,popfold3,114900,GC-D,0.1,2,20,0.1454925537109375,160,0.99375,3.6882008996643654,3.838530477407069,3.706281262790701,1.0,0.5716188420493539,0.3050014144884662,0.4849661729715493
mango_population,popfold3,122300,GC-D,0.1,2,20,0.1454925537109375,80,0.0625,3.3406607913257487,3.347204791747693,22.873083992514495,1.0,2.6839659474752366,2.633186178355632,0.5228972426811527
mango_population,popfold3,101600,GC-D2,0.1,2,20,0.14469456672668457,80,0.925,3.430931865274971,3.4247749894105164,3.901275202909866,1.0,1.1427301670522083,1.0258606798865475,0.5066065810902258
mango_population,popfold3,102100,GC-D2,0.1,2,20,0.14469456672668457,80,0.95,3.7614321532367563,3.806644435909501,4.09527670812395,1.0,1.025915145098986,-0.748359597301533,0.7061823181021761
mango_population,popfold3,102502,GC-D2,0.1,2,20,0.14469456672668457,200,0.97,3.414620993210093,3.4063973564984913,3.5673110851767467,1.0,0.7590204279366893,0.0724143296385855,0.7574541960964437
mango_population,popfold3,102700,GC-D2,0.1,2,20,0.14469456672668457,30,1.0,3.0466585668951436,3.000984781239845,3.0466585668951436,1.0,0.5187342339859822,-0.033352149051076495,0.5265104770179678
mango_population,popfold3,103900,GC-D2,0.1,2,20,0.14469456672668457,320,0.896875,3.3256507873462815,3.319181373307128,3.9341749019263785,1.0,1.113048242946763,-0.9337498528159391,0.6067437967148903
mango_population,popfold3,104000,GC-D2,0.1,2,20,0.14469456672668457,60,0.8833333333333333,3.828555165212234,3.8216448525802598,5.120421819724863,1.0,1.2130496471924026,-0.9466696530839445,0.7648901645867613
mango_population,popfold3,104500,GC-D2,0.1,2,20,0.14469456672668457,924,0.8474025974025974,3.2781578196164,3.1914173274575433,4.294874163738557,1.0,1.1956609874502682,1.0051790498670043,0.6478228675849202
mango_population,popfold3,105700,GC-D2,0.1,2,20,0.14469456672668457,240,0.9833333333333333,3.508466688725482,3.5190222893451555,3.5612217814852634,1.0,0.6981261933304111,-0.2940640881337419,0.6344950172482721
mango_population,popfold3,106000,GC-D2,0.1,2,20,0.14469456672668457,240,0.9958333333333333,3.4211330714302126,3.4180114476664585,3.4211441308392683,1.0,0.6285725267244291,0.20131406592917112,0.5967073403999332
mango_population,popfold3,107100,GC-D2,0.1,2,20,0.14469456672668457,400,0.995,3.475225067865141,3.451138332660773,3.4989290700596176,1.0,0.7393160072629223,0.39114871576338006,0.6281538696543645
mango_population,popfold3,107201,GC-D2,0.1,2,20,0.14469456672668457,320,0.928125,3.5287445513240714,3.500496658674259,3.8601760753501053,1.0,1.002574636329128,-0.5926594070507262,0.8099139494644281
mango_population,popfold3,107204,GC-D2,0.1,2,20,0.14469456672668457,288,0.9791666666666666,3.557087244228292,3.516175406892131,3.7487359877878927,1.0,0.7460448994152343,0.3182099389218952,0.675952606666667
mango_population,popfold3,108000,GC-D2,0.1,2,20,0.14469456672668457,400,0.9075,3.6728830790064877,3.625210758513563,4.933285260326521,1.0,1.189129362364395,0.8611332430955304,0.8210746537559955
mango_population,popfold3,108700,GC-D2,0.1,2,20,0.14469456672668457,480,0.9354166666666667,3.516706523736869,3.525410881492931,3.8347418857535986,1.0,1.0610784652202563,0.8317883763929897,0.6594859309434425
mango_population,popfold3,109800,GC-D2,0.1,2,20,0.14469456672668457,78,0.5,3.89598471774519,3.886815865028506,9.473841288587971,1.0,2.0519350193507324,-1.9295541944379453,0.7025567304399299
mango_population,popfold3,111600,GC-D2,0.1,2,20,0.14469456672668457,480,0.9729166666666667,3.843241571828417,3.8401188155932617,4.0242960254731255,1.0,0.9269703894744475,-0.3831511850529008,0.8449595742456327
mango_population,popfold3,112600,GC-D2,0.1,2,20,0.14469456672668457,616,0.7873376623376623,3.778132992401287,3.7324334393086818,7.178369835728453,1.0,1.525252525625563,0.91004289914705,1.225011556741067
mango_population,popfold3,114800,GC-D2,0.1,2,20,0.14469456672668457,160,0.94375,3.5883829764823445,3.6788584781695555,4.0398402740880455,1.0,1.0351823438831305,0.6899360708802942,0.7741682999611833
mango_population,popfold3,114900,GC-D2,0.1,2,20,0.14469456672668457,160,0.99375,3.3672691560498946,3.5524439043264486,3.401233379659338,1.0,0.5716188420493539,0.3050014144884662,0.4849661729715493
mango_population,popfold3,122300,GC-D2,0.1,2,20,0.14469456672668457,80,0.0375,3.145567354836962,3.1606712576306855,24.539040784463154,1.0,2.6839659474752366,2.633186178355632,0.5228972426811527
mango_population,popfold3,101600,GC-CQR,0.1,2,20,71.35862612724304,80,0.8625,3.3116588312413184,3.3166614186515195,3.8677430606238374,1.0,1.1427301670522083,1.0258606798865475,0.5066065810902258
mango_population,popfold3,102100,GC-CQR,0.1,2,20,71.35862612724304,80,0.975,4.462954092600069,4.46054070128253,4.99841366113049,1.0,1.025915145098986,-0.748359597301533,0.7061823181021761
mango_population,popfold3,102502,GC-CQR,0.1,2,20,71.35862612724304,200,0.965,3.5800716109334005,3.6046050168257135,3.6740436156306955,1.0,0.7590204279366893,0.0724143296385855,0.7574541960964437
mango_population,popfold3,102700,GC-CQR,0.1,2,20,71.35862612724304,30,0.9666666666666667,3.9061125381842863,3.8698578891421906,3.9458212295929993,1.0,0.5187342339859822,-0.033352149051076495,0.5265104770179678
mango_population,popfold3,103900,GC-CQR,0.1,2,20,71.35862612724304,320,0.978125,3.858954150758204,3.83344609402175,3.966953471745107,1.0,1.113048242946763,-0.9337498528159391,0.6067437967148903
mango_population,popfold3,104000,GC-CQR,0.1,2,20,71.35862612724304,60,0.8666666666666667,4.156093894204646,4.1854102005553075,5.224701623280877,1.0,1.2130496471924026,-0.9466696530839445,0.7648901645867613
mango_population,popfold3,104500,GC-CQR,0.1,2,20,71.35862612724304,924,0.7608225108225108,3.760298241578293,3.7287497637308977,5.269030932385647,1.0,1.1956609874502682,1.0051790498670043,0.6478228675849202
mango_population,popfold3,105700,GC-CQR,0.1,2,20,71.35862612724304,240,0.975,3.5097815509984254,3.503868084593144,3.57662220829777,1.0,0.6981261933304111,-0.2940640881337419,0.6344950172482721
mango_population,popfold3,106000,GC-CQR,0.1,2,20,71.35862612724304,240,0.9916666666666667,3.6898528345860004,3.7026097407218623,3.699875787329907,1.0,0.6285725267244291,0.20131406592917112,0.5967073403999332
mango_population,popfold3,107100,GC-CQR,0.1,2,20,71.35862612724304,400,0.9925,3.703159874299422,3.6779678422988606,3.7126926322448326,1.0,0.7393160072629223,0.39114871576338006,0.6281538696543645
mango_population,popfold3,107201,GC-CQR,0.1,2,20,71.35862612724304,320,0.96875,3.2075655888292096,3.048795177826549,3.4164889679648622,1.0,1.002574636329128,-0.5926594070507262,0.8099139494644281
mango_population,popfold3,107204,GC-CQR,0.1,2,20,71.35862612724304,288,0.96875,3.375400182173194,3.231831976511085,3.677551636717639,1.0,0.7460448994152343,0.3182099389218952,0.675952606666667
mango_population,popfold3,108000,GC-CQR,0.1,2,20,71.35862612724304,400,0.86,3.4906791996968796,3.3558045693338663,4.843017749347113,1.0,1.189129362364395,0.8611332430955304,0.8210746537559955
mango_population,popfold3,108700,GC-CQR,0.1,2,20,71.35862612724304,480,0.8854166666666666,3.34265628929141,3.2758493226759278,3.984690004353889,1.0,1.0610784652202563,0.8317883763929897,0.6594859309434425
mango_population,popfold3,109800,GC-CQR,0.1,2,20,71.35862612724304,78,0.6666666666666666,5.338668371741762,5.489533478204052,8.237128761883424,1.0,2.0519350193507324,-1.9295541944379453,0.7025567304399299
mango_population,popfold3,111600,GC-CQR,0.1,2,20,71.35862612724304,480,0.9333333333333333,3.7930486634232494,3.782116576812653,4.447036223327685,1.0,0.9269703894744475,-0.3831511850529008,0.8449595742456327
mango_population,popfold3,112600,GC-CQR,0.1,2,20,71.35862612724304,616,0.6607142857142857,4.052602983955595,3.9648025084872867,13.51326027133414,1.0,1.525252525625563,0.91004289914705,1.225011556741067
mango_population,popfold3,114800,GC-CQR,0.1,2,20,71.35862612724304,160,0.94375,4.350804150283011,4.280233046093305,4.863889908077651,1.0,1.0351823438831305,0.6899360708802942,0.7741682999611833
mango_population,popfold3,114900,GC-CQR,0.1,2,20,71.35862612724304,160,0.9875,4.098402135638804,4.036288775074231,4.104417007202031,1.0,0.5716188420493539,0.3050014144884662,0.4849661729715493
mango_population,popfold3,122300,GC-CQR,0.1,2,20,71.35862612724304,80,0.425,4.82756054745132,4.791269283953998,10.051528495491919,1.0,2.6839659474752366,2.633186178355632,0.5228972426811527
mango_population,popfold3,101600,CQR,0.1,2,20,6.607030153274536,80,0.65,2.7210427994740525,2.6505958539870536,5.192619134108841,1.0,1.1427301670522083,1.0258606798865475,0.5066065810902258
mango_population,popfold3,102100,CQR,0.1,2,20,6.607030153274536,80,0.95,3.872698035793003,3.880022460517621,4.870934554066764,1.0,1.025915145098986,-0.748359597301533,0.7061823181021761
mango_population,popfold3,102502,CQR,0.1,2,20,6.607030153274536,200,0.88,3.0338022737058092,3.0279776280790873,3.430904384286571,1.0,0.7590204279366893,0.0724143296385855,0.7574541960964437
mango_population,popfold3,102700,CQR,0.1,2,20,6.607030153274536,30,0.9666666666666667,3.413217671793594,3.3634243572056546,3.4654791303093475,1.0,0.5187342339859822,-0.033352149051076495,0.5265104770179678
mango_population,popfold3,103900,CQR,0.1,2,20,6.607030153274536,320,0.934375,3.1283284695898184,3.137636684972799,3.4595619976262,1.0,1.113048242946763,-0.9337498528159391,0.6067437967148903
mango_population,popfold3,104000,CQR,0.1,2,20,6.607030153274536,60,0.7333333333333333,3.437729432776995,3.424287340389715,6.232110816859921,1.0,1.2130496471924026,-0.9466696530839445,0.7648901645867613
mango_population,popfold3,104500,CQR,0.1,2,20,6.607030153274536,924,0.577922077922078,3.194747657121767,3.1465413018103936,6.857652053338706,1.0,1.1956609874502682,1.0051790498670043,0.6478228675849202
mango_population,popfold3,105700,CQR,0.1,2,20,6.607030153274536,240,0.9416666666666667,2.8957104963581353,2.8735132112641075,3.2079841325631984,1.0,0.6981261933304111,-0.2940640881337419,0.6344950172482721
mango_population,popfold3,106000,CQR,0.1,2,20,6.607030153274536,240,0.975,3.088311267799439,3.109733307531493,3.1665228129875533,1.0,0.6285725267244291,0.20131406592917112,0.5967073403999332
mango_population,popfold3,107100,CQR,0.1,2,20,6.607030153274536,400,0.97,3.065226645392047,3.0432033099832765,3.171771474159068,1.0,0.7393160072629223,0.39114871576338006,0.6281538696543645
mango_population,popfold3,107201,CQR,0.1,2,20,6.607030153274536,320,0.871875,2.618667366261499,2.460111024430277,3.2726571058854432,1.0,1.002574636329128,-0.5926594070507262,0.8099139494644281
mango_population,popfold3,107204,CQR,0.1,2,20,6.607030153274536,288,0.9201388888888888,2.7603878663209342,2.6212685993212803,3.395104587696019,1.0,0.7460448994152343,0.3182099389218952,0.675952606666667
mango_population,popfold3,108000,CQR,0.1,2,20,6.607030153274536,400,0.7675,2.8882922640922515,2.7235156380144057,5.337178166852999,1.0,1.189129362364395,0.8611332430955304,0.8210746537559955
mango_population,popfold3,108700,CQR,0.1,2,20,6.607030153274536,480,0.78125,2.6928335439068416,2.637404424754055,4.426841812947969,1.0,1.0610784652202563,0.8317883763929897,0.6594859309434425
mango_population,popfold3,109800,CQR,0.1,2,20,6.607030153274536,78,0.5,4.678019265351031,4.752326107282933,10.226297397612058,1.0,2.0519350193507324,-1.9295541944379453,0.7025567304399299
mango_population,popfold3,111600,CQR,0.1,2,20,6.607030153274536,480,0.8916666666666667,3.2124390120379145,3.171894096782185,4.45975172641721,1.0,0.9269703894744475,-0.3831511850529008,0.8449595742456327
mango_population,popfold3,112600,CQR,0.1,2,20,6.607030153274536,616,0.5746753246753247,3.4349516912587688,3.3368078855702876,15.741441815519117,1.0,1.525252525625563,0.91004289914705,1.225011556741067
mango_population,popfold3,114800,CQR,0.1,2,20,6.607030153274536,160,0.86875,3.7058793949748434,3.669339757179655,4.9509079978130455,1.0,1.0351823438831305,0.6899360708802942,0.7741682999611833
mango_population,popfold3,114900,CQR,0.1,2,20,6.607030153274536,160,0.9375,3.480459127910039,3.473721842772709,3.774960315099964,1.0,0.5716188420493539,0.3050014144884662,0.4849661729715493
mango_population,popfold3,122300,CQR,0.1,2,20,6.607030153274536,80,0.3,4.1775465838468815,4.17801066939025,14.280708109533577,1.0,2.6839659474752366,2.633186178355632,0.5228972426811527
mango_population,popfold3,101600,SCP,0.1,2,20,0.0005819797515869141,80,0.925,3.5009931547922903,3.5009931547922903,3.992626430859765,1.0,1.1427301670522083,1.0258606798865475,0.5066065810902258
mango_population,popfold3,102100,SCP,0.1,2,20,0.0005819797515869141,80,0.9375,3.5009931547922903,3.5009931547922903,3.947444462317067,1.0,1.025915145098986,-0.748359597301533,0.7061823181021761
mango_population,popfold3,102502,SCP,0.1,2,20,0.0005819797515869141,200,0.975,3.500993154792291,3.5009931547922903,3.6674461756436743,1.0,0.7590204279366893,0.0724143296385855,0.7574541960964437
mango_population,popfold3,102700,SCP,0.1,2,20,0.0005819797515869141,30,1.0,3.5009931547922917,3.5009931547922903,3.5009931547922917,1.0,0.5187342339859822,-0.033352149051076495,0.5265104770179678
mango_population,popfold3,103900,SCP,0.1,2,20,0.0005819797515869141,320,0.928125,3.5009931547922903,3.5009931547922903,3.945853782404113,1.0,1.113048242946763,-0.9337498528159391,0.6067437967148903
mango_population,popfold3,104000,SCP,0.1,2,20,0.0005819797515869141,60,0.85,3.500993154792291,3.5009931547922903,5.024001141350348,1.0,1.2130496471924026,-0.9466696530839445,0.7648901645867613
mango_population,popfold3,104500,SCP,0.1,2,20,0.0005819797515869141,924,0.8841991341991342,3.500993154792291,3.5009931547922903,4.289169080195906,1.0,1.1956609874502682,1.0051790498670043,0.6478228675849202
mango_population,popfold3,105700,SCP,0.1,2,20,0.0005819797515869141,240,0.9875,3.5009931547922903,3.5009931547922903,3.537035665654676,1.0,0.6981261933304111,-0.2940640881337419,0.6344950172482721
mango_population,popfold3,106000,SCP,0.1,2,20,0.0005819797515869141,240,0.9958333333333333,3.5009931547922903,3.5009931547922903,3.5053470650086695,1.0,0.6285725267244291,0.20131406592917112,0.5967073403999332
mango_population,popfold3,107100,SCP,0.1,2,20,0.0005819797515869141,400,0.9875,3.500993154792291,3.5009931547922903,3.556351215864536,1.0,0.7393160072629223,0.39114871576338006,0.6281538696543645
mango_population,popfold3,107201,SCP,0.1,2,20,0.0005819797515869141,320,0.928125,3.5009931547922903,3.5009931547922903,3.9916333606411065,1.0,1.002574636329128,-0.5926594070507262,0.8099139494644281
mango_population,popfold3,107204,SCP,0.1,2,20,0.0005819797515869141,288,0.9756944444444444,3.5009931547922903,3.5009931547922903,3.723389891963719,1.0,0.7460448994152343,0.3182099389218952,0.675952606666667
mango_population,popfold3,108000,SCP,0.1,2,20,0.0005819797515869141,400,0.885,3.500993154792291,3.5009931547922903,5.1000016993429655,1.0,1.189129362364395,0.8611332430955304,0.8210746537559955
mango_population,popfold3,108700,SCP,0.1,2,20,0.0005819797515869141,480,0.91875,3.5009931547922903,3.5009931547922903,4.051256287352181,1.0,1.0610784652202563,0.8317883763929897,0.6594859309434425
mango_population,popfold3,109800,SCP,0.1,2,20,0.0005819797515869141,78,0.46153846153846156,3.500993154792291,3.5009931547922903,10.799647867945108,1.0,2.0519350193507324,-1.9295541944379453,0.7025567304399299
mango_population,popfold3,111600,SCP,0.1,2,20,0.0005819797515869141,480,0.94375,3.5009931547922903,3.5009931547922903,3.8930430134675533,1.0,0.9269703894744475,-0.3831511850529008,0.8449595742456327
mango_population,popfold3,112600,SCP,0.1,2,20,0.0005819797515869141,616,0.7516233766233766,3.50099315479229,3.5009931547922903,7.372114568453969,1.0,1.525252525625563,0.91004289914705,1.225011556741067
mango_population,popfold3,114800,SCP,0.1,2,20,0.0005819797515869141,160,0.93125,3.5009931547922903,3.5009931547922903,3.9737087378269167,1.0,1.0351823438831305,0.6899360708802942,0.7741682999611833
mango_population,popfold3,114900,SCP,0.1,2,20,0.0005819797515869141,160,0.99375,3.5009931547922903,3.5009931547922903,3.5038885922930163,1.0,0.5716188420493539,0.3050014144884662,0.4849661729715493
mango_population,popfold3,122300,SCP,0.1,2,20,0.0005819797515869141,80,0.075,3.5009931547922903,3.5009931547922903,20.722529099090547,1.0,2.6839659474752366,2.633186178355632,0.5228972426811527
mango_population,popfold4,100900,GC-D,0.1,2,19,0.12253952026367188,144,0.7291666666666666,3.536603496197201,3.5264437963061965,7.051129928369047,1.0,1.5928322546452987,1.3076172416106382,0.9127084518563249
mango_population,popfold4,101900,GC-D,0.1,2,19,0.12253952026367188,80,0.8875,3.565709606315539,3.5431804504012243,4.387665423622538,1.0,1.198839739372597,-0.9485918875648458,0.7376940819382398
mango_population,popfold4,102400,GC-D,0.1,2,19,0.12253952026367188,160,0.91875,4.081170467057825,4.102421452442111,4.515380847492939,1.0,1.4257393541125338,-1.2845596605971341,0.6205205234169829
mango_population,popfold4,102500,GC-D,0.1,2,19,0.12253952026367188,60,0.6166666666666667,4.101103277347712,4.120307247349228,9.10517232156109,1.0,2.0041983429939583,-1.7883979369634297,0.912313403512458
mango_population,popfold4,102503,GC-D,0.1,2,19,0.12253952026367188,600,0.9983333333333333,3.7616578114233175,3.730401131695114,3.7635275139133624,1.0,0.5818443406312754,0.0001996876029310535,0.5823297835512592
mango_population,popfold4,102600,GC-D,0.1,2,19,0.12253952026367188,180,0.9333333333333333,3.343603208822507,3.225970828670608,3.7556614842808704,1.0,0.9370791394453281,-0.7261885710182521,0.5939082990889838
mango_population,popfold4,103108,GC-D,0.1,2,19,0.12253952026367188,239,1.0,3.689016099513388,3.6651244567481918,3.689016099513388,1.0,0.5768382465297426,-0.10319481892615762,0.5687235925700884
mango_population,popfold4,103109,GC-D,0.1,2,19,0.12253952026367188,360,0.9555555555555556,3.9674183927271556,3.7746965807726856,4.453545432778911,1.0,1.2001275830994782,0.6498960571345788,1.0103350047428896
mango_population,popfold4,103110,GC-D,0.1,2,19,0.12253952026367188,224,0.9821428571428571,3.7475082219185722,3.7232819269027733,3.8259887434668256,1.0,0.7087233024057648,0.13327150372835733,0.6976390143848602
mango_population,popfold4,104302,GC-D,0.1,2,19,0.12253952026367188,600,0.9533333333333334,3.7527725200516397,3.7401377561544473,3.9506190189619566,1.0,0.8745890119843733,-0.34015827747718114,0.8064007004152939
mango_population,popfold4,104800,GC-D,0.1,2,19,0.12253952026367188,400,0.97,3.603612645310313,3.588815519229545,3.74656416800069,1.0,0.8149351965233074,0.5706317343838977,0.5825351201102912
mango_population,popfold4,105500,GC-D,0.1,2,19,0.12253952026367188,234,0.9743589743589743,3.420638831930441,3.339987915205066,3.513174302795383,1.0,0.8087248302384791,0.46220901595187786,0.6650479679637123
mango_population,popfold4,107300,GC-D,0.1,2,19,0.12253952026367188,1056,0.9734848484848485,3.7162501028715673,3.7092342175036173,3.8569392395662487,1.0,0.9763642780607009,0.7847004201798268,0.5812507118429988
mango_population,popfold4,107900,GC-D,0.1,2,19,0.12253952026367188,400,0.8975,3.934706383768721,3.8866678602067317,4.810317224878587,1.0,1.1098996090766216,-0.31102276854091554,1.0667647102548876
mango_population,popfold4,108900,GC-D,0.1,2,19,0.12253952026367188,400,0.9925,3.6262071092988464,3.589208460999455,3.6407401195025937,1.0,0.6947617180840802,0.4074941605282585,0.5634145400238517
mango_population,popfold4,109300,GC-D,0.1,2,19,0.12253952026367188,160,0.975,3.7648254157092453,3.7355478825391053,3.8444945657501024,1.0,0.8460137382953647,-0.09080234481394552,0.8437676389201251
mango_population,popfold4,109500,GC-D,0.1,2,19,0.12253952026367188,880,0.9977272727272727,3.751301686585861,3.6995200688638894,3.751822763145828,1.0,0.6022657952473454,0.1435105291594577,0.5852504089636326
mango_population,popfold4,113500,GC-D,0.1,2,19,0.12253952026367188,336,0.8095238095238095,3.554703158218098,3.5693026864064192,5.48570186903715,1.0,1.4229861227592642,1.1741722597436008,0.8050701783903649
mango_population,popfold4,114700,GC-D,0.1,2,19,0.12253952026367188,240,0.9708333333333333,3.954605615377913,3.854315123455473,3.998602223560036,1.0,0.8660931024894768,0.5031953429590428,0.7063928351092866
mango_population,popfold4,115100,GC-D,0.1,2,19,0.12253952026367188,152,0.9539473684210527,4.137033087833988,4.27859993560372,4.29672909642913,1.0,1.2040761269187472,0.986376626460458,0.6928336644152036
mango_population,popfold4,100900,GC-D2,0.1,2,19,0.14932465553283691,144,0.7152777777777778,3.5863722787087218,3.568493717751184,7.062576763305305,1.0,1.5928322546452987,1.3076172416106382,0.9127084518563249
mango_population,popfold4,101900,GC-D2,0.1,2,19,0.14932465553283691,80,0.875,3.5280932480937524,3.516108014591019,4.474714183250559,1.0,1.198839739372597,-0.9485918875648458,0.7376940819382398
mango_population,popfold4,102400,GC-D2,0.1,2,19,0.14932465553283691,160,0.89375,3.9046559699026617,3.890394129454691,4.484612380521623,1.0,1.4257393541125338,-1.2845596605971341,0.6205205234169829
mango_population,popfold4,102500,GC-D2,0.1,2,19,0.14932465553283691,60,0.6166666666666667,4.159244836134922,4.197447389830977,8.914188050980567,1.0,2.0041983429939583,-1.7883979369634297,0.912313403512458
mango_population,popfold4,102503,GC-D2,0.1,2,19,0.14932465553283691,600,0.9983333333333333,3.6053153801269113,3.5816655250084795,3.6056355505020483,1.0,0.5818443406312754,0.0001996876029310535,0.5823297835512592
mango_population,popfold4,102600,GC-D2,0.1,2,19,0.14932465553283691,180,0.9333333333333333,3.3081931800508264,3.220630939737518,3.766947063225655,1.0,0.9370791394453281,-0.7261885710182521,0.5939082990889838
mango_population,popfold4,103108,GC-D2,0.1,2,19,0.14932465553283691,239,1.0,3.495468799338949,3.48413785335638,3.495468799338949,1.0,0.5768382465297426,-0.10319481892615762,0.5687235925700884
mango_population,popfold4,103109,GC-D2,0.1,2,19,0.14932465553283691,360,0.9611111111111111,3.760564512550821,3.5342880698364763,4.159979695738971,1.0,1.2001275830994782,0.6498960571345788,1.0103350047428896
mango_population,popfold4,103110,GC-D2,0.1,2,19,0.14932465553283691,224,0.9821428571428571,3.5371760934411745,3.532757371753168,3.667809867004562,1.0,0.7087233024057648,0.13327150372835733,0.6976390143848602
mango_population,popfold4,104302,GC-D2,0.1,2,19,0.14932465553283691,600,0.9466666666666667,3.6574118285680317,3.6662082769388693,3.940565061320457,1.0,0.8745890119843733,-0.34015827747718114,0.8064007004152939
mango_population,popfold4,104800,GC-D2,0.1,2,19,0.14932465553283691,400,0.965,3.523970935313084,3.4882566954234697,3.68822563957889,1.0,0.8149351965233074,0.5706317343838977,0.5825351201102912
mango_population,popfold4,105500,GC-D2,0.1,2,19,0.14932465553283691,234,0.9700854700854701,3.2911283236329507,3.213140861762363,3.4233734286847914,1.0,0.8087248302384791,0.46220901595187786,0.6650479679637123
mango_population,popfold4,107300,GC-D2,0.1,2,19,0.14932465553283691,1056,0.9564393939393939,3.4894073757391024,3.4690069175734806,3.715204322957367,1.0,0.9763642780607009,0.7847004201798268,0.5812507118429988
mango_population,popfold4,107900,GC-D2,0.1,2,19,0.14932465553283691,400,0.9075,4.20165935986388,4.131577154462441,4.969055839508545,1.0,1.1098996090766216,-0.31102276854091554,1.0667647102548876
mango_population,popfold4,108900,GC-D2,0.1,2,19,0.14932465553283691,400,0.9925,3.5662633556216052,3.5374842645899385,3.590803333521068,1.0,0.6947617180840802,0.4074941605282585,0.5634145400238517
mango_population,popfold4,109300,GC-D2,0.1,2,19,0.14932465553283691,160,0.99375,3.9545313604672687,3.940752472236177,3.9704427850867794,1.0,0.8460137382953647,-0.09080234481394552,0.8437676389201251
mango_population,popfold4,109500,GC-D2,0.1,2,19,0.14932465553283691,880,0.9988636363636364,3.685649898923317,3.623398874440798,3.6877787598902594,1.0,0.6022657952473454,0.1435105291594577,0.5852504089636326
mango_population,popfold4,113500,GC-D2,0.1,2,19,0.14932465553283691,336,0.7797619047619048,3.4556204840613134,3.4597689360586124,5.502290514252712,1.0,1.4229861227592642,1.1741722597436008,0.8050701783903649
mango_population,popfold4,114700,GC-D2,0.1,2,19,0.14932465553283691,240,0.9666666666666667,3.7450685513784427,3.6579007551696296,3.8189913876765424,1.0,0.8660931024894768,0.5031953429590428,0.7063928351092866
mango_population,popfold4,115100,GC-D2,0.1,2,19,0.14932465553283691,152,0.9605263157894737,4.048345665843888,4.073787294165578,4.219982876932485,1.0,1.2040761269187472,0.986376626460458,0.6928336644152036
mango_population,popfold4,100900,GC-CQR,0.1,2,19,66.6769073009491,144,0.9305555555555556,4.496860645832583,4.475633307447012,6.04075825928571,1.0,1.5928322546452987,1.3076172416106382,0.9127084518563249
mango_population,popfold4,101900,GC-CQR,0.1,2,19,66.6769073009491,80,0.975,3.63073865236734,3.611074433289046,3.697211783336195,1.0,1.198839739372597,-0.9485918875648458,0.7376940819382398
mango_population,popfold4,102400,GC-CQR,0.1,2,19,66.6769073009491,160,0.95625,4.569180092854005,4.508838188831766,4.832132715328723,1.0,1.4257393541125338,-1.2845596605971341,0.6205205234169829
mango_population,popfold4,102500,GC-CQR,0.1,2,19,66.6769073009491,60,0.85,4.125592297050775,4.097867192494303,5.987516381471939,1.0,2.0041983429939583,-1.7883979369634297,0.912313403512458
mango_population,popfold4,102503,GC-CQR,0.1,2,19,66.6769073009491,600,0.99,3.6610644374587,3.6412326172091145,3.691182118666226,1.0,0.5818443406312754,0.0001996876029310535,0.5823297835512592
mango_population,popfold4,102600,GC-CQR,0.1,2,19,66.6769073009491,180,0.9777777777777777,3.7346157057485914,3.7274858254405716,3.749385905488647,1.0,0.9370791394453281,-0.7261885710182521,0.5939082990889838
mango_population,popfold4,103108,GC-CQR,0.1,2,19,66.6769073009491,239,0.9916317991631799,3.204065731927923,3.1020782453459503,3.2237234092250557,1.0,0.5768382465297426,-0.10319481892615762,0.5687235925700884
mango_population,popfold4,103109,GC-CQR,0.1,2,19,66.6769073009491,360,0.7722222222222223,3.3852763330072397,3.2109477727816422,4.691840515203586,1.0,1.2001275830994782,0.6498960571345788,1.0103350047428896
mango_population,popfold4,103110,GC-CQR,0.1,2,19,66.6769073009491,224,0.8482142857142857,3.1694394713818697,3.116815822611227,4.722364865551206,1.0,0.7087233024057648,0.13327150372835733,0.6976390143848602
mango_population,popfold4,104302,GC-CQR,0.1,2,19,66.6769073009491,600,0.98,3.615699010845842,3.5997733297565304,3.683702890034695,1.0,0.8745890119843733,-0.34015827747718114,0.8064007004152939
mango_population,popfold4,104800,GC-CQR,0.1,2,19,66.6769073009491,400,0.715,3.654979253887169,3.6200094910147715,6.732341062372625,1.0,0.8149351965233074,0.5706317343838977,0.5825351201102912
mango_population,popfold4,105500,GC-CQR,0.1,2,19,66.6769073009491,234,0.9444444444444444,3.4879360966714756,3.4720907839917476,3.6814099881488866,1.0,0.8087248302384791,0.46220901595187786,0.6650479679637123
mango_population,popfold4,107300,GC-CQR,0.1,2,19,66.6769073009491,1056,0.915719696969697,4.0789025521457205,4.040215135323404,4.761228536691575,1.0,0.9763642780607009,0.7847004201798268,0.5812507118429988
mango_population,popfold4,107900,GC-CQR,0.1,2,19,66.6769073009491,400,0.8975,4.03677786058339,3.948915923038851,4.844270034546487,1.0,1.1098996090766216,-0.31102276854091554,1.0667647102548876
mango_population,popfold4,108900,GC-CQR,0.1,2,19,66.6769073009491,400,0.97,3.2900030405452725,3.2429818842500344,3.368725853520947,1.0,0.6947617180840802,0.4074941605282585,0.5634145400238517
mango_population,popfold4,109300,GC-CQR,0.1,2,19,66.6769073009491,160,0.93125,3.6552978978174324,3.5954397287750837,3.9613330098312645,1.0,0.8460137382953647,-0.09080234481394552,0.8437676389201251
mango_population,popfold4,109500,GC-CQR,0.1,2,19,66.6769073009491,880,0.9829545454545454,3.8200264412194542,3.808257973027013,3.8912947225813417,1.0,0.6022657952473454,0.1435105291594577,0.5852504089636326
mango_population,popfold4,113500,GC-CQR,0.1,2,19,66.6769073009491,336,0.8065476190476191,3.7436090862738354,3.7031343668952745,5.417737813001791,1.0,1.4229861227592642,1.1741722597436008,0.8050701783903649
mango_population,popfold4,114700,GC-CQR,0.1,2,19,66.6769073009491,240,0.8833333333333333,4.5628424105397265,4.554389711092492,5.5148611042051146,1.0,0.8660931024894768,0.5031953429590428,0.7063928351092866
mango_population,popfold4,115100,GC-CQR,0.1,2,19,66.6769073009491,152,0.8618421052631579,4.525523039737985,4.471849406601358,5.728574126715086,1.0,1.2040761269187472,0.986376626460458,0.6928336644152036
mango_population,popfold4,100900,CQR,0.1,2,19,6.449249744415283,144,0.8611111111111112,3.970217763056294,3.957788929811157,6.105532247819617,1.0,1.5928322546452987,1.3076172416106382,0.9127084518563249
mango_population,popfold4,101900,CQR,0.1,2,19,6.449249744415283,80,0.9625,3.1454622525181173,3.1355428064177717,3.378287967598298,1.0,1.198839739372597,-0.9485918875648458,0.7376940819382398
mango_population,popfold4,102400,CQR,0.1,2,19,6.449249744415283,160,0.9,4.049816960664943,3.8911169316138343,4.550215994647442,1.0,1.4257393541125338,-1.2845596605971341,0.6205205234169829
mango_population,popfold4,102500,CQR,0.1,2,19,6.449249744415283,60,0.7,3.4591390800421378,3.3960293642272363,6.63211067201269,1.0,2.0041983429939583,-1.7883979369634297,0.912313403512458
mango_population,popfold4,102503,CQR,0.1,2,19,6.449249744415283,600,0.9683333333333334,3.1779771433516744,3.165110257501423,3.3231650418715373,1.0,0.5818443406312754,0.0001996876029310535,0.5823297835512592
mango_population,popfold4,102600,CQR,0.1,2,19,6.449249744415283,180,0.9222222222222223,3.2323769004312344,3.2615691379167604,3.6000937067938996,1.0,0.9370791394453281,-0.7261885710182521,0.5939082990889838
mango_population,popfold4,103108,CQR,0.1,2,19,6.449249744415283,239,0.9623430962343096,2.8050926262894142,2.696701397855467,2.885039069685015,1.0,0.5768382465297426,-0.10319481892615762,0.5687235925700884
mango_population,popfold4,103109,CQR,0.1,2,19,6.449249744415283,360,0.6444444444444445,3.004597229127813,2.914449215510319,5.584616307490191,1.0,1.2001275830994782,0.6498960571345788,1.0103350047428896
mango_population,popfold4,103110,CQR,0.1,2,19,6.449249744415283,224,0.7901785714285714,2.6599414444224587,2.5625354978014867,4.683169928007457,1.0,0.7087233024057648,0.13327150372835733,0.6976390143848602
mango_population,popfold4,104302,CQR,0.1,2,19,6.449249744415283,600,0.9383333333333334,3.0985167783626,3.08625611340434,3.366329323790614,1.0,0.8745890119843733,-0.34015827747718114,0.8064007004152939
mango_population,popfold4,104800,CQR,0.1,2,19,6.449249744415283,400,0.575,3.1299419069247016,3.0602565055835544,9.319325538633777,1.0,0.8149351965233074,0.5706317343838977,0.5825351201102912
mango_population,popfold4,105500,CQR,0.1,2,19,6.449249744415283,234,0.8931623931623932,2.9880761742941,2.952270273237752,3.6232857796634486,1.0,0.8087248302384791,0.46220901595187786,0.6650479679637123
mango_population,popfold4,107300,CQR,0.1,2,19,6.449249744415283,1056,0.8465909090909091,3.5702573311252572,3.5456530049331736,4.765015882131486,1.0,0.9763642780607009,0.7847004201798268,0.5812507118429988
mango_population,popfold4,107900,CQR,0.1,2,19,6.449249744415283,400,0.7925,3.4221314819398083,3.3668950619172815,6.001388540570624,1.0,1.1098996090766216,-0.31102276854091554,1.0667647102548876
mango_population,popfold4,108900,CQR,0.1,2,19,6.449249744415283,400,0.91,2.861440220614617,2.7321660824506484,3.2158221977283956,1.0,0.6947617180840802,0.4074941605282585,0.5634145400238517
mango_population,popfold4,109300,CQR,0.1,2,19,6.449249744415283,160,0.8,2.8796853842467067,2.8291777293459326,4.325964771791104,1.0,0.8460137382953647,-0.09080234481394552,0.8437676389201251
mango_population,popfold4,109500,CQR,0.1,2,19,6.449249744415283,880,0.9636363636363636,3.2618442481608647,3.2481600071096564,3.45857841420167,1.0,0.6022657952473454,0.1435105291594577,0.5852504089636326
mango_population,popfold4,113500,CQR,0.1,2,19,6.449249744415283,336,0.6875,3.1924444096611677,3.1403467909321137,6.20496466554278,1.0,1.4229861227592642,1.1741722597436008,0.8050701783903649
mango_population,popfold4,114700,CQR,0.1,2,19,6.449249744415283,240,0.8208333333333333,4.080493030293315,4.055042346259019,6.115738410441243,1.0,0.8660931024894768,0.5031953429590428,0.7063928351092866
mango_population,popfold4,115100,CQR,0.1,2,19,6.449249744415283,152,0.7828947368421053,3.9792471895520825,3.8959740283745354,5.962254982685629,1.0,1.2040761269187472,0.986376626460458,0.6928336644152036
mango_population,popfold4,100900,SCP,0.1,2,19,0.0003714561462402344,144,0.7291666666666666,3.446635451878041,3.4466354518780413,7.012287374336572,1.0,1.5928322546452987,1.3076172416106382,0.9127084518563249
mango_population,popfold4,101900,SCP,0.1,2,19,0.0003714561462402344,80,0.875,3.4466354518780413,3.4466354518780413,4.405849230369552,1.0,1.198839739372597,-0.9485918875648458,0.7376940819382398
mango_population,popfold4,102400,SCP,0.1,2,19,0.0003714561462402344,160,0.75,3.4466354518780404,3.4466354518780413,5.103997055883019,1.0,1.4257393541125338,-1.2845596605971341,0.6205205234169829
mango_population,popfold4,102500,SCP,0.1,2,19,0.0003714561462402344,60,0.5,3.4466354518780418,3.4466354518780413,10.995999574265428,1.0,2.0041983429939583,-1.7883979369634297,0.912313403512458
mango_population,popfold4,102503,SCP,0.1,2,19,0.0003714561462402344,600,0.9983333333333333,3.4466354518780418,3.4466354518780413,3.449449865908373,1.0,0.5818443406312754,0.0001996876029310535,0.5823297835512592
mango_population,popfold4,102600,SCP,0.1,2,19,0.0003714561462402344,180,0.95,3.4466354518780413,3.4466354518780413,3.6629011724489917,1.0,0.9370791394453281,-0.7261885710182521,0.5939082990889838
mango_population,popfold4,103108,SCP,0.1,2,19,0.0003714561462402344,239,1.0,3.44663545187804,3.4466354518780413,3.44663545187804,1.0,0.5768382465297426,-0.10319481892615762,0.5687235925700884
mango_population,popfold4,103109,SCP,0.1,2,19,0.0003714561462402344,360,0.8944444444444445,3.4466354518780413,3.4466354518780413,5.923315856345599,1.0,1.2001275830994782,0.6498960571345788,1.0103350047428896
mango_population,popfold4,103110,SCP,0.1,2,19,0.0003714561462402344,224,0.9776785714285714,3.446635451878041,3.4466354518780413,3.61138104126035,1.0,0.7087233024057648,0.13327150372835733,0.6976390143848602
mango_population,popfold4,104302,SCP,0.1,2,19,0.0003714561462402344,600,0.9383333333333334,3.4466354518780418,3.4466354518780413,3.808648380325623,1.0,0.8745890119843733,-0.34015827747718114,0.8064007004152939
mango_population,popfold4,104800,SCP,0.1,2,19,0.0003714561462402344,400,0.97,3.4466354518780413,3.4466354518780413,3.6434523547392224,1.0,0.8149351965233074,0.5706317343838977,0.5825351201102912
mango_population,popfold4,105500,SCP,0.1,2,19,0.0003714561462402344,234,0.9743589743589743,3.446635451878041,3.4466354518780413,3.573165877021927,1.0,0.8087248302384791,0.46220901595187786,0.6650479679637123
mango_population,popfold4,107300,SCP,0.1,2,19,0.0003714561462402344,1056,0.9450757575757576,3.446635451878041,3.4466354518780413,3.760922111317328,1.0,0.9763642780607009,0.7847004201798268,0.5812507118429988
mango_population,popfold4,107900,SCP,0.1,2,19,0.0003714561462402344,400,0.8325,3.4466354518780404,3.4466354518780395,5.100287790106808,1.0,1.1098996090766216,-0.31102276854091554,1.0667647102548876
mango_population,popfold4,108900,SCP,0.1,2,19,0.0003714561462402344,400,0.9875,3.4466354518780418,3.4466354518780413,3.4736637068952643,1.0,0.6947617180840802,0.4074941605282585,0.5634145400238517
mango_population,popfold4,109300,SCP,0.1,2,19,0.0003714561462402344,160,0.96875,3.4466354518780404,3.4466354518780395,3.619321770778091,1.0,0.8460137382953647,-0.09080234481394552,0.8437676389201251
mango_population,popfold4,109500,SCP,0.1,2,19,0.0003714561462402344,880,0.9988636363636364,3.4466354518780413,3.4466354518780413,3.4479102550723546,1.0,0.6022657952473454,0.1435105291594577,0.5852504089636326
mango_population,popfold4,113500,SCP,0.1,2,19,0.0003714561462402344,336,0.7827380952380952,3.4466354518780413,3.4466354518780413,6.02224083355467,1.0,1.4229861227592642,1.1741722597436008,0.8050701783903649
mango_population,popfold4,114700,SCP,0.1,2,19,0.0003714561462402344,240,0.9583333333333334,3.4466354518780404,3.4466354518780413,3.6194134395926625,1.0,0.8660931024894768,0.5031953429590428,0.7063928351092866
mango_population,popfold4,115100,SCP,0.1,2,19,0.0003714561462402344,152,0.8421052631578947,3.446635451878041,3.4466354518780413,4.3299364612169295,1.0,1.2040761269187472,0.986376626460458,0.6928336644152036
mango_population,popfold5,103300,GC-D,0.1,2,19,0.12115287780761719,240,0.9291666666666667,3.368848182678286,3.3581860012370868,3.717808312200152,1.0,0.9690524013619827,0.33977169924787703,0.9094305077045384
mango_population,popfold5,104200,GC-D,0.1,2,19,0.12115287780761719,160,0.875,4.145147531476657,3.9394316313956814,4.827012703450828,1.0,1.2596884278923768,-0.9428078635429691,0.8380440046731218
mango_population,popfold5,104400,GC-D,0.1,2,19,0.12115287780761719,38,0.7631578947368421,3.6913939247890246,3.6831714443827934,8.022989464522931,1.0,1.776528980480886,-1.1967082584437687,1.3306155188291888
mango_population,popfold5,104900,GC-D,0.1,2,19,0.12115287780761719,400,0.99,3.4873817139167858,3.475466506620169,3.5084524179094974,1.0,0.6472602313800483,0.21859282767333477,0.6099944392005293
mango_population,popfold5,106700,GC-D,0.1,2,19,0.12115287780761719,400,0.9125,3.3394775394150833,3.3116248936333292,3.7495448950788797,1.0,0.9793576159185815,-0.8279242119898794,0.523802215498434
mango_population,popfold5,107200,GC-D,0.1,2,19,0.12115287780761719,400,0.9825,3.4448186709718143,3.390589456896775,3.5179280688739607,1.0,0.6140265907510843,-0.22785202485954387,0.5709001017974917
mango_population,popfold5,107205,GC-D,0.1,2,19,0.12115287780761719,80,0.3625,3.298516041814586,3.3001120720291715,9.317346866564353,1.0,1.9142544378136437,-1.578825547979783,1.089271010081103
mango_population,popfold5,107600,GC-D,0.1,2,19,0.12115287780761719,960,0.9708333333333333,3.710867695720627,3.7560132468315253,3.9084029408514267,1.0,0.8460145061523993,0.5686811909505335,0.6266987822576389
mango_population,popfold5,108800,GC-D,0.1,2,19,0.12115287780761719,400,0.995,3.544941177311324,3.502869172697146,3.5601714892014478,1.0,0.6889236462670716,0.3417267374029276,0.5989452946595831
mango_population,popfold5,109000,GC-D,0.1,2,19,0.12115287780761719,480,0.7229166666666667,3.517742160755402,3.4208960343241515,6.9390029621714975,1.0,1.6053924377885285,1.2711470990399623,0.9815687321973974
mango_population,popfold5,109900,GC-D,0.1,2,19,0.12115287780761719,748,0.9919786096256684,3.6445242155384237,3.625604359489003,3.6707192874080885,1.0,0.7009583016819415,0.08473275938971052,0.6962837376307438
mango_population,popfold5,110500,GC-D,0.1,2,19,0.12115287780761719,400,0.965,3.7660788517427637,3.883519019321249,3.943651497913147,1.0,1.0756482313385736,-0.8612620558512265,0.6452034620966275
mango_population,popfold5,110700,GC-D,0.1,2,19,0.12115287780761719,240,0.9,3.864202993944855,4.080319479234337,4.793905977385262,1.0,1.1908527545939442,0.8371327701521378,0.8487287120782477
mango_population,popfold5,112100,GC-D,0.1,2,19,0.12115287780761719,480,0.8479166666666667,3.92330525396796,3.93176554285352,5.7835784263678685,1.0,1.39410566164018,1.066550699341995,0.8987117859496996
mango_population,popfold5,112200,GC-D,0.1,2,19,0.12115287780761719,480,0.7875,4.134694802301567,4.155882962620197,7.341733746303744,1.0,1.5604274764117265,1.0651420658778623,1.141543308120092
mango_population,popfold5,121800,GC-D,0.1,2,19,0.12115287780761719,96,0.9791666666666666,3.81476454133589,3.741392161037478,4.160860857344169,1.0,0.992652682844575,-0.6484196752575634,0.7555512609712698
mango_population,popfold5,122000,GC-D,0.1,2,19,0.12115287780761719,28,1.0,3.591196906088738,3.5555619138106884,3.591196906088738,1.0,0.7389199049016576,0.09634745618042816,0.746055161780657
mango_population,popfold5,122200,GC-D,0.1,2,19,0.12115287780761719,72,0.8611111111111112,3.9502605769156753,3.9090176428705234,5.539743714579235,1.0,1.3668651092090318,1.136336044099797,0.7649759708919729
mango_population,popfold5,200400,GC-D,0.1,2,19,0.12115287780761719,196,0.9795918367346939,4.075689720355769,4.097355430635691,4.289789198704724,1.0,1.0211129174310365,-0.802449181222489,0.6330811619421579
mango_population,popfold5,200700,GC-D,0.1,2,19,0.12115287780761719,172,0.9593023255813954,3.8063061353587466,3.7020369544129297,4.01827680118171,1.0,0.9516666332550744,-0.007329305102029451,0.9544169215609952
mango_population,popfold5,103300,GC-D2,0.1,2,19,0.14154338836669922,240,0.9166666666666666,3.348589084587768,3.353828611305536,3.720696158976686,1.0,0.9690524013619827,0.33977169924787703,0.9094305077045384
mango_population,popfold5,104200,GC-D2,0.1,2,19,0.14154338836669922,160,0.86875,4.215689164658199,3.955762094398831,4.978938997254254,1.0,1.2596884278923768,-0.9428078635429691,0.8380440046731218
mango_population,popfold5,104400,GC-D2,0.1,2,19,0.14154338836669922,38,0.7894736842105263,3.881825082354043,3.9138426511126703,8.144054593021298,1.0,1.776528980480886,-1.1967082584437687,1.3306155188291888
mango_population,popfold5,104900,GC-D2,0.1,2,19,0.14154338836669922,400,0.99,3.4289941127219583,3.436232685520287,3.449873205490422,1.0,0.6472602313800483,0.21859282767333477,0.6099944392005293
mango_population,popfold5,106700,GC-D2,0.1,2,19,0.14154338836669922,400,0.92,3.432922473023649,3.396774021731389,3.8019342775359166,1.0,0.9793576159185815,-0.8279242119898794,0.523802215498434
mango_population,popfold5,107200,GC-D2,0.1,2,19,0.14154338836669922,400,0.985,3.3952615423166153,3.3754206912801754,3.4704569406746417,1.0,0.6140265907510843,-0.22785202485954387,0.5709001017974917
mango_population,popfold5,107205,GC-D2,0.1,2,19,0.14154338836669922,80,0.4125,3.403226638270246,3.4019151306039284,8.85388012695266,1.0,1.9142544378136437,-1.578825547979783,1.089271010081103
mango_population,popfold5,107600,GC-D2,0.1,2,19,0.14154338836669922,960,0.9708333333333333,3.6006957684031935,3.617371748962679,3.792168280685113,1.0,0.8460145061523993,0.5686811909505335,0.6266987822576389
mango_population,popfold5,108800,GC-D2,0.1,2,19,0.14154338836669922,400,0.995,3.514549993031144,3.48074788106332,3.5316967262359653,1.0,0.6889236462670716,0.3417267374029276,0.5989452946595831
mango_population,popfold5,109000,GC-D2,0.1,2,19,0.14154338836669922,480,0.775,3.814905384984208,3.714615789277385,6.087516241859031,1.0,1.6053924377885285,1.2711470990399623,0.9815687321973974
mango_population,popfold5,109900,GC-D2,0.1,2,19,0.14154338836669922,748,0.9879679144385026,3.7436694588334496,3.711453205291285,3.788126106923479,1.0,0.7009583016819415,0.08473275938971052,0.6962837376307438
mango_population,popfold5,110500,GC-D2,0.1,2,19,0.14154338836669922,400,0.9475,3.5469615882832977,3.6434639874171273,3.8404778990503483,1.0,1.0756482313385736,-0.8612620558512265,0.6452034620966275
mango_population,popfold5,110700,GC-D2,0.1,2,19,0.14154338836669922,240,0.9291666666666667,4.02359705147099,4.158228580000261,4.723523279591761,1.0,1.1908527545939442,0.8371327701521378,0.8487287120782477
mango_population,popfold5,112100,GC-D2,0.1,2,19,0.14154338836669922,480,0.8708333333333333,4.021118546931643,3.998083468933636,5.476959239310257,1.0,1.39410566164018,1.066550699341995,0.8987117859496996
mango_population,popfold5,112200,GC-D2,0.1,2,19,0.14154338836669922,480,0.81875,4.208985574558592,4.163818165581034,6.952016800178024,1.0,1.5604274764117265,1.0651420658778623,1.141543308120092
mango_population,popfold5,121800,GC-D2,0.1,2,19,0.14154338836669922,96,0.96875,3.890776824397569,3.898436613730639,4.258655500077313,1.0,0.992652682844575,-0.6484196752575634,0.7555512609712698
mango_population,popfold5,122000,GC-D2,0.1,2,19,0.14154338836669922,28,1.0,3.663645953324404,3.6269094300663527,3.663645953324404,1.0,0.7389199049016576,0.09634745618042816,0.746055161780657
mango_population,popfold5,122200,GC-D2,0.1,2,19,0.14154338836669922,72,0.8333333333333334,3.6871818628924853,3.6539424622182253,5.600798669295532,1.0,1.3668651092090318,1.136336044099797,0.7649759708919729
mango_population,popfold5,200400,GC-D2,0.1,2,19,0.14154338836669922,196,0.9795918367346939,4.7246249586840685,4.734692163665027,4.839621455288127,1.0,1.0211129174310365,-0.802449181222489,0.6330811619421579
mango_population,popfold5,200700,GC-D2,0.1,2,19,0.14154338836669922,172,0.9767441860465116,3.875948618536478,3.7920523941692617,4.050282966529844,1.0,0.9516666332550744,-0.007329305102029451,0.9544169215609952
mango_population,popfold5,103300,GC-CQR,0.1,2,19,68.98402976989746,240,0.9958333333333333,4.24926454670137,4.161342776222944,4.29212720122938,1.0,0.9690524013619827,0.33977169924787703,0.9094305077045384
mango_population,popfold5,104200,GC-CQR,0.1,2,19,68.98402976989746,160,0.76875,3.996720261440788,3.989673928407872,6.042594943341449,1.0,1.2596884278923768,-0.9428078635429691,0.8380440046731218
mango_population,popfold5,104400,GC-CQR,0.1,2,19,68.98402976989746,38,0.868421052631579,3.9356821089549587,3.924427545794809,6.964993119993743,1.0,1.776528980480886,-1.1967082584437687,1.3306155188291888
mango_population,popfold5,104900,GC-CQR,0.1,2,19,68.98402976989746,400,0.9875,3.8223478404413083,3.8589555613078073,3.900528521627697,1.0,0.6472602313800483,0.21859282767333477,0.6099944392005293
mango_population,popfold5,106700,GC-CQR,0.1,2,19,68.98402976989746,400,0.9575,3.6010711361531014,3.5971750121900046,3.749104040214709,1.0,0.9793576159185815,-0.8279242119898794,0.523802215498434
mango_population,popfold5,107200,GC-CQR,0.1,2,19,68.98402976989746,400,0.9825,3.388915150855319,3.34923826343171,3.4807295344708997,1.0,0.6140265907510843,-0.22785202485954387,0.5709001017974917
mango_population,popfold5,107205,GC-CQR,0.1,2,19,68.98402976989746,80,0.625,3.8073175419871106,3.8888204754903137,7.256543315817398,1.0,1.9142544378136437,-1.578825547979783,1.089271010081103
mango_population,popfold5,107600,GC-CQR,0.1,2,19,68.98402976989746,960,0.96875,3.7264159475853,3.70550936744871,3.8743012620007202,1.0,0.8460145061523993,0.5686811909505335,0.6266987822576389
mango_population,popfold5,108800,GC-CQR,0.1,2,19,68.98402976989746,400,0.96,3.1339625629599546,3.0551375964229344,3.3957516571706376,1.0,0.6889236462670716,0.3417267374029276,0.5989452946595831
mango_population,popfold5,109000,GC-CQR,0.1,2,19,68.98402976989746,480,0.9979166666666667,4.064776197522777,4.096080078433925,4.066757782762259,1.0,1.6053924377885285,1.2711470990399623,0.9815687321973974
mango_population,popfold5,109900,GC-CQR,0.1,2,19,68.98402976989746,748,0.9558823529411765,3.5748069651583885,3.4821666550226764,3.888854535068604,1.0,0.7009583016819415,0.08473275938971052,0.6962837376307438
mango_population,popfold5,110500,GC-CQR,0.1,2,19,68.98402976989746,400,0.9775,3.8532955799262782,3.8083197362539165,3.9935469651668325,1.0,1.0756482313385736,-0.8612620558512265,0.6452034620966275
mango_population,popfold5,110700,GC-CQR,0.1,2,19,68.98402976989746,240,0.9333333333333333,3.424349884566854,3.4310702234999404,4.078073917163374,1.0,1.1908527545939442,0.8371327701521378,0.8487287120782477
mango_population,popfold5,112100,GC-CQR,0.1,2,19,68.98402976989746,480,0.9854166666666667,4.285480040869641,4.216573985611121,4.358344463758606,1.0,1.39410566164018,1.066550699341995,0.8987117859496996
mango_population,popfold5,112200,GC-CQR,0.1,2,19,68.98402976989746,480,0.9416666666666667,4.422104846980537,4.362254245178016,5.055354253615336,1.0,1.5604274764117265,1.0651420658778623,1.141543308120092
mango_population,popfold5,121800,GC-CQR,0.1,2,19,68.98402976989746,96,0.9791666666666666,3.8381377035560598,3.721698387873353,3.947038853369603,1.0,0.992652682844575,-0.6484196752575634,0.7555512609712698
mango_population,popfold5,122000,GC-CQR,0.1,2,19,68.98402976989746,28,1.0,3.1782837336486724,3.2775267196515054,3.1782837336486724,1.0,0.7389199049016576,0.09634745618042816,0.746055161780657
mango_population,popfold5,122200,GC-CQR,0.1,2,19,68.98402976989746,72,0.7916666666666666,4.381220242660967,4.227563609036946,6.483755338572547,1.0,1.3668651092090318,1.136336044099797,0.7649759708919729
mango_population,popfold5,200400,GC-CQR,0.1,2,19,68.98402976989746,196,0.37244897959183676,4.667878163883503,4.629128969547192,16.204060424063417,1.0,1.0211129174310365,-0.802449181222489,0.6330811619421579
mango_population,popfold5,200700,GC-CQR,0.1,2,19,68.98402976989746,172,0.9244186046511628,3.8434007695512786,3.7219464309994814,5.096777938549044,1.0,0.9516666332550744,-0.007329305102029451,0.9544169215609952
mango_population,popfold5,103300,CQR,0.1,2,19,6.399980306625366,240,0.9666666666666667,3.631973538095472,3.5230237459953786,3.7933063439943577,1.0,0.9690524013619827,0.33977169924787703,0.9094305077045384
mango_population,popfold5,104200,CQR,0.1,2,19,6.399980306625366,160,0.7125,3.780198428843879,3.7208004804121657,6.420089954120195,1.0,1.2596884278923768,-0.9428078635429691,0.8380440046731218
mango_population,popfold5,104400,CQR,0.1,2,19,6.399980306625366,38,0.7631578947368421,3.614039429534835,3.558954289077982,7.558343575171093,1.0,1.776528980480886,-1.1967082584437687,1.3306155188291888
mango_population,popfold5,104900,CQR,0.1,2,19,6.399980306625366,400,0.9775,3.3761484397128942,3.3351710273812385,3.5075390380221894,1.0,0.6472602313800483,0.21859282767333477,0.6099944392005293
mango_population,popfold5,106700,CQR,0.1,2,19,6.399980306625366,400,0.8325,3.128388381972677,3.098208194459642,3.8233022879642364,1.0,0.9793576159185815,-0.8279242119898794,0.523802215498434
mango_population,popfold5,107200,CQR,0.1,2,19,6.399980306625366,400,0.95,2.883245484419648,2.86297364463568,3.094861107813699,1.0,0.6140265907510843,-0.22785202485954387,0.5709001017974917
mango_population,popfold5,107205,CQR,0.1,2,19,6.399980306625366,80,0.425,3.3216693634296055,3.3589421163393496,9.696393172968456,1.0,1.9142544378136437,-1.578825547979783,1.089271010081103
mango_population,popfold5,107600,CQR,0.1,2,19,6.399980306625366,960,0.9375,3.3634585948628444,3.3501886579634927,3.693889863294308,1.0,0.8460145061523993,0.5686811909505335,0.6266987822576389
mango_population,popfold5,108800,CQR,0.1,2,19,6.399980306625366,400,0.895,2.647862538993973,2.5251889165036907,3.418577767900323,1.0,0.6889236462670716,0.3417267374029276,0.5989452946595831
mango_population,popfold5,109000,CQR,0.1,2,19,6.399980306625366,480,0.9833333333333333,3.737218108057125,3.8255893245141053,3.779075021679733,1.0,1.6053924377885285,1.2711470990399623,0.9815687321973974
mango_population,popfold5,109900,CQR,0.1,2,19,6.399980306625366,748,0.9024064171122995,3.1285998938805215,3.011377509062097,4.079952811258439,1.0,0.7009583016819415,0.08473275938971052,0.6962837376307438
mango_population,popfold5,110500,CQR,0.1,2,19,6.399980306625366,400,0.965,3.5382934376772837,3.5389772185856483,3.8067795351285696,1.0,1.0756482313385736,-0.8612620558512265,0.6452034620966275
mango_population,popfold5,110700,CQR,0.1,2,19,6.399980306625366,240,0.9083333333333333,3.10178155763698,3.079342685934906,4.0783641154186165,1.0,1.1908527545939442,0.8371327701521378,0.8487287120782477
mango_population,popfold5,112100,CQR,0.1,2,19,6.399980306625366,480,0.9729166666666667,4.04160585297289,3.9779927614598094,4.173125410272027,1.0,1.39410566164018,1.066550699341995,0.8987117859496996
mango_population,popfold5,112200,CQR,0.1,2,19,6.399980306625366,480,0.9166666666666666,4.242906659084373,4.16259655190211,5.214833516282054,1.0,1.5604274764117265,1.0651420658778623,1.141543308120092
mango_population,popfold5,121800,CQR,0.1,2,19,6.399980306625366,96,0.96875,3.5748563771067032,3.496451086716254,3.7231550440059613,1.0,0.992652682844575,-0.6484196752575634,0.7555512609712698
mango_population,popfold5,122000,CQR,0.1,2,19,6.399980306625366,28,1.0,2.7623180472314246,2.7305860082264237,2.7623180472314246,1.0,0.7389199049016576,0.09634745618042816,0.746055161780657
mango_population,popfold5,122200,CQR,0.1,2,19,6.399980306625366,72,0.7083333333333334,3.9837157211574237,3.870636590972948,6.591931187357272,1.0,1.3668651092090318,1.136336044099797,0.7649759708919729
mango_population,popfold5,200400,CQR,0.1,2,19,6.399980306625366,196,0.20408163265306123,4.28496170489339,4.158884925427426,20.774068905231484,1.0,1.0211129174310365,-0.802449181222489,0.6330811619421579
mango_population,popfold5,200700,CQR,0.1,2,19,6.399980306625366,172,0.8895348837209303,3.464094275825843,3.352478104533824,5.235392276754206,1.0,0.9516666332550744,-0.007329305102029451,0.9544169215609952
mango_population,popfold5,103300,SCP,0.1,2,19,0.0003693103790283203,240,0.9583333333333334,3.6100725571527335,3.6100725571527335,3.836407339235332,1.0,0.9690524013619827,0.33977169924787703,0.9094305077045384
mango_population,popfold5,104200,SCP,0.1,2,19,0.0003693103790283203,160,0.84375,3.6100725571527335,3.6100725571527335,4.440976306948,1.0,1.2596884278923768,-0.9428078635429691,0.8380440046731218
mango_population,popfold5,104400,SCP,0.1,2,19,0.0003693103790283203,38,0.7368421052631579,3.6100725571527335,3.6100725571527335,7.939187478143711,1.0,1.776528980480886,-1.1967082584437687,1.3306155188291888
mango_population,popfold5,104900,SCP,0.1,2,19,0.0003693103790283203,400,0.9925,3.6100725571527335,3.6100725571527335,3.6222009414471597,1.0,0.6472602313800483,0.21859282767333477,0.6099944392005293
mango_population,popfold5,106700,SCP,0.1,2,19,0.0003693103790283203,400,0.965,3.6100725571527335,3.6100725571527335,3.73916581216684,1.0,0.9793576159185815,-0.8279242119898794,0.523802215498434
mango_population,popfold5,107200,SCP,0.1,2,19,0.0003693103790283203,400,0.9925,3.6100725571527335,3.6100725571527335,3.6522087547263866,1.0,0.6140265907510843,-0.22785202485954387,0.5709001017974917
mango_population,popfold5,107205,SCP,0.1,2,19,0.0003693103790283203,80,0.475,3.6100725571527335,3.6100725571527335,8.02140181607752,1.0,1.9142544378136437,-1.578825547979783,1.089271010081103
mango_population,popfold5,107600,SCP,0.1,2,19,0.0003693103790283203,960,0.9645833333333333,3.6100725571527335,3.6100725571527335,3.8822692199430624,1.0,0.8460145061523993,0.5686811909505335,0.6266987822576389
mango_population,popfold5,108800,SCP,0.1,2,19,0.0003693103790283203,400,0.9975,3.6100725571527335,3.6100725571527335,3.6169244341095803,1.0,0.6889236462670716,0.3417267374029276,0.5989452946595831
mango_population,popfold5,109000,SCP,0.1,2,19,0.0003693103790283203,480,0.73125,3.6100725571527335,3.6100725571527335,7.98092344586269,1.0,1.6053924377885285,1.2711470990399623,0.9815687321973974
mango_population,popfold5,109900,SCP,0.1,2,19,0.0003693103790283203,748,0.9919786096256684,3.610072557152734,3.6100725571527335,3.6384873881468747,1.0,0.7009583016819415,0.08473275938971052,0.6962837376307438
mango_population,popfold5,110500,SCP,0.1,2,19,0.0003693103790283203,400,0.9375,3.6100725571527335,3.6100725571527335,3.923141789666479,1.0,1.0756482313385736,-0.8612620558512265,0.6452034620966275
mango_population,popfold5,110700,SCP,0.1,2,19,0.0003693103790283203,240,0.8583333333333333,3.6100725571527335,3.6100725571527335,5.2934171587621925,1.0,1.1908527545939442,0.8371327701521378,0.8487287120782477
mango_population,popfold5,112100,SCP,0.1,2,19,0.0003693103790283203,480,0.7895833333333333,3.6100725571527335,3.6100725571527335,5.733455858048912,1.0,1.39410566164018,1.066550699341995,0.8987117859496996
mango_population,popfold5,112200,SCP,0.1,2,19,0.0003693103790283203,480,0.73125,3.6100725571527335,3.6100725571527335,7.573212588073259,1.0,1.5604274764117265,1.0651420658778623,1.141543308120092
mango_population,popfold5,121800,SCP,0.1,2,19,0.0003693103790283203,96,0.9375,3.6100725571527335,3.6100725571527335,4.220132034965515,1.0,0.992652682844575,-0.6484196752575634,0.7555512609712698
mango_population,popfold5,122000,SCP,0.1,2,19,0.0003693103790283203,28,1.0,3.6100725571527335,3.6100725571527335,3.6100725571527335,1.0,0.7389199049016576,0.09634745618042816,0.746055161780657
mango_population,popfold5,122200,SCP,0.1,2,19,0.0003693103790283203,72,0.8611111111111112,3.6100725571527335,3.6100725571527335,5.578339771960087,1.0,1.3668651092090318,1.136336044099797,0.7649759708919729
mango_population,popfold5,200400,SCP,0.1,2,19,0.0003693103790283203,196,0.9540816326530612,3.610072557152734,3.6100725571527335,3.883865788967752,1.0,1.0211129174310365,-0.802449181222489,0.6330811619421579
mango_population,popfold5,200700,SCP,0.1,2,19,0.0003693103790283203,172,0.9534883720930233,3.610072557152734,3.6100725571527335,4.133940535170541,1.0,0.9516666332550744,-0.007329305102029451,0.9544169215609952
mango_population,popfold6,101500,GC-D,0.1,2,20,0.12356090545654297,80,0.975,3.5404088534365483,3.4978125668285287,3.5491641875997693,1.0,0.8699792421174471,0.46703604778450847,0.738620823423637
mango_population,popfold6,102000,GC-D,0.1,2,20,0.12356090545654297,80,0.95,3.810717990785905,3.8046756050079926,4.063669034656996,1.0,0.9689408600335127,-0.6385586179673022,0.7333566191131954
mango_population,popfold6,103107,GC-D,0.1,2,20,0.12356090545654297,420,0.9785714285714285,3.760578715460121,3.7094160703342425,4.00297175761749,1.0,0.9007155118778531,-0.47142794948901895,0.7684074147248726
mango_population,popfold6,103700,GC-D,0.1,2,20,0.12356090545654297,352,0.9772727272727273,3.3425061689193143,3.339894602125211,3.471367261278512,1.0,0.6900548665183285,-0.22856888390513042,0.6520274285231572
mango_population,popfold6,104303,GC-D,0.1,2,20,0.12356090545654297,1416,0.9392655367231638,3.7472239271607783,3.716135275564122,4.177508982044748,1.0,0.9605211264468573,-0.5946579766622145,0.7545759292978432
mango_population,popfold6,105100,GC-D,0.1,2,20,0.12356090545654297,400,0.955,3.5009987670904916,3.4844055845193536,3.7149296943683394,1.0,0.8824443623946105,0.6870644156783987,0.5544538656673024
mango_population,popfold6,105201,GC-D,0.1,2,20,0.12356090545654297,320,1.0,4.099653234178504,4.129461479603229,4.099653234178504,1.0,0.5401486004323041,0.07659604235409723,0.5355275668826034
mango_population,popfold6,105600,GC-D,0.1,2,20,0.12356090545654297,240,0.9958333333333333,3.5896845255128276,3.5792206416425065,3.607812343441466,1.0,0.5262303588994277,-0.19430981149451157,0.4900640427290646
mango_population,popfold6,107203,GC-D,0.1,2,20,0.12356090545654297,216,1.0,4.264940541493367,4.210649353686925,4.264940541493367,1.0,0.6832376201460506,0.27444628517104314,0.6271473345752813
mango_population,popfold6,107500,GC-D,0.1,2,20,0.12356090545654297,1008,0.9712301587301587,3.677801486683587,3.7019898800265487,3.917310301749772,1.0,0.8692469519928848,0.5725645582516931,0.6543583702888336
mango_population,popfold6,107700,GC-D,0.1,2,20,0.12356090545654297,384,1.0,3.6501486829196037,3.7166101737476183,3.6501486829196037,1.0,0.49204986877027873,-0.15096245370283284,0.46893075918562444
mango_population,popfold6,108400,GC-D,0.1,2,20,0.12356090545654297,400,0.9875,3.751562397774957,3.7878964525727863,3.802190894857182,1.0,0.9475201296239519,-0.7128217338622781,0.6250249693467724
mango_population,popfold6,108500,GC-D,0.1,2,20,0.12356090545654297,400,1.0,3.691731018224502,3.702374254149446,3.691731018224502,1.0,0.6372468191367601,-0.2875675859574023,0.5693846584073237
mango_population,popfold6,108600,GC-D,0.1,2,20,0.12356090545654297,400,0.99,3.51942729418672,3.5115254695708247,3.5349467761131996,1.0,0.6191425495422879,0.029897309645210618,0.6191947616961748
mango_population,popfold6,110200,GC-D,0.1,2,20,0.12356090545654297,480,0.9479166666666666,3.7182620029864597,3.6941091931430483,3.9395996898644454,1.0,0.9521602682506234,-0.4563857501631381,0.8365280010860651
mango_population,popfold6,110400,GC-D,0.1,2,20,0.12356090545654297,400,0.905,3.6740303940646424,3.675932310500926,4.498871248111733,1.0,1.12218110371222,0.6437258650863634,0.9203396126725311
mango_population,popfold6,110804,GC-D,0.1,2,20,0.12356090545654297,80,0.7875,3.4429869420474732,3.4052978564628704,5.139204466285717,1.0,1.3983943358673447,-1.1809944347933548,0.7535629217497009
mango_population,popfold6,111800,GC-D,0.1,2,20,0.12356090545654297,480,0.9020833333333333,3.7017188052923253,3.690939548824141,4.576212867034354,1.0,1.1337045726046722,0.032997650725589474,1.1344065449655285
mango_population,popfold6,111900,GC-D,0.1,2,20,0.12356090545654297,240,0.8541666666666666,3.6517118583937576,3.6690299880838335,5.5644565653497,1.0,1.3496573370980969,-0.8659697166960622,1.037379081149426
mango_population,popfold6,115200,GC-D,0.1,2,20,0.12356090545654297,160,0.8625,4.019673972946416,4.122222893171298,5.692197155317033,1.0,1.3767947283125925,0.8149216436511167,1.1131987740557852
mango_population,popfold6,101500,GC-D2,0.1,2,20,0.15229368209838867,80,1.0,3.5282757923275176,3.360048770087902,3.5282757923275176,1.0,0.8699792421174471,0.46703604778450847,0.738620823423637
mango_population,popfold6,102000,GC-D2,0.1,2,20,0.15229368209838867,80,0.9375,3.8489660312093044,3.8589329852457945,4.126078134154142,1.0,0.9689408600335127,-0.6385586179673022,0.7333566191131954
mango_population,popfold6,103107,GC-D2,0.1,2,20,0.15229368209838867,420,0.9738095238095238,3.614517654317707,3.577229229583385,3.87453241029715,1.0,0.9007155118778531,-0.47142794948901895,0.7684074147248726
mango_population,popfold6,103700,GC-D2,0.1,2,20,0.15229368209838867,352,0.9744318181818182,3.3562910653274955,3.3215714999078534,3.5067390328365673,1.0,0.6900548665183285,-0.22856888390513042,0.6520274285231572
mango_population,popfold6,104303,GC-D2,0.1,2,20,0.15229368209838867,1416,0.9293785310734464,3.6313948701109235,3.5902724385112155,4.139151628890291,1.0,0.9605211264468573,-0.5946579766622145,0.7545759292978432
mango_population,popfold6,105100,GC-D2,0.1,2,20,0.15229368209838867,400,0.9525,3.3681452497660724,3.347269880486766,3.6355987710265625,1.0,0.8824443623946105,0.6870644156783987,0.5544538656673024
mango_population,popfold6,105201,GC-D2,0.1,2,20,0.15229368209838867,320,1.0,3.8452335197399563,3.839409756463919,3.8452335197399563,1.0,0.5401486004323041,0.07659604235409723,0.5355275668826034
mango_population,popfold6,105600,GC-D2,0.1,2,20,0.15229368209838867,240,0.9958333333333333,3.6679733291620993,3.6353348415351148,3.6835220540392597,1.0,0.5262303588994277,-0.19430981149451157,0.4900640427290646
mango_population,popfold6,107203,GC-D2,0.1,2,20,0.15229368209838867,216,1.0,4.030872203343105,3.993078126114759,4.030872203343105,1.0,0.6832376201460506,0.27444628517104314,0.6271473345752813
mango_population,popfold6,107500,GC-D2,0.1,2,20,0.15229368209838867,1008,0.9732142857142857,3.649189760845567,3.6380435059672003,3.830286424318301,1.0,0.8692469519928848,0.5725645582516931,0.6543583702888336
mango_population,popfold6,107700,GC-D2,0.1,2,20,0.15229368209838867,384,1.0,3.3355396417257723,3.422605301970094,3.3355396417257723,1.0,0.49204986877027873,-0.15096245370283284,0.46893075918562444
mango_population,popfold6,108400,GC-D2,0.1,2,20,0.15229368209838867,400,0.9725,3.716714628895915,3.739677607799335,3.7907228367502612,1.0,0.9475201296239519,-0.7128217338622781,0.6250249693467724
mango_population,popfold6,108500,GC-D2,0.1,2,20,0.15229368209838867,400,0.9975,3.665053221727935,3.7035950450807142,3.667960961359105,1.0,0.6372468191367601,-0.2875675859574023,0.5693846584073237
mango_population,popfold6,108600,GC-D2,0.1,2,20,0.15229368209838867,400,0.99,3.4766331838356077,3.466197747561001,3.496352859367745,1.0,0.6191425495422879,0.029897309645210618,0.6191947616961748
mango_population,popfold6,110200,GC-D2,0.1,2,20,0.15229368209838867,480,0.9458333333333333,3.7182646918209517,3.6759120921261443,4.008812347760334,1.0,0.9521602682506234,-0.4563857501631381,0.8365280010860651
mango_population,popfold6,110400,GC-D2,0.1,2,20,0.15229368209838867,400,0.92,3.831922323161949,3.8699043225109833,4.4819954416988255,1.0,1.12218110371222,0.6437258650863634,0.9203396126725311
mango_population,popfold6,110804,GC-D2,0.1,2,20,0.15229368209838867,80,0.775,3.2995000242062167,3.1997931843652907,5.289674351031029,1.0,1.3983943358673447,-1.1809944347933548,0.7535629217497009
mango_population,popfold6,111800,GC-D2,0.1,2,20,0.15229368209838867,480,0.9208333333333333,3.9061416870641237,3.8672131392365072,4.493941104703647,1.0,1.1337045726046722,0.032997650725589474,1.1344065449655285
mango_population,popfold6,111900,GC-D2,0.1,2,20,0.15229368209838867,240,0.8625,3.8127898183154296,3.7875915168304983,5.312572364916284,1.0,1.3496573370980969,-0.8659697166960622,1.037379081149426
mango_population,popfold6,115200,GC-D2,0.1,2,20,0.15229368209838867,160,0.8875,4.276084252735826,4.240288017715251,5.504741075457916,1.0,1.3767947283125925,0.8149216436511167,1.1131987740557852
mango_population,popfold6,101500,GC-CQR,0.1,2,20,69.3168694972992,80,0.925,3.940480243214293,3.7909405531198175,4.376253259623746,1.0,0.8699792421174471,0.46703604778450847,0.738620823423637
mango_population,popfold6,102000,GC-CQR,0.1,2,20,69.3168694972992,80,0.9875,3.6161845387422957,3.649126483600271,3.657951907392288,1.0,0.9689408600335127,-0.6385586179673022,0.7333566191131954
mango_population,popfold6,103107,GC-CQR,0.1,2,20,69.3168694972992,420,0.9285714285714286,3.4970916178261215,3.450490335818743,4.09809016052743,1.0,0.9007155118778531,-0.47142794948901895,0.7684074147248726
mango_population,popfold6,103700,GC-CQR,0.1,2,20,69.3168694972992,352,0.9914772727272727,3.7967728437201007,3.690428575238238,3.811578261688223,1.0,0.6900548665183285,-0.22856888390513042,0.6520274285231572
mango_population,popfold6,104303,GC-CQR,0.1,2,20,69.3168694972992,1416,0.9336158192090396,3.4346993419455614,3.3785589766140145,3.8388274652311485,1.0,0.9605211264468573,-0.5946579766622145,0.7545759292978432
mango_population,popfold6,105100,GC-CQR,0.1,2,20,69.3168694972992,400,0.93,3.398274592936159,3.367412071215595,3.980439903655498,1.0,0.8824443623946105,0.6870644156783987,0.5544538656673024
mango_population,popfold6,105201,GC-CQR,0.1,2,20,69.3168694972992,320,0.890625,4.052936006104093,4.021247285535032,5.136585874218451,1.0,0.5401486004323041,0.07659604235409723,0.5355275668826034
mango_population,popfold6,105600,GC-CQR,0.1,2,20,69.3168694972992,240,1.0,3.71576392816241,3.6792744168654306,3.71576392816241,1.0,0.5262303588994277,-0.19430981149451157,0.4900640427290646
mango_population,popfold6,107203,GC-CQR,0.1,2,20,69.3168694972992,216,0.9537037037037037,4.369383406295374,4.283874599923743,4.7072059790668925,1.0,0.6832376201460506,0.27444628517104314,0.6271473345752813
mango_population,popfold6,107500,GC-CQR,0.1,2,20,69.3168694972992,1008,0.9851190476190477,3.9877965204117984,4.046794743203985,4.071937033344447,1.0,0.8692469519928848,0.5725645582516931,0.6543583702888336
mango_population,popfold6,107700,GC-CQR,0.1,2,20,69.3168694972992,384,0.9921875,4.1403654905862695,4.139533787272676,4.15039976694661,1.0,0.49204986877027873,-0.15096245370283284,0.46893075918562444
mango_population,popfold6,108400,GC-CQR,0.1,2,20,69.3168694972992,400,0.9725,3.856579717716146,3.8164623631427608,3.9864165477154088,1.0,0.9475201296239519,-0.7128217338622781,0.6250249693467724
mango_population,popfold6,108500,GC-CQR,0.1,2,20,69.3168694972992,400,0.9675,3.5250958616978147,3.484280497563711,3.6239279789016052,1.0,0.6372468191367601,-0.2875675859574023,0.5693846584073237
mango_population,popfold6,108600,GC-CQR,0.1,2,20,69.3168694972992,400,0.99,3.4786833003986954,3.4617214355333825,3.541354658180048,1.0,0.6191425495422879,0.029897309645210618,0.6191947616961748
mango_population,popfold6,110200,GC-CQR,0.1,2,20,69.3168694972992,480,0.9520833333333333,3.8608793920292186,3.839511538187316,4.137220212562528,1.0,0.9521602682506234,-0.4563857501631381,0.8365280010860651
mango_population,popfold6,110400,GC-CQR,0.1,2,20,69.3168694972992,400,0.955,4.480368297242643,4.5029977698144235,4.736302400667683,1.0,1.12218110371222,0.6437258650863634,0.9203396126725311
mango_population,popfold6,110804,GC-CQR,0.1,2,20,69.3168694972992,80,0.8375,4.3042339371339455,4.178920069414949,6.236110052169948,1.0,1.3983943358673447,-1.1809944347933548,0.7535629217497009
mango_population,popfold6,111800,GC-CQR,0.1,2,20,69.3168694972992,480,0.8895833333333333,3.688507432694472,3.501961840454724,4.3432762231361535,1.0,1.1337045726046722,0.032997650725589474,1.1344065449655285
mango_population,popfold6,111900,GC-CQR,0.1,2,20,69.3168694972992,240,0.9125,3.896695727713888,3.66427784889213,4.767040186546585,1.0,1.3496573370980969,-0.8659697166960622,1.037379081149426
mango_population,popfold6,115200,GC-CQR,0.1,2,20,69.3168694972992,160,0.96875,4.2439308464092385,4.173547461903587,4.754822483536563,1.0,1.3767947283125925,0.8149216436511167,1.1131987740557852
mango_population,popfold6,101500,CQR,0.1,2,20,6.808258295059204,80,0.925,3.598176098943332,3.396993188847751,4.228830580975979,1.0,0.8699792421174471,0.46703604778450847,0.738620823423637
mango_population,popfold6,102000,CQR,0.1,2,20,6.808258295059204,80,0.8875,3.1214525148488748,3.1636212604070755,3.5360714717363293,1.0,0.9689408600335127,-0.6385586179673022,0.7333566191131954
mango_population,popfold6,103107,CQR,0.1,2,20,6.808258295059204,420,0.8571428571428571,3.015185934455458,2.9524537430502633,4.475286179705512,1.0,0.9007155118778531,-0.47142794948901895,0.7684074147248726
mango_population,popfold6,103700,CQR,0.1,2,20,6.808258295059204,352,0.9801136363636364,3.2314272194240514,3.1317286530877,3.312330874748781,1.0,0.6900548665183285,-0.22856888390513042,0.6520274285231572
mango_population,popfold6,104303,CQR,0.1,2,20,6.808258295059204,1416,0.8806497175141242,3.0138212840947243,2.9615057755322747,3.9954572223618836,1.0,0.9605211264468573,-0.5946579766622145,0.7545759292978432
mango_population,popfold6,105100,CQR,0.1,2,20,6.808258295059204,400,0.8875,2.8451467484041855,2.7931396279514074,3.7678678801372723,1.0,0.8824443623946105,0.6870644156783987,0.5544538656673024
mango_population,popfold6,105201,CQR,0.1,2,20,6.808258295059204,320,0.746875,3.578365720226536,3.5173960516351075,6.217058035080435,1.0,0.5401486004323041,0.07659604235409723,0.5355275668826034
mango_population,popfold6,105600,CQR,0.1,2,20,6.808258295059204,240,0.975,3.234892374007174,3.127750857809928,3.2898764218059116,1.0,0.5262303588994277,-0.19430981149451157,0.4900640427290646
mango_population,popfold6,107203,CQR,0.1,2,20,6.808258295059204,216,0.8425925925925926,3.8333499496608736,3.8429672719149046,5.440807777340223,1.0,0.6832376201460506,0.27444628517104314,0.6271473345752813
mango_population,popfold6,107500,CQR,0.1,2,20,6.808258295059204,1008,0.9722222222222222,3.526845213151685,3.5461764283328865,3.6770569403305386,1.0,0.8692469519928848,0.5725645582516931,0.6543583702888336
mango_population,popfold6,107700,CQR,0.1,2,20,6.808258295059204,384,0.9739583333333334,3.6684247900124523,3.6783656037598673,3.787893916933761,1.0,0.49204986877027873,-0.15096245370283284,0.46893075918562444
mango_population,popfold6,108400,CQR,0.1,2,20,6.808258295059204,400,0.91,3.33102073053911,3.3031904752490604,3.795840286917973,1.0,0.9475201296239519,-0.7128217338622781,0.6250249693467724
mango_population,popfold6,108500,CQR,0.1,2,20,6.808258295059204,400,0.9225,3.018982206101458,2.9424819471357058,3.3901028840006266,1.0,0.6372468191367601,-0.2875675859574023,0.5693846584073237
mango_population,popfold6,108600,CQR,0.1,2,20,6.808258295059204,400,0.975,2.9846436054201333,2.975109960155077,3.1673721400185233,1.0,0.6191425495422879,0.029897309645210618,0.6191947616961748
mango_population,popfold6,110200,CQR,0.1,2,20,6.808258295059204,480,0.93125,3.349963133780926,3.3320427922615092,3.6159198879399885,1.0,0.9521602682506234,-0.4563857501631381,0.8365280010860651
mango_population,popfold6,110400,CQR,0.1,2,20,6.808258295059204,400,0.8925,3.862912055635361,3.8496385318707773,4.814001337842561,1.0,1.12218110371222,0.6437258650863634,0.9203396126725311
mango_population,popfold6,110804,CQR,0.1,2,20,6.808258295059204,80,0.775,3.669554742689722,3.596638696446729,6.953233089359739,1.0,1.3983943358673447,-1.1809944347933548,0.7535629217497009
mango_population,popfold6,111800,CQR,0.1,2,20,6.808258295059204,480,0.80625,3.1094956547427937,2.949433612037236,4.805441083412068,1.0,1.1337045726046722,0.032997650725589474,1.1344065449655285
mango_population,popfold6,111900,CQR,0.1,2,20,6.808258295059204,240,0.825,3.223098452136907,2.983354615525071,5.6493344840271105,1.0,1.3496573370980969,-0.8659697166960622,1.037379081149426
mango_population,popfold6,115200,CQR,0.1,2,20,6.808258295059204,160,0.93125,3.591085969246464,3.5854967423028485,4.424105988020348,1.0,1.3767947283125925,0.8149216436511167,1.1131987740557852
mango_population,popfold6,101500,SCP,0.1,2,20,0.0003654956817626953,80,1.0,3.626563340417576,3.626563340417576,3.626563340417576,1.0,0.8699792421174471,0.46703604778450847,0.738620823423637
mango_population,popfold6,102000,SCP,0.1,2,20,0.0003654956817626953,80,0.925,3.626563340417576,3.626563340417576,4.012416299393521,1.0,0.9689408600335127,-0.6385586179673022,0.7333566191131954
mango_population,popfold6,103107,SCP,0.1,2,20,0.0003654956817626953,420,0.9714285714285714,3.626563340417576,3.626563340417576,3.8876993755684803,1.0,0.9007155118778531,-0.47142794948901895,0.7684074147248726
mango_population,popfold6,103700,SCP,0.1,2,20,0.0003654956817626953,352,0.9857954545454546,3.626563340417576,3.626563340417576,3.7030194389654154,1.0,0.6900548665183285,-0.22856888390513042,0.6520274285231572
mango_population,popfold6,104303,SCP,0.1,2,20,0.0003654956817626953,1416,0.9449152542372882,3.6265633404175754,3.626563340417576,3.977958756286487,1.0,0.9605211264468573,-0.5946579766622145,0.7545759292978432
mango_population,popfold6,105100,SCP,0.1,2,20,0.0003654956817626953,400,0.97,3.626563340417576,3.626563340417576,3.7558905158750324,1.0,0.8824443623946105,0.6870644156783987,0.5544538656673024
mango_population,popfold6,105201,SCP,0.1,2,20,0.0003654956817626953,320,1.0,3.626563340417576,3.626563340417576,3.626563340417576,1.0,0.5401486004323041,0.07659604235409723,0.5355275668826034
mango_population,popfold6,105600,SCP,0.1,2,20,0.0003654956817626953,240,0.9958333333333333,3.626563340417576,3.626563340417576,3.6376158340139475,1.0,0.5262303588994277,-0.19430981149451157,0.4900640427290646
mango_population,popfold6,107203,SCP,0.1,2,20,0.0003654956817626953,216,0.9953703703703703,3.626563340417576,3.626563340417576,3.647944257469219,1.0,0.6832376201460506,0.27444628517104314,0.6271473345752813
mango_population,popfold6,107500,SCP,0.1,2,20,0.0003654956817626953,1008,0.9543650793650794,3.6265633404175754,3.626563340417576,3.991371753163044,1.0,0.8692469519928848,0.5725645582516931,0.6543583702888336
mango_population,popfold6,107700,SCP,0.1,2,20,0.0003654956817626953,384,1.0,3.626563340417576,3.626563340417576,3.626563340417576,1.0,0.49204986877027873,-0.15096245370283284,0.46893075918562444
mango_population,popfold6,108400,SCP,0.1,2,20,0.0003654956817626953,400,0.9875,3.626563340417576,3.626563340417576,3.678527575711486,1.0,0.9475201296239519,-0.7128217338622781,0.6250249693467724
mango_population,popfold6,108500,SCP,0.1,2,20,0.0003654956817626953,400,0.9925,3.626563340417576,3.626563340417576,3.645283670897024,1.0,0.6372468191367601,-0.2875675859574023,0.5693846584073237
mango_population,popfold6,108600,SCP,0.1,2,20,0.0003654956817626953,400,0.9925,3.626563340417576,3.626563340417576,3.640974126948228,1.0,0.6191425495422879,0.029897309645210618,0.6191947616961748
mango_population,popfold6,110200,SCP,0.1,2,20,0.0003654956817626953,480,0.94375,3.626563340417576,3.626563340417576,3.875887562218028,1.0,0.9521602682506234,-0.4563857501631381,0.8365280010860651
mango_population,popfold6,110400,SCP,0.1,2,20,0.0003654956817626953,400,0.8925,3.626563340417576,3.626563340417576,4.5757775254093245,1.0,1.12218110371222,0.6437258650863634,0.9203396126725311
mango_population,popfold6,110804,SCP,0.1,2,20,0.0003654956817626953,80,0.825,3.626563340417576,3.626563340417576,5.394545038892083,1.0,1.3983943358673447,-1.1809944347933548,0.7535629217497009
mango_population,popfold6,111800,SCP,0.1,2,20,0.0003654956817626953,480,0.89375,3.626563340417576,3.626563340417576,4.614551733623832,1.0,1.1337045726046722,0.032997650725589474,1.1344065449655285
mango_population,popfold6,111900,SCP,0.1,2,20,0.0003654956817626953,240,0.8583333333333333,3.626563340417576,3.626563340417576,5.718565302834239,1.0,1.3496573370980969,-0.8659697166960622,1.037379081149426
mango_population,popfold6,115200,SCP,0.1,2,20,0.0003654956817626953,160,0.80625,3.626563340417576,3.626563340417576,6.152853685066778,1.0,1.3767947283125925,0.8149216436511167,1.1131987740557852
mango_population,popfold7,100400,GC-D,0.1,2,20,0.11990666389465332,1440,0.71875,3.5648992277279103,3.5603878273892375,8.727362366881486,1.0,1.6950091031907581,-0.9873210378968673,1.3782496781678555
mango_population,popfold7,101000,GC-D,0.1,2,20,0.11990666389465332,1200,0.9441666666666667,3.4882934060287223,3.4688352526334905,3.896359509098825,1.0,0.9034670702411621,-0.3571903807395232,0.8302060872900463
mango_population,popfold7,102501,GC-D,0.1,2,20,0.11990666389465332,400,0.955,3.653333323731888,3.6432750207426867,3.9242994270447786,1.0,0.8910743779103534,-0.14157589049608205,0.8808573029549037
mango_population,popfold7,102800,GC-D,0.1,2,20,0.11990666389465332,368,0.8885869565217391,3.376102882422882,3.371567624964122,4.309362646238586,1.0,1.0693494442496712,-0.016083160981837513,1.0706842145482236
mango_population,popfold7,103100,GC-D,0.1,2,20,0.11990666389465332,696,0.9640804597701149,3.7965079602510308,3.6043296885708074,4.286567180702186,1.0,1.1516346596983273,-0.6632310051578488,0.942158373219499
mango_population,popfold7,103104,GC-D,0.1,2,20,0.11990666389465332,399,0.9874686716791979,3.419949297545221,3.3513680993749873,3.463878496948143,1.0,0.6434021378990771,0.020319680151396062,0.6438885777838596
mango_population,popfold7,104301,GC-D,0.1,2,20,0.11990666389465332,768,0.9322916666666666,3.563738333051718,3.5539973081409952,4.219468811046258,1.0,0.9449790781177474,-0.4967604040115587,0.8043985836187512
mango_population,popfold7,104600,GC-D,0.1,2,20,0.11990666389465332,616,0.9301948051948052,3.670584420595541,3.648021947066807,4.045471082658119,1.0,1.0391853438120586,0.830674590825298,0.6249158853548347
mango_population,popfold7,105400,GC-D,0.1,2,20,0.11990666389465332,380,0.9736842105263158,3.441015560832827,3.457637997174933,3.880574763194581,1.0,0.7913620315311067,0.004865552738074537,0.792390379642635
mango_population,popfold7,105900,GC-D,0.1,2,20,0.11990666389465332,240,0.9875,3.327039240683215,3.3134946192937926,3.387670318129973,1.0,0.6847469738213114,-0.33591440894271796,0.5979378185345999
mango_population,popfold7,106400,GC-D,0.1,2,20,0.11990666389465332,1200,0.8075,3.5741567984599456,3.5635736585866002,5.05423481685762,1.0,1.355886713135717,-1.180401868766273,0.6674214684776709
mango_population,popfold7,109100,GC-D,0.1,2,20,0.11990666389465332,400,0.93,3.4874797914064515,3.469015325663765,3.918555072725583,1.0,0.9436761976011211,0.4110087587184151,0.8505322327065801
mango_population,popfold7,110000,GC-D,0.1,2,20,0.11990666389465332,880,0.8204545454545454,3.7000481989212277,3.658675001993956,5.113592391959986,1.0,1.4268781334022425,-1.108624056917391,0.8988058308404054
mango_population,popfold7,110100,GC-D,0.1,2,20,0.11990666389465332,480,0.9583333333333334,3.5416710228261197,3.5268068507786463,3.8154486911967966,1.0,0.8745269507042881,-0.18040442981510946,0.8566097934586347
mango_population,popfold7,111300,GC-D,0.1,2,20,0.11990666389465332,1200,0.8683333333333333,3.663412757067828,3.61182453826013,5.92112425765494,1.0,1.30300202773332,-0.2289377456557518,1.283266965461621
mango_population,popfold7,112700,GC-D,0.1,2,20,0.11990666389465332,1440,0.9354166666666667,4.225017493858724,4.215511291945759,4.9673246567312495,1.0,1.1798904428719261,0.04139893768826121,1.179573580093529
mango_population,popfold7,112800,GC-D,0.1,2,20,0.11990666389465332,1600,0.4975,3.7867830689753452,3.7214645366489867,12.04304806414818,1.0,2.1962721319273006,-1.931472644160923,1.0458050822248173
mango_population,popfold7,113200,GC-D,0.1,2,20,0.11990666389465332,120,0.975,3.511000609063865,3.50924181499661,3.544786166479787,1.0,0.7780172617292486,-0.16634784301323127,0.7632125300709721
mango_population,popfold7,114600,GC-D,0.1,2,20,0.11990666389465332,80,0.4125,3.5556870623776247,3.536796131444884,12.54078978381913,1.0,2.1861325466790396,2.0281386916664026,0.8211316421172393
mango_population,popfold7,121600,GC-D,0.1,2,20,0.11990666389465332,400,0.82,3.9476767088726676,3.8265542832856516,5.37459248178454,1.0,1.3917077139951497,1.034208857619507,0.9324355151912304
mango_population,popfold7,100400,GC-D2,0.1,2,20,0.14756321907043457,1440,0.7298611111111111,3.5086967420788255,3.5055347964679253,8.34428722957657,1.0,1.6950091031907581,-0.9873210378968673,1.3782496781678555
mango_population,popfold7,101000,GC-D2,0.1,2,20,0.14756321907043457,1200,0.9666666666666667,3.680573540839955,3.659949563220433,3.9329112607996466,1.0,0.9034670702411621,-0.3571903807395232,0.8302060872900463
mango_population,popfold7,102501,GC-D2,0.1,2,20,0.14756321907043457,400,0.95,3.4056085509773375,3.3735268033514014,3.7496404619906922,1.0,0.8910743779103534,-0.14157589049608205,0.8808573029549037
mango_population,popfold7,102800,GC-D2,0.1,2,20,0.14756321907043457,368,0.8695652173913043,3.2072152308074804,3.2049776279615063,4.273876550796269,1.0,1.0693494442496712,-0.016083160981837513,1.0706842145482236
mango_population,popfold7,103100,GC-D2,0.1,2,20,0.14756321907043457,696,0.9267241379310345,3.4768864372731447,3.27806060658172,4.142276440615054,1.0,1.1516346596983273,-0.6632310051578488,0.942158373219499
mango_population,popfold7,103104,GC-D2,0.1,2,20,0.14756321907043457,399,0.9874686716791979,3.4289235533739055,3.3792897128564956,3.4681694331457735,1.0,0.6434021378990771,0.020319680151396062,0.6438885777838596
mango_population,popfold7,104301,GC-D2,0.1,2,20,0.14756321907043457,768,0.9296875,3.535054838155336,3.5214114987936016,4.173221613291072,1.0,0.9449790781177474,-0.4967604040115587,0.8043985836187512
mango_population,popfold7,104600,GC-D2,0.1,2,20,0.14756321907043457,616,0.922077922077922,3.5111083930365505,3.471171426771954,3.951592750878946,1.0,1.0391853438120586,0.830674590825298,0.6249158853548347
mango_population,popfold7,105400,GC-D2,0.1,2,20,0.14756321907043457,380,0.9657894736842105,3.1969037489392447,3.221898001837955,3.6846710175462927,1.0,0.7913620315311067,0.004865552738074537,0.792390379642635
mango_population,popfold7,105900,GC-D2,0.1,2,20,0.14756321907043457,240,0.9875,3.2856677677131074,3.2797374004434046,3.353576865053706,1.0,0.6847469738213114,-0.33591440894271796,0.5979378185345999
mango_population,popfold7,106400,GC-D2,0.1,2,20,0.14756321907043457,1200,0.8391666666666666,3.7615583357703826,3.7500399000596225,4.9238623935247885,1.0,1.355886713135717,-1.180401868766273,0.6674214684776709
mango_population,popfold7,109100,GC-D2,0.1,2,20,0.14756321907043457,400,0.9575,3.788220368296189,3.741814191689305,3.958579210851622,1.0,0.9436761976011211,0.4110087587184151,0.8505322327065801
mango_population,popfold7,110000,GC-D2,0.1,2,20,0.14756321907043457,880,0.8772727272727273,4.097751417243256,4.07319211178476,4.942994619079529,1.0,1.4268781334022425,-1.108624056917391,0.8988058308404054
mango_population,popfold7,110100,GC-D2,0.1,2,20,0.14756321907043457,480,0.95,3.5923611122886756,3.559035494080418,3.9306760840113606,1.0,0.8745269507042881,-0.18040442981510946,0.8566097934586347
mango_population,popfold7,111300,GC-D2,0.1,2,20,0.14756321907043457,1200,0.8908333333333334,3.9000869472779005,3.8259276482294595,5.5292357405585255,1.0,1.30300202773332,-0.2289377456557518,1.283266965461621
mango_population,popfold7,112700,GC-D2,0.1,2,20,0.14756321907043457,1440,0.9333333333333333,4.1947328268057085,4.1415655521307375,4.956283375480818,1.0,1.1798904428719261,0.04139893768826121,1.179573580093529
mango_population,popfold7,112800,GC-D2,0.1,2,20,0.14756321907043457,1600,0.464375,3.617211498799351,3.5604659928758444,12.902537390234311,1.0,2.1962721319273006,-1.931472644160923,1.0458050822248173
mango_population,popfold7,113200,GC-D2,0.1,2,20,0.14756321907043457,120,0.975,3.4599621432475063,3.4650719422759044,3.4992546892644327,1.0,0.7780172617292486,-0.16634784301323127,0.7632125300709721
mango_population,popfold7,114600,GC-D2,0.1,2,20,0.14756321907043457,80,0.3375,3.2430045743726756,3.2355667217518853,14.209180519370145,1.0,2.1861325466790396,2.0281386916664026,0.8211316421172393
mango_population,popfold7,121600,GC-D2,0.1,2,20,0.14756321907043457,400,0.84,3.9740930005121715,3.8435383157690044,5.43885385519415,1.0,1.3917077139951497,1.034208857619507,0.9324355151912304
mango_population,popfold7,100400,GC-CQR,0.1,2,20,64.79394125938416,1440,0.7541666666666667,3.9915953614805004,3.9491267977770548,8.152663839763703,1.0,1.6950091031907581,-0.9873210378968673,1.3782496781678555
mango_population,popfold7,101000,GC-CQR,0.1,2,20,64.79394125938416,1200,0.9283333333333333,4.069375007478672,3.973140843388574,4.7169551586324046,1.0,0.9034670702411621,-0.3571903807395232,0.8302060872900463
mango_population,popfold7,102501,GC-CQR,0.1,2,20,64.79394125938416,400,0.9725,3.9790621386788008,3.9756656360827023,4.112122370844597,1.0,0.8910743779103534,-0.14157589049608205,0.8808573029549037
mango_population,popfold7,102800,GC-CQR,0.1,2,20,64.79394125938416,368,0.9184782608695652,4.168671301545677,4.199997838442723,4.8345801862021744,1.0,1.0693494442496712,-0.016083160981837513,1.0706842145482236
mango_population,popfold7,103100,GC-CQR,0.1,2,20,64.79394125938416,696,0.9899425287356322,4.235098314463769,3.949218124971167,4.389223281653122,1.0,1.1516346596983273,-0.6632310051578488,0.942158373219499
mango_population,popfold7,103104,GC-CQR,0.1,2,20,64.79394125938416,399,0.9949874686716792,3.168484512074465,3.1482671630845935,3.189976461512215,1.0,0.6434021378990771,0.020319680151396062,0.6438885777838596
mango_population,popfold7,104301,GC-CQR,0.1,2,20,64.79394125938416,768,0.9153645833333334,3.4830136200817043,3.447414527958613,4.213288683668047,1.0,0.9449790781177474,-0.4967604040115587,0.8043985836187512
mango_population,popfold7,104600,GC-CQR,0.1,2,20,64.79394125938416,616,0.9431818181818182,4.015168533485252,4.002368250717727,4.2580971737132405,1.0,1.0391853438120586,0.830674590825298,0.6249158853548347
mango_population,popfold7,105400,GC-CQR,0.1,2,20,64.79394125938416,380,0.9631578947368421,3.6583705003027274,3.563612229603212,4.225072563892758,1.0,0.7913620315311067,0.004865552738074537,0.792390379642635
mango_population,popfold7,105900,GC-CQR,0.1,2,20,64.79394125938416,240,0.9875,3.343175669522339,3.336981263253249,3.3852632718246127,1.0,0.6847469738213114,-0.33591440894271796,0.5979378185345999
mango_population,popfold7,106400,GC-CQR,0.1,2,20,64.79394125938416,1200,0.7808333333333334,4.068925138893966,4.012765529677184,5.731337756355959,1.0,1.355886713135717,-1.180401868766273,0.6674214684776709
mango_population,popfold7,109100,GC-CQR,0.1,2,20,64.79394125938416,400,0.985,3.9887131256919512,4.015967199437682,4.017074022038556,1.0,0.9436761976011211,0.4110087587184151,0.8505322327065801
mango_population,popfold7,110000,GC-CQR,0.1,2,20,64.79394125938416,880,0.6,4.392430021828563,4.346204841127317,8.77629328063247,1.0,1.4268781334022425,-1.108624056917391,0.8988058308404054
mango_population,popfold7,110100,GC-CQR,0.1,2,20,64.79394125938416,480,0.93125,3.3415585400277035,3.334024761573543,3.7248297312103964,1.0,0.8745269507042881,-0.18040442981510946,0.8566097934586347
mango_population,popfold7,111300,GC-CQR,0.1,2,20,64.79394125938416,1200,0.8466666666666667,4.129028612306123,4.046299350130099,8.685366203756338,1.0,1.30300202773332,-0.2289377456557518,1.283266965461621
mango_population,popfold7,112700,GC-CQR,0.1,2,20,64.79394125938416,1440,0.9944444444444445,4.8399277075826665,4.73947924740196,4.855860982959177,1.0,1.1798904428719261,0.04139893768826121,1.179573580093529
mango_population,popfold7,112800,GC-CQR,0.1,2,20,64.79394125938416,1600,0.781875,4.1276586253228364,3.9860229476493787,6.729234645206834,1.0,2.1962721319273006,-1.931472644160923,1.0458050822248173
mango_population,popfold7,113200,GC-CQR,0.1,2,20,64.79394125938416,120,0.975,3.191340925597633,3.145020338683267,3.301978517323342,1.0,0.7780172617292486,-0.16634784301323127,0.7632125300709721
mango_population,popfold7,114600,GC-CQR,0.1,2,20,64.79394125938416,80,0.6125,4.287890433857266,4.273966247934054,9.81705626192652,1.0,2.1861325466790396,2.0281386916664026,0.8211316421172393
mango_population,popfold7,121600,GC-CQR,0.1,2,20,64.79394125938416,400,0.775,4.31443885371315,4.069688037820787,6.806207362137274,1.0,1.3917077139951497,1.034208857619507,0.9324355151912304
mango_population,popfold7,100400,CQR,0.1,2,20,6.426403522491455,1440,0.6513888888888889,3.4040983055854794,3.3666319251528884,9.877166304736601,1.0,1.6950091031907581,-0.9873210378968673,1.3782496781678555
mango_population,popfold7,101000,CQR,0.1,2,20,6.426403522491455,1200,0.8658333333333333,3.5198135533112493,3.41429487330264,5.008776887951024,1.0,0.9034670702411621,-0.3571903807395232,0.8302060872900463
mango_population,popfold7,102501,CQR,0.1,2,20,6.426403522491455,400,0.9,3.414859870154651,3.3561215495288854,3.8871957381115942,1.0,0.8910743779103534,-0.14157589049608205,0.8808573029549037
mango_population,popfold7,102800,CQR,0.1,2,20,6.426403522491455,368,0.8804347826086957,3.6338235389767526,3.61913287832507,4.880443028481563,1.0,1.0693494442496712,-0.016083160981837513,1.0706842145482236
mango_population,popfold7,103100,CQR,0.1,2,20,6.426403522491455,696,0.9755747126436781,3.639851903617148,3.296491201772686,3.887308117582518,1.0,1.1516346596983273,-0.6632310051578488,0.942158373219499
mango_population,popfold7,103104,CQR,0.1,2,20,6.426403522491455,399,0.9674185463659147,2.5249564255156867,2.4878492635957716,2.6508409466156797,1.0,0.6434021378990771,0.020319680151396062,0.6438885777838596
mango_population,popfold7,104301,CQR,0.1,2,20,6.426403522491455,768,0.8645833333333334,2.9235403059307656,2.8688422315693503,4.461805569918104,1.0,0.9449790781177474,-0.4967604040115587,0.8043985836187512
mango_population,popfold7,104600,CQR,0.1,2,20,6.426403522491455,616,0.8262987012987013,3.4680832341921817,3.442416410520055,4.632152356850906,1.0,1.0391853438120586,0.830674590825298,0.6249158853548347
mango_population,popfold7,105400,CQR,0.1,2,20,6.426403522491455,380,0.9605263157894737,3.159821837417762,3.094629334957112,3.9477779344739146,1.0,0.7913620315311067,0.004865552738074537,0.792390379642635
mango_population,popfold7,105900,CQR,0.1,2,20,6.426403522491455,240,0.9708333333333333,2.857853185775429,2.846716297874358,3.0113583047378887,1.0,0.6847469738213114,-0.33591440894271796,0.5979378185345999
mango_population,popfold7,106400,CQR,0.1,2,20,6.426403522491455,1200,0.6516666666666666,3.5922021720772555,3.511608650599264,7.027100236806132,1.0,1.355886713135717,-1.180401868766273,0.6674214684776709
mango_population,popfold7,109100,CQR,0.1,2,20,6.426403522491455,400,0.9775,3.494606495535068,3.508159357291974,3.597162143561184,1.0,0.9436761976011211,0.4110087587184151,0.8505322327065801
mango_population,popfold7,110000,CQR,0.1,2,20,6.426403522491455,880,0.48977272727272725,4.000271601024283,3.921124120358858,10.726160480458041,1.0,1.4268781334022425,-1.108624056917391,0.8988058308404054
mango_population,popfold7,110100,CQR,0.1,2,20,6.426403522491455,480,0.85625,2.686524178833589,2.692172282637358,3.7094198380713674,1.0,0.8745269507042881,-0.18040442981510946,0.8566097934586347
mango_population,popfold7,111300,CQR,0.1,2,20,6.426403522491455,1200,0.8316666666666667,3.603493734266302,3.468840014365389,9.165427745066733,1.0,1.30300202773332,-0.2289377456557518,1.283266965461621
mango_population,popfold7,112700,CQR,0.1,2,20,6.426403522491455,1440,0.9930555555555556,4.459770079410542,4.338770103849068,4.481820433547899,1.0,1.1798904428719261,0.04139893768826121,1.179573580093529
mango_population,popfold7,112800,CQR,0.1,2,20,6.426403522491455,1600,0.665,3.479631956644829,3.383966394673066,8.169441489263274,1.0,2.1962721319273006,-1.931472644160923,1.0458050822248173
mango_population,popfold7,113200,CQR,0.1,2,20,6.426403522491455,120,0.9666666666666667,2.7059861428446443,2.648325643640237,3.0925158448204315,1.0,0.7780172617292486,-0.16634784301323127,0.7632125300709721
mango_population,popfold7,114600,CQR,0.1,2,20,6.426403522491455,80,0.4,3.631166108444268,3.601489196302472,12.431678972593408,1.0,2.1861325466790396,2.0281386916664026,0.8211316421172393
mango_population,popfold7,121600,CQR,0.1,2,20,6.426403522491455,400,0.675,3.709868135999181,3.4886687475849305,7.916338913103191,1.0,1.3917077139951497,1.034208857619507,0.9324355151912304
mango_population,popfold7,100400,SCP,0.1,2,20,0.00040650367736816406,1440,0.7145833333333333,3.4474524854478115,3.447452485447812,8.740398460712917,1.0,1.6950091031907581,-0.9873210378968673,1.3782496781678555
mango_population,popfold7,101000,SCP,0.1,2,20,0.00040650367736816406,1200,0.9441666666666667,3.447452485447812,3.447452485447812,3.8942956208224433,1.0,0.9034670702411621,-0.3571903807395232,0.8302060872900463
mango_population,popfold7,102501,SCP,0.1,2,20,0.00040650367736816406,400,0.9475,3.447452485447812,3.447452485447812,3.8336917425548047,1.0,0.8910743779103534,-0.14157589049608205,0.8808573029549037
mango_population,popfold7,102800,SCP,0.1,2,20,0.00040650367736816406,368,0.8831521739130435,3.447452485447812,3.447452485447812,4.371766653052132,1.0,1.0693494442496712,-0.016083160981837513,1.0706842145482236
mango_population,popfold7,103100,SCP,0.1,2,20,0.00040650367736816406,696,0.9324712643678161,3.447452485447812,3.447452485447812,4.2527771310343185,1.0,1.1516346596983273,-0.6632310051578488,0.942158373219499
mango_population,popfold7,103104,SCP,0.1,2,20,0.00040650367736816406,399,0.9899749373433584,3.4474524854478115,3.447452485447812,3.4818265190736284,1.0,0.6434021378990771,0.020319680151396062,0.6438885777838596
mango_population,popfold7,104301,SCP,0.1,2,20,0.00040650367736816406,768,0.9296875,3.447452485447812,3.447452485447812,4.105621507199666,1.0,0.9449790781177474,-0.4967604040115587,0.8043985836187512
mango_population,popfold7,104600,SCP,0.1,2,20,0.00040650367736816406,616,0.9074675324675324,3.4474524854478124,3.447452485447812,4.034433878608808,1.0,1.0391853438120586,0.830674590825298,0.6249158853548347
mango_population,popfold7,105400,SCP,0.1,2,20,0.00040650367736816406,380,0.968421052631579,3.447452485447812,3.447452485447812,3.9238821334360505,1.0,0.7913620315311067,0.004865552738074537,0.792390379642635
mango_population,popfold7,105900,SCP,0.1,2,20,0.00040650367736816406,240,0.9916666666666667,3.447452485447812,3.447452485447812,3.4701169989725287,1.0,0.6847469738213114,-0.33591440894271796,0.5979378185345999
mango_population,popfold7,106400,SCP,0.1,2,20,0.00040650367736816406,1200,0.7941666666666667,3.447452485447812,3.447452485447812,5.003485891481224,1.0,1.355886713135717,-1.180401868766273,0.6674214684776709
mango_population,popfold7,109100,SCP,0.1,2,20,0.00040650367736816406,400,0.9075,3.447452485447812,3.447452485447812,4.161142616814539,1.0,0.9436761976011211,0.4110087587184151,0.8505322327065801
mango_population,popfold7,110000,SCP,0.1,2,20,0.00040650367736816406,880,0.759090909090909,3.4474524854478124,3.447452485447812,5.8152860192798075,1.0,1.4268781334022425,-1.108624056917391,0.8988058308404054
mango_population,popfold7,110100,SCP,0.1,2,20,0.00040650367736816406,480,0.9520833333333333,3.447452485447812,3.447452485447812,3.7949527363961986,1.0,0.8745269507042881,-0.18040442981510946,0.8566097934586347
mango_population,popfold7,111300,SCP,0.1,2,20,0.00040650367736816406,1200,0.85,3.447452485447812,3.447452485447812,6.368537440181222,1.0,1.30300202773332,-0.2289377456557518,1.283266965461621
mango_population,popfold7,112700,SCP,0.1,2,20,0.00040650367736816406,1440,0.8854166666666666,3.4474524854478115,3.447452485447812,4.980966077293672,1.0,1.1798904428719261,0.04139893768826121,1.179573580093529
mango_population,popfold7,112800,SCP,0.1,2,20,0.00040650367736816406,1600,0.459375,3.447452485447812,3.447452485447812,13.682141789060456,1.0,2.1962721319273006,-1.931472644160923,1.0458050822248173
mango_population,popfold7,113200,SCP,0.1,2,20,0.00040650367736816406,120,0.9916666666666667,3.447452485447812,3.447452485447812,3.472168741926234,1.0,0.7780172617292486,-0.16634784301323127,0.7632125300709721
mango_population,popfold7,114600,SCP,0.1,2,20,0.00040650367736816406,80,0.375,3.447452485447812,3.447452485447812,13.1738579876852,1.0,2.1861325466790396,2.0281386916664026,0.8211316421172393
mango_population,popfold7,121600,SCP,0.1,2,20,0.00040650367736816406,400,0.7475,3.447452485447812,3.447452485447812,5.422605014892685,1.0,1.3917077139951497,1.034208857619507,0.9324355151912304
mango_population,popfold8,100300,GC-D,0.1,2,20,0.13739585876464844,1520,0.95,3.3861811356879272,3.3783663093638046,3.7653574328422574,1.0,0.8963539932778087,0.26345251064796577,0.8570452129350088
mango_population,popfold8,100600,GC-D,0.1,2,20,0.13739585876464844,1557,0.348747591522158,3.4090966408918133,3.3921328785254303,14.027703729806849,1.0,2.1839303117126136,1.9128084480273293,1.0542434609618874
mango_population,popfold8,100700,GC-D,0.1,2,20,0.13739585876464844,780,0.4512820512820513,3.438731482048988,3.419561942209736,13.903214714690202,1.0,2.2190260668289987,1.900071459677501,1.1469488485352346
mango_population,popfold8,101800,GC-D,0.1,2,20,0.13739585876464844,80,0.925,3.3170487747506217,3.277567916823421,3.74250800622839,1.0,1.033481793465678,0.9054179384065455,0.5014439648255069
mango_population,popfold8,103101,GC-D,0.1,2,20,0.13739585876464844,480,1.0,3.319431504042515,3.3639178963877363,3.319431504042515,1.0,0.5527223148609851,0.22572229253090073,0.5050572507698545
mango_population,popfold8,104700,GC-D,0.1,2,20,0.13739585876464844,880,0.925,3.651859444415765,3.5689400996415,4.019413075068033,1.0,1.0067668217041905,-0.29253618795552155,0.9638764233420991
mango_population,popfold8,105200,GC-D,0.1,2,20,0.13739585876464844,478,0.5732217573221757,3.3965112114043197,3.303604349428472,8.061982510175847,1.0,1.6589913680636938,1.3623745040461526,0.9476639019294993
mango_population,popfold8,107000,GC-D,0.1,2,20,0.13739585876464844,400,0.9875,4.298665217901192,4.243090519981429,4.354555438681899,1.0,0.700108782926623,-0.03442237392619017,0.7001377652506029
mango_population,popfold8,107202,GC-D,0.1,2,20,0.13739585876464844,288,0.9722222222222222,3.5778991273497116,3.51999232795493,3.757695369450481,1.0,0.8779616825001179,-0.36748068029486,0.7987427046837844
mango_population,popfold8,107800,GC-D,0.1,2,20,0.13739585876464844,400,0.8775,3.7603872824637636,3.6760757638588695,5.138060847671816,1.0,1.1858349081294106,-0.7832788902272927,0.8914399994639005
mango_population,popfold8,109400,GC-D,0.1,2,20,0.13739585876464844,400,0.9775,3.637440723265543,3.581011368219957,3.786000016886074,1.0,0.8127108072061054,-0.3520812634893404,0.7334046263244692
mango_population,popfold8,110802,GC-D,0.1,2,20,0.13739585876464844,40,1.0,3.5578683169756835,3.566363538447372,3.5578683169756835,1.0,0.7037016045552256,0.3134053454174059,0.6380845034603984
mango_population,popfold8,111100,GC-D,0.1,2,20,0.13739585876464844,239,0.99581589958159,3.2631279889258433,3.226583486650986,3.2660669898143633,1.0,0.7286223832401497,0.4686435889599496,0.5590810270667284
mango_population,popfold8,112500,GC-D,0.1,2,20,0.13739585876464844,448,0.8973214285714286,3.487910738324313,3.4156582725006333,4.357927767012248,1.0,1.0443926646572073,0.5498725953895364,0.8889093973197116
mango_population,popfold8,113400,GC-D,0.1,2,20,0.13739585876464844,80,1.0,3.551520743107814,3.476390622094163,3.551520743107814,1.0,0.6065368571647363,-0.08907582108796794,0.603745656228234
mango_population,popfold8,114100,GC-D,0.1,2,20,0.13739585876464844,920,0.775,3.6190178749904947,3.5952258363135234,6.909521031879946,1.0,1.5006652992204705,-0.19638385807812056,1.4885691923445599
mango_population,popfold8,114500,GC-D,0.1,2,20,0.13739585876464844,80,0.0125,3.27685455429801,3.253109966305483,38.54318700434784,1.0,3.4610899577866623,3.3980716122238497,0.6616075658806106
mango_population,popfold8,115400,GC-D,0.1,2,20,0.13739585876464844,160,0.85625,3.650929068526186,3.708859966913587,5.323965071032335,1.0,1.3357020402549784,1.0408360634151705,0.8397425358264279
mango_population,popfold8,200100,GC-D,0.1,2,20,0.13739585876464844,190,0.9736842105263158,2.9804274346658572,2.9690804719191917,3.068686002026146,1.0,0.592044961745089,-0.08181040963414457,0.587914508887022
mango_population,popfold8,200300,GC-D,0.1,2,20,0.13739585876464844,304,0.930921052631579,3.1255521530334676,3.123547640504821,3.611694806205628,1.0,0.9938799550139766,0.7403364260502422,0.6641916095398456
mango_population,popfold8,100300,GC-D2,0.1,2,20,0.14172935485839844,1520,0.9467105263157894,3.3208826928797346,3.3175645641977916,3.7305938395923386,1.0,0.8963539932778087,0.26345251064796577,0.8570452129350088
mango_population,popfold8,100600,GC-D2,0.1,2,20,0.14172935485839844,1557,0.35452793834296725,3.5107435356644667,3.4715897908779922,13.893487998161035,1.0,2.1839303117126136,1.9128084480273293,1.0542434609618874
mango_population,popfold8,100700,GC-D2,0.1,2,20,0.14172935485839844,780,0.5,3.6220227770001214,3.560901791977236,13.44063707225213,1.0,2.2190260668289987,1.900071459677501,1.1469488485352346
mango_population,popfold8,101800,GC-D2,0.1,2,20,0.14172935485839844,80,0.9,3.2068239405334396,3.1687954710060886,3.743812918676767,1.0,1.033481793465678,0.9054179384065455,0.5014439648255069
mango_population,popfold8,103101,GC-D2,0.1,2,20,0.14172935485839844,480,1.0,3.376972592435918,3.4083178481384104,3.376972592435918,1.0,0.5527223148609851,0.22572229253090073,0.5050572507698545
mango_population,popfold8,104700,GC-D2,0.1,2,20,0.14172935485839844,880,0.9295454545454546,3.761144849262777,3.7099994655037873,4.127295282588305,1.0,1.0067668217041905,-0.29253618795552155,0.9638764233420991
mango_population,popfold8,105200,GC-D2,0.1,2,20,0.14172935485839844,478,0.5669456066945606,3.2970215401486813,3.2496897199135653,8.10474949463438,1.0,1.6589913680636938,1.3623745040461526,0.9476639019294993
mango_population,popfold8,107000,GC-D2,0.1,2,20,0.14172935485839844,400,0.9875,4.483860193382495,4.439551905454859,4.5489088077751845,1.0,0.700108782926623,-0.03442237392619017,0.7001377652506029
mango_population,popfold8,107202,GC-D2,0.1,2,20,0.14172935485839844,288,0.9756944444444444,3.7238720838265595,3.7227928151332144,3.867117761471659,1.0,0.8779616825001179,-0.36748068029486,0.7987427046837844
mango_population,popfold8,107800,GC-D2,0.1,2,20,0.14172935485839844,400,0.88,3.894801341347291,3.8417529741822154,5.2340534876575795,1.0,1.1858349081294106,-0.7832788902272927,0.8914399994639005
mango_population,popfold8,109400,GC-D2,0.1,2,20,0.14172935485839844,400,0.9825,3.808717595141484,3.7713388406818495,3.9346969951212447,1.0,0.8127108072061054,-0.3520812634893404,0.7334046263244692
mango_population,popfold8,110802,GC-D2,0.1,2,20,0.14172935485839844,40,1.0,3.3672744194566433,3.3783087991700897,3.3672744194566433,1.0,0.7037016045552256,0.3134053454174059,0.6380845034603984
mango_population,popfold8,111100,GC-D2,0.1,2,20,0.14172935485839844,239,1.0,3.3565350931127518,3.312282393506017,3.3565350931127518,1.0,0.7286223832401497,0.4686435889599496,0.5590810270667284
mango_population,popfold8,112500,GC-D2,0.1,2,20,0.14172935485839844,448,0.9040178571428571,3.5141821067767984,3.4282248198149325,4.384165990883065,1.0,1.0443926646572073,0.5498725953895364,0.8889093973197116
mango_population,popfold8,113400,GC-D2,0.1,2,20,0.14172935485839844,80,1.0,3.2051057092663546,3.1337650100038505,3.2051057092663546,1.0,0.6065368571647363,-0.08907582108796794,0.603745656228234
mango_population,popfold8,114100,GC-D2,0.1,2,20,0.14172935485839844,920,0.7760869565217391,3.6096076996567263,3.601953642143136,6.96337528911981,1.0,1.5006652992204705,-0.19638385807812056,1.4885691923445599
mango_population,popfold8,114500,GC-D2,0.1,2,20,0.14172935485839844,80,0.0125,3.141486960161925,3.133658846130955,39.71959975205949,1.0,3.4610899577866623,3.3980716122238497,0.6616075658806106
mango_population,popfold8,115400,GC-D2,0.1,2,20,0.14172935485839844,160,0.875,3.759921437548518,3.686821326852277,4.812213286490765,1.0,1.3357020402549784,1.0408360634151705,0.8397425358264279
mango_population,popfold8,200100,GC-D2,0.1,2,20,0.14172935485839844,190,0.9736842105263158,2.8229617426689773,2.792910182867171,2.930776114101008,1.0,0.592044961745089,-0.08181040963414457,0.587914508887022
mango_population,popfold8,200300,GC-D2,0.1,2,20,0.14172935485839844,304,0.9144736842105263,3.0876433613512266,3.0788600299614357,3.6426955211977297,1.0,0.9938799550139766,0.7403364260502422,0.6641916095398456
mango_population,popfold8,100300,GC-CQR,0.1,2,20,68.7204909324646,1520,0.9881578947368421,3.770576638908791,3.7011145834091996,3.8053233969323035,1.0,0.8963539932778087,0.26345251064796577,0.8570452129350088
mango_population,popfold8,100600,GC-CQR,0.1,2,20,68.7204909324646,1557,0.3937058445728966,3.832121863105457,3.6473751822601557,12.77991002624,1.0,2.1839303117126136,1.9128084480273293,1.0542434609618874
mango_population,popfold8,100700,GC-CQR,0.1,2,20,68.7204909324646,780,0.5782051282051283,3.948494530291197,3.7908729242739936,12.701634705380883,1.0,2.2190260668289987,1.900071459677501,1.1469488485352346
mango_population,popfold8,101800,GC-CQR,0.1,2,20,68.7204909324646,80,0.9125,3.509272864750013,3.512960216684548,4.09263611660692,1.0,1.033481793465678,0.9054179384065455,0.5014439648255069
mango_population,popfold8,103101,GC-CQR,0.1,2,20,68.7204909324646,480,1.0,3.4653290460016204,3.3695769837405187,3.4653290460016204,1.0,0.5527223148609851,0.22572229253090073,0.5050572507698545
mango_population,popfold8,104700,GC-CQR,0.1,2,20,68.7204909324646,880,0.9534090909090909,4.308111014091229,4.221689032341506,4.552028206014462,1.0,1.0067668217041905,-0.29253618795552155,0.9638764233420991
mango_population,popfold8,105200,GC-CQR,0.1,2,20,68.7204909324646,478,0.6380753138075314,3.5562083633810624,3.4657095746204334,6.641334338041524,1.0,1.6589913680636938,1.3623745040461526,0.9476639019294993
mango_population,popfold8,107000,GC-CQR,0.1,2,20,68.7204909324646,400,0.8225,3.9467988227400888,3.833099743580501,6.061088703454255,1.0,0.700108782926623,-0.03442237392619017,0.7001377652506029
mango_population,popfold8,107202,GC-CQR,0.1,2,20,68.7204909324646,288,0.9201388888888888,3.674352246676657,3.5689906761529944,4.213674259560163,1.0,0.8779616825001179,-0.36748068029486,0.7987427046837844
mango_population,popfold8,107800,GC-CQR,0.1,2,20,68.7204909324646,400,0.935,3.9546350329626807,3.8486903336679905,4.275024186765528,1.0,1.1858349081294106,-0.7832788902272927,0.8914399994639005
mango_population,popfold8,109400,GC-CQR,0.1,2,20,68.7204909324646,400,0.94,3.646692415725565,3.569323239632199,4.144957410007414,1.0,0.8127108072061054,-0.3520812634893404,0.7334046263244692
mango_population,popfold8,110802,GC-CQR,0.1,2,20,68.7204909324646,40,1.0,3.0296420345524235,2.985183365626436,3.0296420345524235,1.0,0.7037016045552256,0.3134053454174059,0.6380845034603984
mango_population,popfold8,111100,GC-CQR,0.1,2,20,68.7204909324646,239,0.99581589958159,3.193558585230126,3.153646924546944,3.2015016736856428,1.0,0.7286223832401497,0.4686435889599496,0.5590810270667284
mango_population,popfold8,112500,GC-CQR,0.1,2,20,68.7204909324646,448,0.9330357142857143,3.657000216712991,3.5705362347064344,4.117871045878032,1.0,1.0443926646572073,0.5498725953895364,0.8889093973197116
mango_population,popfold8,113400,GC-CQR,0.1,2,20,68.7204909324646,80,1.0,4.0513419401997375,3.957458253783697,4.0513419401997375,1.0,0.6065368571647363,-0.08907582108796794,0.603745656228234
mango_population,popfold8,114100,GC-CQR,0.1,2,20,68.7204909324646,920,0.8326086956521739,3.9068134373779824,3.8683092320492234,6.64030214354958,1.0,1.5006652992204705,-0.19638385807812056,1.4885691923445599
mango_population,popfold8,114500,GC-CQR,0.1,2,20,68.7204909324646,80,0.0875,4.223338544948464,4.145366717717837,23.925886303657116,1.0,3.4610899577866623,3.3980716122238497,0.6616075658806106
mango_population,popfold8,115400,GC-CQR,0.1,2,20,68.7204909324646,160,0.85,3.8696637517964563,3.677311221828826,4.742715692875839,1.0,1.3357020402549784,1.0408360634151705,0.8397425358264279
mango_population,popfold8,200100,GC-CQR,0.1,2,20,68.7204909324646,190,0.9947368421052631,3.513701846397361,3.4353130539953938,3.5349836343062293,1.0,0.592044961745089,-0.08181040963414457,0.587914508887022
mango_population,popfold8,200300,GC-CQR,0.1,2,20,68.7204909324646,304,0.9375,3.1951188303409284,3.1804347880343107,3.4756939312015724,1.0,0.9938799550139766,0.7403364260502422,0.6641916095398456
mango_population,popfold8,100300,CQR,0.1,2,20,6.793036937713623,1520,0.9565789473684211,3.3492447307890276,3.330854376146462,3.532216047806015,1.0,0.8963539932778087,0.26345251064796577,0.8570452129350088
mango_population,popfold8,100600,CQR,0.1,2,20,6.793036937713623,1557,0.31856133590237634,3.348976693652159,3.2344184844759933,15.169275742953918,1.0,2.1839303117126136,1.9128084480273293,1.0542434609618874
mango_population,popfold8,100700,CQR,0.1,2,20,6.793036937713623,780,0.5115384615384615,3.456861948631013,3.3556933020336865,14.449327964067958,1.0,2.2190260668289987,1.900071459677501,1.1469488485352346
mango_population,popfold8,101800,CQR,0.1,2,20,6.793036937713623,80,0.875,3.085920982213349,3.1030691871597442,3.788546207931371,1.0,1.033481793465678,0.9054179384065455,0.5014439648255069
mango_population,popfold8,103101,CQR,0.1,2,20,6.793036937713623,480,0.9833333333333333,2.991105819791218,2.9189466703956386,3.0385139206389824,1.0,0.5527223148609851,0.22572229253090073,0.5050572507698545
mango_population,popfold8,104700,CQR,0.1,2,20,6.793036937713623,880,0.9125,3.8074515450602533,3.6649114222084007,4.398519210435029,1.0,1.0067668217041905,-0.29253618795552155,0.9638764233420991
mango_population,popfold8,105200,CQR,0.1,2,20,6.793036937713623,478,0.5,3.1107232322189815,3.1060616847306184,8.351131815517311,1.0,1.6589913680636938,1.3623745040461526,0.9476639019294993
mango_population,popfold8,107000,CQR,0.1,2,20,6.793036937713623,400,0.78,3.4242539342789997,3.3310329276023545,6.508767477401293,1.0,0.700108782926623,-0.03442237392619017,0.7001377652506029
mango_population,popfold8,107202,CQR,0.1,2,20,6.793036937713623,288,0.8715277777777778,3.2580256531896543,3.1605686177922383,4.247756824243508,1.0,0.8779616825001179,-0.36748068029486,0.7987427046837844
mango_population,popfold8,107800,CQR,0.1,2,20,6.793036937713623,400,0.9175,3.590120711711793,3.5356641193670377,4.109361563235681,1.0,1.1858349081294106,-0.7832788902272927,0.8914399994639005
mango_population,popfold8,109400,CQR,0.1,2,20,6.793036937713623,400,0.895,3.2369208411921475,3.221360254123052,4.175280901101042,1.0,0.8127108072061054,-0.3520812634893404,0.7334046263244692
mango_population,popfold8,110802,CQR,0.1,2,20,6.793036937713623,40,0.9,2.6266556612651537,2.6560288866749966,3.3246447101447543,1.0,0.7037016045552256,0.3134053454174059,0.6380845034603984
mango_population,popfold8,111100,CQR,0.1,2,20,6.793036937713623,239,0.9539748953974896,2.6693454810842163,2.605282550670875,2.926011064164414,1.0,0.7286223832401497,0.4686435889599496,0.5590810270667284
mango_population,popfold8,112500,CQR,0.1,2,20,6.793036937713623,448,0.8839285714285714,3.09747849305507,3.035032971194746,4.057075589165637,1.0,1.0443926646572073,0.5498725953895364,0.8889093973197116
mango_population,popfold8,113400,CQR,0.1,2,20,6.793036937713623,80,0.975,3.6861076782021818,3.679110527945441,3.7711123127810637,1.0,0.6065368571647363,-0.08907582108796794,0.603745656228234
mango_population,popfold8,114100,CQR,0.1,2,20,6.793036937713623,920,0.7684782608695652,3.4448945811918867,3.4130657403811053,7.248894259508617,1.0,1.5006652992204705,-0.19638385807812056,1.4885691923445599
mango_population,popfold8,114500,CQR,0.1,2,20,6.793036937713623,80,0.05,3.6770774335123106,3.6496141955974375,27.649375045803417,1.0,3.4610899577866623,3.3980716122238497,0.6616075658806106
mango_population,popfold8,115400,CQR,0.1,2,20,6.793036937713623,160,0.81875,3.4182462346750526,3.2099505937132795,4.838859597679523,1.0,1.3357020402549784,1.0408360634151705,0.8397425358264279
mango_population,popfold8,200100,CQR,0.1,2,20,6.793036937713623,190,0.9894736842105263,3.0498337108171847,2.967793800933827,3.1068946270969455,1.0,0.592044961745089,-0.08181040963414457,0.587914508887022
mango_population,popfold8,200300,CQR,0.1,2,20,6.793036937713623,304,0.875,2.7886434798245894,2.7650403028968844,3.5404630436581037,1.0,0.9938799550139766,0.7403364260502422,0.6641916095398456
mango_population,popfold8,100300,SCP,0.1,2,20,0.00036644935607910156,1520,0.95,3.4199156090187834,3.4199156090187834,3.815424805258468,1.0,0.8963539932778087,0.26345251064796577,0.8570452129350088
mango_population,popfold8,100600,SCP,0.1,2,20,0.00036644935607910156,1557,0.35260115606936415,3.4199156090187834,3.4199156090187834,13.83242527730725,1.0,2.1839303117126136,1.9128084480273293,1.0542434609618874
mango_population,popfold8,100700,SCP,0.1,2,20,0.00036644935607910156,780,0.45897435897435895,3.419915609018784,3.419915609018785,14.032876652697373,1.0,2.2190260668289987,1.900071459677501,1.1469488485352346
mango_population,popfold8,101800,SCP,0.1,2,20,0.00036644935607910156,80,0.9625,3.4199156090187826,3.4199156090187834,3.6446560211482235,1.0,1.033481793465678,0.9054179384065455,0.5014439648255069
mango_population,popfold8,103101,SCP,0.1,2,20,0.00036644935607910156,480,1.0,3.419915609018784,3.4199156090187834,3.419915609018784,1.0,0.5527223148609851,0.22572229253090073,0.5050572507698545
mango_population,popfold8,104700,SCP,0.1,2,20,0.00036644935607910156,880,0.8863636363636364,3.4199156090187834,3.4199156090187834,4.0397016027557155,1.0,1.0067668217041905,-0.29253618795552155,0.9638764233420991
mango_population,popfold8,105200,SCP,0.1,2,20,0.00036644935607910156,478,0.5920502092050209,3.419915609018784,3.4199156090187834,7.440565047967954,1.0,1.6589913680636938,1.3623745040461526,0.9476639019294993
mango_population,popfold8,107000,SCP,0.1,2,20,0.00036644935607910156,400,0.9725,3.4199156090187843,3.419915609018785,3.600154105361245,1.0,0.700108782926623,-0.03442237392619017,0.7001377652506029
mango_population,popfold8,107202,SCP,0.1,2,20,0.00036644935607910156,288,0.9479166666666666,3.419915609018784,3.419915609018785,3.7770129795108307,1.0,0.8779616825001179,-0.36748068029486,0.7987427046837844
mango_population,popfold8,107800,SCP,0.1,2,20,0.00036644935607910156,400,0.835,3.4199156090187843,3.419915609018785,5.723565889333452,1.0,1.1858349081294106,-0.7832788902272927,0.8914399994639005
mango_population,popfold8,109400,SCP,0.1,2,20,0.00036644935607910156,400,0.9625,3.4199156090187834,3.419915609018785,3.6075390473661377,1.0,0.8127108072061054,-0.3520812634893404,0.7334046263244692
mango_population,popfold8,110802,SCP,0.1,2,20,0.00036644935607910156,40,1.0,3.4199156090187826,3.4199156090187834,3.4199156090187826,1.0,0.7037016045552256,0.3134053454174059,0.6380845034603984
mango_population,popfold8,111100,SCP,0.1,2,20,0.00036644935607910156,239,0.99581589958159,3.4199156090187834,3.4199156090187834,3.428241842892455,1.0,0.7286223832401497,0.4686435889599496,0.5590810270667284
mango_population,popfold8,112500,SCP,0.1,2,20,0.00036644935607910156,448,0.8995535714285714,3.419915609018784,3.4199156090187834,4.207415305432514,1.0,1.0443926646572073,0.5498725953895364,0.8889093973197116
mango_population,popfold8,113400,SCP,0.1,2,20,0.00036644935607910156,80,1.0,3.4199156090187834,3.4199156090187834,3.4199156090187834,1.0,0.6065368571647363,-0.08907582108796794,0.603745656228234
mango_population,popfold8,114100,SCP,0.1,2,20,0.00036644935607910156,920,0.7391304347826086,3.419915609018784,3.4199156090187834,7.353716971427846,1.0,1.5006652992204705,-0.19638385807812056,1.4885691923445599
mango_population,popfold8,114500,SCP,0.1,2,20,0.00036644935607910156,80,0.0125,3.4199156090187834,3.4199156090187834,36.82432075750952,1.0,3.4610899577866623,3.3980716122238497,0.6616075658806106
mango_population,popfold8,115400,SCP,0.1,2,20,0.00036644935607910156,160,0.84375,3.4199156090187843,3.4199156090187834,5.471419793287199,1.0,1.3357020402549784,1.0408360634151705,0.8397425358264279
mango_population,popfold8,200100,SCP,0.1,2,20,0.00036644935607910156,190,0.9947368421052631,3.419915609018784,3.4199156090187834,3.4317534698091268,1.0,0.592044961745089,-0.08181040963414457,0.587914508887022
mango_population,popfold8,200300,SCP,0.1,2,20,0.00036644935607910156,304,0.944078947368421,3.4199156090187834,3.4199156090187834,3.7787423753539606,1.0,0.9938799550139766,0.7403364260502422,0.6641916095398456
mango_population,popfold9,100100,GC-D,0.1,2,18,0.12933897972106934,480,0.9083333333333333,3.5412217229378955,3.5248359344451945,4.064341772662278,1.0,1.045815543467633,-0.7254156987405849,0.7541133731209624
mango_population,popfold9,100500,GC-D,0.1,2,18,0.12933897972106934,1200,0.9858333333333333,3.644968927345232,3.6390282493099697,3.8126896235056096,1.0,0.7609680071300848,-0.10538717832543214,0.753949302105425
mango_population,popfold9,103000,GC-D,0.1,2,18,0.12933897972106934,552,0.980072463768116,3.9875209836536265,3.9347521538320596,4.102206966879724,1.0,0.8769356753528881,-0.14600707715231245,0.8654796912681577
mango_population,popfold9,104300,GC-D,0.1,2,18,0.12933897972106934,200,0.91,3.9934373621003,3.772066845671895,4.835239282662355,1.0,1.1085779183477171,-0.504560012379357,0.9895759179785636
mango_population,popfold9,106100,GC-D,0.1,2,18,0.12933897972106934,720,0.9513888888888888,4.402573288349202,4.363657749263283,4.831593236160986,1.0,1.1247260624360873,-0.6612636088982148,0.9104341775905976
mango_population,popfold9,106500,GC-D,0.1,2,18,0.12933897972106934,1200,0.97,3.5708348049569416,3.559000262654177,3.812593095408861,1.0,0.8001648283049906,-0.4006328188827212,0.692933783209984
mango_population,popfold9,106600,GC-D,0.1,2,18,0.12933897972106934,1200,0.9816666666666667,3.567558424011883,3.567195665736893,3.631445702626746,1.0,0.8070666950774478,-0.6141194279737063,0.5238727715031742
mango_population,popfold9,108100,GC-D,0.1,2,18,0.12933897972106934,400,0.985,3.7230767796443227,3.7419432362550014,3.793353188002439,1.0,0.7940571194295267,0.237022778402336,0.7588058891301526
mango_population,popfold9,109200,GC-D,0.1,2,18,0.12933897972106934,400,0.985,3.6592565438909577,3.608630857942944,3.738204117528943,1.0,0.8127488448338711,0.3578706844781183,0.7306324777299043
mango_population,popfold9,110300,GC-D,0.1,2,18,0.12933897972106934,480,0.96875,3.6514669348719773,3.586008422680549,3.7857888433785076,1.0,0.8142494088100528,-0.4074143161722344,0.7057289038557114
mango_population,popfold9,111000,GC-D,0.1,2,18,0.12933897972106934,240,0.9958333333333333,3.4402850392715507,3.3744025625257876,3.4771865296297126,1.0,0.6850933905124628,0.43220066385167566,0.5326704240360175
mango_population,popfold9,111200,GC-D,0.1,2,18,0.12933897972106934,240,0.9583333333333334,3.543779794453614,3.526058090107858,3.7616928707035657,1.0,0.9291828062088494,-0.7113984604566037,0.5989890376801961
mango_population,popfold9,111500,GC-D,0.1,2,18,0.12933897972106934,480,0.9041666666666667,3.7663637694524312,3.6888740474217894,4.822092531425047,1.0,1.1396585924669282,-0.4337181742196957,1.0550019257251342
mango_population,popfold9,113700,GC-D,0.1,2,18,0.12933897972106934,152,0.631578947368421,3.6374045145282365,3.613250915519826,8.05510933079635,1.0,1.8333399138117223,1.5653277874870157,0.9575575714852531
mango_population,popfold9,113900,GC-D,0.1,2,18,0.12933897972106934,532,0.9755639097744361,3.702238046508775,3.7608511293989864,3.846895282194803,1.0,0.8667508569273671,0.1783933673721665,0.8489921781704712
mango_population,popfold9,114000,GC-D,0.1,2,18,0.12933897972106934,44,0.8863636363636364,3.9058582075716752,3.8793609934793967,4.7696808354814175,1.0,1.1687022574388637,-0.3861806782703272,1.1158070998163854
mango_population,popfold9,114300,GC-D,0.1,2,18,0.12933897972106934,80,0.925,3.8916256694486213,3.871592424819829,4.664819124505096,1.0,1.18570190706794,-0.60187331296082,1.0280311907646227
mango_population,popfold9,200200,GC-D,0.1,2,18,0.12933897972106934,414,1.0,3.5220686491469353,3.513267278247631,3.5220686491469353,1.0,0.6118148272406139,0.27915331019891026,0.5450765685065233
mango_population,popfold9,200600,GC-D,0.1,2,18,0.12933897972106934,200,0.82,4.037486851780176,4.0435933447169345,6.276523199046053,1.0,1.5181308858410905,1.1033454174542527,1.0453776102766372
mango_population,popfold9,100100,GC-D2,0.1,2,18,0.15103888511657715,480,0.9208333333333333,3.444407384169456,3.4243888306399253,4.017172218431461,1.0,1.045815543467633,-0.7254156987405849,0.7541133731209624
mango_population,popfold9,100500,GC-D2,0.1,2,18,0.15103888511657715,1200,0.9908333333333333,3.8987062210968473,3.891801653135044,4.056682871789398,1.0,0.7609680071300848,-0.10538717832543214,0.753949302105425
mango_population,popfold9,103000,GC-D2,0.1,2,18,0.15103888511657715,552,0.9746376811594203,3.7532508472475388,3.6501935202858267,3.9399560734024357,1.0,0.8769356753528881,-0.14600707715231245,0.8654796912681577
mango_population,popfold9,104300,GC-D2,0.1,2,18,0.15103888511657715,200,0.915,4.230703880422944,3.946278640063163,4.982970692301815,1.0,1.1085779183477171,-0.504560012379357,0.9895759179785636
mango_population,popfold9,106100,GC-D2,0.1,2,18,0.15103888511657715,720,0.9402777777777778,4.31638939918531,4.258091723367899,4.8695486974342925,1.0,1.1247260624360873,-0.6612636088982148,0.9104341775905976
mango_population,popfold9,106500,GC-D2,0.1,2,18,0.15103888511657715,1200,0.975,3.874623505350568,3.8515811443995105,4.053378197769772,1.0,0.8001648283049906,-0.4006328188827212,0.692933783209984
mango_population,popfold9,106600,GC-D2,0.1,2,18,0.15103888511657715,1200,0.9791666666666666,3.4971467167086794,3.480949000606114,3.57311514919924,1.0,0.8070666950774478,-0.6141194279737063,0.5238727715031742
mango_population,popfold9,108100,GC-D2,0.1,2,18,0.15103888511657715,400,0.9825,3.6683524749207583,3.670282337271062,3.7527123799364683,1.0,0.7940571194295267,0.237022778402336,0.7588058891301526
mango_population,popfold9,109200,GC-D2,0.1,2,18,0.15103888511657715,400,0.99,3.9710875997022947,3.892758857720633,4.007595701359312,1.0,0.8127488448338711,0.3578706844781183,0.7306324777299043
mango_population,popfold9,110300,GC-D2,0.1,2,18,0.15103888511657715,480,0.9666666666666667,3.60119905438012,3.527148182462061,3.79874659965764,1.0,0.8142494088100528,-0.4074143161722344,0.7057289038557114
mango_population,popfold9,111000,GC-D2,0.1,2,18,0.15103888511657715,240,0.9958333333333333,3.6728036730216904,3.6139869327850462,3.692840376998295,1.0,0.6850933905124628,0.43220066385167566,0.5326704240360175
mango_population,popfold9,111200,GC-D2,0.1,2,18,0.15103888511657715,240,0.975,3.85930283035597,3.8335424117958325,4.014187321197139,1.0,0.9291828062088494,-0.7113984604566037,0.5989890376801961
mango_population,popfold9,111500,GC-D2,0.1,2,18,0.15103888511657715,480,0.9208333333333333,4.022740714068373,3.9081601739570573,4.814448582864128,1.0,1.1396585924669282,-0.4337181742196957,1.0550019257251342
mango_population,popfold9,113700,GC-D2,0.1,2,18,0.15103888511657715,152,0.5723684210526315,3.5150845919522773,3.3910874274450222,7.902370646036945,1.0,1.8333399138117223,1.5653277874870157,0.9575575714852531
mango_population,popfold9,113900,GC-D2,0.1,2,18,0.15103888511657715,532,0.9680451127819549,3.5118602582224456,3.5630370480945537,3.70472937974411,1.0,0.8667508569273671,0.1783933673721665,0.8489921781704712
mango_population,popfold9,114000,GC-D2,0.1,2,18,0.15103888511657715,44,0.8636363636363636,3.7881023004536116,3.7865297485250347,4.716335895291485,1.0,1.1687022574388637,-0.3861806782703272,1.1158070998163854
mango_population,popfold9,114300,GC-D2,0.1,2,18,0.15103888511657715,80,0.9,3.5483246762995306,3.52491922885976,4.664893717260052,1.0,1.18570190706794,-0.60187331296082,1.0280311907646227
mango_population,popfold9,200200,GC-D2,0.1,2,18,0.15103888511657715,414,0.9951690821256038,3.5356758859008104,3.527145998559675,3.5380481752135036,1.0,0.6118148272406139,0.27915331019891026,0.5450765685065233
mango_population,popfold9,200600,GC-D2,0.1,2,18,0.15103888511657715,200,0.85,4.606665073150518,4.623753895383405,6.068270769129123,1.0,1.5181308858410905,1.1033454174542527,1.0453776102766372
mango_population,popfold9,100100,GC-CQR,0.1,2,18,64.00773358345032,480,0.9604166666666667,3.6237938397018867,3.5602959383906523,3.7775458921896585,1.0,1.045815543467633,-0.7254156987405849,0.7541133731209624
mango_population,popfold9,100500,GC-CQR,0.1,2,18,64.00773358345032,1200,0.9908333333333333,4.352224482514827,4.322983355797961,4.501253871139159,1.0,0.7609680071300848,-0.10538717832543214,0.753949302105425
mango_population,popfold9,103000,GC-CQR,0.1,2,18,64.00773358345032,552,0.9945652173913043,4.036147694639027,3.995337929370537,4.072168928966226,1.0,0.8769356753528881,-0.14600707715231245,0.8654796912681577
mango_population,popfold9,104300,GC-CQR,0.1,2,18,64.00773358345032,200,0.89,4.083783839455285,3.939080891711778,4.913275714570806,1.0,1.1085779183477171,-0.504560012379357,0.9895759179785636
mango_population,popfold9,106100,GC-CQR,0.1,2,18,64.00773358345032,720,0.8902777777777777,4.518135842522927,4.413349593111834,5.951110810418431,1.0,1.1247260624360873,-0.6612636088982148,0.9104341775905976
mango_population,popfold9,106500,GC-CQR,0.1,2,18,64.00773358345032,1200,0.9825,4.219740231986993,4.211479621547179,4.276941392930085,1.0,0.8001648283049906,-0.4006328188827212,0.692933783209984
mango_population,popfold9,106600,GC-CQR,0.1,2,18,64.00773358345032,1200,0.9275,3.7169458521821857,3.680447185188763,4.088364958214566,1.0,0.8070666950774478,-0.6141194279737063,0.5238727715031742
mango_population,popfold9,108100,GC-CQR,0.1,2,18,64.00773358345032,400,0.9625,3.3575925389344623,3.2520691429177964,3.553401510727582,1.0,0.7940571194295267,0.237022778402336,0.7588058891301526
mango_population,popfold9,109200,GC-CQR,0.1,2,18,64.00773358345032,400,0.995,4.013006050408361,4.048274387802718,4.019524465119824,1.0,0.8127488448338711,0.3578706844781183,0.7306324777299043
mango_population,popfold9,110300,GC-CQR,0.1,2,18,64.00773358345032,480,0.9770833333333333,3.6891006995535136,3.658116062201663,3.839146453456892,1.0,0.8142494088100528,-0.4074143161722344,0.7057289038557114
mango_population,popfold9,111000,GC-CQR,0.1,2,18,64.00773358345032,240,1.0,3.551138407968931,3.4237676140295203,3.551138407968931,1.0,0.6850933905124628,0.43220066385167566,0.5326704240360175
mango_population,popfold9,111200,GC-CQR,0.1,2,18,64.00773358345032,240,0.8625,3.4954018938731033,3.4188286797898986,4.362741042441455,1.0,0.9291828062088494,-0.7113984604566037,0.5989890376801961
mango_population,popfold9,111500,GC-CQR,0.1,2,18,64.00773358345032,480,0.94375,4.000313292842412,3.8131329624844383,4.356298120078532,1.0,1.1396585924669282,-0.4337181742196957,1.0550019257251342
mango_population,popfold9,113700,GC-CQR,0.1,2,18,64.00773358345032,152,0.7236842105263158,3.691150052807234,3.6430721880369914,6.446176826045256,1.0,1.8333399138117223,1.5653277874870157,0.9575575714852531
mango_population,popfold9,113900,GC-CQR,0.1,2,18,64.00773358345032,532,0.9793233082706767,3.6917115823436517,3.677713330713053,3.80011541175249,1.0,0.8667508569273671,0.1783933673721665,0.8489921781704712
mango_population,popfold9,114000,GC-CQR,0.1,2,18,64.00773358345032,44,0.8409090909090909,3.741441670933955,3.7054002038914104,6.198734686368533,1.0,1.1687022574388637,-0.3861806782703272,1.1158070998163854
mango_population,popfold9,114300,GC-CQR,0.1,2,18,64.00773358345032,80,0.975,3.953827704826221,3.891760522607103,4.143410665828915,1.0,1.18570190706794,-0.60187331296082,1.0280311907646227
mango_population,popfold9,200200,GC-CQR,0.1,2,18,64.00773358345032,414,0.9903381642512077,3.4763737186812795,3.4816457651436767,3.5200927448974433,1.0,0.6118148272406139,0.27915331019891026,0.5450765685065233
mango_population,popfold9,200600,GC-CQR,0.1,2,18,64.00773358345032,200,0.935,4.323989726817146,4.263480519112019,4.8277770425540725,1.0,1.5181308858410905,1.1033454174542527,1.0453776102766372
mango_population,popfold9,100100,CQR,0.1,2,18,6.459044456481934,480,0.8958333333333334,3.0020424380333472,2.9718822561082785,3.771803086729632,1.0,1.045815543467633,-0.7254156987405849,0.7541133731209624
mango_population,popfold9,100500,CQR,0.1,2,18,6.459044456481934,1200,0.9808333333333333,3.729499843613274,3.694766305619134,3.9448593636627214,1.0,0.7609680071300848,-0.10538717832543214,0.753949302105425
mango_population,popfold9,103000,CQR,0.1,2,18,6.459044456481934,552,0.9655797101449275,3.5171308873334164,3.4278559243363107,3.650353261985122,1.0,0.8769356753528881,-0.14600707715231245,0.8654796912681577
mango_population,popfold9,104300,CQR,0.1,2,18,6.459044456481934,200,0.815,3.4100369957632632,3.258623393246989,5.682565681452493,1.0,1.1085779183477171,-0.504560012379357,0.9895759179785636
mango_population,popfold9,106100,CQR,0.1,2,18,6.459044456481934,720,0.8597222222222223,3.7419011781891816,3.6716024491665626,5.910574191040554,1.0,1.1247260624360873,-0.6612636088982148,0.9104341775905976
mango_population,popfold9,106500,CQR,0.1,2,18,6.459044456481934,1200,0.9233333333333333,3.546963633010587,3.527876387673216,3.959634779292699,1.0,0.8001648283049906,-0.4006328188827212,0.692933783209984
mango_population,popfold9,106600,CQR,0.1,2,18,6.459044456481934,1200,0.8775,3.092513138648575,3.019413139921755,3.860131895714668,1.0,0.8070666950774478,-0.6141194279737063,0.5238727715031742
mango_population,popfold9,108100,CQR,0.1,2,18,6.459044456481934,400,0.8925,2.861055761939948,2.786321598322963,3.4314670125432998,1.0,0.7940571194295267,0.237022778402336,0.7588058891301526
mango_population,popfold9,109200,CQR,0.1,2,18,6.459044456481934,400,0.975,3.3987819238642465,3.3384907314589665,3.443063774174962,1.0,0.8127488448338711,0.3578706844781183,0.7306324777299043
mango_population,popfold9,110300,CQR,0.1,2,18,6.459044456481934,480,0.9395833333333333,2.9873516385766616,2.9685899103703965,3.3883848515898563,1.0,0.8142494088100528,-0.4074143161722344,0.7057289038557114
mango_population,popfold9,111000,CQR,0.1,2,18,6.459044456481934,240,0.9666666666666667,2.8755560098431254,2.798605192036116,2.96178526252134,1.0,0.6850933905124628,0.43220066385167566,0.5326704240360175
mango_population,popfold9,111200,CQR,0.1,2,18,6.459044456481934,240,0.6375,2.9768050048844636,2.902463275584064,5.923220789964901,1.0,0.9291828062088494,-0.7113984604566037,0.5989890376801961
mango_population,popfold9,111500,CQR,0.1,2,18,6.459044456481934,480,0.8791666666666667,3.4637412339806324,3.284006909123497,4.31947572214862,1.0,1.1396585924669282,-0.4337181742196957,1.0550019257251342
mango_population,popfold9,113700,CQR,0.1,2,18,6.459044456481934,152,0.6052631578947368,3.15771704950044,3.0989400207016535,8.440474943743155,1.0,1.8333399138117223,1.5653277874870157,0.9575575714852531
mango_population,popfold9,113900,CQR,0.1,2,18,6.459044456481934,532,0.943609022556391,3.073467752376109,3.069930207754254,3.3438578583670577,1.0,0.8667508569273671,0.1783933673721665,0.8489921781704712
mango_population,popfold9,114000,CQR,0.1,2,18,6.459044456481934,44,0.7954545454545454,2.966319839827209,2.9496693286754843,5.862635425014673,1.0,1.1687022574388637,-0.3861806782703272,1.1158070998163854
mango_population,popfold9,114300,CQR,0.1,2,18,6.459044456481934,80,0.9625,3.2608507010585273,3.2363504764611157,3.755170037976719,1.0,1.18570190706794,-0.60187331296082,1.0280311907646227
mango_population,popfold9,200200,CQR,0.1,2,18,6.459044456481934,414,0.9758454106280193,2.744034981671234,2.729821495554405,2.885018173281338,1.0,0.6118148272406139,0.27915331019891026,0.5450765685065233
mango_population,popfold9,200600,CQR,0.1,2,18,6.459044456481934,200,0.88,3.720688226006774,3.5010417271936163,4.848931773470977,1.0,1.5181308858410905,1.1033454174542527,1.0453776102766372
mango_population,popfold9,100100,SCP,0.1,2,18,0.0003426074981689453,480,0.9166666666666666,3.562205838683703,3.5622058386837026,4.065349721047983,1.0,1.045815543467633,-0.7254156987405849,0.7541133731209624
mango_population,popfold9,100500,SCP,0.1,2,18,0.0003426074981689453,1200,0.985,3.5622058386837026,3.5622058386837026,3.757485280267143,1.0,0.7609680071300848,-0.10538717832543214,0.753949302105425
mango_population,popfold9,103000,SCP,0.1,2,18,0.0003426074981689453,552,0.9547101449275363,3.5622058386837034,3.5622058386837026,3.942253275699707,1.0,0.8769356753528881,-0.14600707715231245,0.8654796912681577
mango_population,popfold9,104300,SCP,0.1,2,18,0.0003426074981689453,200,0.9,3.562205838683702,3.5622058386837026,4.385473829451817,1.0,1.1085779183477171,-0.504560012379357,0.9895759179785636
mango_population,popfold9,106100,SCP,0.1,2,18,0.0003426074981689453,720,0.8875,3.5622058386837026,3.5622058386837026,4.861533032871104,1.0,1.1247260624360873,-0.6612636088982148,0.9104341775905976
mango_population,popfold9,106500,SCP,0.1,2,18,0.0003426074981689453,1200,0.9758333333333333,3.5622058386837026,3.5622058386837026,3.745839472088625,1.0,0.8001648283049906,-0.4006328188827212,0.692933783209984
mango_population,popfold9,106600,SCP,0.1,2,18,0.0003426074981689453,1200,0.9875,3.5622058386837034,3.5622058386837026,3.6004330335178385,1.0,0.8070666950774478,-0.6141194279737063,0.5238727715031742
mango_population,popfold9,108100,SCP,0.1,2,18,0.0003426074981689453,400,0.9775,3.562205838683702,3.5622058386837026,3.6860629025423015,1.0,0.7940571194295267,0.237022778402336,0.7588058891301526
mango_population,popfold9,109200,SCP,0.1,2,18,0.0003426074981689453,400,0.97,3.562205838683702,3.5622058386837026,3.67992562891535,1.0,0.8127488448338711,0.3578706844781183,0.7306324777299043
mango_population,popfold9,110300,SCP,0.1,2,18,0.0003426074981689453,480,0.975,3.5622058386837026,3.5622058386837026,3.689560450995148,1.0,0.8142494088100528,-0.4074143161722344,0.7057289038557114
mango_population,popfold9,111000,SCP,0.1,2,18,0.0003426074981689453,240,0.9916666666666667,3.5622058386837026,3.5622058386837026,3.613074194042949,1.0,0.6850933905124628,0.43220066385167566,0.5326704240360175
mango_population,popfold9,111200,SCP,0.1,2,18,0.0003426074981689453,240,0.9708333333333333,3.5622058386837026,3.5622058386837026,3.7243902726814135,1.0,0.9291828062088494,-0.7113984604566037,0.5989890376801961
mango_population,popfold9,111500,SCP,0.1,2,18,0.0003426074981689453,480,0.8895833333333333,3.5622058386837026,3.5622058386837026,4.72204709240883,1.0,1.1396585924669282,-0.4337181742196957,1.0550019257251342
mango_population,popfold9,113700,SCP,0.1,2,18,0.0003426074981689453,152,0.5855263157894737,3.562205838683703,3.5622058386837026,9.67837673074657,1.0,1.8333399138117223,1.5653277874870157,0.9575575714852531
mango_population,popfold9,113900,SCP,0.1,2,18,0.0003426074981689453,532,0.9718045112781954,3.5622058386837026,3.5622058386837026,3.7057079555718357,1.0,0.8667508569273671,0.1783933673721665,0.8489921781704712
mango_population,popfold9,114000,SCP,0.1,2,18,0.0003426074981689453,44,0.8409090909090909,3.562205838683702,3.5622058386837026,4.942601576907807,1.0,1.1687022574388637,-0.3861806782703272,1.1158070998163854
mango_population,popfold9,114300,SCP,0.1,2,18,0.0003426074981689453,80,0.8875,3.5622058386837026,3.5622058386837026,4.874409905175713,1.0,1.18570190706794,-0.60187331296082,1.0280311907646227
mango_population,popfold9,200200,SCP,0.1,2,18,0.0003426074981689453,414,1.0,3.5622058386837026,3.5622058386837026,3.5622058386837026,1.0,0.6118148272406139,0.27915331019891026,0.5450765685065233
mango_population,popfold9,200600,SCP,0.1,2,18,0.0003426074981689453,200,0.73,3.562205838683702,3.5622058386837026,7.139309205980721,1.0,1.5181308858410905,1.1033454174542527,1.0453776102766372
