task,fold,group,method,alpha,seed,A,time_s,n,coverage,width_mean,width_median,interval_score,finite_frac,rmse,bias,sep
mango_population,popfold0,100100,GC-D,0.1,1,19,0.11807942390441895,480,0.9104166666666667,3.4055317566108534,3.3765848324524486,3.94921320677315,1.0,1.0234152724648142,-0.6989232345346869,0.7483661583395806
mango_population,popfold0,100900,GC-D,0.1,1,19,0.11807942390441895,144,0.7013888888888888,3.44139774761589,3.4199668203705933,7.27995742214804,1.0,1.5990070415210613,1.3157463089168244,0.9118162325375744
mango_population,popfold0,101900,GC-D,0.1,1,19,0.11807942390441895,80,0.9,3.478134774768667,3.456682283949273,4.326275577440258,1.0,1.1932446903075689,-0.9526109393321933,0.7231193253506206
mango_population,popfold0,102900,GC-D,0.1,1,19,0.11807942390441895,480,0.9333333333333333,3.773571499679158,3.534156308473821,4.069970756714778,1.0,0.9972945906233921,0.19838000593464633,0.9783844416381688
mango_population,popfold0,103000,GC-D,0.1,1,19,0.11807942390441895,552,0.9855072463768116,3.8651581595171307,3.6918911123844307,3.9836347330495916,1.0,0.8125043000150229,-0.2047716593130113,0.78699035755222
mango_population,popfold0,103109,GC-D,0.1,1,19,0.11807942390441895,360,0.9472222222222222,3.923552032889704,3.7331314036505674,4.6260876563884725,1.0,1.2566009022425626,0.7619209267087348,1.0006516517775499
mango_population,popfold0,103700,GC-D,0.1,1,19,0.11807942390441895,352,0.9772727272727273,3.3141715031768357,3.3011954563707535,3.4446655856500814,1.0,0.6824712928326742,-0.13443231945628675,0.6700526109234236
mango_population,popfold0,104700,GC-D,0.1,1,19,0.11807942390441895,880,0.9227272727272727,3.722112798851214,3.6660421654196567,4.068653182187983,1.0,1.0430710033376998,-0.34026012108581033,0.9865729676642828
mango_population,popfold0,106200,GC-D,0.1,1,19,0.11807942390441895,720,1.0,3.633564927177033,3.619739296554206,3.633564927177033,1.0,0.5750104766569636,0.11277616330811796,0.5642346612600326
mango_population,popfold0,107100,GC-D,0.1,1,19,0.11807942390441895,400,0.9875,3.374701060526261,3.3736834708537202,3.4192663282099085,1.0,0.7351796248180396,0.4010272452849772,0.6169422774628424
mango_population,popfold0,107203,GC-D,0.1,1,19,0.11807942390441895,216,1.0,4.090403451934505,4.046231347497832,4.090403451934505,1.0,0.6278293984859019,0.10476385172377035,0.620464816080379
mango_population,popfold0,107204,GC-D,0.1,1,19,0.11807942390441895,288,0.9652777777777778,3.623349845717104,3.59031332925189,3.9105800306943803,1.0,0.8418017380686391,0.40191415445536854,0.740946309554026
mango_population,popfold0,108600,GC-D,0.1,1,19,0.11807942390441895,400,0.995,3.4573769895361464,3.4425712115079055,3.469691434654564,1.0,0.6256385472425028,0.08936209505588166,0.6199991978028062
mango_population,popfold0,111100,GC-D,0.1,1,19,0.11807942390441895,239,0.99581589958159,3.3807924720267652,3.3336425683831763,3.385012965981503,1.0,0.7194126187287554,0.44483690691838507,0.5665843388191376
mango_population,popfold0,111400,GC-D,0.1,1,19,0.11807942390441895,400,0.8925,3.6615264346222807,3.6507420976936302,4.966874355599364,1.0,1.1825920029744834,0.08908033523036746,1.1807089919551113
mango_population,popfold0,111800,GC-D,0.1,1,19,0.11807942390441895,480,0.8895833333333333,3.634456824147852,3.629581202036829,4.6991719199896185,1.0,1.1512327106495859,0.14019214877239708,1.1438569696820824
mango_population,popfold0,112100,GC-D,0.1,1,19,0.11807942390441895,480,0.8208333333333333,3.885543143069066,3.9025760392797295,5.97931314682997,1.0,1.428501928466205,1.102742969113525,0.9090088867062402
mango_population,popfold0,112200,GC-D,0.1,1,19,0.11807942390441895,480,0.78125,4.071046330070712,4.08354565319776,7.538445801645557,1.0,1.5827685824749698,1.1052325007421304,1.134150471055772
mango_population,popfold0,112800,GC-D,0.1,1,19,0.11807942390441895,1600,0.473125,3.804476790481782,3.670142857260667,13.088032011123486,1.0,2.304719131999639,-2.020016915578956,1.1099693500966137
mango_population,popfold0,200300,GC-D,0.1,1,19,0.11807942390441895,304,0.9703947368421053,3.434443483704105,3.438212770910522,3.5522175820502215,1.0,0.7709850086554466,0.4274061755128324,0.6427291254337685
mango_population,popfold0,100100,GC-D2,0.1,1,19,0.12566542625427246,480,0.9083333333333333,3.3266694170141404,3.296726097934724,3.927336428520864,1.0,1.0234152724648142,-0.6989232345346869,0.7483661583395806
mango_population,popfold0,100900,GC-D2,0.1,1,19,0.12566542625427246,144,0.7152777777777778,3.5399766479055588,3.4851381339324368,7.229338276686456,1.0,1.5990070415210613,1.3157463089168244,0.9118162325375744
mango_population,popfold0,101900,GC-D2,0.1,1,19,0.12566542625427246,80,0.8875,3.4570419640820353,3.405132634377268,4.409509779670069,1.0,1.1932446903075689,-0.9526109393321933,0.7231193253506206
mango_population,popfold0,102900,GC-D2,0.1,1,19,0.12566542625427246,480,0.9166666666666666,3.6062963618459345,3.4036656218509176,4.000854069926392,1.0,0.9972945906233921,0.19838000593464633,0.9783844416381688
mango_population,popfold0,103000,GC-D2,0.1,1,19,0.12566542625427246,552,0.9764492753623188,3.6628596645807256,3.46469875846505,3.8842070431821596,1.0,0.8125043000150229,-0.2047716593130113,0.78699035755222
mango_population,popfold0,103109,GC-D2,0.1,1,19,0.12566542625427246,360,0.9416666666666667,3.6934708632355973,3.4690403443729902,4.25350883404907,1.0,1.2566009022425626,0.7619209267087348,1.0006516517775499
mango_population,popfold0,103700,GC-D2,0.1,1,19,0.12566542625427246,352,0.9772727272727273,3.3531136194362214,3.3208754086202186,3.5060542787259226,1.0,0.6824712928326742,-0.13443231945628675,0.6700526109234236
mango_population,popfold0,104700,GC-D2,0.1,1,19,0.12566542625427246,880,0.9272727272727272,3.8533271717412627,3.814683661052875,4.190978988789301,1.0,1.0430710033376998,-0.34026012108581033,0.9865729676642828
mango_population,popfold0,106200,GC-D2,0.1,1,19,0.12566542625427246,720,1.0,3.5047301542233575,3.496315121461805,3.5047301542233575,1.0,0.5750104766569636,0.11277616330811796,0.5642346612600326
mango_population,popfold0,107100,GC-D2,0.1,1,19,0.12566542625427246,400,0.9975,3.500234526157422,3.4834568011809486,3.5211490342054366,1.0,0.7351796248180396,0.4010272452849772,0.6169422774628424
mango_population,popfold0,107203,GC-D2,0.1,1,19,0.12566542625427246,216,1.0,3.801415216086578,3.777669744333732,3.801415216086578,1.0,0.6278293984859019,0.10476385172377035,0.620464816080379
mango_population,popfold0,107204,GC-D2,0.1,1,19,0.12566542625427246,288,0.96875,3.5506823608751383,3.549636298677311,3.7966764967821294,1.0,0.8418017380686391,0.40191415445536854,0.740946309554026
mango_population,popfold0,108600,GC-D2,0.1,1,19,0.12566542625427246,400,0.9875,3.4245476127860535,3.4157553258365,3.43232136315924,1.0,0.6256385472425028,0.08936209505588166,0.6199991978028062
mango_population,popfold0,111100,GC-D2,0.1,1,19,0.12566542625427246,239,1.0,3.5042560683736914,3.454721654053346,3.5042560683736914,1.0,0.7194126187287554,0.44483690691838507,0.5665843388191376
mango_population,popfold0,111400,GC-D2,0.1,1,19,0.12566542625427246,400,0.9125,3.828335266728362,3.783499690706707,4.836600360610064,1.0,1.1825920029744834,0.08908033523036746,1.1807089919551113
mango_population,popfold0,111800,GC-D2,0.1,1,19,0.12566542625427246,480,0.9104166666666667,3.8992609155417517,3.854477487524613,4.556808871740677,1.0,1.1512327106495859,0.14019214877239708,1.1438569696820824
mango_population,popfold0,112100,GC-D2,0.1,1,19,0.12566542625427246,480,0.86875,4.037236942054333,4.004617953371065,5.51067269492428,1.0,1.428501928466205,1.102742969113525,0.9090088867062402
mango_population,popfold0,112200,GC-D2,0.1,1,19,0.12566542625427246,480,0.8104166666666667,4.193085543214551,4.134442039638085,6.97693437048665,1.0,1.5827685824749698,1.1052325007421304,1.134150471055772
mango_population,popfold0,112800,GC-D2,0.1,1,19,0.12566542625427246,1600,0.445625,3.6164973951986665,3.5033021195935845,14.148440599384212,1.0,2.304719131999639,-2.020016915578956,1.1099693500966137
mango_population,popfold0,200300,GC-D2,0.1,1,19,0.12566542625427246,304,0.9671052631578947,3.3915757250465086,3.3898268701370027,3.5385210001018677,1.0,0.7709850086554466,0.4274061755128324,0.6427291254337685
mango_population,popfold0,100100,GC-CQR,0.1,1,19,65.27348017692566,480,0.9583333333333334,3.6737913819117627,3.609937269286063,3.85619919896675,1.0,1.0234152724648142,-0.6989232345346869,0.7483661583395806
mango_population,popfold0,100900,GC-CQR,0.1,1,19,65.27348017692566,144,0.9305555555555556,4.721439674329918,4.753115705266643,6.089752577789305,1.0,1.5990070415210613,1.3157463089168244,0.9118162325375744
mango_population,popfold0,101900,GC-CQR,0.1,1,19,65.27348017692566,80,0.9875,3.7259064195460057,3.662921988825201,3.7915428058823792,1.0,1.1932446903075689,-0.9526109393321933,0.7231193253506206
mango_population,popfold0,102900,GC-CQR,0.1,1,19,65.27348017692566,480,0.9291666666666667,4.06071882785144,3.8768417032310323,4.687922433551913,1.0,0.9972945906233921,0.19838000593464633,0.9783844416381688
mango_population,popfold0,103000,GC-CQR,0.1,1,19,65.27348017692566,552,0.9909420289855072,4.198120440400608,3.977028080344965,4.260092713556787,1.0,0.8125043000150229,-0.2047716593130113,0.78699035755222
mango_population,popfold0,103109,GC-CQR,0.1,1,19,65.27348017692566,360,0.8777777777777778,3.5957151343116567,3.536942454405943,4.717141408443999,1.0,1.2566009022425626,0.7619209267087348,1.0006516517775499
mango_population,popfold0,103700,GC-CQR,0.1,1,19,65.27348017692566,352,0.9971590909090909,3.830925363754146,3.7437461007070114,3.833474440668368,1.0,0.6824712928326742,-0.13443231945628675,0.6700526109234236
mango_population,popfold0,104700,GC-CQR,0.1,1,19,65.27348017692566,880,0.975,4.351206796060515,4.160465583729799,4.520697291928849,1.0,1.0430710033376998,-0.34026012108581033,0.9865729676642828
mango_population,popfold0,106200,GC-CQR,0.1,1,19,65.27348017692566,720,0.9444444444444444,3.804148571790466,3.7380685429333926,4.176109499871269,1.0,0.5750104766569636,0.11277616330811796,0.5642346612600326
mango_population,popfold0,107100,GC-CQR,0.1,1,19,65.27348017692566,400,0.995,3.6339254058556465,3.622013084585342,3.653919176174187,1.0,0.7351796248180396,0.4010272452849772,0.6169422774628424
mango_population,popfold0,107203,GC-CQR,0.1,1,19,65.27348017692566,216,0.9490740740740741,4.397684076822983,4.418662506448025,4.829125757290494,1.0,0.6278293984859019,0.10476385172377035,0.620464816080379
mango_population,popfold0,107204,GC-CQR,0.1,1,19,65.27348017692566,288,0.9340277777777778,3.2008471387322484,3.0174057924438227,3.6691660966917095,1.0,0.8418017380686391,0.40191415445536854,0.740946309554026
mango_population,popfold0,108600,GC-CQR,0.1,1,19,65.27348017692566,400,0.985,3.512724913698959,3.472356183234389,3.5614953285820463,1.0,0.6256385472425028,0.08936209505588166,0.6199991978028062
mango_population,popfold0,111100,GC-CQR,0.1,1,19,65.27348017692566,239,0.9832635983263598,3.342109724513447,3.3095119071576473,3.420340263358324,1.0,0.7194126187287554,0.44483690691838507,0.5665843388191376
mango_population,popfold0,111400,GC-CQR,0.1,1,19,65.27348017692566,400,0.93,3.5800767757700633,3.5510429757391186,4.232436914270944,1.0,1.1825920029744834,0.08908033523036746,1.1807089919551113
mango_population,popfold0,111800,GC-CQR,0.1,1,19,65.27348017692566,480,0.9229166666666667,3.689755595798894,3.586361412354327,4.0249549248006655,1.0,1.1512327106495859,0.14019214877239708,1.1438569696820824
mango_population,popfold0,112100,GC-CQR,0.1,1,19,65.27348017692566,480,0.9833333333333333,4.187322010821291,4.108526704848096,4.2478053258710435,1.0,1.428501928466205,1.102742969113525,0.9090088867062402
mango_population,popfold0,112200,GC-CQR,0.1,1,19,65.27348017692566,480,0.925,4.325221260208314,4.25109459595555,4.9813048672607145,1.0,1.5827685824749698,1.1052325007421304,1.134150471055772
mango_population,popfold0,112800,GC-CQR,0.1,1,19,65.27348017692566,1600,0.765,4.158385545487916,4.002789614832981,7.064598448125769,1.0,2.304719131999639,-2.020016915578956,1.1099693500966137
mango_population,popfold0,200300,GC-CQR,0.1,1,19,65.27348017692566,304,0.9638157894736842,3.491892424796776,3.487100646152327,3.679579175497044,1.0,0.7709850086554466,0.4274061755128324,0.6427291254337685
mango_population,popfold0,100100,CQR,0.1,1,19,6.216461181640625,480,0.9166666666666666,3.1365659426176475,3.080486940579667,3.6514970215834435,1.0,1.0234152724648142,-0.6989232345346869,0.7483661583395806
mango_population,popfold0,100900,CQR,0.1,1,19,6.216461181640625,144,0.9027777777777778,4.124178250402679,4.137516655514238,6.122276115446107,1.0,1.5990070415210613,1.3157463089168244,0.9118162325375744
mango_population,popfold0,101900,CQR,0.1,1,19,6.216461181640625,80,0.9625,3.2370784927294394,3.212997446623148,3.4770324363429452,1.0,1.1932446903075689,-0.9526109393321933,0.7231193253506206
mango_population,popfold0,102900,CQR,0.1,1,19,6.216461181640625,480,0.85625,3.600938109837817,3.387252547129332,4.539662147804478,1.0,0.9972945906233921,0.19838000593464633,0.9783844416381688
mango_population,popfold0,103000,CQR,0.1,1,19,6.216461181640625,552,0.9836956521739131,3.6795802798631283,3.5109755156767655,3.807775886850619,1.0,0.8125043000150229,-0.2047716593130113,0.78699035755222
mango_population,popfold0,103109,CQR,0.1,1,19,6.216461181640625,360,0.7361111111111112,2.982257436200929,2.8921825432270385,4.926133958939162,1.0,1.2566009022425626,0.7619209267087348,1.0006516517775499
mango_population,popfold0,103700,CQR,0.1,1,19,6.216461181640625,352,0.9772727272727273,3.261336091041005,3.2298492336776876,3.3467779399411195,1.0,0.6824712928326742,-0.13443231945628675,0.6700526109234236
mango_population,popfold0,104700,CQR,0.1,1,19,6.216461181640625,880,0.9420454545454545,3.8561700783082777,3.6614981733182237,4.2476272086555635,1.0,1.0430710033376998,-0.34026012108581033,0.9865729676642828
mango_population,popfold0,106200,CQR,0.1,1,19,6.216461181640625,720,0.8555555555555555,3.2216786515457185,3.1616240993471694,4.48154997657945,1.0,0.5750104766569636,0.11277616330811796,0.5642346612600326
mango_population,popfold0,107100,CQR,0.1,1,19,6.216461181640625,400,0.95,3.0237489049330883,3.006978908632238,3.2399540288826016,1.0,0.7351796248180396,0.4010272452849772,0.6169422774628424
mango_population,popfold0,107203,CQR,0.1,1,19,6.216461181640625,216,0.8425925925925926,3.725149839385106,3.6874765331874233,5.030977739802599,1.0,0.6278293984859019,0.10476385172377035,0.620464816080379
mango_population,popfold0,107204,CQR,0.1,1,19,6.216461181640625,288,0.8958333333333334,2.68606853375593,2.491973096067265,3.6044425745413062,1.0,0.8418017380686391,0.40191415445536854,0.740946309554026
mango_population,popfold0,108600,CQR,0.1,1,19,6.216461181640625,400,0.9725,2.986715995508315,2.9448107642520664,3.1824161155569124,1.0,0.6256385472425028,0.08936209505588166,0.6199991978028062
mango_population,popfold0,111100,CQR,0.1,1,19,6.216461181640625,239,0.9539748953974896,2.8524629530835335,2.7371316349043475,3.0603495636505604,1.0,0.7194126187287554,0.44483690691838507,0.5665843388191376
mango_population,popfold0,111400,CQR,0.1,1,19,6.216461181640625,400,0.85,3.0159938160765445,2.987165013620279,4.281344774144165,1.0,1.1825920029744834,0.08908033523036746,1.1807089919551113
mango_population,popfold0,111800,CQR,0.1,1,19,6.216461181640625,480,0.8416666666666667,3.1440286574661163,3.0431869434278536,4.233007123534091,1.0,1.1512327106495859,0.14019214877239708,1.1438569696820824
mango_population,popfold0,112100,CQR,0.1,1,19,6.216461181640625,480,0.9645833333333333,3.867618746047435,3.8587051320457357,4.007720909457869,1.0,1.428501928466205,1.102742969113525,0.9090088867062402
mango_population,popfold0,112200,CQR,0.1,1,19,6.216461181640625,480,0.9125,4.017581761427393,3.9637112885194643,5.073512244506109,1.0,1.5827685824749698,1.1052325007421304,1.134150471055772
mango_population,popfold0,112800,CQR,0.1,1,19,6.216461181640625,1600,0.691875,3.6632731330112254,3.514053094560924,7.9325183308125675,1.0,2.304719131999639,-2.020016915578956,1.1099693500966137
mango_population,popfold0,200300,CQR,0.1,1,19,6.216461181640625,304,0.9539473684210527,2.9862815555190636,2.9612415878434657,3.2661994023870724,1.0,0.7709850086554466,0.4274061755128324,0.6427291254337685
mango_population,popfold0,100100,SCP,0.1,1,19,0.00036215782165527344,480,0.8979166666666667,3.3731518125485205,3.373151812548521,3.982655145921342,1.0,1.0234152724648142,-0.6989232345346869,0.7483661583395806
mango_population,popfold0,100900,SCP,0.1,1,19,0.00036215782165527344,144,0.7083333333333334,3.373151812548521,3.373151812548521,7.193425009005243,1.0,1.5990070415210613,1.3157463089168244,0.9118162325375744
mango_population,popfold0,101900,SCP,0.1,1,19,0.00036215782165527344,80,0.8625,3.373151812548521,3.373151812548521,4.412361397411826,1.0,1.1932446903075689,-0.9526109393321933,0.7231193253506206
mango_population,popfold0,102900,SCP,0.1,1,19,0.00036215782165527344,480,0.9,3.373151812548521,3.373151812548521,3.876113745539708,1.0,0.9972945906233921,0.19838000593464633,0.9783844416381688
mango_population,popfold0,103000,SCP,0.1,1,19,0.00036215782165527344,552,0.9637681159420289,3.373151812548521,3.373151812548521,3.741958502089572,1.0,0.8125043000150229,-0.2047716593130113,0.78699035755222
mango_population,popfold0,103109,SCP,0.1,1,19,0.00036215782165527344,360,0.8833333333333333,3.373151812548521,3.373151812548521,6.268286567002975,1.0,1.2566009022425626,0.7619209267087348,1.0006516517775499
mango_population,popfold0,103700,SCP,0.1,1,19,0.00036215782165527344,352,0.9772727272727273,3.3731518125485205,3.373151812548521,3.483537347478636,1.0,0.6824712928326742,-0.13443231945628675,0.6700526109234236
mango_population,popfold0,104700,SCP,0.1,1,19,0.00036215782165527344,880,0.8761363636363636,3.373151812548521,3.373151812548521,4.0814400958104,1.0,1.0430710033376998,-0.34026012108581033,0.9865729676642828
mango_population,popfold0,106200,SCP,0.1,1,19,0.00036215782165527344,720,0.9986111111111111,3.373151812548521,3.373151812548521,3.3787788877136613,1.0,0.5750104766569636,0.11277616330811796,0.5642346612600326
mango_population,popfold0,107100,SCP,0.1,1,19,0.00036215782165527344,400,0.9875,3.3731518125485205,3.373151812548521,3.4448149692666177,1.0,0.7351796248180396,0.4010272452849772,0.6169422774628424
mango_population,popfold0,107203,SCP,0.1,1,19,0.00036215782165527344,216,0.9953703703703703,3.3731518125485214,3.373151812548521,3.384259282543144,1.0,0.6278293984859019,0.10476385172377035,0.620464816080379
mango_population,popfold0,107204,SCP,0.1,1,19,0.00036215782165527344,288,0.9409722222222222,3.373151812548521,3.373151812548521,3.7681172486262517,1.0,0.8418017380686391,0.40191415445536854,0.740946309554026
mango_population,popfold0,108600,SCP,0.1,1,19,0.00036215782165527344,400,0.9925,3.3731518125485205,3.373151812548521,3.3945080186889767,1.0,0.6256385472425028,0.08936209505588166,0.6199991978028062
mango_population,popfold0,111100,SCP,0.1,1,19,0.00036215782165527344,239,0.9874476987447699,3.3731518125485214,3.373151812548521,3.3855018265606924,1.0,0.7194126187287554,0.44483690691838507,0.5665843388191376
mango_population,popfold0,111400,SCP,0.1,1,19,0.00036215782165527344,400,0.87,3.3731518125485205,3.373151812548521,5.048230772358545,1.0,1.1825920029744834,0.08908033523036746,1.1807089919551113
mango_population,popfold0,111800,SCP,0.1,1,19,0.00036215782165527344,480,0.875,3.373151812548521,3.373151812548521,4.81129674744133,1.0,1.1512327106495859,0.14019214877239708,1.1438569696820824
mango_population,popfold0,112100,SCP,0.1,1,19,0.00036215782165527344,480,0.75,3.373151812548521,3.373151812548521,6.0745138528023235,1.0,1.428501928466205,1.102742969113525,0.9090088867062402
mango_population,popfold0,112200,SCP,0.1,1,19,0.00036215782165527344,480,0.70625,3.3731518125485205,3.373151812548521,8.074472174009436,1.0,1.5827685824749698,1.1052325007421304,1.134150471055772
mango_population,popfold0,112800,SCP,0.1,1,19,0.00036215782165527344,1600,0.423125,3.3731518125485205,3.373151812548521,15.398535874067301,1.0,2.304719131999639,-2.020016915578956,1.1099693500966137
mango_population,popfold0,200300,SCP,0.1,1,19,0.00036215782165527344,304,0.9671052631578947,3.3731518125485214,3.373151812548521,3.5226491736070664,1.0,0.7709850086554466,0.4274061755128324,0.6427291254337685
mango_population,popfold1,101000,GC-D,0.1,1,19,0.1241309642791748,1200,0.9541666666666667,3.6186900065614425,3.6016994366983015,3.9801030264250055,1.0,0.9052899670049207,-0.35339137615324795,0.8338128264054124
mango_population,popfold1,101800,GC-D,0.1,1,19,0.1241309642791748,80,0.975,3.5786566933202444,3.557341968060549,3.677630472945695,1.0,0.8436818256172763,0.6692158157657222,0.5170012999086753
mango_population,popfold1,102000,GC-D,0.1,1,19,0.1241309642791748,80,0.9375,3.874225219823754,3.873580071987944,4.432519085367178,1.0,1.1515619660913878,-0.9227497373271092,0.693279043322303
mango_population,popfold1,102502,GC-D,0.1,1,19,0.1241309642791748,200,0.99,3.7355760548227646,3.7297657198108958,3.7654068035504236,1.0,0.7303865939384332,0.08839443769769051,0.7268373011208201
mango_population,popfold1,102800,GC-D,0.1,1,19,0.1241309642791748,368,0.845108695652174,3.522595122823326,3.524195558494844,4.660314212271969,1.0,1.1673984691606238,0.21925870278997103,1.1481843135872474
mango_population,popfold1,103101,GC-D,0.1,1,19,0.1241309642791748,480,1.0,3.6061547329337666,3.6735667525450992,3.6061547329337666,1.0,0.5827739722577921,0.15868343552955408,0.5613390522257773
mango_population,popfold1,104400,GC-D,0.1,1,19,0.1241309642791748,38,0.7368421052631579,3.7831062681209655,3.773063616336028,8.087270801948593,1.0,1.7964283811557544,-1.2459426527755189,1.3115053215771346
mango_population,popfold1,104900,GC-D,0.1,1,19,0.1241309642791748,400,0.995,3.563671927378274,3.5688479733837752,3.5700604600190666,1.0,0.6447105308485133,0.23338492082197132,0.6017377902712238
mango_population,popfold1,105600,GC-D,0.1,1,19,0.1241309642791748,240,0.9916666666666667,3.60120022296841,3.591728632226175,3.634837067387549,1.0,0.524321760811334,-0.1899228378008675,0.4897366292888895
mango_population,popfold1,107201,GC-D,0.1,1,19,0.1241309642791748,320,0.9125,3.667480399888391,3.636902470168966,4.23913421742863,1.0,1.0889692356891743,-0.6467636610223249,0.8774718675280485
mango_population,popfold1,107300,GC-D,0.1,1,19,0.1241309642791748,1056,0.9744318181818182,3.7318098460680726,3.7346679138280106,3.8828179468733155,1.0,1.0033967447332417,0.8142456551919591,0.5866301438628767
mango_population,popfold1,107800,GC-D,0.1,1,19,0.1241309642791748,400,0.8625,3.7943563365279886,3.7392481054137976,5.36709226113549,1.0,1.2100615737907083,-0.7650472296696926,0.9386983729227907
mango_population,popfold1,109400,GC-D,0.1,1,19,0.1241309642791748,400,0.985,3.75805054191285,3.717962875702824,3.8461445086390267,1.0,0.7319622619321026,-0.22663242874128536,0.6968647978638616
mango_population,popfold1,110600,GC-D,0.1,1,19,0.1241309642791748,648,0.9922839506172839,3.768646726772096,3.7532097700834424,3.806456222398943,1.0,0.8549334147903345,-0.25897271307666225,0.8153958008470081
mango_population,popfold1,111202,GC-D,0.1,1,19,0.1241309642791748,632,0.9256329113924051,3.8268071663052816,3.865090201123598,4.370002711436479,1.0,1.300251343863938,1.0884967350159018,0.7117794917652335
mango_population,popfold1,112500,GC-D,0.1,1,19,0.1241309642791748,448,0.921875,3.6850394517535134,3.6416697943122873,4.25598894199958,1.0,1.0236460062188004,0.5332634289855432,0.874750977778618
mango_population,popfold1,112600,GC-D,0.1,1,19,0.1241309642791748,616,0.8262987012987013,3.964701251952386,3.9190473682390117,6.690065905079127,1.0,1.5341524687385883,0.9677475721888631,1.19138266006133
mango_population,popfold1,113200,GC-D,0.1,1,19,0.1241309642791748,120,1.0,3.690991950923578,3.693130207840997,3.690991950923578,1.0,0.7572316168925898,-0.01838173416043807,0.7601825301402559
mango_population,popfold1,113600,GC-D,0.1,1,19,0.1241309642791748,112,0.9285714285714286,3.770368378267114,3.8243040032678977,4.090597956313243,1.0,0.9498612744403184,0.5339268431707503,0.7891251826621675
mango_population,popfold1,200600,GC-D,0.1,1,19,0.1241309642791748,200,0.835,3.780400268531298,3.782723437667042,5.480825431968139,1.0,1.3133834488782692,0.8089695785238104,1.0372675278984433
mango_population,popfold1,101000,GC-D2,0.1,1,19,0.13289952278137207,1200,0.9708333333333333,3.8491167769233052,3.818993107330539,4.052302220862748,1.0,0.9052899670049207,-0.35339137615324795,0.8338128264054124
mango_population,popfold1,101800,GC-D2,0.1,1,19,0.13289952278137207,80,0.975,3.409324768774128,3.405302561103304,3.5483045832285027,1.0,0.8436818256172763,0.6692158157657222,0.5170012999086753
mango_population,popfold1,102000,GC-D2,0.1,1,19,0.13289952278137207,80,0.925,3.884372089096017,3.86548779295211,4.535144492257709,1.0,1.1515619660913878,-0.9227497373271092,0.693279043322303
mango_population,popfold1,102502,GC-D2,0.1,1,19,0.13289952278137207,200,0.975,3.4928690528773654,3.493392729704638,3.564416345971536,1.0,0.7303865939384332,0.08839443769769051,0.7268373011208201
mango_population,popfold1,102800,GC-D2,0.1,1,19,0.13289952278137207,368,0.8315217391304348,3.3452489405254493,3.344574316643669,4.761467915335531,1.0,1.1673984691606238,0.21925870278997103,1.1481843135872474
mango_population,popfold1,103101,GC-D2,0.1,1,19,0.13289952278137207,480,1.0,3.6831911744186736,3.739512155180507,3.6831911744186736,1.0,0.5827739722577921,0.15868343552955408,0.5613390522257773
mango_population,popfold1,104400,GC-D2,0.1,1,19,0.13289952278137207,38,0.7894736842105263,4.052689121631284,4.0854202388584655,8.281023014624951,1.0,1.7964283811557544,-1.2459426527755189,1.3115053215771346
mango_population,popfold1,104900,GC-D2,0.1,1,19,0.13289952278137207,400,0.995,3.4720692230751466,3.4787593445618796,3.476620536256998,1.0,0.6447105308485133,0.23338492082197132,0.6017377902712238
mango_population,popfold1,105600,GC-D2,0.1,1,19,0.13289952278137207,240,0.9958333333333333,3.6954101515233604,3.651859911831817,3.7228000240294308,1.0,0.524321760811334,-0.1899228378008675,0.4897366292888895
mango_population,popfold1,107201,GC-D2,0.1,1,19,0.13289952278137207,320,0.9125,3.598924642963079,3.610222562607884,4.223081981458826,1.0,1.0889692356891743,-0.6467636610223249,0.8774718675280485
mango_population,popfold1,107300,GC-D2,0.1,1,19,0.13289952278137207,1056,0.9460227272727273,3.423986275653256,3.396890236015743,3.716017686900388,1.0,1.0033967447332417,0.8142456551919591,0.5866301438628767
mango_population,popfold1,107800,GC-D2,0.1,1,19,0.13289952278137207,400,0.8625,3.9470517792139233,3.9031950186098205,5.514661769979097,1.0,1.2100615737907083,-0.7650472296696926,0.9386983729227907
mango_population,popfold1,109400,GC-D2,0.1,1,19,0.13289952278137207,400,0.9875,3.987652800393297,3.987740594993533,4.05843591438935,1.0,0.7319622619321026,-0.22663242874128536,0.6968647978638616
mango_population,popfold1,110600,GC-D2,0.1,1,19,0.13289952278137207,648,0.9753086419753086,3.4296310387511046,3.4317254157091046,3.535263376121641,1.0,0.8549334147903345,-0.25897271307666225,0.8153958008470081
mango_population,popfold1,111202,GC-D2,0.1,1,19,0.13289952278137207,632,0.884493670886076,3.6931958949437127,3.7616651689573377,4.452021756399024,1.0,1.300251343863938,1.0884967350159018,0.7117794917652335
mango_population,popfold1,112500,GC-D2,0.1,1,19,0.13289952278137207,448,0.9151785714285714,3.721004397659651,3.665875754837618,4.289586729378388,1.0,1.0236460062188004,0.5332634289855432,0.874750977778618
mango_population,popfold1,112600,GC-D2,0.1,1,19,0.13289952278137207,616,0.7840909090909091,3.8501300643867076,3.8185193639672645,7.386354047976567,1.0,1.5341524687385883,0.9677475721888631,1.19138266006133
mango_population,popfold1,113200,GC-D2,0.1,1,19,0.13289952278137207,120,1.0,3.6442537551488656,3.621230614149164,3.6442537551488656,1.0,0.7572316168925898,-0.01838173416043807,0.7601825301402559
mango_population,popfold1,113600,GC-D2,0.1,1,19,0.13289952278137207,112,0.9107142857142857,3.47067881986619,3.53203689267015,3.9355046908753266,1.0,0.9498612744403184,0.5339268431707503,0.7891251826621675
mango_population,popfold1,200600,GC-D2,0.1,1,19,0.13289952278137207,200,0.875,4.219805384731074,4.244584869394309,5.417517297360905,1.0,1.3133834488782692,0.8089695785238104,1.0372675278984433
mango_population,popfold1,101000,GC-CQR,0.1,1,19,66.86125183105469,1200,0.9225,3.9636485552931275,3.9486126081859343,4.702633007802068,1.0,0.9052899670049207,-0.35339137615324795,0.8338128264054124
mango_population,popfold1,101800,GC-CQR,0.1,1,19,66.86125183105469,80,0.975,4.01781341861802,4.034281957826802,4.0807013103673855,1.0,0.8436818256172763,0.6692158157657222,0.5170012999086753
mango_population,popfold1,102000,GC-CQR,0.1,1,19,66.86125183105469,80,1.0,3.797132260878107,3.85284373502076,3.797132260878107,1.0,1.1515619660913878,-0.9227497373271092,0.693279043322303
mango_population,popfold1,102502,GC-CQR,0.1,1,19,66.86125183105469,200,0.99,3.805454822637563,3.804050687698786,3.826480612393506,1.0,0.7303865939384332,0.08839443769769051,0.7268373011208201
mango_population,popfold1,102800,GC-CQR,0.1,1,19,66.86125183105469,368,0.9646739130434783,4.250355667619111,4.216827679712573,4.435125473898125,1.0,1.1673984691606238,0.21925870278997103,1.1481843135872474
mango_population,popfold1,103101,GC-CQR,0.1,1,19,66.86125183105469,480,1.0,3.5702170686039443,3.5768916432814537,3.5702170686039443,1.0,0.5827739722577921,0.15868343552955408,0.5613390522257773
mango_population,popfold1,104400,GC-CQR,0.1,1,19,66.86125183105469,38,0.8947368421052632,4.035140288959616,3.9465243050460783,6.880536044889335,1.0,1.7964283811557544,-1.2459426527755189,1.3115053215771346
mango_population,popfold1,104900,GC-CQR,0.1,1,19,66.86125183105469,400,0.9925,3.8974788596446364,3.8811483217883156,3.956529076596168,1.0,0.6447105308485133,0.23338492082197132,0.6017377902712238
mango_population,popfold1,105600,GC-CQR,0.1,1,19,66.86125183105469,240,0.9875,3.7773057337724367,3.6758952779282232,3.8310946020581906,1.0,0.524321760811334,-0.1899228378008675,0.4897366292888895
mango_population,popfold1,107201,GC-CQR,0.1,1,19,66.86125183105469,320,0.940625,3.335673695214615,3.2459726705301835,3.5955665913868264,1.0,1.0889692356891743,-0.6467636610223249,0.8774718675280485
mango_population,popfold1,107300,GC-CQR,0.1,1,19,66.86125183105469,1056,0.9403409090909091,4.114912920830401,4.169838911724424,4.480934132628152,1.0,1.0033967447332417,0.8142456551919591,0.5866301438628767
mango_population,popfold1,107800,GC-CQR,0.1,1,19,66.86125183105469,400,0.92,3.778336784579653,3.583636188289658,4.244250193389455,1.0,1.2100615737907083,-0.7650472296696926,0.9386983729227907
mango_population,popfold1,109400,GC-CQR,0.1,1,19,66.86125183105469,400,0.9425,3.6515478660140728,3.622029653546087,4.051025813236176,1.0,0.7319622619321026,-0.22663242874128536,0.6968647978638616
mango_population,popfold1,110600,GC-CQR,0.1,1,19,66.86125183105469,648,0.9922839506172839,4.265245785610282,4.2729906267979905,4.281275646437181,1.0,0.8549334147903345,-0.25897271307666225,0.8153958008470081
mango_population,popfold1,111202,GC-CQR,0.1,1,19,66.86125183105469,632,0.8924050632911392,3.8163876762238282,3.716956024501682,4.585316217434988,1.0,1.300251343863938,1.0884967350159018,0.7117794917652335
mango_population,popfold1,112500,GC-CQR,0.1,1,19,66.86125183105469,448,0.9375,3.64517071446236,3.5615165408192375,4.105711165743104,1.0,1.0236460062188004,0.5332634289855432,0.874750977778618
mango_population,popfold1,112600,GC-CQR,0.1,1,19,66.86125183105469,616,0.672077922077922,4.069518343797512,3.9900940567034278,14.12241309282689,1.0,1.5341524687385883,0.9677475721888631,1.19138266006133
mango_population,popfold1,113200,GC-CQR,0.1,1,19,66.86125183105469,120,0.975,3.210365445516461,3.1627080090499655,3.332039247509554,1.0,0.7572316168925898,-0.01838173416043807,0.7601825301402559
mango_population,popfold1,113600,GC-CQR,0.1,1,19,66.86125183105469,112,0.7321428571428571,4.430512382894728,4.419752534587831,8.61250478138862,1.0,0.9498612744403184,0.5339268431707503,0.7891251826621675
mango_population,popfold1,200600,GC-CQR,0.1,1,19,66.86125183105469,200,0.945,4.313951077690295,4.141781133625802,4.735762170737596,1.0,1.3133834488782692,0.8089695785238104,1.0372675278984433
mango_population,popfold1,101000,CQR,0.1,1,19,6.710848331451416,1200,0.8516666666666667,3.459238067844913,3.4079484046721973,4.910388396073244,1.0,0.9052899670049207,-0.35339137615324795,0.8338128264054124
mango_population,popfold1,101800,CQR,0.1,1,19,6.710848331451416,80,0.9375,3.5168927759163373,3.442366386923597,3.8105036930485596,1.0,0.8436818256172763,0.6692158157657222,0.5170012999086753
mango_population,popfold1,102000,CQR,0.1,1,19,6.710848331451416,80,0.925,3.285981186329347,3.281043427221044,3.533126665175773,1.0,1.1515619660913878,-0.9227497373271092,0.693279043322303
mango_population,popfold1,102502,CQR,0.1,1,19,6.710848331451416,200,0.92,3.2306349085396744,3.24665319994398,3.479212116322793,1.0,0.7303865939384332,0.08839443769769051,0.7268373011208201
mango_population,popfold1,102800,CQR,0.1,1,19,6.710848331451416,368,0.907608695652174,3.759189388701631,3.7370935048272447,4.344067287184543,1.0,1.1673984691606238,0.21925870278997103,1.1481843135872474
mango_population,popfold1,103101,CQR,0.1,1,19,6.710848331451416,480,0.9916666666666667,3.032861351711875,3.0544405899775704,3.0472065773291055,1.0,0.5827739722577921,0.15868343552955408,0.5613390522257773
mango_population,popfold1,104400,CQR,0.1,1,19,6.710848331451416,38,0.7894736842105263,3.611000351908443,3.6716469545475077,6.635918094151013,1.0,1.7964283811557544,-1.2459426527755189,1.3115053215771346
mango_population,popfold1,104900,CQR,0.1,1,19,6.710848331451416,400,0.9775,3.363576588374998,3.3117749513198964,3.5098870808585234,1.0,0.6447105308485133,0.23338492082197132,0.6017377902712238
mango_population,popfold1,105600,CQR,0.1,1,19,6.710848331451416,240,0.9833333333333333,3.30066894395657,3.168634600234114,3.3720010519621564,1.0,0.524321760811334,-0.1899228378008675,0.4897366292888895
mango_population,popfold1,107201,CQR,0.1,1,19,6.710848331451416,320,0.840625,2.843213436906782,2.737860187108045,3.731682205439447,1.0,1.0889692356891743,-0.6467636610223249,0.8774718675280485
mango_population,popfold1,107300,CQR,0.1,1,19,6.710848331451416,1056,0.8428030303030303,3.633368191393571,3.635817305175615,4.743934115292517,1.0,1.0033967447332417,0.8142456551919591,0.5866301438628767
mango_population,popfold1,107800,CQR,0.1,1,19,6.710848331451416,400,0.8475,3.2368896823589726,3.122629134694435,4.9261714319330645,1.0,1.2100615737907083,-0.7650472296696926,0.9386983729227907
mango_population,popfold1,109400,CQR,0.1,1,19,6.710848331451416,400,0.87,3.0888950347152773,3.0393913457541233,4.280009258793919,1.0,0.7319622619321026,-0.22663242874128536,0.6968647978638616
mango_population,popfold1,110600,CQR,0.1,1,19,6.710848331451416,648,0.9799382716049383,3.8088460147369383,3.792782090929239,3.885644338513684,1.0,0.8549334147903345,-0.25897271307666225,0.8153958008470081
mango_population,popfold1,111202,CQR,0.1,1,19,6.710848331451416,632,0.7784810126582279,3.356852847879315,3.2668032618665466,5.101081892124922,1.0,1.300251343863938,1.0884967350159018,0.7117794917652335
mango_population,popfold1,112500,CQR,0.1,1,19,6.710848331451416,448,0.8526785714285714,3.0763459410930527,3.007328677873736,4.182574411748435,1.0,1.0236460062188004,0.5332634289855432,0.874750977778618
mango_population,popfold1,112600,CQR,0.1,1,19,6.710848331451416,616,0.5925324675324676,3.5442781493516398,3.4543585896597664,16.3776529435111,1.0,1.5341524687385883,0.9677475721888631,1.19138266006133
mango_population,popfold1,113200,CQR,0.1,1,19,6.710848331451416,120,0.925,2.6941671031595082,2.730814394109032,3.209121622824358,1.0,0.7572316168925898,-0.01838173416043807,0.7601825301402559
mango_population,popfold1,113600,CQR,0.1,1,19,6.710848331451416,112,0.6428571428571429,3.7594864516768376,3.783998710145867,10.041355402065514,1.0,0.9498612744403184,0.5339268431707503,0.7891251826621675
mango_population,popfold1,200600,CQR,0.1,1,19,6.710848331451416,200,0.85,3.557993644366207,3.311782021747451,4.848548839895792,1.0,1.3133834488782692,0.8089695785238104,1.0372675278984433
mango_population,popfold1,101000,SCP,0.1,1,19,0.00041365623474121094,1200,0.9458333333333333,3.547741289237969,3.547741289237969,3.9983730371883,1.0,0.9052899670049207,-0.35339137615324795,0.8338128264054124
mango_population,popfold1,101800,SCP,0.1,1,19,0.00041365623474121094,80,0.9875,3.547741289237969,3.547741289237969,3.6545684297101757,1.0,0.8436818256172763,0.6692158157657222,0.5170012999086753
mango_population,popfold1,102000,SCP,0.1,1,19,0.00041365623474121094,80,0.9,3.547741289237969,3.547741289237969,4.388360108932517,1.0,1.1515619660913878,-0.9227497373271092,0.693279043322303
mango_population,popfold1,102502,SCP,0.1,1,19,0.00041365623474121094,200,0.98,3.5477412892379694,3.547741289237969,3.6182394100065993,1.0,0.7303865939384332,0.08839443769769051,0.7268373011208201
mango_population,popfold1,102800,SCP,0.1,1,19,0.00041365623474121094,368,0.8478260869565217,3.5477412892379694,3.547741289237969,4.727803770546985,1.0,1.1673984691606238,0.21925870278997103,1.1481843135872474
mango_population,popfold1,103101,SCP,0.1,1,19,0.00041365623474121094,480,1.0,3.5477412892379694,3.547741289237969,3.5477412892379694,1.0,0.5827739722577921,0.15868343552955408,0.5613390522257773
mango_population,popfold1,104400,SCP,0.1,1,19,0.00041365623474121094,38,0.6842105263157895,3.5477412892379676,3.547741289237969,8.646427281895319,1.0,1.7964283811557544,-1.2459426527755189,1.3115053215771346
mango_population,popfold1,104900,SCP,0.1,1,19,0.00041365623474121094,400,0.9925,3.5477412892379685,3.547741289237969,3.5635503993268505,1.0,0.6447105308485133,0.23338492082197132,0.6017377902712238
mango_population,popfold1,105600,SCP,0.1,1,19,0.00041365623474121094,240,0.9916666666666667,3.547741289237969,3.547741289237969,3.579381005435741,1.0,0.524321760811334,-0.1899228378008675,0.4897366292888895
mango_population,popfold1,107201,SCP,0.1,1,19,0.00041365623474121094,320,0.90625,3.547741289237969,3.547741289237969,4.281635500669284,1.0,1.0889692356891743,-0.6467636610223249,0.8774718675280485
mango_population,popfold1,107300,SCP,0.1,1,19,0.00041365623474121094,1056,0.9517045454545454,3.547741289237969,3.547741289237969,3.828270226632135,1.0,1.0033967447332417,0.8142456551919591,0.5866301438628767
mango_population,popfold1,107800,SCP,0.1,1,19,0.00041365623474121094,400,0.8425,3.5477412892379685,3.547741289237969,5.661166253761813,1.0,1.2100615737907083,-0.7650472296696926,0.9386983729227907
mango_population,popfold1,109400,SCP,0.1,1,19,0.00041365623474121094,400,0.985,3.5477412892379685,3.547741289237969,3.6553099201252426,1.0,0.7319622619321026,-0.22663242874128536,0.6968647978638616
mango_population,popfold1,110600,SCP,0.1,1,19,0.00041365623474121094,648,0.9722222222222222,3.5477412892379685,3.547741289237969,3.674886181347013,1.0,0.8549334147903345,-0.25897271307666225,0.8153958008470081
mango_population,popfold1,111202,SCP,0.1,1,19,0.00041365623474121094,632,0.8670886075949367,3.5477412892379694,3.547741289237969,4.4160478147475235,1.0,1.300251343863938,1.0884967350159018,0.7117794917652335
mango_population,popfold1,112500,SCP,0.1,1,19,0.00041365623474121094,448,0.8995535714285714,3.547741289237969,3.547741289237969,4.342511488333575,1.0,1.0236460062188004,0.5332634289855432,0.874750977778618
mango_population,popfold1,112600,SCP,0.1,1,19,0.00041365623474121094,616,0.7516233766233766,3.547741289237969,3.547741289237969,7.867791808458331,1.0,1.5341524687385883,0.9677475721888631,1.19138266006133
mango_population,popfold1,113200,SCP,0.1,1,19,0.00041365623474121094,120,1.0,3.5477412892379685,3.547741289237969,3.5477412892379685,1.0,0.7572316168925898,-0.01838173416043807,0.7601825301402559
mango_population,popfold1,113600,SCP,0.1,1,19,0.00041365623474121094,112,0.9285714285714286,3.547741289237969,3.547741289237969,4.0659990465861195,1.0,0.9498612744403184,0.5339268431707503,0.7891251826621675
mango_population,popfold1,200600,SCP,0.1,1,19,0.00041365623474121094,200,0.81,3.5477412892379685,3.547741289237969,5.785849671497925,1.0,1.3133834488782692,0.8089695785238104,1.0372675278984433
mango_population,popfold2,100400,GC-D,0.1,1,19,0.15388131141662598,1440,0.7041666666666667,3.5806999440964447,3.5867184796244347,9.239413894801485,1.0,1.7515905360062949,-1.0058740858447803,1.4344740145739163
mango_population,popfold2,100600,GC-D,0.1,1,19,0.15388131141662598,1557,0.40976236351958895,3.5185886906051884,3.5029459099669324,12.200854563888457,1.0,2.0894513009823297,1.7843970479542086,1.0874251162842123
mango_population,popfold2,101200,GC-D,0.1,1,19,0.15388131141662598,1439,0.8485059068797777,3.5084334962369024,3.509085867013326,4.6018281100737335,1.0,1.210620636507376,-0.63026855337262,1.0339762218746975
mango_population,popfold2,103106,GC-D,0.1,1,19,0.15388131141662598,560,0.9232142857142858,3.5189773243920617,3.4459459758758504,3.963455120847592,1.0,0.9892148963665828,-0.5432782475293787,0.8274160912170884
mango_population,popfold2,103800,GC-D,0.1,1,19,0.15388131141662598,320,0.78125,3.2974167134235444,3.2778347536420407,4.93063915440933,1.0,1.293366693960918,-1.1002194731499482,0.6810020394642949
mango_population,popfold2,104600,GC-D,0.1,1,19,0.15388131141662598,616,0.8636363636363636,3.653692849390173,3.6535672326624313,4.472124468022068,1.0,1.246336225258088,1.0906468551462078,0.6036845526211824
mango_population,popfold2,105200,GC-D,0.1,1,19,0.15388131141662598,478,0.6213389121338913,3.4917110575296473,3.4265139826521676,7.477211684890954,1.0,1.6413702808480817,1.3489151153175964,0.9361398373253066
mango_population,popfold2,105300,GC-D,0.1,1,19,0.15388131141662598,320,0.940625,3.4271074390801197,3.417949796903537,5.201604529143836,1.0,1.147190352532794,0.7395758256245039,0.8783417280270986
mango_population,popfold2,107200,GC-D,0.1,1,19,0.15388131141662598,400,0.9875,3.4157150336216775,3.3636665308103186,3.4792711146268154,1.0,0.6004948651513812,-0.11201120173269469,0.5906943993666953
mango_population,popfold2,107202,GC-D,0.1,1,19,0.15388131141662598,288,0.96875,3.6958929530337437,3.6735702365308285,3.962140070036683,1.0,0.9365187319933721,-0.2966818189385055,0.8898294933204768
mango_population,popfold2,108300,GC-D,0.1,1,19,0.15388131141662598,400,0.925,3.640471359491495,3.673886967930013,3.922957089003037,1.0,1.0334610040387322,-0.7143574124012378,0.7477519419117106
mango_population,popfold2,109500,GC-D,0.1,1,19,0.15388131141662598,880,0.9965909090909091,3.6766756200124466,3.6409175536327183,3.6863192744722135,1.0,0.6257910482417353,0.1470779007049371,0.6086077884680146
mango_population,popfold2,109700,GC-D,0.1,1,19,0.15388131141662598,312,0.9583333333333334,3.488240682999744,3.4068058791411886,4.762394024818784,1.0,1.0189926609789537,0.36782717817928867,0.9518155836773344
mango_population,popfold2,110801,GC-D,0.1,1,19,0.15388131141662598,80,1.0,3.8579608202553386,3.858324214961754,3.8579608202553386,1.0,0.40904507870572027,0.13711314861902077,0.3878115957675772
mango_population,popfold2,111300,GC-D,0.1,1,19,0.15388131141662598,1200,0.865,3.6846076813263866,3.6197022228263167,5.4218359938735405,1.0,1.250961565605077,-0.08880091648791866,1.248326012725462
mango_population,popfold2,113000,GC-D,0.1,1,19,0.15388131141662598,320,0.790625,3.515645975117132,3.5105169971561363,6.699883467522589,1.0,1.3623209557641216,-0.7497965903041169,1.139201044204723
mango_population,popfold2,113700,GC-D,0.1,1,19,0.15388131141662598,152,0.6578947368421053,3.496049877302409,3.509091782821095,7.426074737745963,1.0,1.6981748778617456,1.4745688136871848,0.8450698426572936
mango_population,popfold2,114400,GC-D,0.1,1,19,0.15388131141662598,160,0.94375,3.4960922392958507,3.5454385967254245,3.786683915411718,1.0,0.9791430010203694,0.24718381820624655,0.9504033841839652
mango_population,popfold2,122400,GC-D,0.1,1,19,0.15388131141662598,160,0.975,4.30824249291854,4.186745443163964,4.3734498468116225,1.0,1.0136064883824158,0.4861112196916083,0.8922272296416888
mango_population,popfold2,200500,GC-D,0.1,1,19,0.15388131141662598,220,0.9454545454545454,3.776439710337902,3.7700374591034214,4.359069097985142,1.0,1.0209696140233673,0.3693751359766904,0.953979915093201
mango_population,popfold2,100400,GC-D2,0.1,1,19,0.1425628662109375,1440,0.7097222222222223,3.5335110105637617,3.546187132157794,9.038404327947005,1.0,1.7515905360062949,-1.0058740858447803,1.4344740145739163
mango_population,popfold2,100600,GC-D2,0.1,1,19,0.1425628662109375,1557,0.41490044958253053,3.562165797928773,3.539451913076242,12.20695879384557,1.0,2.0894513009823297,1.7843970479542086,1.0874251162842123
mango_population,popfold2,101200,GC-D2,0.1,1,19,0.1425628662109375,1439,0.8443363446838082,3.4828560004012235,3.489217171700254,4.588176901900736,1.0,1.210620636507376,-0.63026855337262,1.0339762218746975
mango_population,popfold2,103106,GC-D2,0.1,1,19,0.1425628662109375,560,0.9142857142857143,3.445174856367479,3.3938428595795322,3.913014810441321,1.0,0.9892148963665828,-0.5432782475293787,0.8274160912170884
mango_population,popfold2,103800,GC-D2,0.1,1,19,0.1425628662109375,320,0.7625,3.2572899469005763,3.2371003964243927,5.029029164368114,1.0,1.293366693960918,-1.1002194731499482,0.6810020394642949
mango_population,popfold2,104600,GC-D2,0.1,1,19,0.1425628662109375,616,0.849025974025974,3.5645530538751005,3.5568865019752067,4.483235674824322,1.0,1.246336225258088,1.0906468551462078,0.6036845526211824
mango_population,popfold2,105200,GC-D2,0.1,1,19,0.1425628662109375,478,0.6129707112970711,3.424929387761972,3.3803305983157514,7.514970720954177,1.0,1.6413702808480817,1.3489151153175964,0.9361398373253066
mango_population,popfold2,105300,GC-D2,0.1,1,19,0.1425628662109375,320,0.934375,3.350075329691942,3.347359894259311,5.144970353391846,1.0,1.147190352532794,0.7395758256245039,0.8783417280270986
mango_population,popfold2,107200,GC-D2,0.1,1,19,0.1425628662109375,400,0.985,3.3763410141392556,3.3445771676457428,3.442201368550345,1.0,0.6004948651513812,-0.11201120173269469,0.5906943993666953
mango_population,popfold2,107202,GC-D2,0.1,1,19,0.1425628662109375,288,0.96875,3.7796869062382603,3.781176211585379,4.0228502503835095,1.0,0.9365187319933721,-0.2966818189385055,0.8898294933204768
mango_population,popfold2,108300,GC-D2,0.1,1,19,0.1425628662109375,400,0.9275,3.6780491753080593,3.7215581250491123,3.984814925068031,1.0,1.0334610040387322,-0.7143574124012378,0.7477519419117106
mango_population,popfold2,109500,GC-D2,0.1,1,19,0.1425628662109375,880,0.9965909090909091,3.628700356879748,3.603688379412125,3.637956464211502,1.0,0.6257910482417353,0.1470779007049371,0.6086077884680146
mango_population,popfold2,109700,GC-D2,0.1,1,19,0.1425628662109375,312,0.9615384615384616,3.541485684052004,3.438972556903681,4.742099614742008,1.0,1.0189926609789537,0.36782717817928867,0.9518155836773344
mango_population,popfold2,110801,GC-D2,0.1,1,19,0.1425628662109375,80,1.0,3.792406225542114,3.802177677742354,3.792406225542114,1.0,0.40904507870572027,0.13711314861902077,0.3878115957675772
mango_population,popfold2,111300,GC-D2,0.1,1,19,0.1425628662109375,1200,0.8791666666666667,3.8146932763264463,3.7396852836022614,5.192925523227713,1.0,1.250961565605077,-0.08880091648791866,1.248326012725462
mango_population,popfold2,113000,GC-D2,0.1,1,19,0.1425628662109375,320,0.7875,3.5138135926342997,3.495600444257266,6.652429270324825,1.0,1.3623209557641216,-0.7497965903041169,1.139201044204723
mango_population,popfold2,113700,GC-D2,0.1,1,19,0.1425628662109375,152,0.631578947368421,3.4176328964467078,3.4117879647023015,7.403818851014041,1.0,1.6981748778617456,1.4745688136871848,0.8450698426572936
mango_population,popfold2,114400,GC-D2,0.1,1,19,0.1425628662109375,160,0.94375,3.473850456177658,3.476081558411134,3.7669765188665165,1.0,0.9791430010203694,0.24718381820624655,0.9504033841839652
mango_population,popfold2,122400,GC-D2,0.1,1,19,0.1425628662109375,160,0.98125,4.35797592811299,3.9902358417899744,4.419830337116997,1.0,1.0136064883824158,0.4861112196916083,0.8922272296416888
mango_population,popfold2,200500,GC-D2,0.1,1,19,0.1425628662109375,220,0.95,3.98405498969,3.967027392051218,4.4886085254229116,1.0,1.0209696140233673,0.3693751359766904,0.953979915093201
mango_population,popfold2,100400,GC-CQR,0.1,1,19,62.085331439971924,1440,0.7236111111111111,3.8093766178061843,3.7715077048225805,8.927922827089889,1.0,1.7515905360062949,-1.0058740858447803,1.4344740145739163
mango_population,popfold2,100600,GC-CQR,0.1,1,19,62.085331439971924,1557,0.596660244059088,4.025323552208027,3.997725343525934,8.246024267427684,1.0,2.0894513009823297,1.7843970479542086,1.0874251162842123
mango_population,popfold2,101200,GC-CQR,0.1,1,19,62.085331439971924,1439,0.8790826963168867,3.5690897458693085,3.5594859767794684,4.518399708360501,1.0,1.210620636507376,-0.63026855337262,1.0339762218746975
mango_population,popfold2,103106,GC-CQR,0.1,1,19,62.085331439971924,560,0.9517857142857142,3.3153397046261635,3.2670759879618583,3.6218715702676216,1.0,0.9892148963665828,-0.5432782475293787,0.8274160912170884
mango_population,popfold2,103800,GC-CQR,0.1,1,19,62.085331439971924,320,0.83125,3.3501488706279887,3.380288207101284,4.703598746703156,1.0,1.293366693960918,-1.1002194731499482,0.6810020394642949
mango_population,popfold2,104600,GC-CQR,0.1,1,19,62.085331439971924,616,0.862012987012987,3.861931502685653,3.865490312174929,4.739490673881063,1.0,1.246336225258088,1.0906468551462078,0.6036845526211824
mango_population,popfold2,105200,GC-CQR,0.1,1,19,62.085331439971924,478,0.7175732217573222,3.5730139965802548,3.5374574472988707,5.773606489467406,1.0,1.6413702808480817,1.3489151153175964,0.9361398373253066
mango_population,popfold2,105300,GC-CQR,0.1,1,19,62.085331439971924,320,0.928125,3.391722871050842,3.367579801431157,5.245213994560548,1.0,1.147190352532794,0.7395758256245039,0.8783417280270986
mango_population,popfold2,107200,GC-CQR,0.1,1,19,62.085331439971924,400,0.985,3.190652623301743,3.165338953700764,3.258272361496755,1.0,0.6004948651513812,-0.11201120173269469,0.5906943993666953
mango_population,popfold2,107202,GC-CQR,0.1,1,19,62.085331439971924,288,0.9618055555555556,3.7491001994624105,3.65468017463278,3.9764924012736937,1.0,0.9365187319933721,-0.2966818189385055,0.8898294933204768
mango_population,popfold2,108300,GC-CQR,0.1,1,19,62.085331439971924,400,0.89,3.8898101782393293,3.821985362458954,4.344186566263469,1.0,1.0334610040387322,-0.7143574124012378,0.7477519419117106
mango_population,popfold2,109500,GC-CQR,0.1,1,19,62.085331439971924,880,0.9965909090909091,3.6941446872393118,3.6648754001967463,3.6977657909979738,1.0,0.6257910482417353,0.1470779007049371,0.6086077884680146
mango_population,popfold2,109700,GC-CQR,0.1,1,19,62.085331439971924,312,0.9743589743589743,3.7854594002036617,3.75158681704887,4.373771137548738,1.0,1.0189926609789537,0.36782717817928867,0.9518155836773344
mango_population,popfold2,110801,GC-CQR,0.1,1,19,62.085331439971924,80,0.9875,3.644104289110423,3.632499390057615,3.715195487786832,1.0,0.40904507870572027,0.13711314861902077,0.3878115957675772
mango_population,popfold2,111300,GC-CQR,0.1,1,19,62.085331439971924,1200,0.8375,3.945214484681017,3.805349630238795,9.215927123262203,1.0,1.250961565605077,-0.08880091648791866,1.248326012725462
mango_population,popfold2,113000,GC-CQR,0.1,1,19,62.085331439971924,320,0.7625,3.585715335540911,3.5231286436264533,7.581908196913862,1.0,1.3623209557641216,-0.7497965903041169,1.139201044204723
mango_population,popfold2,113700,GC-CQR,0.1,1,19,62.085331439971924,152,0.6973684210526315,3.543315589937335,3.56669790060592,6.931051533941648,1.0,1.6981748778617456,1.4745688136871848,0.8450698426572936
mango_population,popfold2,114400,GC-CQR,0.1,1,19,62.085331439971924,160,0.86875,3.593445746211252,3.5566332340382303,4.258275141513383,1.0,0.9791430010203694,0.24718381820624655,0.9504033841839652
mango_population,popfold2,122400,GC-CQR,0.1,1,19,62.085331439971924,160,0.95,4.066125194873644,4.1347227786216765,4.252924904654863,1.0,1.0136064883824158,0.4861112196916083,0.8922272296416888
mango_population,popfold2,200500,GC-CQR,0.1,1,19,62.085331439971924,220,0.9181818181818182,3.9937008533615996,3.9166357239834007,4.827932067510506,1.0,1.0209696140233673,0.3693751359766904,0.953979915093201
mango_population,popfold2,100400,CQR,0.1,1,19,6.007664203643799,1440,0.6083333333333333,3.178706013468952,3.146533674378219,11.063674091575516,1.0,1.7515905360062949,-1.0058740858447803,1.4344740145739163
mango_population,popfold2,100600,CQR,0.1,1,19,6.007664203643799,1557,0.4515093127809891,3.4152869977492495,3.3783028175017744,10.712109537111152,1.0,2.0894513009823297,1.7843970479542086,1.0874251162842123
mango_population,popfold2,101200,CQR,0.1,1,19,6.007664203643799,1439,0.73453787352328,2.9284809493266604,2.9284460777914774,5.4839294787807615,1.0,1.210620636507376,-0.63026855337262,1.0339762218746975
mango_population,popfold2,103106,CQR,0.1,1,19,6.007664203643799,560,0.8732142857142857,2.7448233160964133,2.6957624545502608,3.5909062983288087,1.0,0.9892148963665828,-0.5432782475293787,0.8274160912170884
mango_population,popfold2,103800,CQR,0.1,1,19,6.007664203643799,320,0.665625,2.733483218035542,2.7465675098533415,5.668947895726272,1.0,1.293366693960918,-1.1002194731499482,0.6810020394642949
mango_population,popfold2,104600,CQR,0.1,1,19,6.007664203643799,616,0.7175324675324676,3.2510543795609395,3.2393331879851717,5.615310603648918,1.0,1.246336225258088,1.0906468551462078,0.6036845526211824
mango_population,popfold2,105200,CQR,0.1,1,19,6.007664203643799,478,0.5083682008368201,2.962010745898712,2.939434199731391,8.05514375515032,1.0,1.6413702808480817,1.3489151153175964,0.9361398373253066
mango_population,popfold2,105300,CQR,0.1,1,19,6.007664203643799,320,0.85625,2.837065285089124,2.829616393993745,5.270066072611112,1.0,1.147190352532794,0.7395758256245039,0.8783417280270986
mango_population,popfold2,107200,CQR,0.1,1,19,6.007664203643799,400,0.92,2.6109935943725886,2.5999983950019354,3.0423605104005156,1.0,0.6004948651513812,-0.11201120173269469,0.5906943993666953
mango_population,popfold2,107202,CQR,0.1,1,19,6.007664203643799,288,0.8888888888888888,3.147333251581333,3.041560860745407,3.914096027186135,1.0,0.9365187319933721,-0.2966818189385055,0.8898294933204768
mango_population,popfold2,108300,CQR,0.1,1,19,6.007664203643799,400,0.8075,3.301614819523818,3.2524053440370713,4.598032847878034,1.0,1.0334610040387322,-0.7143574124012378,0.7477519419117106
mango_population,popfold2,109500,CQR,0.1,1,19,6.007664203643799,880,0.9568181818181818,3.0993281006952715,3.084318981680849,3.286921342648491,1.0,0.6257910482417353,0.1470779007049371,0.6086077884680146
mango_population,popfold2,109700,CQR,0.1,1,19,6.007664203643799,312,0.9551282051282052,3.206582793327337,3.142781503544831,3.9171737706309457,1.0,1.0189926609789537,0.36782717817928867,0.9518155836773344
mango_population,popfold2,110801,CQR,0.1,1,19,6.007664203643799,80,0.9,2.9946524963777295,2.8932692808881235,3.5033441350247103,1.0,0.40904507870572027,0.13711314861902077,0.3878115957675772
mango_population,popfold2,111300,CQR,0.1,1,19,6.007664203643799,1200,0.8108333333333333,3.37473909217038,3.1905592440183135,9.519969106711681,1.0,1.250961565605077,-0.08880091648791866,1.248326012725462
mango_population,popfold2,113000,CQR,0.1,1,19,6.007664203643799,320,0.6625,2.9166100684418987,2.8911017190403347,8.829626795005112,1.0,1.3623209557641216,-0.7497965903041169,1.139201044204723
mango_population,popfold2,113700,CQR,0.1,1,19,6.007664203643799,152,0.5263157894736842,2.8553044410190864,2.8957383826033967,9.143945646607392,1.0,1.6981748778617456,1.4745688136871848,0.8450698426572936
mango_population,popfold2,114400,CQR,0.1,1,19,6.007664203643799,160,0.76875,2.984669698419285,2.9639235634842747,4.903782957303415,1.0,0.9791430010203694,0.24718381820624655,0.9504033841839652
mango_population,popfold2,122400,CQR,0.1,1,19,6.007664203643799,160,0.95,3.57238233501178,3.6826184814666734,3.89877199507616,1.0,1.0136064883824158,0.4861112196916083,0.8922272296416888
mango_population,popfold2,200500,CQR,0.1,1,19,6.007664203643799,220,0.8363636363636363,3.457300012034596,3.3513788868018324,5.071979552499742,1.0,1.0209696140233673,0.3693751359766904,0.953979915093201
mango_population,popfold2,100400,SCP,0.1,1,19,0.00047659873962402344,1440,0.6604166666666667,3.3190501556037044,3.319050155603705,10.039059777780484,1.0,1.7515905360062949,-1.0058740858447803,1.4344740145739163
mango_population,popfold2,100600,SCP,0.1,1,19,0.00047659873962402344,1557,0.38792549775208734,3.319050155603705,3.319050155603705,12.826598429151794,1.0,2.0894513009823297,1.7843970479542086,1.0874251162842123
mango_population,popfold2,101200,SCP,0.1,1,19,0.00047659873962402344,1439,0.8095899930507297,3.3190501556037044,3.319050155603705,4.94023433239923,1.0,1.210620636507376,-0.63026855337262,1.0339762218746975
mango_population,popfold2,103106,SCP,0.1,1,19,0.00047659873962402344,560,0.9107142857142857,3.319050155603705,3.319050155603705,3.877410799261409,1.0,0.9892148963665828,-0.5432782475293787,0.8274160912170884
mango_population,popfold2,103800,SCP,0.1,1,19,0.00047659873962402344,320,0.784375,3.319050155603705,3.319050155603705,4.986766811895786,1.0,1.293366693960918,-1.1002194731499482,0.6810020394642949
mango_population,popfold2,104600,SCP,0.1,1,19,0.00047659873962402344,616,0.8165584415584416,3.319050155603705,3.319050155603705,4.497177240675092,1.0,1.246336225258088,1.0906468551462078,0.6036845526211824
mango_population,popfold2,105200,SCP,0.1,1,19,0.00047659873962402344,478,0.5941422594142259,3.319050155603705,3.319050155603705,7.536501546387569,1.0,1.6413702808480817,1.3489151153175964,0.9361398373253066
mango_population,popfold2,105300,SCP,0.1,1,19,0.00047659873962402344,320,0.940625,3.319050155603705,3.319050155603705,5.127265623003282,1.0,1.147190352532794,0.7395758256245039,0.8783417280270986
mango_population,popfold2,107200,SCP,0.1,1,19,0.00047659873962402344,400,0.9875,3.319050155603705,3.319050155603705,3.401917716762888,1.0,0.6004948651513812,-0.11201120173269469,0.5906943993666953
mango_population,popfold2,107202,SCP,0.1,1,19,0.00047659873962402344,288,0.9236111111111112,3.319050155603705,3.319050155603705,3.883493713200696,1.0,0.9365187319933721,-0.2966818189385055,0.8898294933204768
mango_population,popfold2,108300,SCP,0.1,1,19,0.00047659873962402344,400,0.9125,3.319050155603705,3.319050155603705,3.7811410970440527,1.0,1.0334610040387322,-0.7143574124012378,0.7477519419117106
mango_population,popfold2,109500,SCP,0.1,1,19,0.00047659873962402344,880,0.9943181818181818,3.3190501556037053,3.319050155603705,3.3360532203865865,1.0,0.6257910482417353,0.1470779007049371,0.6086077884680146
mango_population,popfold2,109700,SCP,0.1,1,19,0.00047659873962402344,312,0.9326923076923077,3.3190501556037053,3.319050155603705,4.824063559308159,1.0,1.0189926609789537,0.36782717817928867,0.9518155836773344
mango_population,popfold2,110801,SCP,0.1,1,19,0.00047659873962402344,80,1.0,3.319050155603705,3.319050155603705,3.319050155603705,1.0,0.40904507870572027,0.13711314861902077,0.3878115957675772
mango_population,popfold2,111300,SCP,0.1,1,19,0.00047659873962402344,1200,0.8383333333333334,3.319050155603705,3.319050155603705,5.914900673711831,1.0,1.250961565605077,-0.08880091648791866,1.248326012725462
mango_population,popfold2,113000,SCP,0.1,1,19,0.00047659873962402344,320,0.775,3.319050155603705,3.319050155603705,6.71373690517901,1.0,1.3623209557641216,-0.7497965903041169,1.139201044204723
mango_population,popfold2,113700,SCP,0.1,1,19,0.00047659873962402344,152,0.5723684210526315,3.319050155603705,3.319050155603705,9.145257181489617,1.0,1.6981748778617456,1.4745688136871848,0.8450698426572936
mango_population,popfold2,114400,SCP,0.1,1,19,0.00047659873962402344,160,0.9125,3.319050155603705,3.319050155603705,3.7557830478195924,1.0,0.9791430010203694,0.24718381820624655,0.9504033841839652
mango_population,popfold2,122400,SCP,0.1,1,19,0.00047659873962402344,160,0.91875,3.319050155603705,3.319050155603705,4.1116220381524,1.0,1.0136064883824158,0.4861112196916083,0.8922272296416888
mango_population,popfold2,200500,SCP,0.1,1,19,0.00047659873962402344,220,0.9045454545454545,3.3190501556037044,3.319050155603705,4.359686766366123,1.0,1.0209696140233673,0.3693751359766904,0.953979915093201
mango_population,popfold3,100200,GC-D,0.1,1,18,0.15065789222717285,1040,0.9288461538461539,3.5972537450306197,3.5947461119078508,4.241803484376774,1.0,0.9564240664920852,0.23174123477827013,0.9283704637020437
mango_population,popfold3,101300,GC-D,0.1,1,18,0.15065789222717285,720,0.8916666666666667,3.6934710119728216,3.701721661854317,4.351124795965191,1.0,1.1273389742962547,-0.7850435409700489,0.8096358642174812
mango_population,popfold3,102100,GC-D,0.1,1,18,0.15065789222717285,80,0.9625,4.649532934689343,4.647837550737172,4.719222373676021,1.0,1.1159721990400344,-0.8778129644240575,0.6934327368432154
mango_population,popfold3,102504,GC-D,0.1,1,18,0.15065789222717285,1200,0.9958333333333333,3.8423041605787063,3.8495046431534288,3.8532273458916393,1.0,0.7344440839071913,0.21352355436364576,0.7030132719244638
mango_population,popfold3,102700,GC-D,0.1,1,18,0.15065789222717285,30,1.0,3.5326544042744845,3.549523947931421,3.5326544042744845,1.0,0.6541082455045032,0.04786720767254978,0.6635066150437691
mango_population,popfold3,103103,GC-D,0.1,1,18,0.15065789222717285,224,0.9642857142857143,3.5161678516418937,3.4626141405115165,3.6653090611582266,1.0,0.7558172792644631,-0.20530991335667403,0.7290269397826511
mango_population,popfold3,103200,GC-D,0.1,1,18,0.15065789222717285,240,0.9583333333333334,3.3803154008511958,3.314639004038222,3.640621568345654,1.0,0.8403364721220425,-0.14557109304380497,0.8293614683014569
mango_population,popfold3,103400,GC-D,0.1,1,18,0.15065789222717285,240,0.8166666666666667,3.522030210082869,3.495939673379521,4.354988129599806,1.0,1.3596561219214915,-1.2389451786595282,0.5612415533081381
mango_population,popfold3,105400,GC-D,0.1,1,18,0.15065789222717285,380,0.9736842105263158,3.5284016527200426,3.519697363058153,3.936245116028355,1.0,0.8086259039576955,0.0067765019499577165,0.8096635576033473
mango_population,popfold3,105700,GC-D,0.1,1,18,0.15065789222717285,240,0.9791666666666666,3.5280212326344724,3.5635756086382937,3.642174053623245,1.0,0.7663238481568068,-0.4711799793378938,0.605615286413804
mango_population,popfold3,105900,GC-D,0.1,1,18,0.15065789222717285,240,0.9833333333333333,3.380619613170563,3.3277064975326436,3.4369978656596687,1.0,0.6913267038344306,-0.3804092552292036,0.5784597149425551
mango_population,popfold3,106400,GC-D,0.1,1,18,0.15065789222717285,1200,0.8075,3.7232503193862505,3.712858624511875,5.234349175735255,1.0,1.4038482728052337,-1.2453326508228846,0.6482953037415875
mango_population,popfold3,106600,GC-D,0.1,1,18,0.15065789222717285,1200,0.9775,3.543320008030408,3.5215576933550983,3.6325106565588126,1.0,0.8388689322935033,-0.6562602339882094,0.5227344452682208
mango_population,popfold3,106800,GC-D,0.1,1,18,0.15065789222717285,400,0.9725,3.4535864005913437,3.417614849104398,3.5604834122171383,1.0,0.7578304534612403,-0.48685408921053325,0.5814855161790933
mango_population,popfold3,107000,GC-D,0.1,1,18,0.15065789222717285,400,0.9875,4.401500339985859,4.343184366835467,4.449867116254157,1.0,0.7795863767655387,-0.23525202173920007,0.7441746400161371
mango_population,popfold3,112000,GC-D,0.1,1,18,0.15065789222717285,480,0.8458333333333333,3.9164443551447126,3.86845401670275,5.98517564007761,1.0,1.3815216988129657,0.9996712242079956,0.9545459095259825
mango_population,popfold3,112900,GC-D,0.1,1,18,0.15065789222717285,1440,0.7916666666666666,3.8382712352624013,3.725593291716713,6.453520693239995,1.0,1.5554701169687528,-1.131620911739593,1.0675733530597407
mango_population,popfold3,113900,GC-D,0.1,1,18,0.15065789222717285,532,0.9793233082706767,3.6643193043287514,3.722784571598691,3.7924939866979615,1.0,0.8431681844999442,0.1399775395439866,0.8322504624376603
mango_population,popfold3,115000,GC-D,0.1,1,18,0.15065789222717285,144,0.9861111111111112,4.438225871241883,4.501105773652164,4.499350133286595,1.0,0.8519561565432666,0.6526482708345702,0.5495239638812212
mango_population,popfold3,200700,GC-D,0.1,1,18,0.15065789222717285,172,0.9709302325581395,3.908897120004705,3.778309006041069,4.075849110939734,1.0,0.9288353169248456,0.03283915515222271,0.9309648562383167
mango_population,popfold3,100200,GC-D2,0.1,1,18,0.14809274673461914,1040,0.9134615384615384,3.4617334562949695,3.47067335594698,4.1881329649993155,1.0,0.9564240664920852,0.23174123477827013,0.9283704637020437
mango_population,popfold3,101300,GC-D2,0.1,1,18,0.14809274673461914,720,0.8902777777777777,3.7029583724941806,3.6945138456510414,4.356529152200386,1.0,1.1273389742962547,-0.7850435409700489,0.8096358642174812
mango_population,popfold3,102100,GC-D2,0.1,1,18,0.14809274673461914,80,0.9625,4.455394722897589,4.470536631944338,4.547537077231167,1.0,1.1159721990400344,-0.8778129644240575,0.6934327368432154
mango_population,popfold3,102504,GC-D2,0.1,1,18,0.14809274673461914,1200,0.99,3.717388146723218,3.718736812688107,3.7407845219361167,1.0,0.7344440839071913,0.21352355436364576,0.7030132719244638
mango_population,popfold3,102700,GC-D2,0.1,1,18,0.14809274673461914,30,1.0,3.337871977947259,3.3362875112800747,3.337871977947259,1.0,0.6541082455045032,0.04786720767254978,0.6635066150437691
mango_population,popfold3,103103,GC-D2,0.1,1,18,0.14809274673461914,224,0.9642857142857143,3.5669682007797934,3.514447838901094,3.711369977148961,1.0,0.7558172792644631,-0.20530991335667403,0.7290269397826511
mango_population,popfold3,103200,GC-D2,0.1,1,18,0.14809274673461914,240,0.95,3.30640988579506,3.219925088277817,3.604059028344156,1.0,0.8403364721220425,-0.14557109304380497,0.8293614683014569
mango_population,popfold3,103400,GC-D2,0.1,1,18,0.14809274673461914,240,0.7958333333333333,3.4521676087672173,3.4301449468325425,4.4180189688101335,1.0,1.3596561219214915,-1.2389451786595282,0.5612415533081381
mango_population,popfold3,105400,GC-D2,0.1,1,18,0.14809274673461914,380,0.9736842105263158,3.3859270201421157,3.381927233963233,3.8193818713175562,1.0,0.8086259039576955,0.0067765019499577165,0.8096635576033473
mango_population,popfold3,105700,GC-D2,0.1,1,18,0.14809274673461914,240,0.9791666666666666,3.564861871885329,3.569921552635517,3.650754329832642,1.0,0.7663238481568068,-0.4711799793378938,0.605615286413804
mango_population,popfold3,105900,GC-D2,0.1,1,18,0.14809274673461914,240,0.9875,3.350990479292769,3.3037327977723256,3.4105671504161,1.0,0.6913267038344306,-0.3804092552292036,0.5784597149425551
mango_population,popfold3,106400,GC-D2,0.1,1,18,0.14809274673461914,1200,0.8275,3.8319685893640614,3.822493423339335,5.162011698294035,1.0,1.4038482728052337,-1.2453326508228846,0.6482953037415875
mango_population,popfold3,106600,GC-D2,0.1,1,18,0.14809274673461914,1200,0.9758333333333333,3.5074177050318425,3.480533609002677,3.604086842155677,1.0,0.8388689322935033,-0.6562602339882094,0.5227344452682208
mango_population,popfold3,106800,GC-D2,0.1,1,18,0.14809274673461914,400,0.9725,3.4601388359341354,3.4176498370832578,3.5642631019175157,1.0,0.7578304534612403,-0.48685408921053325,0.5814855161790933
mango_population,popfold3,107000,GC-D2,0.1,1,18,0.14809274673461914,400,0.9875,4.4991722911008845,4.436644008005911,4.548625120970218,1.0,0.7795863767655387,-0.23525202173920007,0.7441746400161371
mango_population,popfold3,112000,GC-D2,0.1,1,18,0.14809274673461914,480,0.84375,3.9265482069835724,3.862934266945918,5.786501437178398,1.0,1.3815216988129657,0.9996712242079956,0.9545459095259825
mango_population,popfold3,112900,GC-D2,0.1,1,18,0.14809274673461914,1440,0.7861111111111111,3.7924076078065485,3.697373924671334,6.482367659397285,1.0,1.5554701169687528,-1.131620911739593,1.0675733530597407
mango_population,popfold3,113900,GC-D2,0.1,1,18,0.14809274673461914,532,0.9736842105263158,3.566208676421511,3.6388996844615207,3.7163339736865413,1.0,0.8431681844999442,0.1399775395439866,0.8322504624376603
mango_population,popfold3,115000,GC-D2,0.1,1,18,0.14809274673461914,144,0.9861111111111112,4.202418616303766,4.261432916471554,4.279848382854622,1.0,0.8519561565432666,0.6526482708345702,0.5495239638812212
mango_population,popfold3,200700,GC-D2,0.1,1,18,0.14809274673461914,172,0.9767441860465116,3.9632412135561257,3.858562125463303,4.118710312548441,1.0,0.9288353169248456,0.03283915515222271,0.9309648562383167
mango_population,popfold3,100200,GC-CQR,0.1,1,18,63.357916593551636,1040,0.9634615384615385,3.751135601757463,3.7069732736823022,4.179924948134763,1.0,0.9564240664920852,0.23174123477827013,0.9283704637020437
mango_population,popfold3,101300,GC-CQR,0.1,1,18,63.357916593551636,720,0.9569444444444445,3.8288370129323273,3.85930747628018,4.0266438878615824,1.0,1.1273389742962547,-0.7850435409700489,0.8096358642174812
mango_population,popfold3,102100,GC-CQR,0.1,1,18,63.357916593551636,80,0.9625,4.206992275659485,4.1764586215929045,4.9474579097145615,1.0,1.1159721990400344,-0.8778129644240575,0.6934327368432154
mango_population,popfold3,102504,GC-CQR,0.1,1,18,63.357916593551636,1200,0.96,3.604534759906998,3.556691096683882,3.777881937232559,1.0,0.7344440839071913,0.21352355436364576,0.7030132719244638
mango_population,popfold3,102700,GC-CQR,0.1,1,18,63.357916593551636,30,0.9666666666666667,3.8151099337283436,3.876045129623434,3.866061379948655,1.0,0.6541082455045032,0.04786720767254978,0.6635066150437691
mango_population,popfold3,103103,GC-CQR,0.1,1,18,63.357916593551636,224,0.9553571428571429,3.262572570033743,3.234153952905676,3.427245509559302,1.0,0.7558172792644631,-0.20530991335667403,0.7290269397826511
mango_population,popfold3,103200,GC-CQR,0.1,1,18,63.357916593551636,240,0.9916666666666667,3.7027353043472533,3.5148170010645394,3.7160874131248325,1.0,0.8403364721220425,-0.14557109304380497,0.8293614683014569
mango_population,popfold3,103400,GC-CQR,0.1,1,18,63.357916593551636,240,0.8958333333333334,3.900634831145493,3.7710781993636253,4.503504531760283,1.0,1.3596561219214915,-1.2389451786595282,0.5612415533081381
mango_population,popfold3,105400,GC-CQR,0.1,1,18,63.357916593551636,380,0.9657894736842105,3.5677951802169816,3.5429653823262424,4.157621274944368,1.0,0.8086259039576955,0.0067765019499577165,0.8096635576033473
mango_population,popfold3,105700,GC-CQR,0.1,1,18,63.357916593551636,240,0.975,3.387345832712592,3.3520575044784744,3.504882189954419,1.0,0.7663238481568068,-0.4711799793378938,0.605615286413804
mango_population,popfold3,105900,GC-CQR,0.1,1,18,63.357916593551636,240,1.0,3.650177856554352,3.6687947811961363,3.650177856554352,1.0,0.6913267038344306,-0.3804092552292036,0.5784597149425551
mango_population,popfold3,106400,GC-CQR,0.1,1,18,63.357916593551636,1200,0.8108333333333333,4.084502944771351,4.006897765714175,5.259833222271932,1.0,1.4038482728052337,-1.2453326508228846,0.6482953037415875
mango_population,popfold3,106600,GC-CQR,0.1,1,18,63.357916593551636,1200,0.9441666666666667,3.694008289131969,3.6805653066408555,3.948689743674103,1.0,0.8388689322935033,-0.6562602339882094,0.5227344452682208
mango_population,popfold3,106800,GC-CQR,0.1,1,18,63.357916593551636,400,0.92,3.3305125782845555,3.308700182122503,3.6787913662854486,1.0,0.7578304534612403,-0.48685408921053325,0.5814855161790933
mango_population,popfold3,107000,GC-CQR,0.1,1,18,63.357916593551636,400,0.785,3.7800633263933254,3.6161390623738505,6.6404633062539595,1.0,0.7795863767655387,-0.23525202173920007,0.7441746400161371
mango_population,popfold3,112000,GC-CQR,0.1,1,18,63.357916593551636,480,0.86875,3.8049848772552033,3.7172294581470187,5.100604078493388,1.0,1.3815216988129657,0.9996712242079956,0.9545459095259825
mango_population,popfold3,112900,GC-CQR,0.1,1,18,63.357916593551636,1440,0.8791666666666667,4.172435168252964,4.120262323874161,5.326113553057733,1.0,1.5554701169687528,-1.131620911739593,1.0675733530597407
mango_population,popfold3,113900,GC-CQR,0.1,1,18,63.357916593551636,532,0.9755639097744361,3.7652431342189887,3.767039543983363,3.8969031348231353,1.0,0.8431681844999442,0.1399775395439866,0.8322504624376603
mango_population,popfold3,115000,GC-CQR,0.1,1,18,63.357916593551636,144,0.9930555555555556,4.953990176142834,4.944865993645441,4.995480109416063,1.0,0.8519561565432666,0.6526482708345702,0.5495239638812212
mango_population,popfold3,200700,GC-CQR,0.1,1,18,63.357916593551636,172,0.936046511627907,3.8137615968001786,3.629825681948077,5.367085832849687,1.0,0.9288353169248456,0.03283915515222271,0.9309648562383167
mango_population,popfold3,100200,CQR,0.1,1,18,5.961333751678467,1040,0.9230769230769231,3.3794020292621036,3.3472151362108393,4.152758201530389,1.0,0.9564240664920852,0.23174123477827013,0.9283704637020437
mango_population,popfold3,101300,CQR,0.1,1,18,5.961333751678467,720,0.9069444444444444,3.4695786127584722,3.4911314452183593,3.9776396881452443,1.0,1.1273389742962547,-0.7850435409700489,0.8096358642174812
mango_population,popfold3,102100,CQR,0.1,1,18,5.961333751678467,80,0.925,4.04732787153331,4.145674616943078,5.082842645579342,1.0,1.1159721990400344,-0.8778129644240575,0.6934327368432154
mango_population,popfold3,102504,CQR,0.1,1,18,5.961333751678467,1200,0.9008333333333334,3.184450160097334,3.133714150705628,3.8307370674711834,1.0,0.7344440839071913,0.21352355436364576,0.7030132719244638
mango_population,popfold3,102700,CQR,0.1,1,18,5.961333751678467,30,0.9666666666666667,3.31600533071954,3.365987817967029,3.3447329807395674,1.0,0.6541082455045032,0.04786720767254978,0.6635066150437691
mango_population,popfold3,103103,CQR,0.1,1,18,5.961333751678467,224,0.9107142857142857,2.8622105312302253,2.827908335163018,3.37609262664621,1.0,0.7558172792644631,-0.20530991335667403,0.7290269397826511
mango_population,popfold3,103200,CQR,0.1,1,18,5.961333751678467,240,0.9333333333333333,3.3720603809254377,3.216203220540577,3.5772374959566737,1.0,0.8403364721220425,-0.14557109304380497,0.8293614683014569
mango_population,popfold3,103400,CQR,0.1,1,18,5.961333751678467,240,0.8208333333333333,3.268862507064802,3.235109861336377,4.464684894128262,1.0,1.3596561219214915,-1.2389451786595282,0.5612415533081381
mango_population,popfold3,105400,CQR,0.1,1,18,5.961333751678467,380,0.9394736842105263,3.0978080593621025,3.058364430652407,3.879052468028307,1.0,0.8086259039576955,0.0067765019499577165,0.8096635576033473
mango_population,popfold3,105700,CQR,0.1,1,18,5.961333751678467,240,0.9041666666666667,2.9094206084815886,2.868416298893691,3.4829248980401766,1.0,0.7663238481568068,-0.4711799793378938,0.605615286413804
mango_population,popfold3,105900,CQR,0.1,1,18,5.961333751678467,240,0.9833333333333333,3.154100619051467,3.136202090295453,3.2679034710836077,1.0,0.6913267038344306,-0.3804092552292036,0.5784597149425551
mango_population,popfold3,106400,CQR,0.1,1,18,5.961333751678467,1200,0.6983333333333334,3.670251953148642,3.5976558887318104,6.123999373995997,1.0,1.4038482728052337,-1.2453326508228846,0.6482953037415875
mango_population,popfold3,106600,CQR,0.1,1,18,5.961333751678467,1200,0.89,3.315641741905706,3.319874095008168,3.9500727002186964,1.0,0.8388689322935033,-0.6562602339882094,0.5227344452682208
mango_population,popfold3,106800,CQR,0.1,1,18,5.961333751678467,400,0.8525,3.019361928995015,2.982999713189062,3.8462468393695928,1.0,0.7578304534612403,-0.48685408921053325,0.5814855161790933
mango_population,popfold3,107000,CQR,0.1,1,18,5.961333751678467,400,0.73,3.4857346212667677,3.3851338908303052,8.173475742660555,1.0,0.7795863767655387,-0.23525202173920007,0.7441746400161371
mango_population,popfold3,112000,CQR,0.1,1,18,5.961333751678467,480,0.7916666666666666,3.244175599737387,3.1561374187678366,5.198378133427959,1.0,1.3815216988129657,0.9996712242079956,0.9545459095259825
mango_population,popfold3,112900,CQR,0.1,1,18,5.961333751678467,1440,0.8291666666666667,3.756107667643121,3.7190726611655798,5.714697656001495,1.0,1.5554701169687528,-1.131620911739593,1.0675733530597407
mango_population,popfold3,113900,CQR,0.1,1,18,5.961333751678467,532,0.9473684210526315,3.4052991349917483,3.390768239965195,3.6846163162582557,1.0,0.8431681844999442,0.1399775395439866,0.8322504624376603
mango_population,popfold3,115000,CQR,0.1,1,18,5.961333751678467,144,0.9166666666666666,4.572162759818578,4.535946342761984,5.012377385675756,1.0,0.8519561565432666,0.6526482708345702,0.5495239638812212
mango_population,popfold3,200700,CQR,0.1,1,18,5.961333751678467,172,0.8837209302325582,3.479648330019387,3.3179177919742493,5.408233145574211,1.0,0.9288353169248456,0.03283915515222271,0.9309648562383167
mango_population,popfold3,100200,SCP,0.1,1,18,0.00035953521728515625,1040,0.9201923076923076,3.5932954156536496,3.5932954156536496,4.289869724462977,1.0,0.9564240664920852,0.23174123477827013,0.9283704637020437
mango_population,popfold3,101300,SCP,0.1,1,18,0.00035953521728515625,720,0.8819444444444444,3.59329541565365,3.5932954156536496,4.232902429604961,1.0,1.1273389742962547,-0.7850435409700489,0.8096358642174812
mango_population,popfold3,102100,SCP,0.1,1,18,0.00035953521728515625,80,0.9,3.5932954156536496,3.5932954156536496,4.116707083259861,1.0,1.1159721990400344,-0.8778129644240575,0.6934327368432154
mango_population,popfold3,102504,SCP,0.1,1,18,0.00035953521728515625,1200,0.99,3.59329541565365,3.5932954156536496,3.623547299192974,1.0,0.7344440839071913,0.21352355436364576,0.7030132719244638
mango_population,popfold3,102700,SCP,0.1,1,18,0.00035953521728515625,30,1.0,3.5932954156536483,3.5932954156536496,3.5932954156536483,1.0,0.6541082455045032,0.04786720767254978,0.6635066150437691
mango_population,popfold3,103103,SCP,0.1,1,18,0.00035953521728515625,224,0.9821428571428571,3.5932954156536496,3.5932954156536496,3.648742050771993,1.0,0.7558172792644631,-0.20530991335667403,0.7290269397826511
mango_population,popfold3,103200,SCP,0.1,1,18,0.00035953521728515625,240,0.9666666666666667,3.593295415653649,3.5932954156536496,3.870838213362551,1.0,0.8403364721220425,-0.14557109304380497,0.8293614683014569
mango_population,popfold3,103400,SCP,0.1,1,18,0.00035953521728515625,240,0.8666666666666667,3.59329541565365,3.5932954156536496,4.222511850301733,1.0,1.3596561219214915,-1.2389451786595282,0.5612415533081381
mango_population,popfold3,105400,SCP,0.1,1,18,0.00035953521728515625,380,0.9736842105263158,3.5932954156536496,3.5932954156536496,4.00446878710042,1.0,0.8086259039576955,0.0067765019499577165,0.8096635576033473
mango_population,popfold3,105700,SCP,0.1,1,18,0.00035953521728515625,240,0.9833333333333333,3.5932954156536496,3.5932954156536496,3.679661216534004,1.0,0.7663238481568068,-0.4711799793378938,0.605615286413804
mango_population,popfold3,105900,SCP,0.1,1,18,0.00035953521728515625,240,0.9958333333333333,3.593295415653649,3.5932954156536496,3.610292120350031,1.0,0.6913267038344306,-0.3804092552292036,0.5784597149425551
mango_population,popfold3,106400,SCP,0.1,1,18,0.00035953521728515625,1200,0.7916666666666666,3.59329541565365,3.5932954156536496,5.092732020434152,1.0,1.4038482728052337,-1.2453326508228846,0.6482953037415875
mango_population,popfold3,106600,SCP,0.1,1,18,0.00035953521728515625,1200,0.9866666666666667,3.59329541565365,3.5932954156536496,3.630422917775486,1.0,0.8388689322935033,-0.6562602339882094,0.5227344452682208
mango_population,popfold3,106800,SCP,0.1,1,18,0.00035953521728515625,400,0.9875,3.593295415653649,3.5932954156536496,3.6374498685739773,1.0,0.7578304534612403,-0.48685408921053325,0.5814855161790933
mango_population,popfold3,107000,SCP,0.1,1,18,0.00035953521728515625,400,0.9575,3.593295415653649,3.5932954156536496,3.797692147759085,1.0,0.7795863767655387,-0.23525202173920007,0.7441746400161371
mango_population,popfold3,112000,SCP,0.1,1,18,0.00035953521728515625,480,0.80625,3.59329541565365,3.5932954156536496,5.892179275703017,1.0,1.3815216988129657,0.9996712242079956,0.9545459095259825
mango_population,popfold3,112900,SCP,0.1,1,18,0.00035953521728515625,1440,0.7375,3.59329541565365,3.5932954156536496,7.2697680479226,1.0,1.5554701169687528,-1.131620911739593,1.0675733530597407
mango_population,popfold3,113900,SCP,0.1,1,18,0.00035953521728515625,532,0.9849624060150376,3.593295415653649,3.5932954156536496,3.6951834574045224,1.0,0.8431681844999442,0.1399775395439866,0.8322504624376603
mango_population,popfold3,115000,SCP,0.1,1,18,0.00035953521728515625,144,0.9861111111111112,3.5932954156536496,3.5932954156536496,3.777114192829084,1.0,0.8519561565432666,0.6526482708345702,0.5495239638812212
mango_population,popfold3,200700,SCP,0.1,1,18,0.00035953521728515625,172,0.9534883720930233,3.593295415653649,3.5932954156536496,3.949332472599045,1.0,0.9288353169248456,0.03283915515222271,0.9309648562383167
mango_population,popfold4,101600,GC-D,0.1,1,20,0.1283118724822998,80,0.925,3.5443788563703804,3.580878458930907,4.008784392106756,1.0,1.1498521229115932,1.0286113899480855,0.5171670768235764
mango_population,popfold4,102400,GC-D,0.1,1,20,0.1283118724822998,160,0.9375,4.1413550354236515,4.16123377799105,4.4720982854551155,1.0,1.3806474779354767,-1.2234708933490779,0.6417793123364889
mango_population,popfold4,103110,GC-D,0.1,1,20,0.1283118724822998,224,0.9821428571428571,3.6779136384658373,3.675374606723521,3.7889925381280642,1.0,0.7232876026980775,0.14536701399117932,0.7101158839018504
mango_population,popfold4,103900,GC-D,0.1,1,20,0.1283118724822998,320,0.884375,3.2615489763813357,3.255791633142163,3.9294374541289985,1.0,1.1221755507419884,-0.946575334858885,0.6036653785615471
mango_population,popfold4,104303,GC-D,0.1,1,20,0.1283118724822998,1416,0.9322033898305084,3.671629092061499,3.6505949326752223,4.162493374212223,1.0,0.9650748039052792,-0.6012086939265817,0.7551955058257886
mango_population,popfold4,105201,GC-D,0.1,1,20,0.1283118724822998,320,1.0,4.016465328379559,4.03498129352163,4.016465328379559,1.0,0.550387460560734,0.032222732673281705,0.5503039249106784
mango_population,popfold4,108200,GC-D,0.1,1,20,0.1283118724822998,320,0.975,3.6463171457052446,3.682266603795859,3.724514221025911,1.0,0.7666879368189293,-0.25245329837826924,0.725065929058336
mango_population,popfold4,108800,GC-D,0.1,1,20,0.1283118724822998,400,0.995,3.5453068693794227,3.5073010924894152,3.5559842415752785,1.0,0.670533781636499,0.28273224123650886,0.6087729818575426
mango_population,popfold4,108900,GC-D,0.1,1,20,0.1283118724822998,400,0.9975,3.593090644176308,3.5462619590722166,3.601283918633536,1.0,0.6511878413364287,0.33044733749641425,0.5618178174425571
mango_population,popfold4,109200,GC-D,0.1,1,20,0.1283118724822998,400,0.97,3.5397007554754674,3.525598058926036,3.6567147746241484,1.0,0.8174900038305266,0.36504764291312,0.7323735743439977
mango_population,popfold4,109800,GC-D,0.1,1,20,0.1283118724822998,78,0.41025641025641024,3.532398575475611,3.496688420126411,11.552157544925223,1.0,2.1016319346615577,-1.9774645565351323,0.7162880132661441
mango_population,popfold4,110100,GC-D,0.1,1,20,0.1283118724822998,480,0.9479166666666666,3.537961056051721,3.538843180736464,3.8206203042796263,1.0,0.9084181706617764,-0.11916640032779237,0.9015076818107705
mango_population,popfold4,110700,GC-D,0.1,1,20,0.1283118724822998,240,0.9416666666666667,3.81968431255704,4.017775160373183,4.369410401451477,1.0,1.0821058317583532,0.764931302665413,0.7669969478337628
mango_population,popfold4,111201,GC-D,0.1,1,20,0.1283118724822998,72,0.8472222222222222,3.948978734435419,3.9356267277113695,5.2120468177573684,1.0,1.4153211487870558,-1.0104254163033555,0.9980019413810983
mango_population,popfold4,111500,GC-D,0.1,1,20,0.1283118724822998,480,0.8875,3.703433000001263,3.698673691659873,4.824763203830867,1.0,1.1940456172996154,-0.5724252912530902,1.0489836284006504
mango_population,popfold4,113300,GC-D,0.1,1,20,0.1283118724822998,120,0.9583333333333334,3.6516684180897636,3.654607168797039,3.7621086411480897,1.0,0.9140268966305114,0.46729820465050304,0.7888365365349937
mango_population,popfold4,114500,GC-D,0.1,1,20,0.1283118724822998,80,0.0125,3.4044360511287124,3.3798314108008336,35.89672763808592,1.0,3.3880465227225467,3.320784413314494,0.6759897538133339
mango_population,popfold4,114900,GC-D,0.1,1,20,0.1283118724822998,160,0.99375,3.620867310602808,3.7356235215305613,3.624084679682491,1.0,0.5231132885808075,0.19817786544334098,0.4856409071060019
mango_population,popfold4,115400,GC-D,0.1,1,20,0.1283118724822998,160,0.86875,3.736985935627426,3.8194801026639533,5.122508575107126,1.0,1.302880785371776,1.0318930214647133,0.7979187601612449
mango_population,popfold4,121700,GC-D,0.1,1,20,0.1283118724822998,240,0.7,3.910001623734483,3.753479754948609,7.593588832899426,1.0,1.660444029970225,1.2951858269700562,1.0411940603991794
mango_population,popfold4,101600,GC-D2,0.1,1,20,0.14458441734313965,80,0.9125,3.3996163589127164,3.39755453427649,3.919007466301795,1.0,1.1498521229115932,1.0286113899480855,0.5171670768235764
mango_population,popfold4,102400,GC-D2,0.1,1,20,0.14458441734313965,160,0.90625,3.960407260356958,3.979438558788422,4.392182257895753,1.0,1.3806474779354767,-1.2234708933490779,0.6417793123364889
mango_population,popfold4,103110,GC-D2,0.1,1,20,0.14458441734313965,224,0.9776785714285714,3.459248628896624,3.4625416402552176,3.6394199722268508,1.0,0.7232876026980775,0.14536701399117932,0.7101158839018504
mango_population,popfold4,103900,GC-D2,0.1,1,20,0.14458441734313965,320,0.8875,3.30646971731706,3.2981512533311026,3.924176452179837,1.0,1.1221755507419884,-0.946575334858885,0.6036653785615471
mango_population,popfold4,104303,GC-D2,0.1,1,20,0.14458441734313965,1416,0.9209039548022598,3.5528740119057365,3.5228675254526793,4.1307783195606556,1.0,0.9650748039052792,-0.6012086939265817,0.7551955058257886
mango_population,popfold4,105201,GC-D2,0.1,1,20,0.14458441734313965,320,1.0,3.749358286050871,3.740604922690114,3.749358286050871,1.0,0.550387460560734,0.032222732673281705,0.5503039249106784
mango_population,popfold4,108200,GC-D2,0.1,1,20,0.14458441734313965,320,0.98125,3.736091756124395,3.7360994609500153,3.815268713997186,1.0,0.7666879368189293,-0.25245329837826924,0.725065929058336
mango_population,popfold4,108800,GC-D2,0.1,1,20,0.14458441734313965,400,0.99,3.5040969480217607,3.4852502391141416,3.522802466171143,1.0,0.670533781636499,0.28273224123650886,0.6087729818575426
mango_population,popfold4,108900,GC-D2,0.1,1,20,0.14458441734313965,400,0.995,3.538579908317981,3.4974850204306858,3.5532681205671057,1.0,0.6511878413364287,0.33044733749641425,0.5618178174425571
mango_population,popfold4,109200,GC-D2,0.1,1,20,0.14458441734313965,400,0.9825,3.7667763800077245,3.736950576433614,3.8234849921758394,1.0,0.8174900038305266,0.36504764291312,0.7323735743439977
mango_population,popfold4,109800,GC-D2,0.1,1,20,0.14458441734313965,78,0.47435897435897434,3.8603777351401196,3.870161233525824,10.14264221055268,1.0,2.1016319346615577,-1.9774645565351323,0.7162880132661441
mango_population,popfold4,110100,GC-D2,0.1,1,20,0.14458441734313965,480,0.94375,3.5907415770293825,3.570472217705582,3.9373136551795636,1.0,0.9084181706617764,-0.11916640032779237,0.9015076818107705
mango_population,popfold4,110700,GC-D2,0.1,1,20,0.14458441734313965,240,0.9583333333333334,3.9924054122520527,4.125515113629261,4.475133826474735,1.0,1.0821058317583532,0.764931302665413,0.7669969478337628
mango_population,popfold4,111201,GC-D2,0.1,1,20,0.14458441734313965,72,0.8333333333333334,3.5765321547946454,3.572234100695157,5.395021267529804,1.0,1.4153211487870558,-1.0104254163033555,0.9980019413810983
mango_population,popfold4,111500,GC-D2,0.1,1,20,0.14458441734313965,480,0.9041666666666667,3.882431532895263,3.867718573695977,4.819510828996881,1.0,1.1940456172996154,-0.5724252912530902,1.0489836284006504
mango_population,popfold4,113300,GC-D2,0.1,1,20,0.14458441734313965,120,0.9583333333333334,3.7323939808505773,3.7138264954567823,3.8721854206045645,1.0,0.9140268966305114,0.46729820465050304,0.7888365365349937
mango_population,popfold4,114500,GC-D2,0.1,1,20,0.14458441734313965,80,0.0125,3.2692152110473884,3.261505594853782,37.07090455126507,1.0,3.3880465227225467,3.320784413314494,0.6759897538133339
mango_population,popfold4,114900,GC-D2,0.1,1,20,0.14458441734313965,160,0.99375,3.336698948677219,3.4883998515247505,3.3542973951592785,1.0,0.5231132885808075,0.19817786544334098,0.4856409071060019
mango_population,popfold4,115400,GC-D2,0.1,1,20,0.14458441734313965,160,0.90625,3.8433615760525237,3.774326312328351,4.6923897631496505,1.0,1.302880785371776,1.0318930214647133,0.7979187601612449
mango_population,popfold4,121700,GC-D2,0.1,1,20,0.14458441734313965,240,0.7083333333333334,3.823027686376738,3.7217150301173225,7.3967580623856835,1.0,1.660444029970225,1.2951858269700562,1.0411940603991794
mango_population,popfold4,101600,GC-CQR,0.1,1,20,68.06629705429077,80,0.825,3.242411441580829,3.1688171762315216,4.019692544861554,1.0,1.1498521229115932,1.0286113899480855,0.5171670768235764
mango_population,popfold4,102400,GC-CQR,0.1,1,20,68.06629705429077,160,1.0,4.710469099394157,4.723661368235635,4.710469099394157,1.0,1.3806474779354767,-1.2234708933490779,0.6417793123364889
mango_population,popfold4,103110,GC-CQR,0.1,1,20,68.06629705429077,224,0.8839285714285714,3.183833438647148,3.1566635167159065,4.192620057104394,1.0,0.7232876026980775,0.14536701399117932,0.7101158839018504
mango_population,popfold4,103900,GC-CQR,0.1,1,20,68.06629705429077,320,0.98125,3.7001882971503846,3.691841067426971,3.807599104866359,1.0,1.1221755507419884,-0.946575334858885,0.6036653785615471
mango_population,popfold4,104303,GC-CQR,0.1,1,20,68.06629705429077,1416,0.9442090395480226,3.3862534292394733,3.339840500719326,3.717931077952516,1.0,0.9650748039052792,-0.6012086939265817,0.7551955058257886
mango_population,popfold4,105201,GC-CQR,0.1,1,20,68.06629705429077,320,0.896875,4.111828275387664,4.136275187290036,5.065216190118649,1.0,0.550387460560734,0.032222732673281705,0.5503039249106784
mango_population,popfold4,108200,GC-CQR,0.1,1,20,68.06629705429077,320,0.95625,3.6754037128463475,3.6699481448943843,4.019038587855422,1.0,0.7666879368189293,-0.25245329837826924,0.725065929058336
mango_population,popfold4,108800,GC-CQR,0.1,1,20,68.06629705429077,400,0.97,3.2616379835863647,3.1776026641908377,3.486187230068262,1.0,0.670533781636499,0.28273224123650886,0.6087729818575426
mango_population,popfold4,108900,GC-CQR,0.1,1,20,68.06629705429077,400,0.975,3.333167466432571,3.2387652253981223,3.453586696099062,1.0,0.6511878413364287,0.33044733749641425,0.5618178174425571
mango_population,popfold4,109200,GC-CQR,0.1,1,20,68.06629705429077,400,0.9975,3.809032399766967,3.7588099857102533,3.8124958460368226,1.0,0.8174900038305266,0.36504764291312,0.7323735743439977
mango_population,popfold4,109800,GC-CQR,0.1,1,20,68.06629705429077,78,0.6410256410256411,5.1199283072099755,5.2015118629828425,8.98573137667796,1.0,2.1016319346615577,-1.9774645565351323,0.7162880132661441
mango_population,popfold4,110100,GC-CQR,0.1,1,20,68.06629705429077,480,0.9145833333333333,3.236432821254478,3.218147469391236,3.669715575830353,1.0,0.9084181706617764,-0.11916640032779237,0.9015076818107705
mango_population,popfold4,110700,GC-CQR,0.1,1,20,68.06629705429077,240,0.9333333333333333,3.3344081776382932,3.3381327790540762,4.086756023250464,1.0,1.0821058317583532,0.764931302665413,0.7669969478337628
mango_population,popfold4,111201,GC-CQR,0.1,1,20,68.06629705429077,72,0.9583333333333334,4.428436118789303,4.395741108838329,4.730840520208285,1.0,1.4153211487870558,-1.0104254163033555,0.9980019413810983
mango_population,popfold4,111500,GC-CQR,0.1,1,20,68.06629705429077,480,0.9229166666666667,3.8161604835870104,3.6380581193092167,4.324339595753341,1.0,1.1940456172996154,-0.5724252912530902,1.0489836284006504
mango_population,popfold4,113300,GC-CQR,0.1,1,20,68.06629705429077,120,0.9666666666666667,3.670948370408588,3.565759243032394,3.805321900502153,1.0,0.9140268966305114,0.46729820465050304,0.7888365365349937
mango_population,popfold4,114500,GC-CQR,0.1,1,20,68.06629705429077,80,0.15,4.233920276680634,4.1372430267890845,22.818486910727255,1.0,3.3880465227225467,3.320784413314494,0.6759897538133339
mango_population,popfold4,114900,GC-CQR,0.1,1,20,68.06629705429077,160,1.0,3.9655764625326597,3.9243995743708657,3.9655764625326597,1.0,0.5231132885808075,0.19817786544334098,0.4856409071060019
mango_population,popfold4,115400,GC-CQR,0.1,1,20,68.06629705429077,160,0.9,3.866967430868752,3.6819112724245775,4.346738340266404,1.0,1.302880785371776,1.0318930214647133,0.7979187601612449
mango_population,popfold4,121700,GC-CQR,0.1,1,20,68.06629705429077,240,0.7125,4.2626308013635335,4.189009014691279,6.565481627156601,1.0,1.660444029970225,1.2951858269700562,1.0411940603991794
mango_population,popfold4,101600,CQR,0.1,1,20,6.5636887550354,80,0.7,2.859051280140897,2.8618480637472734,4.231513998267896,1.0,1.1498521229115932,1.0286113899480855,0.5171670768235764
mango_population,popfold4,102400,CQR,0.1,1,20,6.5636887550354,160,0.975,4.2039184427809655,4.074469687306494,4.298877157352171,1.0,1.3806474779354767,-1.2234708933490779,0.6417793123364889
mango_population,popfold4,103110,CQR,0.1,1,20,6.5636887550354,224,0.8571428571428571,2.798309079266604,2.7912889887870307,4.2285955516964036,1.0,0.7232876026980775,0.14536701399117932,0.7101158839018504
mango_population,popfold4,103900,CQR,0.1,1,20,6.5636887550354,320,0.946875,3.1720241995784515,3.1629498386978163,3.424120401178462,1.0,1.1221755507419884,-0.946575334858885,0.6036653785615471
mango_population,popfold4,104303,CQR,0.1,1,20,6.5636887550354,1416,0.8968926553672316,2.916384819101911,2.893190724752051,3.7687111646739995,1.0,0.9650748039052792,-0.6012086939265817,0.7551955058257886
mango_population,popfold4,105201,CQR,0.1,1,20,6.5636887550354,320,0.79375,3.607598926948408,3.574341030016237,6.21978210999479,1.0,0.550387460560734,0.032222732673281705,0.5503039249106784
mango_population,popfold4,108200,CQR,0.1,1,20,6.5636887550354,320,0.934375,3.2733868129865336,3.2198497295837223,3.7883154678325965,1.0,0.7666879368189293,-0.25245329837826924,0.725065929058336
mango_population,popfold4,108800,CQR,0.1,1,20,6.5636887550354,400,0.885,2.697943795215304,2.5958617749491415,3.3416581498080324,1.0,0.670533781636499,0.28273224123650886,0.6087729818575426
mango_population,popfold4,108900,CQR,0.1,1,20,6.5636887550354,400,0.8625,2.8640991779826845,2.7361319968387017,3.4797919070626846,1.0,0.6511878413364287,0.33044733749641425,0.5618178174425571
mango_population,popfold4,109200,CQR,0.1,1,20,6.5636887550354,400,0.9775,3.3920615906302953,3.3251168659742945,3.4466344193645195,1.0,0.8174900038305266,0.36504764291312,0.7323735743439977
mango_population,popfold4,109800,CQR,0.1,1,20,6.5636887550354,78,0.6282051282051282,5.044873108017701,4.992926443428985,8.476316531025851,1.0,2.1016319346615577,-1.9774645565351323,0.7162880132661441
mango_population,popfold4,110100,CQR,0.1,1,20,6.5636887550354,480,0.8375,2.7171172002894703,2.694828037708893,3.658859172334011,1.0,0.9084181706617764,-0.11916640032779237,0.9015076818107705
mango_population,popfold4,110700,CQR,0.1,1,20,6.5636887550354,240,0.9083333333333333,2.9615758806140327,2.9453032758859043,4.041644863229201,1.0,1.0821058317583532,0.764931302665413,0.7669969478337628
mango_population,popfold4,111201,CQR,0.1,1,20,6.5636887550354,72,0.9027777777777778,3.853869153302205,3.7939704109359305,4.850500001573867,1.0,1.4153211487870558,-1.0104254163033555,0.9980019413810983
mango_population,popfold4,111500,CQR,0.1,1,20,6.5636887550354,480,0.8604166666666667,3.2938656828354906,3.1477361384067324,4.963417619440232,1.0,1.1940456172996154,-0.5724252912530902,1.0489836284006504
mango_population,popfold4,113300,CQR,0.1,1,20,6.5636887550354,120,0.925,3.141693226191717,3.065273606842731,3.4446788292375947,1.0,0.9140268966305114,0.46729820465050304,0.7888365365349937
mango_population,popfold4,114500,CQR,0.1,1,20,6.5636887550354,80,0.05,3.727872816953706,3.7284772536031037,26.46114430731033,1.0,3.3880465227225467,3.320784413314494,0.6759897538133339
mango_population,popfold4,114900,CQR,0.1,1,20,6.5636887550354,160,0.95,3.751222541763704,3.7472989264505774,3.8702032052100153,1.0,0.5231132885808075,0.19817786544334098,0.4856409071060019
mango_population,popfold4,115400,CQR,0.1,1,20,6.5636887550354,160,0.83125,3.4121863723830246,3.2220257949352247,4.59325824054257,1.0,1.302880785371776,1.0318930214647133,0.7979187601612449
mango_population,popfold4,121700,CQR,0.1,1,20,6.5636887550354,240,0.6,3.865410820169572,3.8450969550628944,8.663443320971082,1.0,1.660444029970225,1.2951858269700562,1.0411940603991794
mango_population,popfold4,101600,SCP,0.1,1,20,0.00038123130798339844,80,0.925,3.5776903281016104,3.5776903281016104,4.116202426918585,1.0,1.1498521229115932,1.0286113899480855,0.5171670768235764
mango_population,popfold4,102400,SCP,0.1,1,20,0.00038123130798339844,160,0.8625,3.5776903281016104,3.5776903281016104,4.5693925609125445,1.0,1.3806474779354767,-1.2234708933490779,0.6417793123364889
mango_population,popfold4,103110,SCP,0.1,1,20,0.00038123130798339844,224,0.9776785714285714,3.5776903281016104,3.5776903281016104,3.721617260098469,1.0,0.7232876026980775,0.14536701399117932,0.7101158839018504
mango_population,popfold4,103900,SCP,0.1,1,20,0.00038123130798339844,320,0.925,3.5776903281016104,3.5776903281016104,4.044391670805942,1.0,1.1221755507419884,-0.946575334858885,0.6036653785615471
mango_population,popfold4,104303,SCP,0.1,1,20,0.00038123130798339844,1416,0.9427966101694916,3.577690328101611,3.5776903281016104,3.9538175854661315,1.0,0.9650748039052792,-0.6012086939265817,0.7551955058257886
mango_population,popfold4,105201,SCP,0.1,1,20,0.00038123130798339844,320,1.0,3.5776903281016104,3.5776903281016104,3.5776903281016104,1.0,0.550387460560734,0.032222732673281705,0.5503039249106784
mango_population,popfold4,108200,SCP,0.1,1,20,0.00038123130798339844,320,0.98125,3.5776903281016104,3.5776903281016104,3.644128006124524,1.0,0.7666879368189293,-0.25245329837826924,0.725065929058336
mango_population,popfold4,108800,SCP,0.1,1,20,0.00038123130798339844,400,0.9925,3.5776903281016104,3.5776903281016104,3.5939102045565083,1.0,0.670533781636499,0.28273224123650886,0.6087729818575426
mango_population,popfold4,108900,SCP,0.1,1,20,0.00038123130798339844,400,0.9975,3.5776903281016104,3.5776903281016104,3.5822239068902695,1.0,0.6511878413364287,0.33044733749641425,0.5618178174425571
mango_population,popfold4,109200,SCP,0.1,1,20,0.00038123130798339844,400,0.9675,3.5776903281016104,3.5776903281016104,3.690727626930636,1.0,0.8174900038305266,0.36504764291312,0.7323735743439977
mango_population,popfold4,109800,SCP,0.1,1,20,0.00038123130798339844,78,0.44871794871794873,3.5776903281016095,3.5776903281016104,11.18927004318466,1.0,2.1016319346615577,-1.9774645565351323,0.7162880132661441
mango_population,popfold4,110100,SCP,0.1,1,20,0.00038123130798339844,480,0.9541666666666667,3.5776903281016104,3.5776903281016104,3.853739963545225,1.0,0.9084181706617764,-0.11916640032779237,0.9015076818107705
mango_population,popfold4,110700,SCP,0.1,1,20,0.00038123130798339844,240,0.8833333333333333,3.5776903281016104,3.5776903281016104,4.35981624514344,1.0,1.0821058317583532,0.764931302665413,0.7669969478337628
mango_population,popfold4,111201,SCP,0.1,1,20,0.00038123130798339844,72,0.8333333333333334,3.5776903281016104,3.5776903281016104,5.419209544482991,1.0,1.4153211487870558,-1.0104254163033555,0.9980019413810983
mango_population,popfold4,111500,SCP,0.1,1,20,0.00038123130798339844,480,0.88125,3.5776903281016104,3.5776903281016104,4.8660987719055155,1.0,1.1940456172996154,-0.5724252912530902,1.0489836284006504
mango_population,popfold4,113300,SCP,0.1,1,20,0.00038123130798339844,120,0.9333333333333333,3.5776903281016104,3.5776903281016104,3.8139959679242406,1.0,0.9140268966305114,0.46729820465050304,0.7888365365349937
mango_population,popfold4,114500,SCP,0.1,1,20,0.00038123130798339844,80,0.0125,3.5776903281016104,3.5776903281016104,35.28511062890994,1.0,3.3880465227225467,3.320784413314494,0.6759897538133339
mango_population,popfold4,114900,SCP,0.1,1,20,0.00038123130798339844,160,1.0,3.5776903281016104,3.5776903281016104,3.5776903281016104,1.0,0.5231132885808075,0.19817786544334098,0.4856409071060019
mango_population,popfold4,115400,SCP,0.1,1,20,0.00038123130798339844,160,0.8625,3.5776903281016104,3.5776903281016104,5.305639623690738,1.0,1.302880785371776,1.0318930214647133,0.7979187601612449
mango_population,popfold4,121700,SCP,0.1,1,20,0.00038123130798339844,240,0.6541666666666667,3.5776903281016104,3.5776903281016104,8.295566375664869,1.0,1.660444029970225,1.2951858269700562,1.0411940603991794
mango_population,popfold5,100700,GC-D,0.1,1,19,0.12870287895202637,780,0.5564102564102564,3.5997068482729366,3.588432247273083,11.726736495698765,1.0,2.094032111767176,1.7500621735994575,1.150630368866729
mango_population,popfold5,102501,GC-D,0.1,1,19,0.12870287895202637,400,0.975,3.7252157535256085,3.711231252596127,3.8385157509927255,1.0,0.8538796188661751,-0.023414483354677548,0.854627483658136
mango_population,popfold5,103104,GC-D,0.1,1,19,0.12870287895202637,399,0.9824561403508771,3.4881063871489726,3.3572047824344313,3.5385040290360936,1.0,0.6499230549788313,0.012162475452700744,0.6506250735921988
mango_population,popfold5,103300,GC-D,0.1,1,19,0.12870287895202637,240,0.9125,3.471464984422592,3.455311970330989,3.8759070614799183,1.0,1.0169691524173465,0.4160272132504661,0.9299197507843993
mango_population,popfold5,103500,GC-D,0.1,1,19,0.12870287895202637,352,0.8806818181818182,3.2885589563677513,3.273562744294602,3.9649471050569174,1.0,1.0884789651423117,-0.902888160842275,0.6087958273570521
mango_population,popfold5,103600,GC-D,0.1,1,19,0.12870287895202637,320,0.975,3.4960670471634714,3.4952832556846154,3.623875303344387,1.0,0.7668120568064676,-0.0029939941589762764,0.7680071619720531
mango_population,popfold5,104000,GC-D,0.1,1,19,0.12870287895202637,60,0.9,3.858016136322965,3.874888932281273,5.001402895499571,1.0,1.1651939759963563,-0.8788808241094307,0.7714693214531048
mango_population,popfold5,104302,GC-D,0.1,1,19,0.12870287895202637,600,0.9516666666666667,3.7168805071723243,3.6966216173992583,3.939988185620059,1.0,0.8768660312344175,-0.31736636524205464,0.8181003038285622
mango_population,popfold5,104500,GC-D,0.1,1,19,0.12870287895202637,924,0.9015151515151515,3.5858167221568658,3.5142949278769926,4.138065158300033,1.0,1.1691667911935484,0.9814614146627205,0.6357057797873944
mango_population,popfold5,104800,GC-D,0.1,1,19,0.12870287895202637,400,0.965,3.5744426706573154,3.5577086991829567,3.743074466511914,1.0,0.8338824275728356,0.5917367896681804,0.5882794033526784
mango_population,popfold5,106000,GC-D,0.1,1,19,0.12870287895202637,240,0.9958333333333333,3.371731858446403,3.38742255278808,3.3851640154981295,1.0,0.6705009454177271,0.28782258991467763,0.6068476813217325
mango_population,popfold5,106900,GC-D,0.1,1,19,0.12870287895202637,400,0.9125,3.5128999959845624,3.480848084426082,4.2614232679318045,1.0,0.9596627787606019,-0.461832734713997,0.8422806931184587
mango_population,popfold5,109000,GC-D,0.1,1,19,0.12870287895202637,480,0.7166666666666667,3.507905856446858,3.3923727221385462,7.001256064888159,1.0,1.6053254698755859,1.2820170231361945,0.9671871964735733
mango_population,popfold5,110300,GC-D,0.1,1,19,0.12870287895202637,480,0.9541666666666667,3.617049044867746,3.563634865465258,3.8840241133447444,1.0,0.8443295143853078,-0.4763160650473837,0.6978753333033838
mango_population,popfold5,111200,GC-D,0.1,1,19,0.12870287895202637,240,0.9583333333333334,3.5233839418989494,3.4970611418046573,3.7032425371639417,1.0,0.8888459408467168,-0.6406243472664087,0.6174431437236849
mango_population,popfold5,114200,GC-D,0.1,1,19,0.12870287895202637,800,0.9475,3.8311055001649765,3.7846069601669914,4.152710662277159,1.0,0.9891037622774258,-0.21998365495481592,0.964933840088928
mango_population,popfold5,114600,GC-D,0.1,1,19,0.12870287895202637,80,0.3875,3.6427253985426544,3.654078274927908,13.603679998534364,1.0,2.2891865117382344,2.12832150613387,0.8483028191420638
mango_population,popfold5,115300,GC-D,0.1,1,19,0.12870287895202637,160,0.9375,4.141908516035365,4.230348273348799,4.561994843393896,1.0,1.275811633246981,1.0811939388157212,0.6794115027984284
mango_population,popfold5,121900,GC-D,0.1,1,19,0.12870287895202637,48,1.0,3.6461422486720676,3.641572336096135,3.6461422486720676,1.0,0.7553065823566132,0.4977775888535276,0.574083251775459
mango_population,popfold5,200100,GC-D,0.1,1,19,0.12870287895202637,190,0.9736842105263158,3.1128090209636703,3.098333772108586,3.1926112488039844,1.0,0.6149986996304239,-0.23209447721294704,0.5710269005465245
mango_population,popfold5,100700,GC-D2,0.1,1,19,0.14399003982543945,780,0.5974358974358974,3.75608691642431,3.701104218880854,11.55610086755065,1.0,2.094032111767176,1.7500621735994575,1.150630368866729
mango_population,popfold5,102501,GC-D2,0.1,1,19,0.14399003982543945,400,0.97,3.488265948893408,3.44677709321882,3.6502166533393745,1.0,0.8538796188661751,-0.023414483354677548,0.854627483658136
mango_population,popfold5,103104,GC-D2,0.1,1,19,0.14399003982543945,399,0.9824561403508771,3.4872032484687074,3.3644153637556027,3.535538223814632,1.0,0.6499230549788313,0.012162475452700744,0.6506250735921988
mango_population,popfold5,103300,GC-D2,0.1,1,19,0.14399003982543945,240,0.9,3.442337626292448,3.446066752539431,3.8886789567590085,1.0,1.0169691524173465,0.4160272132504661,0.9299197507843993
mango_population,popfold5,103500,GC-D2,0.1,1,19,0.14399003982543945,352,0.8778409090909091,3.2713308023762395,3.263114259758937,3.9047261266293094,1.0,1.0884789651423117,-0.902888160842275,0.6087958273570521
mango_population,popfold5,103600,GC-D2,0.1,1,19,0.14399003982543945,320,0.975,3.418500160501472,3.41381821982543,3.5634125786359525,1.0,0.7668120568064676,-0.0029939941589762764,0.7680071619720531
mango_population,popfold5,104000,GC-D2,0.1,1,19,0.14399003982543945,60,0.9,3.948016831029783,3.9639182675047344,5.166108270485806,1.0,1.1651939759963563,-0.8788808241094307,0.7714693214531048
mango_population,popfold5,104302,GC-D2,0.1,1,19,0.14399003982543945,600,0.945,3.614763447100698,3.61623251255039,3.9323676901362976,1.0,0.8768660312344175,-0.31736636524205464,0.8181003038285622
mango_population,popfold5,104500,GC-D2,0.1,1,19,0.14399003982543945,924,0.8625541125541125,3.3281232773266036,3.227434525536788,4.200762715717709,1.0,1.1691667911935484,0.9814614146627205,0.6357057797873944
mango_population,popfold5,104800,GC-D2,0.1,1,19,0.14399003982543945,400,0.96,3.499826321733428,3.4569390787367222,3.6914344755945097,1.0,0.8338824275728356,0.5917367896681804,0.5882794033526784
mango_population,popfold5,106000,GC-D2,0.1,1,19,0.14399003982543945,240,0.9916666666666667,3.445969909291497,3.4562077260448767,3.447557563575414,1.0,0.6705009454177271,0.28782258991467763,0.6068476813217325
mango_population,popfold5,106900,GC-D2,0.1,1,19,0.14399003982543945,400,0.9475,3.8948716969400823,3.837559845331633,4.389700281593373,1.0,0.9596627787606019,-0.461832734713997,0.8422806931184587
mango_population,popfold5,109000,GC-D2,0.1,1,19,0.14399003982543945,480,0.7875,3.8395881284384035,3.7148941057988836,6.057321599956199,1.0,1.6053254698755859,1.2820170231361945,0.9671871964735733
mango_population,popfold5,110300,GC-D2,0.1,1,19,0.14399003982543945,480,0.95,3.5589548117261165,3.523711536204348,3.905735873497102,1.0,0.8443295143853078,-0.4763160650473837,0.6978753333033838
mango_population,popfold5,111200,GC-D2,0.1,1,19,0.14399003982543945,240,0.9666666666666667,3.760468094078416,3.7419761911067226,3.889757108201614,1.0,0.8888459408467168,-0.6406243472664087,0.6174431437236849
mango_population,popfold5,114200,GC-D2,0.1,1,19,0.14399003982543945,800,0.93125,3.6662475595548303,3.637591860687059,4.097150051742853,1.0,0.9891037622774258,-0.21998365495481592,0.964933840088928
mango_population,popfold5,114600,GC-D2,0.1,1,19,0.14399003982543945,80,0.325,3.3420166404629024,3.352452209798246,15.175364923449767,1.0,2.2891865117382344,2.12832150613387,0.8483028191420638
mango_population,popfold5,115300,GC-D2,0.1,1,19,0.14399003982543945,160,0.8875,3.760747018498202,3.8584753295740626,4.577868958781241,1.0,1.275811633246981,1.0811939388157212,0.6794115027984284
mango_population,popfold5,121900,GC-D2,0.1,1,19,0.14399003982543945,48,1.0,3.482819483311486,3.412409374216148,3.482819483311486,1.0,0.7553065823566132,0.4977775888535276,0.574083251775459
mango_population,popfold5,200100,GC-D2,0.1,1,19,0.14399003982543945,190,0.9736842105263158,2.9410341883155873,2.914819427868129,3.042824112463592,1.0,0.6149986996304239,-0.23209447721294704,0.5710269005465245
mango_population,popfold5,100700,GC-CQR,0.1,1,19,65.79782748222351,780,0.8102564102564103,4.562339559788429,4.549913854388813,7.138637684899111,1.0,2.094032111767176,1.7500621735994575,1.150630368866729
mango_population,popfold5,102501,GC-CQR,0.1,1,19,65.79782748222351,400,0.9675,3.9964005618899625,3.9884661711861042,4.093051535177786,1.0,0.8538796188661751,-0.023414483354677548,0.854627483658136
mango_population,popfold5,103104,GC-CQR,0.1,1,19,65.79782748222351,399,0.9899749373433584,3.012061175425552,2.981532899508867,3.0451098453917287,1.0,0.6499230549788313,0.012162475452700744,0.6506250735921988
mango_population,popfold5,103300,GC-CQR,0.1,1,19,65.79782748222351,240,0.9916666666666667,4.334382602943172,4.335887839587217,4.415169028117371,1.0,1.0169691524173465,0.4160272132504661,0.9299197507843993
mango_population,popfold5,103500,GC-CQR,0.1,1,19,65.79782748222351,352,0.9630681818181818,3.7663178177662813,3.775523503361475,3.9118465479789792,1.0,1.0884789651423117,-0.902888160842275,0.6087958273570521
mango_population,popfold5,103600,GC-CQR,0.1,1,19,65.79782748222351,320,1.0,4.47024578703053,4.4628079657894055,4.47024578703053,1.0,0.7668120568064676,-0.0029939941589762764,0.7680071619720531
mango_population,popfold5,104000,GC-CQR,0.1,1,19,65.79782748222351,60,0.8666666666666667,4.148086907398751,4.060573126224644,5.361293471768482,1.0,1.1651939759963563,-0.8788808241094307,0.7714693214531048
mango_population,popfold5,104302,GC-CQR,0.1,1,19,65.79782748222351,600,0.9783333333333334,3.6220287217872547,3.598292838379953,3.6807442245837425,1.0,0.8768660312344175,-0.31736636524205464,0.8181003038285622
mango_population,popfold5,104500,GC-CQR,0.1,1,19,65.79782748222351,924,0.8106060606060606,3.8696698554819333,3.8153669228165086,4.987580452404388,1.0,1.1691667911935484,0.9814614146627205,0.6357057797873944
mango_population,popfold5,104800,GC-CQR,0.1,1,19,65.79782748222351,400,0.755,3.676215039776796,3.615482355328437,6.33462081945672,1.0,0.8338824275728356,0.5917367896681804,0.5882794033526784
mango_population,popfold5,106000,GC-CQR,0.1,1,19,65.79782748222351,240,0.9916666666666667,3.685599588556199,3.7080087367451595,3.727163771611892,1.0,0.6705009454177271,0.28782258991467763,0.6068476813217325
mango_population,popfold5,106900,GC-CQR,0.1,1,19,65.79782748222351,400,0.875,4.766014768108611,4.527428210908774,5.952049461929323,1.0,0.9596627787606019,-0.461832734713997,0.8422806931184587
mango_population,popfold5,109000,GC-CQR,0.1,1,19,65.79782748222351,480,0.99375,4.221515967071797,4.260055301530276,4.226276254877032,1.0,1.6053254698755859,1.2820170231361945,0.9671871964735733
mango_population,popfold5,110300,GC-CQR,0.1,1,19,65.79782748222351,480,0.9791666666666666,3.6962587900381867,3.6762654038348863,3.8030145026080335,1.0,0.8443295143853078,-0.4763160650473837,0.6978753333033838
mango_population,popfold5,111200,GC-CQR,0.1,1,19,65.79782748222351,240,0.8166666666666667,3.444234940175017,3.39568626531533,4.614028704333415,1.0,0.8888459408467168,-0.6406243472664087,0.6174431437236849
mango_population,popfold5,114200,GC-CQR,0.1,1,19,65.79782748222351,800,0.94125,3.966406787199853,3.941493163798497,4.340917199030896,1.0,0.9891037622774258,-0.21998365495481592,0.964933840088928
mango_population,popfold5,114600,GC-CQR,0.1,1,19,65.79782748222351,80,0.5875,4.426981187832677,4.4074176496989175,9.96254605990083,1.0,2.2891865117382344,2.12832150613387,0.8483028191420638
mango_population,popfold5,115300,GC-CQR,0.1,1,19,65.79782748222351,160,0.79375,5.124107272668919,5.10392281397152,7.182024493872154,1.0,1.275811633246981,1.0811939388157212,0.6794115027984284
mango_population,popfold5,121900,GC-CQR,0.1,1,19,65.79782748222351,48,0.9791666666666666,3.307390084433738,3.211461360853109,3.405038399585519,1.0,0.7553065823566132,0.4977775888535276,0.574083251775459
mango_population,popfold5,200100,GC-CQR,0.1,1,19,65.79782748222351,190,1.0,3.581378615197077,3.5458284783099296,3.581378615197077,1.0,0.6149986996304239,-0.23209447721294704,0.5710269005465245
mango_population,popfold5,100700,CQR,0.1,1,19,6.48328161239624,780,0.7423076923076923,3.9160582933232115,3.9144341093244925,7.958493780910684,1.0,2.094032111767176,1.7500621735994575,1.150630368866729
mango_population,popfold5,102501,CQR,0.1,1,19,6.48328161239624,400,0.8975,3.458835097910816,3.417488386094595,3.921266977722047,1.0,0.8538796188661751,-0.023414483354677548,0.854627483658136
mango_population,popfold5,103104,CQR,0.1,1,19,6.48328161239624,399,0.9548872180451128,2.479097543731855,2.464820857777518,2.6326686860255566,1.0,0.6499230549788313,0.012162475452700744,0.6506250735921988
mango_population,popfold5,103300,CQR,0.1,1,19,6.48328161239624,240,0.9791666666666666,3.6698701596920102,3.6720459945313957,3.8313969981151064,1.0,1.0169691524173465,0.4160272132504661,0.9299197507843993
mango_population,popfold5,103500,CQR,0.1,1,19,6.48328161239624,352,0.8636363636363636,3.1873892370218884,3.1882633825501046,4.0535979447282235,1.0,1.0884789651423117,-0.902888160842275,0.6087958273570521
mango_population,popfold5,103600,CQR,0.1,1,19,6.48328161239624,320,0.975,3.8726297024751175,3.8537995198383532,3.9532993466633997,1.0,0.7668120568064676,-0.0029939941589762764,0.7680071619720531
mango_population,popfold5,104000,CQR,0.1,1,19,6.48328161239624,60,0.6666666666666666,3.473980887713546,3.440098178083968,6.206040204820565,1.0,1.1651939759963563,-0.8788808241094307,0.7714693214531048
mango_population,popfold5,104302,CQR,0.1,1,19,6.48328161239624,600,0.95,3.101000232068247,3.080647699191797,3.4240985965331987,1.0,0.8768660312344175,-0.31736636524205464,0.8181003038285622
mango_population,popfold5,104500,CQR,0.1,1,19,6.48328161239624,924,0.6179653679653679,3.350285494320233,3.328215834011359,6.35362093533662,1.0,1.1691667911935484,0.9814614146627205,0.6357057797873944
mango_population,popfold5,104800,CQR,0.1,1,19,6.48328161239624,400,0.64,3.294712925048879,3.26064041961277,7.451150771199029,1.0,0.8338824275728356,0.5917367896681804,0.5882794033526784
mango_population,popfold5,106000,CQR,0.1,1,19,6.48328161239624,240,0.9875,3.0405346983138255,3.0681381021730694,3.1173613154601583,1.0,0.6705009454177271,0.28782258991467763,0.6068476813217325
mango_population,popfold5,106900,CQR,0.1,1,19,6.48328161239624,400,0.8075,4.238350893904749,3.9467112553085286,6.612475978742171,1.0,0.9596627787606019,-0.461832734713997,0.8422806931184587
mango_population,popfold5,109000,CQR,0.1,1,19,6.48328161239624,480,0.9791666666666666,3.6038819744115065,3.624659624797431,3.6704624935736065,1.0,1.6053254698755859,1.2820170231361945,0.9671871964735733
mango_population,popfold5,110300,CQR,0.1,1,19,6.48328161239624,480,0.95,3.113595408112976,3.11463656959819,3.41702411525481,1.0,0.8443295143853078,-0.4763160650473837,0.6978753333033838
mango_population,popfold5,111200,CQR,0.1,1,19,6.48328161239624,240,0.6291666666666667,2.9713415791936058,2.9126045085345744,6.037056936095197,1.0,0.8888459408467168,-0.6406243472664087,0.6174431437236849
mango_population,popfold5,114200,CQR,0.1,1,19,6.48328161239624,800,0.8825,3.4188982557592116,3.3956868412657695,4.3721455738666,1.0,0.9891037622774258,-0.21998365495481592,0.964933840088928
mango_population,popfold5,114600,CQR,0.1,1,19,6.48328161239624,80,0.475,4.004449521488144,4.0101456453393025,11.860929985236137,1.0,2.2891865117382344,2.12832150613387,0.8483028191420638
mango_population,popfold5,115300,CQR,0.1,1,19,6.48328161239624,160,0.65625,4.516532398168696,4.385761551823661,9.620515374880297,1.0,1.275811633246981,1.0811939388157212,0.6794115027984284
mango_population,popfold5,121900,CQR,0.1,1,19,6.48328161239624,48,0.8333333333333334,2.729519173510463,2.695518951191441,3.4064277050594396,1.0,0.7553065823566132,0.4977775888535276,0.574083251775459
mango_population,popfold5,200100,CQR,0.1,1,19,6.48328161239624,190,0.9894736842105263,2.960228037217943,2.936096415979061,2.982612203852365,1.0,0.6149986996304239,-0.23209447721294704,0.5710269005465245
mango_population,popfold5,100700,SCP,0.1,1,19,0.0003848075866699219,780,0.5551282051282052,3.5541438945782384,3.554143894578239,11.764432502776991,1.0,2.094032111767176,1.7500621735994575,1.150630368866729
mango_population,popfold5,102501,SCP,0.1,1,19,0.0003848075866699219,400,0.9675,3.5541438945782384,3.554143894578239,3.7450320529919328,1.0,0.8538796188661751,-0.023414483354677548,0.854627483658136
mango_population,popfold5,103104,SCP,0.1,1,19,0.0003848075866699219,399,0.9924812030075187,3.5541438945782393,3.554143894578239,3.5851991713701605,1.0,0.6499230549788313,0.012162475452700744,0.6506250735921988
mango_population,popfold5,103300,SCP,0.1,1,19,0.0003848075866699219,240,0.9291666666666667,3.5541438945782393,3.554143894578239,3.905107436198501,1.0,1.0169691524173465,0.4160272132504661,0.9299197507843993
mango_population,popfold5,103500,SCP,0.1,1,19,0.0003848075866699219,352,0.9147727272727273,3.5541438945782393,3.554143894578239,4.000698979054411,1.0,1.0884789651423117,-0.902888160842275,0.6087958273570521
mango_population,popfold5,103600,SCP,0.1,1,19,0.0003848075866699219,320,0.98125,3.554143894578239,3.554143894578239,3.6378224728513944,1.0,0.7668120568064676,-0.0029939941589762764,0.7680071619720531
mango_population,popfold5,104000,SCP,0.1,1,19,0.0003848075866699219,60,0.8833333333333333,3.5541438945782384,3.554143894578239,4.880267918388414,1.0,1.1651939759963563,-0.8788808241094307,0.7714693214531048
mango_population,popfold5,104302,SCP,0.1,1,19,0.0003848075866699219,600,0.95,3.554143894578239,3.554143894578239,3.8355557638424043,1.0,0.8768660312344175,-0.31736636524205464,0.8181003038285622
mango_population,popfold5,104500,SCP,0.1,1,19,0.0003848075866699219,924,0.8982683982683982,3.554143894578239,3.554143894578239,4.17395715446076,1.0,1.1691667911935484,0.9814614146627205,0.6357057797873944
mango_population,popfold5,104800,SCP,0.1,1,19,0.0003848075866699219,400,0.9625,3.5541438945782384,3.554143894578239,3.7658590144570177,1.0,0.8338824275728356,0.5917367896681804,0.5882794033526784
mango_population,popfold5,106000,SCP,0.1,1,19,0.0003848075866699219,240,0.9958333333333333,3.554143894578239,3.554143894578239,3.5672231873184264,1.0,0.6705009454177271,0.28782258991467763,0.6068476813217325
mango_population,popfold5,106900,SCP,0.1,1,19,0.0003848075866699219,400,0.925,3.5541438945782384,3.554143894578239,4.146010187306957,1.0,0.9596627787606019,-0.461832734713997,0.8422806931184587
mango_population,popfold5,109000,SCP,0.1,1,19,0.0003848075866699219,480,0.7125,3.554143894578239,3.554143894578239,7.788258988623426,1.0,1.6053254698755859,1.2820170231361945,0.9671871964735733
mango_population,popfold5,110300,SCP,0.1,1,19,0.0003848075866699219,480,0.96875,3.5541438945782393,3.554143894578239,3.7342768902828682,1.0,0.8443295143853078,-0.4763160650473837,0.6978753333033838
mango_population,popfold5,111200,SCP,0.1,1,19,0.0003848075866699219,240,0.975,3.554143894578239,3.554143894578239,3.66729576629194,1.0,0.8888459408467168,-0.6406243472664087,0.6174431437236849
mango_population,popfold5,114200,SCP,0.1,1,19,0.0003848075866699219,800,0.92375,3.5541438945782384,3.554143894578239,4.03158273849578,1.0,0.9891037622774258,-0.21998365495481592,0.964933840088928
mango_population,popfold5,114600,SCP,0.1,1,19,0.0003848075866699219,80,0.325,3.554143894578239,3.554143894578239,14.626207517800003,1.0,2.2891865117382344,2.12832150613387,0.8483028191420638
mango_population,popfold5,115300,SCP,0.1,1,19,0.0003848075866699219,160,0.8125,3.554143894578239,3.554143894578239,4.754994702747082,1.0,1.275811633246981,1.0811939388157212,0.6794115027984284
mango_population,popfold5,121900,SCP,0.1,1,19,0.0003848075866699219,48,1.0,3.554143894578239,3.554143894578239,3.554143894578239,1.0,0.7553065823566132,0.4977775888535276,0.574083251775459
mango_population,popfold5,200100,SCP,0.1,1,19,0.0003848075866699219,190,0.9947368421052631,3.5541438945782398,3.554143894578239,3.558821606885932,1.0,0.6149986996304239,-0.23209447721294704,0.5710269005465245
mango_population,popfold6,100500,GC-D,0.1,1,18,0.12566041946411133,1200,0.9858333333333333,3.564063081454817,3.5525666672448786,3.727317038909085,1.0,0.7526793964065439,-0.060371024562401086,0.7505671671444211
mango_population,popfold6,101500,GC-D,0.1,1,18,0.12566041946411133,80,1.0,3.768334966159731,3.7423149636511246,3.768334966159731,1.0,0.8690571722829109,0.5103287244695582,0.7078760970590025
mango_population,popfold6,102600,GC-D,0.1,1,18,0.12566041946411133,180,0.9277777777777778,3.297158186738127,3.257263433083038,3.7921322269863085,1.0,0.93776179990363,-0.6943998468575056,0.6320008498672701
mango_population,popfold6,105500,GC-D,0.1,1,18,0.12566041946411133,234,0.9700854700854701,3.313032491106739,3.2265746633311236,3.425011197782151,1.0,0.7812171287943236,0.4076801980963699,0.6678346010507072
mango_population,popfold6,106100,GC-D,0.1,1,18,0.12566041946411133,720,0.9388888888888889,4.366203405407395,4.337897704611866,4.9087637042896874,1.0,1.1764655038466965,-0.7421606214632531,0.9134700985483034
mango_population,popfold6,106300,GC-D,0.1,1,18,0.12566041946411133,720,0.8833333333333333,3.818728965754864,3.7674128903959225,5.097011762825168,1.0,1.316781749260426,-0.8321325991494167,1.0212335726238595
mango_population,popfold6,106500,GC-D,0.1,1,18,0.12566041946411133,1200,0.9741666666666666,3.469026359577759,3.4572392989707685,3.675852712671675,1.0,0.7642735273926402,-0.3557536487102549,0.6767089319527881
mango_population,popfold6,107205,GC-D,0.1,1,18,0.12566041946411133,80,0.325,3.2646877791876343,3.2730185507348004,9.558421212079308,1.0,1.9188979015864644,-1.5872062499336486,1.0852033476292924
mango_population,popfold6,107500,GC-D,0.1,1,18,0.12566041946411133,1008,0.9712301587301587,3.7033413884653683,3.7060884759023045,3.944449948456784,1.0,0.9105103242218392,0.6408973522009529,0.6470664621865447
mango_population,popfold6,107600,GC-D,0.1,1,18,0.12566041946411133,960,0.9666666666666667,3.7344528892133164,3.7393214011760296,3.9640997304080816,1.0,0.8851109200690108,0.6315661412515253,0.6204405983050234
mango_population,popfold6,110400,GC-D,0.1,1,18,0.12566041946411133,400,0.8475,3.535641970210753,3.4850647125214316,5.122132795300795,1.0,1.2238369239896245,0.6723955944589463,1.0238562815580128
mango_population,popfold6,110802,GC-D,0.1,1,18,0.12566041946411133,40,1.0,3.509377705909221,3.5070646468878124,3.509377705909221,1.0,0.7924254884496658,0.50909433076161,0.6149931141003538
mango_population,popfold6,110900,GC-D,0.1,1,18,0.12566041946411133,240,0.7,3.605886392398861,3.536306144708888,5.766446065712569,1.0,1.6328500690316152,-1.5279273339927533,0.5770831952155447
mango_population,popfold6,111600,GC-D,0.1,1,18,0.12566041946411133,480,0.9625,3.7283346204359082,3.6709353597974506,3.9817661524475816,1.0,0.9306885061972217,-0.3501258022581924,0.8632180514909783
mango_population,popfold6,112300,GC-D,0.1,1,18,0.12566041946411133,480,0.88125,4.19702773912472,4.196284509686798,5.270114693186513,1.0,1.302266093839196,0.5692352881094622,1.1724897403955161
mango_population,popfold6,114700,GC-D,0.1,1,18,0.12566041946411133,240,0.9791666666666666,3.899090972575368,3.746137611868888,3.9398505925856084,1.0,0.8250306020925813,0.4569368225949294,0.6883739140680033
mango_population,popfold6,115200,GC-D,0.1,1,18,0.12566041946411133,160,0.86875,4.091321064955926,4.234565774511393,5.6529492976104905,1.0,1.4056903746533,0.7752368943191632,1.1762741250179443
mango_population,popfold6,121800,GC-D,0.1,1,18,0.12566041946411133,96,0.9791666666666666,3.7481611198742435,3.7006487031108106,4.0935688946995485,1.0,0.98427252435918,-0.6113383012864203,0.7754493218671975
mango_population,popfold6,122200,GC-D,0.1,1,18,0.12566041946411133,72,0.8333333333333334,3.833025877220864,3.792366932700072,5.53312920726267,1.0,1.3493754664741398,1.1112168946858403,0.7708857508294907
mango_population,popfold6,200200,GC-D,0.1,1,18,0.12566041946411133,414,0.9975845410628019,3.426196973242401,3.4191541829624583,3.4264763043906807,1.0,0.609247754515482,0.28044536708012807,0.5415178070504928
mango_population,popfold6,100500,GC-D2,0.1,1,18,0.13573384284973145,1200,0.9916666666666667,3.8103179260790663,3.792031785839445,3.9599481090138973,1.0,0.7526793964065439,-0.060371024562401086,0.7505671671444211
mango_population,popfold6,101500,GC-D2,0.1,1,18,0.13573384284973145,80,1.0,3.8068509117684344,3.6191894915620004,3.8068509117684344,1.0,0.8690571722829109,0.5103287244695582,0.7078760970590025
mango_population,popfold6,102600,GC-D2,0.1,1,18,0.13573384284973145,180,0.9222222222222223,3.314956935912636,3.229018159894233,3.8375062113887,1.0,0.93776179990363,-0.6943998468575056,0.6320008498672701
mango_population,popfold6,105500,GC-D2,0.1,1,18,0.13573384284973145,234,0.9572649572649573,3.1923123122899195,3.1011312785355507,3.3393929463322576,1.0,0.7812171287943236,0.4076801980963699,0.6678346010507072
mango_population,popfold6,106100,GC-D2,0.1,1,18,0.13573384284973145,720,0.9333333333333333,4.301685574823445,4.258536962275561,4.956778500932265,1.0,1.1764655038466965,-0.7421606214632531,0.9134700985483034
mango_population,popfold6,106300,GC-D2,0.1,1,18,0.13573384284973145,720,0.8375,3.5162496902704454,3.477763649322541,5.299361724980627,1.0,1.316781749260426,-0.8321325991494167,1.0212335726238595
mango_population,popfold6,106500,GC-D2,0.1,1,18,0.13573384284973145,1200,0.9775,3.7542397677227495,3.7287190379638453,3.903056296865628,1.0,0.7642735273926402,-0.3557536487102549,0.6767089319527881
mango_population,popfold6,107205,GC-D2,0.1,1,18,0.13573384284973145,80,0.3875,3.426043398674362,3.436256457460545,8.787439955342768,1.0,1.9188979015864644,-1.5872062499336486,1.0852033476292924
mango_population,popfold6,107500,GC-D2,0.1,1,18,0.13573384284973145,1008,0.9742063492063492,3.706127301175227,3.6621137294316046,3.8904714560321185,1.0,0.9105103242218392,0.6408973522009529,0.6470664621865447
mango_population,popfold6,107600,GC-D2,0.1,1,18,0.13573384284973145,960,0.965625,3.6192756306854945,3.609807822250853,3.8374814451968557,1.0,0.8851109200690108,0.6315661412515253,0.6204405983050234
mango_population,popfold6,110400,GC-D2,0.1,1,18,0.13573384284973145,400,0.875,3.735992730945006,3.7360416423543876,4.926327300828905,1.0,1.2238369239896245,0.6723955944589463,1.0238562815580128
mango_population,popfold6,110802,GC-D2,0.1,1,18,0.13573384284973145,40,0.975,3.3486754840333797,3.333649226301194,3.3891895597375274,1.0,0.7924254884496658,0.50909433076161,0.6149931141003538
mango_population,popfold6,110900,GC-D2,0.1,1,18,0.13573384284973145,240,0.7291666666666666,3.8482614693012347,3.8028459404849215,5.527250910327172,1.0,1.6328500690316152,-1.5279273339927533,0.5770831952155447
mango_population,popfold6,111600,GC-D2,0.1,1,18,0.13573384284973145,480,0.9729166666666667,3.9035567244434755,3.8208578172121976,4.108096900410275,1.0,0.9306885061972217,-0.3501258022581924,0.8632180514909783
mango_population,popfold6,112300,GC-D2,0.1,1,18,0.13573384284973145,480,0.9020833333333333,4.175422110210471,4.124448293086312,5.11276008010895,1.0,1.302266093839196,0.5692352881094622,1.1724897403955161
mango_population,popfold6,114700,GC-D2,0.1,1,18,0.13573384284973145,240,0.9666666666666667,3.655546455192232,3.531880621335956,3.7096513522363566,1.0,0.8250306020925813,0.4569368225949294,0.6883739140680033
mango_population,popfold6,115200,GC-D2,0.1,1,18,0.13573384284973145,160,0.9125,4.423670091897465,4.321176747678642,5.476064419942528,1.0,1.4056903746533,0.7752368943191632,1.1762741250179443
mango_population,popfold6,121800,GC-D2,0.1,1,18,0.13573384284973145,96,0.9791666666666666,3.8601503251584623,3.870199968359901,4.231898553005184,1.0,0.98427252435918,-0.6113383012864203,0.7754493218671975
mango_population,popfold6,122200,GC-D2,0.1,1,18,0.13573384284973145,72,0.8333333333333334,3.50432721134362,3.4775774191200455,5.680534540394288,1.0,1.3493754664741398,1.1112168946858403,0.7708857508294907
mango_population,popfold6,200200,GC-D2,0.1,1,18,0.13573384284973145,414,0.9951690821256038,3.4605525834923356,3.450918923393668,3.464602233548112,1.0,0.609247754515482,0.28044536708012807,0.5415178070504928
mango_population,popfold6,100500,GC-CQR,0.1,1,18,64.52113556861877,1200,0.9925,4.329438540917525,4.307312986470645,4.4588055357013765,1.0,0.7526793964065439,-0.060371024562401086,0.7505671671444211
mango_population,popfold6,101500,GC-CQR,0.1,1,18,64.52113556861877,80,0.9375,4.011339969530516,3.8942372674362167,4.2743572431315044,1.0,0.8690571722829109,0.5103287244695582,0.7078760970590025
mango_population,popfold6,102600,GC-CQR,0.1,1,18,64.52113556861877,180,0.9666666666666667,3.7823855184413975,3.7850847917821477,3.870757088358635,1.0,0.93776179990363,-0.6943998468575056,0.6320008498672701
mango_population,popfold6,105500,GC-CQR,0.1,1,18,64.52113556861877,234,0.9871794871794872,3.447605035887107,3.4028040887101847,3.4852009548487115,1.0,0.7812171287943236,0.4076801980963699,0.6678346010507072
mango_population,popfold6,106100,GC-CQR,0.1,1,18,64.52113556861877,720,0.8875,4.549880182035703,4.495683452635042,5.855142919642832,1.0,1.1764655038466965,-0.7421606214632531,0.9134700985483034
mango_population,popfold6,106300,GC-CQR,0.1,1,18,64.52113556861877,720,0.9583333333333334,4.092974614354295,4.062032788237728,4.469714876196117,1.0,1.316781749260426,-0.8321325991494167,1.0212335726238595
mango_population,popfold6,106500,GC-CQR,0.1,1,18,64.52113556861877,1200,0.9883333333333333,4.166732960597903,4.162238707373923,4.205226356326806,1.0,0.7642735273926402,-0.3557536487102549,0.6767089319527881
mango_population,popfold6,107205,GC-CQR,0.1,1,18,64.52113556861877,80,0.675,3.724718379998717,3.701007636269831,6.793367441962789,1.0,1.9188979015864644,-1.5872062499336486,1.0852033476292924
mango_population,popfold6,107500,GC-CQR,0.1,1,18,64.52113556861877,1008,0.9841269841269841,4.043587387648777,4.066509688294297,4.115502470095615,1.0,0.9105103242218392,0.6408973522009529,0.6470664621865447
mango_population,popfold6,107600,GC-CQR,0.1,1,18,64.52113556861877,960,0.9739583333333334,3.9325613602907135,3.8833195782035705,4.066290242791515,1.0,0.8851109200690108,0.6315661412515253,0.6204405983050234
mango_population,popfold6,110400,GC-CQR,0.1,1,18,64.52113556861877,400,0.9525,4.35693225487388,4.352737755560197,4.7325423652318195,1.0,1.2238369239896245,0.6723955944589463,1.0238562815580128
mango_population,popfold6,110802,GC-CQR,0.1,1,18,64.52113556861877,40,0.925,2.934934304731594,2.9437332604986803,3.231307683460211,1.0,0.7924254884496658,0.50909433076161,0.6149931141003538
mango_population,popfold6,110900,GC-CQR,0.1,1,18,64.52113556861877,240,0.4583333333333333,3.687171863974275,3.6452396470043205,7.8411625467272605,1.0,1.6328500690316152,-1.5279273339927533,0.5770831952155447
mango_population,popfold6,111600,GC-CQR,0.1,1,18,64.52113556861877,480,0.9270833333333334,3.6075091908870602,3.545202581012025,4.314845218250935,1.0,0.9306885061972217,-0.3501258022581924,0.8632180514909783
mango_population,popfold6,112300,GC-CQR,0.1,1,18,64.52113556861877,480,0.86875,3.664191427707751,3.5383200304265623,4.92427167094269,1.0,1.302266093839196,0.5692352881094622,1.1724897403955161
mango_population,popfold6,114700,GC-CQR,0.1,1,18,64.52113556861877,240,0.875,4.424021673790549,4.38677510275148,5.302038143711047,1.0,0.8250306020925813,0.4569368225949294,0.6883739140680033
mango_population,popfold6,115200,GC-CQR,0.1,1,18,64.52113556861877,160,0.95,4.028686212382359,3.8900533865396305,4.634221498018197,1.0,1.4056903746533,0.7752368943191632,1.1762741250179443
mango_population,popfold6,121800,GC-CQR,0.1,1,18,64.52113556861877,96,0.9791666666666666,3.7204462865677286,3.6659378102073026,3.755349834538572,1.0,0.98427252435918,-0.6113383012864203,0.7754493218671975
mango_population,popfold6,122200,GC-CQR,0.1,1,18,64.52113556861877,72,0.8333333333333334,4.717462485638746,4.7100744215720844,6.993636822476643,1.0,1.3493754664741398,1.1112168946858403,0.7708857508294907
mango_population,popfold6,200200,GC-CQR,0.1,1,18,64.52113556861877,414,0.9903381642512077,3.3092185410351025,3.2947026394323817,3.366285968542792,1.0,0.609247754515482,0.28044536708012807,0.5415178070504928
mango_population,popfold6,100500,CQR,0.1,1,18,6.455397367477417,1200,0.9866666666666667,3.743651444637591,3.7419259547543398,3.935337831642423,1.0,0.7526793964065439,-0.060371024562401086,0.7505671671444211
mango_population,popfold6,101500,CQR,0.1,1,18,6.455397367477417,80,0.9125,3.454775499655831,3.2720330687733883,4.075238735076984,1.0,0.8690571722829109,0.5103287244695582,0.7078760970590025
mango_population,popfold6,102600,CQR,0.1,1,18,6.455397367477417,180,0.9222222222222223,3.2397769994467165,3.2663194738401202,3.490255389953404,1.0,0.93776179990363,-0.6943998468575056,0.6320008498672701
mango_population,popfold6,105500,CQR,0.1,1,18,6.455397367477417,234,0.8888888888888888,2.855056823647709,2.8217123690691137,3.298796482781634,1.0,0.7812171287943236,0.4076801980963699,0.6678346010507072
mango_population,popfold6,106100,CQR,0.1,1,18,6.455397367477417,720,0.8416666666666667,4.027623499355417,3.885110475650979,6.202983438428871,1.0,1.1764655038466965,-0.7421606214632531,0.9134700985483034
mango_population,popfold6,106300,CQR,0.1,1,18,6.455397367477417,720,0.9,3.5086815330711802,3.502503125982938,4.4885345310061275,1.0,1.316781749260426,-0.8321325991494167,1.0212335726238595
mango_population,popfold6,106500,CQR,0.1,1,18,6.455397367477417,1200,0.9341666666666667,3.5941080212143577,3.5856343822826666,3.950750969816944,1.0,0.7642735273926402,-0.3557536487102549,0.6767089319527881
mango_population,popfold6,107205,CQR,0.1,1,18,6.455397367477417,80,0.425,3.281493043892747,3.371939350481509,9.470847163443818,1.0,1.9188979015864644,-1.5872062499336486,1.0852033476292924
mango_population,popfold6,107500,CQR,0.1,1,18,6.455397367477417,1008,0.9563492063492064,3.45342514912194,3.434323787037104,3.6681638605781526,1.0,0.9105103242218392,0.6408973522009529,0.6470664621865447
mango_population,popfold6,107600,CQR,0.1,1,18,6.455397367477417,960,0.946875,3.360542090896526,3.3007149947035765,3.7300930446354603,1.0,0.8851109200690108,0.6315661412515253,0.6204405983050234
mango_population,popfold6,110400,CQR,0.1,1,18,6.455397367477417,400,0.92,3.8168210736342445,3.8424152896391366,4.584270500965688,1.0,1.2238369239896245,0.6723955944589463,1.0238562815580128
mango_population,popfold6,110802,CQR,0.1,1,18,6.455397367477417,40,0.875,2.56412794628634,2.5295311944564602,3.2706152042455883,1.0,0.7924254884496658,0.50909433076161,0.6149931141003538
mango_population,popfold6,110900,CQR,0.1,1,18,6.455397367477417,240,0.3,3.0779955774959094,3.1199309013927916,11.549675966690412,1.0,1.6328500690316152,-1.5279273339927533,0.5770831952155447
mango_population,popfold6,111600,CQR,0.1,1,18,6.455397367477417,480,0.8604166666666667,3.0890616243268556,3.0153082861134504,4.448628211909352,1.0,0.9306885061972217,-0.3501258022581924,0.8632180514909783
mango_population,popfold6,112300,CQR,0.1,1,18,6.455397367477417,480,0.7458333333333333,3.110576111694516,3.019443360501324,5.632345689247101,1.0,1.302266093839196,0.5692352881094622,1.1724897403955161
mango_population,popfold6,114700,CQR,0.1,1,18,6.455397367477417,240,0.7666666666666667,3.721777777456003,3.7184746851533035,6.323987485428338,1.0,0.8250306020925813,0.4569368225949294,0.6883739140680033
mango_population,popfold6,115200,CQR,0.1,1,18,6.455397367477417,160,0.90625,3.5213649307353534,3.5050601749894383,4.463474629271983,1.0,1.4056903746533,0.7752368943191632,1.1762741250179443
mango_population,popfold6,121800,CQR,0.1,1,18,6.455397367477417,96,0.9375,3.218713296222599,3.1374813811971727,3.543390982308584,1.0,0.98427252435918,-0.6113383012864203,0.7754493218671975
mango_population,popfold6,122200,CQR,0.1,1,18,6.455397367477417,72,0.6944444444444444,4.099093754163633,4.109992308410892,8.713332166752796,1.0,1.3493754664741398,1.1112168946858403,0.7708857508294907
mango_population,popfold6,200200,CQR,0.1,1,18,6.455397367477417,414,0.9589371980676329,2.572266528233661,2.5547077844329564,2.7891269848335156,1.0,0.609247754515482,0.28044536708012807,0.5415178070504928
mango_population,popfold6,100500,SCP,0.1,1,18,0.00034356117248535156,1200,0.9841666666666666,3.5228244918750304,3.5228244918750296,3.7119342705232414,1.0,0.7526793964065439,-0.060371024562401086,0.7505671671444211
mango_population,popfold6,101500,SCP,0.1,1,18,0.00034356117248535156,80,0.9875,3.5228244918750304,3.5228244918750313,3.5496726435146813,1.0,0.8690571722829109,0.5103287244695582,0.7078760970590025
mango_population,popfold6,102600,SCP,0.1,1,18,0.00034356117248535156,180,0.9611111111111111,3.5228244918750304,3.5228244918750313,3.7161339637028012,1.0,0.93776179990363,-0.6943998468575056,0.6320008498672701
mango_population,popfold6,105500,SCP,0.1,1,18,0.00034356117248535156,234,0.9743589743589743,3.522824491875031,3.5228244918750313,3.62347535170423,1.0,0.7812171287943236,0.4076801980963699,0.6678346010507072
mango_population,popfold6,106100,SCP,0.1,1,18,0.00034356117248535156,720,0.8875,3.5228244918750318,3.5228244918750313,4.8039678386364475,1.0,1.1764655038466965,-0.7421606214632531,0.9134700985483034
mango_population,popfold6,106300,SCP,0.1,1,18,0.00034356117248535156,720,0.8236111111111111,3.5228244918750318,3.5228244918750313,5.524940612738801,1.0,1.316781749260426,-0.8321325991494167,1.0212335726238595
mango_population,popfold6,106500,SCP,0.1,1,18,0.00034356117248535156,1200,0.9783333333333334,3.5228244918750304,3.5228244918750296,3.6821158347351517,1.0,0.7642735273926402,-0.3557536487102549,0.6767089319527881
mango_population,popfold6,107205,SCP,0.1,1,18,0.00034356117248535156,80,0.4375,3.5228244918750304,3.5228244918750304,8.483348014629367,1.0,1.9188979015864644,-1.5872062499336486,1.0852033476292924
mango_population,popfold6,107500,SCP,0.1,1,18,0.00034356117248535156,1008,0.9533730158730159,3.5228244918750313,3.5228244918750313,3.9275054658441664,1.0,0.9105103242218392,0.6408973522009529,0.6470664621865447
mango_population,popfold6,107600,SCP,0.1,1,18,0.00034356117248535156,960,0.9572916666666667,3.5228244918750304,3.5228244918750313,3.858153919902709,1.0,0.8851109200690108,0.6315661412515253,0.6204405983050234
mango_population,popfold6,110400,SCP,0.1,1,18,0.00034356117248535156,400,0.86,3.5228244918750313,3.5228244918750304,4.960036629088783,1.0,1.2238369239896245,0.6723955944589463,1.0238562815580128
mango_population,popfold6,110802,SCP,0.1,1,18,0.00034356117248535156,40,1.0,3.5228244918750304,3.5228244918750313,3.5228244918750304,1.0,0.7924254884496658,0.50909433076161,0.6149931141003538
mango_population,popfold6,110900,SCP,0.1,1,18,0.00034356117248535156,240,0.6583333333333333,3.5228244918750304,3.5228244918750296,5.797616681159937,1.0,1.6328500690316152,-1.5279273339927533,0.5770831952155447
mango_population,popfold6,111600,SCP,0.1,1,18,0.00034356117248535156,480,0.9458333333333333,3.5228244918750318,3.5228244918750313,3.923521911801191,1.0,0.9306885061972217,-0.3501258022581924,0.8632180514909783
mango_population,popfold6,112300,SCP,0.1,1,18,0.00034356117248535156,480,0.8229166666666666,3.5228244918750318,3.5228244918750313,5.715659982574389,1.0,1.302266093839196,0.5692352881094622,1.1724897403955161
mango_population,popfold6,114700,SCP,0.1,1,18,0.00034356117248535156,240,0.975,3.5228244918750304,3.5228244918750313,3.6039866939928675,1.0,0.8250306020925813,0.4569368225949294,0.6883739140680033
mango_population,popfold6,115200,SCP,0.1,1,18,0.00034356117248535156,160,0.76875,3.5228244918750313,3.5228244918750313,6.53057376325434,1.0,1.4056903746533,0.7752368943191632,1.1762741250179443
mango_population,popfold6,121800,SCP,0.1,1,18,0.00034356117248535156,96,0.9270833333333334,3.52282449187503,3.5228244918750304,4.198458903924262,1.0,0.98427252435918,-0.6113383012864203,0.7754493218671975
mango_population,popfold6,122200,SCP,0.1,1,18,0.00034356117248535156,72,0.8472222222222222,3.5228244918750313,3.5228244918750313,5.63153133148826,1.0,1.3493754664741398,1.1112168946858403,0.7708857508294907
mango_population,popfold6,200200,SCP,0.1,1,18,0.00034356117248535156,414,1.0,3.522824491875031,3.5228244918750313,3.522824491875031,1.0,0.609247754515482,0.28044536708012807,0.5415178070504928
mango_population,popfold7,100300,GC-D,0.1,1,19,0.12142801284790039,1520,0.9532894736842106,3.527888733523813,3.514188392537328,3.8280652280567553,1.0,0.8861155692105896,0.0860572772482619,0.8822170884216182
mango_population,popfold7,100800,GC-D,0.1,1,19,0.12142801284790039,880,0.9,3.7041952944647205,3.6677758690885938,4.632812924976651,1.0,1.1023697643858996,0.4226958830685387,1.0186886288527286
mango_population,popfold7,101400,GC-D,0.1,1,19,0.12142801284790039,400,0.915,3.4397658564192453,3.4297228119057594,3.761622554824835,1.0,0.9964864267280626,-0.7493132758990535,0.6577205363789609
mango_population,popfold7,102500,GC-D,0.1,1,19,0.12142801284790039,60,0.6,4.03460607819349,4.041151185859336,9.517339899479149,1.0,2.032598311609586,-1.8200401176811414,0.9125731174175824
mango_population,popfold7,102503,GC-D,0.1,1,19,0.12142801284790039,600,0.9983333333333333,3.6997187218256333,3.69754163012089,3.7019695592937456,1.0,0.5885423929735467,-0.026480837801416513,0.5884369212074455
mango_population,popfold7,103102,GC-D,0.1,1,19,0.12142801284790039,240,0.9666666666666667,3.450522558419877,3.4821157114437034,3.584653978647042,1.0,0.812878376913223,-0.6265365515537735,0.5189850460710507
mango_population,popfold7,103108,GC-D,0.1,1,19,0.12142801284790039,239,1.0,3.6161086041250745,3.5959406034486356,3.6161086041250745,1.0,0.5528039942115406,-0.1149931632035148,0.5418461671805775
mango_population,popfold7,108700,GC-D,0.1,1,19,0.12142801284790039,480,0.9333333333333333,3.562860054121559,3.5446097701409736,3.971252670678695,1.0,1.0868732234428717,0.8328080489298445,0.6991011162536892
mango_population,popfold7,109100,GC-D,0.1,1,19,0.12142801284790039,400,0.915,3.5514579854526143,3.473842870777805,4.200824836744094,1.0,1.0846854544825122,0.5330296077664104,0.9458639537257539
mango_population,popfold7,109600,GC-D,0.1,1,19,0.12142801284790039,80,0.7,3.604363322587248,3.57647687556475,7.388289660151642,1.0,1.6583367530929836,-1.024582330520475,1.3121870176388577
mango_population,popfold7,110601,GC-D,0.1,1,19,0.12142801284790039,160,0.94375,3.4026870517959233,3.3965554862213496,3.7377097116143454,1.0,0.9894923449804295,-0.17591781461321893,0.976786168202399
mango_population,popfold7,110800,GC-D,0.1,1,19,0.12142801284790039,320,0.978125,3.77362436555707,3.824670141802196,3.88781468763018,1.0,0.8192479101391835,0.6383426983681646,0.5143076304762688
mango_population,popfold7,110803,GC-D,0.1,1,19,0.12142801284790039,80,1.0,3.5593199774464184,3.535298179237685,3.5593199774464184,1.0,0.48664204851899545,0.2574654778441131,0.4155606383636837
mango_population,popfold7,113400,GC-D,0.1,1,19,0.12142801284790039,80,1.0,3.598394679470181,3.5154621259535173,3.598394679470181,1.0,0.6159276076498078,-0.09650398987622284,0.6121584950744647
mango_population,popfold7,114000,GC-D,0.1,1,19,0.12142801284790039,44,0.8409090909090909,3.8042984200401535,3.770434705220101,4.9974494162210785,1.0,1.1769230551864898,-0.41312751528056846,1.1147722209063726
mango_population,popfold7,114100,GC-D,0.1,1,19,0.12142801284790039,920,0.7782608695652173,3.7317502952271697,3.7054815319307304,7.27912700091379,1.0,1.5498892980427186,-0.34597625276228716,1.511602097155563
mango_population,popfold7,114300,GC-D,0.1,1,19,0.12142801284790039,80,0.925,3.9183497614277663,3.8810906442199027,4.995579095149748,1.0,1.2904624905929876,-0.6387956830498697,1.1283385410570455
mango_population,popfold7,115100,GC-D,0.1,1,19,0.12142801284790039,152,0.9539473684210527,4.062244104912222,4.173189469453936,4.279671694634554,1.0,1.203693669527337,0.99165603633613,0.6845286813783255
mango_population,popfold7,122100,GC-D,0.1,1,19,0.12142801284790039,24,0.75,3.889918406821664,3.8300799360640045,7.780489825799621,1.0,1.7104631173428555,1.382095886668691,1.0293915649177847
mango_population,popfold7,122300,GC-D,0.1,1,19,0.12142801284790039,80,0.0625,3.3839661493491584,3.3936510623437908,20.246298027036435,1.0,2.5609521916569817,2.504520593586077,0.538025197523849
mango_population,popfold7,100300,GC-D2,0.1,1,19,0.1407158374786377,1520,0.9506578947368421,3.4429186727412193,3.4392144494193433,3.7717581840276884,1.0,0.8861155692105896,0.0860572772482619,0.8822170884216182
mango_population,popfold7,100800,GC-D2,0.1,1,19,0.1407158374786377,880,0.9375,4.18137138850721,4.138147630946353,4.778664951596483,1.0,1.1023697643858996,0.4226958830685387,1.0186886288527286
mango_population,popfold7,101400,GC-D2,0.1,1,19,0.1407158374786377,400,0.9225,3.4398876752558873,3.428163486584914,3.770464987971359,1.0,0.9964864267280626,-0.7493132758990535,0.6577205363789609
mango_population,popfold7,102500,GC-D2,0.1,1,19,0.1407158374786377,60,0.6166666666666667,4.109992065608671,4.111996882577546,9.279411374324004,1.0,2.032598311609586,-1.8200401176811414,0.9125731174175824
mango_population,popfold7,102503,GC-D2,0.1,1,19,0.1407158374786377,600,0.9983333333333333,3.529859359206542,3.5172589791708404,3.530204756004091,1.0,0.5885423929735467,-0.026480837801416513,0.5884369212074455
mango_population,popfold7,103102,GC-D2,0.1,1,19,0.1407158374786377,240,0.9666666666666667,3.469179935693632,3.516963901543373,3.624052583068588,1.0,0.812878376913223,-0.6265365515537735,0.5189850460710507
mango_population,popfold7,103108,GC-D2,0.1,1,19,0.1407158374786377,239,1.0,3.406346914063274,3.401405677939941,3.406346914063274,1.0,0.5528039942115406,-0.1149931632035148,0.5418461671805775
mango_population,popfold7,108700,GC-D2,0.1,1,19,0.1407158374786377,480,0.9354166666666667,3.5571975438558474,3.566333454285971,3.9181966978411915,1.0,1.0868732234428717,0.8328080489298445,0.6991011162536892
mango_population,popfold7,109100,GC-D2,0.1,1,19,0.1407158374786377,400,0.9325,3.8562694673733624,3.757651702612705,4.1471321122093405,1.0,1.0846854544825122,0.5330296077664104,0.9458639537257539
mango_population,popfold7,109600,GC-D2,0.1,1,19,0.1407158374786377,80,0.75,3.916886549205844,3.8827507828630985,6.797632844840507,1.0,1.6583367530929836,-1.024582330520475,1.3121870176388577
mango_population,popfold7,110601,GC-D2,0.1,1,19,0.1407158374786377,160,0.96875,3.6799899732955077,3.6303026498079696,3.9002710937608023,1.0,0.9894923449804295,-0.17591781461321893,0.976786168202399
mango_population,popfold7,110800,GC-D2,0.1,1,19,0.1407158374786377,320,0.96875,3.553020900399061,3.573833567402861,3.767639188875139,1.0,0.8192479101391835,0.6383426983681646,0.5143076304762688
mango_population,popfold7,110803,GC-D2,0.1,1,19,0.1407158374786377,80,1.0,3.3794368182814507,3.3795135222888533,3.3794368182814507,1.0,0.48664204851899545,0.2574654778441131,0.4155606383636837
mango_population,popfold7,113400,GC-D2,0.1,1,19,0.1407158374786377,80,1.0,3.2524812760272397,3.1620088265823156,3.2524812760272397,1.0,0.6159276076498078,-0.09650398987622284,0.6121584950744647
mango_population,popfold7,114000,GC-D2,0.1,1,19,0.1407158374786377,44,0.8636363636363636,3.70751491309643,3.6275699529008234,4.9585418190511925,1.0,1.1769230551864898,-0.41312751528056846,1.1147722209063726
mango_population,popfold7,114100,GC-D2,0.1,1,19,0.1407158374786377,920,0.7793478260869565,3.706765894177974,3.6885478606136672,7.329956142016432,1.0,1.5498892980427186,-0.34597625276228716,1.511602097155563
mango_population,popfold7,114300,GC-D2,0.1,1,19,0.1407158374786377,80,0.8625,3.6476657783317235,3.64418637923323,5.078643193645869,1.0,1.2904624905929876,-0.6387956830498697,1.1283385410570455
mango_population,popfold7,115100,GC-D2,0.1,1,19,0.1407158374786377,152,0.9407894736842105,3.968096244546356,3.9885739335561645,4.20001115157719,1.0,1.203693669527337,0.99165603633613,0.6845286813783255
mango_population,popfold7,122100,GC-D2,0.1,1,19,0.1407158374786377,24,0.6666666666666666,3.614555048580133,3.528687128670118,8.224153642481175,1.0,1.7104631173428555,1.382095886668691,1.0293915649177847
mango_population,popfold7,122300,GC-D2,0.1,1,19,0.1407158374786377,80,0.0625,3.192909424226092,3.20381349920973,21.86540245733462,1.0,2.5609521916569817,2.504520593586077,0.538025197523849
mango_population,popfold7,100300,GC-CQR,0.1,1,19,65.80634379386902,1520,0.9947368421052631,4.045378693647712,3.9950058067450787,4.077057080705844,1.0,0.8861155692105896,0.0860572772482619,0.8822170884216182
mango_population,popfold7,100800,GC-CQR,0.1,1,19,65.80634379386902,880,0.9681818181818181,5.094531587294236,4.941064542065298,5.281520706265896,1.0,1.1023697643858996,0.4226958830685387,1.0186886288527286
mango_population,popfold7,101400,GC-CQR,0.1,1,19,65.80634379386902,400,0.9925,3.810987986412913,3.6911038555613924,3.8488468082679828,1.0,0.9964864267280626,-0.7493132758990535,0.6577205363789609
mango_population,popfold7,102500,GC-CQR,0.1,1,19,65.80634379386902,60,0.85,4.172388471161219,4.168618923200074,5.917498256997303,1.0,2.032598311609586,-1.8200401176811414,0.9125731174175824
mango_population,popfold7,102503,GC-CQR,0.1,1,19,65.80634379386902,600,0.9916666666666667,3.5772119182531052,3.5681014888956737,3.6068041061243594,1.0,0.5885423929735467,-0.026480837801416513,0.5884369212074455
mango_population,popfold7,103102,GC-CQR,0.1,1,19,65.80634379386902,240,0.9625,3.0532817469735027,3.016607575590881,3.1808961011898047,1.0,0.812878376913223,-0.6265365515537735,0.5189850460710507
mango_population,popfold7,103108,GC-CQR,0.1,1,19,65.80634379386902,239,1.0,3.288488157835227,3.284947777237713,3.288488157835227,1.0,0.5528039942115406,-0.1149931632035148,0.5418461671805775
mango_population,popfold7,108700,GC-CQR,0.1,1,19,65.80634379386902,480,0.8770833333333333,3.2009608187798237,3.15768901325744,3.8190415709931953,1.0,1.0868732234428717,0.8328080489298445,0.6991011162536892
mango_population,popfold7,109100,GC-CQR,0.1,1,19,65.80634379386902,400,0.9925,4.046288569019455,4.036966129330839,4.05838189046004,1.0,1.0846854544825122,0.5330296077664104,0.9458639537257539
mango_population,popfold7,109600,GC-CQR,0.1,1,19,65.80634379386902,80,0.675,4.764047486232736,4.710675980235838,9.997213167921615,1.0,1.6583367530929836,-1.024582330520475,1.3121870176388577
mango_population,popfold7,110601,GC-CQR,0.1,1,19,65.80634379386902,160,0.98125,3.9719906960828246,3.7832384702595414,4.03899255570948,1.0,0.9894923449804295,-0.17591781461321893,0.976786168202399
mango_population,popfold7,110800,GC-CQR,0.1,1,19,65.80634379386902,320,0.871875,3.7078154376756927,3.671795610372677,4.3915898014905395,1.0,0.8192479101391835,0.6383426983681646,0.5143076304762688
mango_population,popfold7,110803,GC-CQR,0.1,1,19,65.80634379386902,80,0.9875,3.74050734691224,3.682691717682263,3.741156155470199,1.0,0.48664204851899545,0.2574654778441131,0.4155606383636837
mango_population,popfold7,113400,GC-CQR,0.1,1,19,65.80634379386902,80,1.0,4.101939959973239,3.9865150140878596,4.101939959973239,1.0,0.6159276076498078,-0.09650398987622284,0.6121584950744647
mango_population,popfold7,114000,GC-CQR,0.1,1,19,65.80634379386902,44,0.8636363636363636,3.6481388711816605,3.5727763562021764,5.732958274524534,1.0,1.1769230551864898,-0.41312751528056846,1.1147722209063726
mango_population,popfold7,114100,GC-CQR,0.1,1,19,65.80634379386902,920,0.8206521739130435,4.163830035908869,4.178890680669582,7.281199538275251,1.0,1.5498892980427186,-0.34597625276228716,1.511602097155563
mango_population,popfold7,114300,GC-CQR,0.1,1,19,65.80634379386902,80,0.95,3.864220052279807,3.837573591020379,4.212434430369591,1.0,1.2904624905929876,-0.6387956830498697,1.1283385410570455
mango_population,popfold7,115100,GC-CQR,0.1,1,19,65.80634379386902,152,0.8947368421052632,4.532369903808884,4.4885840335669,5.308668443981977,1.0,1.203693669527337,0.99165603633613,0.6845286813783255
mango_population,popfold7,122100,GC-CQR,0.1,1,19,65.80634379386902,24,0.5,3.892597235101592,3.8965261243008547,13.439923007189028,1.0,1.7104631173428555,1.382095886668691,1.0293915649177847
mango_population,popfold7,122300,GC-CQR,0.1,1,19,65.80634379386902,80,0.5125,4.716857629373978,4.723231444513137,9.574381401502789,1.0,2.5609521916569817,2.504520593586077,0.538025197523849
mango_population,popfold7,100300,CQR,0.1,1,19,6.67371940612793,1520,0.9703947368421053,3.538530643252796,3.477348670510003,3.665902253674948,1.0,0.8861155692105896,0.0860572772482619,0.8822170884216182
mango_population,popfold7,100800,CQR,0.1,1,19,6.67371940612793,880,0.9443181818181818,4.562704347576888,4.467686317241915,4.97392507524668,1.0,1.1023697643858996,0.4226958830685387,1.0186886288527286
mango_population,popfold7,101400,CQR,0.1,1,19,6.67371940612793,400,0.9825,3.357921912695496,3.248674372198095,3.457438694510241,1.0,0.9964864267280626,-0.7493132758990535,0.6577205363789609
mango_population,popfold7,102500,CQR,0.1,1,19,6.67371940612793,60,0.7166666666666667,3.0973670412448127,2.9915395305724344,7.578069917461152,1.0,2.032598311609586,-1.8200401176811414,0.9125731174175824
mango_population,popfold7,102503,CQR,0.1,1,19,6.67371940612793,600,0.98,3.2095061421469153,3.210021949799315,3.3144157649019843,1.0,0.5885423929735467,-0.026480837801416513,0.5884369212074455
mango_population,popfold7,103102,CQR,0.1,1,19,6.67371940612793,240,0.8916666666666667,2.5644300441876675,2.5279244530584437,2.977956112479035,1.0,0.812878376913223,-0.6265365515537735,0.5189850460710507
mango_population,popfold7,103108,CQR,0.1,1,19,6.67371940612793,239,0.9916317991631799,2.905390232244722,2.8314742561941557,2.9076930074081084,1.0,0.5528039942115406,-0.1149931632035148,0.5418461671805775
mango_population,popfold7,108700,CQR,0.1,1,19,6.67371940612793,480,0.8416666666666667,2.8053129019795833,2.7299350472004456,3.886118523891979,1.0,1.0868732234428717,0.8328080489298445,0.6991011162536892
mango_population,popfold7,109100,CQR,0.1,1,19,6.67371940612793,400,0.9725,3.5631367878408997,3.580230422250029,3.670461162723073,1.0,1.0846854544825122,0.5330296077664104,0.9458639537257539
mango_population,popfold7,109600,CQR,0.1,1,19,6.67371940612793,80,0.625,4.106744566708102,4.115292151357544,11.09739254803781,1.0,1.6583367530929836,-1.024582330520475,1.3121870176388577
mango_population,popfold7,110601,CQR,0.1,1,19,6.67371940612793,160,0.925,3.4693102017482524,3.45419476641925,3.8014529189322657,1.0,0.9894923449804295,-0.17591781461321893,0.976786168202399
mango_population,popfold7,110800,CQR,0.1,1,19,6.67371940612793,320,0.75,3.2196213475290207,3.1587250400699425,5.332173810267372,1.0,0.8192479101391835,0.6383426983681646,0.5143076304762688
mango_population,popfold7,110803,CQR,0.1,1,19,6.67371940612793,80,0.975,3.2418698940918675,3.164309787495954,3.373940597287104,1.0,0.48664204851899545,0.2574654778441131,0.4155606383636837
mango_population,popfold7,113400,CQR,0.1,1,19,6.67371940612793,80,0.975,3.677996615312634,3.601612029821804,3.7134815117662945,1.0,0.6159276076498078,-0.09650398987622284,0.6121584950744647
mango_population,popfold7,114000,CQR,0.1,1,19,6.67371940612793,44,0.8409090909090909,3.325827614351901,3.3265814894411863,6.381790445500431,1.0,1.1769230551864898,-0.41312751528056846,1.1147722209063726
mango_population,popfold7,114100,CQR,0.1,1,19,6.67371940612793,920,0.7739130434782608,3.642110388977455,3.701360889999936,7.94953445937944,1.0,1.5498892980427186,-0.34597625276228716,1.511602097155563
mango_population,popfold7,114300,CQR,0.1,1,19,6.67371940612793,80,0.925,3.3582987907351916,3.3352967024360165,3.9036865046556137,1.0,1.2904624905929876,-0.6387956830498697,1.1283385410570455
mango_population,popfold7,115100,CQR,0.1,1,19,6.67371940612793,152,0.7828947368421053,3.9210316199713557,3.888394409139063,5.888680920833259,1.0,1.203693669527337,0.99165603633613,0.6845286813783255
mango_population,popfold7,122100,CQR,0.1,1,19,6.67371940612793,24,0.375,3.488804378385948,3.417101438819926,16.577921185188924,1.0,1.7104631173428555,1.382095886668691,1.0293915649177847
mango_population,popfold7,122300,CQR,0.1,1,19,6.67371940612793,80,0.4,4.274331215934407,4.3474378166786805,11.057203714909532,1.0,2.5609521916569817,2.504520593586077,0.538025197523849
mango_population,popfold7,100300,SCP,0.1,1,19,0.00039386749267578125,1520,0.9559210526315789,3.5964387782406386,3.596438778240639,3.909354975404652,1.0,0.8861155692105896,0.0860572772482619,0.8822170884216182
mango_population,popfold7,100800,SCP,0.1,1,19,0.00039386749267578125,880,0.9011363636363636,3.596438778240639,3.596438778240639,4.509424696793005,1.0,1.1023697643858996,0.4226958830685387,1.0186886288527286
mango_population,popfold7,101400,SCP,0.1,1,19,0.00039386749267578125,400,0.9525,3.596438778240639,3.596438778240639,3.783250374398892,1.0,0.9964864267280626,-0.7493132758990535,0.6577205363789609
mango_population,popfold7,102500,SCP,0.1,1,19,0.00039386749267578125,60,0.5,3.596438778240639,3.596438778240639,10.888919431420357,1.0,2.032598311609586,-1.8200401176811414,0.9125731174175824
mango_population,popfold7,102503,SCP,0.1,1,19,0.00039386749267578125,600,1.0,3.5964387782406386,3.596438778240639,3.5964387782406386,1.0,0.5885423929735467,-0.026480837801416513,0.5884369212074455
mango_population,popfold7,103102,SCP,0.1,1,19,0.00039386749267578125,240,0.9875,3.596438778240639,3.596438778240639,3.6436938572707094,1.0,0.812878376913223,-0.6265365515537735,0.5189850460710507
mango_population,popfold7,103108,SCP,0.1,1,19,0.00039386749267578125,239,1.0,3.596438778240639,3.596438778240639,3.596438778240639,1.0,0.5528039942115406,-0.1149931632035148,0.5418461671805775
mango_population,popfold7,108700,SCP,0.1,1,19,0.00039386749267578125,480,0.9270833333333334,3.596438778240639,3.596438778240639,4.14308479456536,1.0,1.0868732234428717,0.8328080489298445,0.6991011162536892
mango_population,popfold7,109100,SCP,0.1,1,19,0.00039386749267578125,400,0.895,3.596438778240639,3.596438778240639,4.487025550492035,1.0,1.0846854544825122,0.5330296077664104,0.9458639537257539
mango_population,popfold7,109600,SCP,0.1,1,19,0.00039386749267578125,80,0.7125,3.596438778240639,3.596438778240639,7.620463732906595,1.0,1.6583367530929836,-1.024582330520475,1.3121870176388577
mango_population,popfold7,110601,SCP,0.1,1,19,0.00039386749267578125,160,0.9625,3.596438778240639,3.596438778240639,3.8283486843330534,1.0,0.9894923449804295,-0.17591781461321893,0.976786168202399
mango_population,popfold7,110800,SCP,0.1,1,19,0.00039386749267578125,320,0.984375,3.596438778240639,3.596438778240639,3.673924903118125,1.0,0.8192479101391835,0.6383426983681646,0.5143076304762688
mango_population,popfold7,110803,SCP,0.1,1,19,0.00039386749267578125,80,1.0,3.596438778240639,3.596438778240639,3.596438778240639,1.0,0.48664204851899545,0.2574654778441131,0.4155606383636837
mango_population,popfold7,113400,SCP,0.1,1,19,0.00039386749267578125,80,1.0,3.596438778240639,3.596438778240639,3.596438778240639,1.0,0.6159276076498078,-0.09650398987622284,0.6121584950744647
mango_population,popfold7,114000,SCP,0.1,1,19,0.00039386749267578125,44,0.8409090909090909,3.596438778240639,3.596438778240639,5.03899603330749,1.0,1.1769230551864898,-0.41312751528056846,1.1147722209063726
mango_population,popfold7,114100,SCP,0.1,1,19,0.00039386749267578125,920,0.7543478260869565,3.5964387782406386,3.596438778240639,7.772144465541466,1.0,1.5498892980427186,-0.34597625276228716,1.511602097155563
mango_population,popfold7,114300,SCP,0.1,1,19,0.00039386749267578125,80,0.8375,3.596438778240639,3.596438778240639,5.496613425222516,1.0,1.2904624905929876,-0.6387956830498697,1.1283385410570455
mango_population,popfold7,115100,SCP,0.1,1,19,0.00039386749267578125,152,0.8881578947368421,3.596438778240639,3.596438778240639,4.100319008866486,1.0,1.203693669527337,0.99165603633613,0.6845286813783255
mango_population,popfold7,122100,SCP,0.1,1,19,0.00039386749267578125,24,0.7083333333333334,3.596438778240639,3.596438778240639,8.403990292429407,1.0,1.7104631173428555,1.382095886668691,1.0293915649177847
mango_population,popfold7,122300,SCP,0.1,1,19,0.00039386749267578125,80,0.1375,3.596438778240639,3.596438778240639,18.049557563837837,1.0,2.5609521916569817,2.504520593586077,0.538025197523849
mango_population,popfold8,101100,GC-D,0.1,1,19,0.1195223331451416,1380,0.7695652173913043,3.6839780876745905,3.656326240212901,6.539956637377199,1.0,1.54001692789957,1.0822047997685051,1.0960636190513093
mango_population,popfold8,101700,GC-D,0.1,1,19,0.1195223331451416,80,1.0,4.659489603699351,4.640465476261227,4.659489603699351,1.0,0.8418626404229025,0.49126562404835517,0.6879732052246217
mango_population,popfold8,102200,GC-D,0.1,1,19,0.1195223331451416,80,0.9875,3.5244195298530405,3.5121020215590004,3.5348867111664264,1.0,0.7540923493257721,-0.09377944599138102,0.7529591827969092
mango_population,popfold8,102300,GC-D,0.1,1,19,0.1195223331451416,160,0.68125,3.6826356897058106,3.6817206499131307,7.140921640453468,1.0,1.7310264282194268,-1.5748871044448594,0.7207146023637021
mango_population,popfold8,103105,GC-D,0.1,1,19,0.1195223331451416,1120,0.9714285714285714,3.7012252472634493,3.667239532116888,3.858006315638225,1.0,0.9649293262181878,-0.5895776452693765,0.7642043187026103
mango_population,popfold8,103107,GC-D,0.1,1,19,0.1195223331451416,420,0.9785714285714285,3.8774764629476035,3.820970433883196,4.0899560802708805,1.0,0.8395736479346492,-0.4424123294865854,0.7144021337203746
mango_population,popfold8,104100,GC-D,0.1,1,19,0.1195223331451416,160,0.9625,4.904775442819731,4.892324133172979,5.126945750482454,1.0,1.2877778171343757,-0.7847989849255708,1.0242161031615926
mango_population,popfold8,105100,GC-D,0.1,1,19,0.1195223331451416,400,0.96,3.472757882337494,3.475873268225617,3.6619675566329177,1.0,0.8583730746705408,0.6665220903438267,0.5415587253803993
mango_population,popfold8,106700,GC-D,0.1,1,19,0.1195223331451416,400,0.8975,3.3374584749467653,3.3058953945354865,3.830412252375899,1.0,0.9880249018858566,-0.829097930903944,0.5380646910425567
mango_population,popfold8,107700,GC-D,0.1,1,19,0.1195223331451416,384,1.0,3.711678581248748,3.7369098627824204,3.711678581248748,1.0,0.4477822083743319,-0.04554028159490777,0.44604158540370165
mango_population,popfold8,107900,GC-D,0.1,1,19,0.1195223331451416,400,0.9025,4.166344547646379,4.138784668554933,4.916874022193941,1.0,1.1392837208401363,-0.2893280051829807,1.1033131703500383
mango_population,popfold8,108000,GC-D,0.1,1,19,0.1195223331451416,400,0.905,3.6572550416306884,3.571357247840063,4.805508053549341,1.0,1.1542081450620358,0.7490768754702317,0.8792114698895047
mango_population,popfold8,108400,GC-D,0.1,1,19,0.1195223331451416,400,0.9875,3.8121324655217848,3.84682947523354,3.8692125957675567,1.0,0.937156062681956,-0.6884563365837809,0.63663381545173
mango_population,popfold8,109900,GC-D,0.1,1,19,0.1195223331451416,748,0.9946524064171123,3.768084772092631,3.7577759684864276,3.784866503774411,1.0,0.7033706416272356,0.025905897354229546,0.7033637288594385
mango_population,popfold8,110000,GC-D,0.1,1,19,0.1195223331451416,880,0.9022727272727272,3.862868035498482,3.8183748340942714,4.530744812817956,1.0,1.2468212765422646,-0.8897220992026442,0.8739713186182335
mango_population,popfold8,111000,GC-D,0.1,1,19,0.1195223331451416,240,0.9958333333333333,3.5193009527022165,3.478108305897731,3.566885310362816,1.0,0.6682231384222755,0.38706363031221425,0.5458437026855317
mango_population,popfold8,113500,GC-D,0.1,1,19,0.1195223331451416,336,0.7767857142857143,3.4564073491055183,3.4834722567619707,5.86480025960782,1.0,1.4221318513259396,1.169074366825553,0.8109756549009739
mango_population,popfold8,114800,GC-D,0.1,1,19,0.1195223331451416,160,0.94375,3.7569035003428626,3.8600193704708134,4.1047901683447,1.0,1.0244562156327148,0.6842898658541376,0.7647964614256116
mango_population,popfold8,122000,GC-D,0.1,1,19,0.1195223331451416,28,1.0,3.5879485964795372,3.514890808894741,3.5879485964795372,1.0,0.7668666659935157,0.036473371453980316,0.7800550062378111
mango_population,popfold8,200400,GC-D,0.1,1,19,0.1195223331451416,196,0.9795918367346939,4.135067661059651,4.165719449974702,4.336640932016511,1.0,0.9439657505285481,-0.6904186339401788,0.6453824778258519
mango_population,popfold8,101100,GC-D2,0.1,1,19,0.1243288516998291,1380,0.7869565217391304,3.8213744761456336,3.778622039188117,6.241656139695007,1.0,1.54001692789957,1.0822047997685051,1.0960636190513093
mango_population,popfold8,101700,GC-D2,0.1,1,19,0.1243288516998291,80,1.0,4.405892272168087,4.385138480877897,4.405892272168087,1.0,0.8418626404229025,0.49126562404835517,0.6879732052246217
mango_population,popfold8,102200,GC-D2,0.1,1,19,0.1243288516998291,80,0.9875,3.5552204164495507,3.536613325883744,3.562754647532794,1.0,0.7540923493257721,-0.09377944599138102,0.7529591827969092
mango_population,popfold8,102300,GC-D2,0.1,1,19,0.1243288516998291,160,0.71875,3.811569755503283,3.8118512382075522,6.959711276844994,1.0,1.7310264282194268,-1.5748871044448594,0.7207146023637021
mango_population,popfold8,103105,GC-D2,0.1,1,19,0.1243288516998291,1120,0.96875,3.655992056628529,3.6419173951482016,3.8301345580516477,1.0,0.9649293262181878,-0.5895776452693765,0.7642043187026103
mango_population,popfold8,103107,GC-D2,0.1,1,19,0.1243288516998291,420,0.9785714285714285,3.7937290721819386,3.7347796391359385,4.017182228246073,1.0,0.8395736479346492,-0.4424123294865854,0.7144021337203746
mango_population,popfold8,104100,GC-D2,0.1,1,19,0.1243288516998291,160,0.9625,4.779252153015943,4.74508054826521,5.0941152374867,1.0,1.2877778171343757,-0.7847989849255708,1.0242161031615926
mango_population,popfold8,105100,GC-D2,0.1,1,19,0.1243288516998291,400,0.9525,3.3941843355083487,3.379556743468,3.615929741332428,1.0,0.8583730746705408,0.6665220903438267,0.5415587253803993
mango_population,popfold8,106700,GC-D2,0.1,1,19,0.1243288516998291,400,0.905,3.394419722910373,3.3538041205369105,3.8596644138609286,1.0,0.9880249018858566,-0.829097930903944,0.5380646910425567
mango_population,popfold8,107700,GC-D2,0.1,1,19,0.1243288516998291,384,1.0,3.530198315468057,3.580052921820389,3.530198315468057,1.0,0.4477822083743319,-0.04554028159490777,0.44604158540370165
mango_population,popfold8,107900,GC-D2,0.1,1,19,0.1243288516998291,400,0.9125,4.3644313046962635,4.297620891970972,5.039705835736405,1.0,1.1392837208401363,-0.2893280051829807,1.1033131703500383
mango_population,popfold8,108000,GC-D2,0.1,1,19,0.1243288516998291,400,0.91,3.687510494282139,3.619385058218449,4.779103320816597,1.0,1.1542081450620358,0.7490768754702317,0.8792114698895047
mango_population,popfold8,108400,GC-D2,0.1,1,19,0.1243288516998291,400,0.985,3.7936348539657927,3.8212470748495386,3.8524481560018184,1.0,0.937156062681956,-0.6884563365837809,0.63663381545173
mango_population,popfold8,109900,GC-D2,0.1,1,19,0.1243288516998291,748,0.9933155080213903,3.8319500801821578,3.8103452611570967,3.8553619850991114,1.0,0.7033706416272356,0.025905897354229546,0.7033637288594385
mango_population,popfold8,110000,GC-D2,0.1,1,19,0.1243288516998291,880,0.9306818181818182,4.088800405022958,4.071003597424816,4.571719046728111,1.0,1.2468212765422646,-0.8897220992026442,0.8739713186182335
mango_population,popfold8,111000,GC-D2,0.1,1,19,0.1243288516998291,240,0.9958333333333333,3.6144104165554234,3.5562348653297295,3.653868448998071,1.0,0.6682231384222755,0.38706363031221425,0.5458437026855317
mango_population,popfold8,113500,GC-D2,0.1,1,19,0.1243288516998291,336,0.7708333333333334,3.404119388715906,3.4478190205719486,5.833208877214739,1.0,1.4221318513259396,1.169074366825553,0.8109756549009739
mango_population,popfold8,114800,GC-D2,0.1,1,19,0.1243288516998291,160,0.94375,3.655196275785199,3.768096385576266,4.051398491652508,1.0,1.0244562156327148,0.6842898658541376,0.7647964614256116
mango_population,popfold8,122000,GC-D2,0.1,1,19,0.1243288516998291,28,1.0,3.6310573930936796,3.5504315255894596,3.6310573930936796,1.0,0.7668666659935157,0.036473371453980316,0.7800550062378111
mango_population,popfold8,200400,GC-D2,0.1,1,19,0.1243288516998291,196,0.9795918367346939,4.559584465726138,4.567612137844204,4.69873567521444,1.0,0.9439657505285481,-0.6904186339401788,0.6453824778258519
mango_population,popfold8,101100,GC-CQR,0.1,1,19,65.5792510509491,1380,0.9615942028985507,4.202905675276451,4.132626240878335,4.456887875235519,1.0,1.54001692789957,1.0822047997685051,1.0960636190513093
mango_population,popfold8,101700,GC-CQR,0.1,1,19,65.5792510509491,80,0.35,3.7928724400222364,3.7531140379144246,11.082540472623126,1.0,0.8418626404229025,0.49126562404835517,0.6879732052246217
mango_population,popfold8,102200,GC-CQR,0.1,1,19,65.5792510509491,80,1.0,3.8655500528796454,3.697091061965428,3.8655500528796454,1.0,0.7540923493257721,-0.09377944599138102,0.7529591827969092
mango_population,popfold8,102300,GC-CQR,0.1,1,19,65.5792510509491,160,0.84375,4.502694317568057,4.418728028409349,6.639895804533973,1.0,1.7310264282194268,-1.5748871044448594,0.7207146023637021
mango_population,popfold8,103105,GC-CQR,0.1,1,19,65.5792510509491,1120,0.96875,3.497263025885847,3.4178532474752457,3.705514481670093,1.0,0.9649293262181878,-0.5895776452693765,0.7642043187026103
mango_population,popfold8,103107,GC-CQR,0.1,1,19,65.5792510509491,420,0.9571428571428572,3.412007732509917,3.3566643588818224,3.8347723278974764,1.0,0.8395736479346492,-0.4424123294865854,0.7144021337203746
mango_population,popfold8,104100,GC-CQR,0.1,1,19,65.5792510509491,160,0.9375,4.379171738537309,4.374449057666788,4.669772687969589,1.0,1.2877778171343757,-0.7847989849255708,1.0242161031615926
mango_population,popfold8,105100,GC-CQR,0.1,1,19,65.5792510509491,400,0.935,3.29625074784292,3.2437273197897083,3.8170898689958266,1.0,0.8583730746705408,0.6665220903438267,0.5415587253803993
mango_population,popfold8,106700,GC-CQR,0.1,1,19,65.5792510509491,400,0.9325,3.6438778036627806,3.5973794987359486,3.904923098401101,1.0,0.9880249018858566,-0.829097930903944,0.5380646910425567
mango_population,popfold8,107700,GC-CQR,0.1,1,19,65.5792510509491,384,0.9947916666666666,4.074187756054564,4.024610281196755,4.092489640365627,1.0,0.4477822083743319,-0.04554028159490777,0.44604158540370165
mango_population,popfold8,107900,GC-CQR,0.1,1,19,65.5792510509491,400,0.87,4.006608882379311,3.8550668199602836,5.072854873092596,1.0,1.1392837208401363,-0.2893280051829807,1.1033131703500383
mango_population,popfold8,108000,GC-CQR,0.1,1,19,65.5792510509491,400,0.89,3.327788520919445,3.2821592674827755,4.4143857190701,1.0,1.1542081450620358,0.7490768754702317,0.8792114698895047
mango_population,popfold8,108400,GC-CQR,0.1,1,19,65.5792510509491,400,0.9725,3.666183328635558,3.587535718409506,3.8002392693246714,1.0,0.937156062681956,-0.6884563365837809,0.63663381545173
mango_population,popfold8,109900,GC-CQR,0.1,1,19,65.5792510509491,748,0.9558823529411765,3.5386816811969286,3.427077399840149,3.8031476381173492,1.0,0.7033706416272356,0.025905897354229546,0.7033637288594385
mango_population,popfold8,110000,GC-CQR,0.1,1,19,65.5792510509491,880,0.6659090909090909,4.344690806497334,4.257790026856572,7.376029931667573,1.0,1.2468212765422646,-0.8897220992026442,0.8739713186182335
mango_population,popfold8,111000,GC-CQR,0.1,1,19,65.5792510509491,240,1.0,3.627005132227866,3.5422111498262465,3.627005132227866,1.0,0.6682231384222755,0.38706363031221425,0.5458437026855317
mango_population,popfold8,113500,GC-CQR,0.1,1,19,65.5792510509491,336,0.8244047619047619,3.736898260417627,3.6880905290932313,5.156282623872528,1.0,1.4221318513259396,1.169074366825553,0.8109756549009739
mango_population,popfold8,114800,GC-CQR,0.1,1,19,65.5792510509491,160,0.925,4.19919646194203,4.160449979166157,4.537716220328091,1.0,1.0244562156327148,0.6842898658541376,0.7647964614256116
mango_population,popfold8,122000,GC-CQR,0.1,1,19,65.5792510509491,28,1.0,3.026468642735663,2.9056251373387587,3.026468642735663,1.0,0.7668666659935157,0.036473371453980316,0.7800550062378111
mango_population,popfold8,200400,GC-CQR,0.1,1,19,65.5792510509491,196,0.45408163265306123,4.847600296540413,4.870805250712335,14.49797963024342,1.0,0.9439657505285481,-0.6904186339401788,0.6453824778258519
mango_population,popfold8,101100,CQR,0.1,1,19,6.33147931098938,1380,0.9217391304347826,3.7113299106563593,3.6335039233644046,4.193249711464018,1.0,1.54001692789957,1.0822047997685051,1.0960636190513093
mango_population,popfold8,101700,CQR,0.1,1,19,6.33147931098938,80,0.3625,3.652330591301299,3.5484833838576213,11.290931608582735,1.0,0.8418626404229025,0.49126562404835517,0.6879732052246217
mango_population,popfold8,102200,CQR,0.1,1,19,6.33147931098938,80,0.9875,3.299033967438356,3.2411427476973893,3.3104120711725975,1.0,0.7540923493257721,-0.09377944599138102,0.7529591827969092
mango_population,popfold8,102300,CQR,0.1,1,19,6.33147931098938,160,0.75625,4.086209400895607,3.9811491225707316,7.1824083511529535,1.0,1.7310264282194268,-1.5748871044448594,0.7207146023637021
mango_population,popfold8,103105,CQR,0.1,1,19,6.33147931098938,1120,0.9267857142857143,3.04690759291103,2.991328750156594,3.498376181803799,1.0,0.9649293262181878,-0.5895776452693765,0.7642043187026103
mango_population,popfold8,103107,CQR,0.1,1,19,6.33147931098938,420,0.9023809523809524,2.988965305046786,2.890337975269981,3.821008357598618,1.0,0.8395736479346492,-0.4424123294865854,0.7144021337203746
mango_population,popfold8,104100,CQR,0.1,1,19,6.33147931098938,160,0.9125,3.957703748524348,3.8223294757146027,4.780164133739582,1.0,1.2877778171343757,-0.7847989849255708,1.0242161031615926
mango_population,popfold8,105100,CQR,0.1,1,19,6.33147931098938,400,0.8675,2.797819804632978,2.806637838706248,3.975256642171274,1.0,0.8583730746705408,0.6665220903438267,0.5415587253803993
mango_population,popfold8,106700,CQR,0.1,1,19,6.33147931098938,400,0.8275,3.2147584810547882,3.2234107188485828,3.9865486992278445,1.0,0.9880249018858566,-0.829097930903944,0.5380646910425567
mango_population,popfold8,107700,CQR,0.1,1,19,6.33147931098938,384,0.9791666666666666,3.6579232589869535,3.5672568443901334,3.7049451770872266,1.0,0.4477822083743319,-0.04554028159490777,0.44604158540370165
mango_population,popfold8,107900,CQR,0.1,1,19,6.33147931098938,400,0.785,3.5114929347173387,3.4447300429554453,6.234914040962433,1.0,1.1392837208401363,-0.2893280051829807,1.1033131703500383
mango_population,popfold8,108000,CQR,0.1,1,19,6.33147931098938,400,0.81,2.7997113219528624,2.755243171940858,4.731003442055694,1.0,1.1542081450620358,0.7490768754702317,0.8792114698895047
mango_population,popfold8,108400,CQR,0.1,1,19,6.33147931098938,400,0.9025,3.157486760429462,3.0980715855979533,3.5054736470685683,1.0,0.937156062681956,-0.6884563365837809,0.63663381545173
mango_population,popfold8,109900,CQR,0.1,1,19,6.33147931098938,748,0.8582887700534759,3.0396539703349967,2.951404931099077,4.135774935298216,1.0,0.7033706416272356,0.025905897354229546,0.7033637288594385
mango_population,popfold8,110000,CQR,0.1,1,19,6.33147931098938,880,0.4784090909090909,3.7428141369309933,3.654565353201078,9.972643184914949,1.0,1.2468212765422646,-0.8897220992026442,0.8739713186182335
mango_population,popfold8,111000,CQR,0.1,1,19,6.33147931098938,240,1.0,3.143406452960401,3.039192810719813,3.143406452960401,1.0,0.6682231384222755,0.38706363031221425,0.5458437026855317
mango_population,popfold8,113500,CQR,0.1,1,19,6.33147931098938,336,0.7351190476190477,3.3528825087892873,3.298196211973085,5.902961744584486,1.0,1.4221318513259396,1.169074366825553,0.8109756549009739
mango_population,popfold8,114800,CQR,0.1,1,19,6.33147931098938,160,0.8875,3.6392881664049836,3.663282958844662,4.579534868001898,1.0,1.0244562156327148,0.6842898658541376,0.7647964614256116
mango_population,popfold8,122000,CQR,0.1,1,19,6.33147931098938,28,0.9642857142857143,2.6372938007124174,2.6462627136571077,2.6859220354131756,1.0,0.7668666659935157,0.036473371453980316,0.7800550062378111
mango_population,popfold8,200400,CQR,0.1,1,19,6.33147931098938,196,0.25,4.4333954642574,4.315810634323366,17.269675280545535,1.0,0.9439657505285481,-0.6904186339401788,0.6453824778258519
mango_population,popfold8,101100,SCP,0.1,1,19,0.0003497600555419922,1380,0.7492753623188406,3.5132938443917507,3.513293844391752,7.037816152494697,1.0,1.54001692789957,1.0822047997685051,1.0960636190513093
mango_population,popfold8,101700,SCP,0.1,1,19,0.0003497600555419922,80,0.9625,3.513293844391751,3.5132938443917503,3.738940557804156,1.0,0.8418626404229025,0.49126562404835517,0.6879732052246217
mango_population,popfold8,102200,SCP,0.1,1,19,0.0003497600555419922,80,1.0,3.5132938443917494,3.5132938443917503,3.5132938443917494,1.0,0.7540923493257721,-0.09377944599138102,0.7529591827969092
mango_population,popfold8,102300,SCP,0.1,1,19,0.0003497600555419922,160,0.65,3.513293844391751,3.513293844391752,7.6274143315050535,1.0,1.7310264282194268,-1.5748871044448594,0.7207146023637021
mango_population,popfold8,103105,SCP,0.1,1,19,0.0003497600555419922,1120,0.9705357142857143,3.5132938443917503,3.5132938443917503,3.6820608070747345,1.0,0.9649293262181878,-0.5895776452693765,0.7642043187026103
mango_population,popfold8,103107,SCP,0.1,1,19,0.0003497600555419922,420,0.9785714285714285,3.5132938443917503,3.5132938443917503,3.7459767871240057,1.0,0.8395736479346492,-0.4424123294865854,0.7144021337203746
mango_population,popfold8,104100,SCP,0.1,1,19,0.0003497600555419922,160,0.85,3.513293844391751,3.5132938443917503,5.123471721004359,1.0,1.2877778171343757,-0.7847989849255708,1.0242161031615926
mango_population,popfold8,105100,SCP,0.1,1,19,0.0003497600555419922,400,0.975,3.5132938443917503,3.5132938443917503,3.6152434738083055,1.0,0.8583730746705408,0.6665220903438267,0.5415587253803993
mango_population,popfold8,106700,SCP,0.1,1,19,0.0003497600555419922,400,0.945,3.51329384439175,3.5132938443917485,3.7362622555515337,1.0,0.9880249018858566,-0.829097930903944,0.5380646910425567
mango_population,popfold8,107700,SCP,0.1,1,19,0.0003497600555419922,384,1.0,3.5132938443917503,3.5132938443917503,3.5132938443917503,1.0,0.4477822083743319,-0.04554028159490777,0.44604158540370165
mango_population,popfold8,107900,SCP,0.1,1,19,0.0003497600555419922,400,0.825,3.513293844391751,3.513293844391752,5.303307498656158,1.0,1.1392837208401363,-0.2893280051829807,1.1033131703500383
mango_population,popfold8,108000,SCP,0.1,1,19,0.0003497600555419922,400,0.895,3.5132938443917503,3.5132938443917503,5.000681197378541,1.0,1.1542081450620358,0.7490768754702317,0.8792114698895047
mango_population,popfold8,108400,SCP,0.1,1,19,0.0003497600555419922,400,0.97,3.51329384439175,3.5132938443917503,3.60332518043336,1.0,0.937156062681956,-0.6884563365837809,0.63663381545173
mango_population,popfold8,109900,SCP,0.1,1,19,0.0003497600555419922,748,0.9879679144385026,3.5132938443917507,3.5132938443917503,3.5608417565116066,1.0,0.7033706416272356,0.025905897354229546,0.7033637288594385
mango_population,popfold8,110000,SCP,0.1,1,19,0.0003497600555419922,880,0.8590909090909091,3.513293844391751,3.513293844391754,4.736351781764545,1.0,1.2468212765422646,-0.8897220992026442,0.8739713186182335
mango_population,popfold8,111000,SCP,0.1,1,19,0.0003497600555419922,240,0.9916666666666667,3.513293844391751,3.513293844391752,3.581971173406721,1.0,0.6682231384222755,0.38706363031221425,0.5458437026855317
mango_population,popfold8,113500,SCP,0.1,1,19,0.0003497600555419922,336,0.7678571428571429,3.5132938443917503,3.5132938443917503,6.197376544057347,1.0,1.4221318513259396,1.169074366825553,0.8109756549009739
mango_population,popfold8,114800,SCP,0.1,1,19,0.0003497600555419922,160,0.91875,3.5132938443917503,3.5132938443917503,3.9783351415080057,1.0,1.0244562156327148,0.6842898658541376,0.7647964614256116
mango_population,popfold8,122000,SCP,0.1,1,19,0.0003497600555419922,28,1.0,3.51329384439175,3.5132938443917494,3.51329384439175,1.0,0.7668666659935157,0.036473371453980316,0.7800550062378111
mango_population,popfold8,200400,SCP,0.1,1,19,0.0003497600555419922,196,0.9540816326530612,3.513293844391751,3.513293844391754,3.814738283147917,1.0,0.9439657505285481,-0.6904186339401788,0.6453824778258519
mango_population,popfold9,102505,GC-D,0.1,1,20,0.12186813354492188,552,0.9764492753623188,3.857185533179826,3.7585924521477976,4.153848920562038,1.0,0.9121531977231022,0.3724815399244729,0.8333901737404903
mango_population,popfold9,103100,GC-D,0.1,1,20,0.12186813354492188,696,0.9698275862068966,4.110104281335068,3.640306748273673,4.413867850056135,1.0,1.0976030224708995,-0.4921068831714914,0.9818086338534333
mango_population,popfold9,104200,GC-D,0.1,1,20,0.12186813354492188,160,0.875,4.5264146947544,4.00829122749264,5.202479360899458,1.0,1.3043647202745166,-1.0126237010828365,0.8247495909673866
mango_population,popfold9,104300,GC-D,0.1,1,20,0.12186813354492188,200,0.915,4.143584523656211,3.729365780591988,4.977958620669724,1.0,1.117895025466685,-0.514194205090466,0.9951104619952533
mango_population,popfold9,104301,GC-D,0.1,1,20,0.12186813354492188,768,0.9296875,3.672871496866209,3.676480806985996,4.291380990625161,1.0,0.9372937592788187,-0.44274893970274865,0.8266696975907881
mango_population,popfold9,105000,GC-D,0.1,1,20,0.12186813354492188,400,0.965,3.3717762749982696,3.3253850488722936,3.489785548290728,1.0,0.9039743111228936,0.7587241801024657,0.49204924025450847
mango_population,popfold9,105800,GC-D,0.1,1,20,0.12186813354492188,240,1.0,3.2036392866495644,3.0956170819721835,3.2036392866495644,1.0,0.6521545491967426,0.5047326575519787,0.4138406708611037
mango_population,popfold9,107400,GC-D,0.1,1,20,0.12186813354492188,960,0.99375,3.7960710675601943,3.7748565010842654,3.8180607105279347,1.0,0.8453296697952207,0.6736770257686336,0.5108947098480254
mango_population,popfold9,108100,GC-D,0.1,1,20,0.12186813354492188,400,0.9925,3.866304646007249,3.7750732790696446,3.89126344345874,1.0,0.8156522646142801,0.3314529411702813,0.7462034666188295
mango_population,popfold9,108500,GC-D,0.1,1,20,0.12186813354492188,400,1.0,3.765134587344452,3.7123755020791496,3.765134587344452,1.0,0.6033428685884732,-0.21525107549783734,0.5643454669693148
mango_population,popfold9,109300,GC-D,0.1,1,20,0.12186813354492188,160,0.98125,3.9252791479602607,3.9033260936097323,3.979455534533801,1.0,0.8169035177065626,-0.09162808923139254,0.8142971815494675
mango_population,popfold9,110200,GC-D,0.1,1,20,0.12186813354492188,480,0.975,3.7999860004924186,3.772188042133063,3.8735837612388555,1.0,0.8856067626093284,-0.3451388938378452,0.8164356456760401
mango_population,popfold9,110500,GC-D,0.1,1,20,0.12186813354492188,400,0.975,3.992603628565711,4.189799980474088,4.074568193012986,1.0,1.0744091429539782,-0.8881380920559211,0.6053775192012467
mango_population,popfold9,110804,GC-D,0.1,1,20,0.12186813354492188,80,0.7875,3.3660608682555724,3.241390092900394,5.104255511546016,1.0,1.3918961064325286,-1.1662951892164604,0.7644839760141172
mango_population,popfold9,111900,GC-D,0.1,1,20,0.12186813354492188,240,0.8416666666666667,3.6670073269525982,3.7130248607090017,5.614502592091287,1.0,1.3862577270992678,-0.8529051290552946,1.0951074122928968
mango_population,popfold9,112700,GC-D,0.1,1,20,0.12186813354492188,1440,0.9458333333333333,4.764355304190467,4.718330094028214,5.4553838777343735,1.0,1.2545095279094483,0.0899823026647017,1.2517129807706913
mango_population,popfold9,113800,GC-D,0.1,1,20,0.12186813354492188,120,0.9833333333333333,3.863081994470782,3.946092187777749,3.8972135192384383,1.0,0.7884211255307744,-0.4769633003725366,0.6304171338377887
mango_population,popfold9,121600,GC-D,0.1,1,20,0.12186813354492188,400,0.7225,4.187942094598316,3.855542049231076,6.643559541713553,1.0,1.5649009064163308,1.271972250794385,0.9127344359056144
mango_population,popfold9,200800,GC-D,0.1,1,20,0.12186813354492188,70,0.9142857142857143,3.5933632481777527,3.6078658276122297,4.520190514070192,1.0,0.9523628831072807,-0.4853806828395368,0.8253066691268671
mango_population,popfold9,102505,GC-D2,0.1,1,20,0.15077805519104004,552,0.9619565217391305,3.670163589009203,3.5868815267532455,4.0304572638277545,1.0,0.9121531977231022,0.3724815399244729,0.8333901737404903
mango_population,popfold9,103100,GC-D2,0.1,1,20,0.15077805519104004,696,0.9497126436781609,3.8801891214926103,3.4081309361079537,4.2665468867476,1.0,1.0976030224708995,-0.4921068831714914,0.9818086338534333
mango_population,popfold9,104200,GC-D2,0.1,1,20,0.15077805519104004,160,0.875,4.584899151368348,4.048452571242367,5.353881612207947,1.0,1.3043647202745166,-1.0126237010828365,0.8247495909673866
mango_population,popfold9,104300,GC-D2,0.1,1,20,0.15077805519104004,200,0.92,4.278986006931097,3.7605365680031264,5.099515120774863,1.0,1.117895025466685,-0.514194205090466,0.9951104619952533
mango_population,popfold9,104301,GC-D2,0.1,1,20,0.15077805519104004,768,0.9283854166666666,3.640209576148091,3.6425659495776053,4.269703022700273,1.0,0.9372937592788187,-0.44274893970274865,0.8266696975907881
mango_population,popfold9,105000,GC-D2,0.1,1,20,0.15077805519104004,400,0.955,3.2490967999140117,3.200528033170839,3.4046060875146567,1.0,0.9039743111228936,0.7587241801024657,0.49204924025450847
mango_population,popfold9,105800,GC-D2,0.1,1,20,0.15077805519104004,240,1.0,3.106767088529359,2.980206335383069,3.106767088529359,1.0,0.6521545491967426,0.5047326575519787,0.4138406708611037
mango_population,popfold9,107400,GC-D2,0.1,1,20,0.15077805519104004,960,0.9885416666666667,3.648578041425402,3.6172050521522277,3.679316977585525,1.0,0.8453296697952207,0.6736770257686336,0.5108947098480254
mango_population,popfold9,108100,GC-D2,0.1,1,20,0.15077805519104004,400,0.99,3.8314221226431715,3.7738895688505547,3.8610285179934345,1.0,0.8156522646142801,0.3314529411702813,0.7462034666188295
mango_population,popfold9,108500,GC-D2,0.1,1,20,0.15077805519104004,400,1.0,3.731919965770591,3.70126579075328,3.731919965770591,1.0,0.6033428685884732,-0.21525107549783734,0.5643454669693148
mango_population,popfold9,109300,GC-D2,0.1,1,20,0.15077805519104004,160,0.99375,4.0942196813502445,4.062909648802982,4.114312195779347,1.0,0.8169035177065626,-0.09162808923139254,0.8142971815494675
mango_population,popfold9,110200,GC-D2,0.1,1,20,0.15077805519104004,480,0.96875,3.7920683831718707,3.7607457107616744,3.896220111826402,1.0,0.8856067626093284,-0.3451388938378452,0.8164356456760401
mango_population,popfold9,110500,GC-D2,0.1,1,20,0.15077805519104004,400,0.96,3.7789849229420844,3.950154754071674,3.9329078281631986,1.0,1.0744091429539782,-0.8881380920559211,0.6053775192012467
mango_population,popfold9,110804,GC-D2,0.1,1,20,0.15077805519104004,80,0.7625,3.237035929655651,3.126460439436938,5.252872733896931,1.0,1.3918961064325286,-1.1662951892164604,0.7644839760141172
mango_population,popfold9,111900,GC-D2,0.1,1,20,0.15077805519104004,240,0.85,3.773308846686341,3.7563662411781147,5.41113156603109,1.0,1.3862577270992678,-0.8529051290552946,1.0951074122928968
mango_population,popfold9,112700,GC-D2,0.1,1,20,0.15077805519104004,1440,0.9458333333333333,4.732740909337982,4.659161705364904,5.421294079173623,1.0,1.2545095279094483,0.0899823026647017,1.2517129807706913
mango_population,popfold9,113800,GC-D2,0.1,1,20,0.15077805519104004,120,0.975,3.7397603338075216,3.786116512259361,3.802806759899163,1.0,0.7884211255307744,-0.4769633003725366,0.6304171338377887
mango_population,popfold9,121600,GC-D2,0.1,1,20,0.15077805519104004,400,0.7175,4.2140915868831845,3.8347605584739304,6.660077669069185,1.0,1.5649009064163308,1.271972250794385,0.9127344359056144
mango_population,popfold9,200800,GC-D2,0.1,1,20,0.15077805519104004,70,0.9285714285714286,3.755638352617023,3.7501728483910703,4.504556170449473,1.0,0.9523628831072807,-0.4853806828395368,0.8253066691268671
mango_population,popfold9,102505,GC-CQR,0.1,1,20,69.10812950134277,552,0.8695652173913043,3.568245357312532,3.5005423221557805,4.887328199017929,1.0,0.9121531977231022,0.3724815399244729,0.8333901737404903
mango_population,popfold9,103100,GC-CQR,0.1,1,20,69.10812950134277,696,0.9899425287356322,4.091666737985872,3.9600233345450366,4.238235452695482,1.0,1.0976030224708995,-0.4921068831714914,0.9818086338534333
mango_population,popfold9,104200,GC-CQR,0.1,1,20,69.10812950134277,160,0.825,4.0354108059535125,4.0264475875149754,5.422118785483251,1.0,1.3043647202745166,-1.0126237010828365,0.8247495909673866
mango_population,popfold9,104300,GC-CQR,0.1,1,20,69.10812950134277,200,0.865,3.8138536847737243,3.738366127296098,4.859603964791083,1.0,1.117895025466685,-0.514194205090466,0.9951104619952533
mango_population,popfold9,104301,GC-CQR,0.1,1,20,69.10812950134277,768,0.9088541666666666,3.4810856175383322,3.4811090967237206,4.089551539727764,1.0,0.9372937592788187,-0.44274893970274865,0.8266696975907881
mango_population,popfold9,105000,GC-CQR,0.1,1,20,69.10812950134277,400,0.9725,3.811739943850619,3.7822782062236184,3.978990552756018,1.0,0.9039743111228936,0.7587241801024657,0.49204924025450847
mango_population,popfold9,105800,GC-CQR,0.1,1,20,69.10812950134277,240,1.0,3.557741592702491,3.52239700691449,3.557741592702491,1.0,0.6521545491967426,0.5047326575519787,0.4138406708611037
mango_population,popfold9,107400,GC-CQR,0.1,1,20,69.10812950134277,960,0.9885416666666667,3.7316384576870507,3.716113416207522,3.7775391409235075,1.0,0.8453296697952207,0.6736770257686336,0.5108947098480254
mango_population,popfold9,108100,GC-CQR,0.1,1,20,69.10812950134277,400,0.9525,3.4912022451025604,3.3970705117039044,3.731716518505359,1.0,0.8156522646142801,0.3314529411702813,0.7462034666188295
mango_population,popfold9,108500,GC-CQR,0.1,1,20,69.10812950134277,400,0.995,3.510552000164653,3.448559269060178,3.527473858372157,1.0,0.6033428685884732,-0.21525107549783734,0.5643454669693148
mango_population,popfold9,109300,GC-CQR,0.1,1,20,69.10812950134277,160,0.925,3.6668098381314076,3.5831453474737387,4.156796419610981,1.0,0.8169035177065626,-0.09162808923139254,0.8142971815494675
mango_population,popfold9,110200,GC-CQR,0.1,1,20,69.10812950134277,480,0.9625,3.757688412708645,3.707190671748651,3.955800922194876,1.0,0.8856067626093284,-0.3451388938378452,0.8164356456760401
mango_population,popfold9,110500,GC-CQR,0.1,1,20,69.10812950134277,400,0.975,4.08328683726189,4.096121261258535,4.239338883512707,1.0,1.0744091429539782,-0.8881380920559211,0.6053775192012467
mango_population,popfold9,110804,GC-CQR,0.1,1,20,69.10812950134277,80,0.875,4.287258467857811,4.241582562736792,6.168218819332453,1.0,1.3918961064325286,-1.1662951892164604,0.7644839760141172
mango_population,popfold9,111900,GC-CQR,0.1,1,20,69.10812950134277,240,0.9166666666666666,3.985472808486067,3.80144500504358,4.834722319056551,1.0,1.3862577270992678,-0.8529051290552946,1.0951074122928968
mango_population,popfold9,112700,GC-CQR,0.1,1,20,69.10812950134277,1440,0.9923611111111111,4.78536712836256,4.670950725290489,4.816863682193012,1.0,1.2545095279094483,0.0899823026647017,1.2517129807706913
mango_population,popfold9,113800,GC-CQR,0.1,1,20,69.10812950134277,120,0.95,4.264765038342187,4.226492185984842,4.5541847653784036,1.0,0.7884211255307744,-0.4769633003725366,0.6304171338377887
mango_population,popfold9,121600,GC-CQR,0.1,1,20,69.10812950134277,400,0.75,4.3058418920665495,4.1327104387557885,6.791085083558832,1.0,1.5649009064163308,1.271972250794385,0.9127344359056144
mango_population,popfold9,200800,GC-CQR,0.1,1,20,69.10812950134277,70,0.9142857142857143,3.8690638713537475,3.6361966937291283,4.742647720099941,1.0,0.9523628831072807,-0.4853806828395368,0.8253066691268671
mango_population,popfold9,102505,CQR,0.1,1,20,6.742005825042725,552,0.7916666666666666,3.04070563038392,2.972234693915393,5.5878552434677715,1.0,0.9121531977231022,0.3724815399244729,0.8333901737404903
mango_population,popfold9,103100,CQR,0.1,1,20,6.742005825042725,696,0.978448275862069,3.666974639220647,3.4193773800554954,3.9122379083523118,1.0,1.0976030224708995,-0.4921068831714914,0.9818086338534333
mango_population,popfold9,104200,CQR,0.1,1,20,6.742005825042725,160,0.75,3.5085804963299365,3.444843292758576,6.093297704969368,1.0,1.3043647202745166,-1.0126237010828365,0.8247495909673866
mango_population,popfold9,104300,CQR,0.1,1,20,6.742005825042725,200,0.84,3.4426072735897653,3.359390206600402,5.411086857571657,1.0,1.117895025466685,-0.514194205090466,0.9951104619952533
mango_population,popfold9,104301,CQR,0.1,1,20,6.742005825042725,768,0.8684895833333334,2.9433790258520243,2.9039150237212477,4.233650841995144,1.0,0.9372937592788187,-0.44274893970274865,0.8266696975907881
mango_population,popfold9,105000,CQR,0.1,1,20,6.742005825042725,400,0.96,3.4781525956999046,3.428404809140539,3.7536637554299563,1.0,0.9039743111228936,0.7587241801024657,0.49204924025450847
mango_population,popfold9,105800,CQR,0.1,1,20,6.742005825042725,240,0.975,3.0631504548705997,3.0298005746215955,3.1023299371756408,1.0,0.6521545491967426,0.5047326575519787,0.4138406708611037
mango_population,popfold9,107400,CQR,0.1,1,20,6.742005825042725,960,0.959375,3.4375982709488238,3.4336954815364615,3.581297634700769,1.0,0.8453296697952207,0.6736770257686336,0.5108947098480254
mango_population,popfold9,108100,CQR,0.1,1,20,6.742005825042725,400,0.895,2.9961719172336996,2.8626115874599662,3.7528920034541677,1.0,0.8156522646142801,0.3314529411702813,0.7462034666188295
mango_population,popfold9,108500,CQR,0.1,1,20,6.742005825042725,400,0.94,3.044732371552398,2.9872012763154903,3.272286304253537,1.0,0.6033428685884732,-0.21525107549783734,0.5643454669693148
mango_population,popfold9,109300,CQR,0.1,1,20,6.742005825042725,160,0.85,3.1855509849312225,3.119647623642246,4.232361739391138,1.0,0.8169035177065626,-0.09162808923139254,0.8142971815494675
mango_population,popfold9,110200,CQR,0.1,1,20,6.742005825042725,480,0.9291666666666667,3.416528978291855,3.340401061176702,3.885585627863423,1.0,0.8856067626093284,-0.3451388938378452,0.8164356456760401
mango_population,popfold9,110500,CQR,0.1,1,20,6.742005825042725,400,0.97,3.5170403030277244,3.5341918814508615,3.8232364792396045,1.0,1.0744091429539782,-0.8881380920559211,0.6053775192012467
mango_population,popfold9,110804,CQR,0.1,1,20,6.742005825042725,80,0.8125,3.6156134398786492,3.507811786885049,6.194143799294713,1.0,1.3918961064325286,-1.1662951892164604,0.7644839760141172
mango_population,popfold9,111900,CQR,0.1,1,20,6.742005825042725,240,0.8666666666666667,3.5286392250554672,3.2989841669842583,4.9208739788896425,1.0,1.3862577270992678,-0.8529051290552946,1.0951074122928968
mango_population,popfold9,112700,CQR,0.1,1,20,6.742005825042725,1440,0.9805555555555555,4.216648855001813,4.107187357008558,4.319359071439725,1.0,1.2545095279094483,0.0899823026647017,1.2517129807706913
mango_population,popfold9,113800,CQR,0.1,1,20,6.742005825042725,120,0.9416666666666667,3.809685459486024,3.87735667754656,4.34079092097638,1.0,0.7884211255307744,-0.4769633003725366,0.6304171338377887
mango_population,popfold9,121600,CQR,0.1,1,20,6.742005825042725,400,0.655,3.8933851282353724,3.6672801080741086,8.092270577592247,1.0,1.5649009064163308,1.271972250794385,0.9127344359056144
mango_population,popfold9,200800,CQR,0.1,1,20,6.742005825042725,70,0.8428571428571429,3.5190982001681426,3.39648573227805,5.265892754030584,1.0,0.9523628831072807,-0.4853806828395368,0.8253066691268671
mango_population,popfold9,102505,SCP,0.1,1,20,0.0005750656127929688,552,0.9528985507246377,3.6801837831756927,3.6801837831756927,4.203313884295192,1.0,0.9121531977231022,0.3724815399244729,0.8333901737404903
mango_population,popfold9,103100,SCP,0.1,1,20,0.0005750656127929688,696,0.9626436781609196,3.6801837831756923,3.6801837831756927,4.377852957917784,1.0,1.0976030224708995,-0.4921068831714914,0.9818086338534333
mango_population,popfold9,104200,SCP,0.1,1,20,0.0005750656127929688,160,0.8625,3.6801837831756927,3.6801837831756927,4.535130487473438,1.0,1.3043647202745166,-1.0126237010828365,0.8247495909673866
mango_population,popfold9,104300,SCP,0.1,1,20,0.0005750656127929688,200,0.915,3.6801837831756927,3.6801837831756927,4.377953596546875,1.0,1.117895025466685,-0.514194205090466,0.9951104619952533
mango_population,popfold9,104301,SCP,0.1,1,20,0.0005750656127929688,768,0.9440104166666666,3.6801837831756927,3.6801837831756927,4.09615398724617,1.0,0.9372937592788187,-0.44274893970274865,0.8266696975907881
mango_population,popfold9,105000,SCP,0.1,1,20,0.0005750656127929688,400,0.98,3.6801837831756927,3.6801837831756927,3.735841923199406,1.0,0.9039743111228936,0.7587241801024657,0.49204924025450847
mango_population,popfold9,105800,SCP,0.1,1,20,0.0005750656127929688,240,1.0,3.6801837831756927,3.6801837831756927,3.6801837831756927,1.0,0.6521545491967426,0.5047326575519787,0.4138406708611037
mango_population,popfold9,107400,SCP,0.1,1,20,0.0005750656127929688,960,0.9895833333333334,3.6801837831756927,3.6801837831756927,3.7326721530232883,1.0,0.8453296697952207,0.6736770257686336,0.5108947098480254
mango_population,popfold9,108100,SCP,0.1,1,20,0.0005750656127929688,400,0.9775,3.6801837831756927,3.6801837831756927,3.746384783914436,1.0,0.8156522646142801,0.3314529411702813,0.7462034666188295
mango_population,popfold9,108500,SCP,0.1,1,20,0.0005750656127929688,400,0.9975,3.6801837831756927,3.6801837831756927,3.6848801794726667,1.0,0.6033428685884732,-0.21525107549783734,0.5643454669693148
mango_population,popfold9,109300,SCP,0.1,1,20,0.0005750656127929688,160,0.975,3.6801837831756927,3.6801837831756927,3.8302937311532346,1.0,0.8169035177065626,-0.09162808923139254,0.8142971815494675
mango_population,popfold9,110200,SCP,0.1,1,20,0.0005750656127929688,480,0.9729166666666667,3.6801837831756927,3.6801837831756927,3.756469548527225,1.0,0.8856067626093284,-0.3451388938378452,0.8164356456760401
mango_population,popfold9,110500,SCP,0.1,1,20,0.0005750656127929688,400,0.9475,3.6801837831756927,3.6801837831756927,3.9735017127115224,1.0,1.0744091429539782,-0.8881380920559211,0.6053775192012467
mango_population,popfold9,110804,SCP,0.1,1,20,0.0005750656127929688,80,0.8375,3.6801837831756927,3.6801837831756927,5.3710405314583225,1.0,1.3918961064325286,-1.1662951892164604,0.7644839760141172
mango_population,popfold9,111900,SCP,0.1,1,20,0.0005750656127929688,240,0.8333333333333334,3.6801837831756927,3.6801837831756927,5.9189576120365315,1.0,1.3862577270992678,-0.8529051290552946,1.0951074122928968
mango_population,popfold9,112700,SCP,0.1,1,20,0.0005750656127929688,1440,0.8895833333333333,3.6801837831756927,3.6801837831756927,5.402451481810945,1.0,1.2545095279094483,0.0899823026647017,1.2517129807706913
mango_population,popfold9,113800,SCP,0.1,1,20,0.0005750656127929688,120,0.9666666666666667,3.6801837831756927,3.6801837831756927,3.8466905620210365,1.0,0.7884211255307744,-0.4769633003725366,0.6304171338377887
mango_population,popfold9,121600,SCP,0.1,1,20,0.0005750656127929688,400,0.67,3.6801837831756927,3.6801837831756927,6.335950790976271,1.0,1.5649009064163308,1.271972250794385,0.9127344359056144
mango_population,popfold9,200800,SCP,0.1,1,20,0.0005750656127929688,70,0.9142857142857143,3.6801837831756927,3.6801837831756927,4.499459246620323,1.0,0.9523628831072807,-0.4853806828395368,0.8253066691268671
