task,fold,group,method,alpha,seed,A,time_s,n,coverage,width_mean,width_median,interval_score,finite_frac,rmse,bias,sep
ossl_lucas_block,block0,0,ASTM-R,0.05,1,25,4.274718999862671,1550,0.9606451612903226,9.742008639397136,5.571454416396948,12.287935498782204,1.0,5.006298385843683,0.801700500330154,4.943284843008999
ossl_lucas_block,block0,0,ASTM-R,0.1,1,25,0.0005774497985839844,1550,0.9167741935483871,8.018524799338728,4.585852916861579,10.47415829245911,1.0,5.006298385843683,0.801700500330154,4.943284843008999
ossl_lucas_block,block0,0,ASTM-R,0.2,1,25,0.0005033016204833984,1550,0.7825806451612903,6.134111039379472,3.50818568071921,8.676376480570353,1.0,5.006298385843683,0.801700500330154,4.943284843008999
ossl_lucas_block,block0,0,ASTM-G,0.05,1,25,0.0008192062377929688,1550,0.9729032258064516,10.303948420103557,5.8928015183673725,12.423497379889003,1.0,5.006298385843683,0.801700500330154,4.943284843008999
ossl_lucas_block,block0,0,ASTM-G,0.1,1,25,0.0006105899810791016,1550,0.9303225806451613,8.464415263032532,4.840845507570306,10.489298275346675,1.0,5.006298385843683,0.801700500330154,4.943284843008999
ossl_lucas_block,block0,0,ASTM-G,0.2,1,25,0.0004909038543701172,1550,0.8206451612903226,6.4631411633004605,3.696355448852717,8.724925192175819,1.0,5.006298385843683,0.801700500330154,4.943284843008999
ossl_lucas_block,block0,0,GPR,0.05,1,25,60.33996820449829,1550,0.9483870967741935,8.652698545344167,3.453019362186577,10.797245069809296,1.0,5.006298385843683,0.801700500330154,4.943284843008999
ossl_lucas_block,block0,0,GPR,0.1,1,25,0.0001385211944580078,1550,0.9038709677419355,7.0939506212648205,2.86596027822547,9.027779108462212,1.0,5.006298385843683,0.801700500330154,4.943284843008999
ossl_lucas_block,block0,0,GPR,0.2,1,25,0.00010704994201660156,1550,0.7974193548387096,5.407474828129472,2.2093717350387148,7.416179742403758,1.0,5.006298385843683,0.801700500330154,4.943284843008999
ossl_lucas_block,block0,0,BAG,0.05,1,25,28.945809602737427,1550,0.9606451612903226,9.740880008120245,5.5550259362038785,12.263493299154385,1.0,5.006298385843683,0.801700500330154,4.943284843008999
ossl_lucas_block,block0,0,BAG,0.1,1,25,0.00010633468627929688,1550,0.9187096774193548,8.017490947325904,4.572481093039256,10.458068954865492,1.0,5.006298385843683,0.801700500330154,4.943284843008999
ossl_lucas_block,block0,0,BAG,0.2,1,25,9.608268737792969e-05,1550,0.7870967741935484,6.133240128726606,3.498063330581636,8.66555485852754,1.0,5.006298385843683,0.801700500330154,4.943284843008999
ossl_lucas_block,block0,0,QGB,0.05,1,25,4.546522378921509,1550,0.9503225806451613,8.590973595388792,4.287585277678666,10.678681546481705,1.0,5.006298385843683,0.801700500330154,4.943284843008999
ossl_lucas_block,block0,0,QGB,0.1,1,25,3.914851188659668,1550,0.8916129032258064,6.720228965868345,3.426955694640999,8.035765938091068,1.0,5.006298385843683,0.801700500330154,4.943284843008999
ossl_lucas_block,block0,0,QGB,0.2,1,25,4.0109007358551025,1550,0.7380645161290322,4.946942742161921,2.55810213181549,6.485090198160256,1.0,5.006298385843683,0.801700500330154,4.943284843008999
ossl_lucas_block,block0,0,SCP,0.05,1,25,0.00033545494079589844,1550,0.9651612903225807,10.06608265372542,5.780535351347801,12.290846358279424,1.0,5.006298385843683,0.801700500330154,4.943284843008999
ossl_lucas_block,block0,0,SCP,0.1,1,25,0.00025582313537597656,1550,0.9051612903225806,7.872209632107574,4.520684722847676,10.431332874961754,1.0,5.006298385843683,0.801700500330154,4.943284843008999
ossl_lucas_block,block0,0,SCP,0.2,1,25,0.000240325927734375,1550,0.7025806451612904,5.581770202799859,3.205379996402373,8.691067639594962,1.0,5.006298385843683,0.801700500330154,4.943284843008999
ossl_lucas_block,block0,0,NCP-kNN,0.05,1,25,4.555884838104248,1550,0.9787096774193549,11.93383580413874,6.39902886006721,12.698453181438758,1.0,5.006298385843683,0.801700500330154,4.943284843008999
ossl_lucas_block,block0,0,NCP-kNN,0.1,1,25,0.0006458759307861328,1550,0.9406451612903226,9.582238352177251,5.162728659960755,10.629980814944753,1.0,5.006298385843683,0.801700500330154,4.943284843008999
ossl_lucas_block,block0,0,NCP-kNN,0.2,1,25,0.0005424022674560547,1550,0.8148387096774193,7.321045350820844,3.9689765713864245,8.789221898211473,1.0,5.006298385843683,0.801700500330154,4.943284843008999
ossl_lucas_block,block0,0,CV+,0.05,1,25,0.08011031150817871,1550,0.9716129032258064,10.252252790572769,5.864607098494793,12.411549320512057,1.0,5.006298385843683,0.801700500330154,4.943284843008999
ossl_lucas_block,block0,0,CV+,0.1,1,25,0.06877756118774414,1550,0.9109677419354839,7.872236667040782,4.50243565534987,10.49005121006656,1.0,5.006298385843683,0.801700500330154,4.943284843008999
ossl_lucas_block,block0,0,CV+,0.2,1,25,0.07398700714111328,1550,0.7232258064516129,5.677534875583847,3.2450525636820724,8.688761177837058,1.0,5.006298385843683,0.801700500330154,4.943284843008999
ossl_lucas_block,block0,0,CQR,0.05,1,25,0.0003209114074707031,1550,0.9729032258064516,9.301597138581213,4.750637651146949,10.205828430334734,1.0,5.006298385843683,0.801700500330154,4.943284843008999
ossl_lucas_block,block0,0,CQR,0.1,1,25,0.0002682209014892578,1550,0.9309677419354838,7.307294791554004,3.781200344814615,8.124553565414352,1.0,5.006298385843683,0.801700500330154,4.943284843008999
ossl_lucas_block,block0,0,CQR,0.2,1,25,0.0002715587615966797,1550,0.7935483870967742,5.382078348781183,2.804233647285045,6.563609302065308,1.0,5.006298385843683,0.801700500330154,4.943284843008999
ossl_lucas_block,block0,0,WCP,0.05,1,25,0.020213842391967773,1550,1.0,26.487927872956178,15.210922532700133,26.487927872956178,1.0,5.006298385843683,0.801700500330154,4.943284843008999
ossl_lucas_block,block0,0,WCP,0.1,1,25,0.0028336048126220703,1550,1.0,26.487927872956178,15.210922532700133,26.487927872956178,1.0,5.006298385843683,0.801700500330154,4.943284843008999
ossl_lucas_block,block0,0,WCP,0.2,1,25,0.002909421920776367,1550,1.0,26.487927872956178,15.210922532700133,26.487927872956178,1.0,5.006298385843683,0.801700500330154,4.943284843008999
ossl_lucas_block,block0,0,R-U-A,0.05,1,25,0.0015745162963867188,1550,0.9716129032258064,10.253553140892533,5.866246716435592,12.411805569224507,1.0,5.006298385843683,0.801700500330154,4.943284843008999
ossl_lucas_block,block0,0,R-U-A,0.1,1,25,0.0014774799346923828,1550,0.9090322580645162,7.872538303061942,4.504024247572245,10.487240362278051,1.0,5.006298385843683,0.801700500330154,4.943284843008999
ossl_lucas_block,block0,0,R-U-A,0.2,1,25,0.001336812973022461,1550,0.7212903225806452,5.670530385851025,3.2442149369453843,8.690060162723213,1.0,5.006298385843683,0.801700500330154,4.943284843008999
ossl_lucas_block,block0,0,R-U-D,0.05,1,25,0.09168004989624023,1550,0.9503225806451613,10.752945558827134,5.0636225386813,12.381506129164993,1.0,5.006298385843683,0.801700500330154,4.943284843008999
ossl_lucas_block,block0,0,R-U-D,0.1,1,25,0.0025882720947265625,1550,0.8729032258064516,8.333349552046615,3.9619617494479136,10.274812389879655,1.0,5.006298385843683,0.801700500330154,4.943284843008999
ossl_lucas_block,block0,0,R-U-D,0.2,1,25,0.0023450851440429688,1550,0.6535483870967742,6.031933744627649,2.887321400456664,8.620215614817432,1.0,5.006298385843683,0.801700500330154,4.943284843008999
ossl_lucas_block,block0,0,G-U-A,0.05,1,25,0.002177715301513672,1550,0.9748387096774194,10.66128163839144,6.099515703954774,12.534486599492428,1.0,5.006298385843683,0.801700500330154,4.943284843008999
ossl_lucas_block,block0,0,G-U-A,0.1,1,25,0.0014243125915527344,1550,0.9232258064516129,8.214210177831472,4.699501023858857,10.470364482335393,1.0,5.006298385843683,0.801700500330154,4.943284843008999
ossl_lucas_block,block0,0,G-U-A,0.2,1,25,0.0013475418090820312,1550,0.7632258064516129,5.9632388435931825,3.4116788399952283,8.671723251327942,1.0,5.006298385843683,0.801700500330154,4.943284843008999
ossl_lucas_block,block0,0,G-W-A,0.05,1,25,0.004485368728637695,1550,0.9761290322580645,10.871944758446562,6.220039957285935,12.605008537976095,1.0,5.006298385843683,0.801700500330154,4.943284843008999
ossl_lucas_block,block0,0,G-W-A,0.1,1,25,0.004407167434692383,1550,0.9270967741935484,8.296850620699587,4.746781144218936,10.474733591569661,1.0,5.006298385843683,0.801700500330154,4.943284843008999
ossl_lucas_block,block0,0,G-W-A,0.2,1,25,0.0044269561767578125,1550,0.76,5.9382156037903755,3.397362583346363,8.671820544135318,1.0,5.006298385843683,0.801700500330154,4.943284843008999
ossl_lucas_block,block0,0,G-U-D,0.05,1,25,0.0815424919128418,1550,0.9529032258064516,11.041769605376412,5.187438940931121,12.5030901456026,1.0,5.006298385843683,0.801700500330154,4.943284843008999
ossl_lucas_block,block0,0,G-U-D,0.1,1,25,0.002668142318725586,1550,0.8864516129032258,8.666631005921849,4.1069686117867015,10.408316269451127,1.0,5.006298385843683,0.801700500330154,4.943284843008999
ossl_lucas_block,block0,0,G-U-D,0.2,1,25,0.0023729801177978516,1550,0.6812903225806451,6.279260893594891,3.0013964511258773,8.60622138290271,1.0,5.006298385843683,0.801700500330154,4.943284843008999
ossl_lucas_block,block0,0,GC-D,0.05,1,25,0.005639553070068359,1550,0.9548387096774194,11.085508837171933,5.20760094065199,12.520508567168271,1.0,5.006298385843683,0.801700500330154,4.943284843008999
ossl_lucas_block,block0,0,GC-D,0.1,1,25,0.005503177642822266,1550,0.8864516129032258,8.655684823557706,4.101963670289525,10.404105991589775,1.0,5.006298385843683,0.801700500330154,4.943284843008999
ossl_lucas_block,block0,0,GC-D,0.2,1,25,0.0055043697357177734,1550,0.6703225806451613,6.190180583628816,2.9597032810573998,8.610536256142627,1.0,5.006298385843683,0.801700500330154,4.943284843008999
ossl_lucas_block,block0,0,GC-D+,0.05,1,25,0.005533933639526367,1550,0.9916129032258064,15.12374597242813,6.99224121056511,15.4302434062723,1.0,5.006298385843683,0.801700500330154,4.943284843008999
ossl_lucas_block,block0,0,GC-D+,0.1,1,25,0.005472660064697266,1550,0.9329032258064516,9.959801207183082,4.696912785601492,11.063278804988423,1.0,5.006298385843683,0.801700500330154,4.943284843008999
ossl_lucas_block,block0,0,GC-D+,0.2,1,25,0.00561070442199707,1550,0.7322580645161291,6.702531495309119,3.1990238297322096,8.62016939962877,1.0,5.006298385843683,0.801700500330154,4.943284843008999
ossl_lucas_block,block0,0,HJ+,0.05,1,25,0.33899497985839844,1550,0.9941935483870967,15.191322270260846,8.694362294315052,15.67356476092324,1.0,5.006298385843683,0.801700500330154,4.943284843008999
ossl_lucas_block,block0,0,HJ+,0.1,1,25,0.294055700302124,1550,0.9593548387096774,9.690690290981351,5.554962805732843,10.98078519767154,1.0,5.006298385843683,0.801700500330154,4.943284843008999
ossl_lucas_block,block0,0,HJ+,0.2,1,25,0.34331607818603516,1550,0.82,6.46704669769807,3.7048835803101072,8.718627305692243,1.0,5.006298385843683,0.801700500330154,4.943284843008999
ossl_lucas_block,block0,0,HJ+-D,0.05,1,25,0.26894283294677734,1550,0.9916129032258064,15.23442764556144,7.057817263471261,15.536412672960148,1.0,5.006298385843683,0.801700500330154,4.943284843008999
ossl_lucas_block,block0,0,HJ+-D,0.1,1,25,0.32830357551574707,1550,0.9335483870967742,10.007195233731153,4.73998568881672,11.106891315815647,1.0,5.006298385843683,0.801700500330154,4.943284843008999
ossl_lucas_block,block0,0,HJ+-D,0.2,1,25,0.3709092140197754,1550,0.7348387096774194,6.725171450674555,3.2246121840551645,8.617733392267144,1.0,5.006298385843683,0.801700500330154,4.943284843008999
ossl_lucas_block,block0,0,HCP-D,0.05,1,25,6.209535598754883,1550,1.0,inf,inf,inf,0.0,5.006298385843683,0.801700500330154,4.943284843008999
ossl_lucas_block,block0,0,HCP-D,0.1,1,25,6.395076274871826,1550,0.9741935483870968,11.6953454181184,4.6721027406622895,12.172626416255756,1.0,5.006298385843683,0.801700500330154,4.943284843008999
ossl_lucas_block,block0,0,HCP-D,0.2,1,25,6.914390325546265,1550,0.8509677419354839,7.035307954697714,2.8910021092618097,8.387341465789907,1.0,5.006298385843683,0.801700500330154,4.943284843008999
ossl_lucas_block,block0,0,HCP-A,0.05,1,25,0.786156177520752,1550,1.0,inf,inf,inf,0.0,5.006298385843683,0.801700500330154,4.943284843008999
ossl_lucas_block,block0,0,HCP-A,0.1,1,25,0.8226456642150879,1550,0.9890322580645161,11.620477851952554,6.3244905721065505,12.316183963283645,1.0,5.006298385843683,0.801700500330154,4.943284843008999
ossl_lucas_block,block0,0,HCP-A,0.2,1,25,0.8250887393951416,1550,0.9270967741935484,6.888698203377777,3.749200970597742,8.592574009266334,1.0,5.006298385843683,0.801700500330154,4.943284843008999
ossl_lucas_block,block0,0,ORACLE,0.05,1,25,0.0020477771759033203,1550,0.9490322580645161,9.240649045473278,5.3046177332322015,12.30212586492082,1.0,5.006298385843683,0.801700500330154,4.943284843008999
ossl_lucas_block,block0,0,ORACLE,0.1,1,25,0.0018596649169921875,1550,0.9,7.692289713198871,4.412352461472617,10.547715460606366,1.0,5.006298385843683,0.801700500330154,4.943284843008999
ossl_lucas_block,block0,0,ORACLE,0.2,1,25,0.0018260478973388672,1550,0.8058064516129032,6.304240891410053,3.614167888522381,8.703652534139115,1.0,5.006298385843683,0.801700500330154,4.943284843008999
ossl_lucas_block,block1,1,ASTM-R,0.05,1,25,3.679891586303711,788,0.9530456852791879,4.607349236126047,3.504508746296094,7.79369598801972,1.0,3.5156689745996794,-0.18876156135532304,3.512827530088996
ossl_lucas_block,block1,1,ASTM-R,0.1,1,25,0.0005979537963867188,788,0.9137055837563451,3.792345767691804,2.8846023668263316,6.110494520350196,1.0,3.5156689745996794,-0.18876156135532304,3.512827530088996
ossl_lucas_block,block1,1,ASTM-R,0.2,1,25,0.0004088878631591797,788,0.8413705583756346,2.9011845979195594,2.2067610156861104,4.6924414159268615,1.0,3.5156689745996794,-0.18876156135532304,3.512827530088996
ossl_lucas_block,block1,1,ASTM-G,0.05,1,25,0.0007715225219726562,788,0.9644670050761421,4.921930212356523,3.743782742970674,7.718347485555871,1.0,3.5156689745996794,-0.18876156135532304,3.512827530088996
ossl_lucas_block,block1,1,ASTM-G,0.1,1,25,0.000766754150390625,788,0.9238578680203046,4.041863480352063,3.0743908267877447,6.101197540760419,1.0,3.5156689745996794,-0.18876156135532304,3.512827530088996
ossl_lucas_block,block1,1,ASTM-G,0.2,1,25,0.0005590915679931641,788,0.8629441624365483,3.0852359222644616,2.3467560913618586,4.715333261426387,1.0,3.5156689745996794,-0.18876156135532304,3.512827530088996
ossl_lucas_block,block1,1,GPR,0.05,1,25,40.48460340499878,788,0.9365482233502538,4.181455268985567,2.6153842701345624,6.284644811724987,1.0,3.5156689745996794,-0.18876156135532304,3.512827530088996
ossl_lucas_block,block1,1,GPR,0.1,1,25,0.00014543533325195312,788,0.9010152284263959,3.4266547350951932,2.1607592469578796,5.0770710177622105,1.0,3.5156689745996794,-0.18876156135532304,3.512827530088996
ossl_lucas_block,block1,1,GPR,0.2,1,25,0.00010442733764648438,788,0.8210659898477157,2.611389022192525,1.6598228763870426,3.9866762756880076,1.0,3.5156689745996794,-0.18876156135532304,3.512827530088996
ossl_lucas_block,block1,1,BAG,0.05,1,25,29.227352142333984,788,0.9517766497461929,4.6019256938215864,3.509176154765881,7.769148019399625,1.0,3.5156689745996794,-0.18876156135532304,3.512827530088996
ossl_lucas_block,block1,1,BAG,0.1,1,25,0.00010228157043457031,788,0.9137055837563451,3.7878066765964253,2.888482856895086,6.1012996379279745,1.0,3.5156689745996794,-0.18876156135532304,3.512827530088996
ossl_lucas_block,block1,1,BAG,0.2,1,25,9.012222290039062e-05,788,0.8413705583756346,2.897655934081216,2.209756406179815,4.692388604913148,1.0,3.5156689745996794,-0.18876156135532304,3.512827530088996
ossl_lucas_block,block1,1,QGB,0.05,1,25,4.607759714126587,788,0.9225888324873096,3.8034852449864007,2.739327675657134,5.241345332506111,1.0,3.5156689745996794,-0.18876156135532304,3.512827530088996
ossl_lucas_block,block1,1,QGB,0.1,1,25,3.752828359603882,788,0.8464467005076142,2.6688474404757168,1.9029283659596357,4.259900832072273,1.0,3.5156689745996794,-0.18876156135532304,3.512827530088996
ossl_lucas_block,block1,1,QGB,0.2,1,25,3.9839155673980713,788,0.7195431472081218,1.9238280206974347,1.2868297076490278,3.337806786655332,1.0,3.5156689745996794,-0.18876156135532304,3.512827530088996
ossl_lucas_block,block1,1,SCP,0.05,1,25,0.0003833770751953125,788,0.9657360406091371,4.955141999163019,3.783863787790494,7.766097220118462,1.0,3.5156689745996794,-0.18876156135532304,3.512827530088996
ossl_lucas_block,block1,1,SCP,0.1,1,25,0.00027060508728027344,788,0.9137055837563451,3.757057704868676,2.868978245324378,6.136112057622844,1.0,3.5156689745996794,-0.18876156135532304,3.512827530088996
ossl_lucas_block,block1,1,SCP,0.2,1,25,0.00025582313537597656,788,0.8185279187817259,2.720925342515984,2.0777630337469084,4.710963818836039,1.0,3.5156689745996794,-0.18876156135532304,3.512827530088996
ossl_lucas_block,block1,1,NCP-kNN,0.05,1,25,4.1691200733184814,788,0.9428934010152284,3.9100472622598326,2.548070895570177,6.181628157353046,1.0,3.5156689745996794,-0.18876156135532304,3.512827530088996
ossl_lucas_block,block1,1,NCP-kNN,0.1,1,25,0.00031185150146484375,788,0.8718274111675127,3.170846002085922,2.0869767969445547,5.061977384393395,1.0,3.5156689745996794,-0.18876156135532304,3.512827530088996
ossl_lucas_block,block1,1,NCP-kNN,0.2,1,25,0.00025534629821777344,788,0.7791878172588832,2.4578942924911265,1.6293372626556897,4.065903863198011,1.0,3.5156689745996794,-0.18876156135532304,3.512827530088996
ossl_lucas_block,block1,1,CV+,0.05,1,25,0.048204898834228516,788,0.9593908629441624,4.812706348312736,3.66519948235569,7.714736204995516,1.0,3.5156689745996794,-0.18876156135532304,3.512827530088996
ossl_lucas_block,block1,1,CV+,0.1,1,25,0.04139375686645508,788,0.9111675126903553,3.7000018450954766,2.8157521895244955,6.118008938697629,1.0,3.5156689745996794,-0.18876156135532304,3.512827530088996
ossl_lucas_block,block1,1,CV+,0.2,1,25,0.043192148208618164,788,0.8197969543147208,2.674094464046808,2.0350159998126216,4.6935975750893535,1.0,3.5156689745996794,-0.18876156135532304,3.512827530088996
ossl_lucas_block,block1,1,CQR,0.05,1,25,0.00039768218994140625,788,0.9530456852791879,4.30184775667444,3.1444057215856835,5.120011907065159,1.0,3.5156689745996794,-0.18876156135532304,3.512827530088996
ossl_lucas_block,block1,1,CQR,0.1,1,25,0.0003082752227783203,788,0.9022842639593909,3.065323643725436,2.2052589596671304,4.117829236042021,1.0,3.5156689745996794,-0.18876156135532304,3.512827530088996
ossl_lucas_block,block1,1,CQR,0.2,1,25,0.0003008842468261719,788,0.7842639593908629,2.1540635512843362,1.4608033928138662,3.2459217757559817,1.0,3.5156689745996794,-0.18876156135532304,3.512827530088996
ossl_lucas_block,block1,1,WCP,0.05,1,25,0.01585221290588379,788,0.8515228426395939,inf,2.238491567784462,inf,0.9961928934010152,3.5156689745996794,-0.18876156135532304,3.512827530088996
ossl_lucas_block,block1,1,WCP,0.1,1,25,0.0031533241271972656,788,0.8477157360406091,inf,2.2352210668192116,inf,0.998730964467005,3.5156689745996794,-0.18876156135532304,3.512827530088996
ossl_lucas_block,block1,1,WCP,0.2,1,25,0.003011941909790039,788,0.8464467005076142,2.9193951164638308,2.229319253677452,4.704837283413599,1.0,3.5156689745996794,-0.18876156135532304,3.512827530088996
ossl_lucas_block,block1,1,R-U-A,0.05,1,25,0.0017223358154296875,788,0.9593908629441624,4.80641552784877,3.656430114071163,7.739482096949898,1.0,3.5156689745996794,-0.18876156135532304,3.512827530088996
ossl_lucas_block,block1,1,R-U-A,0.1,1,25,0.0019369125366210938,788,0.9111675126903553,3.7024663356262453,2.816612364761083,6.122487516919649,1.0,3.5156689745996794,-0.18876156135532304,3.512827530088996
ossl_lucas_block,block1,1,R-U-A,0.2,1,25,0.0015866756439208984,788,0.817258883248731,2.670510801155438,2.031563034182234,4.7006776970469835,1.0,3.5156689745996794,-0.18876156135532304,3.512827530088996
ossl_lucas_block,block1,1,R-U-D,0.05,1,25,0.0967562198638916,788,0.9746192893401016,5.100809969789593,3.758124008902006,7.046405348110612,1.0,3.5156689745996794,-0.18876156135532304,3.512827530088996
ossl_lucas_block,block1,1,R-U-D,0.1,1,25,0.0032558441162109375,788,0.9378172588832487,3.983426489174073,2.9339620664684722,5.766935164534663,1.0,3.5156689745996794,-0.18876156135532304,3.512827530088996
ossl_lucas_block,block1,1,R-U-D,0.2,1,25,0.0023899078369140625,788,0.8540609137055838,2.9027018668426114,2.14195025958126,4.543987137537109,1.0,3.5156689745996794,-0.18876156135532304,3.512827530088996
ossl_lucas_block,block1,1,G-U-A,0.05,1,25,0.0021207332611083984,788,0.9657360406091371,5.020456442378428,3.819259490972718,7.710682922077247,1.0,3.5156689745996794,-0.18876156135532304,3.512827530088996
ossl_lucas_block,block1,1,G-U-A,0.1,1,25,0.0014379024505615234,788,0.9187817258883249,3.8765664917120732,2.9490572293151947,6.105753962259426,1.0,3.5156689745996794,-0.18876156135532304,3.512827530088996
ossl_lucas_block,block1,1,G-U-A,0.2,1,25,0.00146484375,788,0.8350253807106599,2.8321944679578235,2.15456218496816,4.6919672344860235,1.0,3.5156689745996794,-0.18876156135532304,3.512827530088996
ossl_lucas_block,block1,1,G-W-A,0.05,1,25,0.00465846061706543,788,0.9708121827411168,5.136754275737424,3.90773184581412,7.705844740779812,1.0,3.5156689745996794,-0.18876156135532304,3.512827530088996
ossl_lucas_block,block1,1,G-W-A,0.1,1,25,0.004608631134033203,788,0.9238578680203046,3.9668494489886723,3.0177390405029403,6.10226178165902,1.0,3.5156689745996794,-0.18876156135532304,3.512827530088996
ossl_lucas_block,block1,1,G-W-A,0.2,1,25,0.004787445068359375,788,0.8350253807106599,2.8411996208604564,2.1614127604259465,4.691954415295095,1.0,3.5156689745996794,-0.18876156135532304,3.512827530088996
ossl_lucas_block,block1,1,G-U-D,0.05,1,25,0.08677887916564941,788,0.9758883248730964,5.263110841627514,3.8749385107782253,7.03022756701302,1.0,3.5156689745996794,-0.18876156135532304,3.512827530088996
ossl_lucas_block,block1,1,G-U-D,0.1,1,25,0.0027468204498291016,788,0.9428934010152284,4.136279351293182,3.052182630374242,5.778005481774205,1.0,3.5156689745996794,-0.18876156135532304,3.512827530088996
ossl_lucas_block,block1,1,G-U-D,0.2,1,25,0.002537250518798828,788,0.8705583756345178,3.0494615787261963,2.2500981904710713,4.554571030360608,1.0,3.5156689745996794,-0.18876156135532304,3.512827530088996
ossl_lucas_block,block1,1,GC-D,0.05,1,25,0.0059015750885009766,788,0.9758883248730964,5.327139395377007,3.9206790192352363,7.026460965359513,1.0,3.5156689745996794,-0.18876156135532304,3.512827530088996
ossl_lucas_block,block1,1,GC-D,0.1,1,25,0.005999326705932617,788,0.9454314720812182,4.155754292744766,3.0664408844301327,5.7802859539748255,1.0,3.5156689745996794,-0.18876156135532304,3.512827530088996
ossl_lucas_block,block1,1,GC-D,0.2,1,25,0.005769968032836914,788,0.8692893401015228,3.0271564430635696,2.2337187958804057,4.551833452999381,1.0,3.5156689745996794,-0.18876156135532304,3.512827530088996
ossl_lucas_block,block1,1,GC-D+,0.05,1,25,0.007432460784912109,788,0.9949238578680203,7.285891017062425,5.3503380155188545,7.654295298098057,1.0,3.5156689745996794,-0.18876156135532304,3.512827530088996
ossl_lucas_block,block1,1,GC-D+,0.1,1,25,0.006181478500366211,788,0.9670050761421319,4.7749061060667914,3.523592698836176,5.9339888269682834,1.0,3.5156689745996794,-0.18876156135532304,3.512827530088996
ossl_lucas_block,block1,1,GC-D+,0.2,1,25,0.005834341049194336,788,0.8857868020304569,3.2667867472152734,2.4101624664821584,4.594065894144817,1.0,3.5156689745996794,-0.18876156135532304,3.512827530088996
ossl_lucas_block,block1,1,HJ+,0.05,1,25,0.2645840644836426,788,0.9873096446700508,7.139843436495116,5.431011371407884,8.172482985614307,1.0,3.5156689745996794,-0.18876156135532304,3.512827530088996
ossl_lucas_block,block1,1,HJ+,0.1,1,25,0.21875262260437012,788,0.9517766497461929,4.5908778638397845,3.4976389598683126,6.1666757251393305,1.0,3.5156689745996794,-0.18876156135532304,3.512827530088996
ossl_lucas_block,block1,1,HJ+,0.2,1,25,0.23585915565490723,788,0.8642131979695431,3.0832731356897303,2.3471666468858503,4.689148252294958,1.0,3.5156689745996794,-0.18876156135532304,3.512827530088996
ossl_lucas_block,block1,1,HJ+-D,0.05,1,25,0.18626642227172852,788,0.9961928934010152,7.319972035041856,5.345719865287345,7.645727694433869,1.0,3.5156689745996794,-0.18876156135532304,3.512827530088996
ossl_lucas_block,block1,1,HJ+-D,0.1,1,25,0.2262256145477295,788,0.9695431472081218,4.799095696921037,3.5321853766911024,5.903093649179879,1.0,3.5156689745996794,-0.18876156135532304,3.512827530088996
ossl_lucas_block,block1,1,HJ+-D,0.2,1,25,0.24879980087280273,788,0.8883248730964467,3.275186939024973,2.409896899265436,4.5726840346222835,1.0,3.5156689745996794,-0.18876156135532304,3.512827530088996
ossl_lucas_block,block1,1,HCP-D,0.05,1,25,5.682520151138306,788,1.0,inf,inf,inf,0.0,3.5156689745996794,-0.18876156135532304,3.512827530088996
ossl_lucas_block,block1,1,HCP-D,0.1,1,25,5.629071950912476,788,0.9708121827411168,5.550755601524719,4.121644968948397,6.405834812445065,1.0,3.5156689745996794,-0.18876156135532304,3.512827530088996
ossl_lucas_block,block1,1,HCP-D,0.2,1,25,6.089009046554565,788,0.8540609137055838,3.3664270595904275,2.50996402566902,4.910248920586362,1.0,3.5156689745996794,-0.18876156135532304,3.512827530088996
ossl_lucas_block,block1,1,HCP-A,0.05,1,25,0.7698862552642822,788,1.0,inf,inf,inf,0.0,3.5156689745996794,-0.18876156135532304,3.512827530088996
ossl_lucas_block,block1,1,HCP-A,0.1,1,25,0.7840378284454346,788,0.9568527918781726,5.415885694996017,4.269445603253464,6.800421121810451,1.0,3.5156689745996794,-0.18876156135532304,3.512827530088996
ossl_lucas_block,block1,1,HCP-A,0.2,1,25,0.725365400314331,788,0.8324873096446701,3.202801457440953,2.5248292468947904,5.17049557904913,1.0,3.5156689745996794,-0.18876156135532304,3.512827530088996
ossl_lucas_block,block1,1,ORACLE,0.05,1,25,0.0012249946594238281,788,0.9517766497461929,4.573382348859673,3.482127140473168,7.781505193012168,1.0,3.5156689745996794,-0.18876156135532304,3.512827530088996
ossl_lucas_block,block1,1,ORACLE,0.1,1,25,0.0010075569152832031,788,0.9035532994923858,3.5124025189090453,2.6878190292456825,6.1677948951743184,1.0,3.5156689745996794,-0.18876156135532304,3.512827530088996
ossl_lucas_block,block1,1,ORACLE,0.2,1,25,0.0009930133819580078,788,0.7956852791878173,2.5457126159787404,1.9521261564421042,4.728804781261643,1.0,3.5156689745996794,-0.18876156135532304,3.512827530088996
ossl_lucas_block,block2,2,ASTM-R,0.05,1,25,3.9063360691070557,1769,0.9400791407574901,3.5707423728000247,3.1921081847739172,4.877596856562475,1.0,1.1256875520877954,0.0037077260118360666,1.1259997497446264
ossl_lucas_block,block2,2,ASTM-R,0.1,1,25,0.0006091594696044922,1769,0.8937252685132844,2.93950372439088,2.6278679926123005,4.089642980307383,1.0,1.1256875520877954,0.0037077260118360666,1.1259997497446264
ossl_lucas_block,block2,2,ASTM-R,0.2,1,25,0.0004775524139404297,1769,0.7880158281514981,2.2490401692631226,2.0106508481696315,3.325111442286268,1.0,1.1256875520877954,0.0037077260118360666,1.1259997497446264
ossl_lucas_block,block2,2,ASTM-G,0.05,1,25,0.0006487369537353516,1769,0.9496890898812889,3.800707799638728,3.3976568045948663,4.8609857845062985,1.0,1.1256875520877954,0.0037077260118360666,1.1259997497446264
ossl_lucas_block,block2,2,ASTM-G,0.1,1,25,0.0006916522979736328,1769,0.9078575466365179,3.1220022342268665,2.791000005045313,4.098022519625145,1.0,1.1256875520877954,0.0037077260118360666,1.1259997497446264
ossl_lucas_block,block2,2,ASTM-G,0.2,1,25,0.0005507469177246094,1769,0.814584511023177,2.3837270954566843,2.131052719792635,3.330842141319766,1.0,1.1256875520877954,0.0037077260118360666,1.1259997497446264
ossl_lucas_block,block2,2,GPR,0.05,1,25,58.94183373451233,1769,0.9564725833804409,4.144536259978972,3.0188199616186204,5.02800197126727,1.0,1.1256875520877954,0.0037077260118360666,1.1259997497446264
ossl_lucas_block,block2,2,GPR,0.1,1,25,0.0001327991485595703,1769,0.9157716223855286,3.334675013270179,2.494394675071628,4.121503320229508,1.0,1.1256875520877954,0.0037077260118360666,1.1259997497446264
ossl_lucas_block,block2,2,GPR,0.2,1,25,0.00010037422180175781,1769,0.8388920293951385,2.4998101545149205,1.9106535945331018,3.3101721139399003,1.0,1.1256875520877954,0.0037077260118360666,1.1259997497446264
ossl_lucas_block,block2,2,BAG,0.05,1,25,27.675663709640503,1769,0.9417750141322782,3.59312138194968,3.2154035371724023,4.793206202327188,1.0,1.1256875520877954,0.0037077260118360666,1.1259997497446264
ossl_lucas_block,block2,2,BAG,0.1,1,25,0.00012350082397460938,1769,0.894855850763143,2.957651110807551,2.647091998019366,4.03622042724247,1.0,1.1256875520877954,0.0037077260118360666,1.1259997497446264
ossl_lucas_block,block2,2,BAG,0.2,1,25,8.940696716308594e-05,1769,0.7891464104013567,2.2627235529422887,2.0253920679215414,3.2912978423640036,1.0,1.1256875520877954,0.0037077260118360666,1.1259997497446264
ossl_lucas_block,block2,2,QGB,0.05,1,25,4.475788831710815,1769,0.8501978518937253,3.4828956165156044,2.9813845852731418,5.647616434233682,1.0,1.1256875520877954,0.0037077260118360666,1.1259997497446264
ossl_lucas_block,block2,2,QGB,0.1,1,25,3.8903872966766357,1769,0.7687959299039006,2.3865669233117623,2.002342131632211,4.183108676435975,1.0,1.1256875520877954,0.0037077260118360666,1.1259997497446264
ossl_lucas_block,block2,2,QGB,0.2,1,25,4.207788467407227,1769,0.6546071226681741,1.6708816748303816,1.34379596328371,3.0424259147214308,1.0,1.1256875520877954,0.0037077260118360666,1.1259997497446264
ossl_lucas_block,block2,2,SCP,0.05,1,25,0.00038695335388183594,1769,0.9446014697569248,3.6807678260652446,3.2718973502155655,4.757707427825154,1.0,1.1256875520877954,0.0037077260118360666,1.1259997497446264
ossl_lucas_block,block2,2,SCP,0.1,1,25,0.0002532005310058594,1769,0.8812888637648388,2.8438099646065442,2.5279112205399503,4.009927569499018,1.0,1.1256875520877954,0.0037077260118360666,1.1259997497446264
ossl_lucas_block,block2,2,SCP,0.2,1,25,0.0002529621124267578,1769,0.751271905031091,2.0636075118441743,1.8343759424526676,3.275831354177479,1.0,1.1256875520877954,0.0037077260118360666,1.1259997497446264
ossl_lucas_block,block2,2,NCP-kNN,0.05,1,25,4.3751444816589355,1769,0.894855850763143,3.1116121356210327,2.397089757697573,4.396316039170589,1.0,1.1256875520877954,0.0037077260118360666,1.1259997497446264
ossl_lucas_block,block2,2,NCP-kNN,0.1,1,25,0.0003123283386230469,1769,0.8264556246466931,2.5568480794547406,1.9778452867733929,3.755408710436798,1.0,1.1256875520877954,0.0037077260118360666,1.1259997497446264
ossl_lucas_block,block2,2,NCP-kNN,0.2,1,25,0.000308990478515625,1769,0.7133973996608253,1.979894134165354,1.5417398739270838,3.1114166077718606,1.0,1.1256875520877954,0.0037077260118360666,1.1259997497446264
ossl_lucas_block,block2,2,CV+,0.05,1,25,0.10132956504821777,1769,0.9479932165065008,3.725195524016599,3.32487513358449,4.824557337252627,1.0,1.1256875520877954,0.0037077260118360666,1.1259997497446264
ossl_lucas_block,block2,2,CV+,0.1,1,25,0.08640050888061523,1769,0.8875070661390616,2.8714014517702524,2.56192410089222,4.0599236591072465,1.0,1.1256875520877954,0.0037077260118360666,1.1259997497446264
ossl_lucas_block,block2,2,CV+,0.2,1,25,0.09288716316223145,1769,0.752967778405879,2.074140611847103,1.8492549562332918,3.3170229552214656,1.0,1.1256875520877954,0.0037077260118360666,1.1259997497446264
ossl_lucas_block,block2,2,CQR,0.05,1,25,0.0003361701965332031,1769,0.9055963821368005,3.9410405000045534,3.403537380814234,5.324031762044469,1.0,1.1256875520877954,0.0037077260118360666,1.1259997497446264
ossl_lucas_block,block2,2,CQR,0.1,1,25,0.0002715587615966797,1769,0.8208027133973996,2.693588049354428,2.2781415871498503,3.975818814664896,1.0,1.1256875520877954,0.0037077260118360666,1.1259997497446264
ossl_lucas_block,block2,2,CQR,0.2,1,25,0.00026297569274902344,1769,0.7167891464104014,1.8677536987474217,1.5233383197169903,2.971395894969797,1.0,1.1256875520877954,0.0037077260118360666,1.1259997497446264
ossl_lucas_block,block2,2,WCP,0.05,1,25,0.02297687530517578,1769,1.0,inf,9.04147045992941,inf,0.9943470887507067,1.1256875520877954,0.0037077260118360666,1.1259997497446264
ossl_lucas_block,block2,2,WCP,0.1,1,25,0.0029878616333007812,1769,1.0,inf,9.012576293016641,inf,0.9988694177501414,1.1256875520877954,0.0037077260118360666,1.1259997497446264
ossl_lucas_block,block2,2,WCP,0.2,1,25,0.0030965805053710938,1769,1.0,9.304054758595884,8.329454414548199,9.304054758595884,1.0,1.1256875520877954,0.0037077260118360666,1.1259997497446264
ossl_lucas_block,block2,2,R-U-A,0.05,1,25,0.0016522407531738281,1769,0.9457320520067835,3.712467775266169,3.316051773112931,4.8613480044807655,1.0,1.1256875520877954,0.0037077260118360666,1.1259997497446264
ossl_lucas_block,block2,2,R-U-A,0.1,1,25,0.0016627311706542969,1769,0.8858111927642736,2.8620702097889295,2.5564593603142662,4.09376642306894,1.0,1.1256875520877954,0.0037077260118360666,1.1259997497446264
ossl_lucas_block,block2,2,R-U-A,0.2,1,25,0.0014679431915283203,1769,0.7507066139061617,2.061903455333186,1.8417341302188348,3.348486794255034,1.0,1.1256875520877954,0.0037077260118360666,1.1259997497446264
ossl_lucas_block,block2,2,R-U-D,0.05,1,25,0.09954094886779785,1769,0.9677784058790277,4.300985548792852,3.683108050921876,4.817552136828525,1.0,1.1256875520877954,0.0037077260118360666,1.1259997497446264
ossl_lucas_block,block2,2,R-U-D,0.1,1,25,0.002715587615966797,1769,0.9242509892594686,3.3249287828470555,2.8579162454458946,4.032725796468996,1.0,1.1256875520877954,0.0037077260118360666,1.1259997497446264
ossl_lucas_block,block2,2,R-U-D,0.2,1,25,0.0025069713592529297,1769,0.8270209157716224,2.4229740320725477,2.090220963690084,3.275419842403862,1.0,1.1256875520877954,0.0037077260118360666,1.1259997497446264
ossl_lucas_block,block2,2,G-U-A,0.05,1,25,0.002246379852294922,1769,0.9536461277557943,3.912733906976848,3.494933557778672,4.86652456415806,1.0,1.1256875520877954,0.0037077260118360666,1.1259997497446264
ossl_lucas_block,block2,2,G-U-A,0.1,1,25,0.0014579296112060547,1769,0.899943470887507,3.017700188506985,2.6954712246907957,4.090079977114735,1.0,1.1256875520877954,0.0037077260118360666,1.1259997497446264
ossl_lucas_block,block2,2,G-U-A,0.2,1,25,0.0014274120330810547,1769,0.7727529677784059,2.193266935025643,1.9590706637932511,3.328522745037764,1.0,1.1256875520877954,0.0037077260118360666,1.1259997497446264
ossl_lucas_block,block2,2,G-W-A,0.05,1,25,0.004603147506713867,1769,0.9553420011305822,3.980620417784623,3.5555711708602917,4.874388204210469,1.0,1.1256875520877954,0.0037077260118360666,1.1259997497446264
ossl_lucas_block,block2,2,G-W-A,0.1,1,25,0.0044803619384765625,1769,0.9033352176370831,3.049025020488715,2.72345120214071,4.091510125223876,1.0,1.1256875520877954,0.0037077260118360666,1.1259997497446264
ossl_lucas_block,block2,2,G-W-A,0.2,1,25,0.004472017288208008,1769,0.7727529677784059,2.1874427568752712,1.9538683893355064,3.3290568817004895,1.0,1.1256875520877954,0.0037077260118360666,1.1259997497446264
ossl_lucas_block,block2,2,G-U-D,0.05,1,25,0.08672213554382324,1769,0.9711701526286037,4.4499587852318605,3.811918447940392,4.884883718360878,1.0,1.1256875520877954,0.0037077260118360666,1.1259997497446264
ossl_lucas_block,block2,2,G-U-D,0.1,1,25,0.002719879150390625,1769,0.9355568117580554,3.4731932487220374,2.9827447644903073,4.080090449966191,1.0,1.1256875520877954,0.0037077260118360666,1.1259997497446264
ossl_lucas_block,block2,2,G-U-D,0.2,1,25,0.002374887466430664,1769,0.8434143583945732,2.5493907995340335,2.199486771158097,3.3051009521487336,1.0,1.1256875520877954,0.0037077260118360666,1.1259997497446264
ossl_lucas_block,block2,2,GC-D,0.05,1,25,0.005696296691894531,1769,0.9723007348784624,4.476047056846318,3.834334178385863,4.898379898872906,1.0,1.1256875520877954,0.0037077260118360666,1.1259997497446264
ossl_lucas_block,block2,2,GC-D,0.1,1,25,0.0055811405181884766,1769,0.9349915206331261,3.458838016985398,2.9701944597378485,4.074505523905208,1.0,1.1256875520877954,0.0037077260118360666,1.1259997497446264
ossl_lucas_block,block2,2,GC-D,0.2,1,25,0.005803108215332031,1769,0.8417184850197852,2.5141462109515462,2.1691184919802726,3.295369423622121,1.0,1.1256875520877954,0.0037077260118360666,1.1259997497446264
ossl_lucas_block,block2,2,GC-D+,0.05,1,25,0.005669832229614258,1769,0.9937817976257772,6.14744757542217,5.221988276900301,6.200577383882179,1.0,1.1256875520877954,0.0037077260118360666,1.1259997497446264
ossl_lucas_block,block2,2,GC-D+,0.1,1,25,0.005605459213256836,1769,0.9598643301300169,4.002387500841662,3.43337932769201,4.357370585993941,1.0,1.1256875520877954,0.0037077260118360666,1.1259997497446264
ossl_lucas_block,block2,2,GC-D+,0.2,1,25,0.005669116973876953,1769,0.8694177501413228,2.713075164806377,2.3382470048736668,3.3599777596425344,1.0,1.1256875520877954,0.0037077260118360666,1.1259997497446264
ossl_lucas_block,block2,2,HJ+,0.05,1,25,0.43131279945373535,1769,0.9864330130016958,5.483885939952817,4.890638952918545,5.644077531389119,1.0,1.1256875520877954,0.0037077260118360666,1.1259997497446264
ossl_lucas_block,block2,2,HJ+,0.1,1,25,0.39925408363342285,1769,0.9378179762577727,3.5507791086520215,3.171325491974562,4.197635037862245,1.0,1.1256875520877954,0.0037077260118360666,1.1259997497446264
ossl_lucas_block,block2,2,HJ+,0.2,1,25,0.42593860626220703,1769,0.8151498021481063,2.3878386292004827,2.133864776479121,3.322050877167223,1.0,1.1256875520877954,0.0037077260118360666,1.1259997497446264
ossl_lucas_block,block2,2,HJ+-D,0.05,1,25,0.3016245365142822,1769,0.9932165065008479,6.170290696622152,5.21594725039073,6.222801258243042,1.0,1.1256875520877954,0.0037077260118360666,1.1259997497446264
ossl_lucas_block,block2,2,HJ+-D,0.1,1,25,0.3851644992828369,1769,0.961560203504805,4.014528538231396,3.4341347030171856,4.35585341977339,1.0,1.1256875520877954,0.0037077260118360666,1.1259997497446264
ossl_lucas_block,block2,2,HJ+-D,0.2,1,25,0.4642012119293213,1769,0.8699830412662521,2.72444826880335,2.3478922979817756,3.3604183063567636,1.0,1.1256875520877954,0.0037077260118360666,1.1259997497446264
ossl_lucas_block,block2,2,HCP-D,0.05,1,25,7.851089239120483,1769,1.0,inf,inf,inf,0.0,1.1256875520877954,0.0037077260118360666,1.1259997497446264
ossl_lucas_block,block2,2,HCP-D,0.1,1,25,7.912330627441406,1769,0.9875635952515546,5.446461005128677,4.5272224991780945,5.523036752215016,1.0,1.1256875520877954,0.0037077260118360666,1.1259997497446264
ossl_lucas_block,block2,2,HCP-D,0.2,1,25,8.035458326339722,1769,0.9157716223855286,3.1041099972628325,2.613049604319874,3.525147896905439,1.0,1.1256875520877954,0.0037077260118360666,1.1259997497446264
ossl_lucas_block,block2,2,HCP-A,0.05,1,25,0.8584671020507812,1769,1.0,inf,inf,inf,0.0,1.1256875520877954,0.0037077260118360666,1.1259997497446264
ossl_lucas_block,block2,2,HCP-A,0.1,1,25,0.854651927947998,1769,0.9773883550028265,4.819645849630175,4.259132608505452,5.0167601989955015,1.0,1.1256875520877954,0.0037077260118360666,1.1259997497446264
ossl_lucas_block,block2,2,HCP-A,0.2,1,25,0.869415283203125,1769,0.8846806105144149,2.7582493278910967,2.4374715531662257,3.3943020974941267,1.0,1.1256875520877954,0.0037077260118360666,1.1259997497446264
ossl_lucas_block,block2,2,ORACLE,0.05,1,25,0.002527952194213867,1769,0.9502543810062182,3.848044006172203,3.4354745678111596,4.8634275135882366,1.0,1.1256875520877954,0.0037077260118360666,1.1259997497446264
ossl_lucas_block,block2,2,ORACLE,0.1,1,25,0.002190828323364258,1769,0.9005087620124365,3.030445105821406,2.7078695727026374,4.091748303216684,1.0,1.1256875520877954,0.0037077260118360666,1.1259997497446264
ossl_lucas_block,block2,2,ORACLE,0.2,1,25,0.0021643638610839844,1769,0.7987563595251554,2.32543391758938,2.075662382050204,3.326001537698641,1.0,1.1256875520877954,0.0037077260118360666,1.1259997497446264
ossl_lucas_block,block3,3,ASTM-R,0.05,1,25,3.986199140548706,1913,0.9754312598013591,4.06799981131554,3.570859748036243,6.284984342528981,1.0,1.3978065181606814,-0.4197950874027381,1.3336284611165905
ossl_lucas_block,block3,3,ASTM-R,0.1,1,25,0.0005428791046142578,1913,0.9607945635128071,3.3473321852725797,2.9382740132869114,4.8538226674881235,1.0,1.3978065181606814,-0.4197950874027381,1.3336284611165905
ossl_lucas_block,block3,3,ASTM-R,0.2,1,25,0.0007359981536865234,1913,0.9242028227914271,2.559966664094654,2.247135818102922,3.6427999459402414,1.0,1.3978065181606814,-0.4197950874027381,1.3336284611165905
ossl_lucas_block,block3,3,ASTM-G,0.05,1,25,0.0007569789886474609,1913,0.9796131730266597,4.314323997671298,3.7870761599394362,6.312196023335476,1.0,1.3978065181606814,-0.4197950874027381,1.3336284611165905
ossl_lucas_block,block3,3,ASTM-G,0.1,1,25,0.0006542205810546875,1913,0.967067433350758,3.542610702427052,3.109685663711577,4.9260040885808545,1.0,1.3978065181606814,-0.4197950874027381,1.3336284611165905
ossl_lucas_block,block3,3,ASTM-G,0.2,1,25,0.0005564689636230469,1913,0.9330893883951908,2.7039358658014105,2.373510405493529,3.710121673845793,1.0,1.3978065181606814,-0.4197950874027381,1.3336284611165905
ossl_lucas_block,block3,3,GPR,0.05,1,25,77.2683117389679,1913,0.967067433350758,3.469785623022228,2.8481410288224414,5.462720783419277,1.0,1.3978065181606814,-0.4197950874027381,1.3336284611165905
ossl_lucas_block,block3,3,GPR,0.1,1,25,0.0001304149627685547,1913,0.9383167799268165,2.867428159296125,2.3592378039086475,4.335653499607714,1.0,1.3978065181606814,-0.4197950874027381,1.3336284611165905
ossl_lucas_block,block3,3,GPR,0.2,1,25,0.00010156631469726562,1913,0.8771562990067956,2.202044481482866,1.816165096213335,3.378208496195848,1.0,1.3978065181606814,-0.4197950874027381,1.3336284611165905
ossl_lucas_block,block3,3,BAG,0.05,1,25,30.98875641822815,1913,0.9759539989545217,4.065204299920121,3.566529301892492,6.2776742990654455,1.0,1.3978065181606814,-0.4197950874027381,1.3336284611165905
ossl_lucas_block,block3,3,BAG,0.1,1,25,0.00012087821960449219,1913,0.9607945635128071,3.345247604144356,2.9349533429588535,4.845515657841822,1.0,1.3978065181606814,-0.4197950874027381,1.3336284611165905
ossl_lucas_block,block3,3,BAG,0.2,1,25,0.00010347366333007812,1913,0.9257710402509148,2.5585275176334306,2.2447710917101875,3.6362102850487985,1.0,1.3978065181606814,-0.4197950874027381,1.3336284611165905
ossl_lucas_block,block3,3,QGB,0.05,1,25,4.628172159194946,1913,0.9262937794040773,3.12632238202482,2.4968330166330905,5.334022510402959,1.0,1.3978065181606814,-0.4197950874027381,1.3336284611165905
ossl_lucas_block,block3,3,QGB,0.1,1,25,3.897507429122925,1913,0.8572922111866179,2.201528371200103,1.6602095162187722,4.0137908291752415,1.0,1.3978065181606814,-0.4197950874027381,1.3336284611165905
ossl_lucas_block,block3,3,QGB,0.2,1,25,4.125290393829346,1913,0.7365394668060637,1.5605947332671684,1.1670871109932082,3.159483921733437,1.0,1.3978065181606814,-0.4197950874027381,1.3336284611165905
ossl_lucas_block,block3,3,SCP,0.05,1,25,0.0003037452697753906,1913,0.9790904338734971,4.239574754751095,3.723291576516699,6.297041973246669,1.0,1.3978065181606814,-0.4197950874027381,1.3336284611165905
ossl_lucas_block,block3,3,SCP,0.1,1,25,0.00025272369384765625,1913,0.9587036069001568,3.2411903535867252,2.846487546391935,4.806852404367428,1.0,1.3978065181606814,-0.4197950874027381,1.3336284611165905
ossl_lucas_block,block3,3,SCP,0.2,1,25,0.00027179718017578125,1913,0.9027705175117616,2.3553140797427723,2.068490728540603,3.563923693575284,1.0,1.3978065181606814,-0.4197950874027381,1.3336284611165905
ossl_lucas_block,block3,3,NCP-kNN,0.05,1,25,4.377415895462036,1913,0.9539989545216937,2.9902238278829265,2.190897927173268,4.335821765295633,1.0,1.3978065181606814,-0.4197950874027381,1.3336284611165905
ossl_lucas_block,block3,3,NCP-kNN,0.1,1,25,0.0003147125244140625,1913,0.9064296915838996,2.433461002001845,1.8039971631966731,3.5820333207774735,1.0,1.3978065181606814,-0.4197950874027381,1.3336284611165905
ossl_lucas_block,block3,3,NCP-kNN,0.2,1,25,0.00027298927307128906,1913,0.8029273392577104,1.8746038705125856,1.4037370705806502,2.9774966899830906,1.0,1.3978065181606814,-0.4197950874027381,1.3336284611165905
ossl_lucas_block,block3,3,CV+,0.05,1,25,0.1007833480834961,1913,0.9790904338734971,4.238664801288195,3.720355583173803,6.300108401117011,1.0,1.3978065181606814,-0.4197950874027381,1.3336284611165905
ossl_lucas_block,block3,3,CV+,0.1,1,25,0.08076930046081543,1913,0.9587036069001568,3.2588112960452227,2.860162652202442,4.824853486014897,1.0,1.3978065181606814,-0.4197950874027381,1.3336284611165905
ossl_lucas_block,block3,3,CV+,0.2,1,25,0.09227943420410156,1913,0.9043387349712494,2.3679885647684094,2.078800348791291,3.5726548488146967,1.0,1.3978065181606814,-0.4197950874027381,1.3336284611165905
ossl_lucas_block,block3,3,CQR,0.05,1,25,0.00046324729919433594,1913,0.9618400418191323,3.614407362469008,2.932143246478462,4.91363202738044,1.0,1.3978065181606814,-0.4197950874027381,1.3336284611165905
ossl_lucas_block,block3,3,CQR,0.1,1,25,0.00038814544677734375,1913,0.9116570831155254,2.5586993411768546,1.9756362676555574,3.7708342632437635,1.0,1.3978065181606814,-0.4197950874027381,1.3336284611165905
ossl_lucas_block,block3,3,CQR,0.2,1,25,0.0004513263702392578,1913,0.807109252483011,1.7842955814699573,1.3660770524730608,3.0575433800705976,1.0,1.3978065181606814,-0.4197950874027381,1.3336284611165905
ossl_lucas_block,block3,3,WCP,0.05,1,25,0.03295302391052246,1913,0.9973863042341872,9.178954912428711,8.0573633315055,9.24556729440912,1.0,1.3978065181606814,-0.4197950874027381,1.3336284611165905
ossl_lucas_block,block3,3,WCP,0.1,1,25,0.003954410552978516,1913,0.9973863042341872,9.174096893101487,8.056901849873897,9.20740308409169,1.0,1.3978065181606814,-0.4197950874027381,1.3336284611165905
ossl_lucas_block,block3,3,WCP,0.2,1,25,0.0038704872131347656,1913,0.9973863042341872,9.174096893101487,8.056901849873897,9.190749988596586,1.0,1.3978065181606814,-0.4197950874027381,1.3336284611165905
ossl_lucas_block,block3,3,R-U-A,0.05,1,25,0.0022623538970947266,1913,0.9785676947203346,4.236249189105312,3.718953194062165,6.30088040636722,1.0,1.3978065181606814,-0.4197950874027381,1.3336284611165905
ossl_lucas_block,block3,3,R-U-A,0.1,1,25,0.002130270004272461,1913,0.9587036069001568,3.258225506535337,2.860357739499158,4.825434917054022,1.0,1.3978065181606814,-0.4197950874027381,1.3336284611165905
ossl_lucas_block,block3,3,R-U-A,0.2,1,25,0.0014832019805908203,1913,0.9043387349712494,2.3668428905232024,2.077823455284885,3.572938712262937,1.0,1.3978065181606814,-0.4197950874027381,1.3336284611165905
ossl_lucas_block,block3,3,R-U-D,0.05,1,25,0.09683585166931152,1913,0.9759539989545217,3.9614936493225636,3.392158474486726,6.1408967708149005,1.0,1.3978065181606814,-0.4197950874027381,1.3336284611165905
ossl_lucas_block,block3,3,R-U-D,0.1,1,25,0.002687215805053711,1913,0.9545216936748563,3.0964797966324027,2.6535681763647276,4.697069921043632,1.0,1.3978065181606814,-0.4197950874027381,1.3336284611165905
ossl_lucas_block,block3,3,R-U-D,0.2,1,25,0.0024318695068359375,1913,0.8970203868269734,2.2814011961125176,1.9553831124047014,3.5121213822287425,1.0,1.3978065181606814,-0.4197950874027381,1.3336284611165905
ossl_lucas_block,block3,3,G-U-A,0.05,1,25,0.0022170543670654297,1913,0.9801359121798223,4.42767801511451,3.8870063023999295,6.330769175782194,1.0,1.3978065181606814,-0.4197950874027381,1.3336284611165905
ossl_lucas_block,block3,3,G-U-A,0.1,1,25,0.0014569759368896484,1913,0.9618400418191323,3.419108299795225,3.001594845994743,4.878547751097866,1.0,1.3978065181606814,-0.4197950874027381,1.3336284611165905
ossl_lucas_block,block3,3,G-U-A,0.2,1,25,0.0013651847839355469,1913,0.9184526921066388,2.5111875400938866,2.2045419205128605,3.6225182567704817,1.0,1.3978065181606814,-0.4197950874027381,1.3336284611165905
ossl_lucas_block,block3,3,G-W-A,0.05,1,25,0.004580259323120117,1913,0.9811813904861474,4.504119221145202,3.954113135505242,6.343836862256543,1.0,1.3978065181606814,-0.4197950874027381,1.3336284611165905
ossl_lucas_block,block3,3,G-W-A,0.1,1,25,0.0045359134674072266,1913,0.9623627809722948,3.4510279479356902,3.0296167285862143,4.889531254380349,1.0,1.3978065181606814,-0.4197950874027381,1.3336284611165905
ossl_lucas_block,block3,3,G-W-A,0.2,1,25,0.00451970100402832,1913,0.9163617354939885,2.4936610429426618,2.189155615399154,3.615749842981282,1.0,1.3978065181606814,-0.4197950874027381,1.3336284611165905
ossl_lucas_block,block3,3,G-U-D,0.05,1,25,0.08834075927734375,1913,0.978044955567172,4.064812662416432,3.4781410715624768,6.13912923648598,1.0,1.3978065181606814,-0.4197950874027381,1.3336284611165905
ossl_lucas_block,block3,3,G-U-D,0.1,1,25,0.002885103225708008,1913,0.9602718243596445,3.2144505380133435,2.7555528421514714,4.728511489107512,1.0,1.3978065181606814,-0.4197950874027381,1.3336284611165905
ossl_lucas_block,block3,3,G-U-D,0.2,1,25,0.002446889877319336,1913,0.9064296915838996,2.3840761823200385,2.0419284257603385,3.539444732599952,1.0,1.3978065181606814,-0.4197950874027381,1.3336284611165905
ossl_lucas_block,block3,3,GC-D,0.05,1,25,0.005664348602294922,1913,0.9785676947203346,4.0944892050105555,3.5032955562418997,6.142150249159992,1.0,1.3978065181606814,-0.4197950874027381,1.3336284611165905
ossl_lucas_block,block3,3,GC-D,0.1,1,25,0.005779266357421875,1913,0.9602718243596445,3.207523799936157,2.7496529839135135,4.7261736711343385,1.0,1.3978065181606814,-0.4197950874027381,1.3336284611165905
ossl_lucas_block,block3,3,GC-D,0.2,1,25,0.0054814815521240234,1913,0.9043387349712494,2.3493975972507015,2.0123226265270056,3.5290414824829197,1.0,1.3978065181606814,-0.4197950874027381,1.3336284611165905
ossl_lucas_block,block3,3,GC-D+,0.05,1,25,0.005562782287597656,1913,0.989022477783586,5.539503462539846,4.729540607133684,6.492169666733244,1.0,1.3978065181606814,-0.4197950874027381,1.3336284611165905
ossl_lucas_block,block3,3,GC-D+,0.1,1,25,0.0056781768798828125,1913,0.970726607422896,3.681947313777678,3.151210651615566,4.918703748711051,1.0,1.3978065181606814,-0.4197950874027381,1.3336284611165905
ossl_lucas_block,block3,3,GC-D+,0.2,1,25,0.005513668060302734,1913,0.9231573444851019,2.5352217153650973,2.1709174724920786,3.5944995192339912,1.0,1.3978065181606814,-0.4197950874027381,1.3336284611165905
ossl_lucas_block,block3,3,HJ+,0.05,1,25,0.4071993827819824,1913,0.9916361735493988,6.2675651754574595,5.500756230403995,7.047035305506695,1.0,1.3978065181606814,-0.4197950874027381,1.3336284611165905
ossl_lucas_block,block3,3,HJ+,0.1,1,25,0.3532750606536865,1913,0.974385781495034,4.024280936034258,3.5329391313684426,5.15210157915006,1.0,1.3978065181606814,-0.4197950874027381,1.3336284611165905
ossl_lucas_block,block3,3,HJ+,0.2,1,25,0.4164998531341553,1913,0.9336121275483533,2.7122715100252135,2.382572276121703,3.711628502119856,1.0,1.3978065181606814,-0.4197950874027381,1.3336284611165905
ossl_lucas_block,block3,3,HJ+-D,0.05,1,25,0.3269214630126953,1913,0.989022477783586,5.558582504826703,4.750339871818953,6.509603480530861,1.0,1.3978065181606814,-0.4197950874027381,1.3336284611165905
ossl_lucas_block,block3,3,HJ+-D,0.1,1,25,0.3814277648925781,1913,0.970726607422896,3.708043305123148,3.1730111677245545,4.928641441496172,1.0,1.3978065181606814,-0.4197950874027381,1.3336284611165905
ossl_lucas_block,block3,3,HJ+-D,0.2,1,25,0.43564486503601074,1913,0.9236800836382645,2.550241256214591,2.1849800802331965,3.5987624756096093,1.0,1.3978065181606814,-0.4197950874027381,1.3336284611165905
ossl_lucas_block,block3,3,HCP-D,0.05,1,25,8.045444250106812,1913,1.0,inf,inf,inf,0.0,1.3978065181606814,-0.4197950874027381,1.3336284611165905
ossl_lucas_block,block3,3,HCP-D,0.1,1,25,8.211784839630127,1913,0.98170412963931,4.551393969812381,3.856078523507884,5.3128617554048265,1.0,1.3978065181606814,-0.4197950874027381,1.3336284611165905
ossl_lucas_block,block3,3,HCP-D,0.2,1,25,8.478163003921509,1913,0.9377940407736539,2.720394067447989,2.3081676752708518,3.65298946104587,1.0,1.3978065181606814,-0.4197950874027381,1.3336284611165905
ossl_lucas_block,block3,3,HCP-A,0.05,1,25,0.8931319713592529,1913,1.0,inf,inf,inf,0.0,1.3978065181606814,-0.4197950874027381,1.3336284611165905
ossl_lucas_block,block3,3,HCP-A,0.1,1,25,0.9141716957092285,1913,0.9864087820177732,5.07352957204795,4.397232756102303,5.74987541084281,1.0,1.3978065181606814,-0.4197950874027381,1.3336284611165905
ossl_lucas_block,block3,3,HCP-A,0.2,1,25,0.8915493488311768,1913,0.9492943021432305,2.959754643622442,2.565222077479495,3.831899662807086,1.0,1.3978065181606814,-0.4197950874027381,1.3336284611165905
ossl_lucas_block,block3,3,ORACLE,0.05,1,25,0.0025959014892578125,1913,0.9503397804495557,3.003484284614731,2.634720182424066,6.52733190954502,1.0,1.3978065181606814,-0.4197950874027381,1.3336284611165905
ossl_lucas_block,block3,3,ORACLE,0.1,1,25,0.0024154186248779297,1913,0.8996340825927862,2.336376119531256,2.045325674807583,4.791543373333458,1.0,1.3978065181606814,-0.4197950874027381,1.3336284611165905
ossl_lucas_block,block3,3,ORACLE,0.2,1,25,0.002797365188598633,1913,0.8003136434918976,1.6428720214885948,1.4425189806680045,3.5575294069299215,1.0,1.3978065181606814,-0.4197950874027381,1.3336284611165905
ossl_lucas_block,block4,4,ASTM-R,0.05,1,25,4.696374177932739,1488,0.875,23.32495190868863,5.614580050877655,59.810660294094895,1.0,18.554223209923606,4.6312536174551395,17.97297352734285
ossl_lucas_block,block4,4,ASTM-R,0.1,1,25,0.0005466938018798828,1488,0.8125,19.204652412759994,4.6229772545858445,46.180195755656726,1.0,18.554223209923606,4.6312536174551395,17.97297352734285
ossl_lucas_block,block4,4,ASTM-R,0.2,1,25,0.00040602684020996094,1488,0.7009408602150538,14.695904031831978,3.5377688133222507,35.17732792052547,1.0,18.554223209923606,4.6312536174551395,17.97297352734285
ossl_lucas_block,block4,4,ASTM-G,0.05,1,25,0.0007631778717041016,1488,0.8931451612903226,24.80682297236611,5.971184144497999,56.20122207133359,1.0,18.554223209923606,4.6312536174551395,17.97297352734285
ossl_lucas_block,block4,4,ASTM-G,0.1,1,25,0.0006959438323974609,1488,0.8393817204301075,20.381199304605214,4.906139444807838,44.59287881484402,1.0,18.554223209923606,4.6312536174551395,17.97297352734285
ossl_lucas_block,block4,4,ASTM-G,0.2,1,25,0.0005686283111572266,1488,0.7184139784946236,15.564620215528482,3.7468688749312022,34.47867328317276,1.0,18.554223209923606,4.6312536174551395,17.97297352734285
ossl_lucas_block,block4,4,GPR,0.05,1,25,77.07173299789429,1488,0.907258064516129,21.10749160769949,5.0748895221360675,26.66115535104496,1.0,18.554223209923606,4.6312536174551395,17.97297352734285
ossl_lucas_block,block4,4,GPR,0.1,1,25,0.0001289844512939453,1488,0.8474462365591398,17.1114213905442,4.201893616062355,21.397472309554285,1.0,18.554223209923606,4.6312536174551395,17.97297352734285
ossl_lucas_block,block4,4,GPR,0.2,1,25,9.584426879882812e-05,1488,0.7547043010752689,12.90626950849161,3.2337185942773576,16.735666893557493,1.0,18.554223209923606,4.6312536174551395,17.97297352734285
ossl_lucas_block,block4,4,BAG,0.05,1,25,31.417829990386963,1488,0.8776881720430108,23.785562897598833,5.642281574122335,60.15839860273869,1.0,18.554223209923606,4.6312536174551395,17.97297352734285
ossl_lucas_block,block4,4,BAG,0.1,1,25,0.0001220703125,1488,0.8111559139784946,19.575790480789802,4.645834327536172,46.622098497727954,1.0,18.554223209923606,4.6312536174551395,17.97297352734285
ossl_lucas_block,block4,4,BAG,0.2,1,25,9.751319885253906e-05,1488,0.7022849462365591,14.974013501002435,3.554340577696585,35.591662840332724,1.0,18.554223209923606,4.6312536174551395,17.97297352734285
ossl_lucas_block,block4,4,QGB,0.05,1,25,4.7744691371917725,1488,0.9193548387096774,14.98372898398037,5.763915421624758,19.978498315624773,1.0,18.554223209923606,4.6312536174551395,17.97297352734285
ossl_lucas_block,block4,4,QGB,0.1,1,25,3.7911555767059326,1488,0.8669354838709677,11.582959765502654,4.6599261156061775,14.900996833824559,1.0,18.554223209923606,4.6312536174551395,17.97297352734285
ossl_lucas_block,block4,4,QGB,0.2,1,25,4.0950000286102295,1488,0.7526881720430108,7.084252058719847,3.3350508656350573,10.446078154788417,1.0,18.554223209923606,4.6312536174551395,17.97297352734285
ossl_lucas_block,block4,4,SCP,0.05,1,25,0.0004055500030517578,1488,0.8951612903225806,24.64601498839154,5.897066252915215,58.53073751642629,1.0,18.554223209923606,4.6312536174551395,17.97297352734285
ossl_lucas_block,block4,4,SCP,0.1,1,25,0.00025081634521484375,1488,0.7997311827956989,18.829751286601663,4.505405474893461,48.026648954285335,1.0,18.554223209923606,4.6312536174551395,17.97297352734285
ossl_lucas_block,block4,4,SCP,0.2,1,25,0.0002453327178955078,1488,0.6733870967741935,13.566604658409114,3.24608933880097,37.00281298027514,1.0,18.554223209923606,4.6312536174551395,17.97297352734285
ossl_lucas_block,block4,4,NCP-kNN,0.05,1,25,4.414126396179199,1488,0.9381720430107527,39.99167196555355,6.625342629799075,49.251804640632564,1.0,18.554223209923606,4.6312536174551395,17.97297352734285
ossl_lucas_block,block4,4,NCP-kNN,0.1,1,25,0.00030803680419921875,1488,0.8850806451612904,30.548205610995655,5.270833287090996,39.289790859947416,1.0,18.554223209923606,4.6312536174551395,17.97297352734285
ossl_lucas_block,block4,4,NCP-kNN,0.2,1,25,0.0002760887145996094,1488,0.771505376344086,22.72034534653419,4.046115534823727,31.31838025147418,1.0,18.554223209923606,4.6312536174551395,17.97297352734285
ossl_lucas_block,block4,4,CV+,0.05,1,25,0.08937525749206543,1488,0.8911290322580645,24.502445700528888,5.873546236185394,57.2762861256582,1.0,18.554223209923606,4.6312536174551395,17.97297352734285
ossl_lucas_block,block4,4,CV+,0.1,1,25,0.07585430145263672,1488,0.8024193548387096,18.782084085272196,4.485549711071214,47.097793814179056,1.0,18.554223209923606,4.6312536174551395,17.97297352734285
ossl_lucas_block,block4,4,CV+,0.2,1,25,0.08428764343261719,1488,0.6693548387096774,13.5628954662059,3.2409079278561927,36.37415309228791,1.0,18.554223209923606,4.6312536174551395,17.97297352734285
ossl_lucas_block,block4,4,CQR,0.05,1,25,0.0003418922424316406,1488,0.9637096774193549,16.39007075966125,6.450531795439583,19.338698892727784,1.0,18.554223209923606,4.6312536174551395,17.97297352734285
ossl_lucas_block,block4,4,CQR,0.1,1,25,0.00029587745666503906,1488,0.9220430107526881,12.870552686903284,5.175306752441296,15.117325260960374,1.0,18.554223209923606,4.6312536174551395,17.97297352734285
ossl_lucas_block,block4,4,CQR,0.2,1,25,0.0003008842468261719,1488,0.8178763440860215,8.037194828563093,3.6749403361105926,10.590413251650135,1.0,18.554223209923606,4.6312536174551395,17.97297352734285
ossl_lucas_block,block4,4,WCP,0.05,1,25,0.03265023231506348,1488,0.9959677419354839,inf,12.903125710167874,inf,0.969758064516129,18.554223209923606,4.6312536174551395,17.97297352734285
ossl_lucas_block,block4,4,WCP,0.1,1,25,0.0036313533782958984,1488,0.9959677419354839,inf,12.897422598649644,inf,0.9771505376344086,18.554223209923606,4.6312536174551395,17.97297352734285
ossl_lucas_block,block4,4,WCP,0.2,1,25,0.003322124481201172,1488,0.9684139784946236,inf,8.119907183217103,inf,0.9865591397849462,18.554223209923606,4.6312536174551395,17.97297352734285
ossl_lucas_block,block4,4,R-U-A,0.05,1,25,0.0021386146545410156,1488,0.8924731182795699,24.37841160336856,5.875828441421921,57.24009199602872,1.0,18.554223209923606,4.6312536174551395,17.97297352734285
ossl_lucas_block,block4,4,R-U-A,0.1,1,25,0.0021071434020996094,1488,0.7983870967741935,18.63646077393189,4.491869611709313,47.11630221353307,1.0,18.554223209923606,4.6312536174551395,17.97297352734285
ossl_lucas_block,block4,4,R-U-A,0.2,1,25,0.0015826225280761719,1488,0.6693548387096774,13.456035313361612,3.2432529358107463,36.374039201786694,1.0,18.554223209923606,4.6312536174551395,17.97297352734285
ossl_lucas_block,block4,4,R-U-D,0.05,1,25,0.11425399780273438,1488,0.9260752688172043,33.59572778945413,5.995467203512124,44.13144457448197,1.0,18.554223209923606,4.6312536174551395,17.97297352734285
ossl_lucas_block,block4,4,R-U-D,0.1,1,25,0.002951383590698242,1488,0.8387096774193549,25.634826126694275,4.6566304140248,37.97979813017418,1.0,18.554223209923606,4.6312536174551395,17.97297352734285
ossl_lucas_block,block4,4,R-U-D,0.2,1,25,0.002485036849975586,1488,0.709005376344086,18.389981028706295,3.390729569159456,31.859377625192067,1.0,18.554223209923606,4.6312536174551395,17.97297352734285
ossl_lucas_block,block4,4,G-U-A,0.05,1,25,0.002293825149536133,1488,0.8978494623655914,25.2377841300985,6.08295947261833,55.32160495962026,1.0,18.554223209923606,4.6312536174551395,17.97297352734285
ossl_lucas_block,block4,4,G-U-A,0.1,1,25,0.0015301704406738281,1488,0.823252688172043,19.58780022771559,4.721167053681153,45.646872695558436,1.0,18.554223209923606,4.6312536174551395,17.97297352734285
ossl_lucas_block,block4,4,G-U-A,0.2,1,25,0.001352548599243164,1488,0.6888440860215054,14.234749016526136,3.4309431019800156,35.60327091066887,1.0,18.554223209923606,4.6312536174551395,17.97297352734285
ossl_lucas_block,block4,4,G-W-A,0.05,1,25,0.004617214202880859,1488,0.9086021505376344,25.971709562492972,6.25985450580214,53.87136411347578,1.0,18.554223209923606,4.6312536174551395,17.97297352734285
ossl_lucas_block,block4,4,G-W-A,0.1,1,25,0.004678487777709961,1488,0.8286290322580645,19.817562757251714,4.776545772680011,45.337046678880476,1.0,18.554223209923606,4.6312536174551395,17.97297352734285
ossl_lucas_block,block4,4,G-W-A,0.2,1,25,0.00463557243347168,1488,0.6888440860215054,14.225347972113909,3.4286772068497204,35.612026982696754,1.0,18.554223209923606,4.6312536174551395,17.97297352734285
ossl_lucas_block,block4,4,G-U-D,0.05,1,25,0.094207763671875,1488,0.9361559139784946,34.40965429018475,6.202701758780064,44.3256744611137,1.0,18.554223209923606,4.6312536174551395,17.97297352734285
ossl_lucas_block,block4,4,G-U-D,0.1,1,25,0.0027332305908203125,1488,0.8581989247311828,26.6084144357585,4.8789749792616295,37.75926902780543,1.0,18.554223209923606,4.6312536174551395,17.97297352734285
ossl_lucas_block,block4,4,G-U-D,0.2,1,25,0.002448558807373047,1488,0.7338709677419355,19.1956519303287,3.5687605342512274,31.62871156648794,1.0,18.554223209923606,4.6312536174551395,17.97297352734285
ossl_lucas_block,block4,4,GC-D,0.05,1,25,0.005822896957397461,1488,0.9368279569892473,34.75151034506659,6.25965265584494,44.35089347550396,1.0,18.554223209923606,4.6312536174551395,17.97297352734285
ossl_lucas_block,block4,4,GC-D,0.1,1,25,0.006032705307006836,1488,0.8568548387096774,26.53691484986085,4.866613358962681,37.77606434902445,1.0,18.554223209923606,4.6312536174551395,17.97297352734285
ossl_lucas_block,block4,4,GC-D,0.2,1,25,0.0056874752044677734,1488,0.728494623655914,18.933584693433446,3.5203762849687195,31.706040311553576,1.0,18.554223209923606,4.6312536174551395,17.97297352734285
ossl_lucas_block,block4,4,GC-D+,0.05,1,25,0.005748748779296875,1488,0.9831989247311828,48.60525592729505,8.49967653446144,52.222870708342576,1.0,18.554223209923606,4.6312536174551395,17.97297352734285
ossl_lucas_block,block4,4,GC-D+,0.1,1,25,0.005822658538818359,1488,0.9059139784946236,30.92966151266542,5.617402157826899,38.0214293325143,1.0,18.554223209923606,4.6312536174551395,17.97297352734285
ossl_lucas_block,block4,4,GC-D+,0.2,1,25,0.005814552307128906,1488,0.7560483870967742,20.507382762428566,3.80389527403184,31.34505668055153,1.0,18.554223209923606,4.6312536174551395,17.97297352734285
ossl_lucas_block,block4,4,HJ+,0.05,1,25,0.37633538246154785,1488,0.9724462365591398,37.3431109086164,8.777221045469593,47.779773283760754,1.0,18.554223209923606,4.6312536174551395,17.97297352734285
ossl_lucas_block,block4,4,HJ+,0.1,1,25,0.3660120964050293,1488,0.875,23.413913187815503,5.547876400155269,41.971466837538934,1.0,18.554223209923606,4.6312536174551395,17.97297352734285
ossl_lucas_block,block4,4,HJ+,0.2,1,25,0.4610319137573242,1488,0.7170698924731183,15.586818759095584,3.7125112129066733,34.211975657163514,1.0,18.554223209923606,4.6312536174551395,17.97297352734285
ossl_lucas_block,block4,4,HJ+-D,0.05,1,25,0.30022096633911133,1488,0.9838709677419355,50.07758561703735,8.471932103702613,53.545517933216416,1.0,18.554223209923606,4.6312536174551395,17.97297352734285
ossl_lucas_block,block4,4,HJ+-D,0.1,1,25,0.3555750846862793,1488,0.9086021505376344,31.294471595529945,5.605582538025138,38.20102795149773,1.0,18.554223209923606,4.6312536174551395,17.97297352734285
ossl_lucas_block,block4,4,HJ+-D,0.2,1,25,0.40960144996643066,1488,0.7594086021505376,20.704547290487973,3.809549708033867,31.159947680248088,1.0,18.554223209923606,4.6312536174551395,17.97297352734285
ossl_lucas_block,block4,4,HCP-D,0.05,1,25,8.313347816467285,1488,1.0,inf,inf,inf,0.0,18.554223209923606,4.6312536174551395,17.97297352734285
ossl_lucas_block,block4,4,HCP-D,0.1,1,25,8.17932653427124,1488,0.9643817204301075,41.31355671693633,7.2189912705114825,43.902404470473215,1.0,18.554223209923606,4.6312536174551395,17.97297352734285
ossl_lucas_block,block4,4,HCP-D,0.2,1,25,8.297672033309937,1488,0.8004032258064516,22.813612879739956,4.188117592459893,30.2899280639037,1.0,18.554223209923606,4.6312536174551395,17.97297352734285
ossl_lucas_block,block4,4,HCP-A,0.05,1,25,0.9352390766143799,1488,1.0,inf,inf,inf,0.0,18.554223209923606,4.6312536174551395,17.97297352734285
ossl_lucas_block,block4,4,HCP-A,0.1,1,25,0.8571882247924805,1488,0.9401881720430108,28.84892519174296,7.16384692302058,38.11138889002976,1.0,18.554223209923606,4.6312536174551395,17.97297352734285
ossl_lucas_block,block4,4,HCP-A,0.2,1,25,0.8561031818389893,1488,0.7594086021505376,16.584710267715355,4.118362290133636,32.213575659979924,1.0,18.554223209923606,4.6312536174551395,17.97297352734285
ossl_lucas_block,block4,4,ORACLE,0.05,1,25,0.0021593570709228516,1488,0.9522849462365591,32.11298171547142,7.885241034393562,49.35313329377469,1.0,18.554223209923606,4.6312536174551395,17.97297352734285
ossl_lucas_block,block4,4,ORACLE,0.1,1,25,0.0018513202667236328,1488,0.9038978494623656,25.529231488670874,6.171846683692179,40.150603158517704,1.0,18.554223209923606,4.6312536174551395,17.97297352734285
ossl_lucas_block,block4,4,ORACLE,0.2,1,25,0.0018270015716552734,1488,0.8030913978494624,18.748780196280816,4.51736291138057,32.8407071617638,1.0,18.554223209923606,4.6312536174551395,17.97297352734285
ossl_lucas_block,block5,5,ASTM-R,0.05,1,25,4.332926988601685,710,0.9492957746478873,3.6108528585919046,3.1704229459510174,5.519901888650209,1.0,1.2641318797979615,-0.4712114102205121,1.1738526154616005
ossl_lucas_block,block5,5,ASTM-R,0.1,1,25,0.0005450248718261719,710,0.9098591549295775,2.9721425355020004,2.6094981050573605,4.598808269704432,1.0,1.2641318797979615,-0.4712114102205121,1.1738526154616005
ossl_lucas_block,block5,5,ASTM-R,0.2,1,25,0.0004355907440185547,710,0.8309859154929577,2.273735606035672,1.9962193642151478,3.712183979970374,1.0,1.2641318797979615,-0.4712114102205121,1.1738526154616005
ossl_lucas_block,block5,5,ASTM-G,0.05,1,25,0.0007414817810058594,710,0.9619718309859155,3.8504379233047765,3.3808473317311964,5.391693484817896,1.0,1.2641318797979615,-0.4712114102205121,1.1738526154616005
ossl_lucas_block,block5,5,ASTM-G,0.1,1,25,0.00064849853515625,710,0.9211267605633803,3.162194658255972,2.7763978170048853,4.552730783430239,1.0,1.2641318797979615,-0.4712114102205121,1.1738526154616005
ossl_lucas_block,block5,5,ASTM-G,0.2,1,25,0.0005588531494140625,710,0.8422535211267606,2.4139376907962173,2.1193266302866505,3.70263438326216,1.0,1.2641318797979615,-0.4712114102205121,1.1738526154616005
ossl_lucas_block,block5,5,GPR,0.05,1,25,130.71576809883118,710,0.956338028169014,3.5725096942668375,3.0842445410842094,6.478853609167583,1.0,1.2641318797979615,-0.4712114102205121,1.1738526154616005
ossl_lucas_block,block5,5,GPR,0.1,1,25,0.000133514404296875,710,0.9197183098591549,2.930851945978081,2.541420402275611,4.960617245656388,1.0,1.2641318797979615,-0.4712114102205121,1.1738526154616005
ossl_lucas_block,block5,5,GPR,0.2,1,25,0.00011968612670898438,710,0.823943661971831,2.235638197019441,1.9492664310640864,3.7890558730749,1.0,1.2641318797979615,-0.4712114102205121,1.1738526154616005
ossl_lucas_block,block5,5,BAG,0.05,1,25,33.98512363433838,710,0.9492957746478873,3.5955780244906634,3.167183248111485,5.620558409773666,1.0,1.2641318797979615,-0.4712114102205121,1.1738526154616005
ossl_lucas_block,block5,5,BAG,0.1,1,25,0.00012969970703125,710,0.9070422535211268,2.9593621124751106,2.60694691567337,4.658110565748106,1.0,1.2641318797979615,-0.4712114102205121,1.1738526154616005
ossl_lucas_block,block5,5,BAG,0.2,1,25,9.894371032714844e-05,710,0.8225352112676056,2.2638062992941133,1.994350328495367,3.7544091020147263,1.0,1.2641318797979615,-0.4712114102205121,1.1738526154616005
ossl_lucas_block,block5,5,QGB,0.05,1,25,4.70407509803772,710,0.9169014084507042,3.464337719347364,2.795014070450758,5.123545712225266,1.0,1.2641318797979615,-0.4712114102205121,1.1738526154616005
ossl_lucas_block,block5,5,QGB,0.1,1,25,3.700716733932495,710,0.8535211267605634,2.33192066892791,1.880410350496729,4.005714632574089,1.0,1.2641318797979615,-0.4712114102205121,1.1738526154616005
ossl_lucas_block,block5,5,QGB,0.2,1,25,4.193068742752075,710,0.7492957746478873,1.6348383501393597,1.3358337318175109,3.1491622796700636,1.0,1.2641318797979615,-0.4712114102205121,1.1738526154616005
ossl_lucas_block,block5,5,SCP,0.05,1,25,0.00031185150146484375,710,0.9591549295774648,3.7019853506049927,3.256476756806131,5.431832565998413,1.0,1.2641318797979615,-0.4712114102205121,1.1738526154616005
ossl_lucas_block,block5,5,SCP,0.1,1,25,0.0002846717834472656,710,0.8985915492957747,2.864242429244996,2.51955046098979,4.615397123496565,1.0,1.2641318797979615,-0.4712114102205121,1.1738526154616005
ossl_lucas_block,block5,5,SCP,0.2,1,25,0.00028514862060546875,710,0.7985915492957747,2.0620792915850763,1.8139221654782192,3.749509683014605,1.0,1.2641318797979615,-0.4712114102205121,1.1738526154616005
ossl_lucas_block,block5,5,NCP-kNN,0.05,1,25,4.866240501403809,710,0.9112676056338028,2.886519553993436,2.133359490440089,5.110997155295388,1.0,1.2641318797979615,-0.4712114102205121,1.1738526154616005
ossl_lucas_block,block5,5,NCP-kNN,0.1,1,25,0.0003294944763183594,710,0.8647887323943662,2.3748025917940927,1.7638195257973948,4.108015236069583,1.0,1.2641318797979615,-0.4712114102205121,1.1738526154616005
ossl_lucas_block,block5,5,NCP-kNN,0.2,1,25,0.0003120899200439453,710,0.7464788732394366,1.8486396909739506,1.3811485590123596,3.3326617786382458,1.0,1.2641318797979615,-0.4712114102205121,1.1738526154616005
ossl_lucas_block,block5,5,CV+,0.05,1,25,0.04514646530151367,710,0.9591549295774648,3.7642868199180466,3.307776487697449,5.470033685184992,1.0,1.2641318797979615,-0.4712114102205121,1.1738526154616005
ossl_lucas_block,block5,5,CV+,0.1,1,25,0.04108691215515137,710,0.9,2.8931571922933323,2.5438738767849314,4.651569251296353,1.0,1.2641318797979615,-0.4712114102205121,1.1738526154616005
ossl_lucas_block,block5,5,CV+,0.2,1,25,0.042583465576171875,710,0.8014084507042254,2.095709563949549,1.8445060546111955,3.7658155864102154,1.0,1.2641318797979615,-0.4712114102205121,1.1738526154616005
ossl_lucas_block,block5,5,CQR,0.05,1,25,0.0003657341003417969,710,0.9492957746478873,3.8739959369186643,3.14243053332586,5.045322051937614,1.0,1.2641318797979615,-0.4712114102205121,1.1738526154616005
ossl_lucas_block,block5,5,CQR,0.1,1,25,0.0002834796905517578,710,0.8845070422535212,2.6094578170247176,2.120169191338703,3.9124080606352294,1.0,1.2641318797979615,-0.4712114102205121,1.1738526154616005
ossl_lucas_block,block5,5,CQR,0.2,1,25,0.00030159950256347656,710,0.7873239436619718,1.8248528841205676,1.5001251435206528,3.0932955758561094,1.0,1.2641318797979615,-0.4712114102205121,1.1738526154616005
ossl_lucas_block,block5,5,WCP,0.05,1,25,0.01936626434326172,710,0.9619718309859155,inf,3.3812463853845562,inf,0.9830985915492958,1.2641318797979615,-0.4712114102205121,1.1738526154616005
ossl_lucas_block,block5,5,WCP,0.1,1,25,0.0030825138092041016,710,0.9591549295774648,inf,3.2684266403844457,inf,0.9901408450704225,1.2641318797979615,-0.4712114102205121,1.1738526154616005
ossl_lucas_block,block5,5,WCP,0.2,1,25,0.0029892921447753906,710,0.9577464788732394,inf,3.2484848159676374,inf,0.9943661971830986,1.2641318797979615,-0.4712114102205121,1.1738526154616005
ossl_lucas_block,block5,5,R-U-A,0.05,1,25,0.0018987655639648438,710,0.9605633802816902,3.773878136485528,3.3098610789576908,5.423355008476969,1.0,1.2641318797979615,-0.4712114102205121,1.1738526154616005
ossl_lucas_block,block5,5,R-U-A,0.1,1,25,0.0017075538635253906,710,0.9042253521126761,2.8995046756715115,2.5429961771892993,4.623304442868507,1.0,1.2641318797979615,-0.4712114102205121,1.1738526154616005
ossl_lucas_block,block5,5,R-U-A,0.2,1,25,0.0017087459564208984,710,0.8042253521126761,2.098338589690407,1.8403374399786696,3.7452754461933053,1.0,1.2641318797979615,-0.4712114102205121,1.1738526154616005
ossl_lucas_block,block5,5,R-U-D,0.05,1,25,0.11314678192138672,710,0.9661971830985916,4.082365963213776,3.5989146341280254,5.485303865004933,1.0,1.2641318797979615,-0.4712114102205121,1.1738526154616005
ossl_lucas_block,block5,5,R-U-D,0.1,1,25,0.0028238296508789062,710,0.9211267605633803,3.1792670571934343,2.80555355568369,4.683684707494134,1.0,1.2641318797979615,-0.4712114102205121,1.1738526154616005
ossl_lucas_block,block5,5,R-U-D,0.2,1,25,0.0026464462280273438,710,0.8323943661971831,2.319126159172775,2.0458665904146733,3.778985448800966,1.0,1.2641318797979615,-0.4712114102205121,1.1738526154616005
ossl_lucas_block,block5,5,G-U-A,0.05,1,25,0.0024340152740478516,710,0.9633802816901409,3.9341394566382824,3.4504174739582867,5.360096182810973,1.0,1.2641318797979615,-0.4712114102205121,1.1738526154616005
ossl_lucas_block,block5,5,G-U-A,0.1,1,25,0.0018529891967773438,710,0.9126760563380282,3.034484085028117,2.6613791978732104,4.58066934317001,1.0,1.2641318797979615,-0.4712114102205121,1.1738526154616005
ossl_lucas_block,block5,5,G-U-A,0.2,1,25,0.0014684200286865234,710,0.8183098591549296,2.2150501788005705,1.9426987596313432,3.7211506740309868,1.0,1.2641318797979615,-0.4712114102205121,1.1738526154616005
ossl_lucas_block,block5,5,G-W-A,0.05,1,25,0.004865884780883789,710,0.9661971830985916,4.018317600586615,3.524245497089143,5.335531892036919,1.0,1.2641318797979615,-0.4712114102205121,1.1738526154616005
ossl_lucas_block,block5,5,G-W-A,0.1,1,25,0.0046727657318115234,710,0.9183098591549296,3.0941235724128027,2.7136857141210804,4.56585355071512,1.0,1.2641318797979615,-0.4712114102205121,1.1738526154616005
ossl_lucas_block,block5,5,G-W-A,0.2,1,25,0.004706621170043945,710,0.8183098591549296,2.216132045720116,1.9436476056407033,3.7209588914362617,1.0,1.2641318797979615,-0.4712114102205121,1.1738526154616005
ossl_lucas_block,block5,5,G-U-D,0.05,1,25,0.1003265380859375,710,0.971830985915493,4.199995234098839,3.696159263738787,5.475011867781036,1.0,1.2641318797979615,-0.4712114102205121,1.1738526154616005
ossl_lucas_block,block5,5,G-U-D,0.1,1,25,0.0029098987579345703,710,0.923943661971831,3.303237476864305,2.9144940443604264,4.667578403869435,1.0,1.2641318797979615,-0.4712114102205121,1.1738526154616005
ossl_lucas_block,block5,5,G-U-D,0.2,1,25,0.0025322437286376953,710,0.8422535211267606,2.4293172862375525,2.1423216859939402,3.776040681663973,1.0,1.2641318797979615,-0.4712114102205121,1.1738526154616005
ossl_lucas_block,block5,5,GC-D,0.05,1,25,0.006022453308105469,710,0.9732394366197183,4.250542867281207,3.7389018166684482,5.473620166239172,1.0,1.2641318797979615,-0.4712114102205121,1.1738526154616005
ossl_lucas_block,block5,5,GC-D,0.1,1,25,0.0058689117431640625,710,0.923943661971831,3.309837216270477,2.9203234599605823,4.6666297309613425,1.0,1.2641318797979615,-0.4712114102205121,1.1738526154616005
ossl_lucas_block,block5,5,GC-D,0.2,1,25,0.005879640579223633,710,0.8394366197183099,2.403824991371383,2.119806591659044,3.776715759768898,1.0,1.2641318797979615,-0.4712114102205121,1.1738526154616005
ossl_lucas_block,block5,5,GC-D+,0.05,1,25,0.005903720855712891,710,0.9943661971830986,5.8608664282174265,5.141579795154517,6.251728614958138,1.0,1.2641318797979615,-0.4712114102205121,1.1738526154616005
ossl_lucas_block,block5,5,GC-D+,0.1,1,25,0.005906343460083008,710,0.9549295774647887,3.8087755715901572,3.3596729342951743,4.704930358542384,1.0,1.2641318797979615,-0.4712114102205121,1.1738526154616005
ossl_lucas_block,block5,5,GC-D+,0.2,1,25,0.006253719329833984,710,0.8633802816901408,2.597692447981947,2.291056793335179,3.7850462590446567,1.0,1.2641318797979615,-0.4712114102205121,1.1738526154616005
ossl_lucas_block,block5,5,HJ+,0.05,1,25,0.21487832069396973,710,0.995774647887324,5.613014515191721,4.9425912062885615,6.075454715410629,1.0,1.2641318797979615,-0.4712114102205121,1.1738526154616005
ossl_lucas_block,block5,5,HJ+,0.1,1,25,0.20591998100280762,710,0.9478873239436619,3.583212187954144,3.145180139877205,4.548573485783306,1.0,1.2641318797979615,-0.4712114102205121,1.1738526154616005
ossl_lucas_block,block5,5,HJ+,0.2,1,25,0.2511019706726074,710,0.8450704225352113,2.4077338103637937,2.111974430102483,3.6907354687901077,1.0,1.2641318797979615,-0.4712114102205121,1.1738526154616005
ossl_lucas_block,block5,5,HJ+-D,0.05,1,25,0.18692636489868164,710,0.9943661971830986,5.842431050641979,5.110850876637686,6.2345608130736405,1.0,1.2641318797979615,-0.4712114102205121,1.1738526154616005
ossl_lucas_block,block5,5,HJ+-D,0.1,1,25,0.2114095687866211,710,0.9549295774647887,3.817185067251607,3.353740265053142,4.684950749766465,1.0,1.2641318797979615,-0.4712114102205121,1.1738526154616005
ossl_lucas_block,block5,5,HJ+-D,0.2,1,25,0.22821712493896484,710,0.8647887323943662,2.600366371751698,2.294609608606919,3.769608873774859,1.0,1.2641318797979615,-0.4712114102205121,1.1738526154616005
ossl_lucas_block,block5,5,HCP-D,0.05,1,25,9.44929575920105,710,1.0,inf,inf,inf,0.0,1.2641318797979615,-0.4712114102205121,1.1738526154616005
ossl_lucas_block,block5,5,HCP-D,0.1,1,25,9.075239896774292,710,0.9873239436619718,4.958790649445462,4.3756490374372845,5.309915690465566,1.0,1.2641318797979615,-0.4712114102205121,1.1738526154616005
ossl_lucas_block,block5,5,HCP-D,0.2,1,25,8.981187105178833,710,0.8845070422535212,2.8554361939024426,2.507940938114194,3.7817737561209737,1.0,1.2641318797979615,-0.4712114102205121,1.1738526154616005
ossl_lucas_block,block5,5,HCP-A,0.05,1,25,0.9673357009887695,710,1.0,inf,inf,inf,0.0,1.2641318797979615,-0.4712114102205121,1.1738526154616005
ossl_lucas_block,block5,5,HCP-A,0.1,1,25,0.919074535369873,710,0.9859154929577465,4.517549091613761,3.9154876968407484,4.91530159105792,1.0,1.2641318797979615,-0.4712114102205121,1.1738526154616005
ossl_lucas_block,block5,5,HCP-A,0.2,1,25,0.9652218818664551,710,0.8535211267605634,2.5801675742458445,2.236304285326135,3.6537374447181605,1.0,1.2641318797979615,-0.4712114102205121,1.1738526154616005
ossl_lucas_block,block5,5,ORACLE,0.05,1,25,0.0011138916015625,710,0.9492957746478873,3.6833303463320757,3.23233779788608,5.700182321315813,1.0,1.2641318797979615,-0.4712114102205121,1.1738526154616005
ossl_lucas_block,block5,5,ORACLE,0.1,1,25,0.0009169578552246094,710,0.9056338028169014,2.9379963170115,2.5804915838602334,4.654916809053216,1.0,1.2641318797979615,-0.4712114102205121,1.1738526154616005
ossl_lucas_block,block5,5,ORACLE,0.2,1,25,0.0009052753448486328,710,0.8084507042253521,2.1238827435166017,1.874854550049414,3.745955542359879,1.0,1.2641318797979615,-0.4712114102205121,1.1738526154616005
ossl_lucas_block,block6,6,ASTM-R,0.05,1,25,5.01444935798645,1617,0.8818800247371676,17.282377588966998,6.6274842654203,38.81014936132592,1.0,10.545467739742897,-0.4493160086479154,10.539150638940516
ossl_lucas_block,block6,6,ASTM-R,0.1,1,25,0.0006127357482910156,1617,0.8293135435992579,14.232478751006584,5.457940953155175,30.075073999223445,1.0,10.545467739742897,-0.4493160086479154,10.539150638940516
ossl_lucas_block,block6,6,ASTM-R,0.2,1,25,0.0004172325134277344,1617,0.7204700061842919,10.893241915675775,4.177422049375326,23.180628546354374,1.0,10.545467739742897,-0.4493160086479154,10.539150638940516
ossl_lucas_block,block6,6,ASTM-G,0.05,1,25,0.0007731914520263672,1617,0.9004329004329005,18.438453349840167,7.070798498253866,37.122216294046204,1.0,10.545467739742897,-0.4493160086479154,10.539150638940516
ossl_lucas_block,block6,6,ASTM-G,0.1,1,25,0.0006606578826904297,1617,0.8435374149659864,15.150739027578313,5.810068019724884,29.24233249420022,1.0,10.545467739742897,-0.4493160086479154,10.539150638940516
ossl_lucas_block,block6,6,ASTM-G,0.2,1,25,0.0005338191986083984,1617,0.7507730364873222,11.571532162942098,4.437532277595321,22.799437838261845,1.0,10.545467739742897,-0.4493160086479154,10.539150638940516
ossl_lucas_block,block6,6,GPR,0.05,1,25,74.99414253234863,1617,0.8942486085343229,15.758276296768251,5.979153794868244,21.952371577889295,1.0,10.545467739742897,-0.4493160086479154,10.539150638940516
ossl_lucas_block,block6,6,GPR,0.1,1,25,0.0008649826049804688,1617,0.8379715522572665,12.946769020447551,4.945620064448601,18.602851344818017,1.0,10.545467739742897,-0.4493160086479154,10.539150638940516
ossl_lucas_block,block6,6,GPR,0.2,1,25,0.0002636909484863281,1617,0.743351886209029,9.888119654507706,3.80526565565102,14.846151246080282,1.0,10.545467739742897,-0.4493160086479154,10.539150638940516
ossl_lucas_block,block6,6,BAG,0.05,1,25,32.56835913658142,1617,0.8806431663574521,17.27115425272838,6.598378469004432,38.37575201617853,1.0,10.545467739742897,-0.4493160086479154,10.539150638940516
ossl_lucas_block,block6,6,BAG,0.1,1,25,0.00013780593872070312,1617,0.8274582560296846,14.220777425682527,5.43420857986963,29.844432206179906,1.0,10.545467739742897,-0.4493160086479154,10.539150638940516
ossl_lucas_block,block6,6,BAG,0.2,1,25,0.00011396408081054688,1617,0.7229437229437229,10.88249374689015,4.159427483285002,22.995478883531327,1.0,10.545467739742897,-0.4493160086479154,10.539150638940516
ossl_lucas_block,block6,6,QGB,0.05,1,25,4.736293315887451,1617,0.8849721706864564,15.2859276898433,7.5500040637638355,26.53596395269285,1.0,10.545467739742897,-0.4493160086479154,10.539150638940516
ossl_lucas_block,block6,6,QGB,0.1,1,25,3.8155314922332764,1617,0.8361162646876933,12.262673479705455,6.090285522638347,19.531001408394417,1.0,10.545467739742897,-0.4493160086479154,10.539150638940516
ossl_lucas_block,block6,6,QGB,0.2,1,25,4.092875719070435,1617,0.7396413110698825,8.490555062714458,4.402603145085209,13.418919615369683,1.0,10.545467739742897,-0.4493160086479154,10.539150638940516
ossl_lucas_block,block6,6,SCP,0.05,1,25,0.00031065940856933594,1617,0.8998144712430427,18.182180301453393,7.016770298680298,36.70886346729973,1.0,10.545467739742897,-0.4493160086479154,10.539150638940516
ossl_lucas_block,block6,6,SCP,0.1,1,25,0.0002551078796386719,1617,0.8286951144094001,14.108383783618818,5.444632417783583,29.52514363993988,1.0,10.545467739742897,-0.4493160086479154,10.539150638940516
ossl_lucas_block,block6,6,SCP,0.2,1,25,0.00024890899658203125,1617,0.686456400742115,10.09168847380229,3.8945307313254323,23.24092042288386,1.0,10.545467739742897,-0.4493160086479154,10.539150638940516
ossl_lucas_block,block6,6,NCP-kNN,0.05,1,25,4.79757022857666,1617,0.9622758194186766,24.099628200596513,7.931362307504792,29.04447119922558,1.0,10.545467739742897,-0.4493160086479154,10.539150638940516
ossl_lucas_block,block6,6,NCP-kNN,0.1,1,25,0.00032830238342285156,1617,0.9059987631416203,19.153357217775334,6.390125529981702,23.987855267030415,1.0,10.545467739742897,-0.4493160086479154,10.539150638940516
ossl_lucas_block,block6,6,NCP-kNN,0.2,1,25,0.0005595684051513672,1617,0.7977736549165121,14.398003935172094,4.84838888979206,19.91326055214391,1.0,10.545467739742897,-0.4493160086479154,10.539150638940516
ossl_lucas_block,block6,6,CV+,0.05,1,25,0.09811758995056152,1617,0.8979591836734694,17.987490552667275,6.909179151310184,37.39988807091113,1.0,10.545467739742897,-0.4493160086479154,10.539150638940516
ossl_lucas_block,block6,6,CV+,0.1,1,25,0.07782959938049316,1617,0.821273964131107,13.857901777745573,5.317903459448113,30.246706864332324,1.0,10.545467739742897,-0.4493160086479154,10.539150638940516
ossl_lucas_block,block6,6,CV+,0.2,1,25,0.08404970169067383,1617,0.6815089672232529,10.00917038648806,3.839231666034926,23.612201359576684,1.0,10.545467739742897,-0.4493160086479154,10.539150638940516
ossl_lucas_block,block6,6,CQR,0.05,1,25,0.00036144256591796875,1617,0.9356833642547928,16.66005607746843,8.32106034373383,23.629605961440152,1.0,10.545467739742897,-0.4493160086479154,10.539150638940516
ossl_lucas_block,block6,6,CQR,0.1,1,25,0.000278472900390625,1617,0.8874458874458875,13.454497761871465,6.6726498584898755,18.640727094237576,1.0,10.545467739742897,-0.4493160086479154,10.539150638940516
ossl_lucas_block,block6,6,CQR,0.2,1,25,0.00028896331787109375,1617,0.7897340754483612,9.280075657957894,4.7518459842579155,13.240589349071225,1.0,10.545467739742897,-0.4493160086479154,10.539150638940516
ossl_lucas_block,block6,6,WCP,0.05,1,25,0.02291417121887207,1617,0.8769325912183055,16.775686183778316,6.440342045201831,38.70094256075101,1.0,10.545467739742897,-0.4493160086479154,10.539150638940516
ossl_lucas_block,block6,6,WCP,0.1,1,25,0.0034635066986083984,1617,0.7742733457019171,12.223010239972673,4.690514987174646,31.9824800629473,1.0,10.545467739742897,-0.4493160086479154,10.539150638940516
ossl_lucas_block,block6,6,WCP,0.2,1,25,0.003110647201538086,1617,0.4867037724180581,6.4797973274526335,2.4890923979584647,27.57130105535988,1.0,10.545467739742897,-0.4493160086479154,10.539150638940516
ossl_lucas_block,block6,6,R-U-A,0.05,1,25,0.001638174057006836,1617,0.8936301793444651,17.997755403020907,6.903301957091767,37.72853561602729,1.0,10.545467739742897,-0.4493160086479154,10.539150638940516
ossl_lucas_block,block6,6,R-U-A,0.1,1,25,0.0015556812286376953,1617,0.8206555349412492,13.869848351383208,5.319982915902865,30.467650551536813,1.0,10.545467739742897,-0.4493160086479154,10.539150638940516
ossl_lucas_block,block6,6,R-U-A,0.2,1,25,0.0014786720275878906,1617,0.6747062461348176,9.994094059037804,3.833380748442365,23.841214548530687,1.0,10.545467739742897,-0.4493160086479154,10.539150638940516
ossl_lucas_block,block6,6,R-U-D,0.05,1,25,0.10687065124511719,1617,0.8954854669140383,21.575553774241172,6.392412882826397,37.51287856608756,1.0,10.545467739742897,-0.4493160086479154,10.539150638940516
ossl_lucas_block,block6,6,R-U-D,0.1,1,25,0.002748727798461914,1617,0.8256029684601113,16.747864079799637,5.035962984241005,29.683439999939132,1.0,10.545467739742897,-0.4493160086479154,10.539150638940516
ossl_lucas_block,block6,6,R-U-D,0.2,1,25,0.002572774887084961,1617,0.6889301175015461,12.113737661753225,3.6845580877894664,23.122034758012113,1.0,10.545467739742897,-0.4493160086479154,10.539150638940516
ossl_lucas_block,block6,6,G-U-A,0.05,1,25,0.002327442169189453,1617,0.9078540507111935,18.814333433793816,7.216512387599483,36.6581908670071,1.0,10.545467739742897,-0.4493160086479154,10.539150638940516
ossl_lucas_block,block6,6,G-U-A,0.1,1,25,0.0014681816101074219,1617,0.83426097711812,14.517262267077188,5.568307979288743,29.79520632314237,1.0,10.545467739742897,-0.4493160086479154,10.539150638940516
ossl_lucas_block,block6,6,G-U-A,0.2,1,25,0.0014200210571289062,1617,0.7043908472479901,10.587903622649867,4.061145079650849,23.38633512849853,1.0,10.545467739742897,-0.4493160086479154,10.539150638940516
ossl_lucas_block,block6,6,G-W-A,0.05,1,25,0.004692792892456055,1617,0.9128014842300557,19.266169928772854,7.3898208746984215,36.156602172332214,1.0,10.545467739742897,-0.4493160086479154,10.539150638940516
ossl_lucas_block,block6,6,G-W-A,0.1,1,25,0.004690647125244141,1617,0.8373531230674088,14.71443730830098,5.64393734625644,29.612828290018744,1.0,10.545467739742897,-0.4493160086479154,10.539150638940516
ossl_lucas_block,block6,6,G-W-A,0.2,1,25,0.004790544509887695,1617,0.7043908472479901,10.593211081461194,4.063180832997805,23.38250344235832,1.0,10.545467739742897,-0.4493160086479154,10.539150638940516
ossl_lucas_block,block6,6,G-U-D,0.05,1,25,0.09352326393127441,1617,0.9004329004329005,22.50501091958351,6.555509125438156,37.18721585378428,1.0,10.545467739742897,-0.4493160086479154,10.539150638940516
ossl_lucas_block,block6,6,G-U-D,0.1,1,25,0.0027680397033691406,1617,0.8348794063079777,17.591290518497285,5.203520101357194,29.50935924439816,1.0,10.545467739742897,-0.4493160086479154,10.539150638940516
ossl_lucas_block,block6,6,G-U-D,0.2,1,25,0.0025310516357421875,1617,0.70995670995671,12.788804938230573,3.844384112552534,22.971845216580206,1.0,10.545467739742897,-0.4493160086479154,10.539150638940516
ossl_lucas_block,block6,6,GC-D,0.05,1,25,0.005888938903808594,1617,0.9047619047619048,22.76463895212238,6.628959794602352,37.06012377584367,1.0,10.545467739742897,-0.4493160086479154,10.539150638940516
ossl_lucas_block,block6,6,GC-D,0.1,1,25,0.005743265151977539,1617,0.83426097711812,17.576263625474443,5.199401629750758,29.51312695533136,1.0,10.545467739742897,-0.4493160086479154,10.539150638940516
ossl_lucas_block,block6,6,GC-D,0.2,1,25,0.005855083465576172,1617,0.7031539888682746,12.604198969712595,3.7900144650680754,23.013305927318722,1.0,10.545467739742897,-0.4493160086479154,10.539150638940516
ossl_lucas_block,block6,6,GC-D+,0.05,1,25,0.005856037139892578,1617,0.9579468150896723,31.44498275113301,8.950635749385915,37.50630574974402,1.0,10.545467739742897,-0.4493160086479154,10.539150638940516
ossl_lucas_block,block6,6,GC-D+,0.1,1,25,0.005912303924560547,1617,0.87569573283859,20.267279925178155,5.946872197698305,29.42472880644606,1.0,10.545467739742897,-0.4493160086479154,10.539150638940516
ossl_lucas_block,block6,6,GC-D+,0.2,1,25,0.005853176116943359,1617,0.7439703153988868,13.670967835667794,4.100227981648953,22.86250611460832,1.0,10.545467739742897,-0.4493160086479154,10.539150638940516
ossl_lucas_block,block6,6,HJ+,0.05,1,25,0.38585877418518066,1617,0.9696969696969697,27.523949528331134,10.476608470144672,33.374728426774226,1.0,10.545467739742897,-0.4493160086479154,10.539150638940516
ossl_lucas_block,block6,6,HJ+,0.1,1,25,0.3408634662628174,1617,0.878169449598021,17.25578992054668,6.573127477506495,28.160911524068503,1.0,10.545467739742897,-0.4493160086479154,10.539150638940516
ossl_lucas_block,block6,6,HJ+,0.2,1,25,0.3917856216430664,1617,0.7501546072974644,11.555807686541803,4.421587857445369,22.772909482152325,1.0,10.545467739742897,-0.4493160086479154,10.539150638940516
ossl_lucas_block,block6,6,HJ+-D,0.05,1,25,0.2980186939239502,1617,0.9591836734693877,31.857264791071632,8.972543776837046,37.87406535886505,1.0,10.545467739742897,-0.4493160086479154,10.539150638940516
ossl_lucas_block,block6,6,HJ+-D,0.1,1,25,0.3770453929901123,1617,0.8775510204081632,20.446363811909457,5.992838464521059,29.472547047931513,1.0,10.545467739742897,-0.4493160086479154,10.539150638940516
ossl_lucas_block,block6,6,HJ+-D,0.2,1,25,0.42118167877197266,1617,0.7489177489177489,13.738537465727132,4.112365162131438,22.8309879310624,1.0,10.545467739742897,-0.4493160086479154,10.539150638940516
ossl_lucas_block,block6,6,HCP-D,0.05,1,25,9.637856245040894,1617,1.0,inf,inf,inf,0.0,10.545467739742897,-0.4493160086479154,10.539150638940516
ossl_lucas_block,block6,6,HCP-D,0.1,1,25,9.224375486373901,1617,0.9294990723562152,27.667471317281606,7.629700874989101,32.89094031378119,1.0,10.545467739742897,-0.4493160086479154,10.539150638940516
ossl_lucas_block,block6,6,HCP-D,0.2,1,25,9.414153099060059,1617,0.7736549165120594,15.798588007085327,4.52407039697547,23.924245196102667,1.0,10.545467739742897,-0.4493160086479154,10.539150638940516
ossl_lucas_block,block6,6,HCP-A,0.05,1,25,0.9256682395935059,1617,1.0,inf,inf,inf,0.0,10.545467739742897,-0.4493160086479154,10.539150638940516
ossl_lucas_block,block6,6,HCP-A,0.1,1,25,0.9266872406005859,1617,0.9282622139764997,22.195618460277668,8.357426701523465,29.179178624410138,1.0,10.545467739742897,-0.4493160086479154,10.539150638940516
ossl_lucas_block,block6,6,HCP-A,0.2,1,25,0.9442760944366455,1617,0.7724180581323439,12.878276631954318,4.849121604163413,23.837158858307067,1.0,10.545467739742897,-0.4493160086479154,10.539150638940516
ossl_lucas_block,block6,6,ORACLE,0.05,1,25,0.0023145675659179688,1617,0.9499072356215214,23.83042122505084,9.195470166633788,33.31699112496118,1.0,10.545467739742897,-0.4493160086479154,10.539150638940516
ossl_lucas_block,block6,6,ORACLE,0.1,1,25,0.002025604248046875,1617,0.8998144712430427,18.37312012036962,7.088601339123938,27.79547838097821,1.0,10.545467739742897,-0.4493160086479154,10.539150638940516
ossl_lucas_block,block6,6,ORACLE,0.2,1,25,0.0019664764404296875,1617,0.8039579468150897,13.388777015998564,5.123237966722742,22.22818547103384,1.0,10.545467739742897,-0.4493160086479154,10.539150638940516
ossl_lucas_block,block7,7,ASTM-R,0.05,1,25,4.775089740753174,985,0.9563451776649746,5.745667948352234,5.122456324205384,13.99220239133463,1.0,3.0961870358900074,-0.736564309370601,3.0088266950723197
ossl_lucas_block,block7,7,ASTM-R,0.1,1,25,0.0005314350128173828,985,0.9218274111675127,4.729506727762666,4.216541628210714,9.913725006184034,1.0,3.0961870358900074,-0.736564309370601,3.0088266950723197
ossl_lucas_block,block7,7,ASTM-R,0.2,1,25,0.0004062652587890625,985,0.8527918781725888,3.6182692692411984,3.225849425520577,7.096624425590816,1.0,3.0961870358900074,-0.736564309370601,3.0088266950723197
ossl_lucas_block,block7,7,ASTM-G,0.05,1,25,0.0011255741119384766,985,0.9604060913705583,6.11422280420116,5.45102177345769,13.7896308071849,1.0,3.0961870358900074,-0.736564309370601,3.0088266950723197
ossl_lucas_block,block7,7,ASTM-G,0.1,1,25,0.0006856918334960938,985,0.9299492385786802,5.021920154970883,4.477231725103133,9.856512566525167,1.0,3.0961870358900074,-0.736564309370601,3.0088266950723197
ossl_lucas_block,block7,7,ASTM-G,0.2,1,25,0.0007212162017822266,985,0.868020304568528,3.8340245787123797,3.4182012035959826,7.10258759382327,1.0,3.0961870358900074,-0.736564309370601,3.0088266950723197
ossl_lucas_block,block7,7,GPR,0.05,1,25,113.44307446479797,985,0.9472081218274112,4.885279303557494,3.7394688031233922,8.796905261732805,1.0,3.0961870358900074,-0.736564309370601,3.0088266950723197
ossl_lucas_block,block7,7,GPR,0.1,1,25,0.00019407272338867188,985,0.917766497461929,4.027972048759718,3.0962189333532195,6.907154314239901,1.0,3.0961870358900074,-0.736564309370601,3.0088266950723197
ossl_lucas_block,block7,7,GPR,0.2,1,25,0.0001404285430908203,985,0.8548223350253807,3.087199810227983,2.3819340763152015,5.324308706727146,1.0,3.0961870358900074,-0.736564309370601,3.0088266950723197
ossl_lucas_block,block7,7,BAG,0.05,1,25,31.639781713485718,985,0.9563451776649746,5.766345140401288,5.145835884308664,13.981562109616798,1.0,3.0961870358900074,-0.736564309370601,3.0088266950723197
ossl_lucas_block,block7,7,BAG,0.1,1,25,0.00010848045349121094,985,0.9218274111675127,4.746600925408903,4.236057170299467,9.914822966585017,1.0,3.0961870358900074,-0.736564309370601,3.0088266950723197
ossl_lucas_block,block7,7,BAG,0.2,1,25,8.344650268554688e-05,985,0.8507614213197969,3.6313986441702553,3.2409744324847836,7.101181336786096,1.0,3.0961870358900074,-0.736564309370601,3.0088266950723197
ossl_lucas_block,block7,7,QGB,0.05,1,25,4.826081037521362,985,0.9035532994923858,4.6351634014971905,3.584920654128159,12.014626782091874,1.0,3.0961870358900074,-0.736564309370601,3.0088266950723197
ossl_lucas_block,block7,7,QGB,0.1,1,25,3.8150298595428467,985,0.8436548223350254,3.7587120850986633,2.911321555854924,8.184362231979703,1.0,3.0961870358900074,-0.736564309370601,3.0088266950723197
ossl_lucas_block,block7,7,QGB,0.2,1,25,4.114377498626709,985,0.7380710659898477,2.8260121243755405,2.184160485960294,6.109323645678572,1.0,3.0961870358900074,-0.736564309370601,3.0088266950723197
ossl_lucas_block,block7,7,SCP,0.05,1,25,0.00031638145446777344,985,0.9604060913705583,6.029352572939728,5.377054057801397,14.001397474603042,1.0,3.0961870358900074,-0.736564309370601,3.0088266950723197
ossl_lucas_block,block7,7,SCP,0.1,1,25,0.000263214111328125,985,0.915736040609137,4.637708395246172,4.1359679076454166,10.025874706757861,1.0,3.0961870358900074,-0.736564309370601,3.0088266950723197
ossl_lucas_block,block7,7,SCP,0.2,1,25,0.0002758502960205078,985,0.8284263959390863,3.335227584609382,2.9743987933303266,7.1555428370630745,1.0,3.0961870358900074,-0.736564309370601,3.0088266950723197
ossl_lucas_block,block7,7,NCP-kNN,0.05,1,25,4.6165783405303955,985,0.9360406091370559,5.063956822938575,3.937943817570295,9.146080463234354,1.0,3.0961870358900074,-0.736564309370601,3.0088266950723197
ossl_lucas_block,block7,7,NCP-kNN,0.1,1,25,0.0002846717834472656,985,0.8659898477157361,4.146573217674715,3.2401956024763363,7.54261415328671,1.0,3.0961870358900074,-0.736564309370601,3.0088266950723197
ossl_lucas_block,block7,7,NCP-kNN,0.2,1,25,0.000263214111328125,985,0.766497461928934,3.164486774807211,2.4881567085508776,6.062118636995851,1.0,3.0961870358900074,-0.736564309370601,3.0088266950723197
ossl_lucas_block,block7,7,CV+,0.05,1,25,0.05778813362121582,985,0.9583756345177665,6.027612347825083,5.364979786004793,13.840852414369996,1.0,3.0961870358900074,-0.736564309370601,3.0088266950723197
ossl_lucas_block,block7,7,CV+,0.1,1,25,0.049022674560546875,985,0.9126903553299492,4.640294586806534,4.130389987165522,9.943926543067356,1.0,3.0961870358900074,-0.736564309370601,3.0088266950723197
ossl_lucas_block,block7,7,CV+,0.2,1,25,0.05224251747131348,985,0.8253807106598985,3.3565464688383235,2.98830113503938,7.127222502289628,1.0,3.0961870358900074,-0.736564309370601,3.0088266950723197
ossl_lucas_block,block7,7,CQR,0.05,1,25,0.0003674030303955078,985,0.9401015228426396,5.154624339032196,4.043287176400044,11.123126559084767,1.0,3.0961870358900074,-0.736564309370601,3.0088266950723197
ossl_lucas_block,block7,7,CQR,0.1,1,25,0.00028133392333984375,985,0.899492385786802,4.16340976526806,3.2548849197927483,7.858397732856736,1.0,3.0961870358900074,-0.736564309370601,3.0088266950723197
ossl_lucas_block,block7,7,CQR,0.2,1,25,0.0002970695495605469,985,0.7786802030456853,3.0902656639076915,2.414474711744429,5.967256594739958,1.0,3.0961870358900074,-0.736564309370601,3.0088266950723197
ossl_lucas_block,block7,7,WCP,0.05,1,25,0.022275209426879883,985,0.9807106598984772,inf,7.386061943468782,inf,0.9989847715736041,3.0961870358900074,-0.736564309370601,3.0088266950723197
ossl_lucas_block,block7,7,WCP,0.1,1,25,0.0033676624298095703,985,0.9583756345177665,inf,5.2641487263031355,inf,0.9989847715736041,3.0961870358900074,-0.736564309370601,3.0088266950723197
ossl_lucas_block,block7,7,WCP,0.2,1,25,0.002930164337158203,985,0.9543147208121827,5.711785781594661,5.0895341634310105,7.823645124636664,1.0,3.0961870358900074,-0.736564309370601,3.0088266950723197
ossl_lucas_block,block7,7,R-U-A,0.05,1,25,0.0017757415771484375,985,0.9563451776649746,5.998526245365777,5.348918619608413,13.847900870801507,1.0,3.0961870358900074,-0.736564309370601,3.0088266950723197
ossl_lucas_block,block7,7,R-U-A,0.1,1,25,0.0016932487487792969,985,0.9137055837563451,4.616804734537794,4.116830000826252,9.947257533723114,1.0,3.0961870358900074,-0.736564309370601,3.0088266950723197
ossl_lucas_block,block7,7,R-U-A,0.2,1,25,0.0014977455139160156,985,0.8274111675126904,3.3450693454190916,2.982816607565324,7.120654919158745,1.0,3.0961870358900074,-0.736564309370601,3.0088266950723197
ossl_lucas_block,block7,7,R-U-D,0.05,1,25,0.10292243957519531,985,0.9522842639593908,5.7785003596593425,4.936150409281134,14.024410395010063,1.0,3.0961870358900074,-0.736564309370601,3.0088266950723197
ossl_lucas_block,block7,7,R-U-D,0.1,1,25,0.0027523040771484375,985,0.9045685279187817,4.528360681851891,3.877575996002641,10.019535046752978,1.0,3.0961870358900074,-0.736564309370601,3.0088266950723197
ossl_lucas_block,block7,7,R-U-D,0.2,1,25,0.002421855926513672,985,0.8182741116751269,3.3148489989959993,2.8487824358764686,7.12434667692346,1.0,3.0961870358900074,-0.736564309370601,3.0088266950723197
ossl_lucas_block,block7,7,G-U-A,0.05,1,25,0.002334117889404297,985,0.9644670050761421,6.266720973128866,5.588069323353534,13.721941508416464,1.0,3.0961870358900074,-0.736564309370601,3.0088266950723197
ossl_lucas_block,block7,7,G-U-A,0.1,1,25,0.0014538764953613281,985,0.9258883248730965,4.843755402354984,4.319203151024231,9.886329479119583,1.0,3.0961870358900074,-0.736564309370601,3.0088266950723197
ossl_lucas_block,block7,7,G-U-A,0.2,1,25,0.0014231204986572266,985,0.8456852791878172,3.530538827921461,3.148200758229412,7.09970808080555,1.0,3.0961870358900074,-0.736564309370601,3.0088266950723197
ossl_lucas_block,block7,7,G-W-A,0.05,1,25,0.004754304885864258,985,0.965482233502538,6.3990023601107975,5.706025358705036,13.669903623018323,1.0,3.0961870358900074,-0.736564309370601,3.0088266950723197
ossl_lucas_block,block7,7,G-W-A,0.1,1,25,0.0046541690826416016,985,0.9289340101522843,4.909150463076343,4.3775162838863455,9.874986240080002,1.0,3.0961870358900074,-0.736564309370601,3.0088266950723197
ossl_lucas_block,block7,7,G-W-A,0.2,1,25,0.004636049270629883,985,0.8456852791878172,3.533241015729946,3.150610313858788,7.09956109261452,1.0,3.0961870358900074,-0.736564309370601,3.0088266950723197
ossl_lucas_block,block7,7,G-U-D,0.05,1,25,0.09621810913085938,985,0.9563451776649746,5.9835235947223016,5.1357426698205,13.900918959685148,1.0,3.0961870358900074,-0.736564309370601,3.0088266950723197
ossl_lucas_block,block7,7,G-U-D,0.1,1,25,0.0027170181274414062,985,0.9126903553299492,4.718353940371995,4.061327415705684,9.960978399751507,1.0,3.0961870358900074,-0.736564309370601,3.0088266950723197
ossl_lucas_block,block7,7,G-U-D,0.2,1,25,0.0025403499603271484,985,0.8355329949238579,3.4836316776613274,2.9969025404082146,7.108462052479411,1.0,3.0961870358900074,-0.736564309370601,3.0088266950723197
ossl_lucas_block,block7,7,GC-D,0.05,1,25,0.005797863006591797,985,0.9563451776649746,6.022583679706228,5.169271666173003,13.878941823608491,1.0,3.0961870358900074,-0.736564309370601,3.0088266950723197
ossl_lucas_block,block7,7,GC-D,0.1,1,25,0.0058481693267822266,985,0.9126903553299492,4.719978931102668,4.062739080309251,9.960490951946692,1.0,3.0961870358900074,-0.736564309370601,3.0088266950723197
ossl_lucas_block,block7,7,GC-D,0.2,1,25,0.0062558650970458984,985,0.8284263959390863,3.437615294522297,2.9574765109141397,7.111822273205928,1.0,3.0961870358900074,-0.736564309370601,3.0088266950723197
ossl_lucas_block,block7,7,GC-D+,0.05,1,25,0.0059163570404052734,985,0.9796954314720813,8.14016541190807,6.9413150762578475,13.315398954324092,1.0,3.0961870358900074,-0.736564309370601,3.0088266950723197
ossl_lucas_block,block7,7,GC-D+,0.1,1,25,0.005743741989135742,985,0.9421319796954315,5.422399296943727,4.651962920788365,9.866869062888146,1.0,3.0961870358900074,-0.736564309370601,3.0088266950723197
ossl_lucas_block,block7,7,GC-D+,0.2,1,25,0.005754232406616211,985,0.8548223350253807,3.715881370076167,3.195796713373615,7.110048546338986,1.0,3.0961870358900074,-0.736564309370601,3.0088266950723197
ossl_lucas_block,block7,7,HJ+,0.05,1,25,0.2571535110473633,985,0.9827411167512691,8.901863458420479,7.935218390464774,13.438098645726184,1.0,3.0961870358900074,-0.736564309370601,3.0088266950723197
ossl_lucas_block,block7,7,HJ+,0.1,1,25,0.2294001579284668,985,0.9563451776649746,5.716133510088833,5.1021739997347595,9.865311474471756,1.0,3.0961870358900074,-0.736564309370601,3.0088266950723197
ossl_lucas_block,block7,7,HJ+,0.2,1,25,0.2578141689300537,985,0.867005076142132,3.8425115017456037,3.427521720193364,7.101497666498399,1.0,3.0961870358900074,-0.736564309370601,3.0088266950723197
ossl_lucas_block,block7,7,HJ+-D,0.05,1,25,0.20520901679992676,985,0.9796954314720813,8.167804349970877,6.960693125649408,13.349762961730246,1.0,3.0961870358900074,-0.736564309370601,3.0088266950723197
ossl_lucas_block,block7,7,HJ+-D,0.1,1,25,0.2435450553894043,985,0.9421319796954315,5.437997558263053,4.660774844867989,9.86657450436211,1.0,3.0961870358900074,-0.736564309370601,3.0088266950723197
ossl_lucas_block,block7,7,HJ+-D,0.2,1,25,0.2915828227996826,985,0.8548223350253807,3.731234753408664,3.2084151551799494,7.1089131980227425,1.0,3.0961870358900074,-0.736564309370601,3.0088266950723197
ossl_lucas_block,block7,7,HCP-D,0.05,1,25,9.612265586853027,985,1.0,inf,inf,inf,0.0,3.0961870358900074,-0.736564309370601,3.0088266950723197
ossl_lucas_block,block7,7,HCP-D,0.1,1,25,9.904942989349365,985,0.9624365482233502,6.688438880736189,5.714265770752211,10.087393614287825,1.0,3.0961870358900074,-0.736564309370601,3.0088266950723197
ossl_lucas_block,block7,7,HCP-D,0.2,1,25,9.54319977760315,985,0.8730964467005076,3.9341631063745317,3.3924651803894923,7.119763500515553,1.0,3.0961870358900074,-0.736564309370601,3.0088266950723197
ossl_lucas_block,block7,7,HCP-A,0.05,1,25,0.9800643920898438,985,1.0,inf,inf,inf,0.0,3.0961870358900074,-0.736564309370601,3.0088266950723197
ossl_lucas_block,block7,7,HCP-A,0.1,1,25,1.0044140815734863,985,0.9725888324873097,6.991884745093352,6.208061321544627,10.104472044646174,1.0,3.0961870358900074,-0.736564309370601,3.0088266950723197
ossl_lucas_block,block7,7,HCP-A,0.2,1,25,0.9937705993652344,985,0.883248730964467,4.057774131160836,3.602878415995343,7.066410596456315,1.0,3.0961870358900074,-0.736564309370601,3.0088266950723197
ossl_lucas_block,block7,7,ORACLE,0.05,1,25,0.001459360122680664,985,0.9421319796954315,5.573846879477424,5.011627326845116,14.485105152828979,1.0,3.0961870358900074,-0.736564309370601,3.0088266950723197
ossl_lucas_block,block7,7,ORACLE,0.1,1,25,0.0011966228485107422,985,0.8873096446700508,4.296340717044808,3.8558930570318553,10.318167728150623,1.0,3.0961870358900074,-0.736564309370601,3.0088266950723197
ossl_lucas_block,block7,7,ORACLE,0.2,1,25,0.0011990070343017578,985,0.8192893401015229,3.222056286316248,2.902897548794388,7.216807722051175,1.0,3.0961870358900074,-0.736564309370601,3.0088266950723197
ossl_lucas_block,block8,8,ASTM-R,0.05,1,25,4.987419128417969,840,0.9797619047619047,4.172264542062009,3.690339301824994,5.72969311908872,1.0,1.3038279329054057,-0.37038143761047565,1.2508587230166028
ossl_lucas_block,block8,8,ASTM-R,0.1,1,25,0.0005097389221191406,840,0.9714285714285714,3.4336213578025707,3.036990375123929,4.585120900329516,1.0,1.3038279329054057,-0.37038143761047565,1.2508587230166028
ossl_lucas_block,block8,8,ASTM-R,0.2,1,25,0.0004565715789794922,840,0.9476190476190476,2.6263187274671305,2.322924900384616,3.472775297456191,1.0,1.3038279329054057,-0.37038143761047565,1.2508587230166028
ossl_lucas_block,block8,8,ASTM-G,0.05,1,25,0.0007846355438232422,840,0.9833333333333333,4.458552090203689,3.943571607629841,5.756203614856022,1.0,1.3038279329054057,-0.37038143761047565,1.2508587230166028
ossl_lucas_block,block8,8,ASTM-G,0.1,1,25,0.0006926059722900391,840,0.975,3.6605885841196955,3.237747335275502,4.693308137806266,1.0,1.3038279329054057,-0.37038143761047565,1.2508587230166028
ossl_lucas_block,block8,8,ASTM-G,0.2,1,25,0.0005395412445068359,840,0.955952380952381,2.7936556207292425,2.470934517442725,3.5753117231640448,1.0,1.3038279329054057,-0.37038143761047565,1.2508587230166028
ossl_lucas_block,block8,8,GPR,0.05,1,25,99.86045384407043,840,0.9714285714285714,3.5773083199198763,2.8518701459256177,4.9567448299318535,1.0,1.3038279329054057,-0.37038143761047565,1.2508587230166028
ossl_lucas_block,block8,8,GPR,0.1,1,25,0.00012183189392089844,840,0.9333333333333333,2.9531616573161577,2.36731546636923,4.245595509582085,1.0,1.3038279329054057,-0.37038143761047565,1.2508587230166028
ossl_lucas_block,block8,8,GPR,0.2,1,25,9.799003601074219e-05,840,0.8928571428571429,2.265912751858138,1.82614355238945,3.4144664445190758,1.0,1.3038279329054057,-0.37038143761047565,1.2508587230166028
ossl_lucas_block,block8,8,BAG,0.05,1,25,34.52161407470703,840,0.9785714285714285,4.169604528528918,3.6857425795531755,5.743964225900007,1.0,1.3038279329054057,-0.37038143761047565,1.2508587230166028
ossl_lucas_block,block8,8,BAG,0.1,1,25,0.00010037422180175781,840,0.9714285714285714,3.4314256313706966,3.0333334782466945,4.597529694118411,1.0,1.3038279329054057,-0.37038143761047565,1.2508587230166028
ossl_lucas_block,block8,8,BAG,0.2,1,25,8.559226989746094e-05,840,0.9476190476190476,2.624632834193345,2.3202179461241306,3.4813205095611153,1.0,1.3038279329054057,-0.37038143761047565,1.2508587230166028
ossl_lucas_block,block8,8,QGB,0.05,1,25,4.77166223526001,840,0.9607142857142857,3.3294313715706485,2.422132680359513,4.160976430849883,1.0,1.3038279329054057,-0.37038143761047565,1.2508587230166028
ossl_lucas_block,block8,8,QGB,0.1,1,25,3.7704684734344482,840,0.8761904761904762,2.235503426366993,1.5675784971664108,3.4809442287669246,1.0,1.3038279329054057,-0.37038143761047565,1.2508587230166028
ossl_lucas_block,block8,8,QGB,0.2,1,25,4.202072381973267,840,0.7333333333333333,1.5636513673579326,1.024920975024449,2.6974612018915454,1.0,1.3038279329054057,-0.37038143761047565,1.2508587230166028
ossl_lucas_block,block8,8,SCP,0.05,1,25,0.00045943260192871094,840,0.9797619047619047,4.3503974136994366,3.8527886741708706,5.677224787270104,1.0,1.3038279329054057,-0.37038143761047565,1.2508587230166028
ossl_lucas_block,block8,8,SCP,0.1,1,25,0.0004138946533203125,840,0.9678571428571429,3.3481738782175885,2.965201835705834,4.525907347007214,1.0,1.3038279329054057,-0.37038143761047565,1.2508587230166028
ossl_lucas_block,block8,8,SCP,0.2,1,25,0.00038242340087890625,840,0.9416666666666667,2.4218008955963053,2.1447895845717238,3.3541928368792906,1.0,1.3038279329054057,-0.37038143761047565,1.2508587230166028
ossl_lucas_block,block8,8,NCP-kNN,0.05,1,25,4.822293758392334,840,0.9619047619047619,2.846422059486919,2.027131876608263,3.535575936433826,1.0,1.3038279329054057,-0.37038143761047565,1.2508587230166028
ossl_lucas_block,block8,8,NCP-kNN,0.1,1,25,0.00027441978454589844,840,0.925,2.3296358516968425,1.6767760728049823,2.99542440064487,1.0,1.3038279329054057,-0.37038143761047565,1.2508587230166028
ossl_lucas_block,block8,8,NCP-kNN,0.2,1,25,0.0002675056457519531,840,0.8523809523809524,1.7916980663001416,1.3015365214089394,2.4756450626503286,1.0,1.3038279329054057,-0.37038143761047565,1.2508587230166028
ossl_lucas_block,block8,8,CV+,0.05,1,25,0.0483095645904541,840,0.9809523809523809,4.337836619963332,3.832250043027919,5.749729418759859,1.0,1.3038279329054057,-0.37038143761047565,1.2508587230166028
ossl_lucas_block,block8,8,CV+,0.1,1,25,0.04085874557495117,840,0.9702380952380952,3.3450563742601513,2.957629736505824,4.5503958432804374,1.0,1.3038279329054057,-0.37038143761047565,1.2508587230166028
ossl_lucas_block,block8,8,CV+,0.2,1,25,0.043547630310058594,840,0.9404761904761905,2.4282461441980625,2.146228282731577,3.366671785581025,1.0,1.3038279329054057,-0.37038143761047565,1.2508587230166028
ossl_lucas_block,block8,8,CQR,0.05,1,25,0.0003612041473388672,840,0.9761904761904762,3.7861480624593575,2.8057646926186175,4.242082775239178,1.0,1.3038279329054057,-0.37038143761047565,1.2508587230166028
ossl_lucas_block,block8,8,CQR,0.1,1,25,0.00027298927307128906,840,0.9202380952380952,2.53864139133756,1.821115322783906,3.4181703241497763,1.0,1.3038279329054057,-0.37038143761047565,1.2508587230166028
ossl_lucas_block,block8,8,CQR,0.2,1,25,0.0002796649932861328,840,0.7916666666666666,1.7461832323501605,1.1751534588139279,2.6478237244573273,1.0,1.3038279329054057,-0.37038143761047565,1.2508587230166028
ossl_lucas_block,block8,8,WCP,0.05,1,25,0.017725229263305664,840,0.9857142857142858,inf,3.359347807961064,inf,0.944047619047619,1.3038279329054057,-0.37038143761047565,1.2508587230166028
ossl_lucas_block,block8,8,WCP,0.1,1,25,0.003098726272583008,840,0.9476190476190476,inf,2.092338398028075,inf,0.9773809523809524,1.3038279329054057,-0.37038143761047565,1.2508587230166028
ossl_lucas_block,block8,8,WCP,0.2,1,25,0.0028536319732666016,840,0.9119047619047619,inf,1.6699999821028433,inf,0.9880952380952381,1.3038279329054057,-0.37038143761047565,1.2508587230166028
ossl_lucas_block,block8,8,R-U-A,0.05,1,25,0.0017023086547851562,840,0.9809523809523809,4.331963958381889,3.830691825079823,5.7474814764273106,1.0,1.3038279329054057,-0.37038143761047565,1.2508587230166028
ossl_lucas_block,block8,8,R-U-A,0.1,1,25,0.0015861988067626953,840,0.9702380952380952,3.344717812864935,2.957684622040677,4.548401851008188,1.0,1.3038279329054057,-0.37038143761047565,1.2508587230166028
ossl_lucas_block,block8,8,R-U-A,0.2,1,25,0.0014247894287109375,840,0.9404761904761905,2.43133796975705,2.149996300577126,3.367167766799153,1.0,1.3038279329054057,-0.37038143761047565,1.2508587230166028
ossl_lucas_block,block8,8,R-U-D,0.05,1,25,0.10226178169250488,840,0.9880952380952381,4.330964087639942,3.7038480612778057,4.9391860498756115,1.0,1.3038279329054057,-0.37038143761047565,1.2508587230166028
ossl_lucas_block,block8,8,R-U-D,0.1,1,25,0.0026934146881103516,840,0.9726190476190476,3.3794333381749464,2.90103760353888,4.0867368839515885,1.0,1.3038279329054057,-0.37038143761047565,1.2508587230166028
ossl_lucas_block,block8,8,R-U-D,0.2,1,25,0.0026073455810546875,840,0.9416666666666667,2.4862160670524927,2.141313424243099,3.2200427756409447,1.0,1.3038279329054057,-0.37038143761047565,1.2508587230166028
ossl_lucas_block,block8,8,G-U-A,0.05,1,25,0.0023450851440429688,840,0.9845238095238096,4.52129002724799,3.998110074919273,5.772404475429683,1.0,1.3038279329054057,-0.37038143761047565,1.2508587230166028
ossl_lucas_block,block8,8,G-U-A,0.1,1,25,0.0014390945434570312,840,0.9726190476190476,3.5073534558687967,3.1015009220161285,4.620839336101951,1.0,1.3038279329054057,-0.37038143761047565,1.2508587230166028
ossl_lucas_block,block8,8,G-U-A,0.2,1,25,0.0014214515686035156,840,0.9452380952380952,2.5652844852210235,2.2684432282790437,3.439052860498217,1.0,1.3038279329054057,-0.37038143761047565,1.2508587230166028
ossl_lucas_block,block8,8,G-W-A,0.05,1,25,0.006825447082519531,840,0.9857142857142858,4.635073090472812,4.098726759248908,5.797045179932463,1.0,1.3038279329054057,-0.37038143761047565,1.2508587230166028
ossl_lucas_block,block8,8,G-W-A,0.1,1,25,0.007109165191650391,840,0.9738095238095238,3.562288966867451,3.1500795840065976,4.646934576113965,1.0,1.3038279329054057,-0.37038143761047565,1.2508587230166028
ossl_lucas_block,block8,8,G-W-A,0.2,1,25,0.004771232604980469,840,0.9452380952380952,2.5801095336685758,2.2815527999283107,3.4473344945052715,1.0,1.3038279329054057,-0.37038143761047565,1.2508587230166028
ossl_lucas_block,block8,8,G-U-D,0.05,1,25,0.09624958038330078,840,0.9892857142857143,4.4648826067334095,3.81866153413144,4.996625221154863,1.0,1.3038279329054057,-0.37038143761047565,1.2508587230166028
ossl_lucas_block,block8,8,G-U-D,0.1,1,25,0.002798795700073242,840,0.9773809523809524,3.517418385910787,3.0162929463666948,4.143884559460678,1.0,1.3038279329054057,-0.37038143761047565,1.2508587230166028
ossl_lucas_block,block8,8,G-U-D,0.2,1,25,0.002658843994140625,840,0.9488095238095238,2.6049453223406744,2.240658595203473,3.272749030347427,1.0,1.3038279329054057,-0.37038143761047565,1.2508587230166028
ossl_lucas_block,block8,8,GC-D,0.05,1,25,0.006047487258911133,840,0.9892857142857143,4.523792393660173,3.868266974904716,5.025874563976383,1.0,1.3038279329054057,-0.37038143761047565,1.2508587230166028
ossl_lucas_block,block8,8,GC-D,0.1,1,25,0.005816221237182617,840,0.9773809523809524,3.5368015496267975,3.03251980652782,4.154441598681789,1.0,1.3038279329054057,-0.37038143761047565,1.2508587230166028
ossl_lucas_block,block8,8,GC-D,0.2,1,25,0.006150484085083008,840,0.9476190476190476,2.5845357437128698,2.2231748506224553,3.263127599757725,1.0,1.3038279329054057,-0.37038143761047565,1.2508587230166028
ossl_lucas_block,block8,8,GC-D+,0.05,1,25,0.006042003631591797,840,0.9988095238095238,6.1416663071570365,5.214700420125019,6.229882037327057,1.0,1.3038279329054057,-0.37038143761047565,1.2508587230166028
ossl_lucas_block,block8,8,GC-D+,0.1,1,25,0.005864620208740234,840,0.9857142857142858,4.060484421467186,3.477106209359187,4.458665720859263,1.0,1.3038279329054057,-0.37038143761047565,1.2508587230166028
ossl_lucas_block,block8,8,GC-D+,0.2,1,25,0.006075859069824219,840,0.9607142857142857,2.7914007850447677,2.4003108593477167,3.3734611227478912,1.0,1.3038279329054057,-0.37038143761047565,1.2508587230166028
ossl_lucas_block,block8,8,HJ+,0.05,1,25,0.24424028396606445,840,0.9964285714285714,6.473489662177759,5.717655178785139,6.665752148209281,1.0,1.3038279329054057,-0.37038143761047565,1.2508587230166028
ossl_lucas_block,block8,8,HJ+,0.1,1,25,0.25611233711242676,840,0.9785714285714285,4.1436976259113845,3.663545519579695,4.930396584702324,1.0,1.3038279329054057,-0.37038143761047565,1.2508587230166028
ossl_lucas_block,block8,8,HJ+,0.2,1,25,0.24010896682739258,840,0.955952380952381,2.802963017049799,2.480544196245781,3.5760524288657614,1.0,1.3038279329054057,-0.37038143761047565,1.2508587230166028
ossl_lucas_block,block8,8,HJ+-D,0.05,1,25,0.18644046783447266,840,0.9988095238095238,6.159467084429835,5.241007242988417,6.249365905732632,1.0,1.3038279329054057,-0.37038143761047565,1.2508587230166028
ossl_lucas_block,block8,8,HJ+-D,0.1,1,25,0.233018159866333,840,0.9857142857142858,4.076663348841639,3.4876507727937023,4.46942012307115,1.0,1.3038279329054057,-0.37038143761047565,1.2508587230166028
ossl_lucas_block,block8,8,HJ+-D,0.2,1,25,0.2773873805999756,840,0.9607142857142857,2.800081719787954,2.4092296356961453,3.37357451626378,1.0,1.3038279329054057,-0.37038143761047565,1.2508587230166028
ossl_lucas_block,block8,8,HCP-D,0.05,1,25,9.09728193283081,840,1.0,inf,inf,inf,0.0,1.3038279329054057,-0.37038143761047565,1.2508587230166028
ossl_lucas_block,block8,8,HCP-D,0.1,1,25,9.070830821990967,840,0.9964285714285714,5.520126969543937,4.7559150644831085,5.6025860218900325,1.0,1.3038279329054057,-0.37038143761047565,1.2508587230166028
ossl_lucas_block,block8,8,HCP-D,0.2,1,25,9.263972759246826,840,0.9642857142857143,3.210795916231397,2.7791850069925177,3.5769104574821355,1.0,1.3038279329054057,-0.37038143761047565,1.2508587230166028
ossl_lucas_block,block8,8,HCP-A,0.05,1,25,1.0050268173217773,840,1.0,inf,inf,inf,0.0,1.3038279329054057,-0.37038143761047565,1.2508587230166028
ossl_lucas_block,block8,8,HCP-A,0.1,1,25,0.9674513339996338,840,0.9904761904761905,5.359870484534395,4.710098149380261,5.514843301846358,1.0,1.3038279329054057,-0.37038143761047565,1.2508587230166028
ossl_lucas_block,block8,8,HCP-A,0.2,1,25,1.056821584701538,840,0.9619047619047619,3.1296776720244077,2.750269629404941,3.714672776740985,1.0,1.3038279329054057,-0.37038143761047565,1.2508587230166028
ossl_lucas_block,block8,8,ORACLE,0.05,1,25,0.0013415813446044922,840,0.9523809523809523,2.6978405370790686,2.3793856240181146,5.983278376979278,1.0,1.3038279329054057,-0.37038143761047565,1.2508587230166028
ossl_lucas_block,block8,8,ORACLE,0.1,1,25,0.0010554790496826172,840,0.9011904761904762,1.8846077860931107,1.6674402555148542,4.361188430496986,1.0,1.3038279329054057,-0.37038143761047565,1.2508587230166028
ossl_lucas_block,block8,8,ORACLE,0.2,1,25,0.0010976791381835938,840,0.8047619047619048,1.385122912319795,1.2269653182447424,3.087788840830005,1.0,1.3038279329054057,-0.37038143761047565,1.2508587230166028
ossl_lucas_block,block9,9,ASTM-R,0.05,1,25,4.879740953445435,1453,0.9325533379215416,5.208480958940061,4.21891935601373,10.18914087114691,1.0,2.4818064701894698,0.19662139630778122,2.474857317593119
ossl_lucas_block,block9,9,ASTM-R,0.1,1,25,0.0005195140838623047,1453,0.8733654507914659,4.288262354645201,3.4735479975936423,7.831305599149954,1.0,2.4818064701894698,0.19662139630778122,2.474857317593119
ossl_lucas_block,block9,9,ASTM-R,0.2,1,25,0.00038909912109375,1453,0.7584308327598073,3.2813801973688426,2.657970961644224,5.988737292802371,1.0,2.4818064701894698,0.19662139630778122,2.474857317593119
ossl_lucas_block,block9,9,ASTM-G,0.05,1,25,0.0007529258728027344,1453,0.9456297315898142,5.536446166451663,4.48456719254165,9.98218649761109,1.0,2.4818064701894698,0.19662139630778122,2.474857317593119
ossl_lucas_block,block9,9,ASTM-G,0.1,1,25,0.0006413459777832031,1453,0.8974535443909153,4.548635480243352,3.6844494160291688,7.738849544787664,1.0,2.4818064701894698,0.19662139630778122,2.474857317593119
ossl_lucas_block,block9,9,ASTM-G,0.2,1,25,0.0004832744598388672,1453,0.7804542326221611,3.473616012925924,2.8136831092621404,5.961159848572272,1.0,2.4818064701894698,0.19662139630778122,2.474857317593119
ossl_lucas_block,block9,9,GPR,0.05,1,25,107.38141632080078,1453,0.9043358568479009,3.8504619955010138,2.7705811425906166,10.667286321100718,1.0,2.4818064701894698,0.19662139630778122,2.474857317593119
ossl_lucas_block,block9,9,GPR,0.1,1,25,0.0001270771026611328,1453,0.8389538885065382,3.190705210182787,2.300228116979472,7.7163740976395285,1.0,2.4818064701894698,0.19662139630778122,2.474857317593119
ossl_lucas_block,block9,9,GPR,0.2,1,25,9.489059448242188e-05,1453,0.7240192704748796,2.4565300367855705,1.7737324113457251,5.63165667510024,1.0,2.4818064701894698,0.19662139630778122,2.474857317593119
ossl_lucas_block,block9,9,BAG,0.05,1,25,33.11695098876953,1453,0.9325533379215416,5.211594843137894,4.201777944977337,10.167519876045066,1.0,2.4818064701894698,0.19662139630778122,2.474857317593119
ossl_lucas_block,block9,9,BAG,0.1,1,25,0.00012493133544921875,1453,0.8733654507914659,4.290986137147682,3.4596480757164447,7.819806344170281,1.0,2.4818064701894698,0.19662139630778122,2.474857317593119
ossl_lucas_block,block9,9,BAG,0.2,1,25,9.5367431640625e-05,1453,0.7577426015141088,3.283578728471544,2.647487893139345,5.989108172404126,1.0,2.4818064701894698,0.19662139630778122,2.474857317593119
ossl_lucas_block,block9,9,QGB,0.05,1,25,4.602301359176636,1453,0.8857536132140399,5.343637136489371,3.4378931387516714,8.66120778124345,1.0,2.4818064701894698,0.19662139630778122,2.474857317593119
ossl_lucas_block,block9,9,QGB,0.1,1,25,3.836921215057373,1453,0.791465932553338,3.9830482634430218,2.4120531537469834,6.232051001849038,1.0,2.4818064701894698,0.19662139630778122,2.474857317593119
ossl_lucas_block,block9,9,QGB,0.2,1,25,4.129788875579834,1453,0.6827253957329663,2.8148595825719203,1.648278481528825,5.005502613593701,1.0,2.4818064701894698,0.19662139630778122,2.474857317593119
ossl_lucas_block,block9,9,SCP,0.05,1,25,0.00038623809814453125,1453,0.9456297315898142,5.55485777058268,4.499788011267352,10.02621280592717,1.0,2.4818064701894698,0.19662139630778122,2.474857317593119
ossl_lucas_block,block9,9,SCP,0.1,1,25,0.0002601146697998047,1453,0.8719889883000688,4.234152930972404,3.4299331114401506,7.884746207952885,1.0,2.4818064701894698,0.19662139630778122,2.474857317593119
ossl_lucas_block,block9,9,SCP,0.2,1,25,0.00024056434631347656,1453,0.7219545767377838,3.0528168925515256,2.4729758026292106,6.061508495775538,1.0,2.4818064701894698,0.19662139630778122,2.474857317593119
ossl_lucas_block,block9,9,NCP-kNN,0.05,1,25,4.559685707092285,1453,0.961459050240881,6.56400524464161,4.376908163495657,8.315637789586084,1.0,2.4818064701894698,0.19662139630778122,2.474857317593119
ossl_lucas_block,block9,9,NCP-kNN,0.1,1,25,0.0003285408020019531,1453,0.9029593943565037,5.217677491834907,3.5289567195845555,6.9393773577817655,1.0,2.4818064701894698,0.19662139630778122,2.474857317593119
ossl_lucas_block,block9,9,NCP-kNN,0.2,1,25,0.00026106834411621094,1453,0.7687543014452857,3.9594461636251057,2.7140192623296304,5.681157443937866,1.0,2.4818064701894698,0.19662139630778122,2.474857317593119
ossl_lucas_block,block9,9,CV+,0.05,1,25,0.08325314521789551,1453,0.9449415003441156,5.45957867542228,4.421715018388243,10.015618575403508,1.0,2.4818064701894698,0.19662139630778122,2.474857317593119
ossl_lucas_block,block9,9,CV+,0.1,1,25,0.06455779075622559,1453,0.8657949070887818,4.199672907632788,3.39553813353166,7.866548276709718,1.0,2.4818064701894698,0.19662139630778122,2.474857317593119
ossl_lucas_block,block9,9,CV+,0.2,1,25,0.07159423828125,1453,0.7178251892635926,3.040742206622073,2.463158831808837,6.049433579405778,1.0,2.4818064701894698,0.19662139630778122,2.474857317593119
ossl_lucas_block,block9,9,CQR,0.05,1,25,0.00033545494079589844,1453,0.9373709566414316,5.9028392471967805,3.8586894085799215,8.332702915680944,1.0,2.4818064701894698,0.19662139630778122,2.474857317593119
ossl_lucas_block,block9,9,CQR,0.1,1,25,0.0003414154052734375,1453,0.8774948382656572,4.427003397362699,2.7419643239743383,6.107484062800746,1.0,2.4818064701894698,0.19662139630778122,2.474857317593119
ossl_lucas_block,block9,9,CQR,0.2,1,25,0.00027942657470703125,1453,0.7398485891259463,3.0485789723569567,1.8202772662578721,4.9544485678734125,1.0,2.4818064701894698,0.19662139630778122,2.474857317593119
ossl_lucas_block,block9,9,WCP,0.05,1,25,0.0207061767578125,1453,0.993805918788713,10.669298602902094,8.642810297721514,11.724627348141903,1.0,2.4818064701894698,0.19662139630778122,2.474857317593119
ossl_lucas_block,block9,9,WCP,0.1,1,25,0.003921985626220703,1453,0.961459050240881,6.17109347693458,4.994959463276841,7.981901407147362,1.0,2.4818064701894698,0.19662139630778122,2.474857317593119
ossl_lucas_block,block9,9,WCP,0.2,1,25,0.0035834312438964844,1453,0.8451479697178252,3.981297538276581,3.2242935215060027,6.0071568515155676,1.0,2.4818064701894698,0.19662139630778122,2.474857317593119
ossl_lucas_block,block9,9,R-U-A,0.05,1,25,0.0017867088317871094,1453,0.9442532690984171,5.451836258980736,4.416595580775965,10.030375995127645,1.0,2.4818064701894698,0.19662139630778122,2.474857317593119
ossl_lucas_block,block9,9,R-U-A,0.1,1,25,0.0016314983367919922,1453,0.8657949070887818,4.194244730936786,3.397806145192546,7.87617612627969,1.0,2.4818064701894698,0.19662139630778122,2.474857317593119
ossl_lucas_block,block9,9,R-U-A,0.2,1,25,0.0015697479248046875,1453,0.717136958017894,3.03788023738971,2.4610219005165908,6.049879438336924,1.0,2.4818064701894698,0.19662139630778122,2.474857317593119
ossl_lucas_block,block9,9,R-U-D,0.05,1,25,0.156341552734375,1453,0.9174122505161735,4.956378798330393,3.6820335408647193,9.895954580082627,1.0,2.4818064701894698,0.19662139630778122,2.474857317593119
ossl_lucas_block,block9,9,R-U-D,0.1,1,25,0.003109455108642578,1453,0.8128011011699932,3.8721323300619686,2.8878114666123054,7.798248760831508,1.0,2.4818064701894698,0.19662139630778122,2.474857317593119
ossl_lucas_block,block9,9,R-U-D,0.2,1,25,0.0032501220703125,1453,0.629043358568479,2.8323359274117927,2.1190843999927362,6.071184360604576,1.0,2.4818064701894698,0.19662139630778122,2.474857317593119
ossl_lucas_block,block9,9,G-U-A,0.05,1,25,0.0024824142456054688,1453,0.9470061940812113,5.683784979377261,4.604499920672898,9.902873058101433,1.0,2.4818064701894698,0.19662139630778122,2.474857317593119
ossl_lucas_block,block9,9,G-U-A,0.1,1,25,0.0019774436950683594,1453,0.8864418444597385,4.404938942699447,3.5684919619268913,7.785228584461974,1.0,2.4818064701894698,0.19662139630778122,2.474857317593119
ossl_lucas_block,block9,9,G-U-A,0.2,1,25,0.0014660358428955078,1453,0.7515485203028217,3.228738314702019,2.6156382354118977,5.999303054005313,1.0,2.4818064701894698,0.19662139630778122,2.474857317593119
ossl_lucas_block,block9,9,G-W-A,0.05,1,25,0.004837751388549805,1453,0.9518238128011012,5.829408357811272,4.722471103059355,9.832943993060086,1.0,2.4818064701894698,0.19662139630778122,2.474857317593119
ossl_lucas_block,block9,9,G-W-A,0.1,1,25,0.004599809646606445,1453,0.8905712319339298,4.457730072120277,3.6112586661763317,7.767223510861189,1.0,2.4818064701894698,0.19662139630778122,2.474857317593119
ossl_lucas_block,block9,9,G-W-A,0.2,1,25,0.0044629573822021484,1453,0.7494838265657261,3.219841780755321,2.6084310504109753,6.001209936044761,1.0,2.4818064701894698,0.19662139630778122,2.474857317593119
ossl_lucas_block,block9,9,G-U-D,0.05,1,25,0.09636354446411133,1453,0.9249827942188575,5.119421305266459,3.8103134137114525,9.74684650738316,1.0,2.4818064701894698,0.19662139630778122,2.474857317593119
ossl_lucas_block,block9,9,G-U-D,0.1,1,25,0.0030231475830078125,1453,0.8334480385409497,4.039380283867662,3.0086965352026525,7.678444519590194,1.0,2.4818064701894698,0.19662139630778122,2.474857317593119
ossl_lucas_block,block9,9,G-U-D,0.2,1,25,0.002893209457397461,1453,0.6572608396421198,2.978761241658572,2.226254901810357,5.991794426343229,1.0,2.4818064701894698,0.19662139630778122,2.474857317593119
ossl_lucas_block,block9,9,GC-D,0.05,1,25,0.0059545040130615234,1453,0.9270474879559532,5.154918205227084,3.8360616763769353,9.720727842996359,1.0,2.4818064701894698,0.19662139630778122,2.474857317593119
ossl_lucas_block,block9,9,GC-D,0.1,1,25,0.005892276763916016,1453,0.8327598072952512,4.022589492766436,2.996368037754411,7.688547382267282,1.0,2.4818064701894698,0.19662139630778122,2.474857317593119
ossl_lucas_block,block9,9,GC-D,0.2,1,25,0.005794525146484375,1453,0.6503785271851342,2.9244077337632537,2.1859664909111087,6.019103833368298,1.0,2.4818064701894698,0.19662139630778122,2.474857317593119
ossl_lucas_block,block9,9,GC-D+,0.05,1,25,0.00598597526550293,1453,0.9724707501720579,6.855271516073553,5.072942078476991,9.361245530301032,1.0,2.4818064701894698,0.19662139630778122,2.474857317593119
ossl_lucas_block,block9,9,GC-D+,0.1,1,25,0.005982637405395508,1453,0.8885065381968341,4.592455389418385,3.4136671881359137,7.462423118174794,1.0,2.4818064701894698,0.19662139630778122,2.474857317593119
ossl_lucas_block,block9,9,GC-D+,0.2,1,25,0.006029844284057617,1453,0.6964900206469373,3.168345048027319,2.366642126604866,5.919484714755279,1.0,2.4818064701894698,0.19662139630778122,2.474857317593119
ossl_lucas_block,block9,9,HJ+,0.05,1,25,0.36775755882263184,1453,0.987611837577426,8.072504785769127,6.5392959951230845,10.102698540369488,1.0,2.4818064701894698,0.19662139630778122,2.474857317593119
ossl_lucas_block,block9,9,HJ+,0.1,1,25,0.2914891242980957,1453,0.9318651066758431,5.196663418067528,4.2119309381925785,7.704212710587763,1.0,2.4818064701894698,0.19662139630778122,2.474857317593119
ossl_lucas_block,block9,9,HJ+,0.2,1,25,0.3637359142303467,1453,0.7804542326221611,3.500601259910233,2.836494234138824,5.977063434699415,1.0,2.4818064701894698,0.19662139630778122,2.474857317593119
ossl_lucas_block,block9,9,HJ+-D,0.05,1,25,0.26949095726013184,1453,0.9731589814177564,6.921018134523853,5.131377929770541,9.37437786626484,1.0,2.4818064701894698,0.19662139630778122,2.474857317593119
ossl_lucas_block,block9,9,HJ+-D,0.1,1,25,0.32211875915527344,1453,0.8891947694425327,4.662789534819026,3.4786000861115145,7.47992864363454,1.0,2.4818064701894698,0.19662139630778122,2.474857317593119
ossl_lucas_block,block9,9,HJ+-D,0.2,1,25,0.3733689785003662,1453,0.698554714384033,3.194506661397686,2.3870378554220633,5.939706528192953,1.0,2.4818064701894698,0.19662139630778122,2.474857317593119
ossl_lucas_block,block9,9,HCP-D,0.05,1,25,8.992628335952759,1453,1.0,inf,inf,inf,0.0,2.4818064701894698,0.19662139630778122,2.474857317593119
ossl_lucas_block,block9,9,HCP-D,0.1,1,25,8.71822190284729,1453,0.9483826565726085,6.039052668853441,4.414360561093566,7.666799797832997,1.0,2.4818064701894698,0.19662139630778122,2.474857317593119
ossl_lucas_block,block9,9,HCP-D,0.2,1,25,8.857548475265503,1453,0.7563661390227117,3.5985695998883216,2.6567556120382396,5.9550030698522605,1.0,2.4818064701894698,0.19662139630778122,2.474857317593119
ossl_lucas_block,block9,9,HCP-A,0.05,1,25,0.8501846790313721,1453,1.0,inf,inf,inf,0.0,2.4818064701894698,0.19662139630778122,2.474857317593119
ossl_lucas_block,block9,9,HCP-A,0.1,1,25,0.8840985298156738,1453,0.9600825877494839,6.549833913668235,5.250163946305229,8.087201642110145,1.0,2.4818064701894698,0.19662139630778122,2.474857317593119
ossl_lucas_block,block9,9,HCP-A,0.2,1,25,0.9195892810821533,1453,0.817618719889883,3.8399326655947097,3.0779827859565243,6.070518161383871,1.0,2.4818064701894698,0.19662139630778122,2.474857317593119
ossl_lucas_block,block9,9,ORACLE,0.05,1,25,0.002044677734375,1453,0.9511355815554026,5.74884483862749,4.634961661325186,9.853115789742366,1.0,2.4818064701894698,0.19662139630778122,2.474857317593119
ossl_lucas_block,block9,9,ORACLE,0.1,1,25,0.001840829849243164,1453,0.9022711631108052,4.639284744342773,3.7586356303030266,7.721197138161399,1.0,2.4818064701894698,0.19662139630778122,2.474857317593119
ossl_lucas_block,block9,9,ORACLE,0.2,1,25,0.0017731189727783203,1453,0.8038540949759119,3.6088655792928206,2.921916845142338,5.957810904626962,1.0,2.4818064701894698,0.19662139630778122,2.474857317593119
ossl_lucas_block,block10,10,ASTM-R,0.05,1,25,4.888347148895264,1460,0.9616438356164384,4.303055648266494,3.9679242409435433,5.823271019216493,1.0,1.369308407488572,-0.14049249382730153,1.3625487059314452
ossl_lucas_block,block10,10,ASTM-R,0.1,1,25,0.0006246566772460938,1460,0.9253424657534246,3.541367826273382,3.265572752688038,4.843960572623059,1.0,1.369308407488572,-0.14049249382730153,1.3625487059314452
ossl_lucas_block,block10,10,ASTM-R,0.2,1,25,0.0005395412445068359,1460,0.8698630136986302,2.708812244131322,2.497865509900549,3.851909840688277,1.0,1.369308407488572,-0.14049249382730153,1.3625487059314452
ossl_lucas_block,block10,10,ASTM-G,0.05,1,25,0.0008087158203125,1460,0.9712328767123287,4.579848588959655,4.223152722395113,5.824209592320814,1.0,1.369308407488572,-0.14049249382730153,1.3625487059314452
ossl_lucas_block,block10,10,ASTM-G,0.1,1,25,0.0006325244903564453,1460,0.9404109589041096,3.76086662317314,3.467973153661955,4.8832074240093375,1.0,1.369308407488572,-0.14049249382730153,1.3625487059314452
ossl_lucas_block,block10,10,ASTM-G,0.2,1,25,0.0006096363067626953,1460,0.8856164383561644,2.87068641078174,2.6471318507683286,3.8952778526631016,1.0,1.369308407488572,-0.14049249382730153,1.3625487059314452
ossl_lucas_block,block10,10,GPR,0.05,1,25,105.28253936767578,1460,0.9383561643835616,3.7291936897937523,3.2729264071966995,6.200042314526811,1.0,1.369308407488572,-0.14049249382730153,1.3625487059314452
ossl_lucas_block,block10,10,GPR,0.1,1,25,0.0001590251922607422,1460,0.8972602739726028,3.0853349406729937,2.7096636022216924,4.893811956202474,1.0,1.369308407488572,-0.14049249382730153,1.3625487059314452
ossl_lucas_block,block10,10,GPR,0.2,1,25,0.00010848045349121094,1460,0.8267123287671233,2.371841771771119,2.08522120520116,3.7742612773068287,1.0,1.369308407488572,-0.14049249382730153,1.3625487059314452
ossl_lucas_block,block10,10,BAG,0.05,1,25,32.907150745391846,1460,0.9623287671232876,4.306842617737325,3.9614941821797554,5.782946252550184,1.0,1.369308407488572,-0.14049249382730153,1.3625487059314452
ossl_lucas_block,block10,10,BAG,0.1,1,25,0.00019669532775878906,1460,0.9246575342465754,3.544575816722111,3.260391993079116,4.818241798693123,1.0,1.369308407488572,-0.14049249382730153,1.3625487059314452
ossl_lucas_block,block10,10,BAG,0.2,1,25,0.00011396408081054688,1460,0.8712328767123287,2.7113307364202446,2.493981886630971,3.835063619126735,1.0,1.369308407488572,-0.14049249382730153,1.3625487059314452
ossl_lucas_block,block10,10,QGB,0.05,1,25,4.856391191482544,1460,0.8746575342465753,3.4579338028061932,2.7093943654188197,5.571293111503377,1.0,1.369308407488572,-0.14049249382730153,1.3625487059314452
ossl_lucas_block,block10,10,QGB,0.1,1,25,4.021764516830444,1460,0.7924657534246575,2.4382665271441923,1.7860910716856078,4.458034946004288,1.0,1.369308407488572,-0.14049249382730153,1.3625487059314452
ossl_lucas_block,block10,10,QGB,0.2,1,25,4.045286417007446,1460,0.6712328767123288,1.6659353369299237,1.1736566768919228,3.3879532942185273,1.0,1.369308407488572,-0.14049249382730153,1.3625487059314452
ossl_lucas_block,block10,10,SCP,0.05,1,25,0.0003457069396972656,1460,0.9678082191780822,4.413381148970741,4.065293287731725,5.804927301143095,1.0,1.369308407488572,-0.14049249382730153,1.3625487059314452
ossl_lucas_block,block10,10,SCP,0.1,1,25,0.00026297569274902344,1460,0.9219178082191781,3.447947113839476,3.176004017150099,4.819439337660552,1.0,1.369308407488572,-0.14049249382730153,1.3625487059314452
ossl_lucas_block,block10,10,SCP,0.2,1,25,0.00032258033752441406,1460,0.8616438356164383,2.5070277644336847,2.309295934090395,3.7997672106720803,1.0,1.369308407488572,-0.14049249382730153,1.3625487059314452
ossl_lucas_block,block10,10,NCP-kNN,0.05,1,25,4.357972860336304,1460,0.8890410958904109,2.878861905643867,2.1221364533474762,4.8742092130432,1.0,1.369308407488572,-0.14049249382730153,1.3625487059314452
ossl_lucas_block,block10,10,NCP-kNN,0.1,1,25,0.00029659271240234375,1460,0.8328767123287671,2.351305919545397,1.7520177063103095,4.08503802394003,1.0,1.369308407488572,-0.14049249382730153,1.3625487059314452
ossl_lucas_block,block10,10,NCP-kNN,0.2,1,25,0.00028634071350097656,1460,0.7493150684931507,1.8392381342736768,1.3835221681966965,3.2887264306617747,1.0,1.369308407488572,-0.14049249382730153,1.3625487059314452
ossl_lucas_block,block10,10,CV+,0.05,1,25,0.07707071304321289,1460,0.9678082191780822,4.488514177697274,4.138954325683896,5.816347774565601,1.0,1.369308407488572,-0.14049249382730153,1.3625487059314452
ossl_lucas_block,block10,10,CV+,0.1,1,25,0.06396937370300293,1460,0.9205479452054794,3.4463645760258776,3.176446125347444,4.834203879864907,1.0,1.369308407488572,-0.14049249382730153,1.3625487059314452
ossl_lucas_block,block10,10,CV+,0.2,1,25,0.07067680358886719,1460,0.8609589041095891,2.5048808790417154,2.307909686103623,3.8083350563613654,1.0,1.369308407488572,-0.14049249382730153,1.3625487059314452
ossl_lucas_block,block10,10,CQR,0.05,1,25,0.00032973289489746094,1460,0.9191780821917809,3.949683430741366,3.1409637361405207,5.224516600486562,1.0,1.369308407488572,-0.14049249382730153,1.3625487059314452
ossl_lucas_block,block10,10,CQR,0.1,1,25,0.00027370452880859375,1460,0.85,2.7563424835423516,2.0677395843405826,4.258398512816813,1.0,1.369308407488572,-0.14049249382730153,1.3625487059314452
ossl_lucas_block,block10,10,CQR,0.2,1,25,0.00027370452880859375,1460,0.7253424657534246,1.839144459822922,1.3251669194334996,3.3048638237664782,1.0,1.369308407488572,-0.14049249382730153,1.3625487059314452
ossl_lucas_block,block10,10,WCP,0.05,1,25,0.023093223571777344,1460,0.9184931506849315,3.42419699882012,3.1698146763430968,6.245312859811683,1.0,1.369308407488572,-0.14049249382730153,1.3625487059314452
ossl_lucas_block,block10,10,WCP,0.1,1,25,0.0030922889709472656,1460,0.8513698630136987,2.4009841182423597,2.2179065248784084,5.170201995210073,1.0,1.369308407488572,-0.14049249382730153,1.3625487059314452
ossl_lucas_block,block10,10,WCP,0.2,1,25,0.0031540393829345703,1460,0.7198630136986301,1.5707958638531367,1.4531618152794554,3.9456312108540486,1.0,1.369308407488572,-0.14049249382730153,1.3625487059314452
ossl_lucas_block,block10,10,R-U-A,0.05,1,25,0.0017175674438476562,1460,0.9678082191780822,4.482933483988359,4.134110998144795,5.819418072074236,1.0,1.369308407488572,-0.14049249382730153,1.3625487059314452
ossl_lucas_block,block10,10,R-U-A,0.1,1,25,0.0015268325805664062,1460,0.9212328767123288,3.4468081432585347,3.178607825530955,4.83737949832553,1.0,1.369308407488572,-0.14049249382730153,1.3625487059314452
ossl_lucas_block,block10,10,R-U-A,0.2,1,25,0.001428365707397461,1460,0.8595890410958904,2.502716845569424,2.3079774155617767,3.8100163810077103,1.0,1.369308407488572,-0.14049249382730153,1.3625487059314452
ossl_lucas_block,block10,10,R-U-D,0.05,1,25,0.10176491737365723,1460,0.9643835616438357,4.217245387071246,3.843881752353515,5.477549374266991,1.0,1.369308407488572,-0.14049249382730153,1.3625487059314452
ossl_lucas_block,block10,10,R-U-D,0.1,1,25,0.002691984176635742,1460,0.9178082191780822,3.2878990665943677,3.0055923723000393,4.650007444483979,1.0,1.369308407488572,-0.14049249382730153,1.3625487059314452
ossl_lucas_block,block10,10,R-U-D,0.2,1,25,0.002524137496948242,1460,0.8513698630136987,2.427681448496957,2.2206519938967455,3.7201628404023492,1.0,1.369308407488572,-0.14049249382730153,1.3625487059314452
ossl_lucas_block,block10,10,G-U-A,0.05,1,25,0.0023560523986816406,1460,0.9726027397260274,4.685894910983908,4.321279750600824,5.845053550101053,1.0,1.369308407488572,-0.14049249382730153,1.3625487059314452
ossl_lucas_block,block10,10,G-U-A,0.1,1,25,0.0014379024505615234,1460,0.9315068493150684,3.620281986516048,3.3385834588663155,4.854197206011656,1.0,1.369308407488572,-0.14049249382730153,1.3625487059314452
ossl_lucas_block,block10,10,G-U-A,0.2,1,25,0.0014176368713378906,1460,0.8671232876712329,2.648428473071488,2.4423510447859007,3.838952814475018,1.0,1.369308407488572,-0.14049249382730153,1.3625487059314452
ossl_lucas_block,block10,10,G-W-A,0.05,1,25,0.004615306854248047,1460,0.9746575342465753,4.7752399426833545,4.403672737134647,5.866967106054853,1.0,1.369308407488572,-0.14049249382730153,1.3625487059314452
ossl_lucas_block,block10,10,G-W-A,0.1,1,25,0.004519462585449219,1460,0.9356164383561644,3.667272136013757,3.381917247899052,4.862250775197616,1.0,1.369308407488572,-0.14049249382730153,1.3625487059314452
ossl_lucas_block,block10,10,G-W-A,0.2,1,25,0.004549741744995117,1460,0.8671232876712329,2.6458514521194383,2.4399745449564088,3.8384094444617864,1.0,1.369308407488572,-0.14049249382730153,1.3625487059314452
ossl_lucas_block,block10,10,G-U-D,0.05,1,25,0.09128522872924805,1460,0.9698630136986301,4.355475556223933,3.9685825176578033,5.482627781647735,1.0,1.369308407488572,-0.14049249382730153,1.3625487059314452
ossl_lucas_block,block10,10,G-U-D,0.1,1,25,0.0025742053985595703,1460,0.9232876712328767,3.4312901430522667,3.1335263704764262,4.651733024669605,1.0,1.369308407488572,-0.14049249382730153,1.3625487059314452
ossl_lucas_block,block10,10,G-U-D,0.2,1,25,0.0024678707122802734,1460,0.8595890410958904,2.5463560316773344,2.32690584618367,3.737574451339686,1.0,1.369308407488572,-0.14049249382730153,1.3625487059314452
ossl_lucas_block,block10,10,GC-D,0.05,1,25,0.005647420883178711,1460,0.9698630136986301,4.382517070059282,3.99303092288092,5.484024174553363,1.0,1.369308407488572,-0.14049249382730153,1.3625487059314452
ossl_lucas_block,block10,10,GC-D,0.1,1,25,0.005626201629638672,1460,0.9232876712328767,3.4315819443389146,3.1337903894078725,4.651737888425573,1.0,1.369308407488572,-0.14049249382730153,1.3625487059314452
ossl_lucas_block,block10,10,GC-D,0.2,1,25,0.005591869354248047,1460,0.8568493150684932,2.5176457247018416,2.300739141431091,3.7332622538172884,1.0,1.369308407488572,-0.14049249382730153,1.3625487059314452
ossl_lucas_block,block10,10,GC-D+,0.05,1,25,0.005640268325805664,1460,0.9938356164383562,5.968632721944102,5.423760651893339,6.4108063780157405,1.0,1.369308407488572,-0.14049249382730153,1.3625487059314452
ossl_lucas_block,block10,10,GC-D+,0.1,1,25,0.005524158477783203,1460,0.9493150684931507,3.945016082279067,3.597686634961091,4.7399337422905905,1.0,1.369308407488572,-0.14049249382730153,1.3625487059314452
ossl_lucas_block,block10,10,GC-D+,0.2,1,25,0.0056362152099609375,1460,0.8712328767123287,2.712465001742606,2.4791269487135015,3.7678969078838884,1.0,1.369308407488572,-0.14049249382730153,1.3625487059314452
ossl_lucas_block,block10,10,HJ+,0.05,1,25,0.3290741443634033,1460,0.9952054794520548,6.652007379327543,6.135404489873733,7.04409003932917,1.0,1.369308407488572,-0.14049249382730153,1.3625487059314452
ossl_lucas_block,block10,10,HJ+,0.1,1,25,0.29507875442504883,1460,0.9595890410958904,4.263585366979686,3.932934348720754,5.040522043485129,1.0,1.369308407488572,-0.14049249382730153,1.3625487059314452
ossl_lucas_block,block10,10,HJ+,0.2,1,25,0.34402036666870117,1460,0.8849315068493151,2.8788206309580753,2.655892800252196,3.894319311310716,1.0,1.369308407488572,-0.14049249382730153,1.3625487059314452
ossl_lucas_block,block10,10,HJ+-D,0.05,1,25,0.2787623405456543,1460,0.9938356164383562,5.971380323573984,5.432318390706064,6.409952632613393,1.0,1.369308407488572,-0.14049249382730153,1.3625487059314452
ossl_lucas_block,block10,10,HJ+-D,0.1,1,25,0.31438732147216797,1460,0.9486301369863014,3.962747701663372,3.609428145488857,4.741410129010437,1.0,1.369308407488572,-0.14049249382730153,1.3625487059314452
ossl_lucas_block,block10,10,HJ+-D,0.2,1,25,0.3704550266265869,1460,0.8719178082191781,2.7243551006101776,2.487673593274897,3.7682496533447525,1.0,1.369308407488572,-0.14049249382730153,1.3625487059314452
ossl_lucas_block,block10,10,HCP-D,0.05,1,25,7.319204330444336,1460,1.0,inf,inf,inf,0.0,1.369308407488572,-0.14049249382730153,1.3625487059314452
ossl_lucas_block,block10,10,HCP-D,0.1,1,25,7.231420040130615,1460,0.9643835616438357,4.271447172465899,3.8211558273348616,4.89516000355573,1.0,1.369308407488572,-0.14049249382730153,1.3625487059314452
ossl_lucas_block,block10,10,HCP-D,0.2,1,25,6.991199493408203,1460,0.8828767123287671,2.6618079759480158,2.394479190035132,3.7552007151963913,1.0,1.369308407488572,-0.14049249382730153,1.3625487059314452
ossl_lucas_block,block10,10,HCP-A,0.05,1,25,0.806769847869873,1460,1.0,inf,inf,inf,0.0,1.369308407488572,-0.14049249382730153,1.3625487059314452
ossl_lucas_block,block10,10,HCP-A,0.1,1,25,0.8297314643859863,1460,0.9828767123287672,5.20533102802321,4.75917979140587,5.72295310749399,1.0,1.369308407488572,-0.14049249382730153,1.3625487059314452
ossl_lucas_block,block10,10,HCP-A,0.2,1,25,0.800086259841919,1460,0.9102739726027397,3.0873940574549583,2.822772140185336,4.033098312438541,1.0,1.369308407488572,-0.14049249382730153,1.3625487059314452
ossl_lucas_block,block10,10,ORACLE,0.05,1,25,0.002108335494995117,1460,0.9513698630136986,4.141404135526105,3.8060042890046653,5.850066807876006,1.0,1.369308407488572,-0.14049249382730153,1.3625487059314452
ossl_lucas_block,block10,10,ORACLE,0.1,1,25,0.0018050670623779297,1460,0.9054794520547945,3.1130895333941493,2.875133552591395,4.863419885161572,1.0,1.369308407488572,-0.14049249382730153,1.3625487059314452
ossl_lucas_block,block10,10,ORACLE,0.2,1,25,0.001800537109375,1460,0.8013698630136986,2.0148426415793863,1.8506958246989074,3.7911036809475656,1.0,1.369308407488572,-0.14049249382730153,1.3625487059314452
ossl_lucas_block,block11,11,ASTM-R,0.05,1,25,4.883356094360352,501,0.9101796407185628,18.830733180580914,8.091256388589096,62.706686890952355,1.0,18.308903696324254,0.8507725177179677,18.307406287230876
ossl_lucas_block,block11,11,ASTM-R,0.1,1,25,0.0005385875701904297,501,0.872255489021956,15.500951947594222,6.660744578011933,44.47895494203292,1.0,18.308903696324254,0.8507725177179677,18.307406287230876
ossl_lucas_block,block11,11,ASTM-R,0.2,1,25,0.0005278587341308594,501,0.7984031936127745,11.85928278545005,5.096097436293534,31.62214468037659,1.0,18.308903696324254,0.8507725177179677,18.307406287230876
ossl_lucas_block,block11,11,ASTM-G,0.05,1,25,0.0008752346038818359,501,0.9201596806387226,19.944471736325,8.569701357301776,59.9540720030586,1.0,18.308903696324254,0.8507725177179677,18.307406287230876
ossl_lucas_block,block11,11,ASTM-G,0.1,1,25,0.0006451606750488281,501,0.8842315369261478,16.384872670696566,7.040499730174754,43.30041900957452,1.0,18.308903696324254,0.8507725177179677,18.307406287230876
ossl_lucas_block,block11,11,ASTM-G,0.2,1,25,0.00047779083251953125,501,0.8183632734530938,12.51168092357455,5.376411446402322,31.2275265558581,1.0,18.308903696324254,0.8507725177179677,18.307406287230876
ossl_lucas_block,block11,11,GPR,0.05,1,25,31.348708391189575,501,0.9201596806387226,18.466879315304617,7.6783535358500945,28.23494346891667,1.0,18.308903696324254,0.8507725177179677,18.307406287230876
ossl_lucas_block,block11,11,GPR,0.1,1,25,0.00012183189392089844,501,0.8622754491017964,15.002655972537982,6.358645028915077,23.82761622836719,1.0,18.308903696324254,0.8507725177179677,18.307406287230876
ossl_lucas_block,block11,11,GPR,0.2,1,25,9.012222290039062e-05,501,0.7604790419161677,11.340043241583322,4.877033625050638,19.385139606213688,1.0,18.308903696324254,0.8507725177179677,18.307406287230876
ossl_lucas_block,block11,11,BAG,0.05,1,25,32.64473819732666,501,0.9161676646706587,18.88258913423494,8.127265055402423,58.833902443735234,1.0,18.308903696324254,0.8507725177179677,18.307406287230876
ossl_lucas_block,block11,11,BAG,0.1,1,25,0.00012874603271484375,501,0.8762475049900199,15.538260846309981,6.690118383466212,42.386170678871714,1.0,18.308903696324254,0.8507725177179677,18.307406287230876
ossl_lucas_block,block11,11,BAG,0.2,1,25,9.393692016601562e-05,501,0.8063872255489022,11.883915837420922,5.118372879860869,30.469886302756024,1.0,18.308903696324254,0.8507725177179677,18.307406287230876
ossl_lucas_block,block11,11,QGB,0.05,1,25,4.813976049423218,501,0.872255489021956,13.535663876048122,7.117388956528989,31.969147413152754,1.0,18.308903696324254,0.8507725177179677,18.307406287230876
ossl_lucas_block,block11,11,QGB,0.1,1,25,3.949615001678467,501,0.8243512974051896,10.501467753821352,5.856830196705195,21.9922400038284,1.0,18.308903696324254,0.8507725177179677,18.307406287230876
ossl_lucas_block,block11,11,QGB,0.2,1,25,4.4189794063568115,501,0.7405189620758483,7.784133263725303,4.494070252049484,15.1392538076664,1.0,18.308903696324254,0.8507725177179677,18.307406287230876
ossl_lucas_block,block11,11,SCP,0.05,1,25,0.0003807544708251953,501,0.9221556886227545,19.982743249410923,8.542512982511823,62.47214075721963,1.0,18.308903696324254,0.8507725177179677,18.307406287230876
ossl_lucas_block,block11,11,SCP,0.1,1,25,0.0003306865692138672,501,0.8642714570858283,15.09629450794577,6.453582984696076,46.534962751885374,1.0,18.308903696324254,0.8507725177179677,18.307406287230876
ossl_lucas_block,block11,11,SCP,0.2,1,25,0.00029659271240234375,501,0.7664670658682635,10.969684339735338,4.689479803480349,33.05302223546566,1.0,18.308903696324254,0.8507725177179677,18.307406287230876
ossl_lucas_block,block11,11,NCP-kNN,0.05,1,25,4.655947208404541,501,0.9461077844311377,29.364613811998,7.078646735801687,35.31026649678704,1.0,18.308903696324254,0.8507725177179677,18.307406287230876
ossl_lucas_block,block11,11,NCP-kNN,0.1,1,25,0.000293731689453125,501,0.8842315369261478,23.066929329864855,5.7616109656370345,30.803464607343706,1.0,18.308903696324254,0.8507725177179677,18.307406287230876
ossl_lucas_block,block11,11,NCP-kNN,0.2,1,25,0.0002655982971191406,501,0.7684630738522954,17.418336438229925,4.515891710921871,26.32830293275808,1.0,18.308903696324254,0.8507725177179677,18.307406287230876
ossl_lucas_block,block11,11,CV+,0.05,1,25,0.03271675109863281,501,0.9181636726546906,19.639615625772564,8.448936310438757,60.62629520040554,1.0,18.308903696324254,0.8507725177179677,18.307406287230876
ossl_lucas_block,block11,11,CV+,0.1,1,25,0.029006242752075195,501,0.8662674650698603,15.14576351550468,6.506981966871921,44.870127965306345,1.0,18.308903696324254,0.8507725177179677,18.307406287230876
ossl_lucas_block,block11,11,CV+,0.2,1,25,0.03203463554382324,501,0.7744510978043913,10.96097178013565,4.703504989909754,32.19297696753652,1.0,18.308903696324254,0.8507725177179677,18.307406287230876
ossl_lucas_block,block11,11,CQR,0.05,1,25,0.000354766845703125,501,0.9281437125748503,14.862847142001264,7.965651575332703,26.89081275145844,1.0,18.308903696324254,0.8507725177179677,18.307406287230876
ossl_lucas_block,block11,11,CQR,0.1,1,25,0.0002827644348144531,501,0.8702594810379242,11.630161331834522,6.567855574065742,20.028911793488113,1.0,18.308903696324254,0.8507725177179677,18.307406287230876
ossl_lucas_block,block11,11,CQR,0.2,1,25,0.0002942085266113281,501,0.7744510978043913,8.526155729131586,4.835831035231738,14.541304510660416,1.0,18.308903696324254,0.8507725177179677,18.307406287230876
ossl_lucas_block,block11,11,WCP,0.05,1,25,0.016527891159057617,501,0.9840319361277445,43.508602416503244,18.599688559021093,49.298062371229506,1.0,18.308903696324254,0.8507725177179677,18.307406287230876
ossl_lucas_block,block11,11,WCP,0.1,1,25,0.0030603408813476562,501,0.9600798403193613,28.28907714035761,12.03531302993034,38.98323097948898,1.0,18.308903696324254,0.8507725177179677,18.307406287230876
ossl_lucas_block,block11,11,WCP,0.2,1,25,0.0028769969940185547,501,0.8922155688622755,17.659984327645645,7.549546301372589,30.43482875589931,1.0,18.308903696324254,0.8507725177179677,18.307406287230876
ossl_lucas_block,block11,11,R-U-A,0.05,1,25,0.0017361640930175781,501,0.9181636726546906,19.601372617104158,8.431475057499519,60.822801747822986,1.0,18.308903696324254,0.8507725177179677,18.307406287230876
ossl_lucas_block,block11,11,R-U-A,0.1,1,25,0.0016651153564453125,501,0.8662674650698603,15.119096498618434,6.503436647533237,45.06690129504678,1.0,18.308903696324254,0.8507725177179677,18.307406287230876
ossl_lucas_block,block11,11,R-U-A,0.2,1,25,0.0019047260284423828,501,0.7744510978043913,10.915754723661705,4.695381057448277,32.30138097144656,1.0,18.308903696324254,0.8507725177179677,18.307406287230876
ossl_lucas_block,block11,11,R-U-D,0.05,1,25,0.12038969993591309,501,0.9441117764471058,24.47820956194379,8.568652465799666,46.990305929324464,1.0,18.308903696324254,0.8507725177179677,18.307406287230876
ossl_lucas_block,block11,11,R-U-D,0.1,1,25,0.002794504165649414,501,0.8842315369261478,18.796824406127378,6.642864028301512,38.36623474719641,1.0,18.308903696324254,0.8507725177179677,18.307406287230876
ossl_lucas_block,block11,11,R-U-D,0.2,1,25,0.0024755001068115234,501,0.8063872255489022,13.646350550499367,4.861977938017128,29.688595672649466,1.0,18.308903696324254,0.8507725177179677,18.307406287230876
ossl_lucas_block,block11,11,G-U-A,0.05,1,25,0.0021774768829345703,501,0.9261477045908184,20.480853869837162,8.80978143383391,58.77347296169288,1.0,18.308903696324254,0.8507725177179677,18.307406287230876
ossl_lucas_block,block11,11,G-U-A,0.1,1,25,0.0015158653259277344,501,0.8802395209580839,15.839777897030181,6.813435715139873,44.03449578274218,1.0,18.308903696324254,0.8507725177179677,18.307406287230876
ossl_lucas_block,block11,11,G-U-A,0.2,1,25,0.0013992786407470703,501,0.7884231536926147,11.55058674608648,4.968452258498035,31.829154260445357,1.0,18.308903696324254,0.8507725177179677,18.307406287230876
ossl_lucas_block,block11,11,G-W-A,0.05,1,25,0.00510096549987793,501,0.9301397205588823,20.88740460848713,8.984658085561053,57.883406508336016,1.0,18.308903696324254,0.8507725177179677,18.307406287230876
ossl_lucas_block,block11,11,G-W-A,0.1,1,25,0.004889488220214844,501,0.8802395209580839,15.974798221634776,6.871514326337014,43.853288233985104,1.0,18.308903696324254,0.8507725177179677,18.307406287230876
ossl_lucas_block,block11,11,G-W-A,0.2,1,25,0.00477290153503418,501,0.7884231536926147,11.517241701011233,4.954108981558446,31.852040623158686,1.0,18.308903696324254,0.8507725177179677,18.307406287230876
ossl_lucas_block,block11,11,G-U-D,0.05,1,25,0.08950448036193848,501,0.9481037924151696,25.44270747843391,8.845386882363417,45.999302676994,1.0,18.308903696324254,0.8507725177179677,18.307406287230876
ossl_lucas_block,block11,11,G-U-D,0.1,1,25,0.0028238296508789062,501,0.8942115768463074,19.70865027904939,6.903643161005574,37.5968818921969,1.0,18.308903696324254,0.8507725177179677,18.307406287230876
ossl_lucas_block,block11,11,G-U-D,0.2,1,25,0.0025243759155273438,501,0.8183632734530938,14.398295632342693,5.098907336380577,29.334956760913165,1.0,18.308903696324254,0.8507725177179677,18.307406287230876
ossl_lucas_block,block11,11,GC-D,0.05,1,25,0.005887031555175781,501,0.9500998003992016,25.6907554726286,8.927638124422359,45.80753494442193,1.0,18.308903696324254,0.8507725177179677,18.307406287230876
ossl_lucas_block,block11,11,GC-D,0.1,1,25,0.005758762359619141,501,0.8942115768463074,19.68868343241584,6.896954958318526,37.611402871525556,1.0,18.308903696324254,0.8507725177179677,18.307406287230876
ossl_lucas_block,block11,11,GC-D,0.2,1,25,0.009813785552978516,501,0.8163672654690619,14.183223398580722,5.024746045844937,29.427234067657018,1.0,18.308903696324254,0.8507725177179677,18.307406287230876
ossl_lucas_block,block11,11,GC-D+,0.05,1,25,0.013721466064453125,501,0.9760479041916168,35.52069332832583,12.053090350574802,43.587632107411075,1.0,18.308903696324254,0.8507725177179677,18.307406287230876
ossl_lucas_block,block11,11,GC-D+,0.1,1,25,0.005844831466674805,501,0.9261477045908184,22.837090955621004,7.976209497439553,35.91876362908462,1.0,18.308903696324254,0.8507725177179677,18.307406287230876
ossl_lucas_block,block11,11,GC-D+,0.2,1,25,0.0057811737060546875,501,0.8323353293413174,15.373156497295362,5.434045959322088,28.980847465144663,1.0,18.308903696324254,0.8507725177179677,18.307406287230876
ossl_lucas_block,block11,11,HJ+,0.05,1,25,0.17596435546875,501,0.9620758483033932,29.093030139457973,12.431886857583207,47.341118996936636,1.0,18.308903696324254,0.8507725177179677,18.307406287230876
ossl_lucas_block,block11,11,HJ+,0.1,1,25,0.16385269165039062,501,0.9101796407185628,18.725058338195357,8.039223328388822,40.590892147608,1.0,18.308903696324254,0.8507725177179677,18.307406287230876
ossl_lucas_block,block11,11,HJ+,0.2,1,25,0.18022608757019043,501,0.8203592814371258,12.586100437350035,5.4080718116539215,30.934090120224294,1.0,18.308903696324254,0.8507725177179677,18.307406287230876
ossl_lucas_block,block11,11,HJ+-D,0.05,1,25,0.1509709358215332,501,0.9760479041916168,35.90434883495919,12.06753617826238,43.9170771865427,1.0,18.308903696324254,0.8507725177179677,18.307406287230876
ossl_lucas_block,block11,11,HJ+-D,0.1,1,25,0.17252874374389648,501,0.9261477045908184,23.008239642357,8.054965880893638,35.79406197496622,1.0,18.308903696324254,0.8507725177179677,18.307406287230876
ossl_lucas_block,block11,11,HJ+-D,0.2,1,25,0.2434861660003662,501,0.8343313373253493,15.443247510860893,5.48617749491651,28.736301507203216,1.0,18.308903696324254,0.8507725177179677,18.307406287230876
ossl_lucas_block,block11,11,HCP-D,0.05,1,25,9.054951429367065,501,1.0,inf,inf,inf,0.0,18.308903696324254,0.8507725177179677,18.307406287230876
ossl_lucas_block,block11,11,HCP-D,0.1,1,25,9.791225671768188,501,0.9620758483033932,29.34264894214967,9.214565494961251,35.51712247831277,1.0,18.308903696324254,0.8507725177179677,18.307406287230876
ossl_lucas_block,block11,11,HCP-D,0.2,1,25,9.609985589981079,501,0.8582834331337326,17.229581150039856,5.718938582619817,24.574863692799607,1.0,18.308903696324254,0.8507725177179677,18.307406287230876
ossl_lucas_block,block11,11,HCP-A,0.05,1,25,0.8867740631103516,501,1.0,inf,inf,inf,0.0,18.308903696324254,0.8507725177179677,18.307406287230876
ossl_lucas_block,block11,11,HCP-A,0.1,1,25,0.9719643592834473,501,0.9421157684630739,22.36574196008772,10.042571933022677,32.36800238245444,1.0,18.308903696324254,0.8507725177179677,18.307406287230876
ossl_lucas_block,block11,11,HCP-A,0.2,1,25,1.0669875144958496,501,0.8323353293413174,13.315604690328442,5.978917139120611,25.871022151084805,1.0,18.308903696324254,0.8507725177179677,18.307406287230876
ossl_lucas_block,block11,11,ORACLE,0.05,1,25,0.0011343955993652344,501,0.9600798403193613,27.77025980696331,11.864275091341051,49.677531659632734,1.0,18.308903696324254,0.8507725177179677,18.307406287230876
ossl_lucas_block,block11,11,ORACLE,0.1,1,25,0.0009517669677734375,501,0.9041916167664671,18.253052422686835,7.854294482845248,41.286243588482535,1.0,18.308903696324254,0.8507725177179677,18.307406287230876
ossl_lucas_block,block11,11,ORACLE,0.2,1,25,0.0007619857788085938,501,0.8063872255489022,12.06922675147911,5.178380255511803,31.5173036323683,1.0,18.308903696324254,0.8507725177179677,18.307406287230876
ossl_lucas_block,block12,12,ASTM-R,0.05,1,25,4.892358064651489,1313,0.8453922315308454,20.82439288958712,6.9445341876429385,44.173995154865715,1.0,12.685348811689423,1.3145470698261614,12.621860970069166
ossl_lucas_block,block12,12,ASTM-R,0.1,1,25,0.0006043910980224609,1313,0.763899466869764,17.149658098254914,5.719247248780553,34.93399539861815,1.0,12.685348811689423,1.3145470698261614,12.621860970069166
ossl_lucas_block,block12,12,ASTM-R,0.2,1,25,0.00045609474182128906,1313,0.6496572734196496,13.126163954170512,4.377571270057578,27.38617012319535,1.0,12.685348811689423,1.3145470698261614,12.621860970069166
ossl_lucas_block,block12,12,ASTM-G,0.05,1,25,0.0020308494567871094,1313,0.8651942117288652,22.236145018750964,7.415237842290371,41.812564326129554,1.0,12.685348811689423,1.3145470698261614,12.621860970069166
ossl_lucas_block,block12,12,ASTM-G,0.1,1,25,0.0007488727569580078,1313,0.7943640517897944,18.270998677935786,6.093151606633055,33.929888264760905,1.0,12.685348811689423,1.3145470698261614,12.621860970069166
ossl_lucas_block,block12,12,ASTM-G,0.2,1,25,0.0007226467132568359,1313,0.6793602437166794,13.954462510283433,4.653784083374223,26.903357769668627,1.0,12.685348811689423,1.3145470698261614,12.621860970069166
ossl_lucas_block,block12,12,GPR,0.05,1,25,121.14208841323853,1313,0.8080731150038081,21.913663455082634,6.870483762525094,35.87048261606756,1.0,12.685348811689423,1.3145470698261614,12.621860970069166
ossl_lucas_block,block12,12,GPR,0.1,1,25,0.00013303756713867188,1313,0.7501904036557502,17.95470909654446,5.6909982063946325,27.94452704428409,1.0,12.685348811689423,1.3145470698261614,12.621860970069166
ossl_lucas_block,block12,12,GPR,0.2,1,25,9.608268737792969e-05,1313,0.6283320639756284,13.677265845718312,4.3812858873664435,21.64474819471802,1.0,12.685348811689423,1.3145470698261614,12.621860970069166
ossl_lucas_block,block12,12,BAG,0.05,1,25,31.70709204673767,1313,0.8476770753998477,20.902800474267515,6.99248691650554,43.31833146821879,1.0,12.685348811689423,1.3145470698261614,12.621860970069166
ossl_lucas_block,block12,12,BAG,0.1,1,25,0.00014781951904296875,1313,0.7692307692307693,17.21028852802156,5.758579139030076,34.45197907019136,1.0,12.685348811689423,1.3145470698261614,12.621860970069166
ossl_lucas_block,block12,12,BAG,0.2,1,25,0.00011134147644042969,1313,0.6587966488956588,13.16969908360188,4.407557301532663,27.038414100737338,1.0,12.685348811689423,1.3145470698261614,12.621860970069166
ossl_lucas_block,block12,12,QGB,0.05,1,25,4.631227493286133,1313,0.8956587966488957,17.214822706838802,8.571670208299459,26.771442514969344,1.0,12.685348811689423,1.3145470698261614,12.621860970069166
ossl_lucas_block,block12,12,QGB,0.1,1,25,3.7358200550079346,1313,0.8278750952018279,13.07270405684936,6.738387281652179,19.51196389890726,1.0,12.685348811689423,1.3145470698261614,12.621860970069166
ossl_lucas_block,block12,12,QGB,0.2,1,25,4.041293382644653,1313,0.6938309215536939,8.775582627872547,4.8265395144982755,14.974508806399843,1.0,12.685348811689423,1.3145470698261614,12.621860970069166
ossl_lucas_block,block12,12,SCP,0.05,1,25,0.00030541419982910156,1313,0.8651942117288652,21.402058941964274,7.320808052432448,40.31731684605385,1.0,12.685348811689423,1.3145470698261614,12.621860970069166
ossl_lucas_block,block12,12,SCP,0.1,1,25,0.0002562999725341797,1313,0.7654226961157654,16.45618799949736,5.629018868967074,33.893719436255346,1.0,12.685348811689423,1.3145470698261614,12.621860970069166
ossl_lucas_block,block12,12,SCP,0.2,1,25,0.00025773048400878906,1313,0.623000761614623,11.74701961493311,4.018196381118429,27.06179849014022,1.0,12.685348811689423,1.3145470698261614,12.621860970069166
ossl_lucas_block,block12,12,NCP-kNN,0.05,1,25,4.595688343048096,1313,0.9253617669459253,28.19457665438648,8.234429129336242,34.50370008584034,1.0,12.685348811689423,1.3145470698261614,12.621860970069166
ossl_lucas_block,block12,12,NCP-kNN,0.1,1,25,0.00029468536376953125,1313,0.8537699923838538,22.305085244914892,6.591018608275716,29.070526312347,1.0,12.685348811689423,1.3145470698261614,12.621860970069166
ossl_lucas_block,block12,12,NCP-kNN,0.2,1,25,0.0002779960632324219,1313,0.7418126428027418,16.703680847936994,4.980011623359425,23.64847368978412,1.0,12.685348811689423,1.3145470698261614,12.621860970069166
ossl_lucas_block,block12,12,CV+,0.05,1,25,0.08040571212768555,1313,0.8598629093678599,21.69334732170517,7.270750617152114,42.28191160240582,1.0,12.685348811689423,1.3145470698261614,12.621860970069166
ossl_lucas_block,block12,12,CV+,0.1,1,25,0.07344317436218262,1313,0.7578065498857578,16.744516347077944,5.610493735580362,35.1300667285624,1.0,12.685348811689423,1.3145470698261614,12.621860970069166
ossl_lucas_block,block12,12,CV+,0.2,1,25,0.08202481269836426,1313,0.6268088347296268,12.129164782678473,4.0622256170905935,27.87546626550048,1.0,12.685348811689423,1.3145470698261614,12.621860970069166
ossl_lucas_block,block12,12,CQR,0.05,1,25,0.0006844997406005859,1313,0.9405940594059405,18.726747562681876,9.462012488455635,24.364916183242315,1.0,12.685348811689423,1.3145470698261614,12.621860970069166
ossl_lucas_block,block12,12,CQR,0.1,1,25,0.0004703998565673828,1313,0.8781416603198782,14.222841564000126,7.339525509735891,18.75009881405298,1.0,12.685348811689423,1.3145470698261614,12.621860970069166
ossl_lucas_block,block12,12,CQR,0.2,1,25,0.0004279613494873047,1313,0.7387661843107388,9.623930709469837,5.189559225787336,14.660897042036613,1.0,12.685348811689423,1.3145470698261614,12.621860970069166
ossl_lucas_block,block12,12,WCP,0.05,1,25,0.028625965118408203,1313,0.955064737242955,28.557579255050303,9.768431940836535,35.78351572566639,1.0,12.685348811689423,1.3145470698261614,12.621860970069166
ossl_lucas_block,block12,12,WCP,0.1,1,25,0.0035920143127441406,1313,0.955064737242955,28.557579255050303,9.768431940836535,32.17054749035834,1.0,12.685348811689423,1.3145470698261614,12.621860970069166
ossl_lucas_block,block12,12,WCP,0.2,1,25,0.003401041030883789,1313,0.955064737242955,28.557579255050303,9.768431940836535,30.364063372704322,1.0,12.685348811689423,1.3145470698261614,12.621860970069166
ossl_lucas_block,block12,12,R-U-A,0.05,1,25,0.0016696453094482422,1313,0.8568164508758568,21.580865917793517,7.20319632874796,42.85050039932228,1.0,12.685348811689423,1.3145470698261614,12.621860970069166
ossl_lucas_block,block12,12,R-U-A,0.1,1,25,0.00153350830078125,1313,0.7532368621477532,16.654552771200276,5.5589063865846295,35.511320371986976,1.0,12.685348811689423,1.3145470698261614,12.621860970069166
ossl_lucas_block,block12,12,R-U-A,0.2,1,25,0.0015778541564941406,1313,0.6184310738766184,12.067140611121733,4.027733793427162,28.14712235678635,1.0,12.685348811689423,1.3145470698261614,12.621860970069166
ossl_lucas_block,block12,12,R-U-D,0.05,1,25,0.11290192604064941,1313,0.8712871287128713,26.674856970938478,7.016192523521081,38.96986996831861,1.0,12.685348811689423,1.3145470698261614,12.621860970069166
ossl_lucas_block,block12,12,R-U-D,0.1,1,25,0.0031125545501708984,1313,0.776085300837776,20.73159203561345,5.533194890468629,33.25639357226799,1.0,12.685348811689423,1.3145470698261614,12.621860970069166
ossl_lucas_block,block12,12,R-U-D,0.2,1,25,0.002528667449951172,1313,0.645087585681645,15.01673573239228,4.057296924898761,26.890190123040124,1.0,12.685348811689423,1.3145470698261614,12.621860970069166
ossl_lucas_block,block12,12,G-U-A,0.05,1,25,0.002372264862060547,1313,0.8682406702208683,22.497555604128312,7.509166247117343,41.42083695066422,1.0,12.685348811689423,1.3145470698261614,12.621860970069166
ossl_lucas_block,block12,12,G-U-A,0.1,1,25,0.0014522075653076172,1313,0.7745620715917746,17.51959474761423,5.847637488128626,34.55933706143497,1.0,12.685348811689423,1.3145470698261614,12.621860970069166
ossl_lucas_block,block12,12,G-U-A,0.2,1,25,0.0016434192657470703,1313,0.6435643564356436,12.773602183660506,4.26353440611329,27.622173597835296,1.0,12.685348811689423,1.3145470698261614,12.621860970069166
ossl_lucas_block,block12,12,G-W-A,0.05,1,25,0.004763126373291016,1313,0.8781416603198782,23.032155226708646,7.6876032965568495,40.67069013315436,1.0,12.685348811689423,1.3145470698261614,12.621860970069166
ossl_lucas_block,block12,12,G-W-A,0.1,1,25,0.004812955856323242,1313,0.7791317593297792,17.676634778151044,5.900053835820058,34.41524028053787,1.0,12.685348811689423,1.3145470698261614,12.621860970069166
ossl_lucas_block,block12,12,G-W-A,0.2,1,25,0.004701852798461914,1313,0.6435643564356436,12.756933440531508,4.25797076331188,27.633709267825854,1.0,12.685348811689423,1.3145470698261614,12.621860970069166
ossl_lucas_block,block12,12,G-U-D,0.05,1,25,0.10442876815795898,1313,0.8842345773038842,27.867240566730406,7.207367046146832,38.751593746818585,1.0,12.685348811689423,1.3145470698261614,12.621860970069166
ossl_lucas_block,block12,12,G-U-D,0.1,1,25,0.0034897327423095703,1313,0.7882711348057883,21.74461367371313,5.7071951865635935,32.9561200927589,1.0,12.685348811689423,1.3145470698261614,12.621860970069166
ossl_lucas_block,block12,12,G-U-D,0.2,1,25,0.0028638839721679688,1313,0.6717440974866717,15.886345058072916,4.224926675841685,26.70436083146973,1.0,12.685348811689423,1.3145470698261614,12.621860970069166
ossl_lucas_block,block12,12,GC-D,0.05,1,25,0.0058917999267578125,1313,0.8872810357958872,28.02708451262276,7.245836513287339,38.71509382170446,1.0,12.685348811689423,1.3145470698261614,12.621860970069166
ossl_lucas_block,block12,12,GC-D,0.1,1,25,0.0063707828521728516,1313,0.785986290936786,21.682015445569977,5.691782705958301,32.97674842585934,1.0,12.685348811689423,1.3145470698261614,12.621860970069166
ossl_lucas_block,block12,12,GC-D,0.2,1,25,0.0061702728271484375,1313,0.6603198781416603,15.64182473314998,4.162229375914185,26.75397220179339,1.0,12.685348811689423,1.3145470698261614,12.621860970069166
ossl_lucas_block,block12,12,GC-D+,0.05,1,25,0.005749225616455078,1313,0.968012185833968,39.38436860175067,9.890732607473335,42.829145245486316,1.0,12.685348811689423,1.3145470698261614,12.621860970069166
ossl_lucas_block,block12,12,GC-D+,0.1,1,25,0.005800724029541016,1313,0.8469154607768469,25.201751902924887,6.560525637539867,32.57309114259207,1.0,12.685348811689423,1.3145470698261614,12.621860970069166
ossl_lucas_block,block12,12,GC-D+,0.2,1,25,0.005886077880859375,1313,0.6953541507996953,16.98090795283834,4.504393549391574,26.608228792198513,1.0,12.685348811689423,1.3145470698261614,12.621860970069166
ossl_lucas_block,block12,12,HJ+,0.05,1,25,0.3505866527557373,1313,0.9702970297029703,33.18347855678785,10.955515947980023,38.65776754306943,1.0,12.685348811689423,1.3145470698261614,12.621860970069166
ossl_lucas_block,block12,12,HJ+,0.1,1,25,0.32144713401794434,1313,0.8453922315308454,20.825322677141312,6.9123878796214795,32.67020879998614,1.0,12.685348811689423,1.3145470698261614,12.621860970069166
ossl_lucas_block,block12,12,HJ+,0.2,1,25,0.3561229705810547,1313,0.6816450875856817,13.964745341898508,4.649554617776551,26.89890005632895,1.0,12.685348811689423,1.3145470698261614,12.621860970069166
ossl_lucas_block,block12,12,HJ+-D,0.05,1,25,0.2832982540130615,1313,0.9657273419649657,39.969120578253225,9.870136057174333,43.371775028583166,1.0,12.685348811689423,1.3145470698261614,12.621860970069166
ossl_lucas_block,block12,12,HJ+-D,0.1,1,25,0.3498985767364502,1313,0.8484386900228484,25.490726851649644,6.580490534469218,32.746635906076115,1.0,12.685348811689423,1.3145470698261614,12.621860970069166
ossl_lucas_block,block12,12,HJ+-D,0.2,1,25,0.4102175235748291,1313,0.6961157654226962,17.106738755029184,4.50233284181744,26.645033498941437,1.0,12.685348811689423,1.3145470698261614,12.621860970069166
ossl_lucas_block,block12,12,HCP-D,0.05,1,25,6.039900302886963,1313,1.0,inf,inf,inf,0.0,12.685348811689423,1.3145470698261614,12.621860970069166
ossl_lucas_block,block12,12,HCP-D,0.1,1,25,6.202409982681274,1313,0.9093678598629094,54.296506390299434,8.223371402704636,64.56681847433724,1.0,12.685348811689423,1.3145470698261614,12.621860970069166
ossl_lucas_block,block12,12,HCP-D,0.2,1,25,6.540271759033203,1313,0.6877380045696877,31.355659337560695,5.038614456340306,52.860428459478285,1.0,12.685348811689423,1.3145470698261614,12.621860970069166
ossl_lucas_block,block12,12,HCP-A,0.05,1,25,0.7256462574005127,1313,1.0,inf,inf,inf,0.0,12.685348811689423,1.3145470698261614,12.621860970069166
ossl_lucas_block,block12,12,HCP-A,0.1,1,25,0.7773783206939697,1313,0.8903274942878904,39.62455955936421,9.518776038658263,70.0674597140823,1.0,12.685348811689423,1.3145470698261614,12.621860970069166
ossl_lucas_block,block12,12,HCP-A,0.2,1,25,0.7800350189208984,1313,0.674028941355674,22.651331173805872,5.441396720079927,59.56980896797394,1.0,12.685348811689423,1.3145470698261614,12.621860970069166
ossl_lucas_block,block12,12,ORACLE,0.05,1,25,0.0019023418426513672,1313,0.9512566641279513,29.172640081401973,9.722419341915302,37.22585506352861,1.0,12.685348811689423,1.3145470698261614,12.621860970069166
ossl_lucas_block,block12,12,ORACLE,0.1,1,25,0.0016939640045166016,1313,0.900990099009901,24.73629101739192,8.246981739235775,31.72958031854402,1.0,12.685348811689423,1.3145470698261614,12.621860970069166
ossl_lucas_block,block12,12,ORACLE,0.2,1,25,0.001617431640625,1313,0.8004569687738005,18.391723299577613,6.14007201256708,26.116134143032642,1.0,12.685348811689423,1.3145470698261614,12.621860970069166
ossl_lucas_block,block13,13,ASTM-R,0.05,1,25,5.658532619476318,997,0.9388164493480441,4.028360810427208,3.695731864275837,5.034595901624849,1.0,1.1984516813299047,-0.12470304244313975,1.1925443492956493
ossl_lucas_block,block13,13,ASTM-R,0.1,1,25,0.0005671977996826172,997,0.9037111334002006,3.3160446329481186,3.042277281015708,4.27586409265369,1.0,1.1984516813299047,-0.12470304244313975,1.1925443492956493
ossl_lucas_block,block13,13,ASTM-R,0.2,1,25,0.0004658699035644531,997,0.8214643931795386,2.5370045594313773,2.3275857502207637,3.4922981893444223,1.0,1.1984516813299047,-0.12470304244313975,1.1925443492956493
ossl_lucas_block,block13,13,ASTM-G,0.05,1,25,0.0007767677307128906,997,0.9468405215646941,4.288683450632062,3.9345368366921303,5.035370816429593,1.0,1.1984516813299047,-0.12470304244313975,1.1925443492956493
ossl_lucas_block,block13,13,ASTM-G,0.1,1,25,0.0007185935974121094,997,0.9167502507522568,3.5226027849357258,3.231769181660225,4.327329467467483,1.0,1.1984516813299047,-0.12470304244313975,1.1925443492956493
ossl_lucas_block,block13,13,ASTM-G,0.2,1,25,0.0005135536193847656,997,0.831494483450351,2.6894245283623577,2.467417925447917,3.526247347006365,1.0,1.1984516813299047,-0.12470304244313975,1.1925443492956493
ossl_lucas_block,block13,13,GPR,0.05,1,25,98.88395428657532,997,0.9719157472417251,3.915330766217832,3.007459421768979,4.7196887642297085,1.0,1.1984516813299047,-0.12470304244313975,1.1925443492956493
ossl_lucas_block,block13,13,GPR,0.1,1,25,0.00012612342834472656,997,0.9338014042126379,3.180559303698099,2.4876852749476654,3.8804468396386254,1.0,1.1984516813299047,-0.12470304244313975,1.1925443492956493
ossl_lucas_block,block13,13,GPR,0.2,1,25,9.655952453613281e-05,997,0.8716148445336008,2.4052400528398326,1.9071096988894363,3.097826932777106,1.0,1.1984516813299047,-0.12470304244313975,1.1925443492956493
ossl_lucas_block,block13,13,BAG,0.05,1,25,33.00641632080078,997,0.9388164493480441,4.078522894247275,3.724643456076314,5.104523114863378,1.0,1.1984516813299047,-0.12470304244313975,1.1925443492956493
ossl_lucas_block,block13,13,BAG,0.1,1,25,0.00010466575622558594,997,0.905717151454363,3.355991479764204,3.0659236456079153,4.334509936678347,1.0,1.1984516813299047,-0.12470304244313975,1.1925443492956493
ossl_lucas_block,block13,13,BAG,0.2,1,25,9.322166442871094e-05,997,0.8164493480441324,2.566599413602753,2.3449336288597493,3.5400376810069023,1.0,1.1984516813299047,-0.12470304244313975,1.1925443492956493
ossl_lucas_block,block13,13,QGB,0.05,1,25,4.594256639480591,997,0.9027081243731193,3.5577324447655685,2.9166636528577827,4.818735074181237,1.0,1.1984516813299047,-0.12470304244313975,1.1925443492956493
ossl_lucas_block,block13,13,QGB,0.1,1,25,3.8473405838012695,997,0.8445336008024072,2.5211308269241415,2.036992030471751,3.6327313339722997,1.0,1.1984516813299047,-0.12470304244313975,1.1925443492956493
ossl_lucas_block,block13,13,QGB,0.2,1,25,4.090090751647949,997,0.7362086258776329,1.8419136208396443,1.4942326057242359,2.891618017977651,1.0,1.1984516813299047,-0.12470304244313975,1.1925443492956493
ossl_lucas_block,block13,13,SCP,0.05,1,25,0.0004010200500488281,997,0.9388164493480441,4.104463189473125,3.7689820954732656,5.110931596158494,1.0,1.1984516813299047,-0.12470304244313975,1.1925443492956493
ossl_lucas_block,block13,13,SCP,0.1,1,25,0.00030517578125,997,0.8916750250752257,3.243981743293008,2.9788326862989774,4.315346207325837,1.0,1.1984516813299047,-0.12470304244313975,1.1925443492956493
ossl_lucas_block,block13,13,SCP,0.2,1,25,0.00027108192443847656,997,0.7733199598796389,2.3366836416200325,2.145693212851468,3.5221810136031864,1.0,1.1984516813299047,-0.12470304244313975,1.1925443492956493
ossl_lucas_block,block13,13,NCP-kNN,0.05,1,25,4.632961988449097,997,0.8946840521564694,3.3968154960407535,2.7521992606505163,4.757674742656695,1.0,1.1984516813299047,-0.12470304244313975,1.1925443492956493
ossl_lucas_block,block13,13,NCP-kNN,0.1,1,25,0.0003294944763183594,997,0.8244734202607823,2.7470695587931355,2.2401105339985787,4.025486186898652,1.0,1.1984516813299047,-0.12470304244313975,1.1925443492956493
ossl_lucas_block,block13,13,NCP-kNN,0.2,1,25,0.0003135204315185547,997,0.7111334002006018,2.1348257375692343,1.750565149174364,3.327239784485048,1.0,1.1984516813299047,-0.12470304244313975,1.1925443492956493
ossl_lucas_block,block13,13,CV+,0.05,1,25,0.06483078002929688,997,0.9438314944834504,4.225320730904479,3.857796728534143,5.089972685698678,1.0,1.1984516813299047,-0.12470304244313975,1.1925443492956493
ossl_lucas_block,block13,13,CV+,0.1,1,25,0.06325650215148926,997,0.8946840521564694,3.2632248693362107,2.974103652173217,4.298132739480036,1.0,1.1984516813299047,-0.12470304244313975,1.1925443492956493
ossl_lucas_block,block13,13,CV+,0.2,1,25,0.0765523910522461,997,0.7823470411233701,2.360897965383918,2.1513669248612235,3.5125711332388296,1.0,1.1984516813299047,-0.12470304244313975,1.1925443492956493
ossl_lucas_block,block13,13,CQR,0.05,1,25,0.0004918575286865234,997,0.9378134403209629,4.027081318013826,3.3359358972563307,4.754028182556026,1.0,1.1984516813299047,-0.12470304244313975,1.1925443492956493
ossl_lucas_block,block13,13,CQR,0.1,1,25,0.0005748271942138672,997,0.8946840521564694,2.8572895246511973,2.3344814224963684,3.571427749672652,1.0,1.1984516813299047,-0.12470304244313975,1.1925443492956493
ossl_lucas_block,block13,13,CQR,0.2,1,25,0.000362396240234375,997,0.79839518555667,2.064497245068149,1.6878901922032132,2.861006576175213,1.0,1.1984516813299047,-0.12470304244313975,1.1925443492956493
ossl_lucas_block,block13,13,WCP,0.05,1,25,0.0213010311126709,997,0.995987963891675,inf,7.477697884028108,inf,0.966900702106319,1.1984516813299047,-0.12470304244313975,1.1925443492956493
ossl_lucas_block,block13,13,WCP,0.1,1,25,0.0035877227783203125,997,0.995987963891675,inf,7.440835570752968,inf,0.9719157472417251,1.1984516813299047,-0.12470304244313975,1.1925443492956493
ossl_lucas_block,block13,13,WCP,0.2,1,25,0.0033648014068603516,997,0.9949849548645938,inf,7.3881086460285195,inf,0.9819458375125376,1.1984516813299047,-0.12470304244313975,1.1925443492956493
ossl_lucas_block,block13,13,R-U-A,0.05,1,25,0.0019936561584472656,997,0.9438314944834504,4.190750247703951,3.846371586582588,5.040698576393864,1.0,1.1984516813299047,-0.12470304244313975,1.1925443492956493
ossl_lucas_block,block13,13,R-U-A,0.1,1,25,0.002157449722290039,997,0.8966900702106319,3.2318366732549424,2.9662575953539765,4.266928892053054,1.0,1.1984516813299047,-0.12470304244313975,1.1925443492956493
ossl_lucas_block,block13,13,R-U-A,0.2,1,25,0.0016908645629882812,997,0.7843530591775326,2.3357749661309093,2.1438305628685876,3.476103667192511,1.0,1.1984516813299047,-0.12470304244313975,1.1925443492956493
ossl_lucas_block,block13,13,R-U-D,0.05,1,25,0.12861919403076172,997,0.9829488465396189,4.82043514631914,4.232049426828436,5.160114910062211,1.0,1.1984516813299047,-0.12470304244313975,1.1925443492956493
ossl_lucas_block,block13,13,R-U-D,0.1,1,25,0.004151582717895508,997,0.9498495486459378,3.733980784105741,3.290888985005742,4.179780641315503,1.0,1.1984516813299047,-0.12470304244313975,1.1925443492956493
ossl_lucas_block,block13,13,R-U-D,0.2,1,25,0.0033652782440185547,997,0.8525576730190572,2.717207995793355,2.3912963457487715,3.3821890854450016,1.0,1.1984516813299047,-0.12470304244313975,1.1925443492956493
ossl_lucas_block,block13,13,G-U-A,0.05,1,25,0.002609729766845703,997,0.9538615847542627,4.3786334283000325,4.018815298263442,5.062489707942691,1.0,1.1984516813299047,-0.12470304244313975,1.1925443492956493
ossl_lucas_block,block13,13,G-U-A,0.1,1,25,0.0018970966339111328,997,0.9097291875626881,3.4003924697626227,3.120962168072464,4.2982632936262695,1.0,1.1984516813299047,-0.12470304244313975,1.1925443492956493
ossl_lucas_block,block13,13,G-U-A,0.2,1,25,0.0020859241485595703,997,0.8084252758274825,2.4717711244020886,2.2686511148318655,3.48342111607558,1.0,1.1984516813299047,-0.12470304244313975,1.1925443492956493
ossl_lucas_block,block13,13,G-W-A,0.05,1,25,0.006560564041137695,997,0.9558676028084253,4.473533804889944,4.105917151272081,5.091936723034758,1.0,1.1984516813299047,-0.12470304244313975,1.1925443492956493
ossl_lucas_block,block13,13,G-W-A,0.1,1,25,0.006245851516723633,997,0.9117352056168505,3.4537066755931383,3.1698952312107567,4.312244389504852,1.0,1.1984516813299047,-0.12470304244313975,1.1925443492956493
ossl_lucas_block,block13,13,G-W-A,0.2,1,25,0.005387544631958008,997,0.8084252758274825,2.472345101557573,2.2691779248996844,3.4834897296965,1.0,1.1984516813299047,-0.12470304244313975,1.1925443492956493
ossl_lucas_block,block13,13,G-U-D,0.05,1,25,0.1015462875366211,997,0.9839518555667001,5.001745795772283,4.386575626394877,5.2935515123270385,1.0,1.1984516813299047,-0.12470304244313975,1.1925443492956493
ossl_lucas_block,block13,13,G-U-D,0.1,1,25,0.0036499500274658203,997,0.9568706118355065,3.909580201329674,3.4564288585248257,4.279826585304016,1.0,1.1984516813299047,-0.12470304244313975,1.1925443492956493
ossl_lucas_block,block13,13,G-U-D,0.2,1,25,0.0027666091918945312,997,0.8756268806419257,2.8717043996566445,2.5321713782859994,3.4393936500491273,1.0,1.1984516813299047,-0.12470304244313975,1.1925443492956493
ossl_lucas_block,block13,13,GC-D,0.05,1,25,0.006547212600708008,997,0.9849548645937813,5.058888466809198,4.435485089168908,5.335425391487716,1.0,1.1984516813299047,-0.12470304244313975,1.1925443492956493
ossl_lucas_block,block13,13,GC-D,0.1,1,25,0.005995512008666992,997,0.9568706118355065,3.908784986882137,3.4557184684637683,4.279343726910062,1.0,1.1984516813299047,-0.12470304244313975,1.1925443492956493
ossl_lucas_block,block13,13,GC-D,0.2,1,25,0.009687662124633789,997,0.8706118355065195,2.8311398874519496,2.496165395870553,3.423910635847305,1.0,1.1984516813299047,-0.12470304244313975,1.1925443492956493
ossl_lucas_block,block13,13,GC-D+,0.05,1,25,0.007985830307006836,997,0.9969909729187563,6.936405732112766,6.0396374619974065,6.95586981715428,1.0,1.1984516813299047,-0.12470304244313975,1.1925443492956493
ossl_lucas_block,block13,13,GC-D+,0.1,1,25,0.007767915725708008,997,0.9809428284854563,4.5177292756272776,3.9746452825543646,4.737361269022837,1.0,1.1984516813299047,-0.12470304244313975,1.1925443492956493
ossl_lucas_block,block13,13,GC-D+,0.2,1,25,0.009107589721679688,997,0.8986960882647944,3.0679656881945605,2.7065011550049265,3.5298440900865478,1.0,1.1984516813299047,-0.12470304244313975,1.1925443492956493
ossl_lucas_block,block13,13,HJ+,0.05,1,25,0.2932703495025635,997,0.9899699097291875,6.3084344956803005,5.7570587843351575,6.408663244869363,1.0,1.1984516813299047,-0.12470304244313975,1.1925443492956493
ossl_lucas_block,block13,13,HJ+,0.1,1,25,0.29615187644958496,997,0.9388164493480441,4.0156168101891305,3.666242673720703,4.538670349023366,1.0,1.1984516813299047,-0.12470304244313975,1.1925443492956493
ossl_lucas_block,block13,13,HJ+,0.2,1,25,0.4105205535888672,997,0.8335005015045135,2.7084649031293795,2.4702739792303303,3.5364357467093095,1.0,1.1984516813299047,-0.12470304244313975,1.1925443492956493
ossl_lucas_block,block13,13,HJ+-D,0.05,1,25,0.23610377311706543,997,0.9979939819458375,7.015525019932471,6.062560163320754,7.032678084361469,1.0,1.1984516813299047,-0.12470304244313975,1.1925443492956493
ossl_lucas_block,block13,13,HJ+-D,0.1,1,25,0.2755904197692871,997,0.9809428284854563,4.567238495973906,3.9795983784219953,4.779074418516913,1.0,1.1984516813299047,-0.12470304244313975,1.1925443492956493
ossl_lucas_block,block13,13,HJ+-D,0.2,1,25,0.31096529960632324,997,0.8976930792377131,3.097606049391581,2.7156080179292106,3.5441765857673353,1.0,1.1984516813299047,-0.12470304244313975,1.1925443492956493
ossl_lucas_block,block13,13,HCP-D,0.05,1,25,7.201846122741699,997,1.0,inf,inf,inf,0.0,1.1984516813299047,-0.12470304244313975,1.1925443492956493
ossl_lucas_block,block13,13,HCP-D,0.1,1,25,7.0870654582977295,997,0.9829488465396189,5.868505614384206,5.077429896978545,6.068417165269007,1.0,1.1984516813299047,-0.12470304244313975,1.1925443492956493
ossl_lucas_block,block13,13,HCP-D,0.2,1,25,7.0430238246917725,997,0.8786359077231695,3.450791070069998,3.0328582747450517,4.0743474903229195,1.0,1.1984516813299047,-0.12470304244313975,1.1925443492956493
ossl_lucas_block,block13,13,HCP-A,0.05,1,25,0.7838225364685059,997,1.0,inf,inf,inf,0.0,1.1984516813299047,-0.12470304244313975,1.1925443492956493
ossl_lucas_block,block13,13,HCP-A,0.1,1,25,0.7690849304199219,997,0.954864593781344,5.223808438934227,4.85368424009317,5.693828784973754,1.0,1.1984516813299047,-0.12470304244313975,1.1925443492956493
ossl_lucas_block,block13,13,HCP-A,0.2,1,25,0.7844052314758301,997,0.8084252758274825,3.044164487373833,2.8284753105594715,4.111161489720497,1.0,1.1984516813299047,-0.12470304244313975,1.1925443492956493
ossl_lucas_block,block13,13,ORACLE,0.05,1,25,0.0015287399291992188,997,0.9538615847542627,4.426462074812966,4.042701322892045,5.086888222344738,1.0,1.1984516813299047,-0.12470304244313975,1.1925443492956493
ossl_lucas_block,block13,13,ORACLE,0.1,1,25,0.0012760162353515625,997,0.9017051153460381,3.294327957369141,3.008476091666627,4.274706793246283,1.0,1.1984516813299047,-0.12470304244313975,1.1925443492956493
ossl_lucas_block,block13,13,ORACLE,0.2,1,25,0.0012354850769042969,997,0.8014042126379137,2.427186167661236,2.2171464303986963,3.4787424488492515,1.0,1.1984516813299047,-0.12470304244313975,1.1925443492956493
ossl_lucas_block,block14,14,ASTM-R,0.05,1,25,5.205509662628174,1612,0.8653846153846154,11.421137741887676,6.946774622768383,27.290739106204967,1.0,6.802043360233684,-1.08643957651766,6.716802078417155
ossl_lucas_block,block14,14,ASTM-R,0.1,1,25,0.0006303787231445312,1612,0.794044665012407,9.406183614415342,5.721288840120232,21.6997290780593,1.0,6.802043360233684,-1.08643957651766,6.716802078417155
ossl_lucas_block,block14,14,ASTM-R,0.2,1,25,0.0005438327789306641,1612,0.6830024813895782,7.199721833409887,4.3792767108375354,16.906672359096344,1.0,6.802043360233684,-1.08643957651766,6.716802078417155
ossl_lucas_block,block14,14,ASTM-G,0.05,1,25,0.0008053779602050781,1612,0.8852357320099256,12.142126409884431,7.385264891949456,25.78951205498804,1.0,6.802043360233684,-1.08643957651766,6.716802078417155
ossl_lucas_block,block14,14,ASTM-G,0.1,1,25,0.000629425048828125,1612,0.815136476426799,9.979043979733191,6.069704679325509,20.827140611521777,1.0,6.802043360233684,-1.08643957651766,6.716802078417155
ossl_lucas_block,block14,14,ASTM-G,0.2,1,25,0.00058746337890625,1612,0.7084367245657568,7.623013353010537,4.636734656993873,16.5396427566445,1.0,6.802043360233684,-1.08643957651766,6.716802078417155
ossl_lucas_block,block14,14,GPR,0.05,1,25,67.47442579269409,1612,0.836848635235732,10.4444794108983,4.853893126425958,22.722633132098544,1.0,6.802043360233684,-1.08643957651766,6.716802078417155
ossl_lucas_block,block14,14,GPR,0.1,1,25,0.00016736984252929688,1612,0.7686104218362283,8.593266613140736,4.031304998285196,18.027041256221388,1.0,6.802043360233684,-1.08643957651766,6.716802078417155
ossl_lucas_block,block14,14,GPR,0.2,1,25,0.00010204315185546875,1612,0.6544665012406948,6.571900373280663,3.1001749641506624,14.026414238003824,1.0,6.802043360233684,-1.08643957651766,6.716802078417155
ossl_lucas_block,block14,14,BAG,0.05,1,25,33.03167510032654,1612,0.8684863523573201,11.404484353279033,6.9471747759151405,26.776194638982325,1.0,6.802043360233684,-1.08643957651766,6.716802078417155
ossl_lucas_block,block14,14,BAG,0.1,1,25,0.00012063980102539062,1612,0.7952853598014888,9.39209295393651,5.721759277317819,21.304709198214848,1.0,6.802043360233684,-1.08643957651766,6.716802078417155
ossl_lucas_block,block14,14,BAG,0.2,1,25,9.226799011230469e-05,1612,0.6873449131513648,7.188659563067694,4.379736522830161,16.62475867410601,1.0,6.802043360233684,-1.08643957651766,6.716802078417155
ossl_lucas_block,block14,14,QGB,0.05,1,25,4.645157814025879,1612,0.9311414392059554,12.942619953612832,8.164518618694803,18.865854089436702,1.0,6.802043360233684,-1.08643957651766,6.716802078417155
ossl_lucas_block,block14,14,QGB,0.1,1,25,3.8277950286865234,1612,0.8616625310173698,9.389022297912275,6.1285664604130625,14.978233964581221,1.0,6.802043360233684,-1.08643957651766,6.716802078417155
ossl_lucas_block,block14,14,QGB,0.2,1,25,4.116570711135864,1612,0.7326302729528535,6.610928492948549,4.057511744406742,11.424796586653743,1.0,6.802043360233684,-1.08643957651766,6.716802078417155
ossl_lucas_block,block14,14,SCP,0.05,1,25,0.0003077983856201172,1612,0.8740694789081885,11.713886100764167,7.178752837671274,25.579355380559605,1.0,6.802043360233684,-1.08643957651766,6.716802078417155
ossl_lucas_block,block14,14,SCP,0.1,1,25,0.000244140625,1612,0.7816377171215881,9.063399174423083,5.554425062925336,21.4430921804194,1.0,6.802043360233684,-1.08643957651766,6.716802078417155
ossl_lucas_block,block14,14,SCP,0.2,1,25,0.00024771690368652344,1612,0.651985111662531,6.594107997754184,4.041141521574175,16.94528756208626,1.0,6.802043360233684,-1.08643957651766,6.716802078417155
ossl_lucas_block,block14,14,NCP-kNN,0.05,1,25,4.547727346420288,1612,0.9534739454094293,16.393754852044648,8.648388563870876,20.925407555189604,1.0,6.802043360233684,-1.08643957651766,6.716802078417155
ossl_lucas_block,block14,14,NCP-kNN,0.1,1,25,0.0003523826599121094,1612,0.913151364764268,12.985433591846665,6.9751992085377434,17.066010278357126,1.0,6.802043360233684,-1.08643957651766,6.716802078417155
ossl_lucas_block,block14,14,NCP-kNN,0.2,1,25,0.00028514862060546875,1612,0.8120347394540943,9.82537412982399,5.355994242754244,13.759725302230214,1.0,6.802043360233684,-1.08643957651766,6.716802078417155
ossl_lucas_block,block14,14,CV+,0.05,1,25,0.08569860458374023,1612,0.8777915632754343,11.900070003641739,7.23902849726364,26.20593515426522,1.0,6.802043360233684,-1.08643957651766,6.716802078417155
ossl_lucas_block,block14,14,CV+,0.1,1,25,0.0743098258972168,1612,0.7841191066997518,9.151274864934475,5.568867936333219,22.072305257260314,1.0,6.802043360233684,-1.08643957651766,6.716802078417155
ossl_lucas_block,block14,14,CV+,0.2,1,25,0.08014369010925293,1612,0.6358560794044665,6.636706829418089,4.03841928366244,17.46521084177303,1.0,6.802043360233684,-1.08643957651766,6.716802078417155
ossl_lucas_block,block14,14,CQR,0.05,1,25,0.0003509521484375,1612,0.957196029776675,14.075992399198338,8.958145601420018,17.852824362881716,1.0,6.802043360233684,-1.08643957651766,6.716802078417155
ossl_lucas_block,block14,14,CQR,0.1,1,25,0.0003161430358886719,1612,0.8982630272952854,10.273047418657818,6.6857243771491,14.161394602667965,1.0,6.802043360233684,-1.08643957651766,6.716802078417155
ossl_lucas_block,block14,14,CQR,0.2,1,25,0.00029397010803222656,1612,0.7946650124069479,7.274614137352681,4.453314099636767,11.109609745078233,1.0,6.802043360233684,-1.08643957651766,6.716802078417155
ossl_lucas_block,block14,14,WCP,0.05,1,25,0.021781444549560547,1612,0.957196029776675,16.258723722475132,9.966677080874469,21.724189780831246,1.0,6.802043360233684,-1.08643957651766,6.716802078417155
ossl_lucas_block,block14,14,WCP,0.1,1,25,0.0034923553466796875,1612,0.8833746898263027,12.065332831220699,7.37999671310602,18.485997621684827,1.0,6.802043360233684,-1.08643957651766,6.716802078417155
ossl_lucas_block,block14,14,WCP,0.2,1,25,0.0030634403228759766,1612,0.771712158808933,8.793388211389784,5.379030083120705,15.349262442145958,1.0,6.802043360233684,-1.08643957651766,6.716802078417155
ossl_lucas_block,block14,14,R-U-A,0.05,1,25,0.0017375946044921875,1612,0.8777915632754343,11.898037975318221,7.239842428753528,26.26283887011294,1.0,6.802043360233684,-1.08643957651766,6.716802078417155
ossl_lucas_block,block14,14,R-U-A,0.1,1,25,0.0016281604766845703,1612,0.78287841191067,9.145531422482367,5.564968490043465,22.147252851634924,1.0,6.802043360233684,-1.08643957651766,6.716802078417155
ossl_lucas_block,block14,14,R-U-A,0.2,1,25,0.0015413761138916016,1612,0.6321339950372209,6.632366146680938,4.035731431634209,17.512790293246034,1.0,6.802043360233684,-1.08643957651766,6.716802078417155
ossl_lucas_block,block14,14,R-U-D,0.05,1,25,0.10096621513366699,1612,0.869727047146402,12.720412000635775,6.6386404744380965,25.74225119640985,1.0,6.802043360233684,-1.08643957651766,6.716802078417155
ossl_lucas_block,block14,14,R-U-D,0.1,1,25,0.002733469009399414,1612,0.7735732009925558,9.891950659445452,5.21091935043838,21.35226897622865,1.0,6.802043360233684,-1.08643957651766,6.716802078417155
ossl_lucas_block,block14,14,R-U-D,0.2,1,25,0.004838705062866211,1612,0.6253101736972705,7.216444151154841,3.828292191947359,16.980175100545154,1.0,6.802043360233684,-1.08643957651766,6.716802078417155
ossl_lucas_block,block14,14,G-U-A,0.05,1,25,0.002264738082885742,1612,0.890818858560794,12.38755426502534,7.537708413980626,25.341116674169168,1.0,6.802043360233684,-1.08643957651766,6.716802078417155
ossl_lucas_block,block14,14,G-U-A,0.1,1,25,0.0014863014221191406,1612,0.7990074441687345,9.59471153373461,5.838290296070834,21.39878112299012,1.0,6.802043360233684,-1.08643957651766,6.716802078417155
ossl_lucas_block,block14,14,G-U-A,0.2,1,25,0.0013561248779296875,1612,0.6687344913151365,7.028706113304286,4.276900514513501,17.07601479847532,1.0,6.802043360233684,-1.08643957651766,6.716802078417155
ossl_lucas_block,block14,14,G-W-A,0.05,1,25,0.004595279693603516,1612,0.8945409429280397,12.660285050815146,7.703662491340639,24.87226834398185,1.0,6.802043360233684,-1.08643957651766,6.716802078417155
ossl_lucas_block,block14,14,G-W-A,0.1,1,25,0.0052013397216796875,1612,0.8045905707196029,9.699176929740489,5.901856491430846,21.23848002036438,1.0,6.802043360233684,-1.08643957651766,6.716802078417155
ossl_lucas_block,block14,14,G-W-A,0.2,1,25,0.004521608352661133,1612,0.6687344913151365,7.016197625441866,4.269289219160959,17.088877511452477,1.0,6.802043360233684,-1.08643957651766,6.716802078417155
ossl_lucas_block,block14,14,G-U-D,0.05,1,25,0.10361480712890625,1612,0.8790322580645161,13.095186300163634,6.825748562621885,25.258272572580605,1.0,6.802043360233684,-1.08643957651766,6.716802078417155
ossl_lucas_block,block14,14,G-U-D,0.1,1,25,0.0026824474334716797,1612,0.7890818858560794,10.28745778136121,5.414651087653743,20.87263333983641,1.0,6.802043360233684,-1.08643957651766,6.716802078417155
ossl_lucas_block,block14,14,G-U-D,0.2,1,25,0.002414703369140625,1612,0.6433002481389578,7.559553519359866,4.011897902402721,16.68952305042492,1.0,6.802043360233684,-1.08643957651766,6.716802078417155
ossl_lucas_block,block14,14,GC-D,0.05,1,25,0.005736351013183594,1612,0.8833746898263027,13.225640084965468,6.890663562894844,25.103351230591596,1.0,6.802043360233684,-1.08643957651766,6.716802078417155
ossl_lucas_block,block14,14,GC-D,0.1,1,25,0.007158994674682617,1612,0.7872208436724566,10.263315908406813,5.402432158706973,20.90056598373941,1.0,6.802043360233684,-1.08643957651766,6.716802078417155
ossl_lucas_block,block14,14,GC-D,0.2,1,25,0.006173372268676758,1612,0.6364764267990074,7.4340619029880335,3.9462906252919216,16.79740453805168,1.0,6.802043360233684,-1.08643957651766,6.716802078417155
ossl_lucas_block,block14,14,GC-D+,0.05,1,25,0.005620718002319336,1612,0.9590570719602978,17.98659788433456,9.238369053231333,23.373430107354366,1.0,6.802043360233684,-1.08643957651766,6.716802078417155
ossl_lucas_block,block14,14,GC-D+,0.1,1,25,0.006278276443481445,1612,0.8424317617866005,11.834622281155703,6.197631593283161,19.58685222314597,1.0,6.802043360233684,-1.08643957651766,6.716802078417155
ossl_lucas_block,block14,14,GC-D+,0.2,1,25,0.0062770843505859375,1612,0.674317617866005,8.034438813399248,4.25936197410626,16.331798232587374,1.0,6.802043360233684,-1.08643957651766,6.716802078417155
ossl_lucas_block,block14,14,HJ+,0.05,1,25,0.3945169448852539,1612,0.96712158808933,17.90364598276714,10.860360780306912,22.28750521313074,1.0,6.802043360233684,-1.08643957651766,6.716802078417155
ossl_lucas_block,block14,14,HJ+,0.1,1,25,0.32817912101745605,1612,0.8622828784119106,11.323173203422872,6.878994721629856,19.422749981159004,1.0,6.802043360233684,-1.08643957651766,6.716802078417155
ossl_lucas_block,block14,14,HJ+,0.2,1,25,0.3771233558654785,1612,0.707196029776675,7.623323206991613,4.639071297109688,16.493961312423583,1.0,6.802043360233684,-1.08643957651766,6.716802078417155
ossl_lucas_block,block14,14,HJ+-D,0.05,1,25,0.2868201732635498,1612,0.9615384615384616,18.277066685388252,9.343642951085876,23.564858532487808,1.0,6.802043360233684,-1.08643957651766,6.716802078417155
ossl_lucas_block,block14,14,HJ+-D,0.1,1,25,0.3613095283508301,1612,0.8455334987593052,11.954769115327169,6.261929268597944,19.556855521504804,1.0,6.802043360233684,-1.08643957651766,6.716802078417155
ossl_lucas_block,block14,14,HJ+-D,0.2,1,25,0.4234488010406494,1612,0.6792803970223326,8.10783417881138,4.293372765565307,16.267428241938944,1.0,6.802043360233684,-1.08643957651766,6.716802078417155
ossl_lucas_block,block14,14,HCP-D,0.05,1,25,6.544970989227295,1612,1.0,inf,inf,inf,0.0,6.802043360233684,-1.08643957651766,6.716802078417155
ossl_lucas_block,block14,14,HCP-D,0.1,1,25,6.614516973495483,1612,0.8877171215880894,14.22839543888295,6.702027892899713,20.48234410038251,1.0,6.802043360233684,-1.08643957651766,6.716802078417155
ossl_lucas_block,block14,14,HCP-D,0.2,1,25,6.947993755340576,1612,0.7109181141439206,8.545525390866649,4.137344396247671,16.859307187073178,1.0,6.802043360233684,-1.08643957651766,6.716802078417155
ossl_lucas_block,block14,14,HCP-A,0.05,1,25,0.7709848880767822,1612,1.0,inf,inf,inf,0.0,6.802043360233684,-1.08643957651766,6.716802078417155
ossl_lucas_block,block14,14,HCP-A,0.1,1,25,0.7708630561828613,1612,0.9286600496277916,13.532219868193433,8.191965917023769,19.014824052471802,1.0,6.802043360233684,-1.08643957651766,6.716802078417155
ossl_lucas_block,block14,14,HCP-A,0.2,1,25,0.7986116409301758,1612,0.7630272952853598,8.062092071786694,4.880528406667188,16.676661452205508,1.0,6.802043360233684,-1.08643957651766,6.716802078417155
ossl_lucas_block,block14,14,ORACLE,0.05,1,25,0.002333402633666992,1612,0.9509925558312655,15.994652739409483,9.639748045606188,22.251012156175804,1.0,6.802043360233684,-1.08643957651766,6.716802078417155
ossl_lucas_block,block14,14,ORACLE,0.1,1,25,0.0019996166229248047,1612,0.8982630272952854,12.800129273246696,7.761824551328896,18.74315621539956,1.0,6.802043360233684,-1.08643957651766,6.716802078417155
ossl_lucas_block,block14,14,ORACLE,0.2,1,25,0.0019383430480957031,1612,0.7959057071960298,9.595423546268732,5.776544987770525,15.577699215985604,1.0,6.802043360233684,-1.08643957651766,6.716802078417155
ossl_lucas_block,block15,15,ASTM-R,0.05,1,25,4.913818120956421,2120,0.9702830188679246,4.435094810224648,3.7714315873914375,5.232037612550989,1.0,1.1589102678061787,-0.04037232440939731,1.1584800986771129
ossl_lucas_block,block15,15,ASTM-R,0.1,1,25,0.0005552768707275391,2120,0.9523584905660377,3.6497555796261127,3.1036236621029447,4.324572626748739,1.0,1.1589102678061787,-0.04037232440939731,1.1584800986771129
ossl_lucas_block,block15,15,ASTM-R,0.2,1,25,0.00044155120849609375,2120,0.8877358490566037,2.7915159486431547,2.373817001416135,3.4509316228294056,1.0,1.1589102678061787,-0.04037232440939731,1.1584800986771129
ossl_lucas_block,block15,15,ASTM-G,0.05,1,25,0.0006930828094482422,2120,0.9759433962264151,4.71018153969137,4.0053479109212295,5.362464980477601,1.0,1.1589102678061787,-0.04037232440939731,1.1584800986771129
ossl_lucas_block,block15,15,ASTM-G,0.1,1,25,0.0006506443023681641,2120,0.9575471698113207,3.867879098684348,3.2891042882793684,4.4525570090583955,1.0,1.1589102678061787,-0.04037232440939731,1.1584800986771129
ossl_lucas_block,block15,15,ASTM-G,0.2,1,25,0.0005230903625488281,2120,0.9009433962264151,2.952359419158074,2.5105913576365246,3.5280853744211096,1.0,1.1589102678061787,-0.04037232440939731,1.1584800986771129
ossl_lucas_block,block15,15,GPR,0.05,1,25,60.916961431503296,2120,0.934433962264151,4.357698003449788,3.1753112166743884,6.049404906483359,1.0,1.1589102678061787,-0.04037232440939731,1.1584800986771129
ossl_lucas_block,block15,15,GPR,0.1,1,25,0.0001494884490966797,2120,0.8905660377358491,3.5518901070016384,2.6285690044554095,4.927535874811689,1.0,1.1589102678061787,-0.04037232440939731,1.1584800986771129
ossl_lucas_block,block15,15,GPR,0.2,1,25,0.00010728836059570312,2120,0.8141509433962264,2.694460239212929,2.021191765776089,3.9020415876159857,1.0,1.1589102678061787,-0.04037232440939731,1.1584800986771129
ossl_lucas_block,block15,15,BAG,0.05,1,25,31.028077840805054,2120,0.9712264150943396,4.454970756444208,3.789634012257331,5.235378276606771,1.0,1.1589102678061787,-0.04037232440939731,1.1584800986771129
ossl_lucas_block,block15,15,BAG,0.1,1,25,0.00016307830810546875,2120,0.9528301886792453,3.6659018776500543,3.118370135509916,4.332345061196809,1.0,1.1589102678061787,-0.04037232440939731,1.1584800986771129
ossl_lucas_block,block15,15,BAG,0.2,1,25,0.0001595020294189453,2120,0.8853773584905661,2.803711052111389,2.3849251886565055,3.4571945520330662,1.0,1.1589102678061787,-0.04037232440939731,1.1584800986771129
ossl_lucas_block,block15,15,QGB,0.05,1,25,4.679479122161865,2120,0.9141509433962264,3.865274874682627,3.068134094480452,5.476744360907121,1.0,1.1589102678061787,-0.04037232440939731,1.1584800986771129
ossl_lucas_block,block15,15,QGB,0.1,1,25,3.767143726348877,2120,0.8542452830188679,2.919915941111512,2.2094083875623363,4.242036735304677,1.0,1.1589102678061787,-0.04037232440939731,1.1584800986771129
ossl_lucas_block,block15,15,QGB,0.2,1,25,3.9942758083343506,2120,0.7646226415094339,2.149144129426983,1.5658830211210228,3.2774439255269328,1.0,1.1589102678061787,-0.04037232440939731,1.1584800986771129
ossl_lucas_block,block15,15,SCP,0.05,1,25,0.0003936290740966797,2120,0.9740566037735849,4.7191255359629745,4.031347733309987,5.379569507039635,1.0,1.1589102678061787,-0.04037232440939731,1.1584800986771129
ossl_lucas_block,block15,15,SCP,0.1,1,25,0.00027179718017578125,2120,0.9509433962264151,3.6403869955450086,3.109827393025017,4.341488550721609,1.0,1.1589102678061787,-0.04037232440939731,1.1584800986771129
ossl_lucas_block,block15,15,SCP,0.2,1,25,0.0002486705780029297,2120,0.8655660377358491,2.6384533959264034,2.2539182388886116,3.4151613673086683,1.0,1.1589102678061787,-0.04037232440939731,1.1584800986771129
ossl_lucas_block,block15,15,NCP-kNN,0.05,1,25,4.398841142654419,2120,0.9457547169811321,3.8637802888226345,2.884020099353041,4.863638685577632,1.0,1.1589102678061787,-0.04037232440939731,1.1584800986771129
ossl_lucas_block,block15,15,NCP-kNN,0.1,1,25,0.0008070468902587891,2120,0.8971698113207547,3.1862145290090047,2.395047200931355,4.057022728916978,1.0,1.1589102678061787,-0.04037232440939731,1.1584800986771129
ossl_lucas_block,block15,15,NCP-kNN,0.2,1,25,0.0006830692291259766,2120,0.8334905660377359,2.4751973181840383,1.8735269356819129,3.272460083598289,1.0,1.1589102678061787,-0.04037232440939731,1.1584800986771129
ossl_lucas_block,block15,15,CV+,0.05,1,25,0.1401519775390625,2120,0.975,4.616408330158325,3.924239364357192,5.3177370517317035,1.0,1.1589102678061787,-0.04037232440939731,1.1584800986771129
ossl_lucas_block,block15,15,CV+,0.1,1,25,0.09688544273376465,2120,0.9495283018867925,3.5701045418136808,3.0353810887530788,4.282321407595797,1.0,1.1589102678061787,-0.04037232440939731,1.1584800986771129
ossl_lucas_block,block15,15,CV+,0.2,1,25,0.10669612884521484,2120,0.8622641509433963,2.5795726551249074,2.1914984014811187,3.373495795297074,1.0,1.1589102678061787,-0.04037232440939731,1.1584800986771129
ossl_lucas_block,block15,15,CQR,0.05,1,25,0.0003788471221923828,2120,0.9528301886792453,4.416054337857785,3.54509397072769,5.357954728642241,1.0,1.1589102678061787,-0.04037232440939731,1.1584800986771129
ossl_lucas_block,block15,15,CQR,0.1,1,25,0.0003261566162109375,2120,0.9028301886792452,3.29254083642918,2.5220626235641124,4.176733119016082,1.0,1.1589102678061787,-0.04037232440939731,1.1584800986771129
ossl_lucas_block,block15,15,CQR,0.2,1,25,0.00033164024353027344,2120,0.8089622641509434,2.3895864342059165,1.7567497024940462,3.2810666224293907,1.0,1.1589102678061787,-0.04037232440939731,1.1584800986771129
ossl_lucas_block,block15,15,WCP,0.05,1,25,0.01922321319580078,2120,0.9853773584905661,inf,4.6165797842269605,inf,0.9985849056603774,1.1589102678061787,-0.04037232440939731,1.1584800986771129
ossl_lucas_block,block15,15,WCP,0.1,1,25,0.0032541751861572266,2120,0.9556603773584905,inf,3.276536370387129,inf,0.9995283018867924,1.1589102678061787,-0.04037232440939731,1.1584800986771129
ossl_lucas_block,block15,15,WCP,0.2,1,25,0.003178119659423828,2120,0.8778301886792453,2.7661707697176614,2.3658799215421604,3.464555172367928,1.0,1.1589102678061787,-0.04037232440939731,1.1584800986771129
ossl_lucas_block,block15,15,R-U-A,0.05,1,25,0.0016906261444091797,2120,0.975,4.612811661902744,3.9221932896718377,5.313502101421684,1.0,1.1589102678061787,-0.04037232440939731,1.1584800986771129
ossl_lucas_block,block15,15,R-U-A,0.1,1,25,0.0016469955444335938,2120,0.9485849056603773,3.569390266502404,3.034990278731843,4.281601705214305,1.0,1.1589102678061787,-0.04037232440939731,1.1584800986771129
ossl_lucas_block,block15,15,R-U-A,0.2,1,25,0.0014023780822753906,2120,0.8603773584905661,2.5746367410853206,2.189168708670405,3.370258880068438,1.0,1.1589102678061787,-0.04037232440939731,1.1584800986771129
ossl_lucas_block,block15,15,R-U-D,0.05,1,25,0.1050271987915039,2120,0.9778301886792453,4.801805799025466,4.012787189603259,5.368515531701689,1.0,1.1589102678061787,-0.04037232440939731,1.1584800986771129
ossl_lucas_block,block15,15,R-U-D,0.1,1,25,0.0027549266815185547,2120,0.9504716981132075,3.7428301673807765,3.1360074123101227,4.380320446622546,1.0,1.1589102678061787,-0.04037232440939731,1.1584800986771129
ossl_lucas_block,block15,15,R-U-D,0.2,1,25,0.002473592758178711,2120,0.8830188679245283,2.7475937835432003,2.305067111863922,3.4530689618862938,1.0,1.1589102678061787,-0.04037232440939731,1.1584800986771129
ossl_lucas_block,block15,15,G-U-A,0.05,1,25,0.0021703243255615234,2120,0.9778301886792453,4.842136104867289,4.117183863161294,5.4337937392166085,1.0,1.1589102678061787,-0.04037232440939731,1.1584800986771129
ossl_lucas_block,block15,15,G-U-A,0.1,1,25,0.0014417171478271484,2120,0.9551886792452831,3.759253452500538,3.1964276337896953,4.387864339345072,1.0,1.1589102678061787,-0.04037232440939731,1.1584800986771129
ossl_lucas_block,block15,15,G-U-A,0.2,1,25,0.0014986991882324219,2120,0.8830188679245283,2.7478404522894526,2.336440802920809,3.4325019040486042,1.0,1.1589102678061787,-0.04037232440939731,1.1584800986771129
ossl_lucas_block,block15,15,G-W-A,0.05,1,25,0.004718780517578125,2120,0.980188679245283,4.916400668369618,4.1803297260273045,5.477151173129406,1.0,1.1589102678061787,-0.04037232440939731,1.1584800986771129
ossl_lucas_block,block15,15,G-W-A,0.1,1,25,0.004605770111083984,2120,0.9551886792452831,3.788533367198674,3.22132383449515,4.405111543511672,1.0,1.1589102678061787,-0.04037232440939731,1.1584800986771129
ossl_lucas_block,block15,15,G-W-A,0.2,1,25,0.004504203796386719,2120,0.8811320754716981,2.7286390614644316,2.3201141952536757,3.424650567837252,1.0,1.1589102678061787,-0.04037232440939731,1.1584800986771129
ossl_lucas_block,block15,15,G-U-D,0.05,1,25,0.09111666679382324,2120,0.9797169811320755,4.972355951367541,4.1498398662282,5.464150910240827,1.0,1.1589102678061787,-0.04037232440939731,1.1584800986771129
ossl_lucas_block,block15,15,G-U-D,0.1,1,25,0.0027081966400146484,2120,0.9566037735849057,3.912353178741647,3.2771257070747213,4.475793339659454,1.0,1.1589102678061787,-0.04037232440939731,1.1584800986771129
ossl_lucas_block,block15,15,G-U-D,0.2,1,25,0.0026519298553466797,2120,0.8957547169811321,2.8968582085551993,2.428233383640143,3.5188673767603547,1.0,1.1589102678061787,-0.04037232440939731,1.1584800986771129
ossl_lucas_block,block15,15,GC-D,0.05,1,25,0.006043672561645508,2120,0.980188679245283,4.984756710742187,4.159942936791991,5.471407299461219,1.0,1.1589102678061787,-0.04037232440939731,1.1584800986771129
ossl_lucas_block,block15,15,GC-D,0.1,1,25,0.005908966064453125,2120,0.9551886792452831,3.8901976804785194,3.25873825174701,4.462681202418399,1.0,1.1589102678061787,-0.04037232440939731,1.1584800986771129
ossl_lucas_block,block15,15,GC-D,0.2,1,25,0.005816936492919922,2120,0.8886792452830189,2.842579849577651,2.382787855700026,3.493666724132303,1.0,1.1589102678061787,-0.04037232440939731,1.1584800986771129
ossl_lucas_block,block15,15,GC-D+,0.05,1,25,0.005925655364990234,2120,0.994811320754717,6.778906585942305,5.637448978313339,6.949004164002083,1.0,1.1589102678061787,-0.04037232440939731,1.1584800986771129
ossl_lucas_block,block15,15,GC-D+,0.1,1,25,0.0061914920806884766,2120,0.9716981132075472,4.460053908873211,3.728535026998607,4.833802163436366,1.0,1.1589102678061787,-0.04037232440939731,1.1584800986771129
ossl_lucas_block,block15,15,GC-D+,0.2,1,25,0.006543159484863281,2120,0.909433962264151,3.0713347759305805,2.574831106135647,3.608768646875069,1.0,1.1589102678061787,-0.04037232440939731,1.1584800986771129
ossl_lucas_block,block15,15,HJ+,0.05,1,25,0.5018675327301025,2120,0.994811320754717,6.847964445731354,5.82231105532377,7.0121788788950985,1.0,1.1589102678061787,-0.04037232440939731,1.1584800986771129
ossl_lucas_block,block15,15,HJ+,0.1,1,25,0.43698644638061523,2120,0.9693396226415094,4.40000008728781,3.741470845030153,4.806327499193093,1.0,1.1589102678061787,-0.04037232440939731,1.1584800986771129
ossl_lucas_block,block15,15,HJ+,0.2,1,25,0.5069031715393066,2120,0.9004716981132076,2.970397264607949,2.5230861650542695,3.5375048856744415,1.0,1.1589102678061787,-0.04037232440939731,1.1584800986771129
ossl_lucas_block,block15,15,HJ+-D,0.05,1,25,0.3897271156311035,2120,0.994811320754717,6.799409538095058,5.651939009290681,6.966172641504837,1.0,1.1589102678061787,-0.04037232440939731,1.1584800986771129
ossl_lucas_block,block15,15,HJ+-D,0.1,1,25,0.4598541259765625,2120,0.9712264150943396,4.489153773813406,3.7431245394235186,4.850726961318248,1.0,1.1589102678061787,-0.04037232440939731,1.1584800986771129
ossl_lucas_block,block15,15,HJ+-D,0.2,1,25,0.5041213035583496,2120,0.9108490566037736,3.0906117881590585,2.588106617146778,3.619047224366175,1.0,1.1589102678061787,-0.04037232440939731,1.1584800986771129
ossl_lucas_block,block15,15,HCP-D,0.05,1,25,6.8859570026397705,2120,1.0,inf,inf,inf,0.0,1.1589102678061787,-0.04037232440939731,1.1584800986771129
ossl_lucas_block,block15,15,HCP-D,0.1,1,25,6.848013162612915,2120,0.9872641509433963,6.770747655674991,5.296513173692592,6.906962064910522,1.0,1.1589102678061787,-0.04037232440939731,1.1584800986771129
ossl_lucas_block,block15,15,HCP-D,0.2,1,25,6.886571884155273,2120,0.9070754716981132,3.8972881794351375,3.175586021554291,4.356646387798423,1.0,1.1589102678061787,-0.04037232440939731,1.1584800986771129
ossl_lucas_block,block15,15,HCP-A,0.05,1,25,0.7671873569488525,2120,1.0,inf,inf,inf,0.0,1.1589102678061787,-0.04037232440939731,1.1584800986771129
ossl_lucas_block,block15,15,HCP-A,0.1,1,25,0.8055291175842285,2120,0.9830188679245283,5.970177668995419,5.154958617697892,6.162033795809782,1.0,1.1589102678061787,-0.04037232440939731,1.1584800986771129
ossl_lucas_block,block15,15,HCP-A,0.2,1,25,0.7851552963256836,2120,0.8882075471698113,3.546447351251308,3.0621851390598573,4.0740059601454135,1.0,1.1589102678061787,-0.04037232440939731,1.1584800986771129
ossl_lucas_block,block15,15,ORACLE,0.05,1,25,0.0029964447021484375,2120,0.9490566037735849,3.6118660185177323,3.0830628122536727,5.014670296535906,1.0,1.1589102678061787,-0.04037232440939731,1.1584800986771129
ossl_lucas_block,block15,15,ORACLE,0.1,1,25,0.0027146339416503906,2120,0.8985849056603774,2.935399796975237,2.5001086960387795,4.154048050425822,1.0,1.1589102678061787,-0.04037232440939731,1.1584800986771129
ossl_lucas_block,block15,15,ORACLE,0.2,1,25,0.002589702606201172,2120,0.8033018867924528,2.131218998450503,1.8175420471032897,3.3258567432039423,1.0,1.1589102678061787,-0.04037232440939731,1.1584800986771129
ossl_lucas_block,block16,16,ASTM-R,0.05,1,25,5.556331634521484,1326,0.9705882352941176,4.455953321256531,3.832092840412063,7.739601035816581,1.0,1.9422465306036285,-0.379163631793387,1.9055957229155993
ossl_lucas_block,block16,16,ASTM-R,0.1,1,25,0.0006229877471923828,1326,0.9479638009049773,3.667211289118099,3.1537838282323567,6.029459868634492,1.0,1.9422465306036285,-0.379163631793387,1.9055957229155993
ossl_lucas_block,block16,16,ASTM-R,0.2,1,25,0.0003991127014160156,1326,0.8996983408748115,2.8050781312429938,2.4123566790727073,4.61737813009308,1.0,1.9422465306036285,-0.379163631793387,1.9055957229155993
ossl_lucas_block,block16,16,ASTM-G,0.05,1,25,0.0007300376892089844,1326,0.975867269984917,4.737756992636525,4.074440148824442,7.652332391750705,1.0,1.9422465306036285,-0.379163631793387,1.9055957229155993
ossl_lucas_block,block16,16,ASTM-G,0.1,1,25,0.0006608963012695312,1326,0.9562594268476622,3.890695745946954,3.345978113558835,6.001294372186831,1.0,1.9422465306036285,-0.379163631793387,1.9055957229155993
ossl_lucas_block,block16,16,ASTM-G,0.2,1,25,0.0006148815155029297,1326,0.9117647058823529,2.9699005704357906,2.5541027671961363,4.63868439488039,1.0,1.9422465306036285,-0.379163631793387,1.9055957229155993
ossl_lucas_block,block16,16,GPR,0.05,1,25,92.6519227027893,1326,0.9434389140271493,3.5344544022139193,2.696959630878259,7.532913993577114,1.0,1.9422465306036285,-0.379163631793387,1.9055957229155993
ossl_lucas_block,block16,16,GPR,0.1,1,25,0.0002753734588623047,1326,0.9177978883861236,2.926124575375799,2.238933278105208,5.550240715098087,1.0,1.9422465306036285,-0.379163631793387,1.9055957229155993
ossl_lucas_block,block16,16,GPR,0.2,1,25,0.0002143383026123047,1326,0.8408748114630468,2.250980108993429,1.726470677311489,4.121665085109989,1.0,1.9422465306036285,-0.379163631793387,1.9055957229155993
ossl_lucas_block,block16,16,BAG,0.05,1,25,32.980977058410645,1326,0.9705882352941176,4.461037640436356,3.834277280617523,7.693377119575179,1.0,1.9422465306036285,-0.379163631793387,1.9055957229155993
ossl_lucas_block,block16,16,BAG,0.1,1,25,0.00012993812561035156,1326,0.9457013574660633,3.6715741232435226,3.1558512355614763,5.9937241810547315,1.0,1.9422465306036285,-0.379163631793387,1.9055957229155993
ossl_lucas_block,block16,16,BAG,0.2,1,25,0.00010609626770019531,1326,0.9012066365007542,2.808543238760392,2.414132471640575,4.603291271836187,1.0,1.9422465306036285,-0.379163631793387,1.9055957229155993
ossl_lucas_block,block16,16,QGB,0.05,1,25,4.6983067989349365,1326,0.9434389140271493,3.741818540392467,2.8115275200951007,5.899886158990862,1.0,1.9422465306036285,-0.379163631793387,1.9055957229155993
ossl_lucas_block,block16,16,QGB,0.1,1,25,3.8622145652770996,1326,0.8921568627450981,2.7682710591396185,1.9910300778412102,4.563778070906558,1.0,1.9422465306036285,-0.379163631793387,1.9055957229155993
ossl_lucas_block,block16,16,QGB,0.2,1,25,4.073696851730347,1326,0.7895927601809954,2.0338184443859855,1.3912258183082438,3.631415749878761,1.0,1.9422465306036285,-0.379163631793387,1.9055957229155993
ossl_lucas_block,block16,16,SCP,0.05,1,25,0.00046753883361816406,1326,0.975867269984917,4.669330646100394,4.021029718685586,7.498503854460623,1.0,1.9422465306036285,-0.379163631793387,1.9055957229155993
ossl_lucas_block,block16,16,SCP,0.1,1,25,0.0002658367156982422,1326,0.9457013574660633,3.61996574726157,3.117361128092123,5.933138437831806,1.0,1.9422465306036285,-0.379163631793387,1.9055957229155993
ossl_lucas_block,block16,16,SCP,0.2,1,25,0.0003299713134765625,1326,0.8831070889894419,2.632246596385855,2.266779243790767,4.5620123172859,1.0,1.9422465306036285,-0.379163631793387,1.9055957229155993
ossl_lucas_block,block16,16,NCP-kNN,0.05,1,25,4.930014371871948,1326,0.9645550527903469,3.9779134506050196,2.7715435942896143,5.489283347426579,1.0,1.9422465306036285,-0.379163631793387,1.9055957229155993
ossl_lucas_block,block16,16,NCP-kNN,0.1,1,25,0.00029087066650390625,1326,0.9298642533936652,3.2208353947677772,2.280972364718657,4.58051243907599,1.0,1.9422465306036285,-0.379163631793387,1.9055957229155993
ossl_lucas_block,block16,16,NCP-kNN,0.2,1,25,0.0002701282501220703,1326,0.8536953242835595,2.468795253867135,1.7695867995197316,3.7266579934060453,1.0,1.9422465306036285,-0.379163631793387,1.9055957229155993
ossl_lucas_block,block16,16,CV+,0.05,1,25,0.07174205780029297,1326,0.9743589743589743,4.654269905326005,4.0031472792966944,7.6591803946705,1.0,1.9422465306036285,-0.379163631793387,1.9055957229155993
ossl_lucas_block,block16,16,CV+,0.1,1,25,0.06111645698547363,1326,0.9419306184012066,3.5774313377159945,3.076114902356773,6.040906791203679,1.0,1.9422465306036285,-0.379163631793387,1.9055957229155993
ossl_lucas_block,block16,16,CV+,0.2,1,25,0.06578779220581055,1326,0.8823529411764706,2.5914807418442996,2.227658007268265,4.60553618182151,1.0,1.9422465306036285,-0.379163631793387,1.9055957229155993
ossl_lucas_block,block16,16,CQR,0.05,1,25,0.00033736228942871094,1326,0.9660633484162896,4.342456311003356,3.32135431337487,5.683799430568127,1.0,1.9422465306036285,-0.379163631793387,1.9055957229155993
ossl_lucas_block,block16,16,CQR,0.1,1,25,0.00028061866760253906,1326,0.9328808446455505,3.1935212237680264,2.3564276835115043,4.485978667949296,1.0,1.9422465306036285,-0.379163631793387,1.9055957229155993
ossl_lucas_block,block16,16,CQR,0.2,1,25,0.00027489662170410156,1326,0.8371040723981901,2.263851913498512,1.5803159879548856,3.614118394847783,1.0,1.9422465306036285,-0.379163631793387,1.9055957229155993
ossl_lucas_block,block16,16,WCP,0.05,1,25,0.03464150428771973,1326,0.9856711915535445,6.054507411212348,5.2138852605820665,7.691032707316723,1.0,1.9422465306036285,-0.379163631793387,1.9055957229155993
ossl_lucas_block,block16,16,WCP,0.1,1,25,0.006659030914306641,1326,0.9464555052790347,3.678333156228296,3.169273800147586,5.923459937723584,1.0,1.9422465306036285,-0.379163631793387,1.9055957229155993
ossl_lucas_block,block16,16,WCP,0.2,1,25,0.005700349807739258,1326,0.8665158371040724,2.4524859318229084,2.1125869487643625,4.570537401996003,1.0,1.9422465306036285,-0.379163631793387,1.9055957229155993
ossl_lucas_block,block16,16,R-U-A,0.05,1,25,0.0026199817657470703,1326,0.973604826546003,4.653742721601159,4.002354048637386,7.671615849695302,1.0,1.9422465306036285,-0.379163631793387,1.9055957229155993
ossl_lucas_block,block16,16,R-U-A,0.1,1,25,0.0030853748321533203,1326,0.9434389140271493,3.577529731237118,3.0767795859181244,6.048660478995215,1.0,1.9422465306036285,-0.379163631793387,1.9055957229155993
ossl_lucas_block,block16,16,R-U-A,0.2,1,25,0.0026051998138427734,1326,0.8838612368024132,2.5909607957129963,2.2283016167715406,4.607232809505153,1.0,1.9422465306036285,-0.379163631793387,1.9055957229155993
ossl_lucas_block,block16,16,R-U-D,0.05,1,25,0.1369638442993164,1326,0.9638009049773756,4.239656333159984,3.5140593341399295,7.654294741853001,1.0,1.9422465306036285,-0.379163631793387,1.9055957229155993
ossl_lucas_block,block16,16,R-U-D,0.1,1,25,0.0030601024627685547,1326,0.9306184012066365,3.331256394579439,2.764343364683185,6.04511696205711,1.0,1.9422465306036285,-0.379163631793387,1.9055957229155993
ossl_lucas_block,block16,16,R-U-D,0.2,1,25,0.0025358200073242188,1326,0.8567119155354449,2.4432703323788423,2.030464296441,4.590221192582677,1.0,1.9422465306036285,-0.379163631793387,1.9055957229155993
ossl_lucas_block,block16,16,G-U-A,0.05,1,25,0.0023610591888427734,1326,0.9766214177978884,4.850909104951597,4.17192287095215,7.629470608422776,1.0,1.9422465306036285,-0.379163631793387,1.9055957229155993
ossl_lucas_block,block16,16,G-U-A,0.1,1,25,0.0014951229095458984,1326,0.951734539969834,3.7450804680532723,3.2208780911353596,6.015320369528779,1.0,1.9422465306036285,-0.379163631793387,1.9055957229155993
ossl_lucas_block,block16,16,G-U-A,0.2,1,25,0.0013926029205322266,1326,0.8951734539969834,2.745670874482202,2.3613567827249127,4.613297642160243,1.0,1.9422465306036285,-0.379163631793387,1.9055957229155993
ossl_lucas_block,block16,16,G-W-A,0.05,1,25,0.004827260971069336,1326,0.978129713423831,4.947705717991267,4.255170772537999,7.614299883004437,1.0,1.9422465306036285,-0.379163631793387,1.9055957229155993
ossl_lucas_block,block16,16,G-W-A,0.1,1,25,0.004580259323120117,1326,0.951734539969834,3.7990952820554047,3.267332401663606,6.007391744322718,1.0,1.9422465306036285,-0.379163631793387,1.9055957229155993
ossl_lucas_block,block16,16,G-W-A,0.2,1,25,0.00455927848815918,1326,0.8951734539969834,2.745706605517878,2.3613875124544776,4.613299870546392,1.0,1.9422465306036285,-0.379163631793387,1.9055957229155993
ossl_lucas_block,block16,16,G-U-D,0.05,1,25,0.0955808162689209,1326,0.9675716440422323,4.373568972706806,3.6205574692985536,7.594845854390268,1.0,1.9422465306036285,-0.379163631793387,1.9055957229155993
ossl_lucas_block,block16,16,G-U-D,0.1,1,25,0.0027818679809570312,1326,0.9358974358974359,3.4578045585588524,2.8683051798586665,5.996964527248434,1.0,1.9422465306036285,-0.379163631793387,1.9055957229155993
ossl_lucas_block,block16,16,G-U-D,0.2,1,25,0.002574920654296875,1326,0.8733031674208145,2.567833487255203,2.132452258491017,4.579083387205621,1.0,1.9422465306036285,-0.379163631793387,1.9055957229155993
ossl_lucas_block,block16,16,GC-D,0.05,1,25,0.005786418914794922,1326,0.9675716440422323,4.415549172380938,3.65528958014833,7.578082312772548,1.0,1.9422465306036285,-0.379163631793387,1.9055957229155993
ossl_lucas_block,block16,16,GC-D,0.1,1,25,0.005766630172729492,1326,0.9358974358974359,3.4505859963146426,2.8623752537643683,5.999107646982191,1.0,1.9422465306036285,-0.379163631793387,1.9055957229155993
ossl_lucas_block,block16,16,GC-D,0.2,1,25,0.006053447723388672,1326,0.8725490196078431,2.5334703743399936,2.103938915792134,4.581013953725684,1.0,1.9422465306036285,-0.379163631793387,1.9055957229155993
ossl_lucas_block,block16,16,GC-D+,0.05,1,25,0.005837440490722656,1326,0.9841628959276018,5.918277435681778,4.9016092188445946,7.664039635768189,1.0,1.9422465306036285,-0.379163631793387,1.9055957229155993
ossl_lucas_block,block16,16,GC-D+,0.1,1,25,0.005750894546508789,1326,0.9555052790346908,3.955261560673566,3.274763855661541,5.928780699039905,1.0,1.9422465306036285,-0.379163631793387,1.9055957229155993
ossl_lucas_block,block16,16,GC-D+,0.2,1,25,0.005751609802246094,1326,0.8906485671191554,2.7336644546403983,2.2700400472585667,4.580738205516141,1.0,1.9422465306036285,-0.379163631793387,1.9055957229155993
ossl_lucas_block,block16,16,HJ+,0.05,1,25,0.3179333209991455,1326,0.9894419306184012,6.900663168013694,5.947454628770293,8.100741332790617,1.0,1.9422465306036285,-0.379163631793387,1.9055957229155993
ossl_lucas_block,block16,16,HJ+,0.1,1,25,0.2816739082336426,1326,0.9705882352941176,4.415540796670525,3.8072256365663004,6.091067383688202,1.0,1.9422465306036285,-0.379163631793387,1.9055957229155993
ossl_lucas_block,block16,16,HJ+,0.2,1,25,0.3294384479522705,1326,0.9147812971342383,2.980627813570579,2.567583150141142,4.643075013474652,1.0,1.9422465306036285,-0.379163631793387,1.9055957229155993
ossl_lucas_block,block16,16,HJ+-D,0.05,1,25,0.2620840072631836,1326,0.9849170437405732,5.943972480437682,4.908959659944805,7.668305019477362,1.0,1.9422465306036285,-0.379163631793387,1.9055957229155993
ossl_lucas_block,block16,16,HJ+-D,0.1,1,25,0.3105003833770752,1326,0.9570135746606335,3.987326723904084,3.304974265506618,5.922687670165755,1.0,1.9422465306036285,-0.379163631793387,1.9055957229155993
ossl_lucas_block,block16,16,HJ+-D,0.2,1,25,0.38284826278686523,1326,0.8914027149321267,2.748850307774157,2.2868465931302113,4.581410277103913,1.0,1.9422465306036285,-0.379163631793387,1.9055957229155993
ossl_lucas_block,block16,16,HCP-D,0.05,1,25,7.201841115951538,1326,1.0,inf,inf,inf,0.0,1.9422465306036285,-0.379163631793387,1.9055957229155993
ossl_lucas_block,block16,16,HCP-D,0.1,1,25,7.161977052688599,1326,0.9668174962292609,4.5566237348120975,3.7686338612242545,6.359356557853296,1.0,1.9422465306036285,-0.379163631793387,1.9055957229155993
ossl_lucas_block,block16,16,HCP-D,0.2,1,25,7.048998117446899,1326,0.8936651583710408,2.7599348276541957,2.291534974908021,4.915528660117117,1.0,1.9422465306036285,-0.379163631793387,1.9055957229155993
ossl_lucas_block,block16,16,HCP-A,0.05,1,25,0.8348755836486816,1326,1.0,inf,inf,inf,0.0,1.9422465306036285,-0.379163631793387,1.9055957229155993
ossl_lucas_block,block16,16,HCP-A,0.1,1,25,0.7915081977844238,1326,0.9819004524886877,5.403789893654467,4.72967437740904,6.836652811212893,1.0,1.9422465306036285,-0.379163631793387,1.9055957229155993
ossl_lucas_block,block16,16,HCP-A,0.2,1,25,0.7987828254699707,1326,0.9253393665158371,3.1359497414672575,2.744744231909731,5.013017550714614,1.0,1.9422465306036285,-0.379163631793387,1.9055957229155993
ossl_lucas_block,block16,16,ORACLE,0.05,1,25,0.0019567012786865234,1326,0.9479638009049773,3.7956339951868694,3.2666873665239793,8.498299850301867,1.0,1.9422465306036285,-0.379163631793387,1.9055957229155993
ossl_lucas_block,block16,16,ORACLE,0.1,1,25,0.0016660690307617188,1326,0.8996983408748115,2.8084451779166337,2.410348611327813,6.47022373178832,1.0,1.9422465306036285,-0.379163631793387,1.9055957229155993
ossl_lucas_block,block16,16,ORACLE,0.2,1,25,0.0016827583312988281,1326,0.8046757164404224,2.0106373460886298,1.7231172959969414,4.756004971276611,1.0,1.9422465306036285,-0.379163631793387,1.9055957229155993
ossl_lucas_block,block17,17,ASTM-R,0.05,1,25,5.077078104019165,535,0.8504672897196262,9.077650267286351,6.425800437702973,49.68910490479093,1.0,7.8267385377369045,-2.485605454191687,7.428509068827815
ossl_lucas_block,block17,17,ASTM-R,0.1,1,25,0.0005786418914794922,535,0.8074766355140187,7.474062454354096,5.290724298701407,32.52902621058782,1.0,7.8267385377369045,-2.485605454191687,7.428509068827815
ossl_lucas_block,block17,17,ASTM-R,0.2,1,25,0.00045752525329589844,535,0.708411214953271,5.7193184057352155,4.048620519038659,21.66867783380758,1.0,7.8267385377369045,-2.485605454191687,7.428509068827815
ossl_lucas_block,block17,17,ASTM-G,0.05,1,25,0.0008215904235839844,535,0.8560747663551402,9.54607458801383,6.757361837117925,47.61012406884808,1.0,7.8267385377369045,-2.485605454191687,7.428509068827815
ossl_lucas_block,block17,17,ASTM-G,0.1,1,25,0.0007054805755615234,535,0.8186915887850468,7.846155968851687,5.5541079745562065,31.746166369339015,1.0,7.8267385377369045,-2.485605454191687,7.428509068827815
ossl_lucas_block,block17,17,ASTM-G,0.2,1,25,0.0005364418029785156,535,0.7345794392523365,5.994193179730523,4.243194106438455,21.36082453211829,1.0,7.8267385377369045,-2.485605454191687,7.428509068827815
ossl_lucas_block,block17,17,GPR,0.05,1,25,61.42227101325989,535,0.8766355140186916,9.692864194166521,5.479466355293102,22.69842749393592,1.0,7.8267385377369045,-2.485605454191687,7.428509068827815
ossl_lucas_block,block17,17,GPR,0.1,1,25,0.00013065338134765625,535,0.8205607476635514,7.98680210027103,4.540564271548161,17.34528263339091,1.0,7.8267385377369045,-2.485605454191687,7.428509068827815
ossl_lucas_block,block17,17,GPR,0.2,1,25,8.606910705566406e-05,535,0.7140186915887851,6.116703249378414,3.49573581026429,13.099232068547751,1.0,7.8267385377369045,-2.485605454191687,7.428509068827815
ossl_lucas_block,block17,17,BAG,0.05,1,25,33.59993124008179,535,0.8504672897196262,9.07697768059541,6.378912492212496,49.491130147560234,1.0,7.8267385377369045,-2.485605454191687,7.428509068827815
ossl_lucas_block,block17,17,BAG,0.1,1,25,0.00010418891906738281,535,0.8037383177570093,7.473351338171276,5.252290389845617,32.46490411345593,1.0,7.8267385377369045,-2.485605454191687,7.428509068827815
ossl_lucas_block,block17,17,BAG,0.2,1,25,9.036064147949219e-05,535,0.708411214953271,5.718656590998242,4.019332022476618,21.63813740941525,1.0,7.8267385377369045,-2.485605454191687,7.428509068827815
ossl_lucas_block,block17,17,QGB,0.05,1,25,4.770437717437744,535,0.8523364485981308,9.29681911050301,5.569900830478853,31.428674312988957,1.0,7.8267385377369045,-2.485605454191687,7.428509068827815
ossl_lucas_block,block17,17,QGB,0.1,1,25,3.698489189147949,535,0.7775700934579439,7.362557730130737,4.631668514444193,23.35747546427994,1.0,7.8267385377369045,-2.485605454191687,7.428509068827815
ossl_lucas_block,block17,17,QGB,0.2,1,25,4.116060733795166,535,0.680373831775701,5.639384381105207,3.563858933958516,16.244671212902407,1.0,7.8267385377369045,-2.485605454191687,7.428509068827815
ossl_lucas_block,block17,17,SCP,0.05,1,25,0.00037741661071777344,535,0.8560747663551402,9.563760358569638,6.756090937423359,48.413140170150385,1.0,7.8267385377369045,-2.485605454191687,7.428509068827815
ossl_lucas_block,block17,17,SCP,0.1,1,25,0.00025582313537597656,535,0.7925233644859813,7.268521472143136,5.134674040887174,33.523418269760704,1.0,7.8267385377369045,-2.485605454191687,7.428509068827815
ossl_lucas_block,block17,17,SCP,0.2,1,25,0.00026154518127441406,535,0.6766355140186916,5.292320598231158,3.7386339568420643,22.44283619160014,1.0,7.8267385377369045,-2.485605454191687,7.428509068827815
ossl_lucas_block,block17,17,NCP-kNN,0.05,1,25,4.381911754608154,535,0.8803738317757009,11.077077783357504,5.862824694190229,28.865227423975583,1.0,7.8267385377369045,-2.485605454191687,7.428509068827815
ossl_lucas_block,block17,17,NCP-kNN,0.1,1,25,0.0002892017364501953,535,0.7831775700934579,9.025805847077313,4.83778214352856,24.03841226145668,1.0,7.8267385377369045,-2.485605454191687,7.428509068827815
ossl_lucas_block,block17,17,NCP-kNN,0.2,1,25,0.0002646446228027344,535,0.7065420560747664,6.903893521353689,3.756728462985169,18.452332910670073,1.0,7.8267385377369045,-2.485605454191687,7.428509068827815
ossl_lucas_block,block17,17,CV+,0.05,1,25,0.033844947814941406,535,0.8560747663551402,9.469544763331074,6.708124014118378,47.923491584677244,1.0,7.8267385377369045,-2.485605454191687,7.428509068827815
ossl_lucas_block,block17,17,CV+,0.1,1,25,0.028769969940185547,535,0.7925233644859813,7.291140884939919,5.160388062514865,32.944306132329615,1.0,7.8267385377369045,-2.485605454191687,7.428509068827815
ossl_lucas_block,block17,17,CV+,0.2,1,25,0.030974149703979492,535,0.6785046728971963,5.288336384174265,3.7448853688193298,22.179684014115033,1.0,7.8267385377369045,-2.485605454191687,7.428509068827815
ossl_lucas_block,block17,17,CQR,0.05,1,25,0.00033855438232421875,535,0.8897196261682243,10.219434689221565,6.218966250482823,27.661173097412952,1.0,7.8267385377369045,-2.485605454191687,7.428509068827815
ossl_lucas_block,block17,17,CQR,0.1,1,25,0.00030303001403808594,535,0.811214953271028,8.00797943394919,5.05722149087379,21.793152241257335,1.0,7.8267385377369045,-2.485605454191687,7.428509068827815
ossl_lucas_block,block17,17,CQR,0.2,1,25,0.0002644062042236328,535,0.7289719626168224,6.086668445009731,3.869690338886702,15.824752253346086,1.0,7.8267385377369045,-2.485605454191687,7.428509068827815
ossl_lucas_block,block17,17,WCP,0.05,1,25,0.01986098289489746,535,0.9420560747663551,inf,10.882062287214236,inf,0.9981308411214953,7.8267385377369045,-2.485605454191687,7.428509068827815
ossl_lucas_block,block17,17,WCP,0.1,1,25,0.0031044483184814453,535,0.902803738317757,12.26747092687401,8.664055261429853,25.41704386941241,1.0,7.8267385377369045,-2.485605454191687,7.428509068827815
ossl_lucas_block,block17,17,WCP,0.2,1,25,0.003098011016845703,535,0.8373831775700935,8.39456200807213,5.933156983647346,19.75433088071191,1.0,7.8267385377369045,-2.485605454191687,7.428509068827815
ossl_lucas_block,block17,17,R-U-A,0.05,1,25,0.0018203258514404297,535,0.8560747663551402,9.466752263673362,6.703386861837476,47.948066694929715,1.0,7.8267385377369045,-2.485605454191687,7.428509068827815
ossl_lucas_block,block17,17,R-U-A,0.1,1,25,0.0016608238220214844,535,0.7925233644859813,7.276787886065969,5.152677808947443,33.00845303848708,1.0,7.8267385377369045,-2.485605454191687,7.428509068827815
ossl_lucas_block,block17,17,R-U-A,0.2,1,25,0.0014181137084960938,535,0.6785046728971963,5.280773162947491,3.7393040881277186,22.20045687229773,1.0,7.8267385377369045,-2.485605454191687,7.428509068827815
ossl_lucas_block,block17,17,R-U-D,0.05,1,25,0.10444235801696777,535,0.8504672897196262,9.804509524090259,6.369665031120727,46.44457738669606,1.0,7.8267385377369045,-2.485605454191687,7.428509068827815
ossl_lucas_block,block17,17,R-U-D,0.1,1,25,0.0027840137481689453,535,0.7906542056074767,7.634913228201379,4.983904728118125,32.17915954152903,1.0,7.8267385377369045,-2.485605454191687,7.428509068827815
ossl_lucas_block,block17,17,R-U-D,0.2,1,25,0.002706766128540039,535,0.680373831775701,5.584297260215845,3.665216292371424,21.769198618726726,1.0,7.8267385377369045,-2.485605454191687,7.428509068827815
ossl_lucas_block,block17,17,G-U-A,0.05,1,25,0.0023317337036132812,535,0.8635514018691589,9.868477780328941,6.987847833816997,46.246235330087565,1.0,7.8267385377369045,-2.485605454191687,7.428509068827815
ossl_lucas_block,block17,17,G-U-A,0.1,1,25,0.001461029052734375,535,0.811214953271028,7.658770726576516,5.423159034525874,32.13384351496259,1.0,7.8267385377369045,-2.485605454191687,7.428509068827815
ossl_lucas_block,block17,17,G-U-A,0.2,1,25,0.0014481544494628906,535,0.7065420560747664,5.586744342081839,3.955961620212989,21.825445396281054,1.0,7.8267385377369045,-2.485605454191687,7.428509068827815
ossl_lucas_block,block17,17,G-W-A,0.05,1,25,0.004736185073852539,535,0.8635514018691589,9.96595883441996,7.056873957990469,45.83891872241717,1.0,7.8267385377369045,-2.485605454191687,7.428509068827815
ossl_lucas_block,block17,17,G-W-A,0.1,1,25,0.004734992980957031,535,0.8130841121495327,7.695210465102393,5.448961934789835,32.05773352562408,1.0,7.8267385377369045,-2.485605454191687,7.428509068827815
ossl_lucas_block,block17,17,G-W-A,0.2,1,25,0.004728555679321289,535,0.7046728971962617,5.54884519881987,3.9291253186027664,21.870071685214416,1.0,7.8267385377369045,-2.485605454191687,7.428509068827815
ossl_lucas_block,block17,17,G-U-D,0.05,1,25,0.09265255928039551,535,0.8560747663551402,10.08661418346061,6.538254247822847,45.35231867892568,1.0,7.8267385377369045,-2.485605454191687,7.428509068827815
ossl_lucas_block,block17,17,G-U-D,0.1,1,25,0.002857685089111328,535,0.8,7.951383966046475,5.1880011773027235,31.477782711694154,1.0,7.8267385377369045,-2.485605454191687,7.428509068827815
ossl_lucas_block,block17,17,G-U-D,0.2,1,25,0.0024487972259521484,535,0.6915887850467289,5.856708890888218,3.834759002947997,21.459230566847424,1.0,7.8267385377369045,-2.485605454191687,7.428509068827815
ossl_lucas_block,block17,17,GC-D,0.05,1,25,0.005993366241455078,535,0.8560747663551402,10.05168738859424,6.516398104625776,45.48226766975714,1.0,7.8267385377369045,-2.485605454191687,7.428509068827815
ossl_lucas_block,block17,17,GC-D,0.1,1,25,0.00606226921081543,535,0.8,7.865236869779259,5.132905337898325,31.664565509821774,1.0,7.8267385377369045,-2.485605454191687,7.428509068827815
ossl_lucas_block,block17,17,GC-D,0.2,1,25,0.005802154541015625,535,0.6878504672897197,5.737808273625529,3.758018151870932,21.59279174789121,1.0,7.8267385377369045,-2.485605454191687,7.428509068827815
ossl_lucas_block,block17,17,GC-D+,0.05,1,25,0.005952596664428711,535,0.9158878504672897,13.674671967377995,8.748920917692487,35.3933285424802,1.0,7.8267385377369045,-2.485605454191687,7.428509068827815
ossl_lucas_block,block17,17,GC-D+,0.1,1,25,0.006234407424926758,535,0.8373831775700935,9.068104778292732,5.898231618898987,29.29601175185848,1.0,7.8267385377369045,-2.485605454191687,7.428509068827815
ossl_lucas_block,block17,17,GC-D+,0.2,1,25,0.006001710891723633,535,0.7121495327102804,6.196942763090688,4.053999840280835,21.08436319541797,1.0,7.8267385377369045,-2.485605454191687,7.428509068827815
ossl_lucas_block,block17,17,HJ+,0.05,1,25,0.18228411674499512,535,0.9289719626168225,13.80089797970555,9.74832495356573,34.00767236530297,1.0,7.8267385377369045,-2.485605454191687,7.428509068827815
ossl_lucas_block,block17,17,HJ+,0.1,1,25,0.17188167572021484,535,0.8429906542056075,8.928897499082915,6.30433159165689,29.56169783758429,1.0,7.8267385377369045,-2.485605454191687,7.428509068827815
ossl_lucas_block,block17,17,HJ+,0.2,1,25,0.1940610408782959,535,0.7345794392523365,6.034151198088261,4.27124539927258,21.265239197866503,1.0,7.8267385377369045,-2.485605454191687,7.428509068827815
ossl_lucas_block,block17,17,HJ+-D,0.05,1,25,0.16266846656799316,535,0.9158878504672897,13.709943935958199,8.759847147207385,35.35410477367643,1.0,7.8267385377369045,-2.485605454191687,7.428509068827815
ossl_lucas_block,block17,17,HJ+-D,0.1,1,25,0.18382930755615234,535,0.8411214953271028,9.109914166514438,5.9262610403755955,29.194805988710353,1.0,7.8267385377369045,-2.485605454191687,7.428509068827815
ossl_lucas_block,block17,17,HJ+-D,0.2,1,25,0.19282841682434082,535,0.7140186915887851,6.22627608894772,4.076184262748105,20.97121104118141,1.0,7.8267385377369045,-2.485605454191687,7.428509068827815
ossl_lucas_block,block17,17,HCP-D,0.05,1,25,7.428873300552368,535,1.0,inf,inf,inf,0.0,7.8267385377369045,-2.485605454191687,7.428509068827815
ossl_lucas_block,block17,17,HCP-D,0.1,1,25,7.880157947540283,535,0.8785046728971962,11.2342090934792,6.970071991468092,27.20880117800923,1.0,7.8267385377369045,-2.485605454191687,7.428509068827815
ossl_lucas_block,block17,17,HCP-D,0.2,1,25,7.347782135009766,535,0.7214953271028037,6.689341198661536,4.23487037616043,20.93794501188812,1.0,7.8267385377369045,-2.485605454191687,7.428509068827815
ossl_lucas_block,block17,17,HCP-A,0.05,1,25,0.7908313274383545,535,1.0,inf,inf,inf,0.0,7.8267385377369045,-2.485605454191687,7.428509068827815
ossl_lucas_block,block17,17,HCP-A,0.1,1,25,0.7760436534881592,535,0.8897196261682243,11.30823996161173,8.033717352699,26.441299352187364,1.0,7.8267385377369045,-2.485605454191687,7.428509068827815
ossl_lucas_block,block17,17,HCP-A,0.2,1,25,0.810744047164917,535,0.7588785046728972,6.590865810123973,4.682351383402803,20.990899409229517,1.0,7.8267385377369045,-2.485605454191687,7.428509068827815
ossl_lucas_block,block17,17,ORACLE,0.05,1,25,0.0009279251098632812,535,0.9439252336448598,15.92047022202634,11.235689296890035,31.087115854655575,1.0,7.8267385377369045,-2.485605454191687,7.428509068827815
ossl_lucas_block,block17,17,ORACLE,0.1,1,25,0.0006999969482421875,535,0.9046728971962616,12.022612914794658,8.589952885413181,25.655826097666417,1.0,7.8267385377369045,-2.485605454191687,7.428509068827815
ossl_lucas_block,block17,17,ORACLE,0.2,1,25,0.0006856918334960938,535,0.8018691588785046,7.4501547188264166,5.268018939694855,20.01840808954656,1.0,7.8267385377369045,-2.485605454191687,7.428509068827815
ossl_lucas_block,block18,18,ASTM-R,0.05,1,24,4.352096080780029,2650,0.9437735849056603,4.935884601461081,3.865167615031411,8.018438247355151,1.0,1.8615790402305672,0.031168886840571293,1.8616693791956969
ossl_lucas_block,block18,18,ASTM-R,0.1,1,24,0.0006592273712158203,2650,0.8973584905660378,4.062555030435896,3.1812665553525115,6.350523876954012,1.0,1.8615790402305672,0.031168886840571293,1.8616693791956969
ossl_lucas_block,block18,18,ASTM-R,0.2,1,24,0.0004303455352783203,2650,0.7984905660377358,3.107744467489833,2.4335691996982196,5.010086778003566,1.0,1.8615790402305672,0.031168886840571293,1.8616693791956969
ossl_lucas_block,block18,18,ASTM-G,0.05,1,24,0.0007481575012207031,2650,0.9535849056603773,5.254806772748763,4.114916915027004,7.943621471009241,1.0,1.8615790402305672,0.031168886840571293,1.8616693791956969
ossl_lucas_block,block18,18,ASTM-G,0.1,1,24,0.0006709098815917969,2650,0.9173584905660377,4.315521395633546,3.379362512054875,6.3392251981200785,1.0,1.8615790402305672,0.031168886840571293,1.8616693791956969
ossl_lucas_block,block18,18,ASTM-G,0.2,1,24,0.0006363391876220703,2650,0.8211320754716981,3.29434355449239,2.579691191879231,5.012273634133981,1.0,1.8615790402305672,0.031168886840571293,1.8616693791956969
ossl_lucas_block,block18,18,GPR,0.05,1,24,87.59160423278809,2650,0.9513207547169812,4.7945499673110055,3.4167193211779763,7.200588396704709,1.0,1.8615790402305672,0.031168886840571293,1.8616693791956969
ossl_lucas_block,block18,18,GPR,0.1,1,24,0.00025653839111328125,2650,0.9116981132075471,3.926787453941402,2.8226089410072595,5.838672906587565,1.0,1.8615790402305672,0.031168886840571293,1.8616693791956969
ossl_lucas_block,block18,18,GPR,0.2,1,24,0.00026607513427734375,2650,0.8245283018867925,2.9907733978408175,2.1608698037441174,4.601021949800431,1.0,1.8615790402305672,0.031168886840571293,1.8616693791956969
ossl_lucas_block,block18,18,BAG,0.05,1,24,29.685904264450073,2650,0.9437735849056603,4.954741554737218,3.8874664598952475,7.98551754260692,1.0,1.8615790402305672,0.031168886840571293,1.8616693791956969
ossl_lucas_block,block18,18,BAG,0.1,1,24,0.00017976760864257812,2650,0.8973584905660378,4.077872928387981,3.1993052027382802,6.33461335992317,1.0,1.8615790402305672,0.031168886840571293,1.8616693791956969
ossl_lucas_block,block18,18,BAG,0.2,1,24,0.0001647472381591797,2650,0.7958490566037736,3.1193130631997974,2.4471380257957183,5.0065351137116165,1.0,1.8615790402305672,0.031168886840571293,1.8616693791956969
ossl_lucas_block,block18,18,QGB,0.05,1,24,4.4920713901519775,2650,0.8120754716981132,5.057017088721641,3.2074212265295663,7.075799497970913,1.0,1.8615790402305672,0.031168886840571293,1.8616693791956969
ossl_lucas_block,block18,18,QGB,0.1,1,24,3.654521942138672,2650,0.7328301886792453,3.6397780499080916,2.2019918699685963,5.4341580466946695,1.0,1.8615790402305672,0.031168886840571293,1.8616693791956969
ossl_lucas_block,block18,18,QGB,0.2,1,24,4.040372848510742,2650,0.6177358490566037,2.6885850964677447,1.531252148134624,4.391476418079812,1.0,1.8615790402305672,0.031168886840571293,1.8616693791956969
ossl_lucas_block,block18,18,SCP,0.05,1,24,0.0002923011779785156,2650,0.9516981132075472,5.165898799701948,4.07516074294421,7.970747790695486,1.0,1.8615790402305672,0.031168886840571293,1.8616693791956969
ossl_lucas_block,block18,18,SCP,0.1,1,24,0.0002994537353515625,2650,0.8939622641509434,3.959401687905202,3.1234058098523465,6.3729824601927225,1.0,1.8615790402305672,0.031168886840571293,1.8616693791956969
ossl_lucas_block,block18,18,SCP,0.2,1,24,0.0002532005310058594,2650,0.7683018867924528,2.8306501944376192,2.23298113196587,5.030970786714757,1.0,1.8615790402305672,0.031168886840571293,1.8616693791956969
ossl_lucas_block,block18,18,NCP-kNN,0.05,1,24,4.324656009674072,2650,0.9030188679245283,4.664434612343888,2.889326706765097,6.511774356731979,1.0,1.8615790402305672,0.031168886840571293,1.8616693791956969
ossl_lucas_block,block18,18,NCP-kNN,0.1,1,24,0.0002684593200683594,2650,0.8260377358490566,3.737552183534297,2.3506644045370853,5.551956097111588,1.0,1.8615790402305672,0.031168886840571293,1.8616693791956969
ossl_lucas_block,block18,18,NCP-kNN,0.2,1,24,0.00043201446533203125,2650,0.6973584905660377,2.871567770573001,1.8290245793494369,4.632382845722675,1.0,1.8615790402305672,0.031168886840571293,1.8616693791956969
ossl_lucas_block,block18,18,CV+,0.05,1,24,0.143082857131958,2650,0.9490566037735849,5.139600424262779,4.0266976316383545,7.958126694971783,1.0,1.8615790402305672,0.031168886840571293,1.8616693791956969
ossl_lucas_block,block18,18,CV+,0.1,1,24,0.12090325355529785,2650,0.8886792452830189,3.9723359713567463,3.1132966512429547,6.365357974108505,1.0,1.8615790402305672,0.031168886840571293,1.8616693791956969
ossl_lucas_block,block18,18,CV+,0.2,1,24,0.12663745880126953,2650,0.7649056603773585,2.8558570090749242,2.236110959797756,5.0405760514899765,1.0,1.8615790402305672,0.031168886840571293,1.8616693791956969
ossl_lucas_block,block18,18,CQR,0.05,1,24,0.00033283233642578125,2650,0.8947169811320754,5.699920050833935,3.6828420818226917,6.757196190948346,1.0,1.8615790402305672,0.031168886840571293,1.8616693791956969
ossl_lucas_block,block18,18,CQR,0.1,1,24,0.0003006458282470703,2650,0.8173584905660377,4.0597145080997965,2.516158633926503,5.250283681885303,1.0,1.8615790402305672,0.031168886840571293,1.8616693791956969
ossl_lucas_block,block18,18,CQR,0.2,1,24,0.0002837181091308594,2650,0.700377358490566,2.9898028384756383,1.7432599715745463,4.322112234107758,1.0,1.8615790402305672,0.031168886840571293,1.8616693791956969
ossl_lucas_block,block18,18,WCP,0.05,1,24,0.022591829299926758,2650,0.9449056603773585,inf,3.88781999137866,inf,0.9988679245283019,1.8615790402305672,0.031168886840571293,1.8616693791956969
ossl_lucas_block,block18,18,WCP,0.1,1,24,0.0037996768951416016,2650,0.9449056603773585,inf,3.88781999137866,inf,0.9988679245283019,1.8615790402305672,0.031168886840571293,1.8616693791956969
ossl_lucas_block,block18,18,WCP,0.2,1,24,0.0032143592834472656,2650,0.6584905660377358,inf,1.766972628791616,inf,0.9996226415094339,1.8615790402305672,0.031168886840571293,1.8616693791956969
ossl_lucas_block,block18,18,R-U-A,0.05,1,24,0.0018398761749267578,2650,0.9494339622641509,5.136842394089839,4.023518459540181,7.964508250414142,1.0,1.8615790402305672,0.031168886840571293,1.8616693791956969
ossl_lucas_block,block18,18,R-U-A,0.1,1,24,0.0015933513641357422,2650,0.8886792452830189,3.9682109672825363,3.1081681806280175,6.371673733373637,1.0,1.8615790402305672,0.031168886840571293,1.8616693791956969
ossl_lucas_block,block18,18,R-U-A,0.2,1,24,0.0014483928680419922,2650,0.7652830188679245,2.853220550289544,2.234833127533288,5.042639432935696,1.0,1.8615790402305672,0.031168886840571293,1.8616693791956969
ossl_lucas_block,block18,18,R-U-D,0.05,1,24,0.10492658615112305,2650,0.9671698113207547,5.630528459233018,4.166784850318758,7.595870533348352,1.0,1.8615790402305672,0.031168886840571293,1.8616693791956969
ossl_lucas_block,block18,18,R-U-D,0.1,1,24,0.002778291702270508,2650,0.9211320754716981,4.401768903093056,3.269050729907793,6.1663096729767375,1.0,1.8615790402305672,0.031168886840571293,1.8616693791956969
ossl_lucas_block,block18,18,R-U-D,0.2,1,24,0.0025017261505126953,2650,0.8052830188679245,3.2134778154944206,2.3934493964404275,4.90166402497938,1.0,1.8615790402305672,0.031168886840571293,1.8616693791956969
ossl_lucas_block,block18,18,G-U-A,0.05,1,24,0.0030045509338378906,2650,0.9554716981132075,5.365942057841571,4.202964635899436,7.940254089361184,1.0,1.8615790402305672,0.031168886840571293,1.8616693791956969
ossl_lucas_block,block18,18,G-U-A,0.1,1,24,0.0015001296997070312,2650,0.9045283018867925,4.1500501493508235,3.2505967874626784,6.342558443472932,1.0,1.8615790402305672,0.031168886840571293,1.8616693791956969
ossl_lucas_block,block18,18,G-U-A,0.2,1,24,0.0013549327850341797,2650,0.7856603773584906,3.0089255610059764,2.3567917037943116,5.018056468302884,1.0,1.8615790402305672,0.031168886840571293,1.8616693791956969
ossl_lucas_block,block18,18,G-W-A,0.05,1,24,0.0046732425689697266,2650,0.9584905660377359,5.515441850311943,4.320062870292229,7.937771610792508,1.0,1.8615790402305672,0.031168886840571293,1.8616693791956969
ossl_lucas_block,block18,18,G-W-A,0.1,1,24,0.00474095344543457,2650,0.9075471698113208,4.210548240958194,3.297982938267941,6.338706513938818,1.0,1.8615790402305672,0.031168886840571293,1.8616693791956969
ossl_lucas_block,block18,18,G-W-A,0.2,1,24,0.004513978958129883,2650,0.7856603773584906,3.022569203905559,2.367478317252611,5.0166706288166205,1.0,1.8615790402305672,0.031168886840571293,1.8616693791956969
ossl_lucas_block,block18,18,G-U-D,0.05,1,24,0.08893537521362305,2650,0.9701886792452831,5.780516053747015,4.281706771315399,7.61887034540532,1.0,1.8615790402305672,0.031168886840571293,1.8616693791956969
ossl_lucas_block,block18,18,G-U-D,0.1,1,24,0.0026831626892089844,2650,0.9275471698113208,4.55193441807194,3.3811727335823747,6.184849738589664,1.0,1.8615790402305672,0.031168886840571293,1.8616693791956969
ossl_lucas_block,block18,18,G-U-D,0.2,1,24,0.00250244140625,2650,0.820377358490566,3.3358659907382506,2.483327407707889,4.906036232384975,1.0,1.8615790402305672,0.031168886840571293,1.8616693791956969
ossl_lucas_block,block18,18,GC-D,0.05,1,24,0.006773471832275391,2650,0.970566037735849,5.798235534228202,4.2942121497376835,7.62209682702938,1.0,1.8615790402305672,0.031168886840571293,1.8616693791956969
ossl_lucas_block,block18,18,GC-D,0.1,1,24,0.0057566165924072266,2650,0.9256603773584906,4.527251271503024,3.363316783027302,6.18131018792997,1.0,1.8615790402305672,0.031168886840571293,1.8616693791956969
ossl_lucas_block,block18,18,GC-D,0.2,1,24,0.00580143928527832,2650,0.8139622641509434,3.2852086339726796,2.4455814383423595,4.90328740356704,1.0,1.8615790402305672,0.031168886840571293,1.8616693791956969
ossl_lucas_block,block18,18,GC-D+,0.05,1,24,0.006023883819580078,2650,0.9920754716981132,8.024903186394944,5.903111312814806,8.717043487314578,1.0,1.8615790402305672,0.031168886840571293,1.8616693791956969
ossl_lucas_block,block18,18,GC-D+,0.1,1,24,0.006356000900268555,2650,0.9581132075471698,5.211193506129291,3.8613755417402205,6.396057094926109,1.0,1.8615790402305672,0.031168886840571293,1.8616693791956969
ossl_lucas_block,block18,18,GC-D+,0.2,1,24,0.005590200424194336,2650,0.8513207547169811,3.5571531765228483,2.6492658764911727,4.939676743432243,1.0,1.8615790402305672,0.031168886840571293,1.8616693791956969
ossl_lucas_block,block18,18,HJ+,0.05,1,24,0.6212441921234131,2650,0.9830188679245283,7.755166184922286,6.08052360563658,8.647168387721747,1.0,1.8615790402305672,0.031168886840571293,1.8616693791956969
ossl_lucas_block,block18,18,HJ+,0.1,1,24,0.529489278793335,2650,0.9437735849056603,4.904827857301089,3.844060945675835,6.450827936836049,1.0,1.8615790402305672,0.031168886840571293,1.8616693791956969
ossl_lucas_block,block18,18,HJ+,0.2,1,24,0.6004960536956787,2650,0.8215094339622642,3.2876454799830004,2.5739555307951103,4.995898013521331,1.0,1.8615790402305672,0.031168886840571293,1.8616693791956969
ossl_lucas_block,block18,18,HJ+-D,0.05,1,24,0.4175848960876465,2650,0.9924528301886792,8.065291987063109,5.9232246376596205,8.750917085528057,1.0,1.8615790402305672,0.031168886840571293,1.8616693791956969
ossl_lucas_block,block18,18,HJ+-D,0.1,1,24,0.5250217914581299,2650,0.9573584905660377,5.220239864012014,3.87019810782442,6.386780955639516,1.0,1.8615790402305672,0.031168886840571293,1.8616693791956969
ossl_lucas_block,block18,18,HJ+-D,0.2,1,24,0.62790846824646,2650,0.8547169811320755,3.564969058682006,2.656232878579684,4.9267366794387,1.0,1.8615790402305672,0.031168886840571293,1.8616693791956969
ossl_lucas_block,block18,18,HCP-D,0.05,1,24,7.112117767333984,2650,1.0,inf,inf,inf,0.0,1.8615790402305672,0.031168886840571293,1.8616693791956969
ossl_lucas_block,block18,18,HCP-D,0.1,1,24,7.385252237319946,2650,0.9849056603773585,6.500490179083222,4.885775447212394,7.325109069542063,1.0,1.8615790402305672,0.031168886840571293,1.8616693791956969
ossl_lucas_block,block18,18,HCP-D,0.2,1,24,7.405379772186279,2650,0.9026415094339623,3.7328749236664684,2.837243466395863,5.000416935291228,1.0,1.8615790402305672,0.031168886840571293,1.8616693791956969
ossl_lucas_block,block18,18,HCP-A,0.05,1,24,0.8416323661804199,2650,1.0,inf,inf,inf,0.0,1.8615790402305672,0.031168886840571293,1.8616693791956969
ossl_lucas_block,block18,18,HCP-A,0.1,1,24,0.8474106788635254,2650,0.969811320754717,6.0600897919838586,4.988129523063968,7.141033661079811,1.0,1.8615790402305672,0.031168886840571293,1.8616693791956969
ossl_lucas_block,block18,18,HCP-A,0.2,1,24,0.8469889163970947,2650,0.8758490566037735,3.492023760930529,2.8743248722451993,5.026213048690259,1.0,1.8615790402305672,0.031168886840571293,1.8616693791956969
ossl_lucas_block,block18,18,ORACLE,0.05,1,24,0.0035848617553710938,2650,0.9490566037735849,5.165946417844908,4.055173560002874,7.960745277406789,1.0,1.8615790402305672,0.031168886840571293,1.8616693791956969
ossl_lucas_block,block18,18,ORACLE,0.1,1,24,0.003487110137939453,2650,0.8984905660377358,4.112639021032233,3.2407317330282477,6.354943750553873,1.0,1.8615790402305672,0.031168886840571293,1.8616693791956969
ossl_lucas_block,block18,18,ORACLE,0.2,1,24,0.003300905227661133,2650,0.8037735849056604,3.1451299933348587,2.4766106976984634,5.01425106060458,1.0,1.8615790402305672,0.031168886840571293,1.8616693791956969
ossl_lucas_block,block19,19,ASTM-R,0.05,1,25,5.337801456451416,1216,0.928453947368421,3.7564122396530233,3.280043515652865,5.419480825291823,1.0,1.1617399896435305,0.14813113997642574,1.1527314186804982
ossl_lucas_block,block19,19,ASTM-R,0.1,1,25,0.0005915164947509766,1216,0.8914473684210527,3.092459285916918,2.700308446195697,4.449098819563945,1.0,1.1617399896435305,0.14813113997642574,1.1527314186804982
ossl_lucas_block,block19,19,ASTM-R,0.2,1,25,0.0004360675811767578,1216,0.8092105263157895,2.36614666969882,2.0661122813526642,3.5560558951950134,1.0,1.1617399896435305,0.14813113997642574,1.1527314186804982
ossl_lucas_block,block19,19,ASTM-G,0.05,1,25,0.0007579326629638672,1216,0.9416118421052632,4.005383725251271,3.497431981799235,5.38977954449225,1.0,1.1617399896435305,0.14813113997642574,1.1527314186804982
ossl_lucas_block,block19,19,ASTM-G,0.1,1,25,0.00064849853515625,1216,0.9070723684210527,3.290043320722578,2.872831372248846,4.461223160785465,1.0,1.1617399896435305,0.14813113997642574,1.1527314186804982
ossl_lucas_block,block19,19,ASTM-G,0.2,1,25,0.0005021095275878906,1216,0.8240131578947368,2.5119688054356413,2.1934410445994232,3.5699612832683916,1.0,1.1617399896435305,0.14813113997642574,1.1527314186804982
ossl_lucas_block,block19,19,GPR,0.05,1,25,122.6057460308075,1216,0.9342105263157895,3.986232248083226,2.9835058247837853,5.367922675852462,1.0,1.1617399896435305,0.14813113997642574,1.1527314186804982
ossl_lucas_block,block19,19,GPR,0.1,1,25,0.0001289844512939453,1216,0.8930921052631579,3.225706353526773,2.468369637277475,4.358712502592964,1.0,1.1617399896435305,0.14813113997642574,1.1527314186804982
ossl_lucas_block,block19,19,GPR,0.2,1,25,9.799003601074219e-05,1216,0.8174342105263158,2.430884409654787,1.889491873791311,3.461517253553579,1.0,1.1617399896435305,0.14813113997642574,1.1527314186804982
ossl_lucas_block,block19,19,BAG,0.05,1,25,33.34273624420166,1216,0.9292763157894737,3.7641331334291235,3.3064048636958434,5.375702339874953,1.0,1.1617399896435305,0.14813113997642574,1.1527314186804982
ossl_lucas_block,block19,19,BAG,0.1,1,25,0.00011801719665527344,1216,0.890625,3.0984907929516345,2.720207929635776,4.427088645620759,1.0,1.1617399896435305,0.14813113997642574,1.1527314186804982
ossl_lucas_block,block19,19,BAG,0.2,1,25,9.393692016601562e-05,1216,0.8100328947368421,2.370524332198967,2.080905814426546,3.5418498425393734,1.0,1.1617399896435305,0.14813113997642574,1.1527314186804982
ossl_lucas_block,block19,19,QGB,0.05,1,25,4.706433296203613,1216,0.8519736842105263,3.3005622614093943,2.822871893243359,5.366803529334454,1.0,1.1617399896435305,0.14813113997642574,1.1527314186804982
ossl_lucas_block,block19,19,QGB,0.1,1,25,3.9645094871520996,1216,0.7738486842105263,2.355508676832688,1.9719459265658643,4.248369707396584,1.0,1.1617399896435305,0.14813113997642574,1.1527314186804982
ossl_lucas_block,block19,19,QGB,0.2,1,25,4.21910285949707,1216,0.6875,1.656858369764878,1.372421202580521,3.1920733591060544,1.0,1.1617399896435305,0.14813113997642574,1.1527314186804982
ossl_lucas_block,block19,19,SCP,0.05,1,25,0.0003249645233154297,1216,0.9358552631578947,3.894761852557052,3.4178428367226648,5.385995735715181,1.0,1.1617399896435305,0.14813113997642574,1.1527314186804982
ossl_lucas_block,block19,19,SCP,0.1,1,25,0.00026679039001464844,1216,0.881578947368421,3.0215689663849346,2.6515736361754803,4.461283296613466,1.0,1.1617399896435305,0.14813113997642574,1.1527314186804982
ossl_lucas_block,block19,19,SCP,0.2,1,25,0.00025534629821777344,1216,0.7738486842105263,2.1722632102295285,1.9062665532899659,3.5767063225800646,1.0,1.1617399896435305,0.14813113997642574,1.1527314186804982
ossl_lucas_block,block19,19,NCP-kNN,0.05,1,25,4.654090404510498,1216,0.8848684210526315,3.1984267141814287,2.4180779462420983,5.015207034374069,1.0,1.1617399896435305,0.14813113997642574,1.1527314186804982
ossl_lucas_block,block19,19,NCP-kNN,0.1,1,25,0.0002856254577636719,1216,0.8100328947368421,2.6053976547153805,1.988010552011338,4.183414463700579,1.0,1.1617399896435305,0.14813113997642574,1.1527314186804982
ossl_lucas_block,block19,19,NCP-kNN,0.2,1,25,0.00029850006103515625,1216,0.7113486842105263,2.0174037882249998,1.5491069519905285,3.4055767933431103,1.0,1.1617399896435305,0.14813113997642574,1.1527314186804982
ossl_lucas_block,block19,19,CV+,0.05,1,25,0.07218265533447266,1216,0.9375,3.9143538192427805,3.4230166834040068,5.380701843690284,1.0,1.1617399896435305,0.14813113997642574,1.1527314186804982
ossl_lucas_block,block19,19,CV+,0.1,1,25,0.061277151107788086,1216,0.8856907894736842,3.0256215574634875,2.6470149387670876,4.441821918076741,1.0,1.1617399896435305,0.14813113997642574,1.1527314186804982
ossl_lucas_block,block19,19,CV+,0.2,1,25,0.06545519828796387,1216,0.7853618421052632,2.189004274760195,1.9149294435678554,3.5549004721592685,1.0,1.1617399896435305,0.14813113997642574,1.1527314186804982
ossl_lucas_block,block19,19,CQR,0.05,1,25,0.0003631114959716797,1216,0.9029605263157895,3.738734995762028,3.2119056811295614,5.052506257599369,1.0,1.1617399896435305,0.14813113997642574,1.1527314186804982
ossl_lucas_block,block19,19,CQR,0.1,1,25,0.0003407001495361328,1216,0.8223684210526315,2.6160461106622734,2.211447948794449,4.059667625390675,1.0,1.1617399896435305,0.14813113997642574,1.1527314186804982
ossl_lucas_block,block19,19,CQR,0.2,1,25,0.0002932548522949219,1216,0.7261513157894737,1.8205426211583147,1.5211045269108587,3.1332217201186445,1.0,1.1617399896435305,0.14813113997642574,1.1527314186804982
ossl_lucas_block,block19,19,WCP,0.05,1,25,0.019683361053466797,1216,0.9901315789473685,inf,5.836612698434964,inf,0.9975328947368421,1.1617399896435305,0.14813113997642574,1.1527314186804982
ossl_lucas_block,block19,19,WCP,0.1,1,25,0.003297090530395508,1216,0.9802631578947368,inf,5.2538638626622856,inf,0.9983552631578947,1.1617399896435305,0.14813113997642574,1.1527314186804982
ossl_lucas_block,block19,19,WCP,0.2,1,25,0.0029947757720947266,1216,0.9375,inf,3.4464225537490636,inf,0.9991776315789473,1.1617399896435305,0.14813113997642574,1.1527314186804982
ossl_lucas_block,block19,19,R-U-A,0.05,1,25,0.0017497539520263672,1216,0.9358552631578947,3.9134920785320095,3.4179171065041047,5.394059623760573,1.0,1.1617399896435305,0.14813113997642574,1.1527314186804982
ossl_lucas_block,block19,19,R-U-A,0.1,1,25,0.0016241073608398438,1216,0.8865131578947368,3.0235060792025292,2.6406321879158887,4.451589688634684,1.0,1.1617399896435305,0.14813113997642574,1.1527314186804982
ossl_lucas_block,block19,19,R-U-A,0.2,1,25,0.0015349388122558594,1216,0.7845394736842105,2.1872635448458344,1.9102850692790128,3.5614698152198363,1.0,1.1617399896435305,0.14813113997642574,1.1527314186804982
ossl_lucas_block,block19,19,R-U-D,0.05,1,25,0.10715436935424805,1216,0.9399671052631579,4.274000991528631,3.653143296177664,5.695564322813719,1.0,1.1617399896435305,0.14813113997642574,1.1527314186804982
ossl_lucas_block,block19,19,R-U-D,0.1,1,25,0.0026962757110595703,1216,0.9120065789473685,3.3297588927285333,2.86083325979678,4.596285252969759,1.0,1.1617399896435305,0.14813113997642574,1.1527314186804982
ossl_lucas_block,block19,19,R-U-D,0.2,1,25,0.0024602413177490234,1216,0.8240131578947368,2.4364749343913075,2.095003631206766,3.602065166635409,1.0,1.1617399896435305,0.14813113997642574,1.1527314186804982
ossl_lucas_block,block19,19,G-U-A,0.05,1,25,0.0022993087768554688,1216,0.9432565789473685,4.099992826821077,3.5808008137306513,5.393525333231666,1.0,1.1617399896435305,0.14813113997642574,1.1527314186804982
ossl_lucas_block,block19,19,G-U-A,0.1,1,25,0.0014221668243408203,1216,0.8980263157894737,3.1816198082701312,2.7787235928577454,4.451654165352531,1.0,1.1617399896435305,0.14813113997642574,1.1527314186804982
ossl_lucas_block,block19,19,G-U-A,0.2,1,25,0.0014064311981201172,1216,0.8042763157894737,2.3294112942123815,2.034432305164878,3.554826825680336,1.0,1.1617399896435305,0.14813113997642574,1.1527314186804982
ossl_lucas_block,block19,19,G-W-A,0.05,1,25,0.004660606384277344,1216,0.9473684210526315,4.18003861995837,3.650710214382938,5.4001175563625345,1.0,1.1617399896435305,0.14813113997642574,1.1527314186804982
ossl_lucas_block,block19,19,G-W-A,0.1,1,25,0.004693508148193359,1216,0.8988486842105263,3.2041165580467723,2.798371524771068,4.452988889236791,1.0,1.1617399896435305,0.14813113997642574,1.1527314186804982
ossl_lucas_block,block19,19,G-W-A,0.2,1,25,0.004570960998535156,1216,0.8018092105263158,2.3207151702439357,2.0268373924180043,3.554728242223651,1.0,1.1617399896435305,0.14813113997642574,1.1527314186804982
ossl_lucas_block,block19,19,G-U-D,0.05,1,25,0.09033703804016113,1216,0.944078947368421,4.435920764911106,3.8015412771342145,5.734050736759066,1.0,1.1617399896435305,0.14813113997642574,1.1527314186804982
ossl_lucas_block,block19,19,G-U-D,0.1,1,25,0.002643585205078125,1216,0.9185855263157895,3.496267427980011,3.0094637283630057,4.64491936131413,1.0,1.1617399896435305,0.14813113997642574,1.1527314186804982
ossl_lucas_block,block19,19,G-U-D,0.2,1,25,0.002386331558227539,1216,0.8453947368421053,2.578230410350058,2.2208519937388167,3.6284457498951737,1.0,1.1617399896435305,0.14813113997642574,1.1527314186804982
ossl_lucas_block,block19,19,GC-D,0.05,1,25,0.005864381790161133,1216,0.9457236842105263,4.45724987031866,3.8194182202372966,5.739215720379705,1.0,1.1617399896435305,0.14813113997642574,1.1527314186804982
ossl_lucas_block,block19,19,GC-D,0.1,1,25,0.005734443664550781,1216,0.9185855263157895,3.48886233555004,3.003187123814226,4.642521179635492,1.0,1.1617399896435305,0.14813113997642574,1.1527314186804982
ossl_lucas_block,block19,19,GC-D,0.2,1,25,0.00593876838684082,1216,0.8363486842105263,2.534066508360909,2.1824843187673926,3.618721186335024,1.0,1.1617399896435305,0.14813113997642574,1.1527314186804982
ossl_lucas_block,block19,19,GC-D+,0.05,1,25,0.0058062076568603516,1216,0.9695723684210527,6.03132981218836,5.134570152171246,6.579548823624177,1.0,1.1617399896435305,0.14813113997642574,1.1527314186804982
ossl_lucas_block,block19,19,GC-D+,0.1,1,25,0.0057849884033203125,1216,0.9317434210526315,3.997100896049189,3.4320612100597474,4.838358759311302,1.0,1.1617399896435305,0.14813113997642574,1.1527314186804982
ossl_lucas_block,block19,19,GC-D+,0.2,1,25,0.0058841705322265625,1216,0.8585526315789473,2.744245286570161,2.364777409980883,3.675004390705872,1.0,1.1617399896435305,0.14813113997642574,1.1527314186804982
ossl_lucas_block,block19,19,HJ+,0.05,1,25,0.31091976165771484,1216,0.975328947368421,5.772775122558211,5.057532034503733,6.131167479047701,1.0,1.1617399896435305,0.14813113997642574,1.1527314186804982
ossl_lucas_block,block19,19,HJ+,0.1,1,25,0.29172706604003906,1216,0.9300986842105263,3.731107668341945,3.2633978510334805,4.55225519275596,1.0,1.1617399896435305,0.14813113997642574,1.1527314186804982
ossl_lucas_block,block19,19,HJ+,0.2,1,25,0.3351256847381592,1216,0.8273026315789473,2.525803761186314,2.211632345163835,3.5568402408503808,1.0,1.1617399896435305,0.14813113997642574,1.1527314186804982
ossl_lucas_block,block19,19,HJ+-D,0.05,1,25,0.265491247177124,1216,0.9712171052631579,6.026542539664063,5.147260524561915,6.545622366360167,1.0,1.1617399896435305,0.14813113997642574,1.1527314186804982
ossl_lucas_block,block19,19,HJ+-D,0.1,1,25,0.3023412227630615,1216,0.9317434210526315,4.005257144202854,3.4402190435047495,4.818054246299415,1.0,1.1617399896435305,0.14813113997642574,1.1527314186804982
ossl_lucas_block,block19,19,HJ+-D,0.2,1,25,0.33889293670654297,1216,0.8667763157894737,2.7511232584933736,2.369622610736939,3.659453786030088,1.0,1.1617399896435305,0.14813113997642574,1.1527314186804982
ossl_lucas_block,block19,19,HCP-D,0.05,1,25,8.243759632110596,1216,1.0,inf,inf,inf,0.0,1.1617399896435305,0.14813113997642574,1.1527314186804982
ossl_lucas_block,block19,19,HCP-D,0.1,1,25,8.453320026397705,1216,0.9695723684210527,5.1864493719520395,4.52805412845202,5.464100042035636,1.0,1.1617399896435305,0.14813113997642574,1.1527314186804982
ossl_lucas_block,block19,19,HCP-D,0.2,1,25,8.681302785873413,1216,0.899671052631579,3.008994935411722,2.639715111958897,3.626314899747926,1.0,1.1617399896435305,0.14813113997642574,1.1527314186804982
ossl_lucas_block,block19,19,HCP-A,0.05,1,25,0.9189236164093018,1216,1.0,inf,inf,inf,0.0,1.1617399896435305,0.14813113997642574,1.1527314186804982
ossl_lucas_block,block19,19,HCP-A,0.1,1,25,0.9163577556610107,1216,0.975328947368421,4.913308422692332,4.386204591916577,5.135381540233355,1.0,1.1617399896435305,0.14813113997642574,1.1527314186804982
ossl_lucas_block,block19,19,HCP-A,0.2,1,25,0.9385397434234619,1216,0.8799342105263158,2.811825788541365,2.5101707697420252,3.4828889689381817,1.0,1.1617399896435305,0.14813113997642574,1.1527314186804982
ossl_lucas_block,block19,19,ORACLE,0.05,1,25,0.0019276142120361328,1216,0.9514802631578947,4.315275898177387,3.7950902907854878,5.448797707748244,1.0,1.1617399896435305,0.14813113997642574,1.1527314186804982
ossl_lucas_block,block19,19,ORACLE,0.1,1,25,0.0015871524810791016,1216,0.9021381578947368,3.2394193530147803,2.8453922091916826,4.4714799448257345,1.0,1.1617399896435305,0.14813113997642574,1.1527314186804982
ossl_lucas_block,block19,19,ORACLE,0.2,1,25,0.0015311241149902344,1216,0.803453947368421,2.3130386391241977,2.0281932504524725,3.555245235880528,1.0,1.1617399896435305,0.14813113997642574,1.1527314186804982
ossl_lucas_block,block20,20,ASTM-R,0.05,1,25,4.979559421539307,1326,0.9366515837104072,6.363894255384401,4.996313104191332,13.461053895486211,1.0,3.4435257283454352,-1.535330841680622,3.083471896115413
ossl_lucas_block,block20,20,ASTM-R,0.1,1,25,0.0005450248718261719,1326,0.8951734539969834,5.2383588986272684,4.112614746245803,10.787966182861645,1.0,3.4435257283454352,-1.535330841680622,3.083471896115413
ossl_lucas_block,block20,20,ASTM-R,0.2,1,25,0.00041484832763671875,1326,0.8129713423831071,4.007535815671464,3.1462735086172393,8.531517006239056,1.0,3.4435257283454352,-1.535330841680622,3.083471896115413
ossl_lucas_block,block20,20,ASTM-G,0.05,1,25,0.0007176399230957031,1326,0.94947209653092,6.7686194588874855,5.314082466858314,12.80006495007997,1.0,3.4435257283454352,-1.535330841680622,3.083471896115413
ossl_lucas_block,block20,20,ASTM-G,0.1,1,25,0.0006692409515380859,1326,0.9095022624434389,5.559471742511901,4.364729948419421,10.430662646586342,1.0,3.4435257283454352,-1.535330841680622,3.083471896115413
ossl_lucas_block,block20,20,ASTM-G,0.2,1,25,0.0005252361297607422,1326,0.832579185520362,4.244468032854412,3.332291532652355,8.36511093482659,1.0,3.4435257283454352,-1.535330841680622,3.083471896115413
ossl_lucas_block,block20,20,GPR,0.05,1,25,164.75466418266296,1326,0.9509803921568627,6.35672759934432,4.268724086910562,10.398879721587377,1.0,3.4435257283454352,-1.535330841680622,3.083471896115413
ossl_lucas_block,block20,20,GPR,0.1,1,25,0.0001392364501953125,1326,0.9064856711915535,5.250640814159756,3.5308486902141167,8.500524701221462,1.0,3.4435257283454352,-1.535330841680622,3.083471896115413
ossl_lucas_block,block20,20,GPR,0.2,1,25,9.441375732421875e-05,1326,0.8205128205128205,4.030210639710837,2.708834948690982,6.77890843369145,1.0,3.4435257283454352,-1.535330841680622,3.083471896115413
ossl_lucas_block,block20,20,BAG,0.05,1,25,34.07677245140076,1326,0.9366515837104072,6.363093762242822,5.009775596369888,13.599977577067138,1.0,3.4435257283454352,-1.535330841680622,3.083471896115413
ossl_lucas_block,block20,20,BAG,0.1,1,25,0.00011563301086425781,1326,0.8959276018099548,5.237609820088132,4.123709547713236,10.857354613265354,1.0,3.4435257283454352,-1.535330841680622,3.083471896115413
ossl_lucas_block,block20,20,BAG,0.2,1,25,9.989738464355469e-05,1326,0.8167420814479638,4.006894766121052,3.1547691603817425,8.569734812379101,1.0,3.4435257283454352,-1.535330841680622,3.083471896115413
ossl_lucas_block,block20,20,QGB,0.05,1,25,4.794089317321777,1326,0.8634992458521871,5.7419962501329005,3.633996409793528,13.556076733876296,1.0,3.4435257283454352,-1.535330841680622,3.083471896115413
ossl_lucas_block,block20,20,QGB,0.1,1,25,3.668386459350586,1326,0.801659125188537,4.751696780674645,2.8388628597028527,9.316738069865629,1.0,3.4435257283454352,-1.535330841680622,3.083471896115413
ossl_lucas_block,block20,20,QGB,0.2,1,25,4.0271217823028564,1326,0.6862745098039216,3.685186108640986,2.0682386959374006,6.854379672577523,1.0,3.4435257283454352,-1.535330841680622,3.083471896115413
ossl_lucas_block,block20,20,SCP,0.05,1,25,0.0004661083221435547,1326,0.947209653092006,6.726576525097263,5.281936612372898,12.962585786603473,1.0,3.4435257283454352,-1.535330841680622,3.083471896115413
ossl_lucas_block,block20,20,SCP,0.1,1,25,0.00037026405334472656,1326,0.8914027149321267,5.216251838747234,4.095978312836941,10.934908287498546,1.0,3.4435257283454352,-1.535330841680622,3.083471896115413
ossl_lucas_block,block20,20,SCP,0.2,1,25,0.0004565715789794922,1326,0.7926093514328808,3.774774660461581,2.9640814176660544,8.815306143800775,1.0,3.4435257283454352,-1.535330841680622,3.083471896115413
ossl_lucas_block,block20,20,NCP-kNN,0.05,1,25,4.808687925338745,1326,0.9351432880844646,6.457899055313074,3.6007938130968955,10.167545144951335,1.0,3.4435257283454352,-1.535330841680622,3.083471896115413
ossl_lucas_block,block20,20,NCP-kNN,0.1,1,25,0.0003142356872558594,1326,0.8785822021116139,5.285659517277364,3.0090573955982576,8.358740116329953,1.0,3.4435257283454352,-1.535330841680622,3.083471896115413
ossl_lucas_block,block20,20,NCP-kNN,0.2,1,25,0.000347137451171875,1326,0.7624434389140271,4.008131747679503,2.322888995637717,6.982272925133637,1.0,3.4435257283454352,-1.535330841680622,3.083471896115413
ossl_lucas_block,block20,20,CV+,0.05,1,25,0.07514619827270508,1326,0.944947209653092,6.636125590587651,5.205290738767156,12.992117858469324,1.0,3.4435257283454352,-1.535330841680622,3.083471896115413
ossl_lucas_block,block20,20,CV+,0.1,1,25,0.07789421081542969,1326,0.8868778280542986,5.0954332537853455,4.000203156425309,10.974841574510702,1.0,3.4435257283454352,-1.535330841680622,3.083471896115413
ossl_lucas_block,block20,20,CV+,0.2,1,25,0.08193254470825195,1326,0.7888386123680241,3.6982346469272454,2.905884834057489,8.799083966912255,1.0,3.4435257283454352,-1.535330841680622,3.083471896115413
ossl_lucas_block,block20,20,CQR,0.05,1,25,0.0003662109375,1326,0.9102564102564102,6.432893719743922,4.157323058532926,11.175877688560838,1.0,3.4435257283454352,-1.535330841680622,3.083471896115413
ossl_lucas_block,block20,20,CQR,0.1,1,25,0.0004031658172607422,1326,0.8657616892911011,5.2830920691304355,3.2041184742826725,8.474664229106974,1.0,3.4435257283454352,-1.535330841680622,3.083471896115413
ossl_lucas_block,block20,20,CQR,0.2,1,25,0.0003898143768310547,1326,0.7586726998491704,4.050066415448294,2.3302059456262048,6.576114582505062,1.0,3.4435257283454352,-1.535330841680622,3.083471896115413
ossl_lucas_block,block20,20,WCP,0.05,1,25,0.02521967887878418,1326,0.9313725490196079,inf,4.88091228361197,inf,0.9992458521870287,3.4435257283454352,-1.535330841680622,3.083471896115413
ossl_lucas_block,block20,20,WCP,0.1,1,25,0.0035698413848876953,1326,0.9064856711915535,5.587916505736639,4.387335486411715,10.498690215366572,1.0,3.4435257283454352,-1.535330841680622,3.083471896115413
ossl_lucas_block,block20,20,WCP,0.2,1,25,0.0031807422637939453,1326,0.8152337858220211,4.0087011270435235,3.1508323819790265,8.617604454429362,1.0,3.4435257283454352,-1.535330841680622,3.083471896115413
ossl_lucas_block,block20,20,R-U-A,0.05,1,25,0.0025033950805664062,1326,0.9441930618401206,6.625872120649809,5.20055551376278,13.014557519105871,1.0,3.4435257283454352,-1.535330841680622,3.083471896115413
ossl_lucas_block,block20,20,R-U-A,0.1,1,25,0.002639293670654297,1326,0.8876319758672699,5.093899305410894,3.998131210040469,10.97752585131646,1.0,3.4435257283454352,-1.535330841680622,3.083471896115413
ossl_lucas_block,block20,20,R-U-A,0.2,1,25,0.0017321109771728516,1326,0.7873303167420814,3.6946780029172017,2.8999017351642955,8.810342631437612,1.0,3.4435257283454352,-1.535330841680622,3.083471896115413
ossl_lucas_block,block20,20,R-U-D,0.05,1,25,0.1436328887939453,1326,0.9457013574660633,6.641946871001035,5.000432411565768,12.747034736397715,1.0,3.4435257283454352,-1.535330841680622,3.083471896115413
ossl_lucas_block,block20,20,R-U-D,0.1,1,25,0.002891063690185547,1326,0.8966817496229261,5.168213702657886,3.902601101363641,10.614380160408896,1.0,3.4435257283454352,-1.535330841680622,3.083471896115413
ossl_lucas_block,block20,20,R-U-D,0.2,1,25,0.002777576446533203,1326,0.7941176470588235,3.786402871432492,2.863822329875677,8.567332516979508,1.0,3.4435257283454352,-1.535330841680622,3.083471896115413
ossl_lucas_block,block20,20,G-U-A,0.05,1,25,0.0025534629821777344,1326,0.9524886877828054,6.909912161824091,5.423494619039907,12.623054778069246,1.0,3.4435257283454352,-1.535330841680622,3.083471896115413
ossl_lucas_block,block20,20,G-U-A,0.1,1,25,0.0014777183532714844,1326,0.8996983408748115,5.345308352151403,4.19545869847198,10.6604857349974,1.0,3.4435257283454352,-1.535330841680622,3.083471896115413
ossl_lucas_block,block20,20,G-U-A,0.2,1,25,0.0014407634735107422,1326,0.8069381598793364,3.9084119782840845,3.0676585804267527,8.613248262339736,1.0,3.4435257283454352,-1.535330841680622,3.083471896115413
ossl_lucas_block,block20,20,G-W-A,0.05,1,25,0.00464320182800293,1326,0.9577677224736049,7.092799283623855,5.56704019498119,12.41297564071635,1.0,3.4435257283454352,-1.535330841680622,3.083471896115413
ossl_lucas_block,block20,20,G-W-A,0.1,1,25,0.0048694610595703125,1326,0.9034690799396682,5.440429675446316,4.2701181113507864,10.553024578021851,1.0,3.4435257283454352,-1.535330841680622,3.083471896115413
ossl_lucas_block,block20,20,G-W-A,0.2,1,25,0.004717350006103516,1326,0.8069381598793364,3.9125428456546962,3.0709008411721577,8.609778048008202,1.0,3.4435257283454352,-1.535330841680622,3.083471896115413
ossl_lucas_block,block20,20,G-U-D,0.05,1,25,0.09421563148498535,1326,0.947209653092006,6.818807236326257,5.127404680149553,12.496127225137684,1.0,3.4435257283454352,-1.535330841680622,3.083471896115413
ossl_lucas_block,block20,20,G-U-D,0.1,1,25,0.002630472183227539,1326,0.9079939668174962,5.3821383184194325,4.065186569402302,10.376821334183786,1.0,3.4435257283454352,-1.535330841680622,3.083471896115413
ossl_lucas_block,block20,20,G-U-D,0.2,1,25,0.0025038719177246094,1326,0.8099547511312217,3.9655303096853367,2.999510260681891,8.42291233329547,1.0,3.4435257283454352,-1.535330841680622,3.083471896115413
ossl_lucas_block,block20,20,GC-D,0.05,1,25,0.006118059158325195,1326,0.9502262443438914,6.87334145466739,5.167232630302919,12.41972434489718,1.0,3.4435257283454352,-1.535330841680622,3.083471896115413
ossl_lucas_block,block20,20,GC-D,0.1,1,25,0.0057468414306640625,1326,0.9079939668174962,5.386998696805083,4.06884809601749,10.371992537075204,1.0,3.4435257283454352,-1.535330841680622,3.083471896115413
ossl_lucas_block,block20,20,GC-D,0.2,1,25,0.005685091018676758,1326,0.8069381598793364,3.9156839380652593,2.9622759241401164,8.460969595220698,1.0,3.4435257283454352,-1.535330841680622,3.083471896115413
ossl_lucas_block,block20,20,GC-D+,0.05,1,25,0.0064198970794677734,1326,0.9826546003016591,9.312711616141293,6.952739538003323,11.182156958784175,1.0,3.4435257283454352,-1.535330841680622,3.083471896115413
ossl_lucas_block,block20,20,GC-D+,0.1,1,25,0.0062389373779296875,1326,0.9343891402714932,6.211553221378429,4.677397609084928,9.837462479319573,1.0,3.4435257283454352,-1.535330841680622,3.083471896115413
ossl_lucas_block,block20,20,GC-D+,0.2,1,25,0.005707502365112305,1326,0.8280542986425339,4.228765441636542,3.1968631192416996,8.238334380761343,1.0,3.4435257283454352,-1.535330841680622,3.083471896115413
ossl_lucas_block,block20,20,HJ+,0.05,1,25,0.3667261600494385,1326,0.9856711915535445,9.84838060826014,7.74473860270829,11.50359388244939,1.0,3.4435257283454352,-1.535330841680622,3.083471896115413
ossl_lucas_block,block20,20,HJ+,0.1,1,25,0.30492544174194336,1326,0.9358974358974359,6.293009015190044,4.945405893262709,9.951391863954184,1.0,3.4435257283454352,-1.535330841680622,3.083471896115413
ossl_lucas_block,block20,20,HJ+,0.2,1,25,0.3436014652252197,1326,0.834841628959276,4.246317907869518,3.3353204163131096,8.348887634751568,1.0,3.4435257283454352,-1.535330841680622,3.083471896115413
ossl_lucas_block,block20,20,HJ+-D,0.05,1,25,0.25510478019714355,1326,0.9826546003016591,9.389033862513203,7.016071670721846,11.211773011559394,1.0,3.4435257283454352,-1.535330841680622,3.083471896115413
ossl_lucas_block,block20,20,HJ+-D,0.1,1,25,0.3161051273345947,1326,0.9351432880844646,6.231023413967103,4.693262587196788,9.820620539790237,1.0,3.4435257283454352,-1.535330841680622,3.083471896115413
ossl_lucas_block,block20,20,HJ+-D,0.2,1,25,0.3543410301208496,1326,0.8318250377073907,4.251032871435497,3.2080805043275955,8.20988313814692,1.0,3.4435257283454352,-1.535330841680622,3.083471896115413
ossl_lucas_block,block20,20,HCP-D,0.05,1,25,8.649888038635254,1326,1.0,inf,inf,inf,0.0,3.4435257283454352,-1.535330841680622,3.083471896115413
ossl_lucas_block,block20,20,HCP-D,0.1,1,25,8.607457399368286,1326,0.9660633484162896,8.128175345011702,6.086233383721339,10.109416862006249,1.0,3.4435257283454352,-1.535330841680622,3.083471896115413
ossl_lucas_block,block20,20,HCP-D,0.2,1,25,8.26905345916748,1326,0.8642533936651584,4.738018627649379,3.576948338542092,8.398899340996564,1.0,3.4435257283454352,-1.535330841680622,3.083471896115413
ossl_lucas_block,block20,20,HCP-A,0.05,1,25,0.9349493980407715,1326,1.0,inf,inf,inf,0.0,3.4435257283454352,-1.535330841680622,3.083471896115413
ossl_lucas_block,block20,20,HCP-A,0.1,1,25,0.9369099140167236,1326,0.969079939668175,8.435433717066461,6.7312203638703565,10.37773628066507,1.0,3.4435257283454352,-1.535330841680622,3.083471896115413
ossl_lucas_block,block20,20,HCP-A,0.2,1,25,0.9139490127563477,1326,0.8740573152337858,4.834636502848332,3.8578933545578185,8.581220667151872,1.0,3.4435257283454352,-1.535330841680622,3.083471896115413
ossl_lucas_block,block20,20,ORACLE,0.05,1,25,0.001954317092895508,1326,0.9502262443438914,6.845848995077814,5.351571423140582,12.804862821014169,1.0,3.4435257283454352,-1.535330841680622,3.083471896115413
ossl_lucas_block,block20,20,ORACLE,0.1,1,25,0.0016884803771972656,1326,0.9034690799396682,5.397964067880234,4.219699344566081,10.6293446936482,1.0,3.4435257283454352,-1.535330841680622,3.083471896115413
ossl_lucas_block,block20,20,ORACLE,0.2,1,25,0.0017952919006347656,1326,0.797134238310709,3.843278229858172,3.012667430373291,8.675148112436519,1.0,3.4435257283454352,-1.535330841680622,3.083471896115413
ossl_lucas_block,block21,21,ASTM-R,0.05,1,25,5.6136980056762695,835,0.9868263473053892,3.8832474654757076,3.6079785287734523,4.010340382262561,1.0,0.6374489486859698,0.03451530289321753,0.636895318903616
ossl_lucas_block,block21,21,ASTM-R,0.1,1,25,0.0005655288696289062,835,0.9724550898203593,3.1958326339627696,2.969216915832062,3.3779388871492384,1.0,0.6374489486859698,0.03451530289321753,0.636895318903616
ossl_lucas_block,block21,21,ASTM-R,0.2,1,25,0.0006976127624511719,835,0.9353293413173652,2.444483051873407,2.271090816802105,2.657661234625928,1.0,0.6374489486859698,0.03451530289321753,0.636895318903616
ossl_lucas_block,block21,21,ASTM-G,0.05,1,25,0.00074005126953125,835,0.9892215568862276,4.148770367347394,3.8547196338100145,4.229579757102885,1.0,0.6374489486859698,0.03451530289321753,0.636895318903616
ossl_lucas_block,block21,21,ASTM-G,0.1,1,25,0.0006465911865234375,835,0.9748502994011976,3.406350719903753,3.164830797395196,3.5445253386969156,1.0,0.6374489486859698,0.03451530289321753,0.636895318903616
ossl_lucas_block,block21,21,ASTM-G,0.2,1,25,0.0005087852478027344,835,0.9497005988023952,2.5997020241969047,2.4153108802679606,2.775435328120907,1.0,0.6374489486859698,0.03451530289321753,0.636895318903616
ossl_lucas_block,block21,21,GPR,0.05,1,25,135.7344789505005,835,0.9832335329341317,3.1293884011357544,2.7298091588257765,3.3168478627623084,1.0,0.6374489486859698,0.03451530289321753,0.636895318903616
ossl_lucas_block,block21,21,GPR,0.1,1,25,0.00013113021850585938,835,0.9604790419161676,2.581121735296726,2.2560165749607037,2.8264216248381695,1.0,0.6374489486859698,0.03451530289321753,0.636895318903616
ossl_lucas_block,block21,21,GPR,0.2,1,25,0.00017952919006347656,835,0.8922155688622755,1.9787727305318479,1.7327150660207282,2.32504581439489,1.0,0.6374489486859698,0.03451530289321753,0.636895318903616
ossl_lucas_block,block21,21,BAG,0.05,1,25,34.18388080596924,835,0.98562874251497,3.872485824744447,3.5988333701857798,4.004243784179338,1.0,0.6374489486859698,0.03451530289321753,0.636895318903616
ossl_lucas_block,block21,21,BAG,0.1,1,25,0.00012826919555664062,835,0.9748502994011976,3.186990473271825,2.9619431299532826,3.372029446222369,1.0,0.6374489486859698,0.03451530289321753,0.636895318903616
ossl_lucas_block,block21,21,BAG,0.2,1,25,8.559226989746094e-05,835,0.9377245508982036,2.4377287449350273,2.265709181881774,2.652317789020513,1.0,0.6374489486859698,0.03451530289321753,0.636895318903616
ossl_lucas_block,block21,21,QGB,0.05,1,25,4.605505704879761,835,0.9425149700598803,2.887250915073451,2.5528582969905846,3.3064361374643547,1.0,0.6374489486859698,0.03451530289321753,0.636895318903616
ossl_lucas_block,block21,21,QGB,0.1,1,25,3.7649669647216797,835,0.874251497005988,1.9153029861214517,1.6238115433145195,2.478023637362278,1.0,0.6374489486859698,0.03451530289321753,0.636895318903616
ossl_lucas_block,block21,21,QGB,0.2,1,25,4.09086275100708,835,0.7736526946107785,1.3064960447320837,1.0621854826010089,1.863112791014723,1.0,0.6374489486859698,0.03451530289321753,0.636895318903616
ossl_lucas_block,block21,21,SCP,0.05,1,25,0.0004210472106933594,835,0.9880239520958084,4.12811063110309,3.8340997640774805,4.223034079067439,1.0,0.6374489486859698,0.03451530289321753,0.636895318903616
ossl_lucas_block,block21,21,SCP,0.1,1,25,0.00028228759765625,835,0.9700598802395209,3.1981931657953364,2.9704125587287082,3.3847590591083847,1.0,0.6374489486859698,0.03451530289321753,0.636895318903616
ossl_lucas_block,block21,21,SCP,0.2,1,25,0.0002617835998535156,835,0.9209580838323354,2.2639149016980387,2.1026751378929247,2.5419043405793245,1.0,0.6374489486859698,0.03451530289321753,0.636895318903616
ossl_lucas_block,block21,21,NCP-kNN,0.05,1,25,4.744242906570435,835,0.9437125748502994,2.3383855011140153,1.8216969519713626,2.84221352614622,1.0,0.6374489486859698,0.03451530289321753,0.636895318903616
ossl_lucas_block,block21,21,NCP-kNN,0.1,1,25,0.0003483295440673828,835,0.895808383233533,1.921298878722086,1.500910957812731,2.411151605827253,1.0,0.6374489486859698,0.03451530289321753,0.636895318903616
ossl_lucas_block,block21,21,NCP-kNN,0.2,1,25,0.0003101825714111328,835,0.807185628742515,1.4908550838156007,1.1673773102267049,1.988343869070576,1.0,0.6374489486859698,0.03451530289321753,0.636895318903616
ossl_lucas_block,block21,21,CV+,0.05,1,25,0.05011487007141113,835,0.9880239520958084,4.050194810362431,3.762144827306874,4.146972716466632,1.0,0.6374489486859698,0.03451530289321753,0.636895318903616
ossl_lucas_block,block21,21,CV+,0.1,1,25,0.04348278045654297,835,0.9724550898203593,3.117491811387014,2.895674114216989,3.3178287246722253,1.0,0.6374489486859698,0.03451530289321753,0.636895318903616
ossl_lucas_block,block21,21,CV+,0.2,1,25,0.05709671974182129,835,0.9245508982035928,2.259140561126072,2.097165415323282,2.5279090802596573,1.0,0.6374489486859698,0.03451530289321753,0.636895318903616
ossl_lucas_block,block21,21,CQR,0.05,1,25,0.0003199577331542969,835,0.9676646706586827,3.3236852478624193,2.9630036146936742,3.496176241357741,1.0,0.6374489486859698,0.03451530289321753,0.636895318903616
ossl_lucas_block,block21,21,CQR,0.1,1,25,0.00028014183044433594,835,0.9269461077844311,2.2089171602028577,1.891150014217524,2.5545413985431416,1.0,0.6374489486859698,0.03451530289321753,0.636895318903616
ossl_lucas_block,block21,21,CQR,0.2,1,25,0.000274658203125,835,0.844311377245509,1.5040659112342554,1.2298263439063042,1.8967039615157573,1.0,0.6374489486859698,0.03451530289321753,0.636895318903616
ossl_lucas_block,block21,21,WCP,0.05,1,25,0.023986101150512695,835,1.0,7.672511762327493,7.126062784310809,7.672511762327493,1.0,0.6374489486859698,0.03451530289321753,0.636895318903616
ossl_lucas_block,block21,21,WCP,0.1,1,25,0.0031731128692626953,835,1.0,7.672511762327493,7.126062784310809,7.672511762327493,1.0,0.6374489486859698,0.03451530289321753,0.636895318903616
ossl_lucas_block,block21,21,WCP,0.2,1,25,0.003132343292236328,835,1.0,7.672511762327493,7.126062784310809,7.672511762327493,1.0,0.6374489486859698,0.03451530289321753,0.636895318903616
ossl_lucas_block,block21,21,R-U-A,0.05,1,25,0.00185394287109375,835,0.9880239520958084,4.0476158511475715,3.757905028681555,4.144513401012039,1.0,0.6374489486859698,0.03451530289321753,0.636895318903616
ossl_lucas_block,block21,21,R-U-A,0.1,1,25,0.001634359359741211,835,0.9724550898203593,3.1161728652917957,2.893130699989965,3.316063186320604,1.0,0.6374489486859698,0.03451530289321753,0.636895318903616
ossl_lucas_block,block21,21,R-U-A,0.2,1,25,0.0015063285827636719,835,0.9233532934131736,2.25697692552316,2.095432286548898,2.5259782672216406,1.0,0.6374489486859698,0.03451530289321753,0.636895318903616
ossl_lucas_block,block21,21,R-U-D,0.05,1,25,0.10873174667358398,835,0.9964071856287425,3.981886564939807,3.614854249048294,3.998623171182607,1.0,0.6374489486859698,0.03451530289321753,0.636895318903616
ossl_lucas_block,block21,21,R-U-D,0.1,1,25,0.0027976036071777344,835,0.9796407185628743,3.1132865555216136,2.8265107878044735,3.19090098976067,1.0,0.6374489486859698,0.03451530289321753,0.636895318903616
ossl_lucas_block,block21,21,R-U-D,0.2,1,25,0.0025107860565185547,835,0.9401197604790419,2.2802563940615066,2.0695036060455587,2.469587952079975,1.0,0.6374489486859698,0.03451530289321753,0.636895318903616
ossl_lucas_block,block21,21,G-U-A,0.05,1,25,0.0022704601287841797,835,0.9904191616766467,4.229445100920994,3.926719727806525,4.300376461235386,1.0,0.6374489486859698,0.03451530289321753,0.636895318903616
ossl_lucas_block,block21,21,G-U-A,0.1,1,25,0.0014576911926269531,835,0.9736526946107784,3.2672544569495923,3.0333985252755795,3.4349140973009153,1.0,0.6374489486859698,0.03451530289321753,0.636895318903616
ossl_lucas_block,block21,21,G-U-A,0.2,1,25,0.0014793872833251953,835,0.932934131736527,2.389204978261806,2.2181960276233985,2.617686064467509,1.0,0.6374489486859698,0.03451530289321753,0.636895318903616
ossl_lucas_block,block21,21,G-W-A,0.05,1,25,0.004736185073852539,835,0.9904191616766467,4.320574566430612,4.011326540630071,4.379624718260063,1.0,0.6374489486859698,0.03451530289321753,0.636895318903616
ossl_lucas_block,block21,21,G-W-A,0.1,1,25,0.004966259002685547,835,0.9736526946107784,3.322220381942797,3.0844302272785082,3.4784122330013134,1.0,0.6374489486859698,0.03451530289321753,0.636895318903616
ossl_lucas_block,block21,21,G-W-A,0.2,1,25,0.0049474239349365234,835,0.9353293413173652,2.400053850054527,2.228268384132684,2.625537000758776,1.0,0.6374489486859698,0.03451530289321753,0.636895318903616
ossl_lucas_block,block21,21,G-U-D,0.05,1,25,0.09102487564086914,835,0.9964071856287425,4.111865888660971,3.723684907983249,4.12421557902499,1.0,0.6374489486859698,0.03451530289321753,0.636895318903616
ossl_lucas_block,block21,21,G-U-D,0.1,1,25,0.0026412010192871094,835,0.9832335329341317,3.235123623498271,2.935801155919055,3.293885193826804,1.0,0.6374489486859698,0.03451530289321753,0.636895318903616
ossl_lucas_block,block21,21,G-U-D,0.2,1,25,0.0025234222412109375,835,0.9449101796407186,2.3931684479579887,2.1746298731205806,2.550688370736979,1.0,0.6374489486859698,0.03451530289321753,0.636895318903616
ossl_lucas_block,block21,21,GC-D,0.05,1,25,0.0057756900787353516,835,0.9964071856287425,4.145162962495374,3.7530082977626487,4.156384680502365,1.0,0.6374489486859698,0.03451530289321753,0.636895318903616
ossl_lucas_block,block21,21,GC-D,0.1,1,25,0.0058062076568603516,835,0.9844311377245509,3.2505877067077904,2.94966172065108,3.307346224627869,1.0,0.6374489486859698,0.03451530289321753,0.636895318903616
ossl_lucas_block,block21,21,GC-D,0.2,1,25,0.006042957305908203,835,0.9425149700598803,2.373096382659126,2.1566254598851535,2.5357739470577974,1.0,0.6374489486859698,0.03451530289321753,0.636895318903616
ossl_lucas_block,block21,21,GC-D+,0.05,1,25,0.005986690521240234,835,1.0,5.613331262191433,5.04602484723139,5.613331262191433,1.0,0.6374489486859698,0.03451530289321753,0.636895318903616
ossl_lucas_block,block21,21,GC-D+,0.1,1,25,0.005911350250244141,835,0.9940119760479041,3.7294731232813,3.3837958000115953,3.7461138111605465,1.0,0.6374489486859698,0.03451530289321753,0.636895318903616
ossl_lucas_block,block21,21,GC-D+,0.2,1,25,0.006495475769042969,835,0.9544910179640719,2.561892645265815,2.3281343798767646,2.680354311375157,1.0,0.6374489486859698,0.03451530289321753,0.636895318903616
ossl_lucas_block,block21,21,HJ+,0.05,1,25,0.24821853637695312,835,1.0,6.061096563768863,5.641377266394148,6.061096563768863,1.0,0.6374489486859698,0.03451530289321753,0.636895318903616
ossl_lucas_block,block21,21,HJ+,0.1,1,25,0.24132657051086426,835,0.9868263473053892,3.8563325031208064,3.581094761485811,3.9234242608526286,1.0,0.6374489486859698,0.03451530289321753,0.636895318903616
ossl_lucas_block,block21,21,HJ+,0.2,1,25,0.2584381103515625,835,0.948502994011976,2.608790268444012,2.42379319362604,2.7835874565250025,1.0,0.6374489486859698,0.03451530289321753,0.636895318903616
ossl_lucas_block,block21,21,HJ+-D,0.05,1,25,0.19731998443603516,835,1.0,5.6296357939652255,5.065061869896674,5.6296357939652255,1.0,0.6374489486859698,0.03451530289321753,0.636895318903616
ossl_lucas_block,block21,21,HJ+-D,0.1,1,25,0.2431199550628662,835,0.9940119760479041,3.7444740696969196,3.390794347969542,3.7619026956754045,1.0,0.6374489486859698,0.03451530289321753,0.636895318903616
ossl_lucas_block,block21,21,HJ+-D,0.2,1,25,0.28470373153686523,835,0.9580838323353293,2.578165856937349,2.3420464245925956,2.6938269579023397,1.0,0.6374489486859698,0.03451530289321753,0.636895318903616
ossl_lucas_block,block21,21,HCP-D,0.05,1,25,8.244418621063232,835,1.0,inf,inf,inf,0.0,0.6374489486859698,0.03451530289321753,0.636895318903616
ossl_lucas_block,block21,21,HCP-D,0.1,1,25,8.086468696594238,835,0.9988023952095808,4.779318037086798,4.346817462368317,4.783519559173278,1.0,0.6374489486859698,0.03451530289321753,0.636895318903616
ossl_lucas_block,block21,21,HCP-D,0.2,1,25,8.41989803314209,835,0.9760479041916168,2.817793931170535,2.5647317140867276,2.8801885138792773,1.0,0.6374489486859698,0.03451530289321753,0.636895318903616
ossl_lucas_block,block21,21,HCP-A,0.05,1,25,0.9227292537689209,835,1.0,inf,inf,inf,0.0,0.6374489486859698,0.03451530289321753,0.636895318903616
ossl_lucas_block,block21,21,HCP-A,0.1,1,25,0.8868968486785889,835,0.9976047904191617,4.952936553648276,4.599532851607943,4.957961970846837,1.0,0.6374489486859698,0.03451530289321753,0.636895318903616
ossl_lucas_block,block21,21,HCP-A,0.2,1,25,0.871135950088501,835,0.9640718562874252,2.837426604180779,2.6349695253703116,2.9622624437247693,1.0,0.6374489486859698,0.03451530289321753,0.636895318903616
ossl_lucas_block,block21,21,ORACLE,0.05,1,25,0.0018215179443359375,835,0.9556886227544911,2.7310291528815926,2.538092685946632,3.3607244761394663,1.0,0.6374489486859698,0.03451530289321753,0.636895318903616
ossl_lucas_block,block21,21,ORACLE,0.1,1,25,0.0015997886657714844,835,0.9065868263473054,2.0314858613104767,1.8924350607421516,2.7444580469662876,1.0,0.6374489486859698,0.03451530289321753,0.636895318903616
ossl_lucas_block,block21,21,ORACLE,0.2,1,25,0.0014996528625488281,835,0.8035928143712575,1.367429443323439,1.2734190799247875,2.1745717439175762,1.0,0.6374489486859698,0.03451530289321753,0.636895318903616
ossl_lucas_block,block22,22,ASTM-R,0.05,1,25,5.023139238357544,1396,0.8968481375358166,13.997717090605963,6.896413724969854,27.57683990981905,1.0,8.428375314311754,-1.0937956456044706,8.36009490643771
ossl_lucas_block,block22,22,ASTM-R,0.1,1,25,0.0005598068237304688,1396,0.8252148997134671,11.525093333326323,5.678307690549239,22.601694672491167,1.0,8.428375314311754,-1.0937956456044706,8.36009490643771
ossl_lucas_block,block22,22,ASTM-R,0.2,1,25,0.0004489421844482422,1396,0.7127507163323782,8.819333659285485,4.345284304796687,18.274723508907563,1.0,8.428375314311754,-1.0937956456044706,8.36009490643771
ossl_lucas_block,block22,22,ASTM-G,0.05,1,25,0.0008306503295898438,1396,0.9090257879656161,14.873331546143017,7.3277592591948615,26.145678897882476,1.0,8.428375314311754,-1.0937956456044706,8.36009490643771
ossl_lucas_block,block22,22,ASTM-G,0.1,1,25,0.0007040500640869141,1396,0.8524355300859598,12.220331958764088,6.02081402094475,21.850226564325666,1.0,8.428375314311754,-1.0937956456044706,8.36009490643771
ossl_lucas_block,block22,22,ASTM-G,0.2,1,25,0.0005791187286376953,1396,0.7349570200573066,9.332696872222678,4.598203523451926,17.907375459926598,1.0,8.428375314311754,-1.0937956456044706,8.36009490643771
ossl_lucas_block,block22,22,GPR,0.05,1,25,77.92530536651611,1396,0.8653295128939829,13.17899511616265,5.7613576487355855,22.807582751386384,1.0,8.428375314311754,-1.0937956456044706,8.36009490643771
ossl_lucas_block,block22,22,GPR,0.1,1,25,0.000156402587890625,1396,0.8022922636103151,10.80864685439949,4.783861877395541,18.49696711420065,1.0,8.428375314311754,-1.0937956456044706,8.36009490643771
ossl_lucas_block,block22,22,GPR,0.2,1,25,9.632110595703125e-05,1396,0.6883954154727794,8.242265362447426,3.6890110017960653,14.666135052757264,1.0,8.428375314311754,-1.0937956456044706,8.36009490643771
ossl_lucas_block,block22,22,BAG,0.05,1,25,31.886183500289917,1396,0.8982808022922636,14.019672890221972,6.887726355777927,27.044570459269426,1.0,8.428375314311754,-1.0937956456044706,8.36009490643771
ossl_lucas_block,block22,22,BAG,0.1,1,25,0.00012826919555664062,1396,0.8273638968481375,11.542066973540331,5.671098085450789,22.30712899624827,1.0,8.428375314311754,-1.0937956456044706,8.36009490643771
ossl_lucas_block,block22,22,BAG,0.2,1,25,9.703636169433594e-05,1396,0.7163323782234957,8.831515293430694,4.339723376756563,18.046822052065867,1.0,8.428375314311754,-1.0937956456044706,8.36009490643771
ossl_lucas_block,block22,22,QGB,0.05,1,25,4.798074960708618,1396,0.9111747851002865,13.404363696450632,7.048198500229649,20.56649147104197,1.0,8.428375314311754,-1.0937956456044706,8.36009490643771
ossl_lucas_block,block22,22,QGB,0.1,1,25,3.813824415206909,1396,0.8538681948424068,10.541503712743074,5.5953195208744475,15.924569892293432,1.0,8.428375314311754,-1.0937956456044706,8.36009490643771
ossl_lucas_block,block22,22,QGB,0.2,1,25,4.1207451820373535,1396,0.7700573065902578,7.664543933854485,4.349334430473622,12.29514737363959,1.0,8.428375314311754,-1.0937956456044706,8.36009490643771
ossl_lucas_block,block22,22,SCP,0.05,1,25,0.00034689903259277344,1396,0.9047277936962751,14.459419266057406,7.026221479444766,26.562477323856438,1.0,8.428375314311754,-1.0937956456044706,8.36009490643771
ossl_lucas_block,block22,22,SCP,0.1,1,25,0.00025963783264160156,1396,0.8108882521489972,11.159988457307703,5.422939135125551,22.946208902942836,1.0,8.428375314311754,-1.0937956456044706,8.36009490643771
ossl_lucas_block,block22,22,SCP,0.2,1,25,0.0002551078796386719,1396,0.6740687679083095,8.02884913321589,3.901434158386139,18.85845367863439,1.0,8.428375314311754,-1.0937956456044706,8.36009490643771
ossl_lucas_block,block22,22,NCP-kNN,0.05,1,25,5.000522613525391,1396,0.9348137535816619,18.755921391079895,7.308051652753207,22.118145566656935,1.0,8.428375314311754,-1.0937956456044706,8.36009490643771
ossl_lucas_block,block22,22,NCP-kNN,0.1,1,25,0.00029158592224121094,1396,0.8853868194842407,14.851065912018802,5.865210095588584,19.235365167199042,1.0,8.428375314311754,-1.0937956456044706,8.36009490643771
ossl_lucas_block,block22,22,NCP-kNN,0.2,1,25,0.0003104209899902344,1396,0.8001432664756447,11.459941237077865,4.576184487468579,16.061953786250346,1.0,8.428375314311754,-1.0937956456044706,8.36009490643771
ossl_lucas_block,block22,22,CV+,0.05,1,25,0.08058643341064453,1396,0.9040114613180515,14.594069675632829,7.187881810939302,26.496101081399026,1.0,8.428375314311754,-1.0937956456044706,8.36009490643771
ossl_lucas_block,block22,22,CV+,0.1,1,25,0.06774663925170898,1396,0.8087392550143266,11.187606834745397,5.508142644668075,23.00017317301486,1.0,8.428375314311754,-1.0937956456044706,8.36009490643771
ossl_lucas_block,block22,22,CV+,0.2,1,25,0.07294797897338867,1396,0.6747851002865329,8.092993810906984,3.9802778550476274,18.893108443258477,1.0,8.428375314311754,-1.0937956456044706,8.36009490643771
ossl_lucas_block,block22,22,CQR,0.05,1,25,0.0003459453582763672,1396,0.9455587392550143,14.627109254182082,7.816970433152462,18.472459407292913,1.0,8.428375314311754,-1.0937956456044706,8.36009490643771
ossl_lucas_block,block22,22,CQR,0.1,1,25,0.0002884864807128906,1396,0.8997134670487106,11.612985152725924,6.165467085393862,15.188106506707076,1.0,8.428375314311754,-1.0937956456044706,8.36009490643771
ossl_lucas_block,block22,22,CQR,0.2,1,25,0.0002753734588623047,1396,0.8116045845272206,8.358315560425622,4.672092495841133,12.041989712793619,1.0,8.428375314311754,-1.0937956456044706,8.36009490643771
ossl_lucas_block,block22,22,WCP,0.05,1,25,0.03010869026184082,1396,0.9892550143266475,inf,12.472978940248872,inf,0.995702005730659,8.428375314311754,-1.0937956456044706,8.36009490643771
ossl_lucas_block,block22,22,WCP,0.1,1,25,0.003838062286376953,1396,0.9111747851002865,inf,7.409003724912626,inf,0.9992836676217765,8.428375314311754,-1.0937956456044706,8.36009490643771
ossl_lucas_block,block22,22,WCP,0.2,1,25,0.003134489059448242,1396,0.7908309455587392,10.44051239369052,5.104495401829641,17.31526642226507,1.0,8.428375314311754,-1.0937956456044706,8.36009490643771
ossl_lucas_block,block22,22,R-U-A,0.05,1,25,0.001773834228515625,1396,0.9047277936962751,14.60580540923819,7.200199475718508,26.556628393932716,1.0,8.428375314311754,-1.0937956456044706,8.36009490643771
ossl_lucas_block,block22,22,R-U-A,0.1,1,25,0.0015881061553955078,1396,0.8087392550143266,11.16840580070691,5.50567033708384,23.071081807058885,1.0,8.428375314311754,-1.0937956456044706,8.36009490643771
ossl_lucas_block,block22,22,R-U-A,0.2,1,25,0.0014503002166748047,1396,0.673352435530086,8.083956580737734,3.9851345614630453,18.932302062822775,1.0,8.428375314311754,-1.0937956456044706,8.36009490643771
ossl_lucas_block,block22,22,R-U-D,0.05,1,25,0.12617969512939453,1396,0.8989971346704871,16.277776215445567,6.920996646650689,26.914411662904254,1.0,8.428375314311754,-1.0937956456044706,8.36009490643771
ossl_lucas_block,block22,22,R-U-D,0.1,1,25,0.002910614013671875,1396,0.8087392550143266,12.646937939358926,5.412152860067458,23.116444361213482,1.0,8.428375314311754,-1.0937956456044706,8.36009490643771
ossl_lucas_block,block22,22,R-U-D,0.2,1,25,0.0026116371154785156,1396,0.6912607449856734,9.203991629319328,3.971522092856648,18.725763684186425,1.0,8.428375314311754,-1.0937956456044706,8.36009490643771
ossl_lucas_block,block22,22,G-U-A,0.05,1,25,0.0027441978454589844,1396,0.916189111747851,15.215142328980932,7.500583278401011,25.701153092151507,1.0,8.428375314311754,-1.0937956456044706,8.36009490643771
ossl_lucas_block,block22,22,G-U-A,0.1,1,25,0.0018842220306396484,1396,0.8330945558739254,11.744452581004271,5.789643155375876,22.34189390250503,1.0,8.428375314311754,-1.0937956456044706,8.36009490643771
ossl_lucas_block,block22,22,G-U-A,0.2,1,25,0.001848459243774414,1396,0.7020057306590258,8.562623069414641,4.221101980187903,18.481745290246973,1.0,8.428375314311754,-1.0937956456044706,8.36009490643771
ossl_lucas_block,block22,22,G-W-A,0.05,1,25,0.005954742431640625,1396,0.921919770773639,15.522900754945095,7.652298435161455,25.357725591248176,1.0,8.428375314311754,-1.0937956456044706,8.36009490643771
ossl_lucas_block,block22,22,G-W-A,0.1,1,25,0.005750894546508789,1396,0.8359598853868195,11.868012640410875,5.8505543513032485,22.205798833092796,1.0,8.428375314311754,-1.0937956456044706,8.36009490643771
ossl_lucas_block,block22,22,G-W-A,0.2,1,25,0.006372690200805664,1396,0.7005730659025788,8.54347579446011,4.211662980062524,18.498023255592823,1.0,8.428375314311754,-1.0937956456044706,8.36009490643771
ossl_lucas_block,block22,22,G-U-D,0.05,1,25,0.10846447944641113,1396,0.9083094555873925,16.885319076142725,7.146159040941686,26.47881296318018,1.0,8.428375314311754,-1.0937956456044706,8.36009490643771
ossl_lucas_block,block22,22,G-U-D,0.1,1,25,0.0028989315032958984,1396,0.8244985673352435,13.152076244756334,5.615168922551245,22.72444105328653,1.0,8.428375314311754,-1.0937956456044706,8.36009490643771
ossl_lucas_block,block22,22,G-U-D,0.2,1,25,0.002681255340576172,1396,0.7113180515759312,9.659633724690366,4.158071669090376,18.523488012008343,1.0,8.428375314311754,-1.0937956456044706,8.36009490643771
ossl_lucas_block,block22,22,GC-D,0.05,1,25,0.005699872970581055,1396,0.9111747851002865,17.03063570712771,7.203340444301599,26.379115321954984,1.0,8.428375314311754,-1.0937956456044706,8.36009490643771
ossl_lucas_block,block22,22,GC-D,0.1,1,25,0.006171464920043945,1396,0.8237822349570201,13.111886586716608,5.598170303323124,22.755333657131875,1.0,8.428375314311754,-1.0937956456044706,8.36009490643771
ossl_lucas_block,block22,22,GC-D,0.2,1,25,0.006021022796630859,1396,0.7048710601719198,9.507822906541927,4.094225221363303,18.59442105344395,1.0,8.428375314311754,-1.0937956456044706,8.36009490643771
ossl_lucas_block,block22,22,GC-D+,0.05,1,25,0.005600452423095703,1396,0.9656160458452722,23.369432507431267,9.747764584474991,26.080348528929516,1.0,8.428375314311754,-1.0937956456044706,8.36009490643771
ossl_lucas_block,block22,22,GC-D+,0.1,1,25,0.005705356597900391,1396,0.8767908309455588,15.194813323122458,6.4648703979772995,21.78380006077232,1.0,8.428375314311754,-1.0937956456044706,8.36009490643771
ossl_lucas_block,block22,22,GC-D+,0.2,1,25,0.005662202835083008,1396,0.7328080229226361,10.274220197662776,4.4158774136255285,18.270691122896686,1.0,8.428375314311754,-1.0937956456044706,8.36009490643771
ossl_lucas_block,block22,22,HJ+,0.05,1,25,0.3406028747558594,1396,0.9820916905444126,21.954342430756427,10.763973089485589,24.29403482375161,1.0,8.428375314311754,-1.0937956456044706,8.36009490643771
ossl_lucas_block,block22,22,HJ+,0.1,1,25,0.31076955795288086,1396,0.8925501432664756,13.82593975144343,6.7873026311056694,20.84759216221569,1.0,8.428375314311754,-1.0937956456044706,8.36009490643771
ossl_lucas_block,block22,22,HJ+,0.2,1,25,0.3660290241241455,1396,0.7371060171919771,9.291901888840567,4.571620300326549,17.88551134551358,1.0,8.428375314311754,-1.0937956456044706,8.36009490643771
ossl_lucas_block,block22,22,HJ+-D,0.05,1,25,0.26897382736206055,1396,0.9699140401146131,23.537957832942467,9.709692262851144,26.067562918290598,1.0,8.428375314311754,-1.0937956456044706,8.36009490643771
ossl_lucas_block,block22,22,HJ+-D,0.1,1,25,0.3287014961242676,1396,0.8796561604584527,15.271264799349238,6.4608536450454555,21.66190623794421,1.0,8.428375314311754,-1.0937956456044706,8.36009490643771
ossl_lucas_block,block22,22,HJ+-D,0.2,1,25,0.38729166984558105,1396,0.7349570200573066,10.339314349498014,4.416508233558547,18.159309266885217,1.0,8.428375314311754,-1.0937956456044706,8.36009490643771
ossl_lucas_block,block22,22,HCP-D,0.05,1,25,8.62535572052002,1396,1.0,inf,inf,inf,0.0,8.428375314311754,-1.0937956456044706,8.36009490643771
ossl_lucas_block,block22,22,HCP-D,0.1,1,25,8.723497152328491,1396,0.9391117478510028,21.561180144975513,8.245248848894835,24.76658708321187,1.0,8.428375314311754,-1.0937956456044706,8.36009490643771
ossl_lucas_block,block22,22,HCP-D,0.2,1,25,8.636165857315063,1396,0.7600286532951289,12.172118427224943,4.827966939222516,19.12409537593196,1.0,8.428375314311754,-1.0937956456044706,8.36009490643771
ossl_lucas_block,block22,22,HCP-A,0.05,1,25,0.8714339733123779,1396,1.0,inf,inf,inf,0.0,8.428375314311754,-1.0937956456044706,8.36009490643771
ossl_lucas_block,block22,22,HCP-A,0.1,1,25,0.8965084552764893,1396,0.9448424068767909,18.153745245688473,8.835182338090515,22.248456488231984,1.0,8.428375314311754,-1.0937956456044706,8.36009490643771
ossl_lucas_block,block22,22,HCP-A,0.2,1,25,0.8704776763916016,1396,0.7593123209169055,10.26963307568371,4.998091553063978,19.133763842318704,1.0,8.428375314311754,-1.0937956456044706,8.36009490643771
ossl_lucas_block,block22,22,ORACLE,0.05,1,25,0.0019898414611816406,1396,0.9455587392550143,17.992715277856604,8.826664530174956,23.893081617855785,1.0,8.428375314311754,-1.0937956456044706,8.36009490643771
ossl_lucas_block,block22,22,ORACLE,0.1,1,25,0.0017428398132324219,1396,0.8989971346704871,14.27432107758694,7.042556015751089,21.071311354724813,1.0,8.428375314311754,-1.0937956456044706,8.36009490643771
ossl_lucas_block,block22,22,ORACLE,0.2,1,25,0.0017147064208984375,1396,0.7994269340974212,10.836040349583662,5.324523640107148,17.372582947920776,1.0,8.428375314311754,-1.0937956456044706,8.36009490643771
ossl_lucas_block,block23,23,ASTM-R,0.05,1,25,5.02404260635376,1694,0.8713105076741441,6.244910442482742,4.786580166481627,15.742982766885099,1.0,3.5129239861921033,-0.42706136094847025,3.487898365980165
ossl_lucas_block,block23,23,ASTM-R,0.1,1,25,0.0005831718444824219,1694,0.8057851239669421,5.143335984108432,3.942269415514876,12.20721297205853,1.0,3.5129239861921033,-0.42706136094847025,3.487898365980165
ossl_lucas_block,block23,23,ASTM-R,0.2,1,25,0.00044465065002441406,1694,0.6818181818181818,3.936960158192331,3.0176203016203327,9.383095540613587,1.0,3.5129239861921033,-0.42706136094847025,3.487898365980165
ossl_lucas_block,block23,23,ASTM-G,0.05,1,25,0.0007631778717041016,1694,0.8872491145218417,6.644512530034228,5.0928556064702075,14.872358607334485,1.0,3.5129239861921033,-0.42706136094847025,3.487898365980165
ossl_lucas_block,block23,23,ASTM-G,0.1,1,25,0.0006725788116455078,1694,0.8317591499409681,5.460856021005658,4.185636404566659,11.761452145052012,1.0,3.5129239861921033,-0.42706136094847025,3.487898365980165
ossl_lucas_block,block23,23,ASTM-G,0.2,1,25,0.000621795654296875,1694,0.7089728453364817,4.171590960634694,3.197458389069568,9.176736123203659,1.0,3.5129239861921033,-0.42706136094847025,3.487898365980165
ossl_lucas_block,block23,23,GPR,0.05,1,25,80.4231367111206,1694,0.8612750885478159,5.217869694120268,3.231504185681925,13.056741060559052,1.0,3.5129239861921033,-0.42706136094847025,3.487898365980165
ossl_lucas_block,block23,23,GPR,0.1,1,25,0.00015735626220703125,1694,0.7987012987012987,4.310524256420582,2.6826913355756545,9.835039255838337,1.0,3.5129239861921033,-0.42706136094847025,3.487898365980165
ossl_lucas_block,block23,23,GPR,0.2,1,25,9.942054748535156e-05,1694,0.6829988193624558,3.3092480368173196,2.0692142051500033,7.350243711969243,1.0,3.5129239861921033,-0.42706136094847025,3.487898365980165
ossl_lucas_block,block23,23,BAG,0.05,1,25,32.675758361816406,1694,0.872491145218418,6.269041315774317,4.7933585002263435,15.550456832388209,1.0,3.5129239861921033,-0.42706136094847025,3.487898365980165
ossl_lucas_block,block23,23,BAG,0.1,1,25,0.00015425682067871094,1694,0.8051948051948052,5.163216442126336,3.948089487905046,12.094338241334887,1.0,3.5129239861921033,-0.42706136094847025,3.487898365980165
ossl_lucas_block,block23,23,BAG,0.2,1,25,9.608268737792969e-05,1694,0.680047225501771,3.9521800399826894,3.0222459698421105,9.309908226049357,1.0,3.5129239861921033,-0.42706136094847025,3.487898365980165
ossl_lucas_block,block23,23,QGB,0.05,1,25,4.663219928741455,1694,0.8778040141676505,7.258191673899795,4.067118086632002,14.373698148329959,1.0,3.5129239861921033,-0.42706136094847025,3.487898365980165
ossl_lucas_block,block23,23,QGB,0.1,1,25,3.7541751861572266,1694,0.80814639905549,5.508413241561417,3.2358630266069675,10.168270131413001,1.0,3.5129239861921033,-0.42706136094847025,3.487898365980165
ossl_lucas_block,block23,23,QGB,0.2,1,25,3.984048843383789,1694,0.6965761511216056,3.820315270482727,2.3042081315565133,7.299660661361302,1.0,3.5129239861921033,-0.42706136094847025,3.487898365980165
ossl_lucas_block,block23,23,SCP,0.05,1,25,0.00036025047302246094,1694,0.8801652892561983,6.468094759555408,4.936007373934019,15.16272070001874,1.0,3.5129239861921033,-0.42706136094847025,3.487898365980165
ossl_lucas_block,block23,23,SCP,0.1,1,25,0.0002658367156982422,1694,0.7927981109799291,4.988479482403,3.8068662295776683,12.397873687012284,1.0,3.5129239861921033,-0.42706136094847025,3.487898365980165
ossl_lucas_block,block23,23,SCP,0.2,1,25,0.0002532005310058594,1694,0.6428571428571429,3.6916905787177723,2.817245664484698,9.582643957231506,1.0,3.5129239861921033,-0.42706136094847025,3.487898365980165
ossl_lucas_block,block23,23,NCP-kNN,0.05,1,25,4.676437139511108,1694,0.9279811097992916,8.760987632654034,5.081331336900597,12.658734069360442,1.0,3.5129239861921033,-0.42706136094847025,3.487898365980165
ossl_lucas_block,block23,23,NCP-kNN,0.1,1,25,0.00030732154846191406,1694,0.8671782762691853,6.94683802616284,4.1224512963217785,10.390819987974709,1.0,3.5129239861921033,-0.42706136094847025,3.487898365980165
ossl_lucas_block,block23,23,NCP-kNN,0.2,1,25,0.0002703666687011719,1694,0.7455726092089728,5.288923233804773,3.207350013291074,8.413025744461333,1.0,3.5129239861921033,-0.42706136094847025,3.487898365980165
ossl_lucas_block,block23,23,CV+,0.05,1,25,0.09282970428466797,1694,0.8837072018890201,6.517147227006508,4.990230577873625,15.11827677069646,1.0,3.5129239861921033,-0.42706136094847025,3.487898365980165
ossl_lucas_block,block23,23,CV+,0.1,1,25,0.07675600051879883,1694,0.7987012987012987,5.025340943641834,3.8529603628008102,12.381414748416331,1.0,3.5129239861921033,-0.42706136094847025,3.487898365980165
ossl_lucas_block,block23,23,CV+,0.2,1,25,0.0835270881652832,1694,0.6375442739079102,3.631731997991564,2.781395862680811,9.683442014378576,1.0,3.5129239861921033,-0.42706136094847025,3.487898365980165
ossl_lucas_block,block23,23,CQR,0.05,1,25,0.0003247261047363281,1694,0.922077922077922,8.062002119794405,4.598890681301324,12.809890458770058,1.0,3.5129239861921033,-0.42706136094847025,3.487898365980165
ossl_lucas_block,block23,23,CQR,0.1,1,25,0.0003037452697753906,1694,0.8536009445100354,6.043714239226488,3.6183413891674383,9.60366393850287,1.0,3.5129239861921033,-0.42706136094847025,3.487898365980165
ossl_lucas_block,block23,23,CQR,0.2,1,25,0.0003008842468261719,1694,0.7467532467532467,4.130223436478717,2.5245164430310756,7.132042942058289,1.0,3.5129239861921033,-0.42706136094847025,3.487898365980165
ossl_lucas_block,block23,23,WCP,0.05,1,25,0.024574756622314453,1694,0.9988193624557261,17.66714194145891,13.482353945193957,17.810436781434696,1.0,3.5129239861921033,-0.42706136094847025,3.487898365980165
ossl_lucas_block,block23,23,WCP,0.1,1,25,0.0035772323608398438,1694,0.9988193624557261,17.66714194145891,13.482353945193957,17.738789361446802,1.0,3.5129239861921033,-0.42706136094847025,3.487898365980165
ossl_lucas_block,block23,23,WCP,0.2,1,25,0.003187417984008789,1694,0.9988193624557261,17.66714194145891,13.482353945193957,17.702965651452857,1.0,3.5129239861921033,-0.42706136094847025,3.487898365980165
ossl_lucas_block,block23,23,R-U-A,0.05,1,25,0.0016460418701171875,1694,0.8831168831168831,6.503841279098728,4.9858462083781445,15.16003469778411,1.0,3.5129239861921033,-0.42706136094847025,3.487898365980165
ossl_lucas_block,block23,23,R-U-A,0.1,1,25,0.0015742778778076172,1694,0.7981109799291618,5.029065966410825,3.855283117208488,12.389909911720066,1.0,3.5129239861921033,-0.42706136094847025,3.487898365980165
ossl_lucas_block,block23,23,R-U-A,0.2,1,25,0.001439809799194336,1694,0.6369539551357734,3.6249632594703662,2.778897661728447,9.707029306990385,1.0,3.5129239861921033,-0.42706136094847025,3.487898365980165
ossl_lucas_block,block23,23,R-U-D,0.05,1,25,0.11353874206542969,1694,0.8730814639905549,6.445117261219966,4.517798816534822,15.229640348148443,1.0,3.5129239861921033,-0.42706136094847025,3.487898365980165
ossl_lucas_block,block23,23,R-U-D,0.1,1,25,0.002727031707763672,1694,0.7727272727272727,5.025285587899884,3.5398388338343993,12.268588944570968,1.0,3.5129239861921033,-0.42706136094847025,3.487898365980165
ossl_lucas_block,block23,23,R-U-D,0.2,1,25,0.0026869773864746094,1694,0.6121605667060213,3.6700155408465025,2.5957523659266033,9.58377628006856,1.0,3.5129239861921033,-0.42706136094847025,3.487898365980165
ossl_lucas_block,block23,23,G-U-A,0.05,1,25,0.0023446083068847656,1694,0.8949232585596222,6.798148917455909,5.211462511087674,14.576941420186715,1.0,3.5129239861921033,-0.42706136094847025,3.487898365980165
ossl_lucas_block,block23,23,G-U-A,0.1,1,25,0.0013728141784667969,1694,0.8146399055489965,5.257728184354928,4.030575625652656,12.03593975925836,1.0,3.5129239861921033,-0.42706136094847025,3.487898365980165
ossl_lucas_block,block23,23,G-U-A,0.2,1,25,0.0015649795532226562,1694,0.6717827626918536,3.8368186048150603,2.9413060178034987,9.480663605571623,1.0,3.5129239861921033,-0.42706136094847025,3.487898365980165
ossl_lucas_block,block23,23,G-W-A,0.05,1,25,0.004674196243286133,1694,0.9008264462809917,6.961423868376663,5.3366291257139435,14.305789857549467,1.0,3.5129239861921033,-0.42706136094847025,3.487898365980165
ossl_lucas_block,block23,23,G-W-A,0.1,1,25,0.00479578971862793,1694,0.8181818181818182,5.317743978669357,4.076583747266421,11.950875537285373,1.0,3.5129239861921033,-0.42706136094847025,3.487898365980165
ossl_lucas_block,block23,23,G-W-A,0.2,1,25,0.005115985870361328,1694,0.6717827626918536,3.8376516132275302,2.9419446022425455,9.479838512570113,1.0,3.5129239861921033,-0.42706136094847025,3.487898365980165
ossl_lucas_block,block23,23,G-U-D,0.05,1,25,0.09574365615844727,1694,0.8837072018890201,6.627561788582444,4.645551314437331,14.867299678482228,1.0,3.5129239861921033,-0.42706136094847025,3.487898365980165
ossl_lucas_block,block23,23,G-U-D,0.1,1,25,0.003530263900756836,1694,0.7886658795749705,5.216418320966766,3.675012914926594,11.987675996506788,1.0,3.5129239861921033,-0.42706136094847025,3.487898365980165
ossl_lucas_block,block23,23,G-U-D,0.2,1,25,0.0034875869750976562,1694,0.6369539551357734,3.847497767783639,2.7205175328338447,9.390506946549019,1.0,3.5129239861921033,-0.42706136094847025,3.487898365980165
ossl_lucas_block,block23,23,GC-D,0.05,1,25,0.007154703140258789,1694,0.8866587957497049,6.703173212412549,4.697334172063527,14.729073466366298,1.0,3.5129239861921033,-0.42706136094847025,3.487898365980165
ossl_lucas_block,block23,23,GC-D,0.1,1,25,0.005950927734375,1694,0.7892561983471075,5.221170185364924,3.6783121960348186,11.981150452445728,1.0,3.5129239861921033,-0.42706136094847025,3.487898365980165
ossl_lucas_block,block23,23,GC-D,0.2,1,25,0.0060465335845947266,1694,0.6322314049586777,3.8014208989214158,2.6881002409344643,9.438602485096128,1.0,3.5129239861921033,-0.42706136094847025,3.487898365980165
ossl_lucas_block,block23,23,GC-D+,0.05,1,25,0.006009101867675781,1694,0.9557260920897285,9.035415507637088,6.26203554731757,12.769488886641424,1.0,3.5129239861921033,-0.42706136094847025,3.487898365980165
ossl_lucas_block,block23,23,GC-D+,0.1,1,25,0.005952596664428711,1694,0.8476977567886659,6.003545891295433,4.216915115618536,11.121063945051567,1.0,3.5129239861921033,-0.42706136094847025,3.487898365980165
ossl_lucas_block,block23,23,GC-D+,0.2,1,25,0.005967140197753906,1694,0.6741440377804014,4.120747642272164,2.9122982028998674,9.131133239061821,1.0,3.5129239861921033,-0.42706136094847025,3.487898365980165
ossl_lucas_block,block23,23,HJ+,0.05,1,25,0.3994715213775635,1694,0.9669421487603306,9.70712099316893,7.439165976377284,12.602126582383377,1.0,3.5129239861921033,-0.42706136094847025,3.487898365980165
ossl_lucas_block,block23,23,HJ+,0.1,1,25,0.3700740337371826,1694,0.8671782762691853,6.202811702663099,4.74962581299126,11.031311666497635,1.0,3.5129239861921033,-0.42706136094847025,3.487898365980165
ossl_lucas_block,block23,23,HJ+,0.2,1,25,0.42943263053894043,1694,0.7095631641086186,4.182816853265805,3.202886954395197,9.15654236142832,1.0,3.5129239861921033,-0.42706136094847025,3.487898365980165
ossl_lucas_block,block23,23,HJ+-D,0.05,1,25,0.2947075366973877,1694,0.9557260920897285,9.100741398456138,6.315471699351699,12.80790842656403,1.0,3.5129239861921033,-0.42706136094847025,3.487898365980165
ossl_lucas_block,block23,23,HJ+-D,0.1,1,25,0.37679004669189453,1694,0.8500590318772137,6.064864539358849,4.26404878969308,11.094736450919628,1.0,3.5129239861921033,-0.42706136094847025,3.487898365980165
ossl_lucas_block,block23,23,HJ+-D,0.2,1,25,0.41388869285583496,1694,0.6729634002361276,4.147065357386625,2.932981187231549,9.119284071595585,1.0,3.5129239861921033,-0.42706136094847025,3.487898365980165
ossl_lucas_block,block23,23,HCP-D,0.05,1,25,8.697352886199951,1694,1.0,inf,inf,inf,0.0,3.5129239861921033,-0.42706136094847025,3.487898365980165
ossl_lucas_block,block23,23,HCP-D,0.1,1,25,8.3438880443573,1694,0.910271546635183,7.545171898124469,5.073429664902829,10.947570541015406,1.0,3.5129239861921033,-0.42706136094847025,3.487898365980165
ossl_lucas_block,block23,23,HCP-D,0.2,1,25,8.569812774658203,1694,0.7083825265643447,4.448269454788993,3.034933189192778,9.274300963379659,1.0,3.5129239861921033,-0.42706136094847025,3.487898365980165
ossl_lucas_block,block23,23,HCP-A,0.05,1,25,0.9270880222320557,1694,1.0,inf,inf,inf,0.0,3.5129239861921033,-0.42706136094847025,3.487898365980165
ossl_lucas_block,block23,23,HCP-A,0.1,1,25,0.9430575370788574,1694,0.9238488783943329,7.847787891718438,5.942206109162982,10.750239166772609,1.0,3.5129239861921033,-0.42706136094847025,3.487898365980165
ossl_lucas_block,block23,23,HCP-A,0.2,1,25,0.9135205745697021,1694,0.743801652892562,4.516865771602686,3.4200908272011694,9.2210958918281,1.0,3.5129239861921033,-0.42706136094847025,3.487898365980165
ossl_lucas_block,block23,23,ORACLE,0.05,1,25,0.0024213790893554688,1694,0.9539551357733176,8.854530626974988,6.801017012526196,12.735258424527897,1.0,3.5129239861921033,-0.42706136094847025,3.487898365980165
ossl_lucas_block,block23,23,ORACLE,0.1,1,25,0.00214385986328125,1694,0.9025974025974026,7.005188456139357,5.372011828844594,10.623248614758937,1.0,3.5129239861921033,-0.42706136094847025,3.487898365980165
ossl_lucas_block,block23,23,ORACLE,0.2,1,25,0.0021903514862060547,1694,0.8028335301062574,5.07924238515609,3.8860441464176123,8.701877249153975,1.0,3.5129239861921033,-0.42706136094847025,3.487898365980165
ossl_lucas_block,block24,24,ASTM-R,0.05,1,25,4.685530424118042,2104,0.964828897338403,6.148399531691117,4.983181251955943,8.82303570076472,1.0,2.5888709244397,-0.3781756420727646,2.561709358435048
ossl_lucas_block,block24,24,ASTM-R,0.1,1,25,0.0005640983581542969,2104,0.94106463878327,5.059625342958637,4.100769874003955,7.227010451036757,1.0,2.5888709244397,-0.3781756420727646,2.561709358435048
ossl_lucas_block,block24,24,ASTM-R,0.2,1,25,0.0004184246063232422,2104,0.8754752851711026,3.8698160946585416,3.1364594685628004,5.753845448430784,1.0,2.5888709244397,-0.3781756420727646,2.561709358435048
ossl_lucas_block,block24,24,ASTM-G,0.05,1,25,0.0007808208465576172,2104,0.9729087452471483,6.544896287035651,5.304524102457094,8.770489121839644,1.0,2.5888709244397,-0.3781756420727646,2.561709358435048
ossl_lucas_block,block24,24,ASTM-G,0.1,1,25,0.0006117820739746094,2104,0.9496197718631179,5.373975737758556,4.355540578035752,7.259233026617693,1.0,2.5888709244397,-0.3781756420727646,2.561709358435048
ossl_lucas_block,block24,24,ASTM-G,0.2,1,25,0.0005748271942138672,2104,0.8897338403041825,4.101585585943253,3.324303864612962,5.79061150349421,1.0,2.5888709244397,-0.3781756420727646,2.561709358435048
ossl_lucas_block,block24,24,GPR,0.05,1,25,49.36838126182556,2104,0.9434410646387833,5.362530394532563,3.9232692647287224,7.927251787824122,1.0,2.5888709244397,-0.3781756420727646,2.561709358435048
ossl_lucas_block,block24,24,GPR,0.1,1,25,0.00015497207641601562,2104,0.907319391634981,4.424227480019283,3.250558352411328,6.592394741423592,1.0,2.5888709244397,-0.3781756420727646,2.561709358435048
ossl_lucas_block,block24,24,GPR,0.2,1,25,0.00010037422180175781,2104,0.8265209125475285,3.3924746458089374,2.5033664120614185,5.327104936184461,1.0,2.5888709244397,-0.3781756420727646,2.561709358435048
ossl_lucas_block,block24,24,BAG,0.05,1,25,31.504170417785645,2104,0.966254752851711,6.156336816404654,4.9807565292319715,8.873625702584091,1.0,2.5888709244397,-0.3781756420727646,2.561709358435048
ossl_lucas_block,block24,24,BAG,0.1,1,25,0.00012254714965820312,2104,0.9391634980988594,5.066134274690736,4.098828546864562,7.262690836341587,1.0,2.5888709244397,-0.3781756420727646,2.561709358435048
ossl_lucas_block,block24,24,BAG,0.2,1,25,9.775161743164062e-05,2104,0.8769011406844106,3.8747753717294144,3.1350119026452936,5.776449572328273,1.0,2.5888709244397,-0.3781756420727646,2.561709358435048
ossl_lucas_block,block24,24,QGB,0.05,1,25,4.663811206817627,2104,0.9120722433460076,5.259605181801683,3.7493216613445774,7.7539532560292495,1.0,2.5888709244397,-0.3781756420727646,2.561709358435048
ossl_lucas_block,block24,24,QGB,0.1,1,25,3.7566635608673096,2104,0.8350760456273765,3.9145993235732006,2.733972925200325,6.321672556119942,1.0,2.5888709244397,-0.3781756420727646,2.561709358435048
ossl_lucas_block,block24,24,QGB,0.2,1,25,4.019450664520264,2104,0.7115019011406845,2.9109874107604417,1.9585473142096945,5.181504385210918,1.0,2.5888709244397,-0.3781756420727646,2.561709358435048
ossl_lucas_block,block24,24,SCP,0.05,1,25,0.00032401084899902344,2104,0.969106463878327,6.3953797147080484,5.192585804117908,8.750193716049836,1.0,2.5888709244397,-0.3781756420727646,2.561709358435048
ossl_lucas_block,block24,24,SCP,0.1,1,25,0.0002753734588623047,2104,0.9325095057034221,4.935761594755654,4.007481452664388,7.211634265806373,1.0,2.5888709244397,-0.3781756420727646,2.561709358435048
ossl_lucas_block,block24,24,SCP,0.2,1,25,0.00025081634521484375,2104,0.8512357414448669,3.559294920904011,2.8898900617973458,5.724374138334796,1.0,2.5888709244397,-0.3781756420727646,2.561709358435048
ossl_lucas_block,block24,24,NCP-kNN,0.05,1,25,4.8976287841796875,2104,0.9443916349809885,5.400099758607396,3.6236961817482523,7.10280857869261,1.0,2.5888709244397,-0.3781756420727646,2.561709358435048
ossl_lucas_block,block24,24,NCP-kNN,0.1,1,25,0.0003342628479003906,2104,0.8921102661596958,4.408635564945219,2.984955356652778,6.04686784314554,1.0,2.5888709244397,-0.3781756420727646,2.561709358435048
ossl_lucas_block,block24,24,NCP-kNN,0.2,1,25,0.00027632713317871094,2104,0.7956273764258555,3.4219248352157634,2.3311983004956534,5.021239738721028,1.0,2.5888709244397,-0.3781756420727646,2.561709358435048
ossl_lucas_block,block24,24,CV+,0.05,1,25,0.13149714469909668,2104,0.9695817490494296,6.409978204989013,5.194839815918735,8.790893039285072,1.0,2.5888709244397,-0.3781756420727646,2.561709358435048
ossl_lucas_block,block24,24,CV+,0.1,1,25,0.10300111770629883,2104,0.9334600760456274,4.933698697108494,3.998852833287817,7.234249390062912,1.0,2.5888709244397,-0.3781756420727646,2.561709358435048
ossl_lucas_block,block24,24,CV+,0.2,1,25,0.1045379638671875,2104,0.8517110266159695,3.5788487102108006,2.9023527174639585,5.745557408033655,1.0,2.5888709244397,-0.3781756420727646,2.561709358435048
ossl_lucas_block,block24,24,CQR,0.05,1,25,0.0003566741943359375,2104,0.9491444866920152,5.867632429775485,4.25632575373978,7.4517336941040195,1.0,2.5888709244397,-0.3781756420727646,2.561709358435048
ossl_lucas_block,block24,24,CQR,0.1,1,25,0.0003552436828613281,2104,0.8821292775665399,4.373282455095468,3.101968012799822,6.081836038430645,1.0,2.5888709244397,-0.3781756420727646,2.561709358435048
ossl_lucas_block,block24,24,CQR,0.2,1,25,0.00027942657470703125,2104,0.7618821292775665,3.2074454351079917,2.1937635537377647,5.080816541630201,1.0,2.5888709244397,-0.3781756420727646,2.561709358435048
ossl_lucas_block,block24,24,WCP,0.05,1,25,0.019467592239379883,2104,0.970532319391635,6.465746396582985,5.249676394914966,8.743789110139417,1.0,2.5888709244397,-0.3781756420727646,2.561709358435048
ossl_lucas_block,block24,24,WCP,0.1,1,25,0.0033147335052490234,2104,0.9458174904942965,5.202129380218222,4.220429131991462,7.212444163620853,1.0,2.5888709244397,-0.3781756420727646,2.561709358435048
ossl_lucas_block,block24,24,WCP,0.2,1,25,0.0030736923217773438,2104,0.8754752851711026,3.8519731318648587,3.1257839545083206,5.7332098795424145,1.0,2.5888709244397,-0.3781756420727646,2.561709358435048
ossl_lucas_block,block24,24,R-U-A,0.05,1,25,0.00170135498046875,2104,0.9700570342205324,6.403680018116943,5.190792651397772,8.776981542031248,1.0,2.5888709244397,-0.3781756420727646,2.561709358435048
ossl_lucas_block,block24,24,R-U-A,0.1,1,25,0.0016493797302246094,2104,0.9325095057034221,4.932154614496977,3.997981138354402,7.233620937133193,1.0,2.5888709244397,-0.3781756420727646,2.561709358435048
ossl_lucas_block,block24,24,R-U-A,0.2,1,25,0.0015442371368408203,2104,0.8517110266159695,3.5730266353292977,2.896278444495059,5.7443628622614336,1.0,2.5888709244397,-0.3781756420727646,2.561709358435048
ossl_lucas_block,block24,24,R-U-D,0.05,1,25,0.10065269470214844,2104,0.9752851711026616,6.575422533277581,5.141346148226957,8.500737312334799,1.0,2.5888709244397,-0.3781756420727646,2.561709358435048
ossl_lucas_block,block24,24,R-U-D,0.1,1,25,0.00290679931640625,2104,0.9439163498098859,5.120942869567754,4.013699771214597,7.034155181016548,1.0,2.5888709244397,-0.3781756420727646,2.561709358435048
ossl_lucas_block,block24,24,R-U-D,0.2,1,25,0.002510547637939453,2104,0.8597908745247148,3.7490404981687,2.9362832698342474,5.625521593967839,1.0,2.5888709244397,-0.3781756420727646,2.561709358435048
ossl_lucas_block,block24,24,G-U-A,0.05,1,25,0.002166271209716797,2104,0.9738593155893536,6.703237044504714,5.4336121562526465,8.776214152443229,1.0,2.5888709244397,-0.3781756420727646,2.561709358435048
ossl_lucas_block,block24,24,G-U-A,0.1,1,25,0.0014526844024658203,2104,0.9448669201520913,5.1742809264177625,4.194247578443964,7.2328616227793345,1.0,2.5888709244397,-0.3781756420727646,2.561709358435048
ossl_lucas_block,block24,24,G-U-A,0.2,1,25,0.0015146732330322266,2104,0.8692965779467681,3.7921244978798545,3.073878132744132,5.747601401762871,1.0,2.5888709244397,-0.3781756420727646,2.561709358435048
ossl_lucas_block,block24,24,G-W-A,0.05,1,25,0.004552125930786133,2104,0.9738593155893536,6.837970797505847,5.542826697421925,8.781594861614405,1.0,2.5888709244397,-0.3781756420727646,2.561709358435048
ossl_lucas_block,block24,24,G-W-A,0.1,1,25,0.0045623779296875,2104,0.9472433460076045,5.2342606963984215,4.242866895519036,7.239374014667768,1.0,2.5888709244397,-0.3781756420727646,2.561709358435048
ossl_lucas_block,block24,24,G-W-A,0.2,1,25,0.004488706588745117,2104,0.8678707224334601,3.7815804403163176,3.065331169691344,5.746876195330756,1.0,2.5888709244397,-0.3781756420727646,2.561709358435048
ossl_lucas_block,block24,24,G-U-D,0.05,1,25,0.09195756912231445,2104,0.9767110266159695,6.781266737448066,5.293509708070827,8.53035894252378,1.0,2.5888709244397,-0.3781756420727646,2.561709358435048
ossl_lucas_block,block24,24,G-U-D,0.1,1,25,0.002748727798461914,2104,0.9515209125475285,5.340711699974751,4.1773219230254455,7.0766277484752855,1.0,2.5888709244397,-0.3781756420727646,2.561709358435048
ossl_lucas_block,block24,24,G-U-D,0.2,1,25,0.002507925033569336,2104,0.8759505703422054,3.937767589781442,3.0921116196087404,5.645651226472539,1.0,2.5888709244397,-0.3781756420727646,2.561709358435048
ossl_lucas_block,block24,24,GC-D,0.05,1,25,0.005617618560791016,2104,0.9786121673003803,6.828966264418255,5.331339703963387,8.536898323391584,1.0,2.5888709244397,-0.3781756420727646,2.561709358435048
ossl_lucas_block,block24,24,GC-D,0.1,1,25,0.005554676055908203,2104,0.9510456273764258,5.3278943591414905,4.167267147014245,7.074028752788731,1.0,2.5888709244397,-0.3781756420727646,2.561709358435048
ossl_lucas_block,block24,24,GC-D,0.2,1,25,0.005565166473388672,2104,0.8716730038022814,3.885267866651036,3.051081345082813,5.639199387647471,1.0,2.5888709244397,-0.3781756420727646,2.561709358435048
ossl_lucas_block,block24,24,GC-D+,0.05,1,25,0.0055179595947265625,2104,0.9952471482889734,9.34682479387335,7.285411412385474,9.866947735323716,1.0,2.5888709244397,-0.3781756420727646,2.561709358435048
ossl_lucas_block,block24,24,GC-D+,0.1,1,25,0.005635976791381836,2104,0.9681558935361216,6.129116764053621,4.789281670137809,7.328152993707994,1.0,2.5888709244397,-0.3781756420727646,2.561709358435048
ossl_lucas_block,block24,24,GC-D+,0.2,1,25,0.005530834197998047,2104,0.8911596958174905,4.192860355261386,3.2904339577728487,5.691694483567257,1.0,2.5888709244397,-0.3781756420727646,2.561709358435048
ossl_lucas_block,block24,24,HJ+,0.05,1,25,0.45676279067993164,2104,0.9933460076045627,9.538917702799731,7.727502045244822,10.074434209255253,1.0,2.5888709244397,-0.3781756420727646,2.561709358435048
ossl_lucas_block,block24,24,HJ+,0.1,1,25,0.40758776664733887,2104,0.964828897338403,6.111199346611056,4.953897258862559,7.4577419490797485,1.0,2.5888709244397,-0.3781756420727646,2.561709358435048
ossl_lucas_block,block24,24,HJ+,0.2,1,25,0.549217700958252,2104,0.8916349809885932,4.112144628684439,3.329780112909908,5.778802308655671,1.0,2.5888709244397,-0.3781756420727646,2.561709358435048
ossl_lucas_block,block24,24,HJ+-D,0.05,1,25,0.37793993949890137,2104,0.9952471482889734,9.372610827886385,7.2865879871460475,9.88826646010271,1.0,2.5888709244397,-0.3781756420727646,2.561709358435048
ossl_lucas_block,block24,24,HJ+-D,0.1,1,25,0.4410426616668701,2104,0.969106463878327,6.163074776141663,4.810077338615727,7.322945052841123,1.0,2.5888709244397,-0.3781756420727646,2.561709358435048
ossl_lucas_block,block24,24,HJ+-D,0.2,1,25,0.4987201690673828,2104,0.8930608365019012,4.211408094002421,3.3007364676607436,5.679465297084859,1.0,2.5888709244397,-0.3781756420727646,2.561709358435048
ossl_lucas_block,block24,24,HCP-D,0.05,1,25,8.80864405632019,2104,1.0,inf,inf,inf,0.0,2.5888709244397,-0.3781756420727646,2.561709358435048
ossl_lucas_block,block24,24,HCP-D,0.1,1,25,8.733935356140137,2104,0.9871673003802282,7.931831173075077,5.963644282246329,8.488449713156342,1.0,2.5888709244397,-0.3781756420727646,2.561709358435048
ossl_lucas_block,block24,24,HCP-D,0.2,1,25,8.467317581176758,2104,0.9158745247148289,4.6510974794168645,3.5032859921870494,5.911872463772975,1.0,2.5888709244397,-0.3781756420727646,2.561709358435048
ossl_lucas_block,block24,24,HCP-A,0.05,1,25,0.8603904247283936,2104,1.0,inf,inf,inf,0.0,2.5888709244397,-0.3781756420727646,2.561709358435048
ossl_lucas_block,block24,24,HCP-A,0.1,1,25,0.9437386989593506,2104,0.9828897338403042,7.902962674778098,6.2273990467731135,8.553170249279496,1.0,2.5888709244397,-0.3781756420727646,2.561709358435048
ossl_lucas_block,block24,24,HCP-A,0.2,1,25,0.8820042610168457,2104,0.9153992395437263,4.583798713870378,3.611954771399412,6.046949386099159,1.0,2.5888709244397,-0.3781756420727646,2.561709358435048
ossl_lucas_block,block24,24,ORACLE,0.05,1,25,0.0029354095458984375,2104,0.9519961977186312,5.49151533472588,4.4429693416018745,9.06669061589174,1.0,2.5888709244397,-0.3781756420727646,2.561709358435048
ossl_lucas_block,block24,24,ORACLE,0.1,1,25,0.002691984176635742,2104,0.901615969581749,4.276669538055297,3.466149061341566,7.389255685484965,1.0,2.5888709244397,-0.3781756420727646,2.561709358435048
ossl_lucas_block,block24,24,ORACLE,0.2,1,25,0.002588510513305664,2104,0.7994296577946768,3.0601171504838915,2.4907301824736874,5.825186992853655,1.0,2.5888709244397,-0.3781756420727646,2.561709358435048
ossl_lucas_block,block25,25,ASTM-R,0.05,1,23,5.3279008865356445,76,0.868421052631579,3.942428708798827,3.7764891995359013,6.523311717366025,1.0,1.125391268939925,0.7093746227845764,0.8794716566167405
ossl_lucas_block,block25,25,ASTM-R,0.1,1,23,0.0007407665252685547,76,0.7763157894736842,3.244516059358103,3.1080217468898645,5.23948201248264,1.0,1.125391268939925,0.7093746227845764,0.8794716566167405
ossl_lucas_block,block25,25,ASTM-R,0.2,1,23,0.00041294097900390625,76,0.6842105263157895,2.481705204968913,2.377352310320749,4.110443798730743,1.0,1.125391268939925,0.7093746227845764,0.8794716566167405
ossl_lucas_block,block25,25,ASTM-G,0.05,1,23,0.0008382797241210938,76,0.881578947368421,4.1182750827105945,3.9449104731482114,6.455694170280402,1.0,1.125391268939925,0.7093746227845764,0.8794716566167405
ossl_lucas_block,block25,25,ASTM-G,0.1,1,23,0.0006353855133056641,76,0.8026315789473685,3.3840755527706357,3.241696201915721,5.212284699858901,1.0,1.125391268939925,0.7093746227845764,0.8794716566167405
ossl_lucas_block,block25,25,ASTM-G,0.2,1,23,0.0005099773406982422,76,0.7105263157894737,2.584709303745188,2.476018672782813,4.1140266855870875,1.0,1.125391268939925,0.7093746227845764,0.8794716566167405
ossl_lucas_block,block25,25,GPR,0.05,1,23,66.03223204612732,76,0.9342105263157895,6.482114120080552,3.8152768829159003,6.98956106034946,1.0,1.125391268939925,0.7093746227845764,0.8794716566167405
ossl_lucas_block,block25,25,GPR,0.1,1,23,0.00011610984802246094,76,0.9210526315789473,4.998901557960266,3.1365806823292086,5.5197532471707005,1.0,1.125391268939925,0.7093746227845764,0.8794716566167405
ossl_lucas_block,block25,25,GPR,0.2,1,23,8.821487426757812e-05,76,0.8157894736842105,3.601830083440953,2.396764568928393,4.210681791264124,1.0,1.125391268939925,0.7093746227845764,0.8794716566167405
ossl_lucas_block,block25,25,BAG,0.05,1,23,31.656108379364014,76,0.868421052631579,3.9442856653406393,3.7930169751439724,6.354026422456031,1.0,1.125391268939925,0.7093746227845764,0.8794716566167405
ossl_lucas_block,block25,25,BAG,0.1,1,23,9.965896606445312e-05,76,0.8026315789473685,3.245445578402066,3.1213833989246558,5.127740335773598,1.0,1.125391268939925,0.7093746227845764,0.8794716566167405
ossl_lucas_block,block25,25,BAG,0.2,1,23,9.632110595703125e-05,76,0.7105263157894737,2.4819800888762327,2.3873965073607115,4.038038655498433,1.0,1.125391268939925,0.7093746227845764,0.8794716566167405
ossl_lucas_block,block25,25,QGB,0.05,1,23,4.691426038742065,76,0.8947368421052632,3.953595077696842,3.570346612618989,4.379491936479475,1.0,1.125391268939925,0.7093746227845764,0.8794716566167405
ossl_lucas_block,block25,25,QGB,0.1,1,23,3.753938913345337,76,0.7894736842105263,2.766757884781406,2.5174112467516965,3.32433233377496,1.0,1.125391268939925,0.7093746227845764,0.8794716566167405
ossl_lucas_block,block25,25,QGB,0.2,1,23,3.937995433807373,76,0.7236842105263158,1.9803886436151354,1.769522983293564,2.6213571807403757,1.0,1.125391268939925,0.7093746227845764,0.8794716566167405
ossl_lucas_block,block25,25,SCP,0.05,1,23,0.00031304359436035156,76,0.881578947368421,4.079812900678495,3.9349245890688707,6.327098698287111,1.0,1.125391268939925,0.7093746227845764,0.8794716566167405
ossl_lucas_block,block25,25,SCP,0.1,1,23,0.0002720355987548828,76,0.8026315789473685,3.1067121172787395,2.9963819908028864,5.166998219142923,1.0,1.125391268939925,0.7093746227845764,0.8794716566167405
ossl_lucas_block,block25,25,SCP,0.2,1,23,0.0002636909484863281,76,0.6710526315789473,2.223775779801752,2.144801786146242,4.0358738323333325,1.0,1.125391268939925,0.7093746227845764,0.8794716566167405
ossl_lucas_block,block25,25,NCP-kNN,0.05,1,23,4.456995964050293,76,0.8421052631578947,3.5178528402378526,3.389392288014438,6.613881125872542,1.0,1.125391268939925,0.7093746227845764,0.8794716566167405
ossl_lucas_block,block25,25,NCP-kNN,0.1,1,23,0.00032138824462890625,76,0.8157894736842105,2.8770899754218364,2.773717651076346,5.112889539809216,1.0,1.125391268939925,0.7093746227845764,0.8794716566167405
ossl_lucas_block,block25,25,NCP-kNN,0.2,1,23,0.0003726482391357422,76,0.6973684210526315,2.2166408682038643,2.134892679630561,3.895317974062174,1.0,1.125391268939925,0.7093746227845764,0.8794716566167405
ossl_lucas_block,block25,25,CV+,0.05,1,23,0.011862039566040039,76,0.881578947368421,4.0991985927752435,3.925469241936346,6.421640475869399,1.0,1.125391268939925,0.7093746227845764,0.8794716566167405
ossl_lucas_block,block25,25,CV+,0.1,1,23,0.009508132934570312,76,0.7763157894736842,3.1688991009308745,3.0402629654348017,5.239295940251366,1.0,1.125391268939925,0.7093746227845764,0.8794716566167405
ossl_lucas_block,block25,25,CV+,0.2,1,23,0.009984254837036133,76,0.6710526315789473,2.2883023722697797,2.193883783060979,4.1069453495165416,1.0,1.125391268939925,0.7093746227845764,0.8794716566167405
ossl_lucas_block,block25,25,CQR,0.05,1,23,0.0003235340118408203,76,0.9210526315789473,4.341222121255405,3.969051690319369,4.493727060789361,1.0,1.125391268939925,0.7093746227845764,0.8794716566167405
ossl_lucas_block,block25,25,CQR,0.1,1,23,0.0002830028533935547,76,0.8552631578947368,2.993274026632725,2.727069947230045,3.3439047102695567,1.0,1.125391268939925,0.7093746227845764,0.8794716566167405
ossl_lucas_block,block25,25,CQR,0.2,1,23,0.0002799034118652344,76,0.75,2.1129469453536407,1.8822127046007189,2.6444245861094964,1.0,1.125391268939925,0.7093746227845764,0.8794716566167405
ossl_lucas_block,block25,25,WCP,0.05,1,23,0.019174575805664062,76,0.9868421052631579,inf,inf,inf,0.40789473684210525,1.125391268939925,0.7093746227845764,0.8794716566167405
ossl_lucas_block,block25,25,WCP,0.1,1,23,0.003115415573120117,76,0.9868421052631579,inf,inf,inf,0.4868421052631579,1.125391268939925,0.7093746227845764,0.8794716566167405
ossl_lucas_block,block25,25,WCP,0.2,1,23,0.002748250961303711,76,0.9473684210526315,inf,4.3573430049170225,inf,0.5921052631578947,1.125391268939925,0.7093746227845764,0.8794716566167405
ossl_lucas_block,block25,25,R-U-A,0.05,1,23,0.0017979145050048828,76,0.881578947368421,4.104510863121186,3.9343355923317103,6.463074837479219,1.0,1.125391268939925,0.7093746227845764,0.8794716566167405
ossl_lucas_block,block25,25,R-U-A,0.1,1,23,0.0016698837280273438,76,0.7763157894736842,3.1724789221276364,3.040946206622423,5.265364611137892,1.0,1.125391268939925,0.7093746227845764,0.8794716566167405
ossl_lucas_block,block25,25,R-U-A,0.2,1,23,0.0014879703521728516,76,0.6710526315789473,2.2912086773811984,2.1962139094024273,4.124986773499252,1.0,1.125391268939925,0.7093746227845764,0.8794716566167405
ossl_lucas_block,block25,25,R-U-D,0.05,1,23,0.11090755462646484,76,0.9210526315789473,5.1323143437561995,4.778225725121445,6.161329170268405,1.0,1.125391268939925,0.7093746227845764,0.8794716566167405
ossl_lucas_block,block25,25,R-U-D,0.1,1,23,0.002669095993041992,76,0.868421052631579,3.957292199551749,3.6963583846038666,5.165616460453012,1.0,1.125391268939925,0.7093746227845764,0.8794716566167405
ossl_lucas_block,block25,25,R-U-D,0.2,1,23,0.002594470977783203,76,0.7763157894736842,2.868887072197649,2.6880274378419147,4.059012806805103,1.0,1.125391268939925,0.7093746227845764,0.8794716566167405
ossl_lucas_block,block25,25,G-U-A,0.05,1,23,0.0023272037506103516,76,0.881578947368421,4.235254310281818,4.059658344489579,6.418738539669583,1.0,1.125391268939925,0.7093746227845764,0.8794716566167405
ossl_lucas_block,block25,25,G-U-A,0.1,1,23,0.0014493465423583984,76,0.8026315789473685,3.2925228965266,3.156013092025585,5.22925767735831,1.0,1.125391268939925,0.7093746227845764,0.8794716566167405
ossl_lucas_block,block25,25,G-U-A,0.2,1,23,0.0013628005981445312,76,0.6710526315789473,2.393956894118513,2.2947021287394396,4.11504126365241,1.0,1.125391268939925,0.7093746227845764,0.8794716566167405
ossl_lucas_block,block25,25,G-W-A,0.05,1,23,0.004758596420288086,76,0.881578947368421,4.2841461553292985,4.10652310683517,6.403452443949506,1.0,1.125391268939925,0.7093746227845764,0.8794716566167405
ossl_lucas_block,block25,25,G-W-A,0.1,1,23,0.005200386047363281,76,0.8026315789473685,3.303328067497734,3.1663702746840414,5.22725024562582,1.0,1.125391268939925,0.7093746227845764,0.8794716566167405
ossl_lucas_block,block25,25,G-W-A,0.2,1,23,0.0055043697357177734,76,0.6710526315789473,2.374166542484494,2.27573229593474,4.116776277153764,1.0,1.125391268939925,0.7093746227845764,0.8794716566167405
ossl_lucas_block,block25,25,G-U-D,0.05,1,23,0.10337352752685547,76,0.9210526315789473,5.163557146514139,4.7961432436077045,6.179125891605207,1.0,1.125391268939925,0.7093746227845764,0.8794716566167405
ossl_lucas_block,block25,25,G-U-D,0.1,1,23,0.0029587745666503906,76,0.868421052631579,4.006419266687213,3.7345845075274826,5.186169975402906,1.0,1.125391268939925,0.7093746227845764,0.8794716566167405
ossl_lucas_block,block25,25,G-U-D,0.2,1,23,0.0026280879974365234,76,0.7763157894736842,2.92535969670209,2.7351479490262163,4.078138535581258,1.0,1.125391268939925,0.7093746227845764,0.8794716566167405
ossl_lucas_block,block25,25,GC-D,0.05,1,23,0.005841970443725586,76,0.9210526315789473,5.188395260273341,4.818729008097609,6.1854461111860815,1.0,1.125391268939925,0.7093746227845764,0.8794716566167405
ossl_lucas_block,block25,25,GC-D,0.1,1,23,0.00584721565246582,76,0.868421052631579,4.0042585382579805,3.7325950657723626,5.185639700096206,1.0,1.125391268939925,0.7093746227845764,0.8794716566167405
ossl_lucas_block,block25,25,GC-D,0.2,1,23,0.008541584014892578,76,0.7763157894736842,2.8908209177380897,2.7030881135201654,4.067894071593,1.0,1.125391268939925,0.7093746227845764,0.8794716566167405
ossl_lucas_block,block25,25,GC-D+,0.05,1,23,0.009579181671142578,76,0.9868421052631579,7.3358268718300055,6.751014106886847,7.392587413932462,1.0,1.125391268939925,0.7093746227845764,0.8794716566167405
ossl_lucas_block,block25,25,GC-D+,0.1,1,23,0.011199951171875,76,0.881578947368421,4.63129186724035,4.310839261733892,5.373209943054934,1.0,1.125391268939925,0.7093746227845764,0.8794716566167405
ossl_lucas_block,block25,25,GC-D+,0.2,1,23,0.008992671966552734,76,0.7763157894736842,3.129714654561046,2.9246793188542397,4.142702845336946,1.0,1.125391268939925,0.7093746227845764,0.8794716566167405
ossl_lucas_block,block25,25,HJ+,0.05,1,23,0.11275362968444824,76,0.9473684210526315,5.965229022034851,5.702343542644874,6.527780577176308,1.0,1.125391268939925,0.7093746227845764,0.8794716566167405
ossl_lucas_block,block25,25,HJ+,0.1,1,23,0.09615683555603027,76,0.8552631578947368,3.8211811907304534,3.6539367762503323,5.115178406150097,1.0,1.125391268939925,0.7093746227845764,0.8794716566167405
ossl_lucas_block,block25,25,HJ+,0.2,1,23,0.09867620468139648,76,0.7105263157894737,2.5691942810531443,2.457296630629947,4.038556936166384,1.0,1.125391268939925,0.7093746227845764,0.8794716566167405
ossl_lucas_block,block25,25,HJ+-D,0.05,1,23,0.10019421577453613,76,0.9868421052631579,7.318724453534834,6.783283994983451,7.3460665313602975,1.0,1.125391268939925,0.7093746227845764,0.8794716566167405
ossl_lucas_block,block25,25,HJ+-D,0.1,1,23,0.10353922843933105,76,0.9078947368421053,4.627293686061013,4.336363216323047,5.302915221556486,1.0,1.125391268939925,0.7093746227845764,0.8794716566167405
ossl_lucas_block,block25,25,HJ+-D,0.2,1,23,0.10553359985351562,76,0.7894736842105263,3.1266913437578285,2.9399270191854647,4.082563593144903,1.0,1.125391268939925,0.7093746227845764,0.8794716566167405
ossl_lucas_block,block25,25,HCP-D,0.05,1,23,9.335811614990234,76,1.0,inf,inf,inf,0.0,1.125391268939925,0.7093746227845764,0.8794716566167405
ossl_lucas_block,block25,25,HCP-D,0.1,1,23,9.53307819366455,76,0.9605263157894737,6.326005954446791,5.825960624841722,6.36183306343402,1.0,1.125391268939925,0.7093746227845764,0.8794716566167405
ossl_lucas_block,block25,25,HCP-D,0.2,1,23,8.971213340759277,76,0.8552631578947368,3.5907582384099057,3.3559122305418247,4.136944582787217,1.0,1.125391268939925,0.7093746227845764,0.8794716566167405
ossl_lucas_block,block25,25,HCP-A,0.05,1,23,1.0626249313354492,76,1.0,inf,inf,inf,0.0,1.125391268939925,0.7093746227845764,0.8794716566167405
ossl_lucas_block,block25,25,HCP-A,0.1,1,23,0.9860744476318359,76,0.9210526315789473,4.880841995158151,4.763929841200998,5.258641321576588,1.0,1.125391268939925,0.7093746227845764,0.8794716566167405
ossl_lucas_block,block25,25,HCP-A,0.2,1,23,0.9256124496459961,76,0.8026315789473685,2.838096851564218,2.7701151352159856,3.7806838284875637,1.0,1.125391268939925,0.7093746227845764,0.8794716566167405
ossl_lucas_block,block25,25,ORACLE,0.05,1,23,0.0003476142883300781,76,0.9868421052631579,8.823943493116985,8.402223474042756,8.945950344120982,1.0,1.125391268939925,0.7093746227845764,0.8794716566167405
ossl_lucas_block,block25,25,ORACLE,0.1,1,23,0.0001933574676513672,76,0.9342105263157895,5.509288924935064,5.2176564291661265,6.08883530401498,1.0,1.125391268939925,0.7093746227845764,0.8794716566167405
ossl_lucas_block,block25,25,ORACLE,0.2,1,23,0.00017881393432617188,76,0.8421052631578947,3.687111609163989,3.5466682954350617,4.446135606467853,1.0,1.125391268939925,0.7093746227845764,0.8794716566167405
ossl_lucas_block,block26,26,ASTM-R,0.05,1,25,5.124352931976318,1855,0.9401617250673855,5.0280078514907025,3.9516580797228653,8.596332740369967,1.0,2.5216787486663463,0.5016083160160844,2.471952043253488
ossl_lucas_block,block26,26,ASTM-R,0.1,1,25,0.0006363391876220703,1855,0.8679245283018868,4.139799070385919,3.2536099115935126,6.838830139304905,1.0,2.5216787486663463,0.5016083160160844,2.471952043253488
ossl_lucas_block,block26,26,ASTM-R,0.2,1,25,0.0004322528839111328,1855,0.7067385444743935,3.1678664367730462,2.4897500353965523,5.405660800707766,1.0,2.5216787486663463,0.5016083160160844,2.471952043253488
ossl_lucas_block,block26,26,ASTM-G,0.05,1,25,0.0008528232574462891,1855,0.955256064690027,5.322593962636397,4.183172346589955,8.499806022008638,1.0,2.5216787486663463,0.5016083160160844,2.471952043253488
ossl_lucas_block,block26,26,ASTM-G,0.1,1,25,0.0007526874542236328,1855,0.8878706199460916,4.373734592049195,3.43746223801501,6.778083837948156,1.0,2.5216787486663463,0.5016083160160844,2.471952043253488
ossl_lucas_block,block26,26,ASTM-G,0.2,1,25,0.0006134510040283203,1855,0.7466307277628033,3.3406291674330943,2.62552837580883,5.374850474429558,1.0,2.5216787486663463,0.5016083160160844,2.471952043253488
ossl_lucas_block,block26,26,GPR,0.05,1,25,126.0309545993805,1855,0.9277628032345013,3.722111678990366,2.596719319982468,7.595817845752373,1.0,2.5216787486663463,0.5016083160160844,2.471952043253488
ossl_lucas_block,block26,26,GPR,0.1,1,25,0.00014710426330566406,1855,0.8528301886792453,3.073968738166606,2.154966205657608,6.10373198961657,1.0,2.5216787486663463,0.5016083160160844,2.471952043253488
ossl_lucas_block,block26,26,GPR,0.2,1,25,9.632110595703125e-05,1855,0.7191374663072776,2.35949258565791,1.6612954076342268,4.812733533597918,1.0,2.5216787486663463,0.5016083160160844,2.471952043253488
ossl_lucas_block,block26,26,BAG,0.05,1,25,30.2376070022583,1855,0.9407008086253369,5.028727779413754,3.948696192952677,8.591159299075132,1.0,2.5216787486663463,0.5016083160160844,2.471952043253488
ossl_lucas_block,block26,26,BAG,0.1,1,25,0.0001246929168701172,1855,0.8679245283018868,4.14037048241524,3.2512385514783717,6.837780177913914,1.0,2.5216787486663463,0.5016083160160844,2.471952043253488
ossl_lucas_block,block26,26,BAG,0.2,1,25,9.34600830078125e-05,1855,0.7067385444743935,3.1682863214606547,2.4879827838407538,5.408602715050437,1.0,2.5216787486663463,0.5016083160160844,2.471952043253488
ossl_lucas_block,block26,26,QGB,0.05,1,25,4.569501876831055,1855,0.8657681940700809,5.065304011047665,3.2720661351540166,7.90361632342864,1.0,2.5216787486663463,0.5016083160160844,2.471952043253488
ossl_lucas_block,block26,26,QGB,0.1,1,25,3.7911226749420166,1855,0.7714285714285715,3.7374414183009868,2.3053081188998292,5.852094355676297,1.0,2.5216787486663463,0.5016083160160844,2.471952043253488
ossl_lucas_block,block26,26,QGB,0.2,1,25,4.025465488433838,1855,0.6641509433962264,2.639466961101392,1.610037868963079,4.242172827497099,1.0,2.5216787486663463,0.5016083160160844,2.471952043253488
ossl_lucas_block,block26,26,SCP,0.05,1,25,0.00040721893310546875,1855,0.9563342318059299,5.337816689097647,4.179017362341033,8.467996320346385,1.0,2.5216787486663463,0.5016083160160844,2.471952043253488
ossl_lucas_block,block26,26,SCP,0.1,1,25,0.00033092498779296875,1855,0.862533692722372,4.085268796149133,3.198388072000904,6.818223570975022,1.0,2.5216787486663463,0.5016083160160844,2.471952043253488
ossl_lucas_block,block26,26,SCP,0.2,1,25,0.0002541542053222656,1855,0.6684636118598383,2.9841494443653667,2.3363133404889163,5.4380404133435265,1.0,2.5216787486663463,0.5016083160160844,2.471952043253488
ossl_lucas_block,block26,26,NCP-kNN,0.05,1,25,4.939857244491577,1855,0.9692722371967655,5.795659260566922,4.164006826321919,7.677809970718064,1.0,2.5216787486663463,0.5016083160160844,2.471952043253488
ossl_lucas_block,block26,26,NCP-kNN,0.1,1,25,0.0005495548248291016,1855,0.907277628032345,4.644548308206018,3.3714280056675707,6.2848279511663145,1.0,2.5216787486663463,0.5016083160160844,2.471952043253488
ossl_lucas_block,block26,26,NCP-kNN,0.2,1,25,0.00042700767517089844,1855,0.7498652291105121,3.583814062369227,2.6203680650988517,5.155679866674854,1.0,2.5216787486663463,0.5016083160160844,2.471952043253488
ossl_lucas_block,block26,26,CV+,0.05,1,25,0.08998417854309082,1855,0.955256064690027,5.294970376903251,4.160589499112576,8.506590774011837,1.0,2.5216787486663463,0.5016083160160844,2.471952043253488
ossl_lucas_block,block26,26,CV+,0.1,1,25,0.0765376091003418,1855,0.861455525606469,4.063583672466873,3.193463941428596,6.863263992370527,1.0,2.5216787486663463,0.5016083160160844,2.471952043253488
ossl_lucas_block,block26,26,CV+,0.2,1,25,0.08387255668640137,1855,0.6566037735849056,2.938643923602204,2.3088992222015223,5.478201729551298,1.0,2.5216787486663463,0.5016083160160844,2.471952043253488
ossl_lucas_block,block26,26,CQR,0.05,1,25,0.0003216266632080078,1855,0.9336927223719677,5.60000306658662,3.6661500418493906,7.725776687729056,1.0,2.5216787486663463,0.5016083160160844,2.471952043253488
ossl_lucas_block,block26,26,CQR,0.1,1,25,0.00027561187744140625,1855,0.8576819407008086,4.127580596827938,2.5944492335496117,5.676388807220931,1.0,2.5216787486663463,0.5016083160160844,2.471952043253488
ossl_lucas_block,block26,26,CQR,0.2,1,25,0.00027823448181152344,1855,0.7433962264150943,2.9111397093565006,1.807997743784238,4.198036274217846,1.0,2.5216787486663463,0.5016083160160844,2.471952043253488
ossl_lucas_block,block26,26,WCP,0.05,1,25,0.020262956619262695,1855,0.9692722371967655,5.718625814240431,4.53653819997884,8.515400627837787,1.0,2.5216787486663463,0.5016083160160844,2.471952043253488
ossl_lucas_block,block26,26,WCP,0.1,1,25,0.0033566951751708984,1855,0.8673854447439353,4.145939126732705,3.2646213103899635,6.813196959887984,1.0,2.5216787486663463,0.5016083160160844,2.471952043253488
ossl_lucas_block,block26,26,WCP,0.2,1,25,0.0031828880310058594,1855,0.6700808625336927,2.9860851126044072,2.345504169374101,5.439669464526417,1.0,2.5216787486663463,0.5016083160160844,2.471952043253488
ossl_lucas_block,block26,26,R-U-A,0.05,1,25,0.0017366409301757812,1855,0.9547169811320755,5.286327022730326,4.155478272789225,8.512010729627628,1.0,2.5216787486663463,0.5016083160160844,2.471952043253488
ossl_lucas_block,block26,26,R-U-A,0.1,1,25,0.0015027523040771484,1855,0.861455525606469,4.062265697806196,3.193267607725855,6.866223521207368,1.0,2.5216787486663463,0.5016083160160844,2.471952043253488
ossl_lucas_block,block26,26,R-U-A,0.2,1,25,0.0014190673828125,1855,0.6576819407008087,2.9349832372261844,2.3071329149430433,5.478468526240264,1.0,2.5216787486663463,0.5016083160160844,2.471952043253488
ossl_lucas_block,block26,26,R-U-D,0.05,1,25,0.09554624557495117,1855,0.9164420485175202,4.894508726174699,3.536025998477706,8.157133154852259,1.0,2.5216787486663463,0.5016083160160844,2.471952043253488
ossl_lucas_block,block26,26,R-U-D,0.1,1,25,0.0027484893798828125,1855,0.7795148247978436,3.802827121421034,2.7594944966145545,6.717225871558646,1.0,2.5216787486663463,0.5016083160160844,2.471952043253488
ossl_lucas_block,block26,26,R-U-D,0.2,1,25,0.0025377273559570312,1855,0.5660377358490566,2.7775833937753944,2.0219457814189905,5.512647470578371,1.0,2.5216787486663463,0.5016083160160844,2.471952043253488
ossl_lucas_block,block26,26,G-U-A,0.05,1,25,0.002227306365966797,1855,0.9622641509433962,5.525169453281715,4.343227635722859,8.473215846674908,1.0,2.5216787486663463,0.5016083160160844,2.471952043253488
ossl_lucas_block,block26,26,G-U-A,0.1,1,25,0.00148773193359375,1855,0.8749326145552561,4.247364252982183,3.3387699614491826,6.808659027206714,1.0,2.5216787486663463,0.5016083160160844,2.471952043253488
ossl_lucas_block,block26,26,G-U-A,0.2,1,25,0.0013914108276367188,1855,0.6911051212938005,3.0964009339172356,2.434020209005472,5.424570652890362,1.0,2.5216787486663463,0.5016083160160844,2.471952043253488
ossl_lucas_block,block26,26,G-W-A,0.05,1,25,0.0046732425689697266,1855,0.9665768194070081,5.613668157948005,4.412794736439383,8.481084402149905,1.0,2.5216787486663463,0.5016083160160844,2.471952043253488
ossl_lucas_block,block26,26,G-W-A,0.1,1,25,0.004618406295776367,1855,0.8808625336927224,4.299753033040697,3.3799517567363484,6.795505875804924,1.0,2.5216787486663463,0.5016083160160844,2.471952043253488
ossl_lucas_block,block26,26,G-W-A,0.2,1,25,0.004777431488037109,1855,0.6921832884097036,3.0998186744333305,2.4367068279746724,5.423590869295289,1.0,2.5216787486663463,0.5016083160160844,2.471952043253488
ossl_lucas_block,block26,26,G-U-D,0.05,1,25,0.09430670738220215,1855,0.9202156334231806,5.007220559718992,3.6108264265143815,8.100082338653536,1.0,2.5216787486663463,0.5016083160160844,2.471952043253488
ossl_lucas_block,block26,26,G-U-D,0.1,1,25,0.0032188892364501953,1855,0.7973045822102426,3.921687179800724,2.840747610667295,6.635956303202098,1.0,2.5216787486663463,0.5016083160160844,2.471952043253488
ossl_lucas_block,block26,26,G-U-D,0.2,1,25,0.0027456283569335938,1855,0.5849056603773585,2.878413114782457,2.0937213464647724,5.4505381299151665,1.0,2.5216787486663463,0.5016083160160844,2.471952043253488
ossl_lucas_block,block26,26,GC-D,0.05,1,25,0.005995273590087891,1855,0.922911051212938,5.052779356361529,3.642518761011991,8.078494186808685,1.0,2.5216787486663463,0.5016083160160844,2.471952043253488
ossl_lucas_block,block26,26,GC-D,0.1,1,25,0.00579071044921875,1855,0.7973045822102426,3.9217773196493386,2.840811771698192,6.635900013501271,1.0,2.5216787486663463,0.5016083160160844,2.471952043253488
ossl_lucas_block,block26,26,GC-D,0.2,1,25,0.005908489227294922,1855,0.5784366576819407,2.849649361935508,2.0730072793243552,5.4676489523602605,1.0,2.5216787486663463,0.5016083160160844,2.471952043253488
ossl_lucas_block,block26,26,GC-D+,0.05,1,25,0.0057849884033203125,1855,0.984366576819407,6.721917033687656,4.796185157869038,8.316874942894469,1.0,2.5216787486663463,0.5016083160160844,2.471952043253488
ossl_lucas_block,block26,26,GC-D+,0.1,1,25,0.005803108215332031,1855,0.8808625336927224,4.528541750634389,3.2716042058745325,6.4810921844886975,1.0,2.5216787486663463,0.5016083160160844,2.471952043253488
ossl_lucas_block,block26,26,GC-D+,0.2,1,25,0.006599903106689453,1855,0.6345013477088949,3.0933368058529416,2.2483076984750676,5.347279724855562,1.0,2.5216787486663463,0.5016083160160844,2.471952043253488
ossl_lucas_block,block26,26,HJ+,0.05,1,25,0.47453880310058594,1855,0.9919137466307277,7.739477556130431,6.084009878902379,9.47606504882188,1.0,2.5216787486663463,0.5016083160160844,2.471952043253488
ossl_lucas_block,block26,26,HJ+,0.1,1,25,0.3751232624053955,1855,0.937466307277628,5.002526724397562,3.9305600222415125,6.815079800357578,1.0,2.5216787486663463,0.5016083160160844,2.471952043253488
ossl_lucas_block,block26,26,HJ+,0.2,1,25,0.427579402923584,1855,0.7455525606469002,3.3735243378544015,2.650081544997419,5.390112248769612,1.0,2.5216787486663463,0.5016083160160844,2.471952043253488
ossl_lucas_block,block26,26,HJ+-D,0.05,1,25,0.29732227325439453,1855,0.9859838274932614,6.7974595030703275,4.859132319036845,8.354984984490443,1.0,2.5216787486663463,0.5016083160160844,2.471952043253488
ossl_lucas_block,block26,26,HJ+-D,0.1,1,25,0.36925840377807617,1855,0.8814016172506739,4.561839941012308,3.298418567140292,6.498508839405255,1.0,2.5216787486663463,0.5016083160160844,2.471952043253488
ossl_lucas_block,block26,26,HJ+-D,0.2,1,25,0.45090270042419434,1855,0.6339622641509434,3.1078812944649097,2.25965060995955,5.370196193285595,1.0,2.5216787486663463,0.5016083160160844,2.471952043253488
ossl_lucas_block,block26,26,HCP-D,0.05,1,25,8.552829027175903,1855,1.0,inf,inf,inf,0.0,2.5216787486663463,0.5016083160160844,2.471952043253488
ossl_lucas_block,block26,26,HCP-D,0.1,1,25,7.995271921157837,1855,0.9579514824797843,6.157585300408415,4.169050553088403,7.246710115067208,1.0,2.5216787486663463,0.5016083160160844,2.471952043253488
ossl_lucas_block,block26,26,HCP-D,0.2,1,25,8.495361804962158,1855,0.7018867924528301,3.6602694749387172,2.5210720993245124,5.533360881451611,1.0,2.5216787486663463,0.5016083160160844,2.471952043253488
ossl_lucas_block,block26,26,HCP-A,0.05,1,25,1.0534086227416992,1855,1.0,inf,inf,inf,0.0,2.5216787486663463,0.5016083160160844,2.471952043253488
ossl_lucas_block,block26,26,HCP-A,0.1,1,25,0.7837386131286621,1855,0.9741239892183289,6.525310635641288,5.015552413223459,7.745056734941496,1.0,2.5216787486663463,0.5016083160160844,2.471952043253488
ossl_lucas_block,block26,26,HCP-A,0.2,1,25,0.8519010543823242,1855,0.7902964959568733,3.8372748765488223,2.949446293354087,5.6327607949180605,1.0,2.5216787486663463,0.5016083160160844,2.471952043253488
ossl_lucas_block,block26,26,ORACLE,0.05,1,25,0.002547740936279297,1855,0.953099730458221,5.248516998887036,4.1287622186667186,8.54512825929921,1.0,2.5216787486663463,0.5016083160160844,2.471952043253488
ossl_lucas_block,block26,26,ORACLE,0.1,1,25,0.0025038719177246094,1855,0.8981132075471698,4.496018096891242,3.536042080236669,6.8169646491887015,1.0,2.5216787486663463,0.5016083160160844,2.471952043253488
ossl_lucas_block,block26,26,ORACLE,0.2,1,25,0.002344846725463867,1855,0.8059299191374663,3.672377257865091,2.886871509997924,5.393881887418986,1.0,2.5216787486663463,0.5016083160160844,2.471952043253488
ossl_lucas_block,block27,27,ASTM-R,0.05,1,25,5.021784543991089,1311,0.9755911517925248,5.180405356723982,4.253290848466884,7.842800258651212,1.0,2.0392538991760714,-0.5859638356359674,1.9539997996976195
ossl_lucas_block,block27,27,ASTM-R,0.1,1,25,0.00055694580078125,1311,0.9534706331045004,4.263226119159715,3.500259426360542,6.253997764356517,1.0,2.0392538991760714,-0.5859638356359674,1.9539997996976195
ossl_lucas_block,block27,27,ASTM-R,0.2,1,25,0.000453948974609375,1311,0.9138062547673532,3.2608269902600027,2.6772573802842983,4.88898123790144,1.0,2.0392538991760714,-0.5859638356359674,1.9539997996976195
ossl_lucas_block,block27,27,ASTM-G,0.05,1,25,0.0007507801055908203,1311,0.9824561403508771,5.5125138730599765,4.52596123250971,7.862317355559478,1.0,2.0392538991760714,-0.5859638356359674,1.9539997996976195
ossl_lucas_block,block27,27,ASTM-G,0.1,1,25,0.0006077289581298828,1311,0.965675057208238,4.526561876806689,3.7164661498338445,6.284605646175214,1.0,2.0392538991760714,-0.5859638356359674,1.9539997996976195
ossl_lucas_block,block27,27,ASTM-G,0.2,1,25,0.0005486011505126953,1311,0.9206712433257056,3.455008439053558,2.836686814922653,4.938022178021537,1.0,2.0392538991760714,-0.5859638356359674,1.9539997996976195
ossl_lucas_block,block27,27,GPR,0.05,1,25,123.44779539108276,1311,0.9801678108314263,4.699274888801649,3.4774153688470584,6.128456489675091,1.0,2.0392538991760714,-0.5859638356359674,1.9539997996976195
ossl_lucas_block,block27,27,GPR,0.1,1,25,0.0001285076141357422,1311,0.9603356216628528,3.885836032418654,2.8735532472906193,5.005105569098848,1.0,2.0392538991760714,-0.5859638356359674,1.9539997996976195
ossl_lucas_block,block27,27,GPR,0.2,1,25,9.274482727050781e-05,1311,0.900839054157132,2.985736383640114,2.212596571560576,3.938266988747334,1.0,2.0392538991760714,-0.5859638356359674,1.9539997996976195
ossl_lucas_block,block27,27,BAG,0.05,1,25,32.413614988327026,1311,0.9755911517925248,5.19105496246853,4.249723476768643,7.833997902658654,1.0,2.0392538991760714,-0.5859638356359674,1.9539997996976195
ossl_lucas_block,block27,27,BAG,0.1,1,25,0.00011157989501953125,1311,0.9534706331045004,4.271943042732749,3.496732838234365,6.257311474882952,1.0,2.0392538991760714,-0.5859638356359674,1.9539997996976195
ossl_lucas_block,block27,27,BAG,0.2,1,25,8.916854858398438e-05,1311,0.9138062547673532,3.267457996799026,2.674129071526589,4.890462422234594,1.0,2.0392538991760714,-0.5859638356359674,1.9539997996976195
ossl_lucas_block,block27,27,QGB,0.05,1,25,4.586735248565674,1311,0.9298245614035088,3.9605835299149397,2.8103504987327086,6.604287720842848,1.0,2.0392538991760714,-0.5859638356359674,1.9539997996976195
ossl_lucas_block,block27,27,QGB,0.1,1,25,3.816105604171753,1311,0.8688024408848207,3.148617237381026,2.1264383768371227,5.14746114907011,1.0,2.0392538991760714,-0.5859638356359674,1.9539997996976195
ossl_lucas_block,block27,27,QGB,0.2,1,25,4.234616994857788,1311,0.7475209763539283,2.4255297637554376,1.5191329899272683,3.9564821653234015,1.0,2.0392538991760714,-0.5859638356359674,1.9539997996976195
ossl_lucas_block,block27,27,SCP,0.05,1,25,0.00038695335388183594,1311,0.9809305873379099,5.440866300158932,4.450840907608643,7.893044776388118,1.0,2.0392538991760714,-0.5859638356359674,1.9539997996976195
ossl_lucas_block,block27,27,SCP,0.1,1,25,0.0003056526184082031,1311,0.950419527078566,4.177178040273464,3.4170946085314675,6.297099979414585,1.0,2.0392538991760714,-0.5859638356359674,1.9539997996976195
ossl_lucas_block,block27,27,SCP,0.2,1,25,0.00025582313537597656,1311,0.8909229595728452,3.041114081561719,2.4877499670455423,4.881996724326302,1.0,2.0392538991760714,-0.5859638356359674,1.9539997996976195
ossl_lucas_block,block27,27,NCP-kNN,0.05,1,25,4.801623582839966,1311,0.9534706331045004,4.291738620803064,2.9107301321687937,5.675421701945725,1.0,2.0392538991760714,-0.5859638356359674,1.9539997996976195
ossl_lucas_block,block27,27,NCP-kNN,0.1,1,25,0.00033736228942871094,1311,0.9054157131960335,3.481874873585051,2.3964789433524345,4.962904293343828,1.0,2.0392538991760714,-0.5859638356359674,1.9539997996976195
ossl_lucas_block,block27,27,NCP-kNN,0.2,1,25,0.0002751350402832031,1311,0.8176964149504196,2.719551492505638,1.8930172586592577,4.142496772512203,1.0,2.0392538991760714,-0.5859638356359674,1.9539997996976195
ossl_lucas_block,block27,27,CV+,0.05,1,25,0.07130312919616699,1311,0.9824561403508771,5.404723142580162,4.440687766650214,7.838819347119381,1.0,2.0392538991760714,-0.5859638356359674,1.9539997996976195
ossl_lucas_block,block27,27,CV+,0.1,1,25,0.06454277038574219,1311,0.9511823035850496,4.158531595285485,3.4154177434621573,6.25495316699773,1.0,2.0392538991760714,-0.5859638356359674,1.9539997996976195
ossl_lucas_block,block27,27,CV+,0.2,1,25,0.06570148468017578,1311,0.889397406559878,3.0134675981804833,2.475100934719271,4.846111263145295,1.0,2.0392538991760714,-0.5859638356359674,1.9539997996976195
ossl_lucas_block,block27,27,CQR,0.05,1,25,0.0004494190216064453,1311,0.9649122807017544,4.558202363533823,3.2906842482276626,6.103978881948551,1.0,2.0392538991760714,-0.5859638356359674,1.9539997996976195
ossl_lucas_block,block27,27,CQR,0.1,1,25,0.00033736228942871094,1311,0.9221967963386728,3.5860256450198036,2.463994980116192,4.958771117965702,1.0,2.0392538991760714,-0.5859638356359674,1.9539997996976195
ossl_lucas_block,block27,27,CQR,0.2,1,25,0.00032639503479003906,1311,0.8268497330282227,2.7171851160928804,1.7661339858199665,3.91102995511773,1.0,2.0392538991760714,-0.5859638356359674,1.9539997996976195
ossl_lucas_block,block27,27,WCP,0.05,1,25,0.01958465576171875,1311,0.992372234935164,8.255854704747993,6.753611248652128,9.216668512696508,1.0,2.0392538991760714,-0.5859638356359674,1.9539997996976195
ossl_lucas_block,block27,27,WCP,0.1,1,25,0.0033593177795410156,1311,0.992372234935164,8.255854704747993,6.753611248652128,8.73626160872225,1.0,2.0392538991760714,-0.5859638356359674,1.9539997996976195
ossl_lucas_block,block27,27,WCP,0.2,1,25,0.0030486583709716797,1311,0.992372234935164,8.255854704747993,6.753611248652128,8.496058156735122,1.0,2.0392538991760714,-0.5859638356359674,1.9539997996976195
ossl_lucas_block,block27,27,R-U-A,0.05,1,25,0.0018568038940429688,1311,0.9824561403508771,5.405327368966326,4.4381188041586315,7.84297638623331,1.0,2.0392538991760714,-0.5859638356359674,1.9539997996976195
ossl_lucas_block,block27,27,R-U-A,0.1,1,25,0.00185394287109375,1311,0.9511823035850496,4.15934989299054,3.4150917628300097,6.258246406036756,1.0,2.0392538991760714,-0.5859638356359674,1.9539997996976195
ossl_lucas_block,block27,27,R-U-A,0.2,1,25,0.0015976428985595703,1311,0.8886346300533944,3.0115821145925867,2.4727011521592894,4.850080536432432,1.0,2.0392538991760714,-0.5859638356359674,1.9539997996976195
ossl_lucas_block,block27,27,R-U-D,0.05,1,25,0.11841630935668945,1311,0.977116704805492,5.070462526777883,4.059455564751766,7.588205094141222,1.0,2.0392538991760714,-0.5859638356359674,1.9539997996976195
ossl_lucas_block,block27,27,R-U-D,0.1,1,25,0.00299072265625,1311,0.9527078565980168,3.9813942113483938,3.1963055950655272,6.006446863578975,1.0,2.0392538991760714,-0.5859638356359674,1.9539997996976195
ossl_lucas_block,block27,27,R-U-D,0.2,1,25,0.0029311180114746094,1311,0.8863463005339436,2.918866669335053,2.347986142245775,4.7209436385973955,1.0,2.0392538991760714,-0.5859638356359674,1.9539997996976195
ossl_lucas_block,block27,27,G-U-A,0.05,1,25,0.0028896331787109375,1311,0.9832189168573608,5.6295773631560255,4.622242363771283,7.885153892907528,1.0,2.0392538991760714,-0.5859638356359674,1.9539997996976195
ossl_lucas_block,block27,27,G-U-A,0.1,1,25,0.0016217231750488281,1311,0.9572845156369184,4.362122918633063,3.5815813603420876,6.260009816661027,1.0,2.0392538991760714,-0.5859638356359674,1.9539997996976195
ossl_lucas_block,block27,27,G-U-A,0.2,1,25,0.0014584064483642578,1311,0.9084668192219679,3.1921596880406007,2.6209668666339017,4.874542418783373,1.0,2.0392538991760714,-0.5859638356359674,1.9539997996976195
ossl_lucas_block,block27,27,G-W-A,0.05,1,25,0.0053369998931884766,1311,0.984744469870328,5.763666146439633,4.732337814036589,7.918177561115167,1.0,2.0392538991760714,-0.5859638356359674,1.9539997996976195
ossl_lucas_block,block27,27,G-W-A,0.1,1,25,0.005428314208984375,1311,0.958047292143402,4.417831089992523,3.6273213250064282,6.264113560470641,1.0,2.0392538991760714,-0.5859638356359674,1.9539997996976195
ossl_lucas_block,block27,27,G-W-A,0.2,1,25,0.0048830509185791016,1311,0.9084668192219679,3.1929395543818266,2.6216071866806763,4.874692658770712,1.0,2.0392538991760714,-0.5859638356359674,1.9539997996976195
ossl_lucas_block,block27,27,G-U-D,0.05,1,25,0.09827876091003418,1311,0.9794050343249427,5.240780557176218,4.190210938659128,7.578214819213476,1.0,2.0392538991760714,-0.5859638356359674,1.9539997996976195
ossl_lucas_block,block27,27,G-U-D,0.1,1,25,0.0027446746826171875,1311,0.9595728451563692,4.140074534890615,3.3206034751467555,6.011963430413316,1.0,2.0392538991760714,-0.5859638356359674,1.9539997996976195
ossl_lucas_block,block27,27,G-U-D,0.2,1,25,0.002554178237915039,1311,0.8954996186117468,3.062099509508867,2.4618405817271807,4.7272430069373135,1.0,2.0392538991760714,-0.5859638356359674,1.9539997996976195
ossl_lucas_block,block27,27,GC-D,0.05,1,25,0.005814075469970703,1311,0.9801678108314263,5.283769624985485,4.2240933935810245,7.5801319399325084,1.0,2.0392538991760714,-0.5859638356359674,1.9539997996976195
ossl_lucas_block,block27,27,GC-D,0.1,1,25,0.005985260009765625,1311,0.9595728451563692,4.147834232820791,3.326748749185363,6.012965418454739,1.0,2.0392538991760714,-0.5859638356359674,1.9539997996976195
ossl_lucas_block,block27,27,GC-D,0.2,1,25,0.006490468978881836,1311,0.8909229595728452,3.0210276719184064,2.4290326893401275,4.724259181263915,1.0,2.0392538991760714,-0.5859638356359674,1.9539997996976195
ossl_lucas_block,block27,27,GC-D+,0.05,1,25,0.006171226501464844,1311,0.9931350114416476,7.0957625570197465,5.667599856769157,8.341192691715726,1.0,2.0392538991760714,-0.5859638356359674,1.9539997996976195
ossl_lucas_block,block27,27,GC-D+,0.1,1,25,0.005865812301635742,1311,0.9725400457665904,4.745456615807785,3.799108499069109,6.181274801215787,1.0,2.0392538991760714,-0.5859638356359674,1.9539997996976195
ossl_lucas_block,block27,27,GC-D+,0.2,1,25,0.006945610046386719,1311,0.9061784897025171,3.2601121805656024,2.6190814079580425,4.754855241156561,1.0,2.0392538991760714,-0.5859638356359674,1.9539997996976195
ossl_lucas_block,block27,27,HJ+,0.05,1,25,0.3649570941925049,1311,0.9916094584286804,8.012835203096323,6.5731555117352265,9.049350135223344,1.0,2.0392538991760714,-0.5859638356359674,1.9539997996976195
ossl_lucas_block,block27,27,HJ+,0.1,1,25,0.27419304847717285,1311,0.9748283752860412,5.1350276542215,4.212824519852446,6.485263088236303,1.0,2.0392538991760714,-0.5859638356359674,1.9539997996976195
ossl_lucas_block,block27,27,HJ+,0.2,1,25,0.33216118812561035,1311,0.9214340198321892,3.4652743416506646,2.8440856155977396,4.932944362093802,1.0,2.0392538991760714,-0.5859638356359674,1.9539997996976195
ossl_lucas_block,block27,27,HJ+-D,0.05,1,25,0.25348353385925293,1311,0.9931350114416476,7.123177892668506,5.672351213690416,8.36191491488435,1.0,2.0392538991760714,-0.5859638356359674,1.9539997996976195
ossl_lucas_block,block27,27,HJ+-D,0.1,1,25,0.2963290214538574,1311,0.9740655987795576,4.766957969901097,3.8282105714675203,6.184070722296312,1.0,2.0392538991760714,-0.5859638356359674,1.9539997996976195
ossl_lucas_block,block27,27,HJ+-D,0.2,1,25,0.336895227432251,1311,0.9084668192219679,3.2762081672705063,2.6352587356290837,4.746637968421065,1.0,2.0392538991760714,-0.5859638356359674,1.9539997996976195
ossl_lucas_block,block27,27,HCP-D,0.05,1,25,9.14041519165039,1311,1.0,inf,inf,inf,0.0,2.0392538991760714,-0.5859638356359674,1.9539997996976195
ossl_lucas_block,block27,27,HCP-D,0.1,1,25,9.031018495559692,1311,0.9908466819221968,6.058599871414856,4.660180744934674,6.912710569570687,1.0,2.0392538991760714,-0.5859638356359674,1.9539997996976195
ossl_lucas_block,block27,27,HCP-D,0.2,1,25,9.172894716262817,1311,0.9359267734553776,3.5672685905760666,2.7579871158941813,4.767358615897307,1.0,2.0392538991760714,-0.5859638356359674,1.9539997996976195
ossl_lucas_block,block27,27,HCP-A,0.05,1,25,0.9387214183807373,1311,1.0,inf,inf,inf,0.0,2.0392538991760714,-0.5859638356359674,1.9539997996976195
ossl_lucas_block,block27,27,HCP-A,0.1,1,25,1.0205724239349365,1311,0.9900839054157132,6.618040621285163,5.332387397516269,7.451532302147979,1.0,2.0392538991760714,-0.5859638356359674,1.9539997996976195
ossl_lucas_block,block27,27,HCP-A,0.2,1,25,0.8884868621826172,1311,0.9412662090007627,3.8179643704332986,3.076267774420392,5.020322618657319,1.0,2.0392538991760714,-0.5859638356359674,1.9539997996976195
ossl_lucas_block,block27,27,ORACLE,0.05,1,25,0.0019001960754394531,1311,0.9519450800915332,4.215033176704784,3.460293626560171,8.296631424775699,1.0,2.0392538991760714,-0.5859638356359674,1.9539997996976195
ossl_lucas_block,block27,27,ORACLE,0.1,1,25,0.0016865730285644531,1311,0.900839054157132,3.10607300558677,2.53420422487502,6.620838633134976,1.0,2.0392538991760714,-0.5859638356359674,1.9539997996976195
ossl_lucas_block,block27,27,ORACLE,0.2,1,25,0.001642465591430664,1311,0.8016781083142639,2.224915852123765,1.8258092740909049,4.996323948059873,1.0,2.0392538991760714,-0.5859638356359674,1.9539997996976195
ossl_lucas_block,block28,28,ASTM-R,0.05,1,25,4.880692958831787,1635,0.9675840978593272,4.942060348762288,4.106176241750924,7.932363616342258,1.0,4.115593714042435,0.04108908792589426,4.116647703418666
ossl_lucas_block,block28,28,ASTM-R,0.1,1,25,0.0005528926849365234,1635,0.9535168195718654,4.066918837748421,3.379066359264912,6.082509070683089,1.0,4.115593714042435,0.04108908792589426,4.116647703418666
ossl_lucas_block,block28,28,ASTM-R,0.2,1,25,0.00044846534729003906,1635,0.9162079510703364,3.1105600705767382,2.5844694208459544,4.531506441339872,1.0,4.115593714042435,0.04108908792589426,4.116647703418666
ossl_lucas_block,block28,28,ASTM-G,0.05,1,25,0.00080108642578125,1635,0.9718654434250764,5.255146199736055,4.3663013525364756,7.949622654123343,1.0,4.115593714042435,0.04108908792589426,4.116647703418666
ossl_lucas_block,block28,28,ASTM-G,0.1,1,25,0.0006172657012939453,1635,0.9577981651376147,4.3151534125013615,3.5853123678165955,6.167555919135957,1.0,4.115593714042435,0.04108908792589426,4.116647703418666
ossl_lucas_block,block28,28,ASTM-G,0.2,1,25,0.0005939006805419922,1635,0.9259938837920489,3.293592926585879,2.7365440617461982,4.616770698601919,1.0,4.115593714042435,0.04108908792589426,4.116647703418666
ossl_lucas_block,block28,28,GPR,0.05,1,25,95.22504353523254,1635,0.9712538226299694,3.877466495726452,3.1168398154615815,5.434993442292722,1.0,4.115593714042435,0.04108908792589426,4.116647703418666
ossl_lucas_block,block28,28,GPR,0.1,1,25,0.00013184547424316406,1635,0.946177370030581,3.205577593996602,2.5851812951306936,4.306648883025305,1.0,4.115593714042435,0.04108908792589426,4.116647703418666
ossl_lucas_block,block28,28,GPR,0.2,1,25,9.608268737792969e-05,1635,0.9003058103975535,2.462688239308886,1.9899461396892555,3.3309137311371395,1.0,4.115593714042435,0.04108908792589426,4.116647703418666
ossl_lucas_block,block28,28,BAG,0.05,1,25,34.01139450073242,1635,0.9688073394495413,4.971823515525904,4.113833301759855,7.902106221439769,1.0,4.115593714042435,0.04108908792589426,4.116647703418666
ossl_lucas_block,block28,28,BAG,0.1,1,25,0.00018215179443359375,1635,0.9529051987767584,4.091212834345103,3.3850736682332676,6.076232878355003,1.0,4.115593714042435,0.04108908792589426,4.116647703418666
ossl_lucas_block,block28,28,BAG,0.2,1,25,0.00011205673217773438,1635,0.9137614678899083,3.128994882026375,2.5888577160485817,4.532830200228292,1.0,4.115593714042435,0.04108908792589426,4.116647703418666
ossl_lucas_block,block28,28,QGB,0.05,1,25,4.873344421386719,1635,0.9535168195718654,3.8466232537665466,2.9232874416053787,4.74842137980876,1.0,4.115593714042435,0.04108908792589426,4.116647703418666
ossl_lucas_block,block28,28,QGB,0.1,1,25,3.8333773612976074,1635,0.8941896024464832,2.8126120130327017,2.1177569770500386,3.7089239256892883,1.0,4.115593714042435,0.04108908792589426,4.116647703418666
ossl_lucas_block,block28,28,QGB,0.2,1,25,4.073700666427612,1635,0.8042813455657493,2.0045737557365477,1.5027530287694573,3.06433480493624,1.0,4.115593714042435,0.04108908792589426,4.116647703418666
ossl_lucas_block,block28,28,SCP,0.05,1,25,0.00039196014404296875,1635,0.9700305810397554,5.163576707366101,4.288098357319823,7.901009249850926,1.0,4.115593714042435,0.04108908792589426,4.116647703418666
ossl_lucas_block,block28,28,SCP,0.1,1,25,0.00026917457580566406,1635,0.946177370030581,3.9576730616743787,3.286654254669054,6.035302784902402,1.0,4.115593714042435,0.04108908792589426,4.116647703418666
ossl_lucas_block,block28,28,SCP,0.2,1,25,0.0002715587615966797,1635,0.8960244648318043,2.8279680311708493,2.34848938173369,4.4312474315036505,1.0,4.115593714042435,0.04108908792589426,4.116647703418666
ossl_lucas_block,block28,28,NCP-kNN,0.05,1,25,5.237759351730347,1635,0.9486238532110092,4.102092322217427,2.8459890749848222,5.9395265675704225,1.0,4.115593714042435,0.04108908792589426,4.116647703418666
ossl_lucas_block,block28,28,NCP-kNN,0.1,1,25,0.00028967857360839844,1635,0.908256880733945,3.3673027019141077,2.360159477932517,4.844831392569591,1.0,4.115593714042435,0.04108908792589426,4.116647703418666
ossl_lucas_block,block28,28,NCP-kNN,0.2,1,25,0.0002655982971191406,1635,0.8342507645259939,2.6003612748201346,1.838375178962674,3.822358877447341,1.0,4.115593714042435,0.04108908792589426,4.116647703418666
ossl_lucas_block,block28,28,CV+,0.05,1,25,0.09214353561401367,1635,0.9712538226299694,5.146496761897448,4.267482733607884,7.935804843671911,1.0,4.115593714042435,0.04108908792589426,4.116647703418666
ossl_lucas_block,block28,28,CV+,0.1,1,25,0.07714533805847168,1635,0.9492354740061162,3.9818723210469074,3.3028855291876464,6.056636140573921,1.0,4.115593714042435,0.04108908792589426,4.116647703418666
ossl_lucas_block,block28,28,CV+,0.2,1,25,0.0872957706451416,1635,0.8990825688073395,2.8958617450244764,2.4021309398552018,4.444934897517569,1.0,4.115593714042435,0.04108908792589426,4.116647703418666
ossl_lucas_block,block28,28,CQR,0.05,1,25,0.0003762245178222656,1635,0.9737003058103976,4.3354415828871815,3.3304583866678437,4.92168892649335,1.0,4.115593714042435,0.04108908792589426,4.116647703418666
ossl_lucas_block,block28,28,CQR,0.1,1,25,0.0002906322479248047,1635,0.9302752293577982,3.1646190428348855,2.4079194741569196,3.7862865035295585,1.0,4.115593714042435,0.04108908792589426,4.116647703418666
ossl_lucas_block,block28,28,CQR,0.2,1,25,0.0003185272216796875,1635,0.8513761467889909,2.2420885489291678,1.702560351260689,3.1009395070117596,1.0,4.115593714042435,0.04108908792589426,4.116647703418666
ossl_lucas_block,block28,28,WCP,0.05,1,25,0.029584169387817383,1635,0.9064220183486239,3.0200458571340265,2.5077303780768894,8.927468703871764,1.0,4.115593714042435,0.04108908792589426,4.116647703418666
ossl_lucas_block,block28,28,WCP,0.1,1,25,0.004274845123291016,1635,0.8428134556574923,2.3396624377040918,1.9429754266049069,6.343919869991419,1.0,4.115593714042435,0.04108908792589426,4.116647703418666
ossl_lucas_block,block28,28,WCP,0.2,1,25,0.004030466079711914,1635,0.8428134556574923,2.3396624377040918,1.9429754266049069,4.341791153847756,1.0,4.115593714042435,0.04108908792589426,4.116647703418666
ossl_lucas_block,block28,28,R-U-A,0.05,1,25,0.0021209716796875,1635,0.9712538226299694,5.124095364406114,4.2579053431586615,7.9424068689146035,1.0,4.115593714042435,0.04108908792589426,4.116647703418666
ossl_lucas_block,block28,28,R-U-A,0.1,1,25,0.0020270347595214844,1635,0.9504587155963303,3.964746022652173,3.2945353420592163,6.052127864238354,1.0,4.115593714042435,0.04108908792589426,4.116647703418666
ossl_lucas_block,block28,28,R-U-A,0.2,1,25,0.002218008041381836,1635,0.8996941896024465,2.8843545906293735,2.3967760062226002,4.444513698814177,1.0,4.115593714042435,0.04108908792589426,4.116647703418666
ossl_lucas_block,block28,28,R-U-D,0.05,1,25,0.12852907180786133,1635,0.9712538226299694,5.112555058025783,4.082696578844626,7.252100935763445,1.0,4.115593714042435,0.04108908792589426,4.116647703418666
ossl_lucas_block,block28,28,R-U-D,0.1,1,25,0.0030107498168945312,1635,0.9535168195718654,4.024761195863522,3.2211195936590094,5.747074036877505,1.0,4.115593714042435,0.04108908792589426,4.116647703418666
ossl_lucas_block,block28,28,R-U-D,0.2,1,25,0.002798318862915039,1635,0.908868501529052,2.9527208550423887,2.369200976467461,4.315901025585581,1.0,4.115593714042435,0.04108908792589426,4.116647703418666
ossl_lucas_block,block28,28,G-U-A,0.05,1,25,0.0023758411407470703,1635,0.9737003058103976,5.3344850018598065,4.432730184960395,7.962230913288722,1.0,4.115593714042435,0.04108908792589426,4.116647703418666
ossl_lucas_block,block28,28,G-U-A,0.1,1,25,0.002019643783569336,1635,0.9547400611620795,4.15784862489457,3.4549953927399932,6.114235905245161,1.0,4.115593714042435,0.04108908792589426,4.116647703418666
ossl_lucas_block,block28,28,G-U-A,0.2,1,25,0.001657724380493164,1635,0.9107033639143731,3.0469706115714943,2.531903004299636,4.504596458153461,1.0,4.115593714042435,0.04108908792589426,4.116647703418666
ossl_lucas_block,block28,28,G-W-A,0.05,1,25,0.004952907562255859,1635,0.9761467889908257,5.433750836918772,4.515215872566184,7.978154835920163,1.0,4.115593714042435,0.04108908792589426,4.116647703418666
ossl_lucas_block,block28,28,G-W-A,0.1,1,25,0.006102323532104492,1635,0.9547400611620795,4.218508162838986,3.5054008891952693,6.134889633174332,1.0,4.115593714042435,0.04108908792589426,4.116647703418666
ossl_lucas_block,block28,28,G-W-A,0.2,1,25,0.005234718322753906,1635,0.9107033639143731,3.0406866916029665,2.5266813340325607,4.501972694207842,1.0,4.115593714042435,0.04108908792589426,4.116647703418666
ossl_lucas_block,block28,28,G-U-D,0.05,1,25,0.09640192985534668,1635,0.9730886850152906,5.311155604211511,4.235666381348712,7.269690411631303,1.0,4.115593714042435,0.04108908792589426,4.116647703418666
ossl_lucas_block,block28,28,G-U-D,0.1,1,25,0.0027551651000976562,1635,0.9565749235474006,4.198335120903798,3.362447326534628,5.798182121505868,1.0,4.115593714042435,0.04108908792589426,4.116647703418666
ossl_lucas_block,block28,28,G-U-D,0.2,1,25,0.0025300979614257812,1635,0.9155963302752294,3.110603152209038,2.4879585400636284,4.372556685037794,1.0,4.115593714042435,0.04108908792589426,4.116647703418666
ossl_lucas_block,block28,28,GC-D,0.05,1,25,0.005849123001098633,1635,0.9737003058103976,5.338361709397536,4.257237735137805,7.273043988779113,1.0,4.115593714042435,0.04108908792589426,4.116647703418666
ossl_lucas_block,block28,28,GC-D,0.1,1,25,0.00585484504699707,1635,0.9565749235474006,4.191752196854085,3.3571951512420375,5.7960397753470945,1.0,4.115593714042435,0.04108908792589426,4.116647703418666
ossl_lucas_block,block28,28,GC-D,0.2,1,25,0.0058135986328125,1635,0.9131498470948012,3.0703168467552264,2.456232120864586,4.356170059424806,1.0,4.115593714042435,0.04108908792589426,4.116647703418666
ossl_lucas_block,block28,28,GC-D+,0.05,1,25,0.00575566291809082,1635,0.9944954128440368,7.272402214240525,5.763032660815511,8.174023887613941,1.0,4.115593714042435,0.04108908792589426,4.116647703418666
ossl_lucas_block,block28,28,GC-D+,0.1,1,25,0.005815744400024414,1635,0.9669724770642202,4.821867815076128,3.8534083180128884,6.037812265169678,1.0,4.115593714042435,0.04108908792589426,4.116647703418666
ossl_lucas_block,block28,28,GC-D+,0.2,1,25,0.005877017974853516,1635,0.9284403669724771,3.306311762226062,2.643874973401649,4.461449020846395,1.0,4.115593714042435,0.04108908792589426,4.116647703418666
ossl_lucas_block,block28,28,HJ+,0.05,1,25,0.39587998390197754,1635,0.9938837920489296,7.643693849654081,6.339185538736927,9.009944086243078,1.0,4.115593714042435,0.04108908792589426,4.116647703418666
ossl_lucas_block,block28,28,HJ+,0.1,1,25,0.378786563873291,1635,0.9675840978593272,4.8932197721445805,4.055393262615622,6.3953829687241015,1.0,4.115593714042435,0.04108908792589426,4.116647703418666
ossl_lucas_block,block28,28,HJ+,0.2,1,25,0.4087691307067871,1635,0.926605504587156,3.3120655774796797,2.74436540840845,4.616710601916144,1.0,4.115593714042435,0.04108908792589426,4.116647703418666
ossl_lucas_block,block28,28,HJ+-D,0.05,1,25,0.2945854663848877,1635,0.9944954128440368,7.274364256600856,5.775867160671755,8.170621330274596,1.0,4.115593714042435,0.04108908792589426,4.116647703418666
ossl_lucas_block,block28,28,HJ+-D,0.1,1,25,0.382763147354126,1635,0.9663608562691132,4.824649138516868,3.8572162308187847,6.028204271467059,1.0,4.115593714042435,0.04108908792589426,4.116647703418666
ossl_lucas_block,block28,28,HJ+-D,0.2,1,25,0.43651247024536133,1635,0.92782874617737,3.3142943648882897,2.6550900188978517,4.45877573092336,1.0,4.115593714042435,0.04108908792589426,4.116647703418666
ossl_lucas_block,block28,28,HCP-D,0.05,1,25,9.433666706085205,1635,1.0,inf,inf,inf,0.0,4.115593714042435,0.04108908792589426,4.116647703418666
ossl_lucas_block,block28,28,HCP-D,0.1,1,25,9.044374942779541,1635,0.9871559633027523,5.990476618267355,4.720206522274768,6.559529347782611,1.0,4.115593714042435,0.04108908792589426,4.116647703418666
ossl_lucas_block,block28,28,HCP-D,0.2,1,25,8.921673774719238,1635,0.944954128440367,3.520528824329766,2.80653719570242,4.412092300909952,1.0,4.115593714042435,0.04108908792589426,4.116647703418666
ossl_lucas_block,block28,28,HCP-A,0.05,1,25,1.1922669410705566,1635,1.0,inf,inf,inf,0.0,4.115593714042435,0.04108908792589426,4.116647703418666
ossl_lucas_block,block28,28,HCP-A,0.1,1,25,1.0212657451629639,1635,0.9865443425076452,6.123878611276437,5.078250310774386,6.95799519902481,1.0,4.115593714042435,0.04108908792589426,4.116647703418666
ossl_lucas_block,block28,28,HCP-A,0.2,1,25,0.950857400894165,1635,0.9437308868501529,3.567299389978933,2.9581969835959634,4.59787197411945,1.0,4.115593714042435,0.04108908792589426,4.116647703418666
ossl_lucas_block,block28,28,ORACLE,0.05,1,25,0.0028357505798339844,1635,0.9529051987767584,4.033341867663805,3.34812245617651,8.109574907816578,1.0,4.115593714042435,0.04108908792589426,4.116647703418666
ossl_lucas_block,block28,28,ORACLE,0.1,1,25,0.0022721290588378906,1635,0.9003058103975535,2.9158343051099824,2.4119498466888416,5.993238564684615,1.0,4.115593714042435,0.04108908792589426,4.116647703418666
ossl_lucas_block,block28,28,ORACLE,0.2,1,25,0.00203704833984375,1635,0.8006116207951071,1.977513228189874,1.6372756616562811,4.362173210376612,1.0,4.115593714042435,0.04108908792589426,4.116647703418666
ossl_lucas_block,block29,29,ASTM-R,0.05,1,25,6.051518201828003,1100,0.9763636363636363,4.913509393165028,3.9219598639910824,7.108500175244839,1.0,1.7964885335644392,-0.521620650491265,1.7198755808710573
ossl_lucas_block,block29,29,ASTM-R,0.1,1,25,0.001177072525024414,1100,0.9536363636363636,4.043975186628364,3.227928310118375,5.676038137681711,1.0,1.7964885335644392,-0.521620650491265,1.7198755808710573
ossl_lucas_block,block29,29,ASTM-R,0.2,1,25,0.0010402202606201172,1100,0.9,3.0934124536541674,2.469204554901414,4.450919456224593,1.0,1.7964885335644392,-0.521620650491265,1.7198755808710573
ossl_lucas_block,block29,29,ASTM-G,0.05,1,25,0.0016219615936279297,1100,0.98,5.232133631418402,4.176270326891817,7.148962697910382,1.0,1.7964885335644392,-0.521620650491265,1.7198755808710573
ossl_lucas_block,block29,29,ASTM-G,0.1,1,25,0.0011987686157226562,1100,0.9636363636363636,4.296675544403598,3.429626517951105,5.7417765711587,1.0,1.7964885335644392,-0.521620650491265,1.7198755808710573
ossl_lucas_block,block29,29,ASTM-G,0.2,1,25,0.0011103153228759766,1100,0.9154545454545454,3.2797933325283326,2.6179721487898524,4.504960902974832,1.0,1.7964885335644392,-0.521620650491265,1.7198755808710573
ossl_lucas_block,block29,29,GPR,0.05,1,25,64.94129157066345,1100,0.9645454545454546,4.517008581635426,3.0176719552561817,6.095618346722847,1.0,1.7964885335644392,-0.521620650491265,1.7198755808710573
ossl_lucas_block,block29,29,GPR,0.1,1,25,0.00014519691467285156,1100,0.9381818181818182,3.713596006106332,2.500546257301562,4.970601111301762,1.0,1.7964885335644392,-0.521620650491265,1.7198755808710573
ossl_lucas_block,block29,29,GPR,0.2,1,25,9.107589721679688e-05,1100,0.87,2.8388678477698197,1.925767519697517,3.9609456611063725,1.0,1.7964885335644392,-0.521620650491265,1.7198755808710573
ossl_lucas_block,block29,29,BAG,0.05,1,25,34.72888445854187,1100,0.9772727272727273,4.872659292284952,3.88750256710325,7.0535165133675894,1.0,1.7964885335644392,-0.521620650491265,1.7198755808710573
ossl_lucas_block,block29,29,BAG,0.1,1,25,0.00010776519775390625,1100,0.9563636363636364,4.010144166488531,3.199650648640919,5.635255645148989,1.0,1.7964885335644392,-0.521620650491265,1.7198755808710573
ossl_lucas_block,block29,29,BAG,0.2,1,25,9.1552734375e-05,1100,0.8981818181818182,3.067379422511896,2.447631659290298,4.428858629049635,1.0,1.7964885335644392,-0.521620650491265,1.7198755808710573
ossl_lucas_block,block29,29,QGB,0.05,1,25,4.911030530929565,1100,0.9281818181818182,4.204430795087337,3.133324768642389,7.0250625876260555,1.0,1.7964885335644392,-0.521620650491265,1.7198755808710573
ossl_lucas_block,block29,29,QGB,0.1,1,25,3.917508363723755,1100,0.8654545454545455,3.157562709559213,2.1400296253279314,5.413592882513202,1.0,1.7964885335644392,-0.521620650491265,1.7198755808710573
ossl_lucas_block,block29,29,QGB,0.2,1,25,4.1564040184021,1100,0.7545454545454545,2.292466367710206,1.5240168155113996,4.19853367644717,1.0,1.7964885335644392,-0.521620650491265,1.7198755808710573
ossl_lucas_block,block29,29,SCP,0.05,1,25,0.00044345855712890625,1100,0.9772727272727273,5.152251015486478,4.099767744671361,7.210517263404092,1.0,1.7964885335644392,-0.521620650491265,1.7198755808710573
ossl_lucas_block,block29,29,SCP,0.1,1,25,0.00028204917907714844,1100,0.9481818181818182,3.9506158516222487,3.143598281874273,5.721626122945113,1.0,1.7964885335644392,-0.521620650491265,1.7198755808710573
ossl_lucas_block,block29,29,SCP,0.2,1,25,0.0002512931823730469,1100,0.88,2.8671127905852494,2.281429321639182,4.442554492732853,1.0,1.7964885335644392,-0.521620650491265,1.7198755808710573
ossl_lucas_block,block29,29,NCP-kNN,0.05,1,25,4.992672443389893,1100,0.95,4.144615643123297,2.571989951656425,5.91782567067904,1.0,1.7964885335644392,-0.521620650491265,1.7198755808710573
ossl_lucas_block,block29,29,NCP-kNN,0.1,1,25,0.0003135204315185547,1100,0.9018181818181819,3.348683740218584,2.1043749996166383,4.861153996518154,1.0,1.7964885335644392,-0.521620650491265,1.7198755808710573
ossl_lucas_block,block29,29,NCP-kNN,0.2,1,25,0.0002722740173339844,1100,0.8154545454545454,2.618589864466112,1.6604875433848432,3.9802750084315384,1.0,1.7964885335644392,-0.521620650491265,1.7198755808710573
ossl_lucas_block,block29,29,CV+,0.05,1,25,0.0708308219909668,1100,0.9772727272727273,5.125425208436702,4.095132529196075,7.105932690932557,1.0,1.7964885335644392,-0.521620650491265,1.7198755808710573
ossl_lucas_block,block29,29,CV+,0.1,1,25,0.05834674835205078,1100,0.95,3.9347393777336683,3.138396441658463,5.6434727430662,1.0,1.7964885335644392,-0.521620650491265,1.7198755808710573
ossl_lucas_block,block29,29,CV+,0.2,1,25,0.0659639835357666,1100,0.8818181818181818,2.856050982600377,2.2776129487827594,4.404250777918599,1.0,1.7964885335644392,-0.521620650491265,1.7198755808710573
ossl_lucas_block,block29,29,CQR,0.05,1,25,0.0004696846008300781,1100,0.9636363636363636,4.742287803982101,3.565315917176807,6.696013054999105,1.0,1.7964885335644392,-0.521620650491265,1.7198755808710573
ossl_lucas_block,block29,29,CQR,0.1,1,25,0.0004417896270751953,1100,0.9,3.537204017105738,2.436284021729822,5.194139971984256,1.0,1.7964885335644392,-0.521620650491265,1.7198755808710573
ossl_lucas_block,block29,29,CQR,0.2,1,25,0.0004074573516845703,1100,0.8090909090909091,2.5403541260512554,1.7098189722856592,4.121818324033535,1.0,1.7964885335644392,-0.521620650491265,1.7198755808710573
ossl_lucas_block,block29,29,WCP,0.05,1,25,0.022142410278320312,1100,0.9927272727272727,inf,6.342770873840641,inf,0.9954545454545455,1.7964885335644392,-0.521620650491265,1.7198755808710573
ossl_lucas_block,block29,29,WCP,0.1,1,25,0.0038902759552001953,1100,0.9463636363636364,inf,3.0453616296929105,inf,0.9954545454545455,1.7964885335644392,-0.521620650491265,1.7198755808710573
ossl_lucas_block,block29,29,WCP,0.2,1,25,0.0030438899993896484,1100,0.9445454545454546,inf,3.0453616296929105,inf,0.9972727272727273,1.7964885335644392,-0.521620650491265,1.7198755808710573
ossl_lucas_block,block29,29,R-U-A,0.05,1,25,0.001752614974975586,1100,0.9781818181818182,5.140787382627211,4.104501189541631,7.135292955576412,1.0,1.7964885335644392,-0.521620650491265,1.7198755808710573
ossl_lucas_block,block29,29,R-U-A,0.1,1,25,0.0025179386138916016,1100,0.9472727272727273,3.9371469320410166,3.1434920495980374,5.66594869979237,1.0,1.7964885335644392,-0.521620650491265,1.7198755808710573
ossl_lucas_block,block29,29,R-U-A,0.2,1,25,0.0016167163848876953,1100,0.88,2.8607164642195504,2.28404974887909,4.410473940244317,1.0,1.7964885335644392,-0.521620650491265,1.7198755808710573
ossl_lucas_block,block29,29,R-U-D,0.05,1,25,0.11981534957885742,1100,0.9827272727272728,5.2838143655622085,4.010565301347413,7.120312476435814,1.0,1.7964885335644392,-0.521620650491265,1.7198755808710573
ossl_lucas_block,block29,29,R-U-D,0.1,1,25,0.0028524398803710938,1100,0.9563636363636364,4.145777988569195,3.154701548339939,5.703885780243683,1.0,1.7964885335644392,-0.521620650491265,1.7198755808710573
ossl_lucas_block,block29,29,R-U-D,0.2,1,25,0.0025713443756103516,1100,0.8945454545454545,3.0206703505841332,2.307429915430115,4.429551221748368,1.0,1.7964885335644392,-0.521620650491265,1.7198755808710573
ossl_lucas_block,block29,29,G-U-A,0.05,1,25,0.002378225326538086,1100,0.98,5.325570949021838,4.2520358591600615,7.171350315247425,1.0,1.7964885335644392,-0.521620650491265,1.7198755808710573
ossl_lucas_block,block29,29,G-U-A,0.1,1,25,0.0015006065368652344,1100,0.9590909090909091,4.130863427919835,3.2981589378757823,5.695817257818487,1.0,1.7964885335644392,-0.521620650491265,1.7198755808710573
ossl_lucas_block,block29,29,G-U-A,0.2,1,25,0.0013904571533203125,1100,0.8945454545454545,3.017045903307161,2.4088661088911536,4.435035015702145,1.0,1.7964885335644392,-0.521620650491265,1.7198755808710573
ossl_lucas_block,block29,29,G-W-A,0.05,1,25,0.0047724246978759766,1100,0.9818181818181818,5.4429717419191475,4.345770856979378,7.200429840181222,1.0,1.7964885335644392,-0.521620650491265,1.7198755808710573
ossl_lucas_block,block29,29,G-W-A,0.1,1,25,0.00538945198059082,1100,0.96,4.183704725347995,3.3403484220944364,5.710145934019032,1.0,1.7964885335644392,-0.521620650491265,1.7198755808710573
ossl_lucas_block,block29,29,G-W-A,0.2,1,25,0.005149364471435547,1100,0.8954545454545455,3.0239795033211103,2.414402025354308,4.436371601485854,1.0,1.7964885335644392,-0.521620650491265,1.7198755808710573
ossl_lucas_block,block29,29,G-U-D,0.05,1,25,0.11788439750671387,1100,0.9827272727272728,5.454138735130174,4.126972979688014,7.2056715745019435,1.0,1.7964885335644392,-0.521620650491265,1.7198755808710573
ossl_lucas_block,block29,29,G-U-D,0.1,1,25,0.00319671630859375,1100,0.9609090909090909,4.307632149893591,3.271332287533757,5.7774059120587,1.0,1.7964885335644392,-0.521620650491265,1.7198755808710573
ossl_lucas_block,block29,29,G-U-D,0.2,1,25,0.0026612281799316406,1100,0.9036363636363637,3.169329075475651,2.414864156437463,4.477091271376443,1.0,1.7964885335644392,-0.521620650491265,1.7198755808710573
ossl_lucas_block,block29,29,GC-D,0.05,1,25,0.007261037826538086,1100,0.9836363636363636,5.50220743064044,4.162974509384778,7.2216709335301905,1.0,1.7964885335644392,-0.521620650491265,1.7198755808710573
ossl_lucas_block,block29,29,GC-D,0.1,1,25,0.006373405456542969,1100,0.9609090909090909,4.310256598930406,3.2733159475675997,5.77825985264711,1.0,1.7964885335644392,-0.521620650491265,1.7198755808710573
ossl_lucas_block,block29,29,GC-D,0.2,1,25,0.006226062774658203,1100,0.9018181818181819,3.13328399151845,2.387771444081282,4.467345979534606,1.0,1.7964885335644392,-0.521620650491265,1.7198755808710573
ossl_lucas_block,block29,29,GC-D+,0.05,1,25,0.0058705806732177734,1100,0.9918181818181818,7.504982030406352,5.630523753860311,8.181608944075643,1.0,1.7964885335644392,-0.521620650491265,1.7198755808710573
ossl_lucas_block,block29,29,GC-D+,0.1,1,25,0.006482839584350586,1100,0.9736363636363636,4.966798942048331,3.7702899220507566,6.041914612093999,1.0,1.7964885335644392,-0.521620650491265,1.7198755808710573
ossl_lucas_block,block29,29,GC-D+,0.2,1,25,0.006685972213745117,1100,0.9136363636363637,3.3853988248291107,2.5765375387893292,4.550148046650213,1.0,1.7964885335644392,-0.521620650491265,1.7198755808710573
ossl_lucas_block,block29,29,HJ+,0.05,1,25,0.31806039810180664,1100,0.9927272727272727,7.635929121614063,6.092581666635649,8.261398606378359,1.0,1.7964885335644392,-0.521620650491265,1.7198755808710573
ossl_lucas_block,block29,29,HJ+,0.1,1,25,0.26497530937194824,1100,0.9754545454545455,4.849139466299986,3.8641675647663805,5.967080092073973,1.0,1.7964885335644392,-0.521620650491265,1.7198755808710573
ossl_lucas_block,block29,29,HJ+,0.2,1,25,0.351895809173584,1100,0.9136363636363637,3.274850767487849,2.6112825261936,4.489090814906419,1.0,1.7964885335644392,-0.521620650491265,1.7198755808710573
ossl_lucas_block,block29,29,HJ+-D,0.05,1,25,0.32010507583618164,1100,0.9918181818181818,7.471558764145443,5.605593517176933,8.120457159282378,1.0,1.7964885335644392,-0.521620650491265,1.7198755808710573
ossl_lucas_block,block29,29,HJ+-D,0.1,1,25,0.28591227531433105,1100,0.9745454545454545,4.945760673024725,3.7459493539500714,6.017174738419166,1.0,1.7964885335644392,-0.521620650491265,1.7198755808710573
ossl_lucas_block,block29,29,HJ+-D,0.2,1,25,0.31640028953552246,1100,0.9181818181818182,3.3855916592697883,2.5732505422885867,4.537094230546227,1.0,1.7964885335644392,-0.521620650491265,1.7198755808710573
ossl_lucas_block,block29,29,HCP-D,0.05,1,25,9.863833904266357,1100,1.0,inf,inf,inf,0.0,1.7964885335644392,-0.521620650491265,1.7198755808710573
ossl_lucas_block,block29,29,HCP-D,0.1,1,25,9.369596242904663,1100,0.9881818181818182,6.5019612484304705,4.756637858365268,6.94071191147598,1.0,1.7964885335644392,-0.521620650491265,1.7198755808710573
ossl_lucas_block,block29,29,HCP-D,0.2,1,25,9.825412511825562,1100,0.94,3.809115551314027,2.8344349298663674,4.726467651823544,1.0,1.7964885335644392,-0.521620650491265,1.7198755808710573
ossl_lucas_block,block29,29,HCP-A,0.05,1,25,1.0713984966278076,1100,1.0,inf,inf,inf,0.0,1.7964885335644392,-0.521620650491265,1.7198755808710573
ossl_lucas_block,block29,29,HCP-A,0.1,1,25,0.9382719993591309,1100,0.9863636363636363,6.355294265578233,5.0566225758329395,6.996951234752326,1.0,1.7964885335644392,-0.521620650491265,1.7198755808710573
ossl_lucas_block,block29,29,HCP-A,0.2,1,25,0.9516880512237549,1100,0.94,3.6967177246170113,2.9413124745498145,4.725630304972601,1.0,1.7964885335644392,-0.521620650491265,1.7198755808710573
ossl_lucas_block,block29,29,ORACLE,0.05,1,25,0.0017077922821044922,1100,0.9518181818181818,4.016998124075521,3.2074185502864863,7.328747858099568,1.0,1.7964885335644392,-0.521620650491265,1.7198755808710573
ossl_lucas_block,block29,29,ORACLE,0.1,1,25,0.001359701156616211,1100,0.8972727272727272,3.0820909040927607,2.4571710458891873,5.826256053059993,1.0,1.7964885335644392,-0.521620650491265,1.7198755808710573
ossl_lucas_block,block29,29,ORACLE,0.2,1,25,0.0013861656188964844,1100,0.7963636363636364,2.218990823822186,1.7680086253273621,4.496415596815176,1.0,1.7964885335644392,-0.521620650491265,1.7198755808710573
