task,fold,group,method,alpha,seed,A,time_s,n,coverage,width_mean,width_median,interval_score,finite_frac,rmse,bias,sep
mango_instrument,inst14002,14002,ASTM-R,0.05,3,14,3.207514524459839,3364,0.933115338882283,4.648699995958004,4.648647325122804,5.930646963613624,1.0,1.2519828069048706,-0.5818561850329316,1.1087243786411596
mango_instrument,inst14002,14002,ASTM-R,0.1,3,14,0.0008184909820556641,3364,0.8864447086801427,3.9012946984206516,3.901250495858581,5.2138858542642454,1.0,1.2519828069048706,-0.5818561850329316,1.1087243786411596
mango_instrument,inst14002,14002,ASTM-R,0.2,3,14,0.0006413459777832031,3364,0.7904280618311534,3.039595421395861,3.039560982083871,4.368422375786527,1.0,1.2519828069048706,-0.5818561850329316,1.1087243786411596
mango_instrument,inst14002,14002,ASTM-G,0.05,3,14,0.0009887218475341797,3364,0.9791914387633769,5.83056826217782,5.830502200504596,6.1079979590162115,1.0,1.2519828069048706,-0.5818561850329316,1.1087243786411596
mango_instrument,inst14002,14002,ASTM-G,0.1,3,14,0.000904083251953125,3364,0.9441141498216409,4.893145410500166,4.89308997004246,5.3840200087069965,1.0,1.2519828069048706,-0.5818561850329316,1.1087243786411596
mango_instrument,inst14002,14002,ASTM-G,0.2,3,14,0.0007338523864746094,3364,0.8793103448275862,3.8123709013834666,3.8123277063483743,4.520489849746665,1.0,1.2519828069048706,-0.5818561850329316,1.1087243786411596
mango_instrument,inst14002,14002,GPR,0.05,3,14,14.991987943649292,3364,0.9583828775267539,4.812169220820823,4.578920043778723,5.491049493335167,1.0,1.2519828069048706,-0.5818561850329316,1.1087243786411596
mango_instrument,inst14002,14002,GPR,0.1,3,14,0.00019288063049316406,3364,0.9078478002378121,4.038499716732735,3.8427508367189116,4.9238664171217925,1.0,1.2519828069048706,-0.5818561850329316,1.1087243786411596
mango_instrument,inst14002,14002,GPR,0.2,3,14,0.00015735626220703125,3364,0.7981569560047562,3.146508327323009,2.9939948881179292,4.26650195587494,1.0,1.2519828069048706,-0.5818561850329316,1.1087243786411596
mango_instrument,inst14002,14002,BAG,0.05,3,14,15.714895725250244,3364,0.9310344827586207,4.659638154500438,4.657854878637142,5.963427197694663,1.0,1.2519828069048706,-0.5818561850329316,1.1087243786411596
mango_instrument,inst14002,14002,BAG,0.1,3,14,0.00019311904907226562,3364,0.8864447086801427,3.9104916106456544,3.9089950383643597,5.23955768002963,1.0,1.2519828069048706,-0.5818561850329316,1.1087243786411596
mango_instrument,inst14002,14002,BAG,0.2,3,14,0.00011491775512695312,3364,0.7904280618311534,3.0467736238391847,3.045607602426326,4.386389751434881,1.0,1.2519828069048706,-0.5818561850329316,1.1087243786411596
mango_instrument,inst14002,14002,QGB,0.05,3,14,4.357817649841309,3364,0.8668252080856124,4.6049556700234255,4.36890234476361,8.315038653086757,1.0,1.2519828069048706,-0.5818561850329316,1.1087243786411596
mango_instrument,inst14002,14002,QGB,0.1,3,14,3.7754697799682617,3364,0.7550535077288941,3.4119656617006284,3.260686287905619,6.9835583436543756,1.0,1.2519828069048706,-0.5818561850329316,1.1087243786411596
mango_instrument,inst14002,14002,QGB,0.2,3,14,4.1908793449401855,3364,0.5963139120095124,2.3726136073063393,2.3275040487439638,5.680859747221531,1.0,1.2519828069048706,-0.5818561850329316,1.1087243786411596
mango_instrument,inst14002,14002,SCP,0.05,3,14,0.0003459453582763672,3364,0.9438168846611177,4.883054700803733,4.883054700803733,5.856867928704418,1.0,1.2519828069048706,-0.5818561850329316,1.1087243786411596
mango_instrument,inst14002,14002,SCP,0.1,3,14,0.00024509429931640625,3364,0.8861474435196195,3.889556543022024,3.8895565430220245,5.203358067420604,1.0,1.2519828069048706,-0.5818561850329316,1.1087243786411596
mango_instrument,inst14002,14002,SCP,0.2,3,14,0.0002224445343017578,3364,0.7621878715814506,2.8937265828207264,2.893726582820726,4.38077610421944,1.0,1.2519828069048706,-0.5818561850329316,1.1087243786411596
mango_instrument,inst14002,14002,NCP-kNN,0.05,3,14,8.557649374008179,3364,0.8611771700356718,4.0573649488459225,3.884808746435546,7.006911695581398,1.0,1.2519828069048706,-0.5818561850329316,1.1087243786411596
mango_instrument,inst14002,14002,NCP-kNN,0.1,3,14,0.0003998279571533203,3364,0.8002378121284186,3.396033452049642,3.251603103009689,5.829531349435892,1.0,1.2519828069048706,-0.5818561850329316,1.1087243786411596
mango_instrument,inst14002,14002,NCP-kNN,0.2,3,14,0.0002830028533935547,3364,0.7015457788347206,2.7049168734280715,2.589879111383212,4.67443190451636,1.0,1.2519828069048706,-0.5818561850329316,1.1087243786411596
mango_instrument,inst14002,14002,CV+,0.05,3,14,0.14891910552978516,3364,0.9354934601664685,4.710354661199268,4.710410781507081,5.910707560904895,1.0,1.2519828069048706,-0.5818561850329316,1.1087243786411596
mango_instrument,inst14002,14002,CV+,0.1,3,14,0.1426374912261963,3364,0.8828775267538644,3.8478730670217645,3.847699233087785,5.220483652725382,1.0,1.2519828069048706,-0.5818561850329316,1.1087243786411596
mango_instrument,inst14002,14002,CV+,0.2,3,14,0.15559077262878418,3364,0.7719976218787158,2.938243088446634,2.9381991382306962,4.376819157106084,1.0,1.2519828069048706,-0.5818561850329316,1.1087243786411596
mango_instrument,inst14002,14002,CQR,0.05,3,14,0.0003635883331298828,3364,0.9066587395957194,5.23653374461213,5.0004804193523125,7.539068067860496,1.0,1.2519828069048706,-0.5818561850329316,1.1087243786411596
mango_instrument,inst14002,14002,CQR,0.1,3,14,0.0003275871276855469,3364,0.8162901307966707,3.88274355117168,3.7314641773766706,6.445097966582543,1.0,1.2519828069048706,-0.5818561850329316,1.1087243786411596
mango_instrument,inst14002,14002,CQR,0.2,3,14,0.0002815723419189453,3364,0.6587395957193817,2.678513872234921,2.6334043136725453,5.419879928490519,1.0,1.2519828069048706,-0.5818561850329316,1.1087243786411596
mango_instrument,inst14002,14002,WCP,0.05,3,14,0.03745532035827637,3364,0.995243757431629,inf,inf,inf,0.4702734839476813,1.2519828069048706,-0.5818561850329316,1.1087243786411596
mango_instrument,inst14002,14002,WCP,0.1,3,14,0.005486488342285156,3364,0.976218787158145,inf,4.534611587234014,inf,0.5882877526753865,1.2519828069048706,-0.5818561850329316,1.1087243786411596
mango_instrument,inst14002,14002,WCP,0.2,3,14,0.00459599494934082,3364,0.9134958382877527,inf,3.5769246454855086,inf,0.7193816884661117,1.2519828069048706,-0.5818561850329316,1.1087243786411596
mango_instrument,inst14002,14002,R-U-A,0.05,3,14,0.0030050277709960938,3364,0.9354934601664685,4.7067162346780975,4.7067162346780975,5.913101445116297,1.0,1.2519828069048706,-0.5818561850329316,1.1087243786411596
mango_instrument,inst14002,14002,R-U-A,0.1,3,14,0.0026416778564453125,3364,0.8825802615933412,3.849785176399226,3.8497851763992266,5.221727925455452,1.0,1.2519828069048706,-0.5818561850329316,1.1087243786411596
mango_instrument,inst14002,14002,R-U-A,0.2,3,14,0.002371072769165039,3364,0.772294887039239,2.9382896963520895,2.93828969635209,4.377479313532438,1.0,1.2519828069048706,-0.5818561850329316,1.1087243786411596
mango_instrument,inst14002,14002,R-U-D,0.05,3,14,0.10454845428466797,3364,0.9571938168846611,5.095038749609225,5.154505779718928,5.698711886237681,1.0,1.2519828069048706,-0.5818561850329316,1.1087243786411596
mango_instrument,inst14002,14002,R-U-D,0.1,3,14,0.004536151885986328,3364,0.9081450653983353,4.214166250127995,4.2633521275274315,5.100214639123367,1.0,1.2519828069048706,-0.5818561850329316,1.1087243786411596
mango_instrument,inst14002,14002,R-U-D,0.2,3,14,0.004508018493652344,3364,0.8159928656361475,3.2300067716527,3.267705976582034,4.3324063672614805,1.0,1.2519828069048706,-0.5818561850329316,1.1087243786411596
mango_instrument,inst14002,14002,G-U-A,0.05,3,14,0.0033621788024902344,3364,0.977705112960761,5.735785339476997,5.7357853394769975,6.0543370719005365,1.0,1.2519828069048706,-0.5818561850329316,1.1087243786411596
mango_instrument,inst14002,14002,G-U-A,0.1,3,14,0.0027549266815185547,3364,0.9334126040428062,4.658244944940361,4.6582449449403605,5.2930493157321425,1.0,1.2519828069048706,-0.5818561850329316,1.1087243786411596
mango_instrument,inst14002,14002,G-U-A,0.2,3,14,0.0025177001953125,3364,0.8489892984542212,3.4975355143736775,3.497535514373677,4.416986466876276,1.0,1.2519828069048706,-0.5818561850329316,1.1087243786411596
mango_instrument,inst14002,14002,G-W-A,0.05,3,14,0.013394355773925781,3364,0.9821640903686087,5.920978966537331,5.92097896653733,6.164236395117933,1.0,1.2519828069048706,-0.5818561850329316,1.1087243786411596
mango_instrument,inst14002,14002,G-W-A,0.1,3,14,0.011378049850463867,3364,0.942627824019025,4.859247745069716,4.859247745069716,5.369521217363956,1.0,1.2519828069048706,-0.5818561850329316,1.1087243786411596
mango_instrument,inst14002,14002,G-W-A,0.2,3,14,0.012007474899291992,3364,0.8703923900118906,3.703216935804608,3.7032169358046083,4.479632846244927,1.0,1.2519828069048706,-0.5818561850329316,1.1087243786411596
mango_instrument,inst14002,14002,G-U-D,0.05,3,14,0.08819174766540527,3364,0.9785969084423306,5.564667362153099,5.689012264712796,5.828505434471127,1.0,1.2519828069048706,-0.5818561850329316,1.1087243786411596
mango_instrument,inst14002,14002,G-U-D,0.1,3,14,0.0044002532958984375,3364,0.9310344827586207,4.577736129281164,4.680027625950109,5.153335484480089,1.0,1.2519828069048706,-0.5818561850329316,1.1087243786411596
mango_instrument,inst14002,14002,G-U-D,0.2,3,14,0.0041561126708984375,3364,0.8466111771700356,3.5043723110314278,3.5826790282508183,4.37942079795448,1.0,1.2519828069048706,-0.5818561850329316,1.1087243786411596
mango_instrument,inst14002,14002,GC-D,0.05,3,14,0.013340234756469727,3364,0.9839476813317479,5.799668339323977,5.929264440509937,5.976855374783553,1.0,1.2519828069048706,-0.5818561850329316,1.1087243786411596
mango_instrument,inst14002,14002,GC-D,0.1,3,14,0.012540817260742188,3364,0.9423305588585018,4.816241186075713,4.923862181547912,5.238098410474243,1.0,1.2519828069048706,-0.5818561850329316,1.1087243786411596
mango_instrument,inst14002,14002,GC-D,0.2,3,14,0.012765169143676758,3364,0.8703923900118906,3.7790431213149933,3.863487476764658,4.461346949427434,1.0,1.2519828069048706,-0.5818561850329316,1.1087243786411596
mango_instrument,inst14002,14002,GC-D+,0.05,3,14,0.013101816177368164,3364,0.9994054696789536,7.1335577742231795,7.292960212610178,7.139837236354628,1.0,1.2519828069048706,-0.5818561850329316,1.1087243786411596
mango_instrument,inst14002,14002,GC-D+,0.1,3,14,0.012554168701171875,3364,0.9696789536266349,5.3432786734284665,5.462676549843435,5.533899136641049,1.0,1.2519828069048706,-0.5818561850329316,1.1087243786411596
mango_instrument,inst14002,14002,GC-D+,0.2,3,14,0.01443028450012207,3364,0.888525564803805,4.025402646321222,4.11535201206852,4.559274847850284,1.0,1.2519828069048706,-0.5818561850329316,1.1087243786411596
mango_instrument,inst14002,14002,HJ+,0.05,3,14,0.6443116664886475,3364,1.0,7.7213820382900105,7.716625864399287,7.7213820382900105,1.0,1.2519828069048706,-0.5818561850329316,1.1087243786411596
mango_instrument,inst14002,14002,HJ+,0.1,3,14,0.7148137092590332,3364,0.9791914387633769,5.586024677926024,5.581035718970421,5.720669628826136,1.0,1.2519828069048706,-0.5818561850329316,1.1087243786411596
mango_instrument,inst14002,14002,HJ+,0.2,3,14,0.7825586795806885,3364,0.9057669441141498,4.074339365615956,4.074052178584982,4.5519256654617575,1.0,1.2519828069048706,-0.5818561850329316,1.1087243786411596
mango_instrument,inst14002,14002,HJ+-D,0.05,3,14,0.5971689224243164,3364,1.0,7.378113647429784,7.538493023472361,7.378113647429784,1.0,1.2519828069048706,-0.5818561850329316,1.1087243786411596
mango_instrument,inst14002,14002,HJ+-D,0.1,3,14,0.7375564575195312,3364,0.9812722948870393,5.54556009063601,5.668006556379211,5.653568980143999,1.0,1.2519828069048706,-0.5818561850329316,1.1087243786411596
mango_instrument,inst14002,14002,HJ+-D,0.2,3,14,0.8229629993438721,3364,0.9099286563614745,4.149327488569778,4.240608459864413,4.54718375628302,1.0,1.2519828069048706,-0.5818561850329316,1.1087243786411596
mango_instrument,inst14002,14002,HCP-D,0.05,3,14,0.8265244960784912,3364,1.0,inf,inf,inf,0.0,1.2519828069048706,-0.5818561850329316,1.1087243786411596
mango_instrument,inst14002,14002,HCP-D,0.1,3,14,0.7324767112731934,3364,0.9997027348394768,10.567155517527539,10.616718135974166,10.571613255876734,1.0,1.2519828069048706,-0.5818561850329316,1.1087243786411596
mango_instrument,inst14002,14002,HCP-D,0.2,3,14,0.7002105712890625,3364,0.9901902497027348,5.608081295689463,5.6343846081575055,5.651254611644259,1.0,1.2519828069048706,-0.5818561850329316,1.1087243786411596
mango_instrument,inst14002,14002,HCP-A,0.05,3,14,0.21790051460266113,3364,1.0,inf,inf,inf,0.0,1.2519828069048706,-0.5818561850329316,1.1087243786411596
mango_instrument,inst14002,14002,HCP-A,0.1,3,14,0.34722304344177246,3364,0.9997027348394768,11.30715439151817,11.307154391518171,11.31354144980463,1.0,1.2519828069048706,-0.5818561850329316,1.1087243786411596
mango_instrument,inst14002,14002,HCP-A,0.2,3,14,0.26535677909851074,3364,0.9878121284185494,5.447520390134499,5.4475203901345,5.506386896654888,1.0,1.2519828069048706,-0.5818561850329316,1.1087243786411596
mango_instrument,inst14002,14002,ORACLE,0.05,3,14,0.0020477771759033203,3364,0.9500594530321046,5.083724286190436,5.065466456678395,5.865332308732598,1.0,1.2519828069048706,-0.5818561850329316,1.1087243786411596
mango_instrument,inst14002,14002,ORACLE,0.1,3,14,0.001895904541015625,3364,0.9010107015457788,4.122103707551585,4.042946293285482,5.206425344860007,1.0,1.2519828069048706,-0.5818561850329316,1.1087243786411596
mango_instrument,inst14002,14002,ORACLE,0.2,3,14,0.0018515586853027344,3364,0.7984542211652794,3.1018667706276006,3.0905730637848166,4.367000109333729,1.0,1.2519828069048706,-0.5818561850329316,1.1087243786411596
mango_instrument,inst15006,15006,ASTM-R,0.05,3,16,1.0097250938415527,15040,0.9035904255319149,3.9095292204516214,3.9090000730382917,6.403040962331163,1.0,1.1858611710224407,0.0497143594156117,1.1848580265414668
mango_instrument,inst15006,15006,ASTM-R,0.1,3,16,0.0005600452423095703,15040,0.8517952127659575,3.2809448696259844,3.280500799920109,5.285990238979241,1.0,1.1858611710224407,0.0497143594156117,1.1848580265414668
mango_instrument,inst15006,15006,ASTM-R,0.2,3,16,0.000545501708984375,15040,0.7503989361702128,2.5562502397145592,2.5559042560613117,4.272582577630685,1.0,1.1858611710224407,0.0497143594156117,1.1848580265414668
mango_instrument,inst15006,15006,ASTM-G,0.05,3,16,0.000583648681640625,15040,0.9704122340425532,5.449682218475339,5.448944614255808,6.194816395573597,1.0,1.1858611710224407,0.0497143594156117,1.1848580265414668
mango_instrument,inst15006,15006,ASTM-G,0.1,3,16,0.0005946159362792969,15040,0.9423537234042553,4.573468033507407,4.572849023226777,5.315221140727995,1.0,1.1858611710224407,0.0497143594156117,1.1848580265414668
mango_instrument,inst15006,15006,ASTM-G,0.2,3,16,0.0005602836608886719,15040,0.8776595744680851,3.5632810734527527,3.562798790073689,4.374961425265576,1.0,1.1858611710224407,0.0497143594156117,1.1848580265414668
mango_instrument,inst15006,15006,GPR,0.05,3,16,12.864366292953491,15040,0.8992021276595744,4.211882542451665,3.6046696219214596,7.251289413635571,1.0,1.1858611710224407,0.0497143594156117,1.1848580265414668
mango_instrument,inst15006,15006,GPR,0.1,3,16,0.00028777122497558594,15040,0.8402925531914893,3.5347232555760417,3.025134108763078,5.890649135811639,1.0,1.1858611710224407,0.0497143594156117,1.1848580265414668
mango_instrument,inst15006,15006,GPR,0.2,3,16,0.00020694732666015625,15040,0.7334441489361702,2.754001965722649,2.3569667777995367,4.71807554775284,1.0,1.1858611710224407,0.0497143594156117,1.1848580265414668
mango_instrument,inst15006,15006,BAG,0.05,3,16,5.610471725463867,15040,0.9045877659574468,3.9236424558008234,3.917380276130074,6.41978168139503,1.0,1.1858611710224407,0.0497143594156117,1.1848580265414668
mango_instrument,inst15006,15006,BAG,0.1,3,16,0.0002460479736328125,15040,0.8509308510638298,3.2928245494262423,3.287569162579697,5.304622086730268,1.0,1.1858611710224407,0.0497143594156117,1.1848580265414668
mango_instrument,inst15006,15006,BAG,0.2,3,16,0.0002105236053466797,15040,0.7498670212765958,2.5655319034083233,2.561437284209159,4.289126636950337,1.0,1.1858611710224407,0.0497143594156117,1.1848580265414668
mango_instrument,inst15006,15006,QGB,0.05,3,16,2.6731197834014893,15040,0.8769281914893617,4.7960546169785765,4.57611335888332,7.95805248806317,1.0,1.1858611710224407,0.0497143594156117,1.1848580265414668
mango_instrument,inst15006,15006,QGB,0.1,3,16,2.5135374069213867,15040,0.7819148936170213,3.340111165312913,3.1419524085222896,6.2857901011713535,1.0,1.1858611710224407,0.0497143594156117,1.1848580265414668
mango_instrument,inst15006,15006,QGB,0.2,3,16,2.747194290161133,15040,0.611502659574468,2.176298367495445,2.061120448519011,4.9625352257644515,1.0,1.1858611710224407,0.0497143594156117,1.1848580265414668
mango_instrument,inst15006,15006,SCP,0.05,3,16,0.00018334388732910156,15040,0.9032579787234043,3.928475612380034,3.9284756123800335,6.585382169602574,1.0,1.1858611710224407,0.0497143594156117,1.1848580265414668
mango_instrument,inst15006,15006,SCP,0.1,3,16,0.0001544952392578125,15040,0.8385638297872341,3.193051727731436,3.1930517277314365,5.450526785349591,1.0,1.1858611710224407,0.0497143594156117,1.1848580265414668
mango_instrument,inst15006,15006,SCP,0.2,3,16,0.0001614093780517578,15040,0.7293882978723404,2.442931383233155,2.442931383233155,4.366329171524383,1.0,1.1858611710224407,0.0497143594156117,1.1848580265414668
mango_instrument,inst15006,15006,NCP-kNN,0.05,3,16,2.158114433288574,15040,0.8777260638297872,4.077182821261283,3.7319930200721485,7.719941756292283,1.0,1.1858611710224407,0.0497143594156117,1.1848580265414668
mango_instrument,inst15006,15006,NCP-kNN,0.1,3,16,0.00025916099548339844,15040,0.8228058510638298,3.41163834281025,3.1227960679083893,5.986066354977583,1.0,1.1858611710224407,0.0497143594156117,1.1848580265414668
mango_instrument,inst15006,15006,NCP-kNN,0.2,3,16,0.00021958351135253906,15040,0.7367686170212766,2.716695107240401,2.48668936919265,4.6113512357575965,1.0,1.1858611710224407,0.0497143594156117,1.1848580265414668
mango_instrument,inst15006,15006,CV+,0.05,3,16,0.6739189624786377,15040,0.9029920212765957,3.897498907827751,3.8958465047016473,6.41019859474365,1.0,1.1858611710224407,0.0497143594156117,1.1848580265414668
mango_instrument,inst15006,15006,CV+,0.1,3,16,0.6589818000793457,15040,0.8365691489361702,3.17630545850247,3.1746339470079246,5.343821166230399,1.0,1.1858611710224407,0.0497143594156117,1.1848580265414668
mango_instrument,inst15006,15006,CV+,0.2,3,16,0.6534090042114258,15040,0.7303191489361702,2.4483381777822824,2.447666238920564,4.304514614307909,1.0,1.1858611710224407,0.0497143594156117,1.1848580265414668
mango_instrument,inst15006,15006,CQR,0.05,3,16,0.00021409988403320312,15040,0.9274601063829787,5.499158710139799,5.279217452044542,7.31468770484613,1.0,1.1858611710224407,0.0497143594156117,1.1848580265414668
mango_instrument,inst15006,15006,CQR,0.1,3,16,0.0001957416534423828,15040,0.8569813829787234,3.9218148015633227,3.7236560447726994,5.829743871671353,1.0,1.1858611710224407,0.0497143594156117,1.1848580265414668
mango_instrument,inst15006,15006,CQR,0.2,3,16,0.00016736984252929688,15040,0.7108377659574469,2.640529641691867,2.525351722715433,4.646255433054588,1.0,1.1858611710224407,0.0497143594156117,1.1848580265414668
mango_instrument,inst15006,15006,WCP,0.05,3,16,0.03321671485900879,15040,0.9428856382978723,inf,4.296019943811061,inf,0.9293218085106383,1.1858611710224407,0.0497143594156117,1.1848580265414668
mango_instrument,inst15006,15006,WCP,0.1,3,16,0.0050427913665771484,15040,0.9185505319148937,inf,3.9632558640253706,inf,0.9555186170212766,1.1858611710224407,0.0497143594156117,1.1848580265414668
mango_instrument,inst15006,15006,WCP,0.2,3,16,0.004947185516357422,15040,0.8654255319148936,inf,3.2342376035886904,inf,0.9725398936170213,1.1858611710224407,0.0497143594156117,1.1848580265414668
mango_instrument,inst15006,15006,R-U-A,0.05,3,16,0.0015437602996826172,15040,0.9026595744680851,3.8906740507876805,3.8906740507876805,6.4240029261640395,1.0,1.1858611710224407,0.0497143594156117,1.1848580265414668
mango_instrument,inst15006,15006,R-U-A,0.1,3,16,0.001550912857055664,15040,0.8356382978723405,3.1712952543455977,3.1712952543455977,5.3492381851507504,1.0,1.1858611710224407,0.0497143594156117,1.1848580265414668
mango_instrument,inst15006,15006,R-U-A,0.2,3,16,0.0014789104461669922,15040,0.729654255319149,2.446649286237396,2.4466492862373954,4.305997290695806,1.0,1.1858611710224407,0.0497143594156117,1.1848580265414668
mango_instrument,inst15006,15006,R-U-D,0.05,3,16,0.05139017105102539,15040,0.9428856382978723,4.365769692322467,4.343991551219446,5.66104193146972,1.0,1.1858611710224407,0.0497143594156117,1.1848580265414668
mango_instrument,inst15006,15006,R-U-D,0.1,3,16,0.0030896663665771484,15040,0.8879654255319149,3.5882089092300604,3.5703095408621515,4.912942382048296,1.0,1.1858611710224407,0.0497143594156117,1.1848580265414668
mango_instrument,inst15006,15006,R-U-D,0.2,3,16,0.002956867218017578,15040,0.7844414893617021,2.7734589183908294,2.759623836853117,4.110748873730952,1.0,1.1858611710224407,0.0497143594156117,1.1848580265414668
mango_instrument,inst15006,15006,G-U-A,0.05,3,16,0.0015668869018554688,15040,0.9795877659574468,5.959576269760765,5.959576269760767,6.452522730892025,1.0,1.1858611710224407,0.0497143594156117,1.1848580265414668
mango_instrument,inst15006,15006,G-U-A,0.1,3,16,0.0014834403991699219,15040,0.9574468085106383,4.976652175642567,4.976652175642567,5.520568498183222,1.0,1.1858611710224407,0.0497143594156117,1.1848580265414668
mango_instrument,inst15006,15006,G-U-A,0.2,3,16,0.0011525154113769531,15040,0.8918882978723405,3.741430228588662,3.741430228588662,4.451362278190274,1.0,1.1858611710224407,0.0497143594156117,1.1848580265414668
mango_instrument,inst15006,15006,G-W-A,0.05,3,16,0.004594326019287109,15040,0.9724734042553191,5.566718457063707,5.566718457063708,6.2464863848522265,1.0,1.1858611710224407,0.0497143594156117,1.1848580265414668
mango_instrument,inst15006,15006,G-W-A,0.1,3,16,0.00463414192199707,15040,0.9438164893617021,4.612707233865219,4.612707233865219,5.333537178281268,1.0,1.1858611710224407,0.0497143594156117,1.1848580265414668
mango_instrument,inst15006,15006,G-W-A,0.2,3,16,0.005590200424194336,15040,0.8630984042553191,3.403475276220061,3.4034752762200604,4.319337976058011,1.0,1.1858611710224407,0.0497143594156117,1.1848580265414668
mango_instrument,inst15006,15006,G-U-D,0.05,3,16,0.03610849380493164,15040,0.9809175531914893,5.600324981655542,5.318452534809208,5.987750754327065,1.0,1.1858611710224407,0.0497143594156117,1.1848580265414668
mango_instrument,inst15006,15006,G-U-D,0.1,3,16,0.0021584033966064453,15040,0.9526595744680851,4.634265385847653,4.40101611407807,5.103287872218102,1.0,1.1858611710224407,0.0497143594156117,1.1848580265414668
mango_instrument,inst15006,15006,G-U-D,0.2,3,16,0.002209186553955078,15040,0.8792553191489362,3.5427391186390724,3.364427940773494,4.182193574517193,1.0,1.1858611710224407,0.0497143594156117,1.1848580265414668
mango_instrument,inst15006,15006,GC-D,0.05,3,16,0.00588679313659668,15040,0.9772606382978724,5.427010755091468,5.153861463646812,5.879929465138142,1.0,1.1858611710224407,0.0497143594156117,1.1848580265414668
mango_instrument,inst15006,15006,GC-D,0.1,3,16,0.005966663360595703,15040,0.951063829787234,4.586533626428203,4.355686763065977,5.076835193386982,1.0,1.1858611710224407,0.0497143594156117,1.1848580265414668
mango_instrument,inst15006,15006,GC-D,0.2,3,16,0.005722522735595703,15040,0.8779920212765957,3.531771096655692,3.3540119551815106,4.177502280283941,1.0,1.1858611710224407,0.0497143594156117,1.1848580265414668
mango_instrument,inst15006,15006,GC-D+,0.05,3,16,0.00574040412902832,15040,0.9938164893617021,6.769363159466446,6.428651332277772,6.924341950289783,1.0,1.1858611710224407,0.0497143594156117,1.1848580265414668
mango_instrument,inst15006,15006,GC-D+,0.1,3,16,0.00555729866027832,15040,0.9680186170212766,5.064639656657601,4.809729026097187,5.379384484818153,1.0,1.1858611710224407,0.0497143594156117,1.1848580265414668
mango_instrument,inst15006,15006,GC-D+,0.2,3,16,0.0057582855224609375,15040,0.8985372340425531,3.7569570108024117,3.5678639369539873,4.2842774214260615,1.0,1.1858611710224407,0.0497143594156117,1.1848580265414668
mango_instrument,inst15006,15006,HJ+,0.05,3,16,2.1777451038360596,15040,0.9897606382978723,7.098554746313725,7.047762259633491,7.313025402535579,1.0,1.1858611710224407,0.0497143594156117,1.1848580265414668
mango_instrument,inst15006,15006,HJ+,0.1,3,16,2.0631392002105713,15040,0.9630984042553191,5.267493960416181,5.253007557017847,5.756242466295676,1.0,1.1858611710224407,0.0497143594156117,1.1848580265414668
mango_instrument,inst15006,15006,HJ+,0.2,3,16,2.633690357208252,15040,0.8883643617021276,3.703941276701223,3.696575638766931,4.463546049562358,1.0,1.1858611710224407,0.0497143594156117,1.1848580265414668
mango_instrument,inst15006,15006,HJ+-D,0.05,3,16,1.6313815116882324,15040,0.9941489361702127,7.031451984473558,6.635515341997273,7.168056595479225,1.0,1.1858611710224407,0.0497143594156117,1.1848580265414668
mango_instrument,inst15006,15006,HJ+-D,0.1,3,16,2.282538890838623,15040,0.9702127659574468,5.166085579809699,4.892767713399142,5.474891548654811,1.0,1.1858611710224407,0.0497143594156117,1.1848580265414668
mango_instrument,inst15006,15006,HJ+-D,0.2,3,16,2.7813773155212402,15040,0.9045877659574468,3.827747552279884,3.625974899909047,4.337339335011419,1.0,1.1858611710224407,0.0497143594156117,1.1848580265414668
mango_instrument,inst15006,15006,HCP-D,0.05,3,16,0.1620311737060547,15040,1.0,inf,inf,inf,0.0,1.1858611710224407,0.0497143594156117,1.1848580265414668
mango_instrument,inst15006,15006,HCP-D,0.1,3,16,0.1279911994934082,15040,0.7029255319148936,5.942950359287882,5.622507621383189,13.151490079708354,1.0,1.1858611710224407,0.0497143594156117,1.1848580265414668
mango_instrument,inst15006,15006,HCP-D,0.2,3,16,0.1182410717010498,15040,0.45472074468085105,3.9478025340281873,3.7349377823086956,11.831331149415119,1.0,1.1858611710224407,0.0497143594156117,1.1848580265414668
mango_instrument,inst15006,15006,HCP-A,0.05,3,16,0.08044600486755371,15040,1.0,inf,inf,inf,0.0,1.1858611710224407,0.0497143594156117,1.1848580265414668
mango_instrument,inst15006,15006,HCP-A,0.1,3,16,0.07801699638366699,15040,0.8242686170212766,7.448183541249362,7.448183541249362,12.93941222986564,1.0,1.1858611710224407,0.0497143594156117,1.1848580265414668
mango_instrument,inst15006,15006,HCP-A,0.2,3,16,0.07922744750976562,15040,0.6189494680851064,5.032671533965431,5.032671533965429,10.988460514184807,1.0,1.1858611710224407,0.0497143594156117,1.1848580265414668
mango_instrument,inst15006,15006,ORACLE,0.05,3,16,0.008080720901489258,15040,0.9515292553191489,4.781722686179436,4.670147409250996,6.062079822036798,1.0,1.1858611710224407,0.0497143594156117,1.1848580265414668
mango_instrument,inst15006,15006,ORACLE,0.1,3,16,0.007948875427246094,15040,0.9000664893617021,3.852337313189145,3.8131221212785764,5.158410370057605,1.0,1.1858611710224407,0.0497143594156117,1.1848580265414668
mango_instrument,inst15006,15006,ORACLE,0.2,3,16,0.007880449295043945,15040,0.8001329787234043,2.8853029055389605,2.8594298805152736,4.235615938503327,1.0,1.1858611710224407,0.0497143594156117,1.1848580265414668
mango_instrument,inst15013,15013,ASTM-R,0.05,3,12,4.5056421756744385,768,0.8411458333333334,4.394082607448513,4.3940683572748895,8.252514538675157,1.0,1.5944682317016408,-1.2379924341253545,1.0054949564197866
mango_instrument,inst15013,15013,ASTM-R,0.1,3,12,0.00098419189453125,768,0.7330729166666666,3.687617157786716,3.687605198706869,7.082482517749031,1.0,1.5944682317016408,-1.2379924341253545,1.0054949564197866
mango_instrument,inst15013,15013,ASTM-R,0.2,3,12,0.0007383823394775391,768,0.5924479166666666,2.873116255624994,2.8731069380019214,5.966913093622961,1.0,1.5944682317016408,-1.2379924341253545,1.0054949564197866
mango_instrument,inst15013,15013,ASTM-G,0.05,3,12,0.0015020370483398438,768,0.91796875,5.276410752862752,5.276393641266077,7.028986413875063,1.0,1.5944682317016408,-1.2379924341253545,1.0054949564197866
mango_instrument,inst15013,15013,ASTM-G,0.1,3,12,0.0012063980102539062,768,0.8450520833333334,4.428087626483021,4.428073266029854,6.303817145050043,1.0,1.5944682317016408,-1.2379924341253545,1.0054949564197866
mango_instrument,inst15013,15013,ASTM-G,0.2,3,12,0.0009763240814208984,768,0.68359375,3.4500356182896623,3.4500244296956017,5.493617611868767,1.0,1.5944682317016408,-1.2379924341253545,1.0054949564197866
mango_instrument,inst15013,15013,GPR,0.05,3,12,11.569269895553589,768,0.6510416666666666,3.9289977905389866,3.8980978883066655,13.875694589103206,1.0,1.5944682317016408,-1.2379924341253545,1.0054949564197866
mango_instrument,inst15013,15013,GPR,0.1,3,12,0.00012087821960449219,768,0.5299479166666666,3.2973188880146496,3.271386872599985,10.787924232609269,1.0,1.5944682317016408,-1.2379924341253545,1.0054949564197866
mango_instrument,inst15013,15013,GPR,0.2,3,12,0.00011801719665527344,768,0.3919270833333333,2.5690335685776033,2.548829208500905,8.280358595172652,1.0,1.5944682317016408,-1.2379924341253545,1.0054949564197866
mango_instrument,inst15013,15013,BAG,0.05,3,12,17.72880268096924,768,0.84375,4.407124579994358,4.406786718750603,8.136375963833741,1.0,1.5944682317016408,-1.2379924341253545,1.0054949564197866
mango_instrument,inst15013,15013,BAG,0.1,3,12,0.00010991096496582031,768,0.7434895833333334,3.6985755386376895,3.698291996543764,6.982247024258425,1.0,1.5944682317016408,-1.2379924341253545,1.0054949564197866
mango_instrument,inst15013,15013,BAG,0.2,3,12,0.00010180473327636719,768,0.59765625,2.881663872189604,2.8814429565966213,5.8882906184627055,1.0,1.5944682317016408,-1.2379924341253545,1.0054949564197866
mango_instrument,inst15013,15013,QGB,0.05,3,12,4.890654802322388,768,0.625,3.7080238968270347,3.6570266322365272,16.598663131665532,1.0,1.5944682317016408,-1.2379924341253545,1.0054949564197866
mango_instrument,inst15013,15013,QGB,0.1,3,12,4.244245767593384,768,0.50390625,2.8633174562455235,2.844517022405422,13.186987847458775,1.0,1.5944682317016408,-1.2379924341253545,1.0054949564197866
mango_instrument,inst15013,15013,QGB,0.2,3,12,4.388823509216309,768,0.3450520833333333,1.9906423099515083,1.934629213476427,10.169451234616666,1.0,1.5944682317016408,-1.2379924341253545,1.0054949564197866
mango_instrument,inst15013,15013,SCP,0.05,3,12,0.0005540847778320312,768,0.8463541666666666,4.51970764083481,4.51970764083481,8.281550793786073,1.0,1.5944682317016408,-1.2379924341253545,1.0054949564197866
mango_instrument,inst15013,15013,SCP,0.1,3,12,0.00026679039001464844,768,0.7239583333333334,3.7081324919860137,3.7081324919860137,7.30269080177743,1.0,1.5944682317016408,-1.2379924341253545,1.0054949564197866
mango_instrument,inst15013,15013,SCP,0.2,3,12,0.0002460479736328125,768,0.5703125,2.887168837983417,2.887168837983417,6.141959455652479,1.0,1.5944682317016408,-1.2379924341253545,1.0054949564197866
mango_instrument,inst15013,15013,NCP-kNN,0.05,3,12,6.5596489906311035,768,0.6328125,3.4733139633216736,3.150231903753224,15.846100734754486,1.0,1.5944682317016408,-1.2379924341253545,1.0054949564197866
mango_instrument,inst15013,15013,NCP-kNN,0.1,3,12,0.0003554821014404297,768,0.5442708333333334,2.9059429471132625,2.635636823838447,10.980981868470826,1.0,1.5944682317016408,-1.2379924341253545,1.0054949564197866
mango_instrument,inst15013,15013,NCP-kNN,0.2,3,12,0.00030875205993652344,768,0.4375,2.320258467388925,2.1044317692293832,7.631794387301793,1.0,1.5944682317016408,-1.2379924341253545,1.0054949564197866
mango_instrument,inst15013,15013,CV+,0.05,3,12,0.04035210609436035,768,0.8424479166666666,4.412479227869877,4.412452352571906,8.218123454005424,1.0,1.5944682317016408,-1.2379924341253545,1.0054949564197866
mango_instrument,inst15013,15013,CV+,0.1,3,12,0.04013824462890625,768,0.7239583333333334,3.6224964150224075,3.622463138575152,7.18455715785257,1.0,1.5944682317016408,-1.2379924341253545,1.0054949564197866
mango_instrument,inst15013,15013,CV+,0.2,3,12,0.044170379638671875,768,0.5716145833333334,2.7923501927204786,2.7922765994402132,6.053507894370237,1.0,1.5944682317016408,-1.2379924341253545,1.0054949564197866
mango_instrument,inst15013,15013,CQR,0.05,3,12,0.0004734992980957031,768,0.70703125,4.242255347151855,4.191258082561348,13.59292917876472,1.0,1.5944682317016408,-1.2379924341253545,1.0054949564197866
mango_instrument,inst15013,15013,CQR,0.1,3,12,0.00036597251892089844,768,0.5598958333333334,3.2772342702506783,3.2584338364105774,11.651821480767502,1.0,1.5944682317016408,-1.2379924341253545,1.0054949564197866
mango_instrument,inst15013,15013,CQR,0.2,3,12,0.00030994415283203125,768,0.3841145833333333,2.3130929650360175,2.257079868560936,9.466466839677468,1.0,1.5944682317016408,-1.2379924341253545,1.0054949564197866
mango_instrument,inst15013,15013,WCP,0.05,3,12,0.027230262756347656,768,0.7591145833333334,inf,3.7332158368419925,inf,0.7135416666666666,1.5944682317016408,-1.2379924341253545,1.0054949564197866
mango_instrument,inst15013,15013,WCP,0.1,3,12,0.004251718521118164,768,0.6627604166666666,inf,3.120129568918525,inf,0.8580729166666666,1.5944682317016408,-1.2379924341253545,1.0054949564197866
mango_instrument,inst15013,15013,WCP,0.2,3,12,0.0040128231048583984,768,0.5247395833333334,inf,2.472442514663978,inf,0.9427083333333334,1.5944682317016408,-1.2379924341253545,1.0054949564197866
mango_instrument,inst15013,15013,R-U-A,0.05,3,12,0.0035593509674072266,768,0.8424479166666666,4.411143938785706,4.411143938785706,8.21548094393199,1.0,1.5944682317016408,-1.2379924341253545,1.0054949564197866
mango_instrument,inst15013,15013,R-U-A,0.1,3,12,0.0032243728637695312,768,0.7213541666666666,3.6199500338527884,3.6199500338527884,7.198047484194755,1.0,1.5944682317016408,-1.2379924341253545,1.0054949564197866
mango_instrument,inst15013,15013,R-U-A,0.2,3,12,0.0037512779235839844,768,0.5716145833333334,2.791635587321956,2.791635587321956,6.056074058449298,1.0,1.5944682317016408,-1.2379924341253545,1.0054949564197866
mango_instrument,inst15013,15013,R-U-D,0.05,3,12,0.11252498626708984,768,0.8255208333333334,4.266147774117099,4.251018746833973,8.733888890964005,1.0,1.5944682317016408,-1.2379924341253545,1.0054949564197866
mango_instrument,inst15013,15013,R-U-D,0.1,3,12,0.005036354064941406,768,0.6979166666666666,3.5214189694770965,3.5089309717598667,7.485872274948664,1.0,1.5944682317016408,-1.2379924341253545,1.0054949564197866
mango_instrument,inst15013,15013,R-U-D,0.2,3,12,0.005091667175292969,768,0.5546875,2.711516143956254,2.701900302243166,6.170119267253622,1.0,1.5944682317016408,-1.2379924341253545,1.0054949564197866
mango_instrument,inst15013,15013,G-U-A,0.05,3,12,0.003731250762939453,768,0.91015625,5.171834291657127,5.171834291657127,7.102679406672841,1.0,1.5944682317016408,-1.2379924341253545,1.0054949564197866
mango_instrument,inst15013,15013,G-U-A,0.1,3,12,0.003235340118408203,768,0.8203125,4.2544217652466925,4.254421765246693,6.41822932735543,1.0,1.5944682317016408,-1.2379924341253545,1.0054949564197866
mango_instrument,inst15013,15013,G-U-A,0.2,3,12,0.0030603408813476562,768,0.6497395833333334,3.271659646960689,3.271659646960689,5.612957422237031,1.0,1.5944682317016408,-1.2379924341253545,1.0054949564197866
mango_instrument,inst15013,15013,G-W-A,0.05,3,12,0.014374256134033203,768,0.9166666666666666,5.228329409229033,5.228329409229033,7.060103929180289,1.0,1.5944682317016408,-1.2379924341253545,1.0054949564197866
mango_instrument,inst15013,15013,G-W-A,0.1,3,12,0.014124155044555664,768,0.83984375,4.3633487579651105,4.36334875796511,6.341614196584101,1.0,1.5944682317016408,-1.2379924341253545,1.0054949564197866
mango_instrument,inst15013,15013,G-W-A,0.2,3,12,0.01547384262084961,768,0.6796875,3.429690980229733,3.429690980229733,5.5056419828216,1.0,1.5944682317016408,-1.2379924341253545,1.0054949564197866
mango_instrument,inst15013,15013,G-U-D,0.05,3,12,0.1032719612121582,768,0.8619791666666666,4.691115059735129,4.663383862136477,7.779196800349059,1.0,1.5944682317016408,-1.2379924341253545,1.0054949564197866
mango_instrument,inst15013,15013,G-U-D,0.1,3,12,0.005066394805908203,768,0.7708333333333334,3.8948844078222913,3.8718600718676495,6.8135088503350545,1.0,1.5944682317016408,-1.2379924341253545,1.0054949564197866
mango_instrument,inst15013,15013,G-U-D,0.2,3,12,0.004743337631225586,768,0.6263020833333334,3.03210596227388,3.014181880577061,5.773433431628052,1.0,1.5944682317016408,-1.2379924341253545,1.0054949564197866
mango_instrument,inst15013,15013,GC-D,0.05,3,12,0.015781879425048828,768,0.86328125,4.705611882683004,4.677794988132433,7.754440750998538,1.0,1.5944682317016408,-1.2379924341253545,1.0054949564197866
mango_instrument,inst15013,15013,GC-D,0.1,3,12,0.01581120491027832,768,0.7747395833333334,3.925323648867181,3.902119373474381,6.7753591676914375,1.0,1.5944682317016408,-1.2379924341253545,1.0054949564197866
mango_instrument,inst15013,15013,GC-D,0.2,3,12,0.016176700592041016,768,0.6393229166666666,3.12250390214878,3.104045439371715,5.697354047782881,1.0,1.5944682317016408,-1.2379924341253545,1.0054949564197866
mango_instrument,inst15013,15013,GC-D+,0.05,3,12,0.015821218490600586,768,0.9440104166666666,5.804650520196707,5.770336735836922,6.963803703408483,1.0,1.5944682317016408,-1.2379924341253545,1.0054949564197866
mango_instrument,inst15013,15013,GC-D+,0.1,3,12,0.015666484832763672,768,0.8385416666666666,4.349888522269921,4.324174461410797,6.393356592005517,1.0,1.5944682317016408,-1.2379924341253545,1.0054949564197866
mango_instrument,inst15013,15013,GC-D+,0.2,3,12,0.02106952667236328,768,0.67578125,3.2804414492310787,3.2610493497235957,5.585903773904733,1.0,1.5944682317016408,-1.2379924341253545,1.0054949564197866
mango_instrument,inst15013,15013,HJ+,0.05,3,12,0.3145442008972168,768,0.96484375,6.527074541424928,6.525781929728511,7.096927512151808,1.0,1.5944682317016408,-1.2379924341253545,1.0054949564197866
mango_instrument,inst15013,15013,HJ+,0.1,3,12,0.3006742000579834,768,0.8802083333333334,4.886661372832739,4.887276675496557,6.277547835803431,1.0,1.5944682317016408,-1.2379924341253545,1.0054949564197866
mango_instrument,inst15013,15013,HJ+,0.2,3,12,0.32373929023742676,768,0.7369791666666666,3.6872028092756537,3.687687371441921,5.399143658276581,1.0,1.5944682317016408,-1.2379924341253545,1.0054949564197866
mango_instrument,inst15013,15013,HJ+-D,0.05,3,12,0.30179357528686523,768,0.9466145833333334,5.901519233266479,5.874825278197095,7.049242006844241,1.0,1.5944682317016408,-1.2379924341253545,1.0054949564197866
mango_instrument,inst15013,15013,HJ+-D,0.1,3,12,0.32991695404052734,768,0.8424479166666666,4.4305955336704494,4.4138316115361285,6.428324952617044,1.0,1.5944682317016408,-1.2379924341253545,1.0054949564197866
mango_instrument,inst15013,15013,HJ+-D,0.2,3,12,0.3552513122558594,768,0.6822916666666666,3.338998646277748,3.3264283012775993,5.548844297246945,1.0,1.5944682317016408,-1.2379924341253545,1.0054949564197866
mango_instrument,inst15013,15013,HCP-D,0.05,3,12,0.44702577590942383,768,1.0,inf,inf,inf,0.0,1.5944682317016408,-1.2379924341253545,1.0054949564197866
mango_instrument,inst15013,15013,HCP-D,0.1,3,12,0.35366082191467285,768,1.0,9.049613273465136,8.964850629566676,9.049613273465136,1.0,1.5944682317016408,-1.2379924341253545,1.0054949564197866
mango_instrument,inst15013,15013,HCP-D,0.2,3,12,0.3150629997253418,768,0.9375,5.220018798676937,5.171125814943268,5.473553553993022,1.0,1.5944682317016408,-1.2379924341253545,1.0054949564197866
mango_instrument,inst15013,15013,HCP-A,0.05,3,12,0.24226021766662598,768,1.0,inf,inf,inf,0.0,1.5944682317016408,-1.2379924341253545,1.0054949564197866
mango_instrument,inst15013,15013,HCP-A,0.1,3,12,0.20297908782958984,768,1.0,14.056502051143495,14.056502051143493,14.056502051143495,1.0,1.5944682317016408,-1.2379924341253545,1.0054949564197866
mango_instrument,inst15013,15013,HCP-A,0.2,3,12,0.19242620468139648,768,0.9466145833333334,5.689987107868245,5.6899871078682445,5.879531596283258,1.0,1.5944682317016408,-1.2379924341253545,1.0054949564197866
mango_instrument,inst15013,15013,ORACLE,0.05,3,12,0.0007441043853759766,768,0.9583333333333334,6.080923554839676,6.080923554839677,6.882029530645849,1.0,1.5944682317016408,-1.2379924341253545,1.0054949564197866
mango_instrument,inst15013,15013,ORACLE,0.1,3,12,0.00052642822265625,768,0.8958333333333334,5.078351825591869,5.078351825591867,6.136397480053955,1.0,1.5944682317016408,-1.2379924341253545,1.0054949564197866
mango_instrument,inst15013,15013,ORACLE,0.2,3,12,0.0004801750183105469,768,0.8020833333333334,4.084285686435077,4.084285686435077,5.325910086906094,1.0,1.5944682317016408,-1.2379924341253545,1.0054949564197866
mango_instrument,inst15014,15014,ASTM-R,0.05,3,15,1.8649730682373047,8219,0.9019345419150748,3.9424677986146985,3.9424257079071765,6.751144816330124,1.0,1.1957286745372986,0.10762065717878777,1.190948121379997
mango_instrument,inst15014,15014,ASTM-R,0.1,3,15,0.0006837844848632812,8219,0.8541185059009612,3.308601383831718,3.3085660604301665,5.471236532909438,1.0,1.1957286745372986,0.10762065717878777,1.190948121379997
mango_instrument,inst15014,15014,ASTM-R,0.2,3,15,0.0007154941558837891,8219,0.7620148436549459,2.577808113659711,2.5777805923778914,4.336305819574095,1.0,1.1957286745372986,0.10762065717878777,1.190948121379997
mango_instrument,inst15014,15014,ASTM-G,0.05,3,15,0.0008313655853271484,8219,0.9454921523299672,4.876671983723914,4.8766199192342015,6.302389640874228,1.0,1.1957286745372986,0.10762065717878777,1.190948121379997
mango_instrument,inst15014,15014,ASTM-G,0.1,3,15,0.0007708072662353516,8219,0.9094780386908383,4.092605063131218,4.092561369523182,5.355299272210535,1.0,1.1957286745372986,0.10762065717878777,1.190948121379997
mango_instrument,inst15014,15014,ASTM-G,0.2,3,15,0.0007216930389404297,8219,0.8432899379486556,3.188643572870204,3.188609530166275,4.360772199201923,1.0,1.1957286745372986,0.10762065717878777,1.190948121379997
mango_instrument,inst15014,15014,GPR,0.05,3,15,15.650269508361816,8219,0.8177393843533276,3.228460278070739,3.1448833068984783,7.6939956736345865,1.0,1.1957286745372986,0.10762065717878777,1.190948121379997
mango_instrument,inst15014,15014,GPR,0.1,3,15,0.00019478797912597656,8219,0.7437644482297117,2.7094092747319514,2.6392692694835524,6.0452280450686535,1.0,1.1957286745372986,0.10762065717878777,1.190948121379997
mango_instrument,inst15014,15014,GPR,0.2,3,15,0.0001862049102783203,8219,0.63584377661516,2.1109767099271703,2.05632866583343,4.679250778951047,1.0,1.1957286745372986,0.10762065717878777,1.190948121379997
mango_instrument,inst15014,15014,BAG,0.05,3,15,9.712372064590454,8219,0.9030295656405889,3.949760859041105,3.9486720932004857,6.702506791522471,1.0,1.1957286745372986,0.10762065717878777,1.190948121379997
mango_instrument,inst15014,15014,BAG,0.1,3,15,0.00020599365234375,8219,0.8558218761406498,3.314743804391552,3.313830083294647,5.44256970495177,1.0,1.1957286745372986,0.10762065717878777,1.190948121379997
mango_instrument,inst15014,15014,BAG,0.2,3,15,0.00015687942504882812,8219,0.7637182138946343,2.5826098093423764,2.5818979036244336,4.31899175845532,1.0,1.1957286745372986,0.10762065717878777,1.190948121379997
mango_instrument,inst15014,15014,QGB,0.05,3,15,3.317996025085449,8219,0.8094658717605548,3.4485127634142643,3.322517309888477,8.72805751640061,1.0,1.1957286745372986,0.10762065717878777,1.190948121379997
mango_instrument,inst15014,15014,QGB,0.1,3,15,3.170588493347168,8219,0.7061686336537292,2.512709553504365,2.4181192481430784,6.843297564081976,1.0,1.1957286745372986,0.10762065717878777,1.190948121379997
mango_instrument,inst15014,15014,QGB,0.2,3,15,3.5134758949279785,8219,0.5787808735855944,1.8360545648487159,1.8062254906471598,5.0232516808168475,1.0,1.1957286745372986,0.10762065717878777,1.190948121379997
mango_instrument,inst15014,15014,SCP,0.05,3,15,0.0002529621124267578,8219,0.9057062903029566,4.017027210667798,4.017027210667798,6.685814930805664,1.0,1.1957286745372986,0.10762065717878777,1.190948121379997
mango_instrument,inst15014,15014,SCP,0.1,3,15,0.00017881393432617188,8219,0.8535101593867868,3.293254334392465,3.293254334392465,5.477991955771381,1.0,1.1957286745372986,0.10762065717878777,1.190948121379997
mango_instrument,inst15014,15014,SCP,0.2,3,15,0.00018525123596191406,8219,0.7506995984913006,2.5102071865247493,2.510207186524749,4.351408402791666,1.0,1.1957286745372986,0.10762065717878777,1.190948121379997
mango_instrument,inst15014,15014,NCP-kNN,0.05,3,15,9.366775035858154,8219,0.8445066309770045,3.481925335220005,3.3580328014592062,8.074291508717005,1.0,1.1957286745372986,0.10762065717878777,1.190948121379997
mango_instrument,inst15014,15014,NCP-kNN,0.1,3,15,0.0002982616424560547,8219,0.781481932108529,2.886841773067238,2.7841232747082785,6.113902573147827,1.0,1.1957286745372986,0.10762065717878777,1.190948121379997
mango_instrument,inst15014,15014,NCP-kNN,0.2,3,15,0.0002067089080810547,8219,0.6978951210609563,2.3123530587862726,2.230075797839646,4.578758881525892,1.0,1.1957286745372986,0.10762065717878777,1.190948121379997
mango_instrument,inst15014,15014,CV+,0.05,3,15,0.3667447566986084,8219,0.90181287261224,3.9419210764327492,3.941847367948048,6.736809557317583,1.0,1.1957286745372986,0.10762065717878777,1.190948121379997
mango_instrument,inst15014,15014,CV+,0.1,3,15,0.34296727180480957,8219,0.8490083951818956,3.2485198780454305,3.248441946094003,5.491289114941317,1.0,1.1957286745372986,0.10762065717878777,1.190948121379997
mango_instrument,inst15014,15014,CV+,0.2,3,15,0.38355112075805664,8219,0.7465628421949142,2.4834835049359265,2.4834360281702423,4.350666998549842,1.0,1.1957286745372986,0.10762065717878777,1.190948121379997
mango_instrument,inst15014,15014,CQR,0.05,3,15,0.0002505779266357422,8219,0.8863608711522083,4.171569675361312,4.045574221835524,7.308549823826567,1.0,1.1957286745372986,0.10762065717878777,1.190948121379997
mango_instrument,inst15014,15014,CQR,0.1,3,15,0.00021386146545410156,8219,0.7844019953765665,3.0195020399058308,2.924911734544544,6.0717744365672,1.0,1.1957286745372986,0.10762065717878777,1.190948121379997
mango_instrument,inst15014,15014,CQR,0.2,3,15,0.0002110004425048828,8219,0.6641927241756904,2.218642853799714,2.188813779598158,4.6813521455488045,1.0,1.1957286745372986,0.10762065717878777,1.190948121379997
mango_instrument,inst15014,15014,WCP,0.05,3,15,0.022687435150146484,8219,0.8830757999756661,inf,3.620621124024961,inf,0.9952548971894392,1.1957286745372986,0.10762065717878777,1.190948121379997
mango_instrument,inst15014,15014,WCP,0.1,3,15,0.003448963165283203,8219,0.8720038934176907,inf,3.50219923888066,inf,0.9984182990631464,1.1957286745372986,0.10762065717878777,1.190948121379997
mango_instrument,inst15014,15014,WCP,0.2,3,15,0.0033903121948242188,8219,0.7381676602993065,inf,2.4120954116825857,inf,0.9996349920914953,1.1957286745372986,0.10762065717878777,1.190948121379997
mango_instrument,inst15014,15014,R-U-A,0.05,3,15,0.002071857452392578,8219,0.9014478647037353,3.929321606120702,3.929321606120702,6.763842055996152,1.0,1.1957286745372986,0.10762065717878777,1.190948121379997
mango_instrument,inst15014,15014,R-U-A,0.1,3,15,0.0018346309661865234,8219,0.8481567100620514,3.2454231947363215,3.245423194736322,5.5020878247779645,1.0,1.1957286745372986,0.10762065717878777,1.190948121379997
mango_instrument,inst15014,15014,R-U-A,0.2,3,15,0.002076864242553711,8219,0.7463195035892445,2.4800165762236546,2.4800165762236546,4.358829959527073,1.0,1.1957286745372986,0.10762065717878777,1.190948121379997
mango_instrument,inst15014,15014,R-U-D,0.05,3,15,0.0660243034362793,8219,0.906436306119966,4.071193837613833,4.043946074195858,6.609805541708111,1.0,1.1957286745372986,0.10762065717878777,1.190948121379997
mango_instrument,inst15014,15014,R-U-D,0.1,3,15,0.0031235218048095703,8219,0.8588636087115221,3.3809258136005202,3.358297889120095,5.446573699179929,1.0,1.1957286745372986,0.10762065717878777,1.190948121379997
mango_instrument,inst15014,15014,R-U-D,0.2,3,15,0.002962350845336914,8219,0.766394938557002,2.5997912210840273,2.582391289036149,4.340539512962018,1.0,1.1957286745372986,0.10762065717878777,1.190948121379997
mango_instrument,inst15014,15014,G-U-A,0.05,3,15,0.001982450485229492,8219,0.9396520257938922,4.702451554745366,4.702451554745366,6.327797236941138,1.0,1.1957286745372986,0.10762065717878777,1.190948121379997
mango_instrument,inst15014,15014,G-U-A,0.1,3,15,0.0016467571258544922,8219,0.8958510767733301,3.8381197958310125,3.8381197958310125,5.348029055603798,1.0,1.1957286745372986,0.10762065717878777,1.190948121379997
mango_instrument,inst15014,15014,G-U-A,0.2,3,15,0.0017364025115966797,8219,0.8159143448108043,2.9165640540203097,2.9165640540203093,4.3197534141594645,1.0,1.1957286745372986,0.10762065717878777,1.190948121379997
mango_instrument,inst15014,15014,G-W-A,0.05,3,15,0.007611513137817383,8219,0.9426937583647645,4.787674961543556,4.787674961543555,6.312890527110103,1.0,1.1957286745372986,0.10762065717878777,1.190948121379997
mango_instrument,inst15014,15014,G-W-A,0.1,3,15,0.00733637809753418,8219,0.90753132984548,4.054041495186777,4.054041495186777,5.351945996704438,1.0,1.1957286745372986,0.10762065717878777,1.190948121379997
mango_instrument,inst15014,15014,G-W-A,0.2,3,15,0.0070879459381103516,8219,0.8436549458571603,3.1977666223423142,3.1977666223423142,4.362747398559964,1.0,1.1957286745372986,0.10762065717878777,1.190948121379997
mango_instrument,inst15014,15014,G-U-D,0.05,3,15,0.06237387657165527,8219,0.9134931256843898,4.2196037690025605,4.172716553832878,6.486065514117942,1.0,1.1957286745372986,0.10762065717878777,1.190948121379997
mango_instrument,inst15014,15014,G-U-D,0.1,3,15,0.003610372543334961,8219,0.8679888064241392,3.530540742433878,3.4913102287368645,5.400936779421073,1.0,1.1957286745372986,0.10762065717878777,1.190948121379997
mango_instrument,inst15014,15014,G-U-D,0.2,3,15,0.003510713577270508,8219,0.7828202944397129,2.728347020205835,2.698030288873454,4.336047739917308,1.0,1.1957286745372986,0.10762065717878777,1.190948121379997
mango_instrument,inst15014,15014,GC-D,0.05,3,15,0.009419679641723633,8219,0.9290667964472563,4.46569598437266,4.416074252104854,6.352328093064693,1.0,1.1957286745372986,0.10762065717878777,1.190948121379997
mango_instrument,inst15014,15014,GC-D,0.1,3,15,0.009204864501953125,8219,0.8880642413918968,3.8260126065352464,3.783498881042263,5.342386561233675,1.0,1.1957286745372986,0.10762065717878777,1.190948121379997
mango_instrument,inst15014,15014,GC-D,0.2,3,15,0.008461713790893555,8219,0.8178610536561626,3.0182702356138686,2.984731947726015,4.343740962342041,1.0,1.1957286745372986,0.10762065717878777,1.190948121379997
mango_instrument,inst15014,15014,GC-D+,0.05,3,15,0.008716344833374023,8219,0.9649592407835503,5.513553622066418,5.452288349500664,6.372532082760093,1.0,1.1957286745372986,0.10762065717878777,1.190948121379997
mango_instrument,inst15014,15014,GC-D+,0.1,3,15,0.008270025253295898,8219,0.9115464168390315,4.178158554536893,4.131731868553073,5.347354497464408,1.0,1.1957286745372986,0.10762065717878777,1.190948121379997
mango_instrument,inst15014,15014,GC-D+,0.2,3,15,0.008419036865234375,8219,0.8413432291032973,3.220771513458676,3.184983080413545,4.376300316187221,1.0,1.1957286745372986,0.10762065717878777,1.190948121379997
mango_instrument,inst15014,15014,HJ+,0.05,3,15,1.191847562789917,8219,0.979194549215233,6.301693779826969,6.297236223886504,6.733311510061971,1.0,1.1957286745372986,0.10762065717878777,1.190948121379997
mango_instrument,inst15014,15014,HJ+,0.1,3,15,1.2169902324676514,8219,0.935271930891836,4.583274796975517,4.573545318996739,5.454864491548413,1.0,1.1957286745372986,0.10762065717878777,1.190948121379997
mango_instrument,inst15014,15014,HJ+,0.2,3,15,1.4731504917144775,8219,0.8651904124589366,3.4305659680191103,3.422750852345631,4.414332259557457,1.0,1.1957286745372986,0.10762065717878777,1.190948121379997
mango_instrument,inst15014,15014,HJ+-D,0.05,3,15,1.065659761428833,8219,0.9638642170580363,5.511344478150015,5.466090138088509,6.365324303711237,1.0,1.1957286745372986,0.10762065717878777,1.190948121379997
mango_instrument,inst15014,15014,HJ+-D,0.1,3,15,1.3892276287078857,8219,0.9158048424382528,4.233035899245139,4.197695356984944,5.343791160555854,1.0,1.1957286745372986,0.10762065717878777,1.190948121379997
mango_instrument,inst15014,15014,HJ+-D,0.2,3,15,1.5926504135131836,8219,0.844019953765665,3.2358984115440097,3.209612112081155,4.3655839955434415,1.0,1.1957286745372986,0.10762065717878777,1.190948121379997
mango_instrument,inst15014,15014,HCP-D,0.05,3,15,0.358508825302124,8219,1.0,inf,inf,inf,0.0,1.1957286745372986,0.10762065717878777,1.190948121379997
mango_instrument,inst15014,15014,HCP-D,0.1,3,15,0.36403989791870117,8219,0.9841829906314636,8.031691420263991,7.6760055003466885,8.204008782735077,1.0,1.1957286745372986,0.10762065717878777,1.190948121379997
mango_instrument,inst15014,15014,HCP-D,0.2,3,15,0.3648505210876465,8219,0.8835624771870058,4.330834772592759,4.139042425315447,5.24705113345835,1.0,1.1957286745372986,0.10762065717878777,1.190948121379997
mango_instrument,inst15014,15014,HCP-A,0.05,3,15,0.13205623626708984,8219,1.0,inf,inf,inf,0.0,1.1957286745372986,0.10762065717878777,1.190948121379997
mango_instrument,inst15014,15014,HCP-A,0.1,3,15,0.12522602081298828,8219,0.9506022630490327,5.9692094603365495,5.96920946033655,6.593010201175868,1.0,1.1957286745372986,0.10762065717878777,1.190948121379997
mango_instrument,inst15014,15014,HCP-A,0.2,3,15,0.12539315223693848,8219,0.8537534979924565,3.8529695790748164,3.8529695790748164,5.09988198977943,1.0,1.1957286745372986,0.10762065717878777,1.190948121379997
mango_instrument,inst15014,15014,ORACLE,0.05,3,15,0.004523277282714844,8219,0.9492639007178489,4.998520288745955,5.075750165409621,6.302572371476701,1.0,1.1957286745372986,0.10762065717878777,1.190948121379997
mango_instrument,inst15014,15014,ORACLE,0.1,3,15,0.004362821578979492,8219,0.9003528409782212,3.918776191829715,4.007676629615281,5.353217203089251,1.0,1.1957286745372986,0.10762065717878777,1.190948121379997
mango_instrument,inst15014,15014,ORACLE,0.2,3,15,0.004274606704711914,8219,0.801192359167782,2.8138811878857704,2.847568980262073,4.316808702932945,1.0,1.1957286745372986,0.10762065717878777,1.190948121379997
mango_instrument,inst15015,15015,ASTM-R,0.05,3,14,3.4486637115478516,2987,0.9738868429862738,4.601233019103601,4.601206852831773,5.057496248197746,1.0,1.106744941505051,-0.6311617161367389,0.9092832626705977
mango_instrument,inst15015,15015,ASTM-R,0.1,3,14,0.0007936954498291016,2987,0.9363910277870774,3.861459958489734,3.861437999156111,4.41213994678325,1.0,1.106744941505051,-0.6311617161367389,0.9092832626705977
mango_instrument,inst15015,15015,ASTM-R,0.2,3,14,0.0006172657012939453,2987,0.8292601272179444,3.008559644371818,3.008542535307976,3.753889586035012,1.0,1.106744941505051,-0.6311617161367389,0.9092832626705977
mango_instrument,inst15015,15015,ASTM-G,0.05,3,14,0.0010485649108886719,2987,0.9933043187144291,5.76432679674296,5.764294016194517,5.904922431985517,1.0,1.106744941505051,-0.6311617161367389,0.9092832626705977
mango_instrument,inst15015,15015,ASTM-G,0.1,3,14,0.0009725093841552734,2987,0.9812520924004018,4.8375548512447875,4.837527341058994,5.013595280729695,1.0,1.106744941505051,-0.6311617161367389,0.9092832626705977
mango_instrument,inst15015,15015,ASTM-G,0.2,3,14,0.0007970333099365234,2987,0.9280214261801139,3.7690594902821326,3.769038056411091,4.075549824674255,1.0,1.106744941505051,-0.6311617161367389,0.9092832626705977
mango_instrument,inst15015,15015,GPR,0.05,3,14,20.63989019393921,2987,0.9521258788081687,4.047769389135203,3.971014111504658,4.68505044265888,1.0,1.106744941505051,-0.6311617161367389,0.9092832626705977
mango_instrument,inst15015,15015,GPR,0.1,3,14,0.00015282630920410156,2987,0.9146300636089723,3.396995155676097,3.3325800961167786,4.142376644913221,1.0,1.106744941505051,-0.6311617161367389,0.9092832626705977
mango_instrument,inst15015,15015,GPR,0.2,3,14,0.00010514259338378906,2987,0.833947104117844,2.646694142610517,2.596506564171765,3.464592815728796,1.0,1.106744941505051,-0.6311617161367389,0.9092832626705977
mango_instrument,inst15015,15015,BAG,0.05,3,14,17.585081577301025,2987,0.9755607633076665,4.612290965033119,4.6100932234325,5.041755015922094,1.0,1.106744941505051,-0.6311617161367389,0.9092832626705977
mango_instrument,inst15015,15015,BAG,0.1,3,14,0.00014638900756835938,2987,0.937395379979913,3.8707565966680613,3.8689121937752518,4.397661528826531,1.0,1.106744941505051,-0.6311617161367389,0.9092832626705977
mango_instrument,inst15015,15015,BAG,0.2,3,14,0.00010704994201660156,2987,0.8336123200535654,3.0158149606879237,3.014377934696043,3.7367904521473663,1.0,1.106744941505051,-0.6311617161367389,0.9092832626705977
mango_instrument,inst15015,15015,QGB,0.05,3,14,4.449038743972778,2987,0.8848342818881821,3.915065735453366,3.8053008146988265,5.757638656150782,1.0,1.106744941505051,-0.6311617161367389,0.9092832626705977
mango_instrument,inst15015,15015,QGB,0.1,3,14,3.9388577938079834,2987,0.8155339805825242,3.0097893791698267,2.9188352908416775,4.632624495129402,1.0,1.106744941505051,-0.6311617161367389,0.9092832626705977
mango_instrument,inst15015,15015,QGB,0.2,3,14,4.167242050170898,2987,0.6799464345497155,2.21598555700429,2.1583748441227844,3.8255775388281914,1.0,1.106744941505051,-0.6311617161367389,0.9092832626705977
mango_instrument,inst15015,15015,SCP,0.05,3,14,0.00031638145446777344,2987,0.978908603950452,4.724479669336731,4.724479669336731,5.126903473973133,1.0,1.106744941505051,-0.6311617161367389,0.9092832626705977
mango_instrument,inst15015,15015,SCP,0.1,3,14,0.0002620220184326172,2987,0.9357214596585203,3.813475788474901,3.8134757884749,4.384166350707924,1.0,1.106744941505051,-0.6311617161367389,0.9092832626705977
mango_instrument,inst15015,15015,SCP,0.2,3,14,0.00024175643920898438,2987,0.8145296283896887,2.907444445049343,2.907444445049343,3.73153454227443,1.0,1.106744941505051,-0.6311617161367389,0.9092832626705977
mango_instrument,inst15015,15015,NCP-kNN,0.05,3,14,8.368479251861572,2987,0.8808168731168396,3.8904289167644017,3.6835155362155714,5.895152014408684,1.0,1.106744941505051,-0.6311617161367389,0.9092832626705977
mango_instrument,inst15015,15015,NCP-kNN,0.1,3,14,0.00038623809814453125,2987,0.8182122530967526,3.2023213976785607,3.032005178008724,4.979287320505304,1.0,1.106744941505051,-0.6311617161367389,0.9092832626705977
mango_instrument,inst15015,15015,NCP-kNN,0.2,3,14,0.00035858154296875,2987,0.7194509541345832,2.542041296816985,2.406842230217258,4.048104020633162,1.0,1.106744941505051,-0.6311617161367389,0.9092832626705977
mango_instrument,inst15015,15015,CV+,0.05,3,14,0.13832807540893555,2987,0.9762303314362236,4.669987787324739,4.669884882743931,5.091117290773699,1.0,1.106744941505051,-0.6311617161367389,0.9092832626705977
mango_instrument,inst15015,15015,CV+,0.1,3,14,0.12987589836120605,2987,0.9327084030800133,3.7992532183305396,3.798746098326097,4.385169437349433,1.0,1.106744941505051,-0.6311617161367389,0.9092832626705977
mango_instrument,inst15015,15015,CV+,0.2,3,14,0.14081692695617676,2987,0.8118513558754603,2.9007369266327903,2.900356385563361,3.7351962375514853,1.0,1.106744941505051,-0.6311617161367389,0.9092832626705977
mango_instrument,inst15015,15015,CQR,0.05,3,14,0.0003859996795654297,2987,0.9377301640441915,4.489068555013693,4.379303634259154,5.338186440648713,1.0,1.106744941505051,-0.6311617161367389,0.9092832626705977
mango_instrument,inst15015,15015,CQR,0.1,3,14,0.00036907196044921875,2987,0.8828255775025109,3.429748207003089,3.33879411867494,4.4067601230204145,1.0,1.106744941505051,-0.6311617161367389,0.9092832626705977
mango_instrument,inst15015,15015,CQR,0.2,3,14,0.0003178119659423828,2987,0.750251088048209,2.5143496526059383,2.456738939724433,3.6989206207208025,1.0,1.106744941505051,-0.6311617161367389,0.9092832626705977
mango_instrument,inst15015,15015,WCP,0.05,3,14,0.032839059829711914,2987,0.9092735185805155,inf,3.4833758829128243,inf,0.9835955808503515,1.106744941505051,-0.6311617161367389,0.9092832626705977
mango_instrument,inst15015,15015,WCP,0.1,3,14,0.004361629486083984,2987,0.8423167057248075,inf,3.0442611405650055,inf,0.9926347505858721,1.106744941505051,-0.6311617161367389,0.9092832626705977
mango_instrument,inst15015,15015,WCP,0.2,3,14,0.00395512580871582,2987,0.8111817877469032,inf,2.8806528033299195,inf,0.9976565115500502,1.106744941505051,-0.6311617161367389,0.9092832626705977
mango_instrument,inst15015,15015,R-U-A,0.05,3,14,0.0031518936157226562,2987,0.9765651155005022,4.669760836424345,4.669760836424345,5.092404684435191,1.0,1.106744941505051,-0.6311617161367389,0.9092832626705977
mango_instrument,inst15015,15015,R-U-A,0.1,3,14,0.002717256546020508,2987,0.9310344827586207,3.7975561174150347,3.7975561174150343,4.390567327112647,1.0,1.106744941505051,-0.6311617161367389,0.9092832626705977
mango_instrument,inst15015,15015,R-U-A,0.2,3,14,0.002516508102416992,2987,0.8098426514897891,2.8993725224618325,2.8993725224618316,3.742974013714525,1.0,1.106744941505051,-0.6311617161367389,0.9092832626705977
mango_instrument,inst15015,15015,R-U-D,0.05,3,14,0.1021583080291748,2987,0.9722129226648811,4.590418578331324,4.589423608342827,4.964001773782549,1.0,1.106744941505051,-0.6311617161367389,0.9092832626705977
mango_instrument,inst15015,15015,R-U-D,0.1,3,14,0.004587650299072266,2987,0.9276866421158353,3.7869302902790425,3.78610947581015,4.355553433619783,1.0,1.106744941505051,-0.6311617161367389,0.9092832626705977
mango_instrument,inst15015,15015,R-U-D,0.2,3,14,0.0042896270751953125,2987,0.8081687311683964,2.9036597553633077,2.9030303891597455,3.7330631660469473,1.0,1.106744941505051,-0.6311617161367389,0.9092832626705977
mango_instrument,inst15015,15015,G-U-A,0.05,3,14,0.0031890869140625,2987,0.9926347505858721,5.630150047511135,5.630150047511133,5.789775209818019,1.0,1.106744941505051,-0.6311617161367389,0.9092832626705977
mango_instrument,inst15015,15015,G-U-A,0.1,3,14,0.002633333206176758,2987,0.9728824907934382,4.571202178570552,4.571202178570552,4.807360325170348,1.0,1.106744941505051,-0.6311617161367389,0.9092832626705977
mango_instrument,inst15015,15015,G-U-A,0.2,3,14,0.002789020538330078,2987,0.8915299631737529,3.407155378023685,3.4071553780236847,3.877612520453426,1.0,1.106744941505051,-0.6311617161367389,0.9092832626705977
mango_instrument,inst15015,15015,G-W-A,0.05,3,14,0.011847496032714844,2987,0.9933043187144291,5.82869269861679,5.828692698616791,5.96077760569349,1.0,1.106744941505051,-0.6311617161367389,0.9092832626705977
mango_instrument,inst15015,15015,G-W-A,0.1,3,14,0.011597394943237305,2987,0.9812520924004018,4.84006968153113,4.84006968153113,5.015690676102303,1.0,1.106744941505051,-0.6311617161367389,0.9092832626705977
mango_instrument,inst15015,15015,G-W-A,0.2,3,14,0.011548519134521484,2987,0.9196518245731503,3.690534876674875,3.6905348766748745,4.027195280299314,1.0,1.106744941505051,-0.6311617161367389,0.9092832626705977
mango_instrument,inst15015,15015,G-U-D,0.05,3,14,0.10103511810302734,2987,0.9802477402075661,4.851919568949737,4.840377075742564,5.096515542192182,1.0,1.106744941505051,-0.6311617161367389,0.9092832626705977
mango_instrument,inst15015,15015,G-U-D,0.1,3,14,0.004532575607299805,2987,0.9437562772012053,4.020359433811753,4.010795183869909,4.430532526479223,1.0,1.106744941505051,-0.6311617161367389,0.9092832626705977
mango_instrument,inst15015,15015,G-U-D,0.2,3,14,0.00433349609375,2987,0.8329427519250083,3.0698339593425943,3.0625309657295894,3.756381905395328,1.0,1.106744941505051,-0.6311617161367389,0.9092832626705977
mango_instrument,inst15015,15015,GC-D,0.05,3,14,0.013543128967285156,2987,0.9852695011717443,5.05320173381569,5.041180399608027,5.233027764855655,1.0,1.106744941505051,-0.6311617161367389,0.9092832626705977
mango_instrument,inst15015,15015,GC-D,0.1,3,14,0.0131378173828125,2987,0.9568128557080683,4.254904593612486,4.244782371537077,4.54944540095751,1.0,1.106744941505051,-0.6311617161367389,0.9092832626705977
mango_instrument,inst15015,15015,GC-D,0.2,3,14,0.013720989227294922,2987,0.8714429193170405,3.3165227067332306,3.3086328519510353,3.8236962652554944,1.0,1.106744941505051,-0.6311617161367389,0.9092832626705977
mango_instrument,inst15015,15015,GC-D+,0.05,3,14,0.013279199600219727,2987,0.9973217274857716,6.086664885626203,6.072184990174872,6.126005633977114,1.0,1.106744941505051,-0.6311617161367389,0.9092832626705977
mango_instrument,inst15015,15015,GC-D+,0.1,3,14,0.01348257064819336,2987,0.9738868429862738,4.6712246406783615,4.660112012383934,4.832615301181561,1.0,1.106744941505051,-0.6311617161367389,0.9092832626705977
mango_instrument,inst15015,15015,GC-D+,0.2,3,14,0.01337885856628418,2987,0.9015734851021091,3.531787004100558,3.5233850454685793,3.9202755388708144,1.0,1.106744941505051,-0.6311617161367389,0.9092832626705977
mango_instrument,inst15015,15015,HJ+,0.05,3,14,0.6175272464752197,2987,0.9986608637428859,7.3013357678135655,7.295194076535022,7.3271699837334765,1.0,1.106744941505051,-0.6311617161367389,0.9092832626705977
mango_instrument,inst15015,15015,HJ+,0.1,3,14,0.6819186210632324,2987,0.9926347505858721,5.387973700083217,5.383297429676794,5.474949357857562,1.0,1.106744941505051,-0.6311617161367389,0.9092832626705977
mango_instrument,inst15015,15015,HJ+,0.2,3,14,0.7320127487182617,2987,0.954804151322397,3.9765873416173103,3.973238429130223,4.169368049436417,1.0,1.106744941505051,-0.6311617161367389,0.9092832626705977
mango_instrument,inst15015,15015,HJ+-D,0.05,3,14,0.5753841400146484,2987,0.9986608637428859,6.156332524276487,6.138622627255776,6.182591408027117,1.0,1.106744941505051,-0.6311617161367389,0.9092832626705977
mango_instrument,inst15015,15015,HJ+-D,0.1,3,14,0.6817858219146729,2987,0.9819216605289588,4.728727616344612,4.711552059812229,4.833874425697685,1.0,1.106744941505051,-0.6311617161367389,0.9092832626705977
mango_instrument,inst15015,15015,HJ+-D,0.2,3,14,0.7867705821990967,2987,0.9223300970873787,3.567460385797388,3.55695775301019,3.860598187745997,1.0,1.106744941505051,-0.6311617161367389,0.9092832626705977
mango_instrument,inst15015,15015,HCP-D,0.05,3,14,0.692152738571167,2987,1.0,inf,inf,inf,0.0,1.106744941505051,-0.6311617161367389,0.9092832626705977
mango_instrument,inst15015,15015,HCP-D,0.1,3,14,0.7133753299713135,2987,0.9916303983930365,7.132802671258904,6.778642068014456,7.1610799499671325,1.0,1.106744941505051,-0.6311617161367389,0.9092832626705977
mango_instrument,inst15015,15015,HCP-D,0.2,3,14,0.6912624835968018,2987,0.9055908938734516,4.657319322344178,4.426072350189781,5.058684053939389,1.0,1.106744941505051,-0.6311617161367389,0.9092832626705977
mango_instrument,inst15015,15015,HCP-A,0.05,3,14,0.1891462802886963,2987,1.0,inf,inf,inf,0.0,1.106744941505051,-0.6311617161367389,0.9092832626705977
mango_instrument,inst15015,15015,HCP-A,0.1,3,14,0.1869359016418457,2987,0.9959825912286575,10.735263960448982,10.735263960448982,11.086064683603361,1.0,1.106744941505051,-0.6311617161367389,0.9092832626705977
mango_instrument,inst15015,15015,HCP-A,0.2,3,14,0.18390321731567383,2987,0.9862738533645798,5.910846940592552,5.910846940592553,6.219002928391121,1.0,1.106744941505051,-0.6311617161367389,0.9092832626705977
mango_instrument,inst15015,15015,ORACLE,0.05,3,14,0.0018949508666992188,2987,0.9507867425510546,4.124014196741724,4.314121711339125,4.9999227700491,1.0,1.106744941505051,-0.6311617161367389,0.9092832626705977
mango_instrument,inst15015,15015,ORACLE,0.1,3,14,0.0016813278198242188,2987,0.8982256444593237,3.479159436547898,3.5980481936754103,4.36575100237244,1.0,1.106744941505051,-0.6311617161367389,0.9092832626705977
mango_instrument,inst15015,15015,ORACLE,0.2,3,14,0.0016274452209472656,2987,0.8011382658185471,2.8346708321391807,2.8325210000251904,3.7412290486051996,1.0,1.106744941505051,-0.6311617161367389,0.9092832626705977
mango_instrument,inst15016,15016,ASTM-R,0.05,3,12,2.0982210636138916,7584,0.9119198312236287,4.632007405926358,4.631884265656334,6.752117243183011,1.0,1.3767707238102838,-0.7218379252265833,1.1724456872089801
mango_instrument,inst15016,15016,ASTM-R,0.1,3,12,0.0006940364837646484,7584,0.853243670886076,3.887280236174324,3.8871768942113274,5.81234850530952,1.0,1.3767707238102838,-0.7218379252265833,1.1724456872089801
mango_instrument,inst15016,15016,ASTM-R,0.2,3,12,0.0005846023559570312,7584,0.7358913502109705,3.02867227807855,3.0285917619028515,4.8519142306024845,1.0,1.3767707238102838,-0.7218379252265833,1.1724456872089801
mango_instrument,inst15016,15016,ASTM-G,0.05,3,12,0.0008656978607177734,7584,0.9553006329113924,5.4616327099229665,5.461487514359201,6.494045849295682,1.0,1.3767707238102838,-0.7218379252265833,1.1724456872089801
mango_instrument,inst15016,15016,ASTM-G,0.1,3,12,0.001140594482421875,7584,0.9088871308016878,4.583519634135987,4.583397782896137,5.687015414853173,1.0,1.3767707238102838,-0.7218379252265833,1.1724456872089801
mango_instrument,inst15016,15016,ASTM-G,0.2,3,12,0.0009946823120117188,7584,0.8180379746835443,3.5711289149553016,3.5710339777627764,4.7922150142883995,1.0,1.3767707238102838,-0.7218379252265833,1.1724456872089801
mango_instrument,inst15016,15016,GPR,0.05,3,12,12.875625848770142,7584,0.8782964135021097,4.15787281843665,3.934778216733882,7.152881053426319,1.0,1.3767707238102838,-0.7218379252265833,1.1724456872089801
mango_instrument,inst15016,15016,GPR,0.1,3,12,0.00020551681518554688,7584,0.8015559071729957,3.4893968663477244,3.3021699745993995,6.000376513185454,1.0,1.3767707238102838,-0.7218379252265833,1.1724456872089801
mango_instrument,inst15016,15016,GPR,0.2,3,12,0.00022363662719726562,7584,0.6656118143459916,2.718686905388865,2.5728131861103822,4.954407885114992,1.0,1.3767707238102838,-0.7218379252265833,1.1724456872089801
mango_instrument,inst15016,15016,BAG,0.05,3,12,9.669523239135742,7584,0.9140295358649789,4.636931540518349,4.635085488383994,6.677564963762353,1.0,1.3767707238102838,-0.7218379252265833,1.1724456872089801
mango_instrument,inst15016,15016,BAG,0.1,3,12,0.00022459030151367188,7584,0.8561445147679325,3.891435619485188,3.889886363696469,5.755452449818567,1.0,1.3767707238102838,-0.7218379252265833,1.1724456872089801
mango_instrument,inst15016,15016,BAG,0.2,3,12,0.00014138221740722656,7584,0.741824894514768,3.031926566991968,3.0307194983817674,4.803590817141756,1.0,1.3767707238102838,-0.7218379252265833,1.1724456872089801
mango_instrument,inst15016,15016,QGB,0.05,3,12,3.437913417816162,7584,0.7944356540084389,4.180581488052744,4.044948522443984,9.83778288731124,1.0,1.3767707238102838,-0.7218379252265833,1.1724456872089801
mango_instrument,inst15016,15016,QGB,0.1,3,12,3.0352704524993896,7584,0.6075949367088608,2.8961328544899154,2.8070639591590556,9.285343231572815,1.0,1.3767707238102838,-0.7218379252265833,1.1724456872089801
mango_instrument,inst15016,15016,QGB,0.2,3,12,3.0034544467926025,7584,0.4306434599156118,1.95573174075324,1.9203248363335845,7.168727896040616,1.0,1.3767707238102838,-0.7218379252265833,1.1724456872089801
mango_instrument,inst15016,15016,SCP,0.05,3,12,0.0002474784851074219,7584,0.9171940928270043,4.71313967612857,4.71313967612857,6.674747042636902,1.0,1.3767707238102838,-0.7218379252265833,1.1724456872089801
mango_instrument,inst15016,15016,SCP,0.1,3,12,0.00021958351135253906,7584,0.8478375527426161,3.8301411184463343,3.8301411184463348,5.820037114854377,1.0,1.3767707238102838,-0.7218379252265833,1.1724456872089801
mango_instrument,inst15016,15016,SCP,0.2,3,12,0.00021076202392578125,7584,0.71875,2.9270964527623704,2.9270964527623704,4.868416883531865,1.0,1.3767707238102838,-0.7218379252265833,1.1724456872089801
mango_instrument,inst15016,15016,NCP-kNN,0.05,3,12,4.065621376037598,7584,0.7911392405063291,3.590291716936468,3.5379354457570322,9.404430639758989,1.0,1.3767707238102838,-0.7218379252265833,1.1724456872089801
mango_instrument,inst15016,15016,NCP-kNN,0.1,3,12,0.00034356117248535156,7584,0.7166402953586498,3.023760438192726,2.9796657422835153,7.155505341089561,1.0,1.3767707238102838,-0.7218379252265833,1.1724456872089801
mango_instrument,inst15016,15016,NCP-kNN,0.2,3,12,0.0002224445343017578,7584,0.617879746835443,2.4371559773214986,2.401615578569695,5.385654693402435,1.0,1.3767707238102838,-0.7218379252265833,1.1724456872089801
mango_instrument,inst15016,15016,CV+,0.05,3,12,0.3102262020111084,7584,0.9146888185654009,4.67060507857382,4.670512591176081,6.7270671563913425,1.0,1.3767707238102838,-0.7218379252265833,1.1724456872089801
mango_instrument,inst15016,15016,CV+,0.1,3,12,0.2910916805267334,7584,0.84375,3.7906684085068685,3.7902307282251835,5.862269481735686,1.0,1.3767707238102838,-0.7218379252265833,1.1724456872089801
mango_instrument,inst15016,15016,CV+,0.2,3,12,0.32333970069885254,7584,0.7141350210970464,2.909100466628807,2.9091359515290165,4.897422450432908,1.0,1.3767707238102838,-0.7218379252265833,1.1724456872089801
mango_instrument,inst15016,15016,CQR,0.05,3,12,0.0003097057342529297,7584,0.8710443037974683,4.884725426558843,4.7490924609500835,8.207702945534578,1.0,1.3767707238102838,-0.7218379252265833,1.1724456872089801
mango_instrument,inst15016,15016,CQR,0.1,3,12,0.00028228759765625,7584,0.6915875527426161,3.4109473135366195,3.3218784182057597,8.000598216480114,1.0,1.3767707238102838,-0.7218379252265833,1.1724456872089801
mango_instrument,inst15016,15016,CQR,0.2,3,12,0.00023889541625976562,7584,0.5092299578059072,2.319876329628467,2.284469425208812,6.57085405002578,1.0,1.3767707238102838,-0.7218379252265833,1.1724456872089801
mango_instrument,inst15016,15016,WCP,0.05,3,12,0.03467702865600586,7584,0.9113924050632911,inf,4.773025681980634,inf,0.5573575949367089,1.3767707238102838,-0.7218379252265833,1.1724456872089801
mango_instrument,inst15016,15016,WCP,0.1,3,12,0.004194498062133789,7584,0.859045358649789,inf,3.445798333660342,inf,0.6719409282700421,1.3767707238102838,-0.7218379252265833,1.1724456872089801
mango_instrument,inst15016,15016,WCP,0.2,3,12,0.004153728485107422,7584,0.7196729957805907,inf,2.3417182608046474,inf,0.7776898734177216,1.3767707238102838,-0.7218379252265833,1.1724456872089801
mango_instrument,inst15016,15016,R-U-A,0.05,3,12,0.002319812774658203,7584,0.9145569620253164,4.667160137603261,4.667160137603261,6.726665299012503,1.0,1.3767707238102838,-0.7218379252265833,1.1724456872089801
mango_instrument,inst15016,15016,R-U-A,0.1,3,12,0.0021255016326904297,7584,0.8429588607594937,3.7860352689059833,3.7860352689059837,5.864819046767001,1.0,1.3767707238102838,-0.7218379252265833,1.1724456872089801
mango_instrument,inst15016,15016,R-U-A,0.2,3,12,0.0020868778228759766,7584,0.712948312236287,2.9056077334336194,2.9056077334336194,4.8979497177813665,1.0,1.3767707238102838,-0.7218379252265833,1.1724456872089801
mango_instrument,inst15016,15016,R-U-D,0.05,3,12,0.06778120994567871,7584,0.9386867088607594,5.040958228499597,4.876722243529404,6.498762443201534,1.0,1.3767707238102838,-0.7218379252265833,1.1724456872089801
mango_instrument,inst15016,15016,R-U-D,0.1,3,12,0.0036232471466064453,7584,0.8753955696202531,4.130645437788607,3.9960677263125532,5.643407278023984,1.0,1.3767707238102838,-0.7218379252265833,1.1724456872089801
mango_instrument,inst15016,15016,R-U-D,0.2,3,12,0.0033652782440185547,7584,0.7583069620253164,3.1717514596091587,3.0684148118058685,4.758733826519919,1.0,1.3767707238102838,-0.7218379252265833,1.1724456872089801
mango_instrument,inst15016,15016,G-U-A,0.05,3,12,0.002393007278442383,7584,0.9549050632911392,5.454727593472953,5.454727593472953,6.493548288984968,1.0,1.3767707238102838,-0.7218379252265833,1.1724456872089801
mango_instrument,inst15016,15016,G-U-A,0.1,3,12,0.0020246505737304688,7584,0.8924050632911392,4.378201388635875,4.378201388635876,5.685242565431381,1.0,1.3767707238102838,-0.7218379252265833,1.1724456872089801
mango_instrument,inst15016,15016,G-U-A,0.2,3,12,0.002000570297241211,7584,0.7881065400843882,3.368394289778614,3.368394289778614,4.789100616269825,1.0,1.3767707238102838,-0.7218379252265833,1.1724456872089801
mango_instrument,inst15016,15016,G-W-A,0.05,3,12,0.008816719055175781,7584,0.959256329113924,5.567732712539811,5.5677327125398115,6.510142603615348,1.0,1.3767707238102838,-0.7218379252265833,1.1724456872089801
mango_instrument,inst15016,15016,G-W-A,0.1,3,12,0.008513689041137695,7584,0.8999208860759493,4.462424156819498,4.462424156819498,5.682176620513374,1.0,1.3767707238102838,-0.7218379252265833,1.1724456872089801
mango_instrument,inst15016,15016,G-W-A,0.2,3,12,0.008485555648803711,7584,0.7896888185654009,3.3800355254110888,3.3800355254110883,4.788446585378611,1.0,1.3767707238102838,-0.7218379252265833,1.1724456872089801
mango_instrument,inst15016,15016,G-U-D,0.05,3,12,0.06780862808227539,7584,0.9429061181434599,5.169142552095067,4.9788769106239865,6.53528747078036,1.0,1.3767707238102838,-0.7218379252265833,1.1724456872089801
mango_instrument,inst15016,15016,G-U-D,0.1,3,12,0.0036971569061279297,7584,0.8872626582278481,4.27761092888062,4.12016075621759,5.649798177292042,1.0,1.3767707238102838,-0.7218379252265833,1.1724456872089801
mango_instrument,inst15016,15016,G-U-D,0.2,3,12,0.003475666046142578,7584,0.7849419831223629,3.3255371420027884,3.2031308722622462,4.753396498734965,1.0,1.3767707238102838,-0.7218379252265833,1.1724456872089801
mango_instrument,inst15016,15016,GC-D,0.05,3,12,0.010317325592041016,7584,0.9564873417721519,5.559565129820597,5.3549288260110135,6.557060406688223,1.0,1.3767707238102838,-0.7218379252265833,1.1724456872089801
mango_instrument,inst15016,15016,GC-D,0.1,3,12,0.01236867904663086,7584,0.9115242616033755,4.573974181332315,4.40561547910797,5.662435905349174,1.0,1.3767707238102838,-0.7218379252265833,1.1724456872089801
mango_instrument,inst15016,15016,GC-D,0.2,3,12,0.013236761093139648,7584,0.8037974683544303,3.4823154544505472,3.354138493364969,4.753133182782309,1.0,1.3767707238102838,-0.7218379252265833,1.1724456872089801
mango_instrument,inst15016,15016,GC-D+,0.05,3,12,0.013257980346679688,7584,0.9862869198312236,6.868619072324597,6.615799150907132,7.231813788745031,1.0,1.3767707238102838,-0.7218379252265833,1.1724456872089801
mango_instrument,inst15016,15016,GC-D+,0.1,3,12,0.010932445526123047,7584,0.9397415611814346,5.124719298838319,4.936088787118827,5.832288977909565,1.0,1.3767707238102838,-0.7218379252265833,1.1724456872089801
mango_instrument,inst15016,15016,GC-D+,0.2,3,12,0.010854482650756836,7584,0.8357067510548524,3.735080581092013,3.5975998489308108,4.7837997671331305,1.0,1.3767707238102838,-0.7218379252265833,1.1724456872089801
mango_instrument,inst15016,15016,HJ+,0.05,3,12,1.2785227298736572,7584,0.9899789029535865,7.181888367223862,7.173827033423618,7.459792965865866,1.0,1.3767707238102838,-0.7218379252265833,1.1724456872089801
mango_instrument,inst15016,15016,HJ+,0.1,3,12,1.5478739738464355,7584,0.9458069620253164,5.158617897412381,5.154155993744063,5.784714161803617,1.0,1.3767707238102838,-0.7218379252265833,1.1724456872089801
mango_instrument,inst15016,15016,HJ+,0.2,3,12,1.5908138751983643,7584,0.8426951476793249,3.7009350580334757,3.6970502763031297,4.723299517253587,1.0,1.3767707238102838,-0.7218379252265833,1.1724456872089801
mango_instrument,inst15016,15016,HJ+-D,0.05,3,12,1.0497004985809326,7584,0.9901107594936709,7.074856617546036,6.8419849872667236,7.365482228373335,1.0,1.3767707238102838,-0.7218379252265833,1.1724456872089801
mango_instrument,inst15016,15016,HJ+-D,0.1,3,12,1.3729100227355957,7584,0.952795358649789,5.25760273586938,5.083378915953577,5.810888168958809,1.0,1.3767707238102838,-0.7218379252265833,1.1724456872089801
mango_instrument,inst15016,15016,HJ+-D,0.2,3,12,1.631347417831421,7584,0.8589135021097046,3.8485655622317063,3.7235208424810997,4.718611066170705,1.0,1.3767707238102838,-0.7218379252265833,1.1724456872089801
mango_instrument,inst15016,15016,HCP-D,0.05,3,12,0.9100303649902344,7584,1.0,inf,inf,inf,0.0,1.3767707238102838,-0.7218379252265833,1.1724456872089801
mango_instrument,inst15016,15016,HCP-D,0.1,3,12,0.9960851669311523,7584,0.9997362869198312,10.730568272118528,10.605792936256519,10.73150683931146,1.0,1.3767707238102838,-0.7218379252265833,1.1724456872089801
mango_instrument,inst15016,15016,HCP-D,0.2,3,12,0.9417128562927246,7584,0.9865506329113924,6.727674588760393,6.64944500808068,6.808162601942804,1.0,1.3767707238102838,-0.7218379252265833,1.1724456872089801
mango_instrument,inst15016,15016,HCP-A,0.05,3,12,0.21000337600708008,7584,1.0,inf,inf,inf,0.0,1.3767707238102838,-0.7218379252265833,1.1724456872089801
mango_instrument,inst15016,15016,HCP-A,0.1,3,12,0.23233771324157715,7584,0.9998681434599156,11.683970899930925,11.683970899930923,11.684068201025314,1.0,1.3767707238102838,-0.7218379252265833,1.1724456872089801
mango_instrument,inst15016,15016,HCP-A,0.2,3,12,0.21176457405090332,7584,0.9843090717299579,6.148917439651812,6.148917439651811,6.264895694716786,1.0,1.3767707238102838,-0.7218379252265833,1.1724456872089801
mango_instrument,inst15016,15016,ORACLE,0.05,3,12,0.0041196346282958984,7584,0.9505537974683544,5.354538125559809,5.457677767754424,6.5034603561397635,1.0,1.3767707238102838,-0.7218379252265833,1.1724456872089801
mango_instrument,inst15016,15016,ORACLE,0.1,3,12,0.003945589065551758,7584,0.9009757383966245,4.480775943174616,4.537494877347525,5.685817385599026,1.0,1.3767707238102838,-0.7218379252265833,1.1724456872089801
mango_instrument,inst15016,15016,ORACLE,0.2,3,12,0.003897428512573242,7584,0.8002373417721519,3.449145374880068,3.4404134696521584,4.7868946733080815,1.0,1.3767707238102838,-0.7218379252265833,1.1724456872089801
mango_instrument,inst15023,15023,ASTM-R,0.05,3,13,2.42085862159729,5835,0.9701799485861182,4.584771777987822,4.5847375644978285,5.196554774532944,1.0,1.042167893518579,-0.10155744522695766,1.0372966814673592
mango_instrument,inst15023,15023,ASTM-R,0.1,3,13,0.0007476806640625,5835,0.9350471293916024,3.8476409087906553,3.8476121960803837,4.481312167283174,1.0,1.042167893518579,-0.10155744522695766,1.0372966814673592
mango_instrument,inst15023,15023,ASTM-R,0.2,3,13,0.0005807876586914062,5835,0.8546700942587832,2.997789670105388,2.997767299341511,3.740130962407968,1.0,1.042167893518579,-0.10155744522695766,1.0372966814673592
mango_instrument,inst15023,15023,ASTM-G,0.05,3,13,0.0009849071502685547,5835,0.9921165381319623,5.88283514141027,5.882791241227018,6.075921262702908,1.0,1.042167893518579,-0.10155744522695766,1.0372966814673592
mango_instrument,inst15023,15023,ASTM-G,0.1,3,13,0.0008761882781982422,5835,0.9789203084832905,4.937004118380685,4.936967276385232,5.151789165416574,1.0,1.042167893518579,-0.10155744522695766,1.0372966814673592
mango_instrument,inst15023,15023,ASTM-G,0.2,3,13,0.0007808208465576172,5835,0.9350471293916024,3.8465387748466284,3.8465100703609423,4.163732343383545,1.0,1.042167893518579,-0.10155744522695766,1.0372966814673592
mango_instrument,inst15023,15023,GPR,0.05,3,13,13.424113512039185,5835,0.9254498714652957,3.9440840955257945,3.8548065763497092,5.451312809142447,1.0,1.042167893518579,-0.10155744522695766,1.0372966814673592
mango_instrument,inst15023,15023,GPR,0.1,3,13,0.00019025802612304688,5835,0.8639245929734362,3.309979714269918,3.2350556583279015,4.715050547275522,1.0,1.042167893518579,-0.10155744522695766,1.0372966814673592
mango_instrument,inst15023,15023,GPR,0.2,3,13,0.00016641616821289062,5835,0.7530419880034276,2.5788979731924995,2.520522541107759,3.9610352812733782,1.0,1.042167893518579,-0.10155744522695766,1.0372966814673592
mango_instrument,inst15023,15023,BAG,0.05,3,13,11.203269720077515,5835,0.9698371893744644,4.594264538739387,4.592697516484975,5.19477818763201,1.0,1.042167893518579,-0.10155744522695766,1.0372966814673592
mango_instrument,inst15023,15023,BAG,0.1,3,13,0.00016927719116210938,5835,0.9357326478149101,3.855628342830694,3.8543132562989957,4.481713350351417,1.0,1.042167893518579,-0.10155744522695766,1.0372966814673592
mango_instrument,inst15023,15023,BAG,0.2,3,13,0.00012540817260742188,5835,0.8544987146529563,3.004028114082512,3.0030034933041563,3.7433057560540717,1.0,1.042167893518579,-0.10155744522695766,1.0372966814673592
mango_instrument,inst15023,15023,QGB,0.05,3,13,3.590986490249634,5835,0.8356469580119966,4.016427670908035,3.952978538517254,8.036522810325044,1.0,1.042167893518579,-0.10155744522695766,1.0372966814673592
mango_instrument,inst15023,15023,QGB,0.1,3,13,3.314387798309326,5835,0.7574978577549272,3.075466301611405,3.023279148575865,6.0991829306634235,1.0,1.042167893518579,-0.10155744522695766,1.0372966814673592
mango_instrument,inst15023,15023,QGB,0.2,3,13,3.5288681983947754,5835,0.6719794344473008,2.4223268143568255,2.4010150181480245,4.51394266240166,1.0,1.042167893518579,-0.10155744522695766,1.0372966814673592
mango_instrument,inst15023,15023,SCP,0.05,3,13,0.0002651214599609375,5835,0.9700085689802913,4.605016505517201,4.605016505517202,5.203601415120911,1.0,1.042167893518579,-0.10155744522695766,1.0372966814673592
mango_instrument,inst15023,15023,SCP,0.1,3,13,0.00025153160095214844,5835,0.9290488431876607,3.7537891998320636,3.753789199832063,4.453639710528388,1.0,1.042167893518579,-0.10155744522695766,1.0372966814673592
mango_instrument,inst15023,15023,SCP,0.2,3,13,0.0002880096435546875,5835,0.8392459297343616,2.8734989915913127,2.873498991591312,3.708970751051847,1.0,1.042167893518579,-0.10155744522695766,1.0372966814673592
mango_instrument,inst15023,15023,NCP-kNN,0.05,3,13,6.429613351821899,5835,0.9389888603256212,4.329227518504798,4.113476089641665,5.673346984853509,1.0,1.042167893518579,-0.10155744522695766,1.0372966814673592
mango_instrument,inst15023,15023,NCP-kNN,0.1,3,13,0.0002818107604980469,5835,0.8988860325621251,3.672949070431705,3.4899039413180404,4.765450822330457,1.0,1.042167893518579,-0.10155744522695766,1.0372966814673592
mango_instrument,inst15023,15023,NCP-kNN,0.2,3,13,0.00023055076599121094,5835,0.834961439588689,2.9782987594709125,2.8298722306755266,3.902253790377555,1.0,1.042167893518579,-0.10155744522695766,1.0372966814673592
mango_instrument,inst15023,15023,CV+,0.05,3,13,0.24296903610229492,5835,0.9708654670094259,4.640279147599846,4.639501879404563,5.215908927297942,1.0,1.042167893518579,-0.10155744522695766,1.0372966814673592
mango_instrument,inst15023,15023,CV+,0.1,3,13,0.23035264015197754,5835,0.9309340188517566,3.7848535972695814,3.7848623440100226,4.4599281512581,1.0,1.042167893518579,-0.10155744522695766,1.0372966814673592
mango_instrument,inst15023,15023,CV+,0.2,3,13,0.2790086269378662,5835,0.8401028277634961,2.8783875609122402,2.8783128754112965,3.711979186175695,1.0,1.042167893518579,-0.10155744522695766,1.0372966814673592
mango_instrument,inst15023,15023,CQR,0.05,3,13,0.0003082752227783203,5835,0.9040274207369323,4.720040410678249,4.656591278287468,6.946316544260199,1.0,1.042167893518579,-0.10155744522695766,1.0372966814673592
mango_instrument,inst15023,15023,CQR,0.1,3,13,0.0003597736358642578,5835,0.8449014567266495,3.6479208411734745,3.5957336881379334,5.5437008266940095,1.0,1.042167893518579,-0.10155744522695766,1.0372966814673592
mango_instrument,inst15023,15023,CQR,0.2,3,13,0.0002665519714355469,5835,0.7619537275064268,2.85222532564811,2.830913529439309,4.340361329422246,1.0,1.042167893518579,-0.10155744522695766,1.0372966814673592
mango_instrument,inst15023,15023,WCP,0.05,3,13,0.026070117950439453,5835,0.9844044558697514,inf,4.7795053707772865,inf,0.730248500428449,1.042167893518579,-0.10155744522695766,1.0372966814673592
mango_instrument,inst15023,15023,WCP,0.1,3,13,0.003839254379272461,5835,0.9538988860325621,inf,3.8320578203020403,inf,0.8395886889460155,1.042167893518579,-0.10155744522695766,1.0372966814673592
mango_instrument,inst15023,15023,WCP,0.2,3,13,0.004053831100463867,5835,0.8750642673521851,inf,2.8769739602815534,inf,0.9165381319622965,1.042167893518579,-0.10155744522695766,1.0372966814673592
mango_instrument,inst15023,15023,R-U-A,0.05,3,13,0.0025930404663085938,5835,0.970694087403599,4.638656005977336,4.638656005977335,5.21865711187072,1.0,1.042167893518579,-0.10155744522695766,1.0372966814673592
mango_instrument,inst15023,15023,R-U-A,0.1,3,13,0.0036101341247558594,5835,0.9309340188517566,3.7872393310951655,3.787239331095165,4.461484670626331,1.0,1.042167893518579,-0.10155744522695766,1.0372966814673592
mango_instrument,inst15023,15023,R-U-A,0.2,3,13,0.002981424331665039,5835,0.8395886889460155,2.876740604088113,2.8767406040881127,3.7118186078841213,1.0,1.042167893518579,-0.10155744522695766,1.0372966814673592
mango_instrument,inst15023,15023,R-U-D,0.05,3,13,0.08001041412353516,5835,0.976006855184233,4.729374497213442,4.715121799228857,5.2182508245867885,1.0,1.042167893518579,-0.10155744522695766,1.0372966814673592
mango_instrument,inst15023,15023,R-U-D,0.1,3,13,0.004578113555908203,5835,0.9374464438731791,3.873770354283602,3.862096151076864,4.46760058299064,1.0,1.042167893518579,-0.10155744522695766,1.0372966814673592
mango_instrument,inst15023,15023,R-U-D,0.2,3,13,0.004615306854248047,5835,0.8527849185946872,2.9868164114403273,2.97781518045878,3.726289184849986,1.0,1.042167893518579,-0.10155744522695766,1.0372966814673592
mango_instrument,inst15023,15023,G-U-A,0.05,3,13,0.002906322479248047,5835,0.9905741216795202,5.608085419001494,5.608085419001494,5.847269147554973,1.0,1.042167893518579,-0.10155744522695766,1.0372966814673592
mango_instrument,inst15023,15023,G-U-A,0.1,3,13,0.003231525421142578,5835,0.9674378748928878,4.49180007455179,4.49180007455179,4.826913146708633,1.0,1.042167893518579,-0.10155744522695766,1.0372966814673592
mango_instrument,inst15023,15023,G-U-A,0.2,3,13,0.002901315689086914,5835,0.8952870608397601,3.3474514760394887,3.3474514760394882,3.8727692128231728,1.0,1.042167893518579,-0.10155744522695766,1.0372966814673592
mango_instrument,inst15023,15023,G-W-A,0.05,3,13,0.009822845458984375,5835,0.9919451585261354,5.835625708606753,5.835625708606752,6.036213164793994,1.0,1.042167893518579,-0.10155744522695766,1.0372966814673592
mango_instrument,inst15023,15023,G-W-A,0.1,3,13,0.009399652481079102,5835,0.974293059125964,4.779853406452454,4.779853406452453,5.031178797104939,1.0,1.042167893518579,-0.10155744522695766,1.0372966814673592
mango_instrument,inst15023,15023,G-W-A,0.2,3,13,0.009996175765991211,5835,0.9216795201371036,3.6569067666693122,3.6569067666693122,4.042053819136681,1.0,1.042167893518579,-0.10155744522695766,1.0372966814673592
mango_instrument,inst15023,15023,G-U-D,0.05,3,13,0.10173249244689941,5835,0.9821765209940018,5.077694798054121,5.022100409797133,5.434229367967776,1.0,1.042167893518579,-0.10155744522695766,1.0372966814673592
mango_instrument,inst15023,15023,G-U-D,0.1,3,13,0.005128622055053711,5835,0.9537275064267352,4.187431252491625,4.1415841332556145,4.619105584899975,1.0,1.042167893518579,-0.10155744522695766,1.0372966814673592
mango_instrument,inst15023,15023,G-U-D,0.2,3,13,0.005498409271240234,5835,0.8786632390745501,3.2213643052384375,3.1860944071793327,3.8083512996719935,1.0,1.042167893518579,-0.10155744522695766,1.0372966814673592
mango_instrument,inst15023,15023,GC-D,0.05,3,13,0.015460729598999023,5835,0.9847472150814053,5.311224704438982,5.253073456661774,5.594816786630036,1.0,1.042167893518579,-0.10155744522695766,1.0372966814673592
mango_instrument,inst15023,15023,GC-D,0.1,3,13,0.015077829360961914,5835,0.9650385604113111,4.441189049768026,4.392563600981681,4.773956680215451,1.0,1.042167893518579,-0.10155744522695766,1.0372966814673592
mango_instrument,inst15023,15023,GC-D,0.2,3,13,0.014676094055175781,5835,0.9021422450728364,3.447187675842101,3.409445295162014,3.9126659403241413,1.0,1.042167893518579,-0.10155744522695766,1.0372966814673592
mango_instrument,inst15023,15023,GC-D+,0.05,3,13,0.010615110397338867,5835,0.9955441302485004,6.437050932534387,6.3665732998672055,6.537486211562399,1.0,1.042167893518579,-0.10155744522695766,1.0372966814673592
mango_instrument,inst15023,15023,GC-D+,0.1,3,13,0.010615825653076172,5835,0.9792630676949443,4.91052568162357,4.85676158548398,5.119564359687447,1.0,1.042167893518579,-0.10155744522695766,1.0372966814673592
mango_instrument,inst15023,15023,GC-D+,0.2,3,13,0.010359525680541992,5835,0.9220222793487575,3.681929865821349,3.6416173526364464,4.045523644000717,1.0,1.042167893518579,-0.10155744522695766,1.0372966814673592
mango_instrument,inst15023,15023,HJ+,0.05,3,13,0.9950647354125977,5835,0.9984575835475579,7.78677952797231,7.777454096474296,7.805763618172856,1.0,1.042167893518579,-0.10155744522695766,1.0372966814673592
mango_instrument,inst15023,15023,HJ+,0.1,3,13,1.0094695091247559,5835,0.9904027420736933,5.4016893162234,5.391818423274927,5.5305536730350955,1.0,1.042167893518579,-0.10155744522695766,1.0372966814673592
mango_instrument,inst15023,15023,HJ+,0.2,3,13,1.2079417705535889,5835,0.943101970865467,3.929927184273704,3.9254265545106684,4.204786970489984,1.0,1.042167893518579,-0.10155744522695766,1.0372966814673592
mango_instrument,inst15023,15023,HJ+-D,0.05,3,13,0.8879616260528564,5835,0.9969151670951156,6.650688627397962,6.554024098561765,6.720433493844689,1.0,1.042167893518579,-0.10155744522695766,1.0372966814673592
mango_instrument,inst15023,15023,HJ+-D,0.1,3,13,1.1353094577789307,5835,0.9823479005998286,5.047249732973215,4.984470048880228,5.219747946898237,1.0,1.042167893518579,-0.10155744522695766,1.0372966814673592
mango_instrument,inst15023,15023,HJ+-D,0.2,3,13,1.2431666851043701,5835,0.9336760925449872,3.7727173811915673,3.727321877028235,4.092594161265719,1.0,1.042167893518579,-0.10155744522695766,1.0372966814673592
mango_instrument,inst15023,15023,HCP-D,0.05,3,13,0.9157204627990723,5835,1.0,inf,inf,inf,0.0,1.042167893518579,-0.10155744522695766,1.0372966814673592
mango_instrument,inst15023,15023,HCP-D,0.1,3,13,0.8723459243774414,5835,0.9909168808911739,7.336181089527989,7.2978960448688355,7.420491125494891,1.0,1.042167893518579,-0.10155744522695766,1.0372966814673592
mango_instrument,inst15023,15023,HCP-D,0.2,3,13,0.899052619934082,5835,0.8985432733504712,4.6522841423008545,4.628005446889517,5.221281433733518,1.0,1.042167893518579,-0.10155744522695766,1.0372966814673592
mango_instrument,inst15023,15023,HCP-A,0.05,3,13,0.18882226943969727,5835,1.0,inf,inf,inf,0.0,1.042167893518579,-0.10155744522695766,1.0372966814673592
mango_instrument,inst15023,15023,HCP-A,0.1,3,13,0.22653722763061523,5835,0.9958868894601542,8.645138502414648,8.645138502414646,8.750749990785408,1.0,1.042167893518579,-0.10155744522695766,1.0372966814673592
mango_instrument,inst15023,15023,HCP-A,0.2,3,13,0.20751452445983887,5835,0.8922022279348758,4.637669267856136,4.637669267856136,5.276749782367522,1.0,1.042167893518579,-0.10155744522695766,1.0372966814673592
mango_instrument,inst15023,15023,ORACLE,0.05,3,13,0.003250598907470703,5835,0.9513281919451585,4.10221302221569,4.132702714423118,5.083084048174821,1.0,1.042167893518579,-0.10155744522695766,1.0372966814673592
mango_instrument,inst15023,15023,ORACLE,0.1,3,13,0.0030667781829833984,5835,0.9004284490145673,3.3904194902139246,3.3877501323190913,4.397042284710083,1.0,1.042167893518579,-0.10155744522695766,1.0372966814673592
mango_instrument,inst15023,15023,ORACLE,0.2,3,13,0.0029876232147216797,5835,0.8006855184233076,2.6282651710641796,2.593378612395286,3.6871404159117867,1.0,1.042167893518579,-0.10155744522695766,1.0372966814673592
mango_instrument,inst15025,15025,ASTM-R,0.05,3,12,4.401286602020264,800,0.9475,4.390452494416939,4.390429768733437,5.35975787476431,1.0,1.1063667537647621,-0.23182147369956843,1.0824836773861755
mango_instrument,inst15025,15025,ASTM-R,0.1,3,12,0.0011446475982666016,800,0.9125,3.6845706898008905,3.684551617874374,4.640474539255869,1.0,1.1063667537647621,-0.23182147369956843,1.0824836773861755
mango_instrument,inst15025,15025,ASTM-R,0.2,3,12,0.0008533000946044922,800,0.82625,2.870742680811903,2.870727821389174,3.8591986528119637,1.0,1.1063667537647621,-0.23182147369956843,1.0824836773861755
mango_instrument,inst15025,15025,ASTM-G,0.05,3,12,0.0016524791717529297,800,0.985,5.443453454960527,5.44342527877583,5.701713333900459,1.0,1.1063667537647621,-0.23182147369956843,1.0824836773861755
mango_instrument,inst15025,15025,ASTM-G,0.1,3,12,0.0011894702911376953,800,0.95375,4.568273788851581,4.568250142736648,4.9647897063083635,1.0,1.1063667537647621,-0.23182147369956843,1.0824836773861755
mango_instrument,inst15025,15025,ASTM-G,0.2,3,12,0.0009732246398925781,800,0.9025,3.559258227720207,3.559239804431015,4.095042069828676,1.0,1.1063667537647621,-0.23182147369956843,1.0824836773861755
mango_instrument,inst15025,15025,GPR,0.05,3,12,10.503477334976196,800,0.85375,3.778104215085695,3.713857959509286,6.385448593068641,1.0,1.1063667537647621,-0.23182147369956843,1.0824836773861755
mango_instrument,inst15025,15025,GPR,0.1,3,12,0.00012183189392089844,800,0.7625,3.170685007583287,3.1167678502597527,5.62264489878884,1.0,1.1063667537647621,-0.23182147369956843,1.0824836773861755
mango_instrument,inst15025,15025,GPR,0.2,3,12,9.799003601074219e-05,800,0.6475,2.4703695628213103,2.4283611942677155,4.7238471142434415,1.0,1.1063667537647621,-0.23182147369956843,1.0824836773861755
mango_instrument,inst15025,15025,BAG,0.05,3,12,17.795069694519043,800,0.9475,4.393331443680555,4.391917269353634,5.383209900900751,1.0,1.1063667537647621,-0.23182147369956843,1.0824836773861755
mango_instrument,inst15025,15025,BAG,0.1,3,12,0.00012040138244628906,800,0.9125,3.686999973743767,3.6858131612364327,4.65668310220537,1.0,1.1063667537647621,-0.23182147369956843,1.0824836773861755
mango_instrument,inst15025,15025,BAG,0.2,3,12,8.7738037109375e-05,800,0.82625,2.8726450251209066,2.8717203462304184,3.8701294389544376,1.0,1.1063667537647621,-0.23182147369956843,1.0824836773861755
mango_instrument,inst15025,15025,QGB,0.05,3,12,4.990524053573608,800,0.90875,3.954043374384067,3.9470969451174787,5.737382572172424,1.0,1.1063667537647621,-0.23182147369956843,1.0824836773861755
mango_instrument,inst15025,15025,QGB,0.1,3,12,4.174204111099243,800,0.82875,3.168983059058854,3.2063703635830443,4.873155182324335,1.0,1.1063667537647621,-0.23182147369956843,1.0824836773861755
mango_instrument,inst15025,15025,QGB,0.2,3,12,4.409022331237793,800,0.69125,2.341487597650914,2.3221066338187635,4.137394838293079,1.0,1.1063667537647621,-0.23182147369956843,1.0824836773861755
mango_instrument,inst15025,15025,SCP,0.05,3,12,0.0003833770751953125,800,0.9475,4.402125877629381,4.402125877629381,5.380179940419545,1.0,1.1063667537647621,-0.23182147369956843,1.0824836773861755
mango_instrument,inst15025,15025,SCP,0.1,3,12,0.0002665519714355469,800,0.90375,3.575377639449428,3.575377639449428,4.657597163588227,1.0,1.1063667537647621,-0.23182147369956843,1.0824836773861755
mango_instrument,inst15025,15025,SCP,0.2,3,12,0.0004181861877441406,800,0.7975,2.735590915462879,2.735590915462879,3.8662712334191474,1.0,1.1063667537647621,-0.23182147369956843,1.0824836773861755
mango_instrument,inst15025,15025,NCP-kNN,0.05,3,12,6.849452972412109,800,0.91625,4.221821143077955,4.127615219334399,5.720388018191809,1.0,1.1063667537647621,-0.23182147369956843,1.0824836773861755
mango_instrument,inst15025,15025,NCP-kNN,0.1,3,12,0.0003314018249511719,800,0.85875,3.50319400740515,3.4250235647606075,4.88602153421965,1.0,1.1063667537647621,-0.23182147369956843,1.0824836773861755
mango_instrument,inst15025,15025,NCP-kNN,0.2,3,12,0.0003132820129394531,800,0.77,2.769546698664253,2.707746897996155,4.0342461750610195,1.0,1.1063667537647621,-0.23182147369956843,1.0824836773861755
mango_instrument,inst15025,15025,CV+,0.05,3,12,0.04323387145996094,800,0.9475,4.418099130387129,4.417942112842109,5.365794425633877,1.0,1.1063667537647621,-0.23182147369956843,1.0824836773861755
mango_instrument,inst15025,15025,CV+,0.1,3,12,0.04162001609802246,800,0.90625,3.6225063552269647,3.62208098283475,4.639019937184014,1.0,1.1063667537647621,-0.23182147369956843,1.0824836773861755
mango_instrument,inst15025,15025,CV+,0.2,3,12,0.04474496841430664,800,0.8025,2.7739582692076095,2.7738668254898853,3.8550776122191213,1.0,1.1063667537647621,-0.23182147369956843,1.0824836773861755
mango_instrument,inst15025,15025,CQR,0.05,3,12,0.00046515464782714844,800,0.94,4.4366687665388405,4.429722337272252,5.490811240400997,1.0,1.1063667537647621,-0.23182147369956843,1.0824836773861755
mango_instrument,inst15025,15025,CQR,0.1,3,12,0.00034165382385253906,800,0.87375,3.5075097158490225,3.544897020373213,4.723392550189838,1.0,1.1063667537647621,-0.23182147369956843,1.0824836773861755
mango_instrument,inst15025,15025,CQR,0.2,3,12,0.0003452301025390625,800,0.72875,2.5665538166800057,2.5471728528478526,4.034342236408093,1.0,1.1063667537647621,-0.23182147369956843,1.0824836773861755
mango_instrument,inst15025,15025,WCP,0.05,3,12,0.029950618743896484,800,0.99625,6.792151252577569,6.792151252577568,6.803977856295427,1.0,1.1063667537647621,-0.23182147369956843,1.0824836773861755
mango_instrument,inst15025,15025,WCP,0.1,3,12,0.004451751708984375,800,0.9925,6.362623192047468,6.361651827030098,6.388904985598328,1.0,1.1063667537647621,-0.23182147369956843,1.0824836773861755
mango_instrument,inst15025,15025,WCP,0.2,3,12,0.004204273223876953,800,0.95875,4.718175184318839,4.71783695487424,4.8895024810907675,1.0,1.1063667537647621,-0.23182147369956843,1.0824836773861755
mango_instrument,inst15025,15025,R-U-A,0.05,3,12,0.003940105438232422,800,0.9475,4.411257574326619,4.411257574326619,5.35877569330428,1.0,1.1063667537647621,-0.23182147369956843,1.0824836773861755
mango_instrument,inst15025,15025,R-U-A,0.1,3,12,0.0033266544342041016,800,0.9075,3.622367853009689,3.6223678530096883,4.6344717283971555,1.0,1.1063667537647621,-0.23182147369956843,1.0824836773861755
mango_instrument,inst15025,15025,R-U-A,0.2,3,12,0.0030999183654785156,800,0.80375,2.7721620231440163,2.7721620231440163,3.851965666010685,1.0,1.1063667537647621,-0.23182147369956843,1.0824836773861755
mango_instrument,inst15025,15025,R-U-D,0.05,3,12,0.11699938774108887,800,0.9425,4.249588218323644,4.23095936865044,5.3922155553018065,1.0,1.1063667537647621,-0.23182147369956843,1.0824836773861755
mango_instrument,inst15025,15025,R-U-D,0.1,3,12,0.0052907466888427734,800,0.89625,3.491420185990526,3.4761149049963898,4.641558615052142,1.0,1.1063667537647621,-0.23182147369956843,1.0824836773861755
mango_instrument,inst15025,15025,R-U-D,0.2,3,12,0.004777193069458008,800,0.78625,2.6789844686959645,2.66724064873501,3.8647658916679704,1.0,1.1063667537647621,-0.23182147369956843,1.0824836773861755
mango_instrument,inst15025,15025,G-U-A,0.05,3,12,0.0036439895629882812,800,0.97625,5.170958064815295,5.170958064815295,5.538186607174356,1.0,1.1063667537647621,-0.23182147369956843,1.0824836773861755
mango_instrument,inst15025,15025,G-U-A,0.1,3,12,0.0031137466430664062,800,0.94125,4.2474956576631975,4.2474956576631975,4.809936225039835,1.0,1.1063667537647621,-0.23182147369956843,1.0824836773861755
mango_instrument,inst15025,15025,G-U-A,0.2,3,12,0.0029418468475341797,800,0.88,3.270851457555625,3.270851457555626,3.9613541659469367,1.0,1.1063667537647621,-0.23182147369956843,1.0824836773861755
mango_instrument,inst15025,15025,G-W-A,0.05,3,12,0.013948678970336914,800,0.985,5.427001695981434,5.427001695981435,5.6902399609559255,1.0,1.1063667537647621,-0.23182147369956843,1.0824836773861755
mango_instrument,inst15025,15025,G-W-A,0.1,3,12,0.01362919807434082,800,0.95125,4.498883762890419,4.498883762890419,4.927821571331066,1.0,1.1063667537647621,-0.23182147369956843,1.0824836773861755
mango_instrument,inst15025,15025,G-W-A,0.2,3,12,0.01425313949584961,800,0.9,3.494474628231245,3.494474628231245,4.062075123745348,1.0,1.1063667537647621,-0.23182147369956843,1.0824836773861755
mango_instrument,inst15025,15025,G-U-D,0.05,3,12,0.10475635528564453,800,0.9475,4.416047247706677,4.370315189245196,5.555967946105372,1.0,1.1063667537647621,-0.23182147369956843,1.0824836773861755
mango_instrument,inst15025,15025,G-U-D,0.1,3,12,0.005040884017944336,800,0.9025,3.67005526642703,3.63204861192661,4.759746111350889,1.0,1.1063667537647621,-0.23182147369956843,1.0824836773861755
mango_instrument,inst15025,15025,G-U-D,0.2,3,12,0.005620479583740234,800,0.8175,2.849328477837223,2.8198211720464874,3.9149981451367,1.0,1.1063667537647621,-0.23182147369956843,1.0824836773861755
mango_instrument,inst15025,15025,GC-D,0.05,3,12,0.015727996826171875,800,0.94875,4.462997970433006,4.416779695888206,5.55678266839539,1.0,1.1063667537647621,-0.23182147369956843,1.0824836773861755
mango_instrument,inst15025,15025,GC-D,0.1,3,12,0.016725540161132812,800,0.90875,3.745870401582879,3.707078614587556,4.7677219544036085,1.0,1.1063667537647621,-0.23182147369956843,1.0824836773861755
mango_instrument,inst15025,15025,GC-D,0.2,3,12,0.015944480895996094,800,0.83625,2.958046225274212,2.9274130514610786,3.933783277909364,1.0,1.1063667537647621,-0.23182147369956843,1.0824836773861755
mango_instrument,inst15025,15025,GC-D+,0.05,3,12,0.015717267990112305,800,0.97875,5.496727733768755,5.439804277119123,5.848939815942226,1.0,1.1063667537647621,-0.23182147369956843,1.0824836773861755
mango_instrument,inst15025,15025,GC-D+,0.1,3,12,0.016117334365844727,800,0.93,4.126306133443002,4.083574599394632,4.862133137034319,1.0,1.1063667537647621,-0.23182147369956843,1.0824836773861755
mango_instrument,inst15025,15025,GC-D+,0.2,3,12,0.01598954200744629,800,0.85625,3.1312438933193287,3.0988171051184548,3.979306942648784,1.0,1.1063667537647621,-0.23182147369956843,1.0824836773861755
mango_instrument,inst15025,15025,HJ+,0.05,3,12,0.2857992649078369,800,0.9975,6.7975644443708765,6.794824531740967,6.811144077577316,1.0,1.1063667537647621,-0.23182147369956843,1.0824836773861755
mango_instrument,inst15025,15025,HJ+,0.1,3,12,0.3020901679992676,800,0.96875,5.039131657329808,5.036447344535084,5.277646925371489,1.0,1.1063667537647621,-0.23182147369956843,1.0824836773861755
mango_instrument,inst15025,15025,HJ+,0.2,3,12,0.3357992172241211,800,0.9125,3.748025526376951,3.745106796677411,4.225651619441124,1.0,1.1063667537647621,-0.23182147369956843,1.0824836773861755
mango_instrument,inst15025,15025,HJ+-D,0.05,3,12,0.2860860824584961,800,0.9825,5.671719830564518,5.6065204339966535,5.938881627489411,1.0,1.1063667537647621,-0.23182147369956843,1.0824836773861755
mango_instrument,inst15025,15025,HJ+-D,0.1,3,12,0.33771848678588867,800,0.93875,4.261948488116187,4.211018086457975,4.925824180488603,1.0,1.1063667537647621,-0.23182147369956843,1.0824836773861755
mango_instrument,inst15025,15025,HJ+-D,0.2,3,12,0.35561203956604004,800,0.8675,3.2539159159803637,3.2192325612491492,4.04696130900001,1.0,1.1063667537647621,-0.23182147369956843,1.0824836773861755
mango_instrument,inst15025,15025,HCP-D,0.05,3,12,2.1360280513763428,800,1.0,inf,inf,inf,0.0,1.1063667537647621,-0.23182147369956843,1.0824836773861755
mango_instrument,inst15025,15025,HCP-D,0.1,3,12,2.048126459121704,800,0.9725,6.134684011788286,6.087011608688957,6.398572215771976,1.0,1.1063667537647621,-0.23182147369956843,1.0824836773861755
mango_instrument,inst15025,15025,HCP-D,0.2,3,12,2.1015427112579346,800,0.88875,4.3260590140681625,4.292441369091852,5.060519802603205,1.0,1.1063667537647621,-0.23182147369956843,1.0824836773861755
mango_instrument,inst15025,15025,HCP-A,0.05,3,12,0.43630003929138184,800,1.0,inf,inf,inf,0.0,1.1063667537647621,-0.23182147369956843,1.0824836773861755
mango_instrument,inst15025,15025,HCP-A,0.1,3,12,0.41904497146606445,800,0.9925,7.812424746119643,7.8124247461196425,7.848557460559074,1.0,1.1063667537647621,-0.23182147369956843,1.0824836773861755
mango_instrument,inst15025,15025,HCP-A,0.2,3,12,0.42226600646972656,800,0.91875,4.880135621570133,4.880135621570133,5.400581999000562,1.0,1.1063667537647621,-0.23182147369956843,1.0824836773861755
mango_instrument,inst15025,15025,ORACLE,0.05,3,12,0.0011217594146728516,800,0.95125,4.499889730811127,4.499889730811127,5.4055032510912975,1.0,1.1063667537647621,-0.23182147369956843,1.0824836773861755
mango_instrument,inst15025,15025,ORACLE,0.1,3,12,0.0009665489196777344,800,0.9025,3.54012868179065,3.5401286817906508,4.636461438122648,1.0,1.1063667537647621,-0.23182147369956843,1.0824836773861755
mango_instrument,inst15025,15025,ORACLE,0.2,3,12,0.0009226799011230469,800,0.79,2.7187756137239756,2.7187756137239747,3.8640269414533934,1.0,1.1063667537647621,-0.23182147369956843,1.0824836773861755
mango_instrument,inst15027,15027,ASTM-R,0.05,3,13,3.56386661529541,2100,0.8633333333333333,4.5296476488634125,4.529644683501231,7.122838365814795,1.0,1.4855455003994364,0.8565248105922274,1.214047999756998
mango_instrument,inst15027,15027,ASTM-R,0.1,3,13,0.0009739398956298828,2100,0.7728571428571429,3.8013851940900625,3.8013827054894556,6.383205106838856,1.0,1.4855455003994364,0.8565248105922274,1.214047999756998
mango_instrument,inst15027,15027,ASTM-R,0.2,3,13,0.0006887912750244141,2100,0.6571428571428571,2.96175485796453,2.9617529190331755,5.438513089219647,1.0,1.4855455003994364,0.8565248105922274,1.214047999756998
mango_instrument,inst15027,15027,ASTM-G,0.05,3,13,0.0013515949249267578,2100,0.940952380952381,5.402811415868581,5.402807878884273,6.335398837437386,1.0,1.4855455003994364,0.8565248105922274,1.214047999756998
mango_instrument,inst15027,15027,ASTM-G,0.1,3,13,0.0010571479797363281,2100,0.8652380952380953,4.534164446079392,4.534161477760262,5.8246276248002795,1.0,1.4855455003994364,0.8565248105922274,1.214047999756998
mango_instrument,inst15027,15027,ASTM-G,0.2,3,13,0.001073598861694336,2100,0.7385714285714285,3.5326816119196804,3.5326792992275537,5.151710940942518,1.0,1.4855455003994364,0.8565248105922274,1.214047999756998
mango_instrument,inst15027,15027,GPR,0.05,3,13,11.852303981781006,2100,0.8157142857142857,3.9514918806392147,3.9232845352467676,7.516440172468371,1.0,1.4855455003994364,0.8565248105922274,1.214047999756998
mango_instrument,inst15027,15027,GPR,0.1,3,13,0.0001327991485595703,2100,0.7266666666666667,3.316196523511108,3.29252417302844,6.509099745124545,1.0,1.4855455003994364,0.8565248105922274,1.214047999756998
mango_instrument,inst15027,15027,GPR,0.2,3,13,0.00010228157043457031,2100,0.5985714285714285,2.583741663527733,2.565297871737328,5.39959723550621,1.0,1.4855455003994364,0.8565248105922274,1.214047999756998
mango_instrument,inst15027,15027,BAG,0.05,3,13,15.335310459136963,2100,0.8638095238095238,4.533219283780267,4.532941959225758,7.1465566442329855,1.0,1.4855455003994364,0.8565248105922274,1.214047999756998
mango_instrument,inst15027,15027,BAG,0.1,3,13,0.0001270771026611328,2100,0.7747619047619048,3.804397549908115,3.8041648118053093,6.397857251436113,1.0,1.4855455003994364,0.8565248105922274,1.214047999756998
mango_instrument,inst15027,15027,BAG,0.2,3,13,0.00012302398681640625,2100,0.6571428571428571,2.9641127673317453,2.9639314345522667,5.447355492274211,1.0,1.4855455003994364,0.8565248105922274,1.214047999756998
mango_instrument,inst15027,15027,QGB,0.05,3,13,4.74298095703125,2100,0.6928571428571428,3.7960004708778055,3.7877779857556355,12.696030875160037,1.0,1.4855455003994364,0.8565248105922274,1.214047999756998
mango_instrument,inst15027,15027,QGB,0.1,3,13,4.07719349861145,2100,0.599047619047619,2.9461114222009126,2.9327750013526606,9.477795740290095,1.0,1.4855455003994364,0.8565248105922274,1.214047999756998
mango_instrument,inst15027,15027,QGB,0.2,3,13,4.245369911193848,2100,0.4747619047619048,2.174372879956516,2.148119985733617,7.127228016248825,1.0,1.4855455003994364,0.8565248105922274,1.214047999756998
mango_instrument,inst15027,15027,SCP,0.05,3,13,0.0003654956817626953,2100,0.8680952380952381,4.572899722938661,4.572899722938661,7.069325162431281,1.0,1.4855455003994364,0.8565248105922274,1.214047999756998
mango_instrument,inst15027,15027,SCP,0.1,3,13,0.00025916099548339844,2100,0.7723809523809524,3.7980521344714977,3.7980521344714973,6.407472465623118,1.0,1.4855455003994364,0.8565248105922274,1.214047999756998
mango_instrument,inst15027,15027,SCP,0.2,3,13,0.0002415180206298828,2100,0.6442857142857142,2.903308512086309,2.9033085120863085,5.500902711942898,1.0,1.4855455003994364,0.8565248105922274,1.214047999756998
mango_instrument,inst15027,15027,NCP-kNN,0.05,3,13,6.702250003814697,2100,0.7938095238095239,4.069927672623143,3.982466368632976,8.655110162127144,1.0,1.4855455003994364,0.8565248105922274,1.214047999756998
mango_instrument,inst15027,15027,NCP-kNN,0.1,3,13,0.0003058910369873047,2100,0.7028571428571428,3.414294459139105,3.340922480661109,7.228709670712181,1.0,1.4855455003994364,0.8565248105922274,1.214047999756998
mango_instrument,inst15027,15027,NCP-kNN,0.2,3,13,0.00025773048400878906,2100,0.6057142857142858,2.756956672483463,2.6977106501912838,5.736026722752771,1.0,1.4855455003994364,0.8565248105922274,1.214047999756998
mango_instrument,inst15027,15027,CV+,0.05,3,13,0.09645247459411621,2100,0.8685714285714285,4.559922091815774,4.559835159107333,7.070895186819558,1.0,1.4855455003994364,0.8565248105922274,1.214047999756998
mango_instrument,inst15027,15027,CV+,0.1,3,13,0.09051251411437988,2100,0.7647619047619048,3.730840564344243,3.730712808661873,6.477297348132135,1.0,1.4855455003994364,0.8565248105922274,1.214047999756998
mango_instrument,inst15027,15027,CV+,0.2,3,13,0.09755945205688477,2100,0.6338095238095238,2.8541437067113367,2.8541707001050955,5.523165730606582,1.0,1.4855455003994364,0.8565248105922274,1.214047999756998
mango_instrument,inst15027,15027,CQR,0.05,3,13,0.0003864765167236328,2100,0.7704761904761904,4.377318103348225,4.369095618226055,10.166414165293556,1.0,1.4855455003994364,0.8565248105922274,1.214047999756998
mango_instrument,inst15027,15027,CQR,0.1,3,13,0.00034165382385253906,2100,0.6576190476190477,3.3616370294088243,3.348300608560571,8.344610182181762,1.0,1.4855455003994364,0.8565248105922274,1.214047999756998
mango_instrument,inst15027,15027,CQR,0.2,3,13,0.0002884864807128906,2100,0.5323809523809524,2.4781300114785667,2.451877117255669,6.680642816118112,1.0,1.4855455003994364,0.8565248105922274,1.214047999756998
mango_instrument,inst15027,15027,WCP,0.05,3,13,0.02226114273071289,2100,0.9990476190476191,11.14307666878382,11.14307666878382,11.151779274897581,1.0,1.4855455003994364,0.8565248105922274,1.214047999756998
mango_instrument,inst15027,15027,WCP,0.1,3,13,0.004045724868774414,2100,0.9990476190476191,11.14307666878382,11.14307666878382,11.147427971840699,1.0,1.4855455003994364,0.8565248105922274,1.214047999756998
mango_instrument,inst15027,15027,WCP,0.2,3,13,0.003869771957397461,2100,0.9990476190476191,10.908319951836722,10.908319951836724,10.911613492493482,1.0,1.4855455003994364,0.8565248105922274,1.214047999756998
mango_instrument,inst15027,15027,R-U-A,0.05,3,13,0.0033113956451416016,2100,0.8680952380952381,4.5592328109780595,4.5592328109780595,7.073387887322309,1.0,1.4855455003994364,0.8565248105922274,1.214047999756998
mango_instrument,inst15027,15027,R-U-A,0.1,3,13,0.0035386085510253906,2100,0.7647619047619048,3.7277277022045254,3.7277277022045254,6.479543586751615,1.0,1.4855455003994364,0.8565248105922274,1.214047999756998
mango_instrument,inst15027,15027,R-U-A,0.2,3,13,0.0026831626892089844,2100,0.6338095238095238,2.8520427651492963,2.852042765149296,5.522366078360654,1.0,1.4855455003994364,0.8565248105922274,1.214047999756998
mango_instrument,inst15027,15027,R-U-D,0.05,3,13,0.10296773910522461,2100,0.8342857142857143,4.327690433890437,4.353770361615241,7.7354985370396205,1.0,1.4855455003994364,0.8565248105922274,1.214047999756998
mango_instrument,inst15027,15027,R-U-D,0.1,3,13,0.00455927848815918,2100,0.7347619047619047,3.5474239136872763,3.568801727255849,6.909514543484364,1.0,1.4855455003994364,0.8565248105922274,1.214047999756998
mango_instrument,inst15027,15027,R-U-D,0.2,3,13,0.004414558410644531,2100,0.6157142857142858,2.7386743354748257,2.75517838765278,5.6897803178742485,1.0,1.4855455003994364,0.8565248105922274,1.214047999756998
mango_instrument,inst15027,15027,G-U-A,0.05,3,13,0.003480195999145508,2100,0.9323809523809524,5.279107124878641,5.279107124878642,6.367997370786126,1.0,1.4855455003994364,0.8565248105922274,1.214047999756998
mango_instrument,inst15027,15027,G-U-A,0.1,3,13,0.0027742385864257812,2100,0.8385714285714285,4.295430169230902,4.295430169230901,5.93670270823218,1.0,1.4855455003994364,0.8565248105922274,1.214047999756998
mango_instrument,inst15027,15027,G-U-A,0.2,3,13,0.002919435501098633,2100,0.6995238095238095,3.2332182679940296,3.2332182679940296,5.2730303122314215,1.0,1.4855455003994364,0.8565248105922274,1.214047999756998
mango_instrument,inst15027,15027,G-W-A,0.05,3,13,0.012813329696655273,2100,0.9419047619047619,5.414256002806423,5.414256002806422,6.33339846763992,1.0,1.4855455003994364,0.8565248105922274,1.214047999756998
mango_instrument,inst15027,15027,G-W-A,0.1,3,13,0.012493610382080078,2100,0.861904761904762,4.484292137773761,4.48429213777376,5.843066625771041,1.0,1.4855455003994364,0.8565248105922274,1.214047999756998
mango_instrument,inst15027,15027,G-W-A,0.2,3,13,0.012378931045532227,2100,0.7195238095238096,3.396807809909621,3.396807809909621,5.198924118917856,1.0,1.4855455003994364,0.8565248105922274,1.214047999756998
mango_instrument,inst15027,15027,G-U-D,0.05,3,13,0.11062812805175781,2100,0.8423809523809523,4.4148434954804285,4.4046186809810415,7.7459197845463885,1.0,1.4855455003994364,0.8565248105922274,1.214047999756998
mango_instrument,inst15027,15027,G-U-D,0.1,3,13,0.004980802536010742,2100,0.7461904761904762,3.6512409584650034,3.6427846538347097,6.8343402793569386,1.0,1.4855455003994364,0.8565248105922274,1.214047999756998
mango_instrument,inst15027,15027,G-U-D,0.2,3,13,0.004909038543701172,2100,0.628095238095238,2.8096446073254757,2.8031374468907977,5.663552217036967,1.0,1.4855455003994364,0.8565248105922274,1.214047999756998
mango_instrument,inst15027,15027,GC-D,0.05,3,13,0.026123762130737305,2100,0.8657142857142858,4.629022117805528,4.6183012638236,7.364206640361037,1.0,1.4855455003994364,0.8565248105922274,1.214047999756998
mango_instrument,inst15027,15027,GC-D,0.1,3,13,0.014996051788330078,2100,0.7642857142857142,3.816404006859956,3.8075651832267283,6.609338872933144,1.0,1.4855455003994364,0.8565248105922274,1.214047999756998
mango_instrument,inst15027,15027,GC-D,0.2,3,13,0.014694929122924805,2100,0.6538095238095238,2.958913566415824,2.952060697822116,5.554440044424649,1.0,1.4855455003994364,0.8565248105922274,1.214047999756998
mango_instrument,inst15027,15027,GC-D+,0.05,3,13,0.014617919921875,2100,0.9438095238095238,5.635798466936626,5.622745910500743,6.671949656008995,1.0,1.4855455003994364,0.8565248105922274,1.214047999756998
mango_instrument,inst15027,15027,GC-D+,0.1,3,13,0.015372514724731445,2100,0.8247619047619048,4.2437594762505295,4.233930893772104,6.181939443669022,1.0,1.4855455003994364,0.8565248105922274,1.214047999756998
mango_instrument,inst15027,15027,GC-D+,0.2,3,13,0.015129566192626953,2100,0.6823809523809524,3.153801227316631,3.146496997268553,5.433569880604265,1.0,1.4855455003994364,0.8565248105922274,1.214047999756998
mango_instrument,inst15027,15027,HJ+,0.05,3,13,0.5238027572631836,2100,0.9947619047619047,6.858205651235729,6.848052187232395,6.99363521764874,1.0,1.4855455003994364,0.8565248105922274,1.214047999756998
mango_instrument,inst15027,15027,HJ+,0.1,3,13,0.5171520709991455,2100,0.9147619047619048,5.009475204067882,5.004670344963484,5.706192546884799,1.0,1.4855455003994364,0.8565248105922274,1.214047999756998
mango_instrument,inst15027,15027,HJ+,0.2,3,13,0.6234779357910156,2100,0.7633333333333333,3.6578889430107804,3.6545416418183647,5.019967987265828,1.0,1.4855455003994364,0.8565248105922274,1.214047999756998
mango_instrument,inst15027,15027,HJ+-D,0.05,3,13,0.46749448776245117,2100,0.9557142857142857,5.690273739612879,5.683538391636694,6.432418668664092,1.0,1.4855455003994364,0.8565248105922274,1.214047999756998
mango_instrument,inst15027,15027,HJ+-D,0.1,3,13,0.5593454837799072,2100,0.8438095238095238,4.295934166146808,4.28885982877153,5.945603261026623,1.0,1.4855455003994364,0.8565248105922274,1.214047999756998
mango_instrument,inst15027,15027,HJ+-D,0.2,3,13,0.6152932643890381,2100,0.7042857142857143,3.1967002931543873,3.195238628689668,5.248964910389095,1.0,1.4855455003994364,0.8565248105922274,1.214047999756998
mango_instrument,inst15027,15027,HCP-D,0.05,3,13,1.7460529804229736,2100,1.0,inf,inf,inf,0.0,1.4855455003994364,0.8565248105922274,1.214047999756998
mango_instrument,inst15027,15027,HCP-D,0.1,3,13,1.769059658050537,2100,0.87,5.268422517631128,5.2224437638815475,6.5882520470814265,1.0,1.4855455003994364,0.8565248105922274,1.214047999756998
mango_instrument,inst15027,15027,HCP-D,0.2,3,13,1.8186876773834229,2100,0.6109523809523809,3.6657437139509117,3.6337519124261153,6.2052133441657755,1.0,1.4855455003994364,0.8565248105922274,1.214047999756998
mango_instrument,inst15027,15027,HCP-A,0.05,3,13,0.39895009994506836,2100,1.0,inf,inf,inf,0.0,1.4855455003994364,0.8565248105922274,1.214047999756998
mango_instrument,inst15027,15027,HCP-A,0.1,3,13,0.3911120891571045,2100,0.9966666666666667,8.029647179815772,8.029647179815772,8.105824230504156,1.0,1.4855455003994364,0.8565248105922274,1.214047999756998
mango_instrument,inst15027,15027,HCP-A,0.2,3,13,0.40796589851379395,2100,0.8428571428571429,4.996051277151275,4.996051277151274,5.7360763103914865,1.0,1.4855455003994364,0.8565248105922274,1.214047999756998
mango_instrument,inst15027,15027,ORACLE,0.05,3,13,0.0020165443420410156,2100,0.9485714285714286,5.557400075109309,5.627549610653908,6.3292795941397975,1.0,1.4855455003994364,0.8565248105922274,1.214047999756998
mango_instrument,inst15027,15027,ORACLE,0.1,3,13,0.0016193389892578125,2100,0.900952380952381,4.887736718759163,4.8681523735715775,5.76282763125661,1.0,1.4855455003994364,0.8565248105922274,1.214047999756998
mango_instrument,inst15027,15027,ORACLE,0.2,3,13,0.0010838508605957031,2100,0.8047619047619048,3.981384910642193,3.9340222178959383,5.083659647718153,1.0,1.4855455003994364,0.8565248105922274,1.214047999756998
mango_instrument,inst15029,15029,ASTM-R,0.05,3,12,3.3079519271850586,4480,0.9254464285714286,4.628538621252772,4.628475686723075,6.558388205520963,1.0,1.298406786530749,0.2597025986434165,1.2723113131277406
mango_instrument,inst15029,15029,ASTM-R,0.1,3,12,0.0008261203765869141,4480,0.8743303571428571,3.8843747753325966,3.884321959245348,5.582379175173151,1.0,1.298406786530749,0.2597025986434165,1.2723113131277406
mango_instrument,inst15029,15029,ASTM-R,0.2,3,12,0.0006868839263916016,4480,0.7736607142857143,3.026412661263356,3.026371510940738,4.619466645416343,1.0,1.298406786530749,0.2597025986434165,1.2723113131277406
mango_instrument,inst15029,15029,ASTM-G,0.05,3,12,0.0011196136474609375,4480,0.9587053571428571,5.474078606629707,5.474004175239838,6.43873952176872,1.0,1.298406786530749,0.2597025986434165,1.2723113131277406
mango_instrument,inst15029,15029,ASTM-G,0.1,3,12,0.0010111331939697266,4480,0.9241071428571429,4.593971142456415,4.593908677942892,5.584853908307952,1.0,1.298406786530749,0.2597025986434165,1.2723113131277406
mango_instrument,inst15029,15029,ASTM-G,0.2,3,12,0.0008721351623535156,4480,0.8426339285714286,3.579276778157465,3.5792281105068042,4.640225917914794,1.0,1.298406786530749,0.2597025986434165,1.2723113131277406
mango_instrument,inst15029,15029,GPR,0.05,3,12,14.53377652168274,4480,0.8462053571428572,3.7215496232591527,3.6030175406359355,8.14436390985728,1.0,1.298406786530749,0.2597025986434165,1.2723113131277406
mango_instrument,inst15029,15029,GPR,0.1,3,12,0.0002982616424560547,4480,0.7854910714285714,3.1232228979626973,3.0237476384422193,6.422710125235405,1.0,1.298406786530749,0.2597025986434165,1.2723113131277406
mango_instrument,inst15029,15029,GPR,0.2,3,12,0.00028514862060546875,4480,0.6863839285714286,2.433390502866262,2.3558865399101805,4.9844496293314045,1.0,1.298406786530749,0.2597025986434165,1.2723113131277406
mango_instrument,inst15029,15029,BAG,0.05,3,12,14.1376473903656,4480,0.9252232142857143,4.628872188650393,4.628023696003033,6.548049256196792,1.0,1.298406786530749,0.2597025986434165,1.2723113131277406
mango_instrument,inst15029,15029,BAG,0.1,3,12,0.00014209747314453125,4480,0.8736607142857142,3.8846719981863025,3.8839599207096436,5.575937449029841,1.0,1.298406786530749,0.2597025986434165,1.2723113131277406
mango_instrument,inst15029,15029,BAG,0.2,3,12,0.00011396408081054688,4480,0.7741071428571429,3.026656840055595,3.026102040534197,4.615665260141489,1.0,1.298406786530749,0.2597025986434165,1.2723113131277406
mango_instrument,inst15029,15029,QGB,0.05,3,12,4.157469034194946,4480,0.8136160714285714,3.8904944256722898,3.7855154828110544,8.787516334198212,1.0,1.298406786530749,0.2597025986434165,1.2723113131277406
mango_instrument,inst15029,15029,QGB,0.1,3,12,3.5864152908325195,4480,0.7189732142857143,2.874155442085642,2.802979864082878,6.850251649832689,1.0,1.298406786530749,0.2597025986434165,1.2723113131277406
mango_instrument,inst15029,15029,QGB,0.2,3,12,3.993940830230713,4480,0.5832589285714286,2.07645658477352,2.0254134020439256,5.238139521298512,1.0,1.298406786530749,0.2597025986434165,1.2723113131277406
mango_instrument,inst15029,15029,SCP,0.05,3,12,0.00032401084899902344,4480,0.9247767857142857,4.630137704216111,4.630137704216111,6.613195831873481,1.0,1.298406786530749,0.2597025986434165,1.2723113131277406
mango_instrument,inst15029,15029,SCP,0.1,3,12,0.0006623268127441406,4480,0.86875,3.8172082432944663,3.8172082432944663,5.6355249660027145,1.0,1.298406786530749,0.2597025986434165,1.2723113131277406
mango_instrument,inst15029,15029,SCP,0.2,3,12,0.0002732276916503906,4480,0.7578125,2.9106400535846078,2.9106400535846078,4.661345778863318,1.0,1.298406786530749,0.2597025986434165,1.2723113131277406
mango_instrument,inst15029,15029,NCP-kNN,0.05,3,12,5.142295598983765,4480,0.8607142857142858,4.084581680034085,3.8766555288328375,7.592516867598245,1.0,1.298406786530749,0.2597025986434165,1.2723113131277406
mango_instrument,inst15029,15029,NCP-kNN,0.1,3,12,0.0003151893615722656,4480,0.7977678571428571,3.4295224562078497,3.2549421783147183,6.119360989379479,1.0,1.298406786530749,0.2597025986434165,1.2723113131277406
mango_instrument,inst15029,15029,NCP-kNN,0.2,3,12,0.0002541542053222656,4480,0.6986607142857143,2.78015201241966,2.6386280197614935,4.831697306619052,1.0,1.298406786530749,0.2597025986434165,1.2723113131277406
mango_instrument,inst15029,15029,CV+,0.05,3,12,0.2046346664428711,4480,0.928125,4.687242465872805,4.6865772839471385,6.5121049464343175,1.0,1.298406786530749,0.2597025986434165,1.2723113131277406
mango_instrument,inst15029,15029,CV+,0.1,3,12,0.2304232120513916,4480,0.8703125,3.8157520857517153,3.8148961365536866,5.587691623231434,1.0,1.298406786530749,0.2597025986434165,1.2723113131277406
mango_instrument,inst15029,15029,CV+,0.2,3,12,0.2153768539428711,4480,0.7546875,2.8987924271039454,2.8982128626502366,4.629987804992745,1.0,1.298406786530749,0.2597025986434165,1.2723113131277406
mango_instrument,inst15029,15029,CQR,0.05,3,12,0.0006427764892578125,4480,0.8725446428571428,4.453742794686394,4.348763851825159,7.6041812636677575,1.0,1.298406786530749,0.2597025986434165,1.2723113131277406
mango_instrument,inst15029,15029,CQR,0.1,3,12,0.00034117698669433594,4480,0.7870535714285715,3.3257878854601137,3.254612307457349,6.191369864341543,1.0,1.298406786530749,0.2597025986434165,1.2723113131277406
mango_instrument,inst15029,15029,CQR,0.2,3,12,0.0002880096435546875,4480,0.6506696428571429,2.4063232658685925,2.3552800831389966,4.940880432782199,1.0,1.298406786530749,0.2597025986434165,1.2723113131277406
mango_instrument,inst15029,15029,WCP,0.05,3,12,0.028379201889038086,4480,0.7899553571428571,3.1857333771891483,3.1857333771891483,8.948599099441225,1.0,1.298406786530749,0.2597025986434165,1.2723113131277406
mango_instrument,inst15029,15029,WCP,0.1,3,12,0.004475831985473633,4480,0.7899553571428571,3.1857333771891483,3.1857333771891483,6.0671662383151865,1.0,1.298406786530749,0.2597025986434165,1.2723113131277406
mango_instrument,inst15029,15029,WCP,0.2,3,12,0.004384756088256836,4480,0.7899553571428571,3.1857333771891483,3.1857333771891483,4.626449807752167,1.0,1.298406786530749,0.2597025986434165,1.2723113131277406
mango_instrument,inst15029,15029,R-U-A,0.05,3,12,0.003246784210205078,4480,0.9272321428571428,4.684431320583336,4.684431320583336,6.532208180894309,1.0,1.298406786530749,0.2597025986434165,1.2723113131277406
mango_instrument,inst15029,15029,R-U-A,0.1,3,12,0.002628803253173828,4480,0.8691964285714285,3.808087602492136,3.8080876024921366,5.604057654760414,1.0,1.298406786530749,0.2597025986434165,1.2723113131277406
mango_instrument,inst15029,15029,R-U-A,0.2,3,12,0.0024509429931640625,4480,0.7537946428571428,2.8947638048447004,2.8947638048447004,4.64260587672411,1.0,1.298406786530749,0.2597025986434165,1.2723113131277406
mango_instrument,inst15029,15029,R-U-D,0.05,3,12,0.09217095375061035,4480,0.9107142857142857,4.405165088398828,4.324919618501759,6.71724991567213,1.0,1.298406786530749,0.2597025986434165,1.2723113131277406
mango_instrument,inst15029,15029,R-U-D,0.1,3,12,0.00435948371887207,4480,0.8446428571428571,3.639332240330246,3.573037352425601,5.683085050227862,1.0,1.298406786530749,0.2597025986434165,1.2723113131277406
mango_instrument,inst15029,15029,R-U-D,0.2,3,12,0.004166126251220703,4480,0.7383928571428572,2.7857040665921815,2.7349590599165934,4.670015325376055,1.0,1.298406786530749,0.2597025986434165,1.2723113131277406
mango_instrument,inst15029,15029,G-U-A,0.05,3,12,0.003880023956298828,4480,0.9524553571428571,5.313248976095792,5.313248976095792,6.419642052165063,1.0,1.298406786530749,0.2597025986434165,1.2723113131277406
mango_instrument,inst15029,15029,G-U-A,0.1,3,12,0.0034351348876953125,4480,0.9037946428571428,4.284412921157872,4.284412921157873,5.538877089098656,1.0,1.298406786530749,0.2597025986434165,1.2723113131277406
mango_instrument,inst15029,15029,G-U-A,0.2,3,12,0.003392457962036133,4480,0.8,3.238384604886701,3.2383846048867007,4.604450746172863,1.0,1.298406786530749,0.2597025986434165,1.2723113131277406
mango_instrument,inst15029,15029,G-W-A,0.05,3,12,0.011461257934570312,4480,0.9587053571428571,5.472585998121154,5.472585998121154,6.438461612775568,1.0,1.298406786530749,0.2597025986434165,1.2723113131277406
mango_instrument,inst15029,15029,G-W-A,0.1,3,12,0.011424541473388672,4480,0.9167410714285714,4.462915149528648,4.462915149528648,5.558223361354483,1.0,1.298406786530749,0.2597025986434165,1.2723113131277406
mango_instrument,inst15029,15029,G-W-A,0.2,3,12,0.011252164840698242,4480,0.8169642857142857,3.3814353980921825,3.381435398092183,4.610585758713495,1.0,1.298406786530749,0.2597025986434165,1.2723113131277406
mango_instrument,inst15029,15029,G-U-D,0.05,3,12,0.09486985206604004,4480,0.9183035714285714,4.532513682498412,4.449167579075151,6.594318674942958,1.0,1.298406786530749,0.2597025986434165,1.2723113131277406
mango_instrument,inst15029,15029,G-U-D,0.1,3,12,0.004296779632568359,4480,0.8598214285714286,3.748003194031823,3.679083057497717,5.617754169577664,1.0,1.298406786530749,0.2597025986434165,1.2723113131277406
mango_instrument,inst15029,15029,G-U-D,0.2,3,12,0.004946231842041016,4480,0.7520089285714285,2.876804947066075,2.8239048348010973,4.640489228016041,1.0,1.298406786530749,0.2597025986434165,1.2723113131277406
mango_instrument,inst15029,15029,GC-D,0.05,3,12,0.01494741439819336,4480,0.9292410714285714,4.74331038685121,4.656088049366016,6.490270245910557,1.0,1.298406786530749,0.2597025986434165,1.2723113131277406
mango_instrument,inst15029,15029,GC-D,0.1,3,12,0.013250112533569336,4480,0.8770089285714285,3.920522894053563,3.8484303799453787,5.564733276922402,1.0,1.298406786530749,0.2597025986434165,1.2723113131277406
mango_instrument,inst15029,15029,GC-D,0.2,3,12,0.013075828552246094,4480,0.7698660714285714,3.018244077313337,2.9627431123640715,4.6151049758345595,1.0,1.298406786530749,0.2597025986434165,1.2723113131277406
mango_instrument,inst15029,15029,GC-D+,0.05,3,12,0.013379096984863281,4480,0.96875,5.832526784900763,5.7252753975502175,6.5344455112027635,1.0,1.298406786530749,0.2597025986434165,1.2723113131277406
mango_instrument,inst15029,15029,GC-D+,0.1,3,12,0.012893438339233398,4480,0.9058035714285714,4.350635559708886,4.270633921166332,5.5391549518229075,1.0,1.298406786530749,0.2597025986434165,1.2723113131277406
mango_instrument,inst15029,15029,GC-D+,0.2,3,12,0.013085603713989258,4480,0.7982142857142858,3.2178743572337143,3.1587024919580156,4.601319402802493,1.0,1.298406786530749,0.2597025986434165,1.2723113131277406
mango_instrument,inst15029,15029,HJ+,0.05,3,12,0.9218716621398926,4480,0.9877232142857143,6.995093235087206,6.98976922294391,7.266126444531233,1.0,1.298406786530749,0.2597025986434165,1.2723113131277406
mango_instrument,inst15029,15029,HJ+,0.1,3,12,0.9526674747467041,4480,0.9412946428571428,5.025601985598873,5.022093280581566,5.760528654881624,1.0,1.298406786530749,0.2597025986434165,1.2723113131277406
mango_instrument,inst15029,15029,HJ+,0.2,3,12,1.1538050174713135,4480,0.85,3.6261137651199307,3.6230721423399253,4.65708490562584,1.0,1.298406786530749,0.2597025986434165,1.2723113131277406
mango_instrument,inst15029,15029,HJ+-D,0.05,3,12,0.8604295253753662,4480,0.9667410714285715,5.857146335305596,5.749233468183662,6.628898202628195,1.0,1.298406786530749,0.2597025986434165,1.2723113131277406
mango_instrument,inst15029,15029,HJ+-D,0.1,3,12,1.02616548538208,4480,0.9073660714285714,4.385191869918088,4.30382132907297,5.607194534127934,1.0,1.298406786530749,0.2597025986434165,1.2723113131277406
mango_instrument,inst15029,15029,HJ+-D,0.2,3,12,1.1268625259399414,4480,0.8008928571428572,3.240996346490596,3.180071217327151,4.615349923139222,1.0,1.298406786530749,0.2597025986434165,1.2723113131277406
mango_instrument,inst15029,15029,HCP-D,0.05,3,12,0.9731371402740479,4480,1.0,inf,inf,inf,0.0,1.298406786530749,0.2597025986434165,1.2723113131277406
mango_instrument,inst15029,15029,HCP-D,0.1,3,12,0.8942108154296875,4480,0.9549107142857143,5.870655543112454,5.634864958388981,6.455647227380235,1.0,1.298406786530749,0.2597025986434165,1.2723113131277406
mango_instrument,inst15029,15029,HCP-D,0.2,3,12,0.936995267868042,4480,0.8274553571428571,3.5847797534329824,3.4407996973797026,4.9556079742015084,1.0,1.298406786530749,0.2597025986434165,1.2723113131277406
mango_instrument,inst15029,15029,HCP-A,0.05,3,12,0.25644683837890625,4480,1.0,inf,inf,inf,0.0,1.298406786530749,0.2597025986434165,1.2723113131277406
mango_instrument,inst15029,15029,HCP-A,0.1,3,12,0.2702357769012451,4480,1.0,12.745388454533542,12.745388454533543,12.745388454533542,1.0,1.298406786530749,0.2597025986434165,1.2723113131277406
mango_instrument,inst15029,15029,HCP-A,0.2,3,12,0.2605550289154053,4480,0.9555803571428572,5.806287114070124,5.806287114070123,6.118775134993241,1.0,1.298406786530749,0.2597025986434165,1.2723113131277406
mango_instrument,inst15029,15029,ORACLE,0.05,3,12,0.0025429725646972656,4480,0.9479910714285714,5.210836454302743,5.373067448162047,6.445522504261313,1.0,1.298406786530749,0.2597025986434165,1.2723113131277406
mango_instrument,inst15029,15029,ORACLE,0.1,3,12,0.0023767948150634766,4480,0.8984375,4.228258397909554,4.354347427749117,5.5560859334258295,1.0,1.298406786530749,0.2597025986434165,1.2723113131277406
mango_instrument,inst15029,15029,ORACLE,0.2,3,12,0.0022296905517578125,4480,0.8024553571428571,3.261369247272861,3.3581440367874063,4.613863391062507,1.0,1.298406786530749,0.2597025986434165,1.2723113131277406
mango_instrument,inst15038,15038,ASTM-R,0.05,3,14,3.340593099594116,3634,0.8811227297743534,4.584140698641532,4.584124014172134,7.074208876252915,1.0,1.5957554675789751,1.3180684824881597,0.8996408754689008
mango_instrument,inst15038,15038,ASTM-R,0.1,3,14,0.0008556842803955078,3634,0.759493670886076,3.8471152619670566,3.847101259980408,6.3980644089767065,1.0,1.5957554675789751,1.3180684824881597,0.8996408754689008
mango_instrument,inst15038,15038,ASTM-R,0.2,3,14,0.0006051063537597656,3634,0.5729223995597138,2.9973830201428537,2.997372110847402,5.672572495298906,1.0,1.5957554675789751,1.3180684824881597,0.8996408754689008
mango_instrument,inst15038,15038,ASTM-G,0.05,3,14,0.0012154579162597656,3634,0.9548706659328564,5.576050311960543,5.576030017330229,6.532228535087586,1.0,1.5957554675789751,1.3180684824881597,0.8996408754689008
mango_instrument,inst15038,15038,ASTM-G,0.1,3,14,0.0010743141174316406,3634,0.8904788112272978,4.6795483967140425,4.679531364998145,5.815386595738008,1.0,1.5957554675789751,1.3180684824881597,0.8996408754689008
mango_instrument,inst15038,15038,ASTM-G,0.2,3,14,0.0009107589721679688,3634,0.7182168409466153,3.6459523438025587,3.6459390739698243,5.182012206219708,1.0,1.5957554675789751,1.3180684824881597,0.8996408754689008
mango_instrument,inst15038,15038,GPR,0.05,3,14,18.890003204345703,3634,0.7138139790864062,3.959365664125644,3.9303372144674453,10.25827469111113,1.0,1.5957554675789751,1.3180684824881597,0.8996408754689008
mango_instrument,inst15038,15038,GPR,0.1,3,14,0.0004343986511230469,3634,0.5712713263621354,3.322804410914979,3.298442968010062,8.731217537235404,1.0,1.5957554675789751,1.3180684824881597,0.8996408754689008
mango_instrument,inst15038,15038,GPR,0.2,3,14,0.00014162063598632812,3634,0.3896532746285085,2.588890053821323,2.5699093708096763,7.202590650422017,1.0,1.5957554675789751,1.3180684824881597,0.8996408754689008
mango_instrument,inst15038,15038,BAG,0.05,3,14,15.861195802688599,3634,0.8769950467804073,4.591774744082693,4.589745418545603,7.14642806292995,1.0,1.5957554675789751,1.3180684824881597,0.8996408754689008
mango_instrument,inst15038,15038,BAG,0.1,3,14,0.0001437664031982422,3634,0.7526141992294991,3.853538841286926,3.8518357776101046,6.486872170975976,1.0,1.5957554675789751,1.3180684824881597,0.8996408754689008
mango_instrument,inst15038,15038,BAG,0.2,3,14,0.00013256072998046875,3634,0.5641166758392956,3.0024001248616177,3.001073220214611,5.7606058461181595,1.0,1.5957554675789751,1.3180684824881597,0.8996408754689008
mango_instrument,inst15038,15038,QGB,0.05,3,14,4.342314720153809,3634,0.7451843698403963,4.278291761580509,4.159939301981816,11.073727326307074,1.0,1.5957554675789751,1.3180684824881597,0.8996408754689008
mango_instrument,inst15038,15038,QGB,0.1,3,14,3.7410402297973633,3634,0.5954870665932857,3.308380721150002,3.231932689792968,9.299656050452203,1.0,1.5957554675789751,1.3180684824881597,0.8996408754689008
mango_instrument,inst15038,15038,QGB,0.2,3,14,4.024425745010376,3634,0.42294991744634014,2.490070947290432,2.4663896994368626,7.25452016182386,1.0,1.5957554675789751,1.3180684824881597,0.8996408754689008
mango_instrument,inst15038,15038,SCP,0.05,3,14,0.0003151893615722656,3634,0.8519537699504678,4.468488934065967,4.468488934065967,7.499002563194192,1.0,1.5957554675789751,1.3180684824881597,0.8996408754689008
mango_instrument,inst15038,15038,SCP,0.1,3,14,0.00026488304138183594,3634,0.7118877270225646,3.646403077980626,3.646403077980626,6.921775271532202,1.0,1.5957554675789751,1.3180684824881597,0.8996408754689008
mango_instrument,inst15038,15038,SCP,0.2,3,14,0.0002257823944091797,3634,0.5244909190974133,2.8185894802855387,2.8185894802855387,6.022000410058459,1.0,1.5957554675789751,1.3180684824881597,0.8996408754689008
mango_instrument,inst15038,15038,NCP-kNN,0.05,3,14,8.627593278884888,3634,0.6717116125481563,3.8065451038989915,3.5276304991476604,13.048395073374433,1.0,1.5957554675789751,1.3180684824881597,0.8996408754689008
mango_instrument,inst15038,15038,NCP-kNN,0.1,3,14,0.0003571510314941406,3634,0.5866813428728673,3.232307893336004,2.995469013486403,9.539337319526652,1.0,1.5957554675789751,1.3180684824881597,0.8996408754689008
mango_instrument,inst15038,15038,NCP-kNN,0.2,3,14,0.00027179718017578125,3634,0.4799119427627958,2.615960864960036,2.4242831964233034,6.965389914840835,1.0,1.5957554675789751,1.3180684824881597,0.8996408754689008
mango_instrument,inst15038,15038,CV+,0.05,3,14,0.17356276512145996,3634,0.8860759493670886,4.642101204228089,4.641656339882648,7.018248690398926,1.0,1.5957554675789751,1.3180684824881597,0.8996408754689008
mango_instrument,inst15038,15038,CV+,0.1,3,14,0.16278529167175293,3634,0.7462850853054486,3.7824655396569002,3.7821930914738857,6.520581405951618,1.0,1.5957554675789751,1.3180684824881597,0.8996408754689008
mango_instrument,inst15038,15038,CV+,0.2,3,14,0.18725919723510742,3634,0.5415520088057237,2.8789139724920596,2.878311678815299,5.836583154923889,1.0,1.5957554675789751,1.3180684824881597,0.8996408754689008
mango_instrument,inst15038,15038,CQR,0.05,3,14,0.00037384033203125,3634,0.8153549807374794,4.798990219434448,4.680637759835755,9.317736258171836,1.0,1.5957554675789751,1.3180684824881597,0.8996408754689008
mango_instrument,inst15038,15038,CQR,0.1,3,14,0.00041413307189941406,3634,0.6714364336818932,3.7077392992199023,3.631291267862869,8.232657286590646,1.0,1.5957554675789751,1.3180684824881597,0.8996408754689008
mango_instrument,inst15038,15038,CQR,0.2,3,14,0.00028204917907714844,3634,0.4799119427627958,2.7652908822685927,2.741609634415023,6.773076601419943,1.0,1.5957554675789751,1.3180684824881597,0.8996408754689008
mango_instrument,inst15038,15038,WCP,0.05,3,14,0.0395967960357666,3634,0.9647771051183269,inf,5.746660053636404,inf,0.8299394606494221,1.5957554675789751,1.3180684824881597,0.8996408754689008
mango_instrument,inst15038,15038,WCP,0.1,3,14,0.004785299301147461,3634,0.895432030820033,inf,4.5769408713660695,inf,0.9001100715465052,1.5957554675789751,1.3180684824881597,0.8996408754689008
mango_instrument,inst15038,15038,WCP,0.2,3,14,0.004135608673095703,3634,0.6851953769950467,inf,3.3266074424582683,inf,0.9543203082003302,1.5957554675789751,1.3180684824881597,0.8996408754689008
mango_instrument,inst15038,15038,R-U-A,0.05,3,14,0.0037298202514648438,3634,0.8858007705008255,4.641078297965634,4.641078297965635,6.999028705577321,1.0,1.5957554675789751,1.3180684824881597,0.8996408754689008
mango_instrument,inst15038,15038,R-U-A,0.1,3,14,0.003154754638671875,3634,0.74821133736929,3.7821430442343242,3.7821430442343242,6.493439863605296,1.0,1.5957554675789751,1.3180684824881597,0.8996408754689008
mango_instrument,inst15038,15038,R-U-A,0.2,3,14,0.0025482177734375,3634,0.5445789763346175,2.8776052251392343,2.8776052251392343,5.817369648690628,1.0,1.5957554675789751,1.3180684824881597,0.8996408754689008
mango_instrument,inst15038,15038,R-U-D,0.05,3,14,0.10359859466552734,3634,0.8973582828838745,4.782230013439683,4.781285733441117,6.676490807279912,1.0,1.5957554675789751,1.3180684824881597,0.8996408754689008
mango_instrument,inst15038,15038,R-U-D,0.1,3,14,0.004384756088256836,3634,0.7760044028618602,3.94414906728855,3.943370271399364,6.193449757267332,1.0,1.5957554675789751,1.3180684824881597,0.8996408754689008
mango_instrument,inst15038,15038,R-U-D,0.2,3,14,0.004372835159301758,3634,0.5729223995597138,3.0122924624293557,3.0116976672158016,5.636798378795098,1.0,1.5957554675789751,1.3180684824881597,0.8996408754689008
mango_instrument,inst15038,15038,G-U-A,0.05,3,14,0.0031778812408447266,3634,0.9603742432581178,5.661827824299794,5.661827824299795,6.544681618597222,1.0,1.5957554675789751,1.3180684824881597,0.8996408754689008
mango_instrument,inst15038,15038,G-U-A,0.1,3,14,0.0026214122772216797,3634,0.8659878921298845,4.479038727462235,4.479038727462235,5.857745457776208,1.0,1.5957554675789751,1.3180684824881597,0.8996408754689008
mango_instrument,inst15038,15038,G-U-A,0.2,3,14,0.002543926239013672,3634,0.6406164006604292,3.284863977361894,3.284863977361894,5.3949746937912835,1.0,1.5957554675789751,1.3180684824881597,0.8996408754689008
mango_instrument,inst15038,15038,G-W-A,0.05,3,14,0.011955022811889648,3634,0.9600990643918547,5.658060752926232,5.658060752926232,6.543918210885488,1.0,1.5957554675789751,1.3180684824881597,0.8996408754689008
mango_instrument,inst15038,15038,G-W-A,0.1,3,14,0.011403799057006836,3634,0.8841496973032471,4.609232962705209,4.60923296270521,5.824830296056673,1.0,1.5957554675789751,1.3180684824881597,0.8996408754689008
mango_instrument,inst15038,15038,G-W-A,0.2,3,14,0.012591361999511719,3634,0.6835443037974683,3.4621236652532987,3.462123665253298,5.273176651603175,1.0,1.5957554675789751,1.3180684824881597,0.8996408754689008
mango_instrument,inst15038,15038,G-U-D,0.05,3,14,0.10380029678344727,3634,0.9235002751788662,5.2078516676424815,5.230065663254905,6.49452338921447,1.0,1.5957554675789751,1.3180684824881597,0.8996408754689008
mango_instrument,inst15038,15038,G-U-D,0.1,3,14,0.005682229995727539,3634,0.8258117776554761,4.284062616728748,4.302336207115864,6.014764740997186,1.0,1.5957554675789751,1.3180684824881597,0.8996408754689008
mango_instrument,inst15038,15038,G-U-D,0.2,3,14,0.005166292190551758,3634,0.6166758392955421,3.202384680029353,3.2160443930494935,5.512527981817532,1.0,1.5957554675789751,1.3180684824881597,0.8996408754689008
mango_instrument,inst15038,15038,GC-D,0.05,3,14,0.01595783233642578,3634,0.9279031370390755,5.275477129281089,5.297979580057753,6.465153298152674,1.0,1.5957554675789751,1.3180684824881597,0.8996408754689008
mango_instrument,inst15038,15038,GC-D,0.1,3,14,0.015465974807739258,3634,0.8376444689047882,4.392160296835136,4.410894975890834,5.947204580276781,1.0,1.5957554675789751,1.3180684824881597,0.8996408754689008
mango_instrument,inst15038,15038,GC-D,0.2,3,14,0.013767719268798828,3634,0.647220693450743,3.366350335944015,3.3807094414571672,5.381828155758264,1.0,1.5957554675789751,1.3180684824881597,0.8996408754689008
mango_instrument,inst15038,15038,GC-D+,0.05,3,14,0.014599323272705078,3634,0.9799119427627958,6.350187802757544,6.377274412167901,6.653807837424692,1.0,1.5957554675789751,1.3180684824881597,0.8996408754689008
mango_instrument,inst15038,15038,GC-D+,0.1,3,14,0.015766620635986328,3634,0.8962575674188222,4.86731364525255,4.888075082186656,5.811068932918177,1.0,1.5957554675789751,1.3180684824881597,0.8996408754689008
mango_instrument,inst15038,15038,GC-D+,0.2,3,14,0.01420903205871582,3634,0.6995046780407265,3.6024151808691456,3.6177812166414682,5.24086760802961,1.0,1.5957554675789751,1.3180684824881597,0.8996408754689008
mango_instrument,inst15038,15038,HJ+,0.05,3,14,0.8305556774139404,3634,0.9898183819482663,7.162167155623633,7.149470473440708,7.47725006589507,1.0,1.5957554675789751,1.3180684824881597,0.8996408754689008
mango_instrument,inst15038,15038,HJ+,0.1,3,14,0.8888299465179443,3634,0.9287286736378646,5.224869273985785,5.219006864350654,5.950970517997724,1.0,1.5957554675789751,1.3180684824881597,0.8996408754689008
mango_instrument,inst15038,15038,HJ+,0.2,3,14,0.9579694271087646,3634,0.7107870115575123,3.756572071291483,3.7489817077221845,5.294812088794638,1.0,1.5957554675789751,1.3180684824881597,0.8996408754689008
mango_instrument,inst15038,15038,HJ+-D,0.05,3,14,0.6854925155639648,3634,0.9815630159603742,6.477683646999515,6.497121547821799,6.7662504948592685,1.0,1.5957554675789751,1.3180684824881597,0.8996408754689008
mango_instrument,inst15038,15038,HJ+-D,0.1,3,14,0.8891520500183105,3634,0.8915795266923501,4.951457975697415,4.967223814122973,5.887542901031154,1.0,1.5957554675789751,1.3180684824881597,0.8996408754689008
mango_instrument,inst15038,15038,HJ+-D,0.2,3,14,0.907029390335083,3634,0.6807925151348376,3.659623667679594,3.6693706822452477,5.364802645288914,1.0,1.5957554675789751,1.3180684824881597,0.8996408754689008
mango_instrument,inst15038,15038,HCP-D,0.05,3,14,0.9968903064727783,3634,1.0,inf,inf,inf,0.0,1.5957554675789751,1.3180684824881597,0.8996408754689008
mango_instrument,inst15038,15038,HCP-D,0.1,3,14,0.9930942058563232,3634,0.9975233902036323,7.19740417265805,6.992871478331227,7.2128704300297,1.0,1.5957554675789751,1.3180684824881597,0.8996408754689008
mango_instrument,inst15038,15038,HCP-D,0.2,3,14,0.9793744087219238,3634,0.9832140891579527,5.119254995882396,4.973778238966132,5.20694334775049,1.0,1.5957554675789751,1.3180684824881597,0.8996408754689008
mango_instrument,inst15038,15038,HCP-A,0.05,3,14,0.23528194427490234,3634,1.0,inf,inf,inf,0.0,1.5957554675789751,1.3180684824881597,0.8996408754689008
mango_instrument,inst15038,15038,HCP-A,0.1,3,14,0.22727751731872559,3634,0.9966978536048432,11.059083847078776,11.059083847078778,11.252404723429292,1.0,1.5957554675789751,1.3180684824881597,0.8996408754689008
mango_instrument,inst15038,15038,HCP-A,0.2,3,14,0.2241044044494629,3634,0.9898183819482663,5.6130798490177725,5.6130798490177725,5.8373408015253405,1.0,1.5957554675789751,1.3180684824881597,0.8996408754689008
mango_instrument,inst15038,15038,ORACLE,0.05,3,14,0.002447843551635742,3634,0.9493670886075949,5.491747562542254,5.698468874513081,6.594254834015373,1.0,1.5957554675789751,1.3180684824881597,0.8996408754689008
mango_instrument,inst15038,15038,ORACLE,0.1,3,14,0.0022194385528564453,3634,0.9047881122729774,4.819382757697362,4.930615107254729,5.826948284969556,1.0,1.5957554675789751,1.3180684824881597,0.8996408754689008
mango_instrument,inst15038,15038,ORACLE,0.2,3,14,0.0020089149475097656,3634,0.7985690698954321,4.069865055130258,4.123574927651177,5.102967711216093,1.0,1.5957554675789751,1.3180684824881597,0.8996408754689008
mango_instrument,inst16032,16032,ASTM-R,0.05,3,12,4.311354637145996,828,0.3538647342995169,4.331849768110456,4.331835719947485,26.98957839745352,1.0,2.6603484637591914,-2.4537270990424105,1.0285693926397448
mango_instrument,inst16032,16032,ASTM-R,0.1,3,12,0.0009701251983642578,828,0.25120772946859904,3.6353899174864837,3.6353781279386572,19.854934446560755,1.0,2.6603484637591914,-2.4537270990424105,1.0285693926397448
mango_instrument,inst16032,16032,ASTM-R,0.2,3,12,0.0007069110870361328,828,0.16183574879227053,2.832424698174838,2.8324155126384287,14.144144775429417,1.0,2.6603484637591914,-2.4537270990424105,1.0285693926397448
mango_instrument,inst16032,16032,ASTM-G,0.05,3,12,0.0012857913970947266,828,0.5205314009661836,5.05537562859452,5.055359234041496,19.453990734527153,1.0,2.6603484637591914,-2.4537270990424105,1.0285693926397448
mango_instrument,inst16032,16032,ASTM-G,0.1,3,12,0.0011622905731201172,828,0.3357487922705314,4.242589787991646,4.242576029298259,16.155208342209868,1.0,2.6603484637591914,-2.4537270990424105,1.0285693926397448
mango_instrument,inst16032,16032,ASTM-G,0.2,3,12,0.0009260177612304688,828,0.20893719806763286,3.305509552615017,3.3054988328672454,12.69008797252393,1.0,2.6603484637591914,-2.4537270990424105,1.0285693926397448
mango_instrument,inst16032,16032,GPR,0.05,3,12,13.917913436889648,828,0.3272946859903382,4.441187742744939,4.3683222761831075,31.73677076786161,1.0,2.6603484637591914,-2.4537270990424105,1.0285693926397448
mango_instrument,inst16032,16032,GPR,0.1,3,12,0.0001220703125,828,0.2318840579710145,3.727162245963783,3.6660116187588336,22.455095195798695,1.0,2.6603484637591914,-2.4537270990424105,1.0285693926397448
mango_instrument,inst16032,16032,GPR,0.2,3,12,8.726119995117188e-05,828,0.15579710144927536,2.9039365771447683,2.8562924094544275,15.559640481718956,1.0,2.6603484637591914,-2.4537270990424105,1.0285693926397448
mango_instrument,inst16032,16032,BAG,0.05,3,12,17.704209804534912,828,0.36835748792270534,4.33782835187532,4.337255153183049,25.83954040985978,1.0,2.6603484637591914,-2.4537270990424105,1.0285693926397448
mango_instrument,inst16032,16032,BAG,0.1,3,12,0.00015234947204589844,828,0.2584541062801932,3.640420310758641,3.6399392672520334,19.19236178874831,1.0,2.6603484637591914,-2.4537270990424105,1.0285693926397448
mango_instrument,inst16032,16032,BAG,0.2,3,12,0.00011563301086425781,828,0.17028985507246377,2.83635350407428,2.835978709594766,13.780393209132667,1.0,2.6603484637591914,-2.4537270990424105,1.0285693926397448
mango_instrument,inst16032,16032,QGB,0.05,3,12,4.956186532974243,828,0.46859903381642515,4.318074283958836,4.2585236969793945,28.48317263354403,1.0,2.6603484637591914,-2.4537270990424105,1.0285693926397448
mango_instrument,inst16032,16032,QGB,0.1,3,12,4.109690427780151,828,0.3103864734299517,3.3020048581808865,3.2000914803853036,22.313605254914105,1.0,2.6603484637591914,-2.4537270990424105,1.0285693926397448
mango_instrument,inst16032,16032,QGB,0.2,3,12,4.523768901824951,828,0.178743961352657,2.324858153035833,2.2440962946133105,16.573853882610724,1.0,2.6603484637591914,-2.4537270990424105,1.0285693926397448
mango_instrument,inst16032,16032,SCP,0.05,3,12,0.0006186962127685547,828,0.3321256038647343,4.2954756490693455,4.2954756490693455,28.238623298898464,1.0,2.6603484637591914,-2.4537270990424105,1.0285693926397448
mango_instrument,inst16032,16032,SCP,0.1,3,12,0.00029921531677246094,828,0.2222222222222222,3.509774929975499,3.5097749299754994,21.166402975137096,1.0,2.6603484637591914,-2.4537270990424105,1.0285693926397448
mango_instrument,inst16032,16032,SCP,0.2,3,12,0.0002448558807373047,828,0.14009661835748793,2.6834345917996028,2.683434591799603,14.8954544392746,1.0,2.6603484637591914,-2.4537270990424105,1.0285693926397448
mango_instrument,inst16032,16032,NCP-kNN,0.05,3,12,6.422501087188721,828,0.17995169082125603,3.086839784679418,3.003493587351226,45.13598727207969,1.0,2.6603484637591914,-2.4537270990424105,1.0285693926397448
mango_instrument,inst16032,16032,NCP-kNN,0.1,3,12,0.00033664703369140625,828,0.11594202898550725,2.570505757184934,2.501100833374208,27.978051427002704,1.0,2.6603484637591914,-2.4537270990424105,1.0285693926397448
mango_instrument,inst16032,16032,NCP-kNN,0.2,3,12,0.00029969215393066406,828,0.0821256038647343,2.047299368877959,1.992021275717672,17.099844941995105,1.0,2.6603484637591914,-2.4537270990424105,1.0285693926397448
mango_instrument,inst16032,16032,CV+,0.05,3,12,0.04563617706298828,828,0.3647342995169082,4.362026727355263,4.361887958104917,26.155175118234524,1.0,2.6603484637591914,-2.4537270990424105,1.0285693926397448
mango_instrument,inst16032,16032,CV+,0.1,3,12,0.04552865028381348,828,0.24516908212560387,3.5780413829135758,3.5773307731559605,19.965627142653606,1.0,2.6603484637591914,-2.4537270990424105,1.0285693926397448
mango_instrument,inst16032,16032,CV+,0.2,3,12,0.0468752384185791,828,0.1570048309178744,2.739616925360337,2.7394081343860854,14.301349819999471,1.0,2.6603484637591914,-2.4537270990424105,1.0285693926397448
mango_instrument,inst16032,16032,CQR,0.05,3,12,0.0004127025604248047,828,0.5084541062801933,4.6557526278361685,4.596202040856727,25.379884055709415,1.0,2.6603484637591914,-2.4537270990424105,1.0285693926397448
mango_instrument,inst16032,16032,CQR,0.1,3,12,0.0003387928009033203,828,0.3393719806763285,3.5857486048586997,3.4838352270631177,20.685552941158132,1.0,2.6603484637591914,-2.4537270990424105,1.0285693926397448
mango_instrument,inst16032,16032,CQR,0.2,3,12,0.00036787986755371094,828,0.1956521739130435,2.5034481556398935,2.4226862972173713,16.027286821831087,1.0,2.6603484637591914,-2.4537270990424105,1.0285693926397448
mango_instrument,inst16032,16032,WCP,0.05,3,12,0.026475191116333008,828,0.9927536231884058,inf,inf,inf,0.010869565217391304,2.6603484637591914,-2.4537270990424105,1.0285693926397448
mango_instrument,inst16032,16032,WCP,0.1,3,12,0.004475831985473633,828,0.9879227053140096,inf,inf,inf,0.016908212560386472,2.6603484637591914,-2.4537270990424105,1.0285693926397448
mango_instrument,inst16032,16032,WCP,0.2,3,12,0.004155158996582031,828,0.9782608695652174,inf,inf,inf,0.035024154589371984,2.6603484637591914,-2.4537270990424105,1.0285693926397448
mango_instrument,inst16032,16032,R-U-A,0.05,3,12,0.0039484500885009766,828,0.36231884057971014,4.359286164504162,4.359286164504162,26.664814693950554,1.0,2.6603484637591914,-2.4537270990424105,1.0285693926397448
mango_instrument,inst16032,16032,R-U-A,0.1,3,12,0.00328826904296875,828,0.24033816425120774,3.5742158536274293,3.574215853627429,20.255700616096135,1.0,2.6603484637591914,-2.4537270990424105,1.0285693926397448
mango_instrument,inst16032,16032,R-U-A,0.2,3,12,0.003023862838745117,828,0.1497584541062802,2.736527909541173,2.7365279095411736,14.452534265986573,1.0,2.6603484637591914,-2.4537270990424105,1.0285693926397448
mango_instrument,inst16032,16032,R-U-D,0.05,3,12,0.10983943939208984,828,0.43719806763285024,4.741296255189762,4.740564337030011,22.52728040285212,1.0,2.6603484637591914,-2.4537270990424105,1.0285693926397448
mango_instrument,inst16032,16032,R-U-D,0.1,3,12,0.005018949508666992,828,0.2886473429951691,3.9016271571797616,3.9010248594925443,18.196384633133754,1.0,2.6603484637591914,-2.4537270990424105,1.0285693926397448
mango_instrument,inst16032,16032,R-U-D,0.2,3,12,0.004910707473754883,828,0.17391304347826086,2.9989940372147035,2.9985310798126186,13.628029671580576,1.0,2.6603484637591914,-2.4537270990424105,1.0285693926397448
mango_instrument,inst16032,16032,G-U-A,0.05,3,12,0.0036766529083251953,828,0.5205314009661836,5.056340686546705,5.056340686546704,19.445771525810027,1.0,2.6603484637591914,-2.4537270990424105,1.0285693926397448
mango_instrument,inst16032,16032,G-U-A,0.1,3,12,0.0031032562255859375,828,0.3272946859903382,4.180815839669177,4.180815839669176,16.506292037922453,1.0,2.6603484637591914,-2.4537270990424105,1.0285693926397448
mango_instrument,inst16032,16032,G-U-A,0.2,3,12,0.002888202667236328,828,0.20652173913043478,3.2301490916233817,3.2301490916233817,12.91338221742853,1.0,2.6603484637591914,-2.4537270990424105,1.0285693926397448
mango_instrument,inst16032,16032,G-W-A,0.05,3,12,0.013660907745361328,828,0.5,4.982527168404031,4.9825271684040295,20.094814938886284,1.0,2.6603484637591914,-2.4537270990424105,1.0285693926397448
mango_instrument,inst16032,16032,G-W-A,0.1,3,12,0.013584136962890625,828,0.32608695652173914,4.178950737090344,4.178950737090343,16.516978166874097,1.0,2.6603484637591914,-2.4537270990424105,1.0285693926397448
mango_instrument,inst16032,16032,G-W-A,0.2,3,12,0.013700723648071289,828,0.20652173913043478,3.2646283884042226,3.2646283884042226,12.811068651981033,1.0,2.6603484637591914,-2.4537270990424105,1.0285693926397448
mango_instrument,inst16032,16032,G-U-D,0.05,3,12,0.10669207572937012,828,0.5760869565217391,5.279561853570115,5.269109104219202,18.1987822272526,1.0,2.6603484637591914,-2.4537270990424105,1.0285693926397448
mango_instrument,inst16032,16032,G-U-D,0.1,3,12,0.005078315734863281,828,0.3671497584541063,4.388664186404779,4.379975282287708,15.52610840755129,1.0,2.6603484637591914,-2.4537270990424105,1.0285693926397448
mango_instrument,inst16032,16032,G-U-D,0.2,3,12,0.004843950271606445,828,0.2222222222222222,3.4252661403471567,3.418484621460127,12.394578319121186,1.0,2.6603484637591914,-2.4537270990424105,1.0285693926397448
mango_instrument,inst16032,16032,GC-D,0.05,3,12,0.015766382217407227,828,0.5579710144927537,5.184982957280547,5.174717460115369,18.90907212917469,1.0,2.6603484637591914,-2.4537270990424105,1.0285693926397448
mango_instrument,inst16032,16032,GC-D,0.1,3,12,0.015375137329101562,828,0.35628019323671495,4.32771140088937,4.319143174246472,15.851277094138785,1.0,2.6603484637591914,-2.4537270990424105,1.0285693926397448
mango_instrument,inst16032,16032,GC-D,0.2,3,12,0.015928983688354492,828,0.21980676328502416,3.406515156893067,3.399770762171938,12.448533966305511,1.0,2.6603484637591914,-2.4537270990424105,1.0285693926397448
mango_instrument,inst16032,16032,GC-D+,0.05,3,12,0.01567816734313965,828,0.7705314009661836,6.32575806903716,6.3132340063622525,12.48200431926419,1.0,2.6603484637591914,-2.4537270990424105,1.0285693926397448
mango_instrument,inst16032,16032,GC-D+,0.1,3,12,0.01544499397277832,828,0.4468599033816425,4.772897838248928,4.763448208494708,13.641469356717142,1.0,2.6603484637591914,-2.4537270990424105,1.0285693926397448
mango_instrument,inst16032,16032,GC-D+,0.2,3,12,0.015553951263427734,828,0.24396135265700483,3.612895379961569,3.6057423830112096,11.863881568597492,1.0,2.6603484637591914,-2.4537270990424105,1.0285693926397448
mango_instrument,inst16032,16032,HJ+,0.05,3,12,0.3007090091705322,828,0.7729468599033816,6.27375449768728,6.2637009095600895,12.08252666700602,1.0,2.6603484637591914,-2.4537270990424105,1.0285693926397448
mango_instrument,inst16032,16032,HJ+,0.1,3,12,0.31574201583862305,828,0.45169082125603865,4.709688243464678,4.700592616940725,13.169722205106805,1.0,2.6603484637591914,-2.4537270990424105,1.0285693926397448
mango_instrument,inst16032,16032,HJ+,0.2,3,12,0.3557889461517334,828,0.25,3.5272806441207605,3.5210365499439655,11.499737833813573,1.0,2.6603484637591914,-2.4537270990424105,1.0285693926397448
mango_instrument,inst16032,16032,HJ+-D,0.05,3,12,0.28990840911865234,828,0.8091787439613527,6.534406913534286,6.511937413566207,11.472996732135822,1.0,2.6603484637591914,-2.4537270990424105,1.0285693926397448
mango_instrument,inst16032,16032,HJ+-D,0.1,3,12,0.3235483169555664,828,0.5205314009661836,4.961578294080676,4.940260109300249,12.31913579974598,1.0,2.6603484637591914,-2.4537270990424105,1.0285693926397448
mango_instrument,inst16032,16032,HJ+-D,0.2,3,12,0.34554147720336914,828,0.28019323671497587,3.7478660324530404,3.7321555818850776,10.9859727657524,1.0,2.6603484637591914,-2.4537270990424105,1.0285693926397448
mango_instrument,inst16032,16032,HCP-D,0.05,3,12,0.9812133312225342,828,1.0,inf,inf,inf,0.0,2.6603484637591914,-2.4537270990424105,1.0285693926397448
mango_instrument,inst16032,16032,HCP-D,0.1,3,12,0.9457018375396729,828,0.08333333333333333,9.488357149044859,9.365798815342345,43.6519108907372,1.0,2.6603484637591914,-2.4537270990424105,1.0285693926397448
mango_instrument,inst16032,16032,HCP-D,0.2,3,12,0.8829092979431152,828,0.0,6.557632331479164,6.4729293129317735,37.79917336277241,1.0,2.6603484637591914,-2.4537270990424105,1.0285693926397448
mango_instrument,inst16032,16032,HCP-A,0.05,3,12,0.24753522872924805,828,1.0,inf,inf,inf,0.0,2.6603484637591914,-2.4537270990424105,1.0285693926397448
mango_instrument,inst16032,16032,HCP-A,0.1,3,12,0.2522916793823242,828,0.004830917874396135,6.971202357795973,6.9712023577959705,65.33449421548389,1.0,2.6603484637591914,-2.4537270990424105,1.0285693926397448
mango_instrument,inst16032,16032,HCP-A,0.2,3,12,0.2708566188812256,828,0.0,4.088267032849387,4.088267032849387,47.67663455729153,1.0,2.6603484637591914,-2.4537270990424105,1.0285693926397448
mango_instrument,inst16032,16032,ORACLE,0.05,3,12,0.0007219314575195312,828,0.9565217391304348,8.414952203868154,8.414952203868154,9.380960599004911,1.0,2.6603484637591914,-2.4537270990424105,1.0285693926397448
mango_instrument,inst16032,16032,ORACLE,0.1,3,12,0.0005247592926025391,828,0.8997584541062802,7.45052398577771,7.450523985777709,8.611732521191923,1.0,2.6603484637591914,-2.4537270990424105,1.0285693926397448
mango_instrument,inst16032,16032,ORACLE,0.2,3,12,0.0005340576171875,828,0.7995169082125604,6.446274518783481,6.446274518783481,7.72835924818798,1.0,2.6603484637591914,-2.4537270990424105,1.0285693926397448
mango_instrument,inst16033,16033,ASTM-R,0.05,3,13,3.684464931488037,1504,0.9913563829787234,4.617301157978327,4.617278116147369,4.65953410148554,1.0,0.9468008252621365,0.44025347072342474,0.8384963655740165
mango_instrument,inst16033,16033,ASTM-R,0.1,3,13,0.0009953975677490234,1504,0.964095744680851,3.8749467754941676,3.874927438252451,4.052773394162719,1.0,0.9468008252621365,0.44025347072342474,0.8384963655740165
mango_instrument,inst16033,16033,ASTM-R,0.2,3,13,0.0007116794586181641,1504,0.9009308510638298,3.019069067103502,3.0190540009692555,3.3668230298595647,1.0,0.9468008252621365,0.44025347072342474,0.8384963655740165
mango_instrument,inst16033,16033,ASTM-G,0.05,3,13,0.00142669677734375,1504,1.0,5.897819061513005,5.897789629482214,5.897819061513005,1.0,0.9468008252621365,0.44025347072342474,0.8384963655740165
mango_instrument,inst16033,16033,ASTM-G,0.1,3,13,0.0012199878692626953,1504,0.9980053191489362,4.949587253014335,4.949562552967943,4.953496252753911,1.0,0.9468008252621365,0.44025347072342474,0.8384963655740165
mango_instrument,inst16033,16033,ASTM-G,0.2,3,13,0.0009629726409912109,1504,0.9634308510638298,3.856348651033971,3.8563294066029288,3.9486503383455296,1.0,0.9468008252621365,0.44025347072342474,0.8384963655740165
mango_instrument,inst16033,16033,GPR,0.05,3,13,18.702139854431152,1504,0.9700797872340425,4.106323647827446,4.05469816515394,4.519654460590045,1.0,0.9468008252621365,0.44025347072342474,0.8384963655740165
mango_instrument,inst16033,16033,GPR,0.1,3,13,0.0001685619354248047,1504,0.9222074468085106,3.446135438631853,3.4028099678127726,3.9708783316038767,1.0,0.9468008252621365,0.44025347072342474,0.8384963655740165
mango_instrument,inst16033,16033,GPR,0.2,3,13,0.00011110305786132812,1504,0.8264627659574468,2.6849807144497215,2.651224625733761,3.383685875522417,1.0,0.9468008252621365,0.44025347072342474,0.8384963655740165
mango_instrument,inst16033,16033,BAG,0.05,3,13,17.50943088531494,1504,0.9913563829787234,4.624838589151933,4.624322299814413,4.665562213652202,1.0,0.9468008252621365,0.44025347072342474,0.8384963655740165
mango_instrument,inst16033,16033,BAG,0.1,3,13,0.00015234947204589844,1504,0.964095744680851,3.881286894777747,3.8808536111071934,4.053593700632186,1.0,0.9468008252621365,0.44025347072342474,0.8384963655740165
mango_instrument,inst16033,16033,BAG,0.2,3,13,0.0001723766326904297,1504,0.9009308510638298,3.024019411106488,3.023681827653938,3.364463657505999,1.0,0.9468008252621365,0.44025347072342474,0.8384963655740165
mango_instrument,inst16033,16033,QGB,0.05,3,13,4.864610433578491,1504,0.9228723404255319,4.467779485558663,4.6657583641138185,5.851814090260076,1.0,0.9468008252621365,0.44025347072342474,0.8384963655740165
mango_instrument,inst16033,16033,QGB,0.1,3,13,4.255143642425537,1504,0.8497340425531915,3.4378390609667475,3.593074505032484,4.926826107692575,1.0,0.9468008252621365,0.44025347072342474,0.8384963655740165
mango_instrument,inst16033,16033,QGB,0.2,3,13,4.416154861450195,1504,0.738031914893617,2.501432983411509,2.5731887840649232,3.8796968953205933,1.0,0.9468008252621365,0.44025347072342474,0.8384963655740165
mango_instrument,inst16033,16033,SCP,0.05,3,13,0.0015110969543457031,1504,0.9920212765957447,4.688586619181411,4.688586619181411,4.727052050785131,1.0,0.9468008252621365,0.44025347072342474,0.8384963655740165
mango_instrument,inst16033,16033,SCP,0.1,3,13,0.0009367465972900391,1504,0.9581117021276596,3.8082352451057417,3.8082352451057417,4.038824676898928,1.0,0.9468008252621365,0.44025347072342474,0.8384963655740165
mango_instrument,inst16033,16033,SCP,0.2,3,13,0.00025725364685058594,1504,0.8730053191489362,2.885383936986997,2.8853839369869974,3.3489923929029497,1.0,0.9468008252621365,0.44025347072342474,0.8384963655740165
mango_instrument,inst16033,16033,NCP-kNN,0.05,3,13,6.719383955001831,1504,0.9228723404255319,4.500551015577278,4.367402194979226,5.663820627928373,1.0,0.9468008252621365,0.44025347072342474,0.8384963655740165
mango_instrument,inst16033,16033,NCP-kNN,0.1,3,13,0.0003008842468261719,1504,0.8776595744680851,3.7354718927408057,3.6249579411881854,4.768927478600544,1.0,0.9468008252621365,0.44025347072342474,0.8384963655740165
mango_instrument,inst16033,16033,NCP-kNN,0.2,3,13,0.0002646446228027344,1504,0.8071808510638298,3.000109305947649,2.9113510595974663,3.8914946151883636,1.0,0.9468008252621365,0.44025347072342474,0.8384963655740165
mango_instrument,inst16033,16033,CV+,0.05,3,13,0.07012796401977539,1504,0.9920212765957447,4.6630744511077955,4.662889692951899,4.697660746434164,1.0,0.9468008252621365,0.44025347072342474,0.8384963655740165
mango_instrument,inst16033,16033,CV+,0.1,3,13,0.0672149658203125,1504,0.961436170212766,3.818067272590348,3.8179744469913937,4.018173171473728,1.0,0.9468008252621365,0.44025347072342474,0.8384963655740165
mango_instrument,inst16033,16033,CV+,0.2,3,13,0.07286858558654785,1504,0.8896276595744681,2.915470648929,2.915430776926553,3.31754287822783,1.0,0.9468008252621365,0.44025347072342474,0.8384963655740165
mango_instrument,inst16033,16033,CQR,0.05,3,13,0.00039386749267578125,1504,0.9527925531914894,4.993794585980809,5.1917734645359666,5.737390357715447,1.0,0.9468008252621365,0.44025347072342474,0.8384963655740165
mango_instrument,inst16033,16033,CQR,0.1,3,13,0.0003020763397216797,1504,0.8882978723404256,3.826283030794186,3.9815184748599206,4.811369313926706,1.0,0.9468008252621365,0.44025347072342474,0.8384963655740165
mango_instrument,inst16033,16033,CQR,0.2,3,13,0.0003018379211425781,1504,0.7852393617021277,2.755144825310521,2.826900625963935,3.8288303944435382,1.0,0.9468008252621365,0.44025347072342474,0.8384963655740165
mango_instrument,inst16033,16033,WCP,0.05,3,13,0.0280301570892334,1504,0.9414893617021277,inf,3.4597958885090847,inf,0.9920212765957447,0.9468008252621365,0.44025347072342474,0.8384963655740165
mango_instrument,inst16033,16033,WCP,0.1,3,13,0.0042836666107177734,1504,0.901595744680851,inf,3.07234299530462,inf,0.9973404255319149,0.9468008252621365,0.44025347072342474,0.8384963655740165
mango_instrument,inst16033,16033,WCP,0.2,3,13,0.004086732864379883,1504,0.7180851063829787,2.172721583025756,2.1619573497690787,3.3417492124704036,1.0,0.9468008252621365,0.44025347072342474,0.8384963655740165
mango_instrument,inst16033,16033,R-U-A,0.05,3,13,0.0034253597259521484,1504,0.9920212765957447,4.663917377605208,4.663917377605209,4.698200112055936,1.0,0.9468008252621365,0.44025347072342474,0.8384963655740165
mango_instrument,inst16033,16033,R-U-A,0.1,3,13,0.0030710697174072266,1504,0.961436170212766,3.8185205905092516,3.8185205905092516,4.0170869290693645,1.0,0.9468008252621365,0.44025347072342474,0.8384963655740165
mango_instrument,inst16033,16033,R-U-A,0.2,3,13,0.0029649734497070312,1504,0.8896276595744681,2.9141299922874886,2.9141299922874886,3.316132103426248,1.0,0.9468008252621365,0.44025347072342474,0.8384963655740165
mango_instrument,inst16033,16033,R-U-D,0.05,3,13,0.12805986404418945,1504,0.9920212765957447,4.650260209924493,4.6447827993215896,4.692333289644891,1.0,0.9468008252621365,0.44025347072342474,0.8384963655740165
mango_instrument,inst16033,16033,R-U-D,0.1,3,13,0.004887104034423828,1504,0.9581117021276596,3.8518647854182375,3.8473277823121386,4.048132748737186,1.0,0.9468008252621365,0.44025347072342474,0.8384963655740165
mango_instrument,inst16033,16033,R-U-D,0.2,3,13,0.004541635513305664,1504,0.8876329787234043,2.9503616231820877,2.9468864752747237,3.3563164003990904,1.0,0.9468008252621365,0.44025347072342474,0.8384963655740165
mango_instrument,inst16033,16033,G-U-A,0.05,3,13,0.0035414695739746094,1504,1.0,5.385893664465458,5.38589366446546,5.385893664465458,1.0,0.9468008252621365,0.44025347072342474,0.8384963655740165
mango_instrument,inst16033,16033,G-U-A,0.1,3,13,0.002904653549194336,1504,0.9873670212765957,4.385512370997875,4.385512370997876,4.431384263557428,1.0,0.9468008252621365,0.44025347072342474,0.8384963655740165
mango_instrument,inst16033,16033,G-U-A,0.2,3,13,0.002831697463989258,1504,0.9295212765957447,3.289182586253006,3.2891825862530055,3.523838890347364,1.0,0.9468008252621365,0.44025347072342474,0.8384963655740165
mango_instrument,inst16033,16033,G-W-A,0.05,3,13,0.014519214630126953,1504,1.0,5.805511093319698,5.805511093319698,5.805511093319698,1.0,0.9468008252621365,0.44025347072342474,0.8384963655740165
mango_instrument,inst16033,16033,G-W-A,0.1,3,13,0.013069629669189453,1504,0.995345744680851,4.740454667530411,4.740454667530411,4.752789755419093,1.0,0.9468008252621365,0.44025347072342474,0.8384963655740165
mango_instrument,inst16033,16033,G-W-A,0.2,3,13,0.013050317764282227,1504,0.9514627659574468,3.6122086136520157,3.6122086136520153,3.7545063269192402,1.0,0.9468008252621365,0.44025347072342474,0.8384963655740165
mango_instrument,inst16033,16033,G-U-D,0.05,3,13,0.10172247886657715,1504,0.9913563829787234,4.807428806473821,4.8572781262673095,4.869110422812396,1.0,0.9468008252621365,0.44025347072342474,0.8384963655740165
mango_instrument,inst16033,16033,G-U-D,0.1,3,13,0.004774332046508789,1504,0.9621010638297872,3.9559043732778276,3.9969240430668904,4.15065339542783,1.0,0.9468008252621365,0.44025347072342474,0.8384963655740165
mango_instrument,inst16033,16033,G-U-D,0.2,3,13,0.004429817199707031,1504,0.8889627659574468,3.0090972481566713,3.0402992600951695,3.4177652190605756,1.0,0.9468008252621365,0.44025347072342474,0.8384963655740165
mango_instrument,inst16033,16033,GC-D,0.05,3,13,0.015112161636352539,1504,0.995345744680851,5.108884517658212,5.16185970010206,5.13585003302671,1.0,0.9468008252621365,0.44025347072342474,0.8384963655740165
mango_instrument,inst16033,16033,GC-D,0.1,3,13,0.015173912048339844,1504,0.9740691489361702,4.2473904679277785,4.291432623151883,4.353869711053488,1.0,0.9468008252621365,0.44025347072342474,0.8384963655740165
mango_instrument,inst16033,16033,GC-D,0.2,3,13,0.01619100570678711,1504,0.9162234042553191,3.2837526339784784,3.317802609914363,3.565415292713143,1.0,0.9468008252621365,0.44025347072342474,0.8384963655740165
mango_instrument,inst16033,16033,GC-D+,0.05,3,13,0.014902591705322266,1504,1.0,6.175682228144681,6.239719278036963,6.175682228144681,1.0,0.9468008252621365,0.44025347072342474,0.8384963655740165
mango_instrument,inst16033,16033,GC-D+,0.1,3,13,0.015034198760986328,1504,0.9906914893617021,4.738321460578614,4.787454190626466,4.774590062954911,1.0,0.9468008252621365,0.44025347072342474,0.8384963655740165
mango_instrument,inst16033,16033,GC-D+,0.2,3,13,0.014953136444091797,1504,0.9381648936170213,3.5052563486320683,3.541603146830269,3.7099730660140553,1.0,0.9468008252621365,0.44025347072342474,0.8384963655740165
mango_instrument,inst16033,16033,HJ+,0.05,3,13,0.4425783157348633,1504,1.0,8.015114605926836,8.010548542295133,8.015114605926836,1.0,0.9468008252621365,0.44025347072342474,0.8384963655740165
mango_instrument,inst16033,16033,HJ+,0.1,3,13,0.4396069049835205,1504,1.0,5.371156340593792,5.36832188329381,5.371156340593792,1.0,0.9468008252621365,0.44025347072342474,0.8384963655740165
mango_instrument,inst16033,16033,HJ+,0.2,3,13,0.465116024017334,1504,0.9674202127659575,3.914291820500217,3.9117881711806355,3.990644672160458,1.0,0.9468008252621365,0.44025347072342474,0.8384963655740165
mango_instrument,inst16033,16033,HJ+-D,0.05,3,13,0.3766355514526367,1504,1.0,6.425864463324434,6.4448538917424445,6.425864463324434,1.0,0.9468008252621365,0.44025347072342474,0.8384963655740165
mango_instrument,inst16033,16033,HJ+-D,0.1,3,13,0.44699954986572266,1504,0.9940159574468085,4.8553389157427755,4.874050748147887,4.8758971441232415,1.0,0.9468008252621365,0.44025347072342474,0.8384963655740165
mango_instrument,inst16033,16033,HJ+-D,0.2,3,13,0.4819011688232422,1504,0.9461436170212766,3.5903417697418285,3.606033474618174,3.7530360999805654,1.0,0.9468008252621365,0.44025347072342474,0.8384963655740165
mango_instrument,inst16033,16033,HCP-D,0.05,3,13,0.8469321727752686,1504,1.0,inf,inf,inf,0.0,0.9468008252621365,0.44025347072342474,0.8384963655740165
mango_instrument,inst16033,16033,HCP-D,0.1,3,13,0.8389914035797119,1504,1.0,6.450238091414707,6.441009538995321,6.450238091414707,1.0,0.9468008252621365,0.44025347072342474,0.8384963655740165
mango_instrument,inst16033,16033,HCP-D,0.2,3,13,0.88332200050354,1504,0.9827127659574468,4.30098606826829,4.294832516287178,4.343004220719483,1.0,0.9468008252621365,0.44025347072342474,0.8384963655740165
mango_instrument,inst16033,16033,HCP-A,0.05,3,13,0.23696660995483398,1504,1.0,inf,inf,inf,0.0,0.9468008252621365,0.44025347072342474,0.8384963655740165
mango_instrument,inst16033,16033,HCP-A,0.1,3,13,0.24312162399291992,1504,0.9993351063829787,5.919393625664582,5.919393625664583,5.920067743737914,1.0,0.9468008252621365,0.44025347072342474,0.8384963655740165
mango_instrument,inst16033,16033,HCP-A,0.2,3,13,0.2670762538909912,1504,0.9694148936170213,4.132753690970802,4.132753690970802,4.227939896222907,1.0,0.9468008252621365,0.44025347072342474,0.8384963655740165
mango_instrument,inst16033,16033,ORACLE,0.05,3,13,0.0012161731719970703,1504,0.9514627659574468,3.570178188068942,3.397966275331548,4.229594235688663,1.0,0.9468008252621365,0.44025347072342474,0.8384963655740165
mango_instrument,inst16033,16033,ORACLE,0.1,3,13,0.0010433197021484375,1504,0.9042553191489362,3.0181026569989204,2.930147159568884,3.726044259636408,1.0,0.9468008252621365,0.44025347072342474,0.8384963655740165
mango_instrument,inst16033,16033,ORACLE,0.2,3,13,0.0009136199951171875,1504,0.7998670212765957,2.4561334187804515,2.3330871510975246,3.2312302107502107,1.0,0.9468008252621365,0.44025347072342474,0.8384963655740165
mango_instrument,inst16041,16041,ASTM-R,0.05,3,13,2.8879435062408447,4672,0.9790239726027398,4.435776665296303,4.43568229427344,4.799936509664293,1.0,0.9572814218953773,-0.2289000273623373,0.9296114605961896
mango_instrument,inst16041,16041,ASTM-R,0.1,3,13,0.0008008480072021484,4672,0.9501284246575342,3.722602470288088,3.7225232720260166,4.143356684273805,1.0,0.9572814218953773,-0.2289000273623373,0.9296114605961896
mango_instrument,inst16041,16041,ASTM-R,0.2,3,13,0.0006346702575683594,4672,0.8769263698630136,2.9003703234407876,2.900308618144342,3.457080805283054,1.0,0.9572814218953773,-0.2289000273623373,0.9296114605961896
mango_instrument,inst16041,16041,ASTM-G,0.05,3,13,0.001046895980834961,4672,0.9970034246575342,5.969066869985857,5.968939878257336,6.0426096541272525,1.0,0.9572814218953773,-0.2289000273623373,0.9296114605961896
mango_instrument,inst16041,16041,ASTM-G,0.1,3,13,0.0008831024169921875,4672,0.9888698630136986,5.009373724643966,5.0092671503599195,5.100823464177609,1.0,0.9572814218953773,-0.2289000273623373,0.9296114605961896
mango_instrument,inst16041,16041,ASTM-G,0.2,3,13,0.0007805824279785156,4672,0.9601883561643836,3.9029251728984677,3.902842138276008,4.072699209187616,1.0,0.9572814218953773,-0.2289000273623373,0.9296114605961896
mango_instrument,inst16041,16041,GPR,0.05,3,13,11.554640293121338,4672,0.6637414383561644,4.536822384611268,4.321624597575383,14.880563220897791,1.0,0.9572814218953773,-0.2289000273623373,0.9296114605961896
mango_instrument,inst16041,16041,GPR,0.1,3,13,0.0001773834228515625,4672,0.557791095890411,3.8074213674460338,3.626821691477512,11.859779385637385,1.0,0.9572814218953773,-0.2289000273623373,0.9296114605961896
mango_instrument,inst16041,16041,GPR,0.2,3,13,0.00012946128845214844,4672,0.4353595890410959,2.966468708332297,2.8257584386268633,9.125514764767638,1.0,0.9572814218953773,-0.2289000273623373,0.9296114605961896
mango_instrument,inst16041,16041,BAG,0.05,3,13,11.948999166488647,4672,0.9800941780821918,4.462414183373099,4.460418870077706,4.793298104259027,1.0,0.9572814218953773,-0.2289000273623373,0.9296114605961896
mango_instrument,inst16041,16041,BAG,0.1,3,13,0.00024056434631347656,4672,0.952054794520548,3.744976036487435,3.743301516783646,4.132772538671952,1.0,0.9572814218953773,-0.2289000273623373,0.9296114605961896
mango_instrument,inst16041,16041,BAG,0.2,3,13,0.0001544952392578125,4672,0.8805650684931506,2.9178158006573067,2.916511135419765,3.4423075064613977,1.0,0.9572814218953773,-0.2289000273623373,0.9296114605961896
mango_instrument,inst16041,16041,QGB,0.05,3,13,3.7957286834716797,4672,0.7818921232876712,3.9048242667968145,3.787267773210001,9.57575461337244,1.0,0.9572814218953773,-0.2289000273623373,0.9296114605961896
mango_instrument,inst16041,16041,QGB,0.1,3,13,3.4226067066192627,4672,0.6543236301369864,2.9111177636334578,2.8327181820263307,8.350180278453088,1.0,0.9572814218953773,-0.2289000273623373,0.9296114605961896
mango_instrument,inst16041,16041,QGB,0.2,3,13,3.638814926147461,4672,0.5316780821917808,2.0790299682351048,2.0415584520376955,6.0186506677212,1.0,0.9572814218953773,-0.2289000273623373,0.9296114605961896
mango_instrument,inst16041,16041,SCP,0.05,3,13,0.0003135204315185547,4672,0.974957191780822,4.481562018749611,4.48156201874961,4.889543240756846,1.0,0.9572814218953773,-0.2289000273623373,0.9296114605961896
mango_instrument,inst16041,16041,SCP,0.1,3,13,0.0002200603485107422,4672,0.9357876712328768,3.6918435522597943,3.691843552259794,4.230829620045448,1.0,0.9572814218953773,-0.2289000273623373,0.9296114605961896
mango_instrument,inst16041,16041,SCP,0.2,3,13,0.00022077560424804688,4672,0.849957191780822,2.8324448725809757,2.832444872580975,3.539182525663405,1.0,0.9572814218953773,-0.2289000273623373,0.9296114605961896
mango_instrument,inst16041,16041,NCP-kNN,0.05,3,13,5.832306146621704,4672,0.941138698630137,4.145177347719759,4.116075222658359,5.147798448049773,1.0,0.9572814218953773,-0.2289000273623373,0.9296114605961896
mango_instrument,inst16041,16041,NCP-kNN,0.1,3,13,0.00041866302490234375,4672,0.8944777397260274,3.4750550737892163,3.4506576888598834,4.433141028396246,1.0,0.9572814218953773,-0.2289000273623373,0.9296114605961896
mango_instrument,inst16041,16041,NCP-kNN,0.2,3,13,0.00023174285888671875,4672,0.8163527397260274,2.7393297085010544,2.7200976445689626,3.6679395284680183,1.0,0.9572814218953773,-0.2289000273623373,0.9296114605961896
mango_instrument,inst16041,16041,CV+,0.05,3,13,0.20757150650024414,4672,0.9800941780821918,4.466415008961752,4.465726372330722,4.803191852501787,1.0,0.9572814218953773,-0.2289000273623373,0.9296114605961896
mango_instrument,inst16041,16041,CV+,0.1,3,13,0.19402503967285156,4672,0.947345890410959,3.656471286794471,3.655299240278633,4.093386824693483,1.0,0.9572814218953773,-0.2289000273623373,0.9296114605961896
mango_instrument,inst16041,16041,CV+,0.2,3,13,0.2116546630859375,4672,0.8653681506849316,2.792546244776247,2.791563439857418,3.4015029215979964,1.0,0.9572814218953773,-0.2289000273623373,0.9296114605961896
mango_instrument,inst16041,16041,CQR,0.05,3,13,0.00044989585876464844,4672,0.8431078767123288,4.479139233973669,4.361582740386854,8.026368522686058,1.0,0.9572814218953773,-0.2289000273623373,0.9296114605961896
mango_instrument,inst16041,16041,CQR,0.1,3,13,0.0002589225769042969,4672,0.7275256849315068,3.38541840517013,3.307018823563003,7.3691377409234855,1.0,0.9572814218953773,-0.2289000273623373,0.9296114605961896
mango_instrument,inst16041,16041,CQR,0.2,3,13,0.00028014183044433594,4672,0.5933219178082192,2.3987856361620734,2.361314119964665,5.641677085546246,1.0,0.9572814218953773,-0.2289000273623373,0.9296114605961896
mango_instrument,inst16041,16041,WCP,0.05,3,13,0.021661996841430664,4672,0.9877996575342466,inf,5.09950463289438,inf,0.9775256849315068,0.9572814218953773,-0.2289000273623373,0.9296114605961896
mango_instrument,inst16041,16041,WCP,0.1,3,13,0.003567934036254883,4672,0.9877996575342466,inf,5.09950463289438,inf,0.9935787671232876,0.9572814218953773,-0.2289000273623373,0.9296114605961896
mango_instrument,inst16041,16041,WCP,0.2,3,13,0.003420591354370117,4672,0.9877996575342466,inf,5.09950463289438,inf,0.998929794520548,0.9572814218953773,-0.2289000273623373,0.9296114605961896
mango_instrument,inst16041,16041,R-U-A,0.05,3,13,0.002354145050048828,4672,0.9794520547945206,4.466592575767837,4.466592575767837,4.817917582702692,1.0,0.9572814218953773,-0.2289000273623373,0.9296114605961896
mango_instrument,inst16041,16041,R-U-A,0.1,3,13,0.0022907257080078125,4672,0.9449914383561644,3.6503692549147995,3.6503692549148,4.109475405458635,1.0,0.9572814218953773,-0.2289000273623373,0.9296114605961896
mango_instrument,inst16041,16041,R-U-A,0.2,3,13,0.0021479129791259766,4672,0.8634417808219178,2.7846943651286296,2.7846943651286296,3.4165883011310125,1.0,0.9572814218953773,-0.2289000273623373,0.9296114605961896
mango_instrument,inst16041,16041,R-U-D,0.05,3,13,0.07965779304504395,4672,0.986943493150685,4.89813166909174,4.88892668684389,5.1117103497297425,1.0,0.9572814218953773,-0.2289000273623373,0.9296114605961896
mango_instrument,inst16041,16041,R-U-D,0.1,3,13,0.003902435302734375,4672,0.960402397260274,4.003246444768625,3.995723206328467,4.3144697552043665,1.0,0.9572814218953773,-0.2289000273623373,0.9296114605961896
mango_instrument,inst16041,16041,R-U-D,0.2,3,13,0.0036449432373046875,4672,0.8908390410958904,3.0705775918724973,3.064807103422341,3.545325624028934,1.0,0.9572814218953773,-0.2289000273623373,0.9296114605961896
mango_instrument,inst16041,16041,G-U-A,0.05,3,13,0.0025954246520996094,4672,0.9955051369863014,5.61157133371822,5.611571333718221,5.7114080195156784,1.0,0.9572814218953773,-0.2289000273623373,0.9296114605961896
mango_instrument,inst16041,16041,G-U-A,0.1,3,13,0.002240896224975586,4672,0.979666095890411,4.483893708572282,4.483893708572282,4.656030592152836,1.0,0.9572814218953773,-0.2289000273623373,0.9296114605961896
mango_instrument,inst16041,16041,G-U-A,0.2,3,13,0.002050638198852539,4672,0.9235873287671232,3.4042982425168518,3.4042982425168518,3.7141941336332027,1.0,0.9572814218953773,-0.2289000273623373,0.9296114605961896
mango_instrument,inst16041,16041,G-W-A,0.05,3,13,0.009901762008666992,4672,0.9961472602739726,5.717049968610745,5.717049968610745,5.807963767912695,1.0,0.9572814218953773,-0.2289000273623373,0.9296114605961896
mango_instrument,inst16041,16041,G-W-A,0.1,3,13,0.009529829025268555,4672,0.9792380136986302,4.462536866941186,4.462536866941186,4.639036275576893,1.0,0.9572814218953773,-0.2289000273623373,0.9296114605961896
mango_instrument,inst16041,16041,G-W-A,0.2,3,13,0.009473800659179688,4672,0.9203767123287672,3.3672990770909226,3.367299077090923,3.6915853313323077,1.0,0.9572814218953773,-0.2289000273623373,0.9296114605961896
mango_instrument,inst16041,16041,G-U-D,0.05,3,13,0.08429193496704102,4672,0.9944349315068494,5.779234431275863,5.790912663210443,5.867453992588086,1.0,0.9572814218953773,-0.2289000273623373,0.9296114605961896
mango_instrument,inst16041,16041,G-U-D,0.1,3,13,0.004847049713134766,4672,0.9800941780821918,4.762102107526468,4.7717249967809465,4.907617228760824,1.0,0.9572814218953773,-0.2289000273623373,0.9296114605961896
mango_instrument,inst16041,16041,G-U-D,0.2,3,13,0.004631519317626953,4672,0.9340753424657534,3.6935547248728944,3.7010183758552273,3.9658026513926714,1.0,0.9572814218953773,-0.2289000273623373,0.9296114605961896
mango_instrument,inst16041,16041,GC-D,0.05,3,13,0.01398468017578125,4672,0.9931506849315068,5.542920961130294,5.554121669000665,5.658328823459411,1.0,0.9572814218953773,-0.2289000273623373,0.9296114605961896
mango_instrument,inst16041,16041,GC-D,0.1,3,13,0.013846397399902344,4672,0.9768835616438356,4.629516200042338,4.63887116990416,4.801004176780847,1.0,0.9572814218953773,-0.2289000273623373,0.9296114605961896
mango_instrument,inst16041,16041,GC-D,0.2,3,13,0.013617753982543945,4672,0.9315068493150684,3.659489248592023,3.6668840626829464,3.9422372753811685,1.0,0.9572814218953773,-0.2289000273623373,0.9296114605961896
mango_instrument,inst16041,16041,GC-D+,0.05,3,13,0.013627290725708008,4672,0.998929794520548,7.0151200848660045,7.029295699365503,7.048780871095514,1.0,0.9572814218953773,-0.2289000273623373,0.9296114605961896
mango_instrument,inst16041,16041,GC-D+,0.1,3,13,0.011626720428466797,4672,0.9875856164383562,5.102171661158747,5.1124817367816675,5.197636286886542,1.0,0.9572814218953773,-0.2289000273623373,0.9296114605961896
mango_instrument,inst16041,16041,GC-D+,0.2,3,13,0.011109590530395508,4672,0.9409246575342466,3.841668980728478,3.849431929594168,4.071326848955968,1.0,0.9572814218953773,-0.2289000273623373,0.9296114605961896
mango_instrument,inst16041,16041,HJ+,0.05,3,13,0.7667253017425537,4672,1.0,9.627121604804502,9.570313415849924,9.627121604804502,1.0,0.9572814218953773,-0.2289000273623373,0.9296114605961896
mango_instrument,inst16041,16041,HJ+,0.1,3,13,0.861499547958374,4672,0.9886558219178082,5.252021521389521,5.195333721714882,5.334744509830875,1.0,0.9572814218953773,-0.2289000273623373,0.9296114605961896
mango_instrument,inst16041,16041,HJ+,0.2,3,13,1.0398502349853516,4672,0.934931506849315,3.6892339612775293,3.673159569962025,3.961076053188616,1.0,0.9572814218953773,-0.2289000273623373,0.9296114605961896
mango_instrument,inst16041,16041,HJ+-D,0.05,3,13,0.706439733505249,4672,0.998929794520548,7.170671969162307,7.031183635971764,7.204101872372011,1.0,0.9572814218953773,-0.2289000273623373,0.9296114605961896
mango_instrument,inst16041,16041,HJ+-D,0.1,3,13,0.9052708148956299,4672,0.9871575342465754,5.241983612991504,5.149758239706945,5.346201339615318,1.0,0.9572814218953773,-0.2289000273623373,0.9296114605961896
mango_instrument,inst16041,16041,HJ+-D,0.2,3,13,1.0292246341705322,4672,0.9394263698630136,3.899583291123651,3.8546248132096714,4.134342627515368,1.0,0.9572814218953773,-0.2289000273623373,0.9296114605961896
mango_instrument,inst16041,16041,HCP-D,0.05,3,13,0.9199769496917725,4672,1.0,inf,inf,inf,0.0,0.9572814218953773,-0.2289000273623373,0.9296114605961896
mango_instrument,inst16041,16041,HCP-D,0.1,3,13,0.9327077865600586,4672,0.9681078767123288,8.873440389109737,8.58719710212829,9.221586164242138,1.0,0.9572814218953773,-0.2289000273623373,0.9296114605961896
mango_instrument,inst16041,16041,HCP-D,0.2,3,13,0.8837108612060547,4672,0.7457191780821918,5.912547815399018,5.721818284698399,7.4168418060068255,1.0,0.9572814218953773,-0.2289000273623373,0.9296114605961896
mango_instrument,inst16041,16041,HCP-A,0.05,3,13,0.24025273323059082,4672,1.0,inf,inf,inf,0.0,0.9572814218953773,-0.2289000273623373,0.9296114605961896
mango_instrument,inst16041,16041,HCP-A,0.1,3,13,0.23992562294006348,4672,0.7917380136986302,6.43848837611305,6.43848837611305,8.822367746055567,1.0,0.9572814218953773,-0.2289000273623373,0.9296114605961896
mango_instrument,inst16041,16041,HCP-A,0.2,3,13,0.23060822486877441,4672,0.4312928082191781,4.181422402916535,4.181422402916535,9.762599361243948,1.0,0.9572814218953773,-0.2289000273623373,0.9296114605961896
mango_instrument,inst16041,16041,ORACLE,0.05,3,13,0.0029997825622558594,4672,0.9488441780821918,3.7344884990504976,3.6816939277100076,4.569335370287604,1.0,0.9572814218953773,-0.2289000273623373,0.9296114605961896
mango_instrument,inst16041,16041,ORACLE,0.1,3,13,0.002692699432373047,4672,0.8985445205479452,3.11017635484789,3.0552778123004902,3.994154217021879,1.0,0.9572814218953773,-0.2289000273623373,0.9296114605961896
mango_instrument,inst16041,16041,ORACLE,0.2,3,13,0.0024366378784179688,4672,0.793236301369863,2.3791953208751235,2.284310642901602,3.364008242905551,1.0,0.9572814218953773,-0.2289000273623373,0.9296114605961896
mango_instrument,inst16048,16048,ASTM-R,0.05,3,19,3.960463285446167,2466,0.7575020275750203,4.196569451913325,4.196378336549966,10.761264471199647,1.0,1.7495942821567603,1.278260948467315,1.1948673804307823
mango_instrument,inst16048,16048,ASTM-R,0.1,3,19,0.0008747577667236328,2466,0.6577453365774534,3.5218590067445743,3.5216986182721586,8.7649513392426,1.0,1.7495942821567603,1.278260948467315,1.1948673804307823
mango_instrument,inst16048,16048,ASTM-R,0.2,3,19,0.0007154941558837891,2466,0.5032441200324412,2.7439695173619403,2.743844554642423,6.986475564142965,1.0,1.7495942821567603,1.278260948467315,1.1948673804307823
mango_instrument,inst16048,16048,ASTM-G,0.05,3,19,0.0013859272003173828,2466,0.9274128142741281,5.886451254439459,5.886183180412974,7.586295459956014,1.0,1.7495942821567603,1.278260948467315,1.1948673804307823
mango_instrument,inst16048,16048,ASTM-G,0.1,3,19,0.0011181831359863281,2466,0.8519870235198702,4.940047247105273,4.939822273127011,6.78569708843057,1.0,1.7495942821567603,1.278260948467315,1.1948673804307823
mango_instrument,inst16048,16048,ASTM-G,0.2,3,19,0.0009102821350097656,2466,0.7108678021086781,3.8489158806259254,3.8487405977036495,5.950560656748482,1.0,1.7495942821567603,1.278260948467315,1.1948673804307823
mango_instrument,inst16048,16048,GPR,0.05,3,19,38.39087700843811,2466,0.7526358475263585,5.3281300776295595,4.737526602647138,13.945353531929324,1.0,1.7495942821567603,1.278260948467315,1.1948673804307823
mango_instrument,inst16048,16048,GPR,0.1,3,19,0.0001423358917236328,2466,0.6293592862935928,4.471507717584343,3.9758576568803177,11.491452937345159,1.0,1.7495942821567603,1.278260948467315,1.1948673804307823
mango_instrument,inst16048,16048,GPR,0.2,3,19,0.00012731552124023438,2466,0.5072992700729927,3.483876997879545,3.097702142652591,9.206302219305792,1.0,1.7495942821567603,1.278260948467315,1.1948673804307823
mango_instrument,inst16048,16048,BAG,0.05,3,19,25.100178718566895,2466,0.7603406326034063,4.222419915776997,4.213008648627422,10.702455649056603,1.0,1.7495942821567603,1.278260948467315,1.1948673804307823
mango_instrument,inst16048,16048,BAG,0.1,3,19,0.000156402587890625,2466,0.6589618815896188,3.543566498038366,3.535668313670037,8.753553921816211,1.0,1.7495942821567603,1.278260948467315,1.1948673804307823
mango_instrument,inst16048,16048,BAG,0.2,3,19,0.00010395050048828125,2466,0.49716139497161393,2.7608919837986567,2.754738286973396,7.003008858733598,1.0,1.7495942821567603,1.278260948467315,1.1948673804307823
mango_instrument,inst16048,16048,QGB,0.05,3,19,5.43109393119812,2466,0.9115977291159773,5.183204534854322,5.110680581137533,8.429575163440848,1.0,1.7495942821567603,1.278260948467315,1.1948673804307823
mango_instrument,inst16048,16048,QGB,0.1,3,19,5.212647914886475,2466,0.8272506082725061,3.9729974487344277,3.891351311879826,6.705789626773015,1.0,1.7495942821567603,1.278260948467315,1.1948673804307823
mango_instrument,inst16048,16048,QGB,0.2,3,19,5.360872983932495,2466,0.6857258718572588,2.907727936261898,2.9064118437291446,5.304131152788684,1.0,1.7495942821567603,1.278260948467315,1.1948673804307823
mango_instrument,inst16048,16048,SCP,0.05,3,19,0.00034499168395996094,2466,0.7449310624493106,4.185026299060166,4.185026299060167,11.163213174070739,1.0,1.7495942821567603,1.278260948467315,1.1948673804307823
mango_instrument,inst16048,16048,SCP,0.1,3,19,0.0002655982971191406,2466,0.6208434712084347,3.433924641395769,3.4339246413957696,9.26952607532171,1.0,1.7495942821567603,1.278260948467315,1.1948673804307823
mango_instrument,inst16048,16048,SCP,0.2,3,19,0.0002598762512207031,2466,0.4578264395782644,2.6253631137056317,2.6253631137056317,7.407170985972582,1.0,1.7495942821567603,1.278260948467315,1.1948673804307823
mango_instrument,inst16048,16048,NCP-kNN,0.05,3,19,6.48195219039917,2466,0.7384428223844283,4.850107673276701,4.208850250078019,12.178554350273103,1.0,1.7495942821567603,1.278260948467315,1.1948673804307823
mango_instrument,inst16048,16048,NCP-kNN,0.1,3,19,0.0003609657287597656,2466,0.6524736415247364,4.0507122276808065,3.5151469453770643,9.541847846912933,1.0,1.7495942821567603,1.278260948467315,1.1948673804307823
mango_instrument,inst16048,16048,NCP-kNN,0.2,3,19,0.00031256675720214844,2466,0.5296025952960259,3.256237295771987,2.8257135882025226,7.271422065663601,1.0,1.7495942821567603,1.278260948467315,1.1948673804307823
mango_instrument,inst16048,16048,CV+,0.05,3,19,0.12634706497192383,2466,0.7639902676399026,4.233497634998781,4.232330918171768,10.597521241887213,1.0,1.7495942821567603,1.278260948467315,1.1948673804307823
mango_instrument,inst16048,16048,CV+,0.1,3,19,0.1151885986328125,2466,0.6467964314679643,3.44715865366681,3.4465699014220412,8.936558100136534,1.0,1.7495942821567603,1.278260948467315,1.1948673804307823
mango_instrument,inst16048,16048,CV+,0.2,3,19,0.12753534317016602,2466,0.4764801297648013,2.6288736707704303,2.628202572818907,7.163109692893751,1.0,1.7495942821567603,1.278260948467315,1.1948673804307823
mango_instrument,inst16048,16048,CQR,0.05,3,19,0.0004589557647705078,2466,0.9294403892944039,5.642787634909047,5.570263681192259,8.157100938092979,1.0,1.7495942821567603,1.278260948467315,1.1948673804307823
mango_instrument,inst16048,16048,CQR,0.1,3,19,0.0003407001495361328,2466,0.8584752635847527,4.3250185603563365,4.243372423501735,6.506811324832634,1.0,1.7495942821567603,1.278260948467315,1.1948673804307823
mango_instrument,inst16048,16048,CQR,0.2,3,19,0.000347137451171875,2466,0.7266828872668288,3.145662018614984,3.14434592608223,5.1919231772433845,1.0,1.7495942821567603,1.278260948467315,1.1948673804307823
mango_instrument,inst16048,16048,WCP,0.05,3,19,0.03598499298095703,2466,0.994728304947283,inf,inf,inf,0.2660178426601784,1.7495942821567603,1.278260948467315,1.1948673804307823
mango_instrument,inst16048,16048,WCP,0.1,3,19,0.0073969364166259766,2466,0.991889699918897,inf,inf,inf,0.3248175182481752,1.7495942821567603,1.278260948467315,1.1948673804307823
mango_instrument,inst16048,16048,WCP,0.2,3,19,0.005476951599121094,2466,0.9870235198702352,inf,inf,inf,0.4140308191403082,1.7495942821567603,1.278260948467315,1.1948673804307823
mango_instrument,inst16048,16048,R-U-A,0.05,3,19,0.003622293472290039,2466,0.7619626926196269,4.230725125397612,4.230725125397612,10.632346625543203,1.0,1.7495942821567603,1.278260948467315,1.1948673804307823
mango_instrument,inst16048,16048,R-U-A,0.1,3,19,0.003191709518432617,2466,0.6451743714517437,3.444841238815734,3.4448412388157337,8.95660858585563,1.0,1.7495942821567603,1.278260948467315,1.1948673804307823
mango_instrument,inst16048,16048,R-U-A,0.2,3,19,0.0030727386474609375,2466,0.47607461476074614,2.6250116281512668,2.6250116281512685,7.171591347383728,1.0,1.7495942821567603,1.278260948467315,1.1948673804307823
mango_instrument,inst16048,16048,R-U-D,0.05,3,19,0.1240088939666748,2466,0.8661800486618005,5.056597834658178,5.101368868754992,8.24997914173051,1.0,1.7495942821567603,1.278260948467315,1.1948673804307823
mango_instrument,inst16048,16048,R-U-D,0.1,3,19,0.005379915237426758,2466,0.7546634225466342,4.130935571577234,4.167510807214761,7.426234216764534,1.0,1.7495942821567603,1.278260948467315,1.1948673804307823
mango_instrument,inst16048,16048,R-U-D,0.2,3,19,0.005186557769775391,2466,0.5855636658556367,3.159483447802289,3.1874574623067318,6.400057341301748,1.0,1.7495942821567603,1.278260948467315,1.1948673804307823
mango_instrument,inst16048,16048,G-U-A,0.05,3,19,0.004003286361694336,2466,0.8941605839416058,5.363174678743242,5.363174678743242,7.9953018741438715,1.0,1.7495942821567603,1.278260948467315,1.1948673804307823
mango_instrument,inst16048,16048,G-U-A,0.1,3,19,0.0030138492584228516,2466,0.7753446877534469,4.324502603655368,4.324502603655368,7.308699558235909,1.0,1.7495942821567603,1.278260948467315,1.1948673804307823
mango_instrument,inst16048,16048,G-U-A,0.2,3,19,0.003003835678100586,2466,0.6086780210867803,3.253417721245494,3.253417721245496,6.366152318613228,1.0,1.7495942821567603,1.278260948467315,1.1948673804307823
mango_instrument,inst16048,16048,G-W-A,0.05,3,19,0.015229463577270508,2466,0.9310624493106245,5.94727513539006,5.9472751353900595,7.56266498805645,1.0,1.7495942821567603,1.278260948467315,1.1948673804307823
mango_instrument,inst16048,16048,G-W-A,0.1,3,19,0.015089273452758789,2466,0.8438767234387672,4.87451160295921,4.87451160295921,6.820349015151807,1.0,1.7495942821567603,1.278260948467315,1.1948673804307823
mango_instrument,inst16048,16048,G-W-A,0.2,3,19,0.013556957244873047,2466,0.6881589618815896,3.7295847287636295,3.729584728763628,6.010593909971027,1.0,1.7495942821567603,1.278260948467315,1.1948673804307823
mango_instrument,inst16048,16048,G-U-D,0.05,3,19,0.12254643440246582,2466,0.9359286293592863,6.131594675843013,6.198893306214874,7.4323265030875945,1.0,1.7495942821567603,1.278260948467315,1.1948673804307823
mango_instrument,inst16048,16048,G-U-D,0.1,3,19,0.00614166259765625,2466,0.8645579886455799,5.065076868492675,5.12066970428802,6.696378880653729,1.0,1.7495942821567603,1.278260948467315,1.1948673804307823
mango_instrument,inst16048,16048,G-U-D,0.2,3,19,0.006301403045654297,2466,0.7153284671532847,3.864191899131569,3.9066041647906387,5.870042131585536,1.0,1.7495942821567603,1.278260948467315,1.1948673804307823
mango_instrument,inst16048,16048,GC-D,0.05,3,19,0.01827263832092285,2466,0.9667477696674777,6.834430550638891,6.90944330665841,7.522409577732128,1.0,1.7495942821567603,1.278260948467315,1.1948673804307823
mango_instrument,inst16048,16048,GC-D,0.1,3,19,0.015256881713867188,2466,0.9095701540957015,5.633215374836979,5.695043936468724,6.644972226152838,1.0,1.7495942821567603,1.278260948467315,1.1948673804307823
mango_instrument,inst16048,16048,GC-D,0.2,3,19,0.019588232040405273,2466,0.7850770478507705,4.364540421564021,4.412444369574658,5.763843663160655,1.0,1.7495942821567603,1.278260948467315,1.1948673804307823
mango_instrument,inst16048,16048,GC-D+,0.05,3,19,0.02277684211730957,2466,0.9910786699107867,8.357324431393572,8.449052035310697,8.508190618899459,1.0,1.7495942821567603,1.278260948467315,1.1948673804307823
mango_instrument,inst16048,16048,GC-D+,0.1,3,19,0.021016597747802734,2466,0.9424168694241687,6.268689154908329,6.337492495092303,6.840683027599237,1.0,1.7495942821567603,1.278260948467315,1.1948673804307823
mango_instrument,inst16048,16048,GC-D+,0.2,3,19,0.02120828628540039,2466,0.8215733982157339,4.641302826834023,4.692244439889037,5.777345689938332,1.0,1.7495942821567603,1.278260948467315,1.1948673804307823
mango_instrument,inst16048,16048,HJ+,0.05,3,19,0.5759129524230957,2466,0.9886455798864558,7.625726586372461,7.567697222811435,7.87145153054925,1.0,1.7495942821567603,1.278260948467315,1.1948673804307823
mango_instrument,inst16048,16048,HJ+,0.1,3,19,0.5898787975311279,2466,0.9257907542579076,5.576979833947283,5.513918224561635,6.430678713899256,1.0,1.7495942821567603,1.278260948467315,1.1948673804307823
mango_instrument,inst16048,16048,HJ+,0.2,3,19,0.6871542930603027,2466,0.7773722627737226,4.083385763355072,4.038336781078568,5.556437804161379,1.0,1.7495942821567603,1.278260948467315,1.1948673804307823
mango_instrument,inst16048,16048,HJ+-D,0.05,3,19,0.4805562496185303,2466,0.9955393349553934,8.892040492513914,9.063150359025517,8.941188222307284,1.0,1.7495942821567603,1.278260948467315,1.1948673804307823
mango_instrument,inst16048,16048,HJ+-D,0.1,3,19,0.6142294406890869,2466,0.967558799675588,6.539091215362882,6.623738728351483,6.892828772383193,1.0,1.7495942821567603,1.278260948467315,1.1948673804307823
mango_instrument,inst16048,16048,HJ+-D,0.2,3,19,0.6918091773986816,2466,0.8588807785888077,4.796771133972491,4.846387974420351,5.6260810767644935,1.0,1.7495942821567603,1.278260948467315,1.1948673804307823
mango_instrument,inst16048,16048,HCP-D,0.05,3,19,1.141301155090332,2466,1.0,inf,inf,inf,0.0,1.7495942821567603,1.278260948467315,1.1948673804307823
mango_instrument,inst16048,16048,HCP-D,0.1,3,19,1.1319332122802734,2466,0.9513381995133819,17.817610077021598,17.56168180861014,27.907524834073826,1.0,1.7495942821567603,1.278260948467315,1.1948673804307823
mango_instrument,inst16048,16048,HCP-D,0.2,3,19,1.1227390766143799,2466,0.9444444444444444,6.732630653540959,6.635924613978624,15.590458514081378,1.0,1.7495942821567603,1.278260948467315,1.1948673804307823
mango_instrument,inst16048,16048,HCP-A,0.05,3,19,0.2765843868255615,2466,1.0,inf,inf,inf,0.0,1.7495942821567603,1.278260948467315,1.1948673804307823
mango_instrument,inst16048,16048,HCP-A,0.1,3,19,0.2879202365875244,2466,0.9513381995133819,21.5388637042664,21.5388637042664,33.283410224234885,1.0,1.7495942821567603,1.278260948467315,1.1948673804307823
mango_instrument,inst16048,16048,HCP-A,0.2,3,19,0.26337337493896484,2466,0.9322789943227899,5.711281683550133,5.711281683550133,15.53071815471923,1.0,1.7495942821567603,1.278260948467315,1.1948673804307823
mango_instrument,inst16048,16048,ORACLE,0.05,3,19,0.0022630691528320312,2466,0.9468775344687753,6.355229560688714,6.489058236828482,7.504983809841996,1.0,1.7495942821567603,1.278260948467315,1.1948673804307823
mango_instrument,inst16048,16048,ORACLE,0.1,3,19,0.0014162063598632812,2466,0.8941605839416058,5.458929858467728,5.675841544099006,6.73328533932712,1.0,1.7495942821567603,1.278260948467315,1.1948673804307823
mango_instrument,inst16048,16048,ORACLE,0.2,3,19,0.0013933181762695312,2466,0.8037307380373074,4.5449212719449,4.747961968571742,5.8478991254757915,1.0,1.7495942821567603,1.278260948467315,1.1948673804307823
mango_instrument,inst17033,17033,ASTM-R,0.05,3,12,2.7928786277770996,3816,0.9661949685534591,4.486002594777084,4.485792850771833,5.042023468775938,1.0,1.0213093535362874,0.1678923264607774,1.0075470148971355
mango_instrument,inst17033,17033,ASTM-R,0.1,3,12,0.0008642673492431641,3816,0.9318658280922432,3.7647557402650036,3.764579718309805,4.4030627321144475,1.0,1.0213093535362874,0.1678923264607774,1.0075470148971355
mango_instrument,inst17033,17033,ASTM-R,0.2,3,12,0.0005905628204345703,3816,0.8487945492662474,2.93321482488961,2.933077681806733,3.685543192851828,1.0,1.0213093535362874,0.1678923264607774,1.0075470148971355
mango_instrument,inst17033,17033,ASTM-G,0.05,3,12,0.0013363361358642578,3816,0.9866352201257862,5.359848738874909,5.359598138007372,5.5500366253186515,1.0,1.0213093535362874,0.1678923264607774,1.0075470148971355
mango_instrument,inst17033,17033,ASTM-G,0.1,3,12,0.0010793209075927734,3816,0.9664570230607966,4.498107364031554,4.497897054065244,4.772057055376847,1.0,1.0213093535362874,0.1678923264607774,1.0075470148971355
mango_instrument,inst17033,17033,ASTM-G,0.2,3,12,0.0008783340454101562,3816,0.9116876310272537,3.5045873130652967,3.504423455340235,3.9256717618090073,1.0,1.0213093535362874,0.1678923264607774,1.0075470148971355
mango_instrument,inst17033,17033,GPR,0.05,3,12,12.049086332321167,3816,0.92583857442348,4.469165767421815,3.94480130902346,5.815177689805102,1.0,1.0213093535362874,0.1678923264607774,1.0075470148971355
mango_instrument,inst17033,17033,GPR,0.1,3,12,0.0001895427703857422,3816,0.8671383647798742,3.7506421444352327,3.3105816188111454,5.081056636963693,1.0,1.0213093535362874,0.1678923264607774,1.0075470148971355
mango_instrument,inst17033,17033,GPR,0.2,3,12,0.00013399124145507812,3816,0.7751572327044025,2.9222304241788555,2.5793669338917855,4.237759549336945,1.0,1.0213093535362874,0.1678923264607774,1.0075470148971355
mango_instrument,inst17033,17033,BAG,0.05,3,12,14.008354902267456,3816,0.9680293501048218,4.49850512740357,4.493958821032238,5.025899778875209,1.0,1.0213093535362874,0.1678923264607774,1.0075470148971355
mango_instrument,inst17033,17033,BAG,0.1,3,12,0.0001919269561767578,3816,0.9334381551362684,3.775264511508855,3.771449130928854,4.393634670477838,1.0,1.0213093535362874,0.1678923264607774,1.0075470148971355
mango_instrument,inst17033,17033,BAG,0.2,3,12,0.00014901161193847656,3816,0.8532494758909853,2.941414400523971,2.938441730570042,3.677627684870046,1.0,1.0213093535362874,0.1678923264607774,1.0075470148971355
mango_instrument,inst17033,17033,QGB,0.05,3,12,4.01136589050293,3816,0.8726415094339622,4.538579354184207,4.189444070903338,7.417013635166025,1.0,1.0213093535362874,0.1678923264607774,1.0075470148971355
mango_instrument,inst17033,17033,QGB,0.1,3,12,3.6300461292266846,3816,0.8016247379454927,3.516643768085936,3.2543988202986105,6.02053224306991,1.0,1.0213093535362874,0.1678923264607774,1.0075470148971355
mango_instrument,inst17033,17033,QGB,0.2,3,12,3.8120737075805664,3816,0.6923480083857443,2.621822286965102,2.4516900482180217,4.7150464346106125,1.0,1.0213093535362874,0.1678923264607774,1.0075470148971355
mango_instrument,inst17033,17033,SCP,0.05,3,12,0.0003204345703125,3816,0.9648846960167715,4.446720872185595,4.446720872185594,5.029811883368052,1.0,1.0213093535362874,0.1678923264607774,1.0075470148971355
mango_instrument,inst17033,17033,SCP,0.1,3,12,0.0002655982971191406,3816,0.9289832285115304,3.694752540768299,3.694752540768299,4.3811276292551256,1.0,1.0213093535362874,0.1678923264607774,1.0075470148971355
mango_instrument,inst17033,17033,SCP,0.2,3,12,0.00024819374084472656,3816,0.8370020964360587,2.844875409339281,2.8448754093392807,3.6670549401048245,1.0,1.0213093535362874,0.1678923264607774,1.0075470148971355
mango_instrument,inst17033,17033,NCP-kNN,0.05,3,12,6.078872919082642,3816,0.9095911949685535,4.012372601933385,3.615928555205496,5.844185582283263,1.0,1.0213093535362874,0.1678923264607774,1.0075470148971355
mango_instrument,inst17033,17033,NCP-kNN,0.1,3,12,0.0007977485656738281,3816,0.860062893081761,3.3782603902919086,3.0444700490403207,4.841989224109569,1.0,1.0213093535362874,0.1678923264607774,1.0075470148971355
mango_instrument,inst17033,17033,NCP-kNN,0.2,3,12,0.0002734661102294922,3816,0.7932389937106918,2.7116433228031642,2.4437183420432156,3.9005914979365968,1.0,1.0213093535362874,0.1678923264607774,1.0075470148971355
mango_instrument,inst17033,17033,CV+,0.05,3,12,0.17662477493286133,3816,0.9680293501048218,4.516507535523735,4.515676403943653,5.043529418046236,1.0,1.0213093535362874,0.1678923264607774,1.0075470148971355
mango_instrument,inst17033,17033,CV+,0.1,3,12,0.17022037506103516,3816,0.9279350104821803,3.706401498516484,3.7058347514630903,4.377660779524008,1.0,1.0213093535362874,0.1678923264607774,1.0075470148971355
mango_instrument,inst17033,17033,CV+,0.2,3,12,0.18611955642700195,3816,0.8377882599580713,2.822134659811855,2.821720653072501,3.653059997705745,1.0,1.0213093535362874,0.1678923264607774,1.0075470148971355
mango_instrument,inst17033,17033,CQR,0.05,3,12,0.0003485679626464844,3816,0.9203354297693921,5.118693173081723,4.769557889800854,6.781056981644591,1.0,1.0213093535362874,0.1678923264607774,1.0075470148971355
mango_instrument,inst17033,17033,CQR,0.1,3,12,0.000354766845703125,3816,0.8514150943396226,3.984727046234576,3.7224820984472506,5.685077291423404,1.0,1.0213093535362874,0.1678923264607774,1.0075470148971355
mango_instrument,inst17033,17033,CQR,0.2,3,12,0.0003180503845214844,3816,0.7481656184486373,2.9527434424439147,2.782611203696834,4.586379518540632,1.0,1.0213093535362874,0.1678923264607774,1.0075470148971355
mango_instrument,inst17033,17033,WCP,0.05,3,12,0.029248952865600586,3816,0.9976415094339622,inf,6.289224217794285,inf,0.8810272536687631,1.0213093535362874,0.1678923264607774,1.0075470148971355
mango_instrument,inst17033,17033,WCP,0.1,3,12,0.004205465316772461,3816,0.9819182389937107,inf,4.796750974309504,inf,0.9334381551362684,1.0213093535362874,0.1678923264607774,1.0075470148971355
mango_instrument,inst17033,17033,WCP,0.2,3,12,0.0039577484130859375,3816,0.9229559748427673,inf,3.601372915671,inf,0.9633123689727463,1.0213093535362874,0.1678923264607774,1.0075470148971355
mango_instrument,inst17033,17033,R-U-A,0.05,3,12,0.003109455108642578,3816,0.9664570230607966,4.505526405641316,4.505526405641316,5.048456414326905,1.0,1.0213093535362874,0.1678923264607774,1.0075470148971355
mango_instrument,inst17033,17033,R-U-A,0.1,3,12,0.0027670860290527344,3816,0.9261006289308176,3.6992633418961165,3.699263341896117,4.38404797785001,1.0,1.0213093535362874,0.1678923264607774,1.0075470148971355
mango_instrument,inst17033,17033,R-U-A,0.2,3,12,0.002632617950439453,3816,0.8359538784067087,2.817594560227534,2.8175945602275334,3.6606144548230426,1.0,1.0213093535362874,0.1678923264607774,1.0075470148971355
mango_instrument,inst17033,17033,R-U-D,0.05,3,12,0.1028902530670166,3816,0.9753668763102725,4.847722228626763,4.739513138135151,5.231761760368982,1.0,1.0213093535362874,0.1678923264607774,1.0075470148971355
mango_instrument,inst17033,17033,R-U-D,0.1,3,12,0.004637956619262695,3816,0.9337002096436059,3.9735551539191607,3.8848589025777027,4.528631803318439,1.0,1.0213093535362874,0.1678923264607774,1.0075470148971355
mango_instrument,inst17033,17033,R-U-D,0.2,3,12,0.004356861114501953,3816,0.8574423480083857,3.0396347285582244,2.9717851089035143,3.7668871103483377,1.0,1.0213093535362874,0.1678923264607774,1.0075470148971355
mango_instrument,inst17033,17033,G-U-A,0.05,3,12,0.003101348876953125,3816,0.9853249475890985,5.276799422193477,5.276799422193477,5.4905053825601415,1.0,1.0213093535362874,0.1678923264607774,1.0075470148971355
mango_instrument,inst17033,17033,G-U-A,0.1,3,12,0.0026543140411376953,3816,0.9585953878406709,4.303351173310705,4.3033511733107055,4.649602246939994,1.0,1.0213093535362874,0.1678923264607774,1.0075470148971355
mango_instrument,inst17033,17033,G-U-A,0.2,3,12,0.0026581287384033203,3816,0.8920335429769392,3.290917397216134,3.290917397216134,3.816283608852973,1.0,1.0213093535362874,0.1678923264607774,1.0075470148971355
mango_instrument,inst17033,17033,G-W-A,0.05,3,12,0.01237034797668457,3816,0.9871593291404612,5.434143892311027,5.4341438923110275,5.604803288927353,1.0,1.0213093535362874,0.1678923264607774,1.0075470148971355
mango_instrument,inst17033,17033,G-W-A,0.1,3,12,0.011762380599975586,3816,0.9648846960167715,4.455176785489969,4.455176785489968,4.743792080881866,1.0,1.0213093535362874,0.1678923264607774,1.0075470148971355
mango_instrument,inst17033,17033,G-W-A,0.2,3,12,0.011587142944335938,3816,0.8988469601677149,3.3642474877832744,3.364247487783274,3.8516480432430087,1.0,1.0213093535362874,0.1678923264607774,1.0075470148971355
mango_instrument,inst17033,17033,G-U-D,0.05,3,12,0.09482502937316895,3816,0.9858490566037735,5.387430754691082,5.230451271679307,5.585516408557099,1.0,1.0213093535362874,0.1678923264607774,1.0075470148971355
mango_instrument,inst17033,17033,G-U-D,0.1,3,12,0.0045168399810791016,3816,0.9583333333333334,4.442823534108521,4.313368108460661,4.776876743045876,1.0,1.0213093535362874,0.1678923264607774,1.0075470148971355
mango_instrument,inst17033,17033,G-U-D,0.2,3,12,0.0043599605560302734,3816,0.8933438155136268,3.4374500340986214,3.3372892795939357,3.949973919370417,1.0,1.0213093535362874,0.1678923264607774,1.0075470148971355
mango_instrument,inst17033,17033,GC-D,0.05,3,12,0.014068603515625,3816,0.9858490566037735,5.385614582979378,5.228688019756155,5.584194761324557,1.0,1.0213093535362874,0.1678923264607774,1.0075470148971355
mango_instrument,inst17033,17033,GC-D,0.1,3,12,0.01324915885925293,3816,0.9588574423480084,4.455889351514314,4.326053212803981,4.784802286474136,1.0,1.0213093535362874,0.1678923264607774,1.0075470148971355
mango_instrument,inst17033,17033,GC-D,0.2,3,12,0.013875246047973633,3816,0.894916142557652,3.458345607912253,3.3575759961388876,3.960267548903912,1.0,1.0213093535362874,0.1678923264607774,1.0075470148971355
mango_instrument,inst17033,17033,GC-D+,0.05,3,12,0.013114452362060547,3816,0.9976415094339622,6.638800607099234,6.445358587224875,6.65042809035616,1.0,1.0213093535362874,0.1678923264607774,1.0075470148971355
mango_instrument,inst17033,17033,GC-D+,0.1,3,12,0.013138532638549805,3816,0.9758909853249476,4.952480708932699,4.80817484279473,5.131388258861123,1.0,1.0213093535362874,0.1678923264607774,1.0075470148971355
mango_instrument,inst17033,17033,GC-D+,0.2,3,12,0.014234781265258789,3816,0.910901467505241,3.6615209889550413,3.5548312331039,4.068603939682675,1.0,1.0213093535362874,0.1678923264607774,1.0075470148971355
mango_instrument,inst17033,17033,HJ+,0.05,3,12,0.8645069599151611,3816,0.9981656184486373,6.881319823687269,6.870885680847806,6.892189657792199,1.0,1.0213093535362874,0.1678923264607774,1.0075470148971355
mango_instrument,inst17033,17033,HJ+,0.1,3,12,0.8203845024108887,3816,0.9840146750524109,5.034491577821662,5.027349587331066,5.163899433692841,1.0,1.0213093535362874,0.1678923264607774,1.0075470148971355
mango_instrument,inst17033,17033,HJ+,0.2,3,12,0.914454460144043,3816,0.9300314465408805,3.6628221725618353,3.6587736230903225,3.9826347232742085,1.0,1.0213093535362874,0.1678923264607774,1.0075470148971355
mango_instrument,inst17033,17033,HJ+-D,0.05,3,12,0.7107639312744141,3816,0.9979035639412998,6.775533798448723,6.570693421901739,6.781080539206973,1.0,1.0213093535362874,0.1678923264607774,1.0075470148971355
mango_instrument,inst17033,17033,HJ+-D,0.1,3,12,0.8522984981536865,3816,0.9795597484276729,5.033706746325484,4.889165604659201,5.181379048684032,1.0,1.0213093535362874,0.1678923264607774,1.0075470148971355
mango_instrument,inst17033,17033,HJ+-D,0.2,3,12,1.0073094367980957,3816,0.9205974842767296,3.7392538426206436,3.6333946681282088,4.082145883858841,1.0,1.0213093535362874,0.1678923264607774,1.0075470148971355
mango_instrument,inst17033,17033,HCP-D,0.05,3,12,0.6457245349884033,3816,1.0,inf,inf,inf,0.0,1.0213093535362874,0.1678923264607774,1.0075470148971355
mango_instrument,inst17033,17033,HCP-D,0.1,3,12,0.6664912700653076,3816,1.0,12.257188106877217,12.06429639111279,12.257188106877217,1.0,1.0213093535362874,0.1678923264607774,1.0075470148971355
mango_instrument,inst17033,17033,HCP-D,0.2,3,12,0.6526045799255371,3816,0.9868972746331237,5.377230231165339,5.292608606996264,5.417722422461338,1.0,1.0213093535362874,0.1678923264607774,1.0075470148971355
mango_instrument,inst17033,17033,HCP-A,0.05,3,12,0.2155160903930664,3816,1.0,inf,inf,inf,0.0,1.0213093535362874,0.1678923264607774,1.0075470148971355
mango_instrument,inst17033,17033,HCP-A,0.1,3,12,0.2140645980834961,3816,1.0,14.264685412463056,14.264685412463056,14.264685412463056,1.0,1.0213093535362874,0.1678923264607774,1.0075470148971355
mango_instrument,inst17033,17033,HCP-A,0.2,3,12,0.213545560836792,3816,0.9790356394129979,4.910748131288326,4.910748131288326,4.987467413521682,1.0,1.0213093535362874,0.1678923264607774,1.0075470148971355
mango_instrument,inst17033,17033,ORACLE,0.05,3,12,0.0022776126861572266,3816,0.9483752620545073,4.107086129778241,4.26887111418926,5.019077270216187,1.0,1.0213093535362874,0.1678923264607774,1.0075470148971355
mango_instrument,inst17033,17033,ORACLE,0.1,3,12,0.001997232437133789,3816,0.9014675052410901,3.3904385772904533,3.4044149685761624,4.339242953949555,1.0,1.0213093535362874,0.1678923264607774,1.0075470148971355
mango_instrument,inst17033,17033,ORACLE,0.2,3,12,0.0019245147705078125,3816,0.800314465408805,2.6123546981610013,2.5995249903285274,3.6417627019224037,1.0,1.0213093535362874,0.1678923264607774,1.0075470148971355
mango_instrument,inst17040,17040,ASTM-R,0.05,3,12,3.9052889347076416,872,0.9311926605504587,4.6472873943831825,4.647263425726047,5.5898263458943935,1.0,1.6788220681968131,1.519648628287125,0.7139300365459388
mango_instrument,inst17040,17040,ASTM-R,0.1,3,12,0.0009074211120605469,872,0.7488532110091743,3.9001122167566233,3.9000921016992613,5.515977924240567,1.0,1.6788220681968131,1.519648628287125,0.7139300365459388
mango_instrument,inst17040,17040,ASTM-R,0.2,3,12,0.0007452964782714844,872,0.44036697247706424,3.038676312435074,3.038660640283881,5.579941096552854,1.0,1.6788220681968131,1.519648628287125,0.7139300365459388
mango_instrument,inst17040,17040,ASTM-G,0.05,3,12,0.0013208389282226562,872,0.981651376146789,5.481473007446067,5.481444736427737,5.812786623299679,1.0,1.6788220681968131,1.519648628287125,0.7139300365459388
mango_instrument,inst17040,17040,ASTM-G,0.1,3,12,0.0010764598846435547,872,0.9243119266055045,4.60018028323371,4.600156557534262,5.105556973115441,1.0,1.6788220681968131,1.519648628287125,0.7139300365459388
mango_instrument,inst17040,17040,ASTM-G,0.2,3,12,0.0008535385131835938,872,0.6490825688073395,3.584117092717343,3.584098607423355,4.867507770617593,1.0,1.6788220681968131,1.519648628287125,0.7139300365459388
mango_instrument,inst17040,17040,GPR,0.05,3,12,11.079596042633057,872,0.38188073394495414,4.658453664900693,4.513084659008227,20.042386744489637,1.0,1.6788220681968131,1.519648628287125,0.7139300365459388
mango_instrument,inst17040,17040,GPR,0.1,3,12,0.0001442432403564453,872,0.27408256880733944,3.9094975556377083,3.787500040135062,16.64588434275864,1.0,1.6788220681968131,1.519648628287125,0.7139300365459388
mango_instrument,inst17040,17040,GPR,0.2,3,12,9.918212890625e-05,872,0.1811926605504587,3.0459991277194107,2.9509474438350924,12.715144280775895,1.0,1.6788220681968131,1.519648628287125,0.7139300365459388
mango_instrument,inst17040,17040,BAG,0.05,3,12,17.124950647354126,872,0.9323394495412844,4.6523055960510495,4.651230484886462,5.564452373605572,1.0,1.6788220681968131,1.519648628287125,0.7139300365459388
mango_instrument,inst17040,17040,BAG,0.1,3,12,0.0001087188720703125,872,0.7557339449541285,3.904337933611053,3.9034356718795102,5.470811420607621,1.0,1.6788220681968131,1.519648628287125,0.7139300365459388
mango_instrument,inst17040,17040,BAG,0.2,3,12,0.00012969970703125,872,0.4506880733944954,3.0419791215756824,3.041276144170493,5.521051658125936,1.0,1.6788220681968131,1.519648628287125,0.7139300365459388
mango_instrument,inst17040,17040,QGB,0.05,3,12,4.7720112800598145,872,0.7270642201834863,4.451508458400846,4.503289375069926,9.444790676980578,1.0,1.6788220681968131,1.519648628287125,0.7139300365459388
mango_instrument,inst17040,17040,QGB,0.1,3,12,4.11985969543457,872,0.5412844036697247,3.425452707485937,3.506246900228648,8.778884900828055,1.0,1.6788220681968131,1.519648628287125,0.7139300365459388
mango_instrument,inst17040,17040,QGB,0.2,3,12,4.314316749572754,872,0.3646788990825688,2.6881957100813505,2.774639503091323,7.389299682127653,1.0,1.6788220681968131,1.519648628287125,0.7139300365459388
mango_instrument,inst17040,17040,SCP,0.05,3,12,0.0005202293395996094,872,0.9185779816513762,4.687729211867001,4.687729211867001,5.734358705928163,1.0,1.6788220681968131,1.519648628287125,0.7139300365459388
mango_instrument,inst17040,17040,SCP,0.1,3,12,0.00027942657470703125,872,0.7006880733944955,3.852674708795999,3.8526747087959983,5.88762458841437,1.0,1.6788220681968131,1.519648628287125,0.7139300365459388
mango_instrument,inst17040,17040,SCP,0.2,3,12,0.0002524852752685547,872,0.3738532110091743,2.9615979459949244,2.9615979459949244,6.043857032628095,1.0,1.6788220681968131,1.519648628287125,0.7139300365459388
mango_instrument,inst17040,17040,NCP-kNN,0.05,3,12,5.650409698486328,872,0.8027522935779816,4.629166275344428,4.6385109663818795,7.913090996888749,1.0,1.6788220681968131,1.519648628287125,0.7139300365459388
mango_instrument,inst17040,17040,NCP-kNN,0.1,3,12,0.00036835670471191406,872,0.6594036697247706,3.904008769255766,3.9118896172500364,7.0488090321246295,1.0,1.6788220681968131,1.519648628287125,0.7139300365459388
mango_instrument,inst17040,17040,NCP-kNN,0.2,3,12,0.00028228759765625,872,0.42545871559633025,3.1129817809940636,3.1192658181658404,6.277003297814685,1.0,1.6788220681968131,1.519648628287125,0.7139300365459388
mango_instrument,inst17040,17040,CV+,0.05,3,12,0.04552125930786133,872,0.9380733944954128,4.696635859616214,4.695019345870204,5.574016755744311,1.0,1.6788220681968131,1.519648628287125,0.7139300365459388
mango_instrument,inst17040,17040,CV+,0.1,3,12,0.045920372009277344,872,0.731651376146789,3.8343976961993547,3.8338950508531955,5.618883064941645,1.0,1.6788220681968131,1.519648628287125,0.7139300365459388
mango_instrument,inst17040,17040,CV+,0.2,3,12,0.04838848114013672,872,0.40022935779816515,2.9288171998857666,2.928341475213913,5.780055626258493,1.0,1.6788220681968131,1.519648628287125,0.7139300365459388
mango_instrument,inst17040,17040,CQR,0.05,3,12,0.0005071163177490234,872,0.819954128440367,5.006203529123361,5.057984445792442,7.500956392319313,1.0,1.6788220681968131,1.519648628287125,0.7139300365459388
mango_instrument,inst17040,17040,CQR,0.1,3,12,0.00036144256591796875,872,0.6284403669724771,3.820968767922272,3.9017629606649837,7.529121790204448,1.0,1.6788220681968131,1.519648628287125,0.7139300365459388
mango_instrument,inst17040,17040,CQR,0.2,3,12,0.0003292560577392578,872,0.4334862385321101,2.9660401901563183,3.052483983166291,6.822692629419274,1.0,1.6788220681968131,1.519648628287125,0.7139300365459388
mango_instrument,inst17040,17040,WCP,0.05,3,12,0.02617478370666504,872,0.9415137614678899,inf,4.823353429998662,inf,0.7901376146788991,1.6788220681968131,1.519648628287125,0.7139300365459388
mango_instrument,inst17040,17040,WCP,0.1,3,12,0.004316091537475586,872,0.6020642201834863,inf,3.2831525340591057,inf,0.841743119266055,1.6788220681968131,1.519648628287125,0.7139300365459388
mango_instrument,inst17040,17040,WCP,0.2,3,12,0.004115581512451172,872,0.4013761467889908,inf,2.6835351109825876,inf,0.8818807339449541,1.6788220681968131,1.519648628287125,0.7139300365459388
mango_instrument,inst17040,17040,R-U-A,0.05,3,12,0.0036194324493408203,872,0.9369266055045872,4.690646433802506,4.690646433802506,5.576090282764209,1.0,1.6788220681968131,1.519648628287125,0.7139300365459388
mango_instrument,inst17040,17040,R-U-A,0.1,3,12,0.0031423568725585938,872,0.7282110091743119,3.8334029973503974,3.8334029973503974,5.623375935951864,1.0,1.6788220681968131,1.519648628287125,0.7139300365459388
mango_instrument,inst17040,17040,R-U-A,0.2,3,12,0.0029015541076660156,872,0.393348623853211,2.9287885381765406,2.9287885381765406,5.7897700167885855,1.0,1.6788220681968131,1.519648628287125,0.7139300365459388
mango_instrument,inst17040,17040,R-U-D,0.05,3,12,0.10911178588867188,872,0.9380733944954128,5.0922137882601435,5.108673098159036,6.01020659562825,1.0,1.6788220681968131,1.519648628287125,0.7139300365459388
mango_instrument,inst17040,17040,R-U-D,0.1,3,12,0.005098581314086914,872,0.805045871559633,4.212551556525331,4.226167577850627,5.594237559036251,1.0,1.6788220681968131,1.519648628287125,0.7139300365459388
mango_instrument,inst17040,17040,R-U-D,0.2,3,12,0.004919528961181641,872,0.5252293577981652,3.237187214092072,3.2476506136611007,5.460866318581741,1.0,1.6788220681968131,1.519648628287125,0.7139300365459388
mango_instrument,inst17040,17040,G-U-A,0.05,3,12,0.004547834396362305,872,0.9770642201834863,5.246493016191643,5.246493016191643,5.678866028058851,1.0,1.6788220681968131,1.519648628287125,0.7139300365459388
mango_instrument,inst17040,17040,G-U-A,0.1,3,12,0.0030744075775146484,872,0.8577981651376146,4.310814865114988,4.310814865114988,5.126434424903443,1.0,1.6788220681968131,1.519648628287125,0.7139300365459388
mango_instrument,inst17040,17040,G-U-A,0.2,3,12,0.0028705596923828125,872,0.5252293577981652,3.2750009711072536,3.2750009711072536,5.198980348701155,1.0,1.6788220681968131,1.519648628287125,0.7139300365459388
mango_instrument,inst17040,17040,G-W-A,0.05,3,12,0.013725042343139648,872,0.9782110091743119,5.416615087779542,5.41661508777954,5.77322235001317,1.0,1.6788220681968131,1.519648628287125,0.7139300365459388
mango_instrument,inst17040,17040,G-W-A,0.1,3,12,0.013333559036254883,872,0.9013761467889908,4.4903348676077535,4.4903348676077535,5.089901115087021,1.0,1.6788220681968131,1.519648628287125,0.7139300365459388
mango_instrument,inst17040,17040,G-W-A,0.2,3,12,0.014319181442260742,872,0.5837155963302753,3.4246461801919703,3.4246461801919708,5.01514660577975,1.0,1.6788220681968131,1.519648628287125,0.7139300365459388
mango_instrument,inst17040,17040,G-U-D,0.05,3,12,0.11217379570007324,872,0.9380733944954128,5.123293304043053,5.147019357300931,6.067146193663523,1.0,1.6788220681968131,1.519648628287125,0.7139300365459388
mango_instrument,inst17040,17040,G-U-D,0.1,3,12,0.004915952682495117,872,0.8004587155963303,4.23215389788856,4.251753070299322,5.64414499877701,1.0,1.6788220681968131,1.519648628287125,0.7139300365459388
mango_instrument,inst17040,17040,G-U-D,0.2,3,12,0.004797935485839844,872,0.5229357798165137,3.2589794580332123,3.2740718440433216,5.469403514022732,1.0,1.6788220681968131,1.519648628287125,0.7139300365459388
mango_instrument,inst17040,17040,GC-D,0.05,3,12,0.015449047088623047,872,0.9472477064220184,5.289954835047239,5.314452700521594,6.061792674231584,1.0,1.6788220681968131,1.519648628287125,0.7139300365459388
mango_instrument,inst17040,17040,GC-D,0.1,3,12,0.015412330627441406,872,0.8394495412844036,4.383173141193114,4.403471686135755,5.544360686382794,1.0,1.6788220681968131,1.519648628287125,0.7139300365459388
mango_instrument,inst17040,17040,GC-D,0.2,3,12,0.015077590942382812,872,0.5642201834862385,3.398034632771385,3.413770985520431,5.307059114989736,1.0,1.6788220681968131,1.519648628287125,0.7139300365459388
mango_instrument,inst17040,17040,GC-D+,0.05,3,12,0.015008687973022461,872,0.9862385321100917,6.4274034029207385,6.457168810910794,6.583225825848741,1.0,1.6788220681968131,1.519648628287125,0.7139300365459388
mango_instrument,inst17040,17040,GC-D+,0.1,3,12,0.015508890151977539,872,0.908256880733945,4.845139261984246,4.867577179423203,5.500254437185816,1.0,1.6788220681968131,1.519648628287125,0.7139300365459388
mango_instrument,inst17040,17040,GC-D+,0.2,3,12,0.015107870101928711,872,0.6399082568807339,3.610037412559558,3.626755553573605,5.119102945949921,1.0,1.6788220681968131,1.519648628287125,0.7139300365459388
mango_instrument,inst17040,17040,HJ+,0.05,3,12,0.3574998378753662,872,0.9954128440366973,7.0088761185590105,6.9928510520549665,7.081914317573743,1.0,1.6788220681968131,1.519648628287125,0.7139300365459388
mango_instrument,inst17040,17040,HJ+,0.1,3,12,0.3537893295288086,872,0.9621559633027523,5.050148831531136,5.040585045261145,5.342403511119576,1.0,1.6788220681968131,1.519648628287125,0.7139300365459388
mango_instrument,inst17040,17040,HJ+,0.2,3,12,0.3398439884185791,872,0.7006880733944955,3.704740542035383,3.693221803981846,4.761383661993605,1.0,1.6788220681968131,1.519648628287125,0.7139300365459388
mango_instrument,inst17040,17040,HJ+-D,0.05,3,12,0.29335546493530273,872,0.9885321100917431,6.600759405513881,6.657233375619834,6.728238236461479,1.0,1.6788220681968131,1.519648628287125,0.7139300365459388
mango_instrument,inst17040,17040,HJ+-D,0.1,3,12,0.3243544101715088,872,0.9254587155963303,5.002739389925593,5.037904937960879,5.575598992935735,1.0,1.6788220681968131,1.519648628287125,0.7139300365459388
mango_instrument,inst17040,17040,HJ+-D,0.2,3,12,0.34531378746032715,872,0.6731651376146789,3.710595618361603,3.7296887226240294,5.026850409297935,1.0,1.6788220681968131,1.519648628287125,0.7139300365459388
mango_instrument,inst17040,17040,HCP-D,0.05,3,12,0.711538553237915,872,1.0,inf,inf,inf,0.0,1.6788220681968131,1.519648628287125,0.7139300365459388
mango_instrument,inst17040,17040,HCP-D,0.1,3,12,0.692042350769043,872,1.0,9.588158491184558,9.530758424772555,9.588158491184558,1.0,1.6788220681968131,1.519648628287125,0.7139300365459388
mango_instrument,inst17040,17040,HCP-D,0.2,3,12,0.6896548271179199,872,0.926605504587156,5.792964913981458,5.758284993839267,6.130164999696665,1.0,1.6788220681968131,1.519648628287125,0.7139300365459388
mango_instrument,inst17040,17040,HCP-A,0.05,3,12,0.23570489883422852,872,1.0,inf,inf,inf,0.0,1.6788220681968131,1.519648628287125,0.7139300365459388
mango_instrument,inst17040,17040,HCP-A,0.1,3,12,0.23717880249023438,872,1.0,14.14766404325471,14.14766404325471,14.14766404325471,1.0,1.6788220681968131,1.519648628287125,0.7139300365459388
mango_instrument,inst17040,17040,HCP-A,0.2,3,12,0.24083256721496582,872,0.9334862385321101,5.9290558559494855,5.9290558559494855,6.201329794075226,1.0,1.6788220681968131,1.519648628287125,0.7139300365459388
mango_instrument,inst17040,17040,ORACLE,0.05,3,12,0.0008025169372558594,872,0.9506880733944955,4.874861338324996,4.874861338324997,5.561325920592086,1.0,1.6788220681968131,1.519648628287125,0.7139300365459388
mango_instrument,inst17040,17040,ORACLE,0.1,3,12,0.0005366802215576172,872,0.9013761467889908,4.4957615886081825,4.4957615886081825,5.100333871232933,1.0,1.6788220681968131,1.519648628287125,0.7139300365459388
mango_instrument,inst17040,17040,ORACLE,0.2,3,12,0.0005204677581787109,872,0.7947247706422018,4.083883250764371,4.08388325076437,4.691259530488992,1.0,1.6788220681968131,1.519648628287125,0.7139300365459388
mango_instrument,inst17052,17052,ASTM-R,0.05,3,12,3.1839611530303955,2244,0.8364527629233511,4.421498327615249,4.420972040080421,21.02020320944164,1.0,2.1580037754058874,-0.40625900507655865,2.1198906955280865
mango_instrument,inst17052,17052,ASTM-R,0.1,3,12,0.0008628368377685547,2244,0.8070409982174688,3.710623272851868,3.710181600226381,13.262968340014766,1.0,2.1580037754058874,-0.40625900507655865,2.1198906955280865
mango_instrument,inst17052,17052,ASTM-R,0.2,3,12,0.0006237030029296875,2244,0.7508912655971479,2.891039591903867,2.8906954736916264,8.557568998041452,1.0,2.1580037754058874,-0.40625900507655865,2.1198906955280865
mango_instrument,inst17052,17052,ASTM-G,0.05,3,12,0.0011112689971923828,2244,0.8480392156862745,5.2377937170196995,5.2371702664744255,19.27146372717136,1.0,2.1580037754058874,-0.40625900507655865,2.1198906955280865
mango_instrument,inst17052,17052,ASTM-G,0.1,3,12,0.0010266304016113281,2244,0.8360071301247772,4.395677172008156,4.395153957945556,12.73736015161908,1.0,2.1580037754058874,-0.40625900507655865,2.1198906955280865
mango_instrument,inst17052,17052,ASTM-G,0.2,3,12,0.0008351802825927734,2244,0.7950089126559715,3.4247822543668183,3.4243746051772384,8.485144817986242,1.0,2.1580037754058874,-0.40625900507655865,2.1198906955280865
mango_instrument,inst17052,17052,GPR,0.05,3,12,17.344772577285767,2244,0.9246880570409982,4.340197617809442,3.9813229763527183,6.5660566803207026,1.0,2.1580037754058874,-0.40625900507655865,2.1198906955280865
mango_instrument,inst17052,17052,GPR,0.1,3,12,0.00017714500427246094,2244,0.8622994652406417,3.6424086614098217,3.341231568219751,5.5980722343816955,1.0,2.1580037754058874,-0.40625900507655865,2.1198906955280865
mango_instrument,inst17052,17052,GPR,0.2,3,12,0.00017952919006347656,2244,0.7571301247771836,2.8379026837995274,2.6032471685855327,4.662985767075639,1.0,2.1580037754058874,-0.40625900507655865,2.1198906955280865
mango_instrument,inst17052,17052,BAG,0.05,3,12,14.393181562423706,2244,0.8360071301247772,4.4545051831477505,4.44537647745333,19.630635130719977,1.0,2.1580037754058874,-0.40625900507655865,2.1198906955280865
mango_instrument,inst17052,17052,BAG,0.1,3,12,0.00017523765563964844,2244,0.8083778966131907,3.738338594264599,3.730677542944635,12.59560570567358,1.0,2.1580037754058874,-0.40625900507655865,2.1198906955280865
mango_instrument,inst17052,17052,BAG,0.2,3,12,0.000102996826171875,2244,0.7491087344028521,2.912644383375848,2.90667544355534,8.246871352572677,1.0,2.1580037754058874,-0.40625900507655865,2.1198906955280865
mango_instrument,inst17052,17052,QGB,0.05,3,12,4.2466254234313965,2244,0.9019607843137255,4.171285671645345,3.870880955430554,6.847718489041872,1.0,2.1580037754058874,-0.40625900507655865,2.1198906955280865
mango_instrument,inst17052,17052,QGB,0.1,3,12,3.8060717582702637,2244,0.8168449197860963,3.242079166830542,3.1180587846837673,6.069058805811304,1.0,2.1580037754058874,-0.40625900507655865,2.1198906955280865
mango_instrument,inst17052,17052,QGB,0.2,3,12,3.889955520629883,2244,0.6867201426024956,2.311854281215983,2.3173490853078587,5.34433867828142,1.0,2.1580037754058874,-0.40625900507655865,2.1198906955280865
mango_instrument,inst17052,17052,SCP,0.05,3,12,0.0003287792205810547,2244,0.8368983957219251,4.4811275686506065,4.4811275686506065,20.392415838554907,1.0,2.1580037754058874,-0.40625900507655865,2.1198906955280865
mango_instrument,inst17052,17052,SCP,0.1,3,12,0.00026917457580566406,2244,0.8043672014260249,3.6474904065358302,3.6474904065358302,13.065879837793208,1.0,2.1580037754058874,-0.40625900507655865,2.1198906955280865
mango_instrument,inst17052,17052,SCP,0.2,3,12,0.0002346038818359375,2244,0.7308377896613191,2.759022732334092,2.759022732334092,8.474540202514552,1.0,2.1580037754058874,-0.40625900507655865,2.1198906955280865
mango_instrument,inst17052,17052,NCP-kNN,0.05,3,12,5.449311971664429,2244,0.8092691622103387,4.796247732547582,4.451615886365271,15.304968973564245,1.0,2.1580037754058874,-0.40625900507655865,2.1198906955280865
mango_instrument,inst17052,17052,NCP-kNN,0.1,3,12,0.00031447410583496094,2244,0.7651515151515151,3.9843429049845045,3.6980500511250085,11.169553731156563,1.0,2.1580037754058874,-0.40625900507655865,2.1198906955280865
mango_instrument,inst17052,17052,NCP-kNN,0.2,3,12,0.00029850006103515625,2244,0.6978609625668449,3.1712294135199848,2.9433623998892013,7.899659749778254,1.0,2.1580037754058874,-0.40625900507655865,2.1198906955280865
mango_instrument,inst17052,17052,CV+,0.05,3,12,0.1181793212890625,2244,0.8342245989304813,4.504602480686329,4.47841766487718,18.621221010516294,1.0,2.1580037754058874,-0.40625900507655865,2.1198906955280865
mango_instrument,inst17052,17052,CV+,0.1,3,12,0.11217474937438965,2244,0.8061497326203209,3.692529484143833,3.6666009050428814,12.1735865470969,1.0,2.1580037754058874,-0.40625900507655865,2.1198906955280865
mango_instrument,inst17052,17052,CV+,0.2,3,12,0.1271822452545166,2244,0.7352941176470589,2.8164369415496044,2.7954287611149677,8.066186749567654,1.0,2.1580037754058874,-0.40625900507655865,2.1198906955280865
mango_instrument,inst17052,17052,CQR,0.05,3,12,0.0004062652587890625,2244,0.9327094474153298,4.672261492161761,4.37185677594697,6.5286776854805,1.0,2.1580037754058874,-0.40625900507655865,2.1198906955280865
mango_instrument,inst17052,17052,CQR,0.1,3,12,0.0005044937133789062,2244,0.8596256684491979,3.5834351105195306,3.4594147283727557,5.8600106199847914,1.0,2.1580037754058874,-0.40625900507655865,2.1198906955280865
mango_instrument,inst17052,17052,CQR,0.2,3,12,0.00037288665771484375,2244,0.7228163992869875,2.5292549434703386,2.5347497475622145,5.240633082671569,1.0,2.1580037754058874,-0.40625900507655865,2.1198906955280865
mango_instrument,inst17052,17052,WCP,0.05,3,12,0.032651424407958984,2244,0.8556149732620321,inf,5.924570259560262,inf,0.999554367201426,2.1580037754058874,-0.40625900507655865,2.1198906955280865
mango_instrument,inst17052,17052,WCP,0.1,3,12,0.005075216293334961,2244,0.8551693404634582,5.924570259560262,5.924570259560262,11.67791133808369,1.0,2.1580037754058874,-0.40625900507655865,2.1198906955280865
mango_instrument,inst17052,17052,WCP,0.2,3,12,0.004718780517578125,2244,0.8551693404634582,5.924570259560262,5.924570259560262,8.801240798821977,1.0,2.1580037754058874,-0.40625900507655865,2.1198906955280865
mango_instrument,inst17052,17052,R-U-A,0.05,3,12,0.0039288997650146484,2244,0.8373440285204992,4.46887219567748,4.468872195677481,20.921571482874455,1.0,2.1580037754058874,-0.40625900507655865,2.1198906955280865
mango_instrument,inst17052,17052,R-U-A,0.1,3,12,0.0034966468811035156,2244,0.8061497326203209,3.6620819671857774,3.6620819671857774,13.311743125411008,1.0,2.1580037754058874,-0.40625900507655865,2.1198906955280865
mango_instrument,inst17052,17052,R-U-A,0.2,3,12,0.003355741500854492,2244,0.7370766488413547,2.7941862528636388,2.794186252863639,8.585539024117466,1.0,2.1580037754058874,-0.40625900507655865,2.1198906955280865
mango_instrument,inst17052,17052,R-U-D,0.05,3,12,0.11738777160644531,2244,0.8458110516934046,4.826090702778721,4.589511913599852,15.590947118533569,1.0,2.1580037754058874,-0.40625900507655865,2.1198906955280865
mango_instrument,inst17052,17052,R-U-D,0.1,3,12,0.004678010940551758,2244,0.8092691622103387,3.980027763267047,3.7849236495814385,11.192631023793043,1.0,2.1580037754058874,-0.40625900507655865,2.1198906955280865
mango_instrument,inst17052,17052,R-U-D,0.2,3,12,0.004525899887084961,2244,0.7419786096256684,3.042028886593334,2.8929062208665943,7.885111734491139,1.0,2.1580037754058874,-0.40625900507655865,2.1198906955280865
mango_instrument,inst17052,17052,G-U-A,0.05,3,12,0.0033724308013916016,2244,0.8462566844919787,5.136651785758745,5.136651785758744,19.490180849556296,1.0,2.1580037754058874,-0.40625900507655865,2.1198906955280865
mango_instrument,inst17052,17052,G-U-A,0.1,3,12,0.0026617050170898438,2244,0.8306595365418895,4.245853333121339,4.245853333121339,12.841298088550468,1.0,2.1580037754058874,-0.40625900507655865,2.1198906955280865
mango_instrument,inst17052,17052,G-U-A,0.2,3,12,0.003390073776245117,2244,0.7816399286987522,3.256344495840924,3.2563444958409242,8.497163002299628,1.0,2.1580037754058874,-0.40625900507655865,2.1198906955280865
mango_instrument,inst17052,17052,G-W-A,0.05,3,12,0.013342857360839844,2244,0.8471479500891266,5.1968773403860915,5.1968773403860915,19.36559246567338,1.0,2.1580037754058874,-0.40625900507655865,2.1198906955280865
mango_instrument,inst17052,17052,G-W-A,0.1,3,12,0.012667417526245117,2244,0.8351158645276292,4.362127412332228,4.362127412332228,12.76317886419297,1.0,2.1580037754058874,-0.40625900507655865,2.1198906955280865
mango_instrument,inst17052,17052,G-W-A,0.2,3,12,0.012274503707885742,2244,0.7950089126559715,3.4283501263774308,3.428350126377431,8.486658768552436,1.0,2.1580037754058874,-0.40625900507655865,2.1198906955280865
mango_instrument,inst17052,17052,G-U-D,0.05,3,12,0.10750889778137207,2244,0.8591800356506238,5.285232054720273,5.014525286709458,13.814022215357456,1.0,2.1580037754058874,-0.40625900507655865,2.1198906955280865
mango_instrument,inst17052,17052,G-U-D,0.1,3,12,0.004698038101196289,2244,0.8279857397504456,4.399808055665731,4.1744522328209275,10.459014449977554,1.0,2.1580037754058874,-0.40625900507655865,2.1198906955280865
mango_instrument,inst17052,17052,G-U-D,0.2,3,12,0.0043697357177734375,2244,0.7700534759358288,3.3909917758501753,3.2173069850051217,7.670262644222985,1.0,2.1580037754058874,-0.40625900507655865,2.1198906955280865
mango_instrument,inst17052,17052,GC-D,0.05,3,12,0.014598608016967773,2244,0.8587344028520499,5.224280430692498,4.956695572367907,13.982931974262147,1.0,2.1580037754058874,-0.40625900507655865,2.1198906955280865
mango_instrument,inst17052,17052,GC-D,0.1,3,12,0.014408349990844727,2244,0.8288770053475936,4.430703048669334,4.2037648007546125,10.421320124513066,1.0,2.1580037754058874,-0.40625900507655865,2.1198906955280865
mango_instrument,inst17052,17052,GC-D,0.2,3,12,0.013889312744140625,2244,0.7816399286987522,3.5273814819119687,3.346710883038874,7.621063329432328,1.0,2.1580037754058874,-0.40625900507655865,2.1198906955280865
mango_instrument,inst17052,17052,GC-D+,0.05,3,12,0.014589548110961914,2244,0.8908199643493762,6.3707045048955235,6.044400416708524,11.22506916535123,1.0,2.1580037754058874,-0.40625900507655865,2.1198906955280865
mango_instrument,inst17052,17052,GC-D+,0.1,3,12,0.014709949493408203,2244,0.8480392156862745,4.854759882215123,4.60610166937293,9.949217421092477,1.0,2.1580037754058874,-0.40625900507655865,2.1198906955280865
mango_instrument,inst17052,17052,GC-D+,0.2,3,12,0.015352487564086914,2244,0.7950089126559715,3.741932530678148,3.550272741475567,7.556605320279966,1.0,2.1580037754058874,-0.40625900507655865,2.1198906955280865
mango_instrument,inst17052,17052,HJ+,0.05,3,12,0.5734884738922119,2244,0.8645276292335116,6.387209777676326,6.32513620724512,16.325100387880262,1.0,2.1580037754058874,-0.40625900507655865,2.1198906955280865
mango_instrument,inst17052,17052,HJ+,0.1,3,12,0.5642592906951904,2244,0.8444741532976827,4.860462037405937,4.818280480228687,11.969478606045568,1.0,2.1580037754058874,-0.40625900507655865,2.1198906955280865
mango_instrument,inst17052,17052,HJ+,0.2,3,12,0.6096649169921875,2244,0.8070409982174688,3.6963517071467753,3.6696043244205026,8.171586150231152,1.0,2.1580037754058874,-0.40625900507655865,2.1198906955280865
mango_instrument,inst17052,17052,HJ+-D,0.05,3,12,0.47124218940734863,2244,0.8939393939393939,6.402449604563533,6.045957354569851,10.942966268602074,1.0,2.1580037754058874,-0.40625900507655865,2.1198906955280865
mango_instrument,inst17052,17052,HJ+-D,0.1,3,12,0.5743570327758789,2244,0.8538324420677362,4.891343364246874,4.616887012144102,9.617336969436552,1.0,2.1580037754058874,-0.40625900507655865,2.1198906955280865
mango_instrument,inst17052,17052,HJ+-D,0.2,3,12,0.6647233963012695,2244,0.7972370766488414,3.76112708807942,3.5524176132994114,7.327627083123033,1.0,2.1580037754058874,-0.40625900507655865,2.1198906955280865
mango_instrument,inst17052,17052,HCP-D,0.05,3,12,0.6899330615997314,2244,1.0,inf,inf,inf,0.0,2.1580037754058874,-0.40625900507655865,2.1198906955280865
mango_instrument,inst17052,17052,HCP-D,0.1,3,12,0.6439123153686523,2244,0.8471479500891266,9.109313105873483,6.899536370604127,45.67012796410634,1.0,2.1580037754058874,-0.40625900507655865,2.1198906955280865
mango_instrument,inst17052,17052,HCP-D,0.2,3,12,0.6260325908660889,2244,0.8159536541889483,5.609364866186049,4.248620775290443,30.182900768570217,1.0,2.1580037754058874,-0.40625900507655865,2.1198906955280865
mango_instrument,inst17052,17052,HCP-A,0.05,3,12,0.24985980987548828,2244,1.0,inf,inf,inf,0.0,2.1580037754058874,-0.40625900507655865,2.1198906955280865
mango_instrument,inst17052,17052,HCP-A,0.1,3,12,0.23029279708862305,2244,0.857397504456328,14.497479675380024,14.497479675380028,61.66579833969013,1.0,2.1580037754058874,-0.40625900507655865,2.1198906955280865
mango_instrument,inst17052,17052,HCP-A,0.2,3,12,0.26418232917785645,2244,0.8422459893048129,5.584335673434978,5.584335673434978,35.62946341467188,1.0,2.1580037754058874,-0.40625900507655865,2.1198906955280865
mango_instrument,inst17052,17052,ORACLE,0.05,3,12,0.0015797615051269531,2244,0.9496434937611408,10.99961640841189,10.999616408411892,12.576923992610165,1.0,2.1580037754058874,-0.40625900507655865,2.1198906955280865
mango_instrument,inst17052,17052,ORACLE,0.1,3,12,0.0012955665588378906,2244,0.8992869875222816,8.718311845630497,8.718311845630499,11.274222936490963,1.0,2.1580037754058874,-0.40625900507655865,2.1198906955280865
mango_instrument,inst17052,17052,ORACLE,0.2,3,12,0.0012898445129394531,2244,0.7963458110516934,3.571578966534854,3.5715789665348545,8.528557313077336,1.0,2.1580037754058874,-0.40625900507655865,2.1198906955280865
mango_instrument,inst17057,17057,ASTM-R,0.05,3,19,3.9383437633514404,2570,0.8859922178988326,4.215908646412281,4.21532149124976,6.92765754280576,1.0,1.3564597142740453,0.29906729614439337,1.3233378701598018
mango_instrument,inst17057,17057,ASTM-R,0.1,3,19,0.0011832714080810547,2570,0.8058365758754864,3.5380887324049812,3.5375959781166593,5.939157966710874,1.0,1.3564597142740453,0.29906729614439337,1.3233378701598018
mango_instrument,inst17057,17057,ASTM-R,0.2,3,19,0.0008509159088134766,2570,0.6891050583657587,2.7566143779949437,2.7562304606715706,4.932239233822114,1.0,1.3564597142740453,0.29906729614439337,1.3233378701598018
mango_instrument,inst17057,17057,ASTM-G,0.05,3,19,0.0015969276428222656,2570,0.9727626459143969,5.930675806081456,5.929849833032981,6.42674548629981,1.0,1.3564597142740453,0.29906729614439337,1.3233378701598018
mango_instrument,inst17057,17057,ASTM-G,0.1,3,19,0.0013718605041503906,2570,0.932295719844358,4.977161272908578,4.97646809708785,5.649541783977768,1.0,1.3564597142740453,0.29906729614439337,1.3233378701598018
mango_instrument,inst17057,17057,ASTM-G,0.2,3,19,0.001140594482421875,2570,0.8478599221789883,3.8778321755580407,3.8772921047519056,4.782215237433093,1.0,1.3564597142740453,0.29906729614439337,1.3233378701598018
mango_instrument,inst17057,17057,GPR,0.05,3,19,23.937425136566162,2570,0.9073929961089494,5.119739122629903,4.109530863130388,7.76273921511643,1.0,1.3564597142740453,0.29906729614439337,1.3233378701598018
mango_instrument,inst17057,17057,GPR,0.1,3,19,0.0001513957977294922,2570,0.8556420233463035,4.296620515136332,3.4488270185614205,6.505323815872517,1.0,1.3564597142740453,0.29906729614439337,1.3233378701598018
mango_instrument,inst17057,17057,GPR,0.2,3,19,0.00010418891906738281,2570,0.7466926070038911,3.347617476412973,2.6870777998170787,5.313172752508306,1.0,1.3564597142740453,0.29906729614439337,1.3233378701598018
mango_instrument,inst17057,17057,BAG,0.05,3,19,25.561542987823486,2570,0.8883268482490272,4.219879963422825,4.214309560425099,6.816113638455515,1.0,1.3564597142740453,0.29906729614439337,1.3233378701598018
mango_instrument,inst17057,17057,BAG,0.1,3,19,0.0001289844512939453,2570,0.8073929961089494,3.541434902827945,3.5367600732664535,5.862560424694013,1.0,1.3564597142740453,0.29906729614439337,1.3233378701598018
mango_instrument,inst17057,17057,BAG,0.2,3,19,0.00010633468627929688,2570,0.690272373540856,2.7592311982222006,2.755588907476678,4.883103578972381,1.0,1.3564597142740453,0.29906729614439337,1.3233378701598018
mango_instrument,inst17057,17057,QGB,0.05,3,19,5.6389946937561035,2570,0.8326848249027238,4.832198267506137,4.653902436772888,11.728304683112318,1.0,1.3564597142740453,0.29906729614439337,1.3233378701598018
mango_instrument,inst17057,17057,QGB,0.1,3,19,5.219533205032349,2570,0.7536964980544747,3.5751842542836494,3.3305039928497298,8.098387608270375,1.0,1.3564597142740453,0.29906729614439337,1.3233378701598018
mango_instrument,inst17057,17057,QGB,0.2,3,19,5.463777780532837,2570,0.5875486381322957,2.5827257387515794,2.4551631474254076,6.238021308152333,1.0,1.3564597142740453,0.29906729614439337,1.3233378701598018
mango_instrument,inst17057,17057,SCP,0.05,3,19,0.0003879070281982422,2570,0.8922178988326849,4.406683667518358,4.406683667518358,6.964212511788836,1.0,1.3564597142740453,0.29906729614439337,1.3233378701598018
mango_instrument,inst17057,17057,SCP,0.1,3,19,0.0002646446228027344,2570,0.8050583657587549,3.575994780656181,3.575994780656181,6.073135289202095,1.0,1.3564597142740453,0.29906729614439337,1.3233378701598018
mango_instrument,inst17057,17057,SCP,0.2,3,19,0.0002429485321044922,2570,0.6770428015564203,2.705067470962888,2.705067470962888,5.058554324315046,1.0,1.3564597142740453,0.29906729614439337,1.3233378701598018
mango_instrument,inst17057,17057,NCP-kNN,0.05,3,19,6.739631175994873,2570,0.8817120622568093,4.121057939604515,3.5994687656415696,6.517337489924646,1.0,1.3564597142740453,0.29906729614439337,1.3233378701598018
mango_instrument,inst17057,17057,NCP-kNN,0.1,3,19,0.0004944801330566406,2570,0.7992217898832685,3.460236880962826,3.0222857230544005,5.4859127263318115,1.0,1.3564597142740453,0.29906729614439337,1.3233378701598018
mango_instrument,inst17057,17057,NCP-kNN,0.2,3,19,0.0003783702850341797,2570,0.6731517509727627,2.746429472556093,2.398822644180491,4.5645299099004415,1.0,1.3564597142740453,0.29906729614439337,1.3233378701598018
mango_instrument,inst17057,17057,CV+,0.05,3,19,0.14287447929382324,2570,0.8883268482490272,4.267140574494266,4.266109886467914,6.865224793102171,1.0,1.3564597142740453,0.29906729614439337,1.3233378701598018
mango_instrument,inst17057,17057,CV+,0.1,3,19,0.1275031566619873,2570,0.7961089494163424,3.4712786548714942,3.4696927708862644,6.001998354511482,1.0,1.3564597142740453,0.29906729614439337,1.3233378701598018
mango_instrument,inst17057,17057,CV+,0.2,3,19,0.13529467582702637,2570,0.6603112840466926,2.638088802226818,2.6369179912348004,5.008642945396259,1.0,1.3564597142740453,0.29906729614439337,1.3233378701598018
mango_instrument,inst17057,17057,CQR,0.05,3,19,0.0005211830139160156,2570,0.8653696498054475,5.347458519342863,5.169162688609613,10.681669488528662,1.0,1.3564597142740453,0.29906729614439337,1.3233378701598018
mango_instrument,inst17057,17057,CQR,0.1,3,19,0.0003230571746826172,2570,0.7957198443579766,3.9633597697012823,3.718679508267363,7.615897027480819,1.0,1.3564597142740453,0.29906729614439337,1.3233378701598018
mango_instrument,inst17057,17057,CQR,0.2,3,19,0.0003476142883300781,2570,0.6412451361867705,2.873177433538844,2.7456148422126727,5.966573547495993,1.0,1.3564597142740453,0.29906729614439337,1.3233378701598018
mango_instrument,inst17057,17057,WCP,0.05,3,19,0.06388139724731445,2570,0.8525291828793774,inf,3.101130424287824,inf,0.8669260700389105,1.3564597142740453,0.29906729614439337,1.3233378701598018
mango_instrument,inst17057,17057,WCP,0.1,3,19,0.008432149887084961,2570,0.8392996108949417,inf,3.101130424287824,inf,0.8848249027237354,1.3564597142740453,0.29906729614439337,1.3233378701598018
mango_instrument,inst17057,17057,WCP,0.2,3,19,0.006453275680541992,2570,0.822568093385214,inf,3.101130424287824,inf,0.9019455252918288,1.3564597142740453,0.29906729614439337,1.3233378701598018
mango_instrument,inst17057,17057,R-U-A,0.05,3,19,0.005293846130371094,2570,0.888715953307393,4.266218430223049,4.266218430223049,6.869263132133794,1.0,1.3564597142740453,0.29906729614439337,1.3233378701598018
mango_instrument,inst17057,17057,R-U-A,0.1,3,19,0.004804134368896484,2570,0.7953307392996108,3.4692782801225666,3.469278280122566,6.01027362867456,1.0,1.3564597142740453,0.29906729614439337,1.3233378701598018
mango_instrument,inst17057,17057,R-U-A,0.2,3,19,0.003778696060180664,2570,0.6583657587548638,2.634821822072489,2.634821822072489,5.010264944340773,1.0,1.3564597142740453,0.29906729614439337,1.3233378701598018
mango_instrument,inst17057,17057,R-U-D,0.05,3,19,0.16790127754211426,2570,0.9626459143968872,5.075541085094157,5.000606690423202,5.823548833016473,1.0,1.3564597142740453,0.29906729614439337,1.3233378701598018
mango_instrument,inst17057,17057,R-U-D,0.1,3,19,0.006812572479248047,2570,0.8906614785992218,4.169729848689004,4.108168691579955,5.188643835967273,1.0,1.3564597142740453,0.29906729614439337,1.3233378701598018
mango_instrument,inst17057,17057,R-U-D,0.2,3,19,0.004840850830078125,2570,0.7649805447470817,3.175974070857401,3.129084549030992,4.5515994998157,1.0,1.3564597142740453,0.29906729614439337,1.3233378701598018
mango_instrument,inst17057,17057,G-U-A,0.05,3,19,0.003972291946411133,2570,0.9459143968871595,5.230137728488529,5.230137728488529,6.273047540027813,1.0,1.3564597142740453,0.29906729614439337,1.3233378701598018
mango_instrument,inst17057,17057,G-U-A,0.1,3,19,0.003213167190551758,2570,0.8883268482490272,4.2549903522736585,4.2549903522736585,5.569040010895902,1.0,1.3564597142740453,0.29906729614439337,1.3233378701598018
mango_instrument,inst17057,17057,G-U-A,0.2,3,19,0.0028607845306396484,2570,0.7603112840466926,3.2179864220544157,3.217986422054416,4.766398446449784,1.0,1.3564597142740453,0.29906729614439337,1.3233378701598018
mango_instrument,inst17057,17057,G-W-A,0.05,3,19,0.013410568237304688,2570,0.9739299610894941,5.980210649291045,5.980210649291045,6.451969920616242,1.0,1.3564597142740453,0.29906729614439337,1.3233378701598018
mango_instrument,inst17057,17057,G-W-A,0.1,3,19,0.014663219451904297,2570,0.9272373540856031,4.8646963864134065,4.8646963864134065,5.61773728762632,1.0,1.3564597142740453,0.29906729614439337,1.3233378701598018
mango_instrument,inst17057,17057,G-W-A,0.2,3,19,0.013178348541259766,2570,0.8272373540856031,3.732919728921665,3.732919728921665,4.755785716099595,1.0,1.3564597142740453,0.29906729614439337,1.3233378701598018
mango_instrument,inst17057,17057,G-U-D,0.05,3,19,0.1190488338470459,2570,0.980544747081712,5.636476334630784,5.436102356941491,6.040748030499102,1.0,1.3564597142740453,0.29906729614439337,1.3233378701598018
mango_instrument,inst17057,17057,G-U-D,0.1,3,19,0.004848957061767578,2570,0.9439688715953307,4.652839751195423,4.487433573089124,5.185417079460552,1.0,1.3564597142740453,0.29906729614439337,1.3233378701598018
mango_instrument,inst17057,17057,G-U-D,0.2,3,19,0.0047724246978759766,2570,0.8249027237354085,3.564607430397375,3.4378873791942652,4.427624784643467,1.0,1.3564597142740453,0.29906729614439337,1.3233378701598018
mango_instrument,inst17057,17057,GC-D,0.05,3,19,0.014885902404785156,2570,0.9902723735408561,6.459095011909596,6.229477342469994,6.6411661676485165,1.0,1.3564597142740453,0.29906729614439337,1.3233378701598018
mango_instrument,inst17057,17057,GC-D,0.1,3,19,0.014878988265991211,2570,0.9723735408560311,5.3120692819547966,5.123227816366328,5.5862808665034605,1.0,1.3564597142740453,0.29906729614439337,1.3233378701598018
mango_instrument,inst17057,17057,GC-D,0.2,3,19,0.014652490615844727,2570,0.8953307392996109,4.101048476990142,3.9552582088784325,4.588589675363812,1.0,1.3564597142740453,0.29906729614439337,1.3233378701598018
mango_instrument,inst17057,17057,GC-D+,0.05,3,19,0.014703035354614258,2570,0.998443579766537,8.248065118726252,7.954850436722672,8.269644995911442,1.0,1.3564597142740453,0.29906729614439337,1.3233378701598018
mango_instrument,inst17057,17057,GC-D+,0.1,3,19,0.015179872512817383,2570,0.9832684824902723,5.883358733943899,5.67420820767444,6.043094987475266,1.0,1.3564597142740453,0.29906729614439337,1.3233378701598018
mango_instrument,inst17057,17057,GC-D+,0.2,3,19,0.014674663543701172,2570,0.9186770428015564,4.350475634360208,4.1958183527636885,4.721429448080476,1.0,1.3564597142740453,0.29906729614439337,1.3233378701598018
mango_instrument,inst17057,17057,HJ+,0.05,3,19,0.607581615447998,2570,0.9961089494163424,7.668453843120112,7.615760663749993,7.738036763491897,1.0,1.3564597142740453,0.29906729614439337,1.3233378701598018
mango_instrument,inst17057,17057,HJ+,0.1,3,19,0.594247579574585,2570,0.9653696498054475,5.53078325696344,5.499323571053077,5.871889059113122,1.0,1.3564597142740453,0.29906729614439337,1.3233378701598018
mango_instrument,inst17057,17057,HJ+,0.2,3,19,0.6897501945495605,2570,0.8665369649805448,4.057149593187744,4.031878149283756,4.790903487789172,1.0,1.3564597142740453,0.29906729614439337,1.3233378701598018
mango_instrument,inst17057,17057,HJ+-D,0.05,3,19,0.4943687915802002,2570,0.9992217898832685,8.43995905300408,8.050863350607594,8.45785312375949,1.0,1.3564597142740453,0.29906729614439337,1.3233378701598018
mango_instrument,inst17057,17057,HJ+-D,0.1,3,19,0.6088192462921143,2570,0.9848249027237355,6.033573872854046,5.772299168249055,6.17579304766675,1.0,1.3564597142740453,0.29906729614439337,1.3233378701598018
mango_instrument,inst17057,17057,HJ+-D,0.2,3,19,0.6952319145202637,2570,0.9233463035019456,4.443306368769682,4.25110533891656,4.780988891903447,1.0,1.3564597142740453,0.29906729614439337,1.3233378701598018
mango_instrument,inst17057,17057,HCP-D,0.05,3,19,1.1581206321716309,2570,1.0,inf,inf,inf,0.0,1.3564597142740453,0.29906729614439337,1.3233378701598018
mango_instrument,inst17057,17057,HCP-D,0.1,3,19,1.1379406452178955,2570,1.0,11.881187099962169,11.384602284901309,11.881187099962169,1.0,1.3564597142740453,0.29906729614439337,1.3233378701598018
mango_instrument,inst17057,17057,HCP-D,0.2,3,19,1.1587004661560059,2570,0.9922178988326849,6.729364146701662,6.448104368351931,6.769399682961159,1.0,1.3564597142740453,0.29906729614439337,1.3233378701598018
mango_instrument,inst17057,17057,HCP-A,0.05,3,19,0.26664066314697266,2570,1.0,inf,inf,inf,0.0,1.3564597142740453,0.29906729614439337,1.3233378701598018
mango_instrument,inst17057,17057,HCP-A,0.1,3,19,0.26484203338623047,2570,1.0,21.835137811438216,21.835137811438216,21.835137811438216,1.0,1.3564597142740453,0.29906729614439337,1.3233378701598018
mango_instrument,inst17057,17057,HCP-A,0.2,3,19,0.26206040382385254,2570,0.9793774319066147,6.023089230103459,6.023089230103459,6.115248949528449,1.0,1.3564597142740453,0.29906729614439337,1.3233378701598018
mango_instrument,inst17057,17057,ORACLE,0.05,3,19,0.0016281604766845703,2570,0.9494163424124513,5.322067762992879,5.057173045275329,6.370321244764454,1.0,1.3564597142740453,0.29906729614439337,1.3233378701598018
mango_instrument,inst17057,17057,ORACLE,0.1,3,19,0.0013935565948486328,2570,0.8949416342412452,4.409688517019521,4.193271417450186,5.605518544577198,1.0,1.3564597142740453,0.29906729614439337,1.3233378701598018
mango_instrument,inst17057,17057,ORACLE,0.2,3,19,0.0014035701751708984,2570,0.8003891050583658,3.5014340807541786,3.4299832285933594,4.744398821811044,1.0,1.3564597142740453,0.29906729614439337,1.3233378701598018
mango_instrument,inst18007,18007,ASTM-R,0.05,3,12,3.827784776687622,1946,0.9254881808838643,4.363532648121371,4.363494151709458,5.952319523387879,1.0,1.1782243872773905,-0.02195078944259479,1.178322687520832
mango_instrument,inst18007,18007,ASTM-R,0.1,3,12,0.0011780261993408203,1946,0.8828365878725591,3.6619782785453014,3.661945971459371,5.13286895744578,1.0,1.1782243872773905,-0.02195078944259479,1.178322687520832
mango_instrument,inst18007,18007,ASTM-R,0.2,3,12,0.0006680488586425781,1946,0.7980472764645427,2.8531398886071915,2.853114717339494,4.21522918096327,1.0,1.1782243872773905,-0.02195078944259479,1.178322687520832
mango_instrument,inst18007,18007,ASTM-G,0.05,3,12,0.0012242794036865234,1946,0.9660842754367934,5.341820640939784,5.341773513773717,5.939339324991209,1.0,1.1782243872773905,-0.02195078944259479,1.178322687520832
mango_instrument,inst18007,18007,ASTM-G,0.1,3,12,0.0010428428649902344,1946,0.9311408016443987,4.482980358455273,4.482940808239339,5.191463687730936,1.0,1.1782243872773905,-0.02195078944259479,1.178322687520832
mango_instrument,inst18007,18007,ASTM-G,0.2,3,12,0.0008771419525146484,1946,0.8674203494347379,3.4928033722887832,3.4927725577153197,4.333910885266266,1.0,1.1782243872773905,-0.02195078944259479,1.178322687520832
mango_instrument,inst18007,18007,GPR,0.05,3,12,13.766910552978516,1946,0.921377183967112,4.145242057675062,4.075164028322268,5.747210317701164,1.0,1.1782243872773905,-0.02195078944259479,1.178322687520832
mango_instrument,inst18007,18007,GPR,0.1,3,12,0.00015163421630859375,1946,0.8643371017471737,3.4787967977680303,3.41998546161095,4.999444895594267,1.0,1.1782243872773905,-0.02195078944259479,1.178322687520832
mango_instrument,inst18007,18007,GPR,0.2,3,12,0.0001342296600341797,1946,0.7677286742034943,2.7104280948414705,2.6646065343762,4.17055514204544,1.0,1.1782243872773905,-0.02195078944259479,1.178322687520832
mango_instrument,inst18007,18007,BAG,0.05,3,12,16.696738481521606,1946,0.9260020554984584,4.383063076476391,4.3813851520383835,5.946042887017328,1.0,1.1782243872773905,-0.02195078944259479,1.178322687520832
mango_instrument,inst18007,18007,BAG,0.1,3,12,0.0001239776611328125,1946,0.8828365878725591,3.678382488334921,3.6769743297568205,5.13093098106584,1.0,1.1782243872773905,-0.02195078944259479,1.178322687520832
mango_instrument,inst18007,18007,BAG,0.2,3,12,0.00010013580322265625,1946,0.8016443987667009,2.8659309006931704,2.8648337648746782,4.212724972396731,1.0,1.1782243872773905,-0.02195078944259479,1.178322687520832
mango_instrument,inst18007,18007,QGB,0.05,3,12,4.7139129638671875,1946,0.868448098663926,4.008447701962382,3.8770155703532447,6.702883738888839,1.0,1.1782243872773905,-0.02195078944259479,1.178322687520832
mango_instrument,inst18007,18007,QGB,0.1,3,12,3.967379331588745,1946,0.7728674203494348,2.921741260758671,2.79657869648692,5.435651733357299,1.0,1.1782243872773905,-0.02195078944259479,1.178322687520832
mango_instrument,inst18007,18007,QGB,0.2,3,12,4.17252516746521,1946,0.6269270298047277,2.148809879856045,2.0149038351568205,4.548327787142301,1.0,1.1782243872773905,-0.02195078944259479,1.178322687520832
mango_instrument,inst18007,18007,SCP,0.05,3,12,0.0003483295440673828,1946,0.9234326824254881,4.340319560435411,4.340319560435411,5.9684043179799176,1.0,1.1782243872773905,-0.02195078944259479,1.178322687520832
mango_instrument,inst18007,18007,SCP,0.1,3,12,0.00026917457580566406,1946,0.8776978417266187,3.624292821902063,3.6242928219020634,5.141982290171523,1.0,1.1782243872773905,-0.02195078944259479,1.178322687520832
mango_instrument,inst18007,18007,SCP,0.2,3,12,0.0002467632293701172,1946,0.7908530318602262,2.7892660020077815,2.789266002007782,4.218407613797438,1.0,1.1782243872773905,-0.02195078944259479,1.178322687520832
mango_instrument,inst18007,18007,NCP-kNN,0.05,3,12,5.962219715118408,1946,0.8720452209660843,3.8837786739801916,3.672300743254601,6.824750545651807,1.0,1.1782243872773905,-0.02195078944259479,1.178322687520832
mango_instrument,inst18007,18007,NCP-kNN,0.1,3,12,0.00034046173095703125,1946,0.817060637204522,3.212400400869247,3.0374800857675446,5.577257939118295,1.0,1.1782243872773905,-0.02195078944259479,1.178322687520832
mango_instrument,inst18007,18007,NCP-kNN,0.2,3,12,0.00025844573974609375,1946,0.7225077081192189,2.5501629607789456,2.4113025283934206,4.401629829621841,1.0,1.1782243872773905,-0.02195078944259479,1.178322687520832
mango_instrument,inst18007,18007,CV+,0.05,3,12,0.09555482864379883,1946,0.9265159301130524,4.397740962140851,4.3955273886697555,5.937819705253853,1.0,1.1782243872773905,-0.02195078944259479,1.178322687520832
mango_instrument,inst18007,18007,CV+,0.1,3,12,0.0927271842956543,1946,0.8792394655704008,3.628322863987688,3.6264471691200537,5.141951568444575,1.0,1.1782243872773905,-0.02195078944259479,1.178322687520832
mango_instrument,inst18007,18007,CV+,0.2,3,12,0.09977555274963379,1946,0.7872559095580678,2.7740610948894777,2.7730788670733872,4.22059307119533,1.0,1.1782243872773905,-0.02195078944259479,1.178322687520832
mango_instrument,inst18007,18007,CQR,0.05,3,12,0.00037670135498046875,1946,0.9131551901336074,4.492684338951854,4.361252207342716,6.147726314069284,1.0,1.1782243872773905,-0.02195078944259479,1.178322687520832
mango_instrument,inst18007,18007,CQR,0.1,3,12,0.00033020973205566406,1946,0.8314491264131552,3.3097683895722003,3.184605825300449,5.060621984453163,1.0,1.1782243872773905,-0.02195078944259479,1.178322687520832
mango_instrument,inst18007,18007,CQR,0.2,3,12,0.00036787986755371094,1946,0.696813977389517,2.4429626126360193,2.3090565679367954,4.344889217182347,1.0,1.1782243872773905,-0.02195078944259479,1.178322687520832
mango_instrument,inst18007,18007,WCP,0.05,3,12,0.02351093292236328,1946,0.9301130524152107,inf,4.044763112623663,inf,0.9157245632065776,1.1782243872773905,-0.02195078944259479,1.178322687520832
mango_instrument,inst18007,18007,WCP,0.1,3,12,0.004087686538696289,1946,0.9110996916752312,inf,4.044763112623663,inf,0.9558067831449126,1.1782243872773905,-0.02195078944259479,1.178322687520832
mango_instrument,inst18007,18007,WCP,0.2,3,12,0.0038869380950927734,1946,0.868448098663926,inf,3.3686736364381478,inf,0.9825282631038027,1.1782243872773905,-0.02195078944259479,1.178322687520832
mango_instrument,inst18007,18007,R-U-A,0.05,3,12,0.003409147262573242,1946,0.9260020554984584,4.376870266195596,4.376870266195596,5.9458673833606746,1.0,1.1782243872773905,-0.02195078944259479,1.178322687520832
mango_instrument,inst18007,18007,R-U-A,0.1,3,12,0.0030066967010498047,1946,0.8776978417266187,3.6123379053894955,3.612337905389495,5.1428252454689165,1.0,1.1782243872773905,-0.02195078944259479,1.178322687520832
mango_instrument,inst18007,18007,R-U-A,0.2,3,12,0.0028226375579833984,1946,0.7857142857142857,2.762171742055177,2.762171742055177,4.218422696537699,1.0,1.1782243872773905,-0.02195078944259479,1.178322687520832
mango_instrument,inst18007,18007,R-U-D,0.05,3,12,0.10904383659362793,1946,0.9439876670092497,4.6458517223659435,4.638855720698626,5.748230716464304,1.0,1.1782243872773905,-0.02195078944259479,1.178322687520832
mango_instrument,inst18007,18007,R-U-D,0.1,3,12,0.0056760311126708984,1946,0.8961973278520041,3.8287807188877574,3.823015111654927,5.039357764045658,1.0,1.1782243872773905,-0.02195078944259479,1.178322687520832
mango_instrument,inst18007,18007,R-U-D,0.2,3,12,0.005537271499633789,1946,0.8165467625899281,2.941441066387124,2.9370116683274103,4.180531584812954,1.0,1.1782243872773905,-0.02195078944259479,1.178322687520832
mango_instrument,inst18007,18007,G-U-A,0.05,3,12,0.0034470558166503906,1946,0.9588900308324769,5.046493717100233,5.046493717100233,5.864901100484481,1.0,1.1782243872773905,-0.02195078944259479,1.178322687520832
mango_instrument,inst18007,18007,G-U-A,0.1,3,12,0.002979755401611328,1946,0.9121274409044193,4.192044195666412,4.192044195666412,5.125893383740747,1.0,1.1782243872773905,-0.02195078944259479,1.178322687520832
mango_instrument,inst18007,18007,G-U-A,0.2,3,12,0.003148317337036133,1946,0.8448098663926003,3.23951339922327,3.23951339922327,4.262131656510313,1.0,1.1782243872773905,-0.02195078944259479,1.178322687520832
mango_instrument,inst18007,18007,G-W-A,0.05,3,12,0.013725996017456055,1946,0.9630010277492291,5.223871581691106,5.223871581691107,5.903469837965221,1.0,1.1782243872773905,-0.02195078944259479,1.178322687520832
mango_instrument,inst18007,18007,G-W-A,0.1,3,12,0.013370037078857422,1946,0.9280575539568345,4.425052434778572,4.425052434778571,5.1742880832817715,1.0,1.1782243872773905,-0.02195078944259479,1.178322687520832
mango_instrument,inst18007,18007,G-W-A,0.2,3,12,0.013492822647094727,1946,0.8669064748201439,3.4882644753600687,3.4882644753600687,4.332420871776602,1.0,1.1782243872773905,-0.02195078944259479,1.178322687520832
mango_instrument,inst18007,18007,G-U-D,0.05,3,12,0.12893986701965332,1946,0.9676258992805755,5.18338581648072,5.210191366807386,5.775341886709074,1.0,1.1782243872773905,-0.02195078944259479,1.178322687520832
mango_instrument,inst18007,18007,G-U-D,0.1,3,12,0.005684852600097656,1946,0.9244604316546763,4.3073669748927665,4.329642249454386,5.05453257073826,1.0,1.1782243872773905,-0.02195078944259479,1.178322687520832
mango_instrument,inst18007,18007,G-U-D,0.2,3,12,0.0053098201751708984,1946,0.8576567317574512,3.3637427430627524,3.3811381248802572,4.243778559885703,1.0,1.1782243872773905,-0.02195078944259479,1.178322687520832
mango_instrument,inst18007,18007,GC-D,0.05,3,12,0.015494346618652344,1946,0.9691675231243576,5.322316260255246,5.349840280542351,5.825054467951447,1.0,1.1782243872773905,-0.02195078944259479,1.178322687520832
mango_instrument,inst18007,18007,GC-D,0.1,3,12,0.014941930770874023,1946,0.9357656731757451,4.457880429257353,4.4809340745825335,5.098367615901244,1.0,1.1782243872773905,-0.02195078944259479,1.178322687520832
mango_instrument,inst18007,18007,GC-D,0.2,3,12,0.015045642852783203,1946,0.8761562178828366,3.5594154807618406,3.577822771706634,4.306468310232638,1.0,1.1782243872773905,-0.02195078944259479,1.178322687520832
mango_instrument,inst18007,18007,GC-D+,0.05,3,12,0.015062332153320312,1946,0.9886947584789312,6.294342109642198,6.326892899833585,6.401711499858649,1.0,1.1782243872773905,-0.02195078944259479,1.178322687520832
mango_instrument,inst18007,18007,GC-D+,0.1,3,12,0.016857385635375977,1946,0.9594039054470709,4.891349607362463,4.916644910993652,5.295971906057437,1.0,1.1782243872773905,-0.02195078944259479,1.178322687520832
mango_instrument,inst18007,18007,GC-D+,0.2,3,12,0.015572786331176758,1946,0.8910585817060637,3.7550198917245847,3.7744387384492946,4.3878378095026935,1.0,1.1782243872773905,-0.02195078944259479,1.178322687520832
mango_instrument,inst18007,18007,HJ+,0.05,3,12,0.4953277111053467,1946,0.9902363823227133,6.558285439217613,6.558392311643181,6.688206216425481,1.0,1.1782243872773905,-0.02195078944259479,1.178322687520832
mango_instrument,inst18007,18007,HJ+,0.1,3,12,0.4891529083251953,1946,0.9573484069886947,4.9827267595971465,4.981774845542463,5.400472034832866,1.0,1.1782243872773905,-0.02195078944259479,1.178322687520832
mango_instrument,inst18007,18007,HJ+,0.2,3,12,0.5437562465667725,1946,0.8931140801644398,3.7736875419788976,3.7743330847578074,4.4225066038336545,1.0,1.1782243872773905,-0.02195078944259479,1.178322687520832
mango_instrument,inst18007,18007,HJ+-D,0.05,3,12,0.4878714084625244,1946,0.9933196300102775,6.474004595825453,6.514560353732814,6.545880335306951,1.0,1.1782243872773905,-0.02195078944259479,1.178322687520832
mango_instrument,inst18007,18007,HJ+-D,0.1,3,12,0.5630526542663574,1946,0.9640287769784173,5.020054500833301,5.050083215520409,5.3611569693739805,1.0,1.1782243872773905,-0.02195078944259479,1.178322687520832
mango_instrument,inst18007,18007,HJ+-D,0.2,3,12,0.5833301544189453,1946,0.8977389516957862,3.836120395369548,3.8583208931601547,4.410993101430255,1.0,1.1782243872773905,-0.02195078944259479,1.178322687520832
mango_instrument,inst18007,18007,HCP-D,0.05,3,12,0.8281116485595703,1946,1.0,inf,inf,inf,0.0,1.1782243872773905,-0.02195078944259479,1.178322687520832
mango_instrument,inst18007,18007,HCP-D,0.1,3,12,0.8367037773132324,1946,0.9964028776978417,13.362245466968162,13.350460218965289,13.942480480717887,1.0,1.1782243872773905,-0.02195078944259479,1.178322687520832
mango_instrument,inst18007,18007,HCP-D,0.2,3,12,0.8713438510894775,1946,0.8766700924974307,5.644362302754741,5.639384081862117,6.976347110473891,1.0,1.1782243872773905,-0.02195078944259479,1.178322687520832
mango_instrument,inst18007,18007,HCP-A,0.05,3,12,0.2613844871520996,1946,1.0,inf,inf,inf,0.0,1.1782243872773905,-0.02195078944259479,1.178322687520832
mango_instrument,inst18007,18007,HCP-A,0.1,3,12,0.2879374027252197,1946,0.9964028776978417,13.82352816693992,13.823528166939916,14.397639836818161,1.0,1.1782243872773905,-0.02195078944259479,1.178322687520832
mango_instrument,inst18007,18007,HCP-A,0.2,3,12,0.2536602020263672,1946,0.8874614594039054,5.787550787751605,5.787550787751606,7.067381827870165,1.0,1.1782243872773905,-0.02195078944259479,1.178322687520832
mango_instrument,inst18007,18007,ORACLE,0.05,3,12,0.0015976428985595703,1946,0.9434737923946557,4.785583645972311,4.526637127737681,5.9360438541091955,1.0,1.1782243872773905,-0.02195078944259479,1.178322687520832
mango_instrument,inst18007,18007,ORACLE,0.1,3,12,0.0013434886932373047,1946,0.8910585817060637,3.9071575154385916,3.5684810783467444,5.214753246643058,1.0,1.1782243872773905,-0.02195078944259479,1.178322687520832
mango_instrument,inst18007,18007,ORACLE,0.2,3,12,0.0014493465423583984,1946,0.7939362795477903,2.862727535919677,2.6409898186057337,4.2709943949094775,1.0,1.1782243872773905,-0.02195078944259479,1.178322687520832
mango_instrument,inst18029,18029,ASTM-R,0.05,3,13,3.937056541442871,2022,0.8026706231454006,4.365713067186428,4.365630455582045,9.91345132008007,1.0,1.6753352460040778,-0.8067472083423667,1.4686639782457274
mango_instrument,inst18029,18029,ASTM-R,0.1,3,13,0.0010745525360107422,2022,0.7166172106824926,3.663808495466708,3.663739165876488,8.103054021262489,1.0,1.6753352460040778,-0.8067472083423667,1.4686639782457274
mango_instrument,inst18029,18029,ASTM-R,0.2,3,13,0.0006546974182128906,2022,0.5914935707220573,2.8545661182755717,2.854512101833535,6.472260852742909,1.0,1.6753352460040778,-0.8067472083423667,1.4686639782457274
mango_instrument,inst18029,18029,ASTM-G,0.05,3,13,0.0012888908386230469,2022,0.9228486646884273,5.69626432848217,5.696156539095207,7.722445691528056,1.0,1.6753352460040778,-0.8067472083423667,1.4686639782457274
mango_instrument,inst18029,18029,ASTM-G,0.1,3,13,0.0010528564453125,2022,0.8501483679525222,4.780438228059509,4.780347768685383,6.834301547314882,1.0,1.6753352460040778,-0.8067472083423667,1.4686639782457274
mango_instrument,inst18029,18029,ASTM-G,0.2,3,13,0.0008957386016845703,2022,0.728486646884273,3.724560662276019,3.7244901830834563,5.860106386356018,1.0,1.6753352460040778,-0.8067472083423667,1.4686639782457274
mango_instrument,inst18029,18029,GPR,0.05,3,13,14.189903259277344,2022,0.7546983184965381,4.3560477702213545,3.9295057831867277,12.447029133746382,1.0,1.6753352460040778,-0.8067472083423667,1.4686639782457274
mango_instrument,inst18029,18029,GPR,0.1,3,13,0.0001506805419921875,2022,0.6607319485657764,3.6557105286319307,3.2977452088836507,9.711285585124132,1.0,1.6753352460040778,-0.8067472083423667,1.4686639782457274
mango_instrument,inst18029,18029,GPR,0.2,3,13,0.000102996826171875,2022,0.5415430267062314,2.848266541399887,2.569365727116298,7.47978860868492,1.0,1.6753352460040778,-0.8067472083423667,1.4686639782457274
mango_instrument,inst18029,18029,BAG,0.05,3,13,17.76425337791443,2022,0.8031651829871415,4.374940551449816,4.368907993086102,9.906687225144346,1.0,1.6753352460040778,-0.8067472083423667,1.4686639782457274
mango_instrument,inst18029,18029,BAG,0.1,3,13,0.00017905235290527344,2022,0.7156280909990109,3.6715658504500657,3.6665031678790507,8.107609093967314,1.0,1.6753352460040778,-0.8067472083423667,1.4686639782457274
mango_instrument,inst18029,18029,BAG,0.2,3,13,0.00015234947204589844,2022,0.592482690405539,2.8606198670486283,2.8566753891519747,6.478896135472734,1.0,1.6753352460040778,-0.8067472083423667,1.4686639782457274
mango_instrument,inst18029,18029,QGB,0.05,3,13,4.888495683670044,2022,0.8827893175074184,4.826556939868961,4.759834842573244,9.853388451737782,1.0,1.6753352460040778,-0.8067472083423667,1.4686639782457274
mango_instrument,inst18029,18029,QGB,0.1,3,13,4.3482747077941895,2022,0.7997032640949555,3.752427229523325,3.662001298308205,7.615993124850139,1.0,1.6753352460040778,-0.8067472083423667,1.4686639782457274
mango_instrument,inst18029,18029,QGB,0.2,3,13,4.448347330093384,2022,0.6864490603363007,2.834235750758824,2.7589195517177485,5.867815996814697,1.0,1.6753352460040778,-0.8067472083423667,1.4686639782457274
mango_instrument,inst18029,18029,SCP,0.05,3,13,0.0003743171691894531,2022,0.811078140454995,4.503187419800923,4.503187419800923,9.645829859362774,1.0,1.6753352460040778,-0.8067472083423667,1.4686639782457274
mango_instrument,inst18029,18029,SCP,0.1,3,13,0.0002779960632324219,2022,0.7190900098911969,3.693658558226201,3.6936585582262005,8.144211300260013,1.0,1.6753352460040778,-0.8067472083423667,1.4686639782457274
mango_instrument,inst18029,18029,SCP,0.2,3,13,0.00029587745666503906,2022,0.5816023738872403,2.8071362974502985,2.807136297450299,6.583741054296661,1.0,1.6753352460040778,-0.8067472083423667,1.4686639782457274
mango_instrument,inst18029,18029,NCP-kNN,0.05,3,13,7.5676655769348145,2022,0.8076162215628091,4.592076676245927,4.557075321571698,10.798227997669317,1.0,1.6753352460040778,-0.8067472083423667,1.4686639782457274
mango_instrument,inst18029,18029,NCP-kNN,0.1,3,13,0.00034117698669433594,2022,0.7032640949554896,3.7409990111559632,3.712484671684514,8.635899957029634,1.0,1.6753352460040778,-0.8067472083423667,1.4686639782457274
mango_instrument,inst18029,18029,NCP-kNN,0.2,3,13,0.0002651214599609375,2022,0.5939663699307616,2.982068254072327,2.9593385751095482,6.619284305774422,1.0,1.6753352460040778,-0.8067472083423667,1.4686639782457274
mango_instrument,inst18029,18029,CV+,0.05,3,13,0.09522032737731934,2022,0.8086053412462908,4.403355315911095,4.402740375364001,9.791688794431941,1.0,1.6753352460040778,-0.8067472083423667,1.4686639782457274
mango_instrument,inst18029,18029,CV+,0.1,3,13,0.08949518203735352,2022,0.7077151335311572,3.599066305403983,3.5985816108641897,8.215125338031669,1.0,1.6753352460040778,-0.8067472083423667,1.4686639782457274
mango_instrument,inst18029,18029,CV+,0.2,3,13,0.09609270095825195,2022,0.5722057368941642,2.7603266014623293,2.759754084660937,6.5715954473608855,1.0,1.6753352460040778,-0.8067472083423667,1.4686639782457274
mango_instrument,inst18029,18029,CQR,0.05,3,13,0.00038623809814453125,2022,0.9169139465875371,5.322212640551918,5.2554905432562,9.34545350734835,1.0,1.6753352460040778,-0.8067472083423667,1.4686639782457274
mango_instrument,inst18029,18029,CQR,0.1,3,13,0.0003445148468017578,2022,0.8387734915924827,4.121276855625834,4.030850924410714,7.314081603793963,1.0,1.6753352460040778,-0.8067472083423667,1.4686639782457274
mango_instrument,inst18029,18029,CQR,0.2,3,13,0.00034165382385253906,2022,0.7141444114737884,3.060996942697239,2.9856807436561636,5.753475295114054,1.0,1.6753352460040778,-0.8067472083423667,1.4686639782457274
mango_instrument,inst18029,18029,WCP,0.05,3,13,0.03142523765563965,2022,0.9441147378832839,inf,inf,inf,0.129080118694362,1.6753352460040778,-0.8067472083423667,1.4686639782457274
mango_instrument,inst18029,18029,WCP,0.1,3,13,0.004540920257568359,2022,0.9065281899109793,inf,inf,inf,0.19683481701285854,1.6753352460040778,-0.8067472083423667,1.4686639782457274
mango_instrument,inst18029,18029,WCP,0.2,3,13,0.003968715667724609,2022,0.837784371909001,inf,inf,inf,0.291295746785361,1.6753352460040778,-0.8067472083423667,1.4686639782457274
mango_instrument,inst18029,18029,R-U-A,0.05,3,13,0.003529787063598633,2022,0.80811078140455,4.4022804969142975,4.4022804969142975,9.808326361706127,1.0,1.6753352460040778,-0.8067472083423667,1.4686639782457274
mango_instrument,inst18029,18029,R-U-A,0.1,3,13,0.0032083988189697266,2022,0.7077151335311572,3.596249613491132,3.596249613491132,8.230397470096726,1.0,1.6753352460040778,-0.8067472083423667,1.4686639782457274
mango_instrument,inst18029,18029,R-U-A,0.2,3,13,0.0030961036682128906,2022,0.5717111770524234,2.759543525165924,2.759543525165924,6.576168229318508,1.0,1.6753352460040778,-0.8067472083423667,1.4686639782457274
mango_instrument,inst18029,18029,R-U-D,0.05,3,13,0.10810518264770508,2022,0.8699307616221563,5.166087741135618,4.956323362423671,8.839970577550895,1.0,1.6753352460040778,-0.8067472083423667,1.4686639782457274
mango_instrument,inst18029,18029,R-U-D,0.1,3,13,0.005037546157836914,2022,0.7848664688427299,4.2573865269573155,4.084519149453677,7.512736644660689,1.0,1.6753352460040778,-0.8067472083423667,1.4686639782457274
mango_instrument,inst18029,18029,R-U-D,0.2,3,13,0.004757881164550781,2022,0.6572700296735905,3.2757934793607597,3.1427828108590843,6.228274503259805,1.0,1.6753352460040778,-0.8067472083423667,1.4686639782457274
mango_instrument,inst18029,18029,G-U-A,0.05,3,13,0.003598451614379883,2022,0.8813056379821959,5.150542183043004,5.1505421830430045,8.248420324654152,1.0,1.6753352460040778,-0.8067472083423667,1.4686639782457274
mango_instrument,inst18029,18029,G-U-A,0.1,3,13,0.003419637680053711,2022,0.787833827893175,4.230862384512633,4.230862384512633,7.2833800992239235,1.0,1.6753352460040778,-0.8067472083423667,1.4686639782457274
mango_instrument,inst18029,18029,G-U-A,0.2,3,13,0.003152132034301758,2022,0.6513353115727003,3.2214370101035286,3.2214370101035286,6.141858707326034,1.0,1.6753352460040778,-0.8067472083423667,1.4686639782457274
mango_instrument,inst18029,18029,G-W-A,0.05,3,13,0.014097929000854492,2022,0.920375865479723,5.665632934923855,5.665632934923856,7.739971626878838,1.0,1.6753352460040778,-0.8067472083423667,1.4686639782457274
mango_instrument,inst18029,18029,G-W-A,0.1,3,13,0.014420509338378906,2022,0.8333333333333334,4.640351160616497,4.640351160616497,6.91646496277111,1.0,1.6753352460040778,-0.8067472083423667,1.4686639782457274
mango_instrument,inst18029,18029,G-W-A,0.2,3,13,0.01364898681640625,2022,0.7077151335311572,3.6000297404663613,3.6000297404663613,5.911579299228209,1.0,1.6753352460040778,-0.8067472083423667,1.4686639782457274
mango_instrument,inst18029,18029,G-U-D,0.05,3,13,0.10915112495422363,2022,0.9129574678536103,6.264610664375731,5.7394911991222575,8.486852037430989,1.0,1.6753352460040778,-0.8067472083423667,1.4686639782457274
mango_instrument,inst18029,18029,G-U-D,0.1,3,13,0.004950046539306641,2022,0.8550939663699307,5.192776288851985,4.757501368498321,7.377856484600501,1.0,1.6753352460040778,-0.8067472083423667,1.4686639782457274
mango_instrument,inst18029,18029,G-U-D,0.2,3,13,0.004754066467285156,2022,0.7344213649851632,3.9642879635529713,3.6319888172756722,6.130386519063134,1.0,1.6753352460040778,-0.8067472083423667,1.4686639782457274
mango_instrument,inst18029,18029,GC-D,0.05,3,13,0.015421152114868164,2022,0.9297725024727992,6.728436156495994,6.164437372567832,8.327289584154997,1.0,1.6753352460040778,-0.8067472083423667,1.4686639782457274
mango_instrument,inst18029,18029,GC-D,0.1,3,13,0.015479087829589844,2022,0.8793273986152325,5.660966278421852,5.186446193423233,7.307070825535777,1.0,1.6753352460040778,-0.8067472083423667,1.4686639782457274
mango_instrument,inst18029,18029,GC-D,0.2,3,13,0.01525425910949707,2022,0.7853610286844708,4.411374638366641,4.0415992739844935,6.107330124833141,1.0,1.6753352460040778,-0.8067472083423667,1.4686639782457274
mango_instrument,inst18029,18029,GC-D+,0.05,3,13,0.015380144119262695,2022,0.9757665677546983,8.197235251262672,7.51011708505674,8.65598260902854,1.0,1.6753352460040778,-0.8067472083423667,1.4686639782457274
mango_instrument,inst18029,18029,GC-D+,0.1,3,13,0.015018463134765625,2022,0.9104846686449061,6.168382938099798,5.651329584991477,7.35209869009501,1.0,1.6753352460040778,-0.8067472083423667,1.4686639782457274
mango_instrument,inst18029,18029,GC-D+,0.2,3,13,0.015442609786987305,2022,0.8130563798219584,4.70589202624591,4.311429283586532,6.1426760424752835,1.0,1.6753352460040778,-0.8067472083423667,1.4686639782457274
mango_instrument,inst18029,18029,HJ+,0.05,3,13,0.48021697998046875,2022,0.9747774480712166,7.2085001191825455,7.1659511312808615,7.804161481682849,1.0,1.6753352460040778,-0.8067472083423667,1.4686639782457274
mango_instrument,inst18029,18029,HJ+,0.1,3,13,0.5302925109863281,2022,0.8911968348170128,5.270378532116222,5.2279919109101955,6.658013670629214,1.0,1.6753352460040778,-0.8067472083423667,1.4686639782457274
mango_instrument,inst18029,18029,HJ+,0.2,3,13,0.5889639854431152,2022,0.755192878338279,3.9242885534728225,3.8873056324661164,5.782769630687432,1.0,1.6753352460040778,-0.8067472083423667,1.4686639782457274
mango_instrument,inst18029,18029,HJ+-D,0.05,3,13,0.45090365409851074,2022,0.9762611275964391,8.33169341523523,7.64440004811854,8.725646774979852,1.0,1.6753352460040778,-0.8067472083423667,1.4686639782457274
mango_instrument,inst18029,18029,HJ+-D,0.1,3,13,0.526637077331543,2022,0.9119683481701286,6.2724936618824385,5.7345546061853545,7.4037958386721225,1.0,1.6753352460040778,-0.8067472083423667,1.4686639782457274
mango_instrument,inst18029,18029,HJ+-D,0.2,3,13,0.6315183639526367,2022,0.8155291790306627,4.741952384110915,4.324423984194432,6.154548664439057,1.0,1.6753352460040778,-0.8067472083423667,1.4686639782457274
mango_instrument,inst18029,18029,HCP-D,0.05,3,13,0.9261281490325928,2022,1.0,inf,inf,inf,0.0,1.6753352460040778,-0.8067472083423667,1.4686639782457274
mango_instrument,inst18029,18029,HCP-D,0.1,3,13,0.9264717102050781,2022,1.0,15.504890879685366,15.445912123853617,15.504890879685366,1.0,1.6753352460040778,-0.8067472083423667,1.4686639782457274
mango_instrument,inst18029,18029,HCP-D,0.2,3,13,0.9821252822875977,2022,0.8466864490603363,5.448329951091511,5.427605153711784,6.517946585806875,1.0,1.6753352460040778,-0.8067472083423667,1.4686639782457274
mango_instrument,inst18029,18029,HCP-A,0.05,3,13,0.28919267654418945,2022,1.0,inf,inf,inf,0.0,1.6753352460040778,-0.8067472083423667,1.4686639782457274
mango_instrument,inst18029,18029,HCP-A,0.1,3,13,0.29270315170288086,2022,1.0,15.692235104850784,15.69223510485078,15.692235104850784,1.0,1.6753352460040778,-0.8067472083423667,1.4686639782457274
mango_instrument,inst18029,18029,HCP-A,0.2,3,13,0.30080699920654297,2022,0.8758654797230465,5.816496604158314,5.8164966041583135,6.650182127029525,1.0,1.6753352460040778,-0.8067472083423667,1.4686639782457274
mango_instrument,inst18029,18029,ORACLE,0.05,3,13,0.0013279914855957031,2022,0.9584569732937686,6.372351625858033,6.6289697063094675,7.677150693248772,1.0,1.6753352460040778,-0.8067472083423667,1.4686639782457274
mango_instrument,inst18029,18029,ORACLE,0.1,3,13,0.0010497570037841797,2022,0.900593471810089,5.434154281695551,5.463439311382187,6.678941861101954,1.0,1.6753352460040778,-0.8067472083423667,1.4686639782457274
mango_instrument,inst18029,18029,ORACLE,0.2,3,13,0.0010905265808105469,2022,0.8021760633036598,4.362796999923041,4.4235615240715145,5.756604512388186,1.0,1.6753352460040778,-0.8067472083423667,1.4686639782457274
mango_instrument,inst18030,18030,ASTM-R,0.05,3,13,4.421774387359619,702,0.9857549857549858,4.573593086043206,4.57354683581764,4.691321024454842,1.0,0.9798866846225895,0.10996573102926638,0.9743910551628151
mango_instrument,inst18030,18030,ASTM-R,0.1,3,13,0.0009167194366455078,702,0.9529914529914529,3.8382668132213773,3.838227998945041,4.0974709841825465,1.0,0.9798866846225895,0.10996573102926638,0.9743910551628151
mango_instrument,inst18030,18030,ASTM-R,0.2,3,13,0.0006771087646484375,702,0.8504273504273504,2.9904914154234308,2.9904611742323333,3.4838207427489185,1.0,0.9798866846225895,0.10996573102926638,0.9743910551628151
mango_instrument,inst18030,18030,ASTM-G,0.05,3,13,0.001291513442993164,702,0.9985754985754985,5.661239061183841,5.661181812194123,5.663538377995784,1.0,0.9798866846225895,0.10996573102926638,0.9743910551628151
mango_instrument,inst18030,18030,ASTM-G,0.1,3,13,0.001089334487915039,702,0.9914529914529915,4.751044879039159,4.750996834341436,4.790406417465547,1.0,0.9798866846225895,0.10996573102926638,0.9743910551628151
mango_instrument,inst18030,18030,ASTM-G,0.2,3,13,0.0008661746978759766,702,0.9444444444444444,3.701660050342778,3.7016226174953264,3.8661835125681656,1.0,0.9798866846225895,0.10996573102926638,0.9743910551628151
mango_instrument,inst18030,18030,GPR,0.05,3,13,12.750666379928589,702,0.9729344729344729,4.076305470943053,4.003435095806275,4.246629827085418,1.0,0.9798866846225895,0.10996573102926638,0.9743910551628151
mango_instrument,inst18030,18030,GPR,0.1,3,13,0.00015020370483398438,702,0.9472934472934473,3.420943390455339,3.3597886438444373,3.7746111280528907,1.0,0.9798866846225895,0.10996573102926638,0.9743910551628151
mango_instrument,inst18030,18030,GPR,0.2,3,13,9.632110595703125e-05,702,0.8803418803418803,2.6653528835893416,2.6177055063543584,3.1716916923031246,1.0,0.9798866846225895,0.10996573102926638,0.9743910551628151
mango_instrument,inst18030,18030,BAG,0.05,3,13,19.707287788391113,702,0.9857549857549858,4.578363442786535,4.578076630335433,4.699570483951705,1.0,0.9798866846225895,0.10996573102926638,0.9743910551628151
mango_instrument,inst18030,18030,BAG,0.1,3,13,0.00021648406982421875,702,0.9529914529914529,3.8422837224413104,3.8420430218446793,4.103824355446518,1.0,0.9798866846225895,0.10996573102926638,0.9743910551628151
mango_instrument,inst18030,18030,BAG,0.2,3,13,0.00017452239990234375,702,0.8532763532763533,2.993630946291168,2.993443409709565,3.4895258921563195,1.0,0.9798866846225895,0.10996573102926638,0.9743910551628151
mango_instrument,inst18030,18030,QGB,0.05,3,13,5.22154688835144,702,0.8803418803418803,3.8960137390730827,3.8224479602882315,5.77077292573892,1.0,0.9798866846225895,0.10996573102926638,0.9743910551628151
mango_instrument,inst18030,18030,QGB,0.1,3,13,4.486268520355225,702,0.8205128205128205,3.110064197428147,3.051890923347935,4.328607505526316,1.0,0.9798866846225895,0.10996573102926638,0.9743910551628151
mango_instrument,inst18030,18030,QGB,0.2,3,13,4.545444011688232,702,0.6737891737891738,2.2524037681031785,2.1966498858856616,3.6440665735614877,1.0,0.9798866846225895,0.10996573102926638,0.9743910551628151
mango_instrument,inst18030,18030,SCP,0.05,3,13,0.00042057037353515625,702,0.9943019943019943,4.90813172997312,4.908131729973121,4.969062606782046,1.0,0.9798866846225895,0.10996573102926638,0.9743910551628151
mango_instrument,inst18030,18030,SCP,0.1,3,13,0.0002913475036621094,702,0.9601139601139601,3.9429649131983457,3.9429649131983453,4.1504502580927225,1.0,0.9798866846225895,0.10996573102926638,0.9743910551628151
mango_instrument,inst18030,18030,SCP,0.2,3,13,0.000255584716796875,702,0.8561253561253561,2.9771742059674087,2.9771742059674082,3.451272482535387,1.0,0.9798866846225895,0.10996573102926638,0.9743910551628151
mango_instrument,inst18030,18030,NCP-kNN,0.05,3,13,7.08342981338501,702,0.9686609686609686,4.115806213380787,4.074765659174621,4.4697824440266745,1.0,0.9798866846225895,0.10996573102926638,0.9743910551628151
mango_instrument,inst18030,18030,NCP-kNN,0.1,3,13,0.0003859996795654297,702,0.9145299145299145,3.4047503874318834,3.370800090554546,3.9329193880970257,1.0,0.9798866846225895,0.10996573102926638,0.9743910551628151
mango_instrument,inst18030,18030,NCP-kNN,0.2,3,13,0.0002906322479248047,702,0.8304843304843305,2.7434499969929775,2.7160938236271246,3.405473004597844,1.0,0.9798866846225895,0.10996573102926638,0.9743910551628151
mango_instrument,inst18030,18030,CV+,0.05,3,13,0.038130998611450195,702,0.9871794871794872,4.616703665425785,4.616775008432744,4.723176380199549,1.0,0.9798866846225895,0.10996573102926638,0.9743910551628151
mango_instrument,inst18030,18030,CV+,0.1,3,13,0.03592944145202637,702,0.9472934472934473,3.7718824312529065,3.771943952157894,4.063494172723888,1.0,0.9798866846225895,0.10996573102926638,0.9743910551628151
mango_instrument,inst18030,18030,CV+,0.2,3,13,0.03940629959106445,702,0.8347578347578347,2.881259543184465,2.8812536779948292,3.4614437180860844,1.0,0.9798866846225895,0.10996573102926638,0.9743910551628151
mango_instrument,inst18030,18030,CQR,0.05,3,13,0.00041413307189941406,702,0.9387464387464387,4.556571942116142,4.483006163331291,5.300935519293519,1.0,0.9798866846225895,0.10996573102926638,0.9743910551628151
mango_instrument,inst18030,18030,CQR,0.1,3,13,0.00038695335388183594,702,0.9074074074074074,3.574895243188908,3.516721969108697,4.184687185748954,1.0,0.9798866846225895,0.10996573102926638,0.9743910551628151
mango_instrument,inst18030,18030,CQR,0.2,3,13,0.00034880638122558594,702,0.7592592592592593,2.591181221237676,2.535427339020158,3.50503710191068,1.0,0.9798866846225895,0.10996573102926638,0.9743910551628151
mango_instrument,inst18030,18030,WCP,0.05,3,13,0.02809286117553711,702,0.9472934472934473,inf,3.316263263692597,inf,0.9515669515669516,0.9798866846225895,0.10996573102926638,0.9743910551628151
mango_instrument,inst18030,18030,WCP,0.1,3,13,0.004128932952880859,702,0.8091168091168092,inf,2.647112945327624,inf,0.9786324786324786,0.9798866846225895,0.10996573102926638,0.9743910551628151
mango_instrument,inst18030,18030,WCP,0.2,3,13,0.0039517879486083984,702,0.7962962962962963,inf,2.647112945327624,inf,0.99002849002849,0.9798866846225895,0.10996573102926638,0.9743910551628151
mango_instrument,inst18030,18030,R-U-A,0.05,3,13,0.0036754608154296875,702,0.9871794871794872,4.610541411317037,4.610541411317037,4.718484443935555,1.0,0.9798866846225895,0.10996573102926638,0.9743910551628151
mango_instrument,inst18030,18030,R-U-A,0.1,3,13,0.0033333301544189453,702,0.9472934472934473,3.7691514856892288,3.7691514856892283,4.062302293755627,1.0,0.9798866846225895,0.10996573102926638,0.9743910551628151
mango_instrument,inst18030,18030,R-U-A,0.2,3,13,0.002993345260620117,702,0.8333333333333334,2.87715869464919,2.8771586946491894,3.460161335823984,1.0,0.9798866846225895,0.10996573102926638,0.9743910551628151
mango_instrument,inst18030,18030,R-U-D,0.05,3,13,0.11504650115966797,702,0.9943019943019943,4.531598996041897,4.529636402846528,4.551452083328904,1.0,0.9798866846225895,0.10996573102926638,0.9743910551628151
mango_instrument,inst18030,18030,R-U-D,0.1,3,13,0.005055427551269531,702,0.9558404558404558,3.730535286330277,3.7289196263448217,3.938024018409509,1.0,0.9798866846225895,0.10996573102926638,0.9743910551628151
mango_instrument,inst18030,18030,R-U-D,0.2,3,13,0.0049474239349365234,702,0.8461538461538461,2.864147371125183,2.8629069356528447,3.353558117501705,1.0,0.9798866846225895,0.10996573102926638,0.9743910551628151
mango_instrument,inst18030,18030,G-U-A,0.05,3,13,0.005362510681152344,702,0.9971509971509972,5.360021356669591,5.360021356669591,5.3717618178183395,1.0,0.9798866846225895,0.10996573102926638,0.9743910551628151
mango_instrument,inst18030,18030,G-U-A,0.1,3,13,0.0041806697845458984,702,0.98005698005698,4.353667205692858,4.353667205692858,4.447587592929785,1.0,0.9798866846225895,0.10996573102926638,0.9743910551628151
mango_instrument,inst18030,18030,G-U-A,0.2,3,13,0.004769325256347656,702,0.9045584045584045,3.278342004170771,3.2783420041707707,3.5992888111527805,1.0,0.9798866846225895,0.10996573102926638,0.9743910551628151
mango_instrument,inst18030,18030,G-W-A,0.05,3,13,0.01619696617126465,702,0.9985754985754985,5.611497512325371,5.611497512325371,5.615246489005469,1.0,0.9798866846225895,0.10996573102926638,0.9743910551628151
mango_instrument,inst18030,18030,G-W-A,0.1,3,13,0.01769876480102539,702,0.9886039886039886,4.659878094369727,4.659878094369727,4.707562747226998,1.0,0.9798866846225895,0.10996573102926638,0.9743910551628151
mango_instrument,inst18030,18030,G-W-A,0.2,3,13,0.015012979507446289,702,0.9358974358974359,3.5945663847121563,3.594566384712156,3.7920982825547185,1.0,0.9798866846225895,0.10996573102926638,0.9743910551628151
mango_instrument,inst18030,18030,G-U-D,0.05,3,13,0.11250615119934082,702,0.9971509971509972,4.806027440449384,4.832777384433579,4.82110933634262,1.0,0.9798866846225895,0.10996573102926638,0.9743910551628151
mango_instrument,inst18030,18030,G-U-D,0.1,3,13,0.005578279495239258,702,0.9615384615384616,3.966057555839153,3.988132298185376,4.099250454888176,1.0,0.9798866846225895,0.10996573102926638,0.9743910551628151
mango_instrument,inst18030,18030,G-U-D,0.2,3,13,0.00500178337097168,702,0.8646723646723646,3.0346360329547375,3.0515265615461367,3.449132537337741,1.0,0.9798866846225895,0.10996573102926638,0.9743910551628151
mango_instrument,inst18030,18030,GC-D,0.05,3,13,0.01607203483581543,702,0.9985754985754985,5.090935081264586,5.119270797183484,5.0916736102071525,1.0,0.9798866846225895,0.10996573102926638,0.9743910551628151
mango_instrument,inst18030,18030,GC-D,0.1,3,13,0.016542673110961914,702,0.9843304843304843,4.234420496939832,4.25798892481549,4.297028902804742,1.0,0.9798866846225895,0.10996573102926638,0.9743910551628151
mango_instrument,inst18030,18030,GC-D,0.2,3,13,0.01656818389892578,702,0.9116809116809117,3.277856073113621,3.296100343965275,3.557686062322904,1.0,0.9798866846225895,0.10996573102926638,0.9743910551628151
mango_instrument,inst18030,18030,GC-D+,0.05,3,13,0.0165708065032959,702,1.0,6.170062686265333,6.204404735552746,6.170062686265333,1.0,0.9798866846225895,0.10996573102926638,0.9743910551628151
mango_instrument,inst18030,18030,GC-D+,0.1,3,13,0.01682734489440918,702,0.9943019943019943,4.673426579223569,4.699438477981431,4.686871809817688,1.0,0.9798866846225895,0.10996573102926638,0.9743910551628151
mango_instrument,inst18030,18030,GC-D+,0.2,3,13,0.016005754470825195,702,0.9287749287749287,3.4870026078707435,3.5064109707211593,3.6854298497379836,1.0,0.9798866846225895,0.10996573102926638,0.9743910551628151
mango_instrument,inst18030,18030,HJ+,0.05,3,13,0.28047847747802734,702,1.0,7.098046669035221,7.0906805433150755,7.098046669035221,1.0,0.9798866846225895,0.10996573102926638,0.9743910551628151
mango_instrument,inst18030,18030,HJ+,0.1,3,13,0.30550718307495117,702,0.9943019943019943,5.225873489597924,5.218924405987175,5.239277440197901,1.0,0.9798866846225895,0.10996573102926638,0.9743910551628151
mango_instrument,inst18030,18030,HJ+,0.2,3,13,0.3455219268798828,702,0.9558404558404558,3.882422389140787,3.876301638073488,4.000613286599953,1.0,0.9798866846225895,0.10996573102926638,0.9743910551628151
mango_instrument,inst18030,18030,HJ+-D,0.05,3,13,0.27992844581604004,702,1.0,6.2734931134818765,6.292944439266377,6.2734931134818765,1.0,0.9798866846225895,0.10996573102926638,0.9743910551628151
mango_instrument,inst18030,18030,HJ+-D,0.1,3,13,0.30330991744995117,702,0.9971509971509972,4.771227955455246,4.789510824299971,4.779167303494292,1.0,0.9798866846225895,0.10996573102926638,0.9743910551628151
mango_instrument,inst18030,18030,HJ+-D,0.2,3,13,0.3538646697998047,702,0.9358974358974359,3.5443135136392505,3.552872782637044,3.708169305316386,1.0,0.9798866846225895,0.10996573102926638,0.9743910551628151
mango_instrument,inst18030,18030,HCP-D,0.05,3,13,0.9038841724395752,702,1.0,inf,inf,inf,0.0,0.9798866846225895,0.10996573102926638,0.9743910551628151
mango_instrument,inst18030,18030,HCP-D,0.1,3,13,0.923992395401001,702,1.0,15.312666935340806,15.217491209292259,15.312666935340806,1.0,0.9798866846225895,0.10996573102926638,0.9743910551628151
mango_instrument,inst18030,18030,HCP-D,0.2,3,13,0.9133942127227783,702,0.9871794871794872,5.920300356067539,5.883502789243059,5.952529591248602,1.0,0.9798866846225895,0.10996573102926638,0.9743910551628151
mango_instrument,inst18030,18030,HCP-A,0.05,3,13,0.2824900150299072,702,1.0,inf,inf,inf,0.0,0.9798866846225895,0.10996573102926638,0.9743910551628151
mango_instrument,inst18030,18030,HCP-A,0.1,3,13,0.2821056842803955,702,1.0,14.694527796182166,14.694527796182165,14.694527796182166,1.0,0.9798866846225895,0.10996573102926638,0.9743910551628151
mango_instrument,inst18030,18030,HCP-A,0.2,3,13,0.29144287109375,702,0.9928774928774928,6.045313758874055,6.045313758874055,6.06266361818706,1.0,0.9798866846225895,0.10996573102926638,0.9743910551628151
mango_instrument,inst18030,18030,ORACLE,0.05,3,13,0.0006716251373291016,702,0.9472934472934473,3.8048582896244625,3.678196590695956,4.395315948012301,1.0,0.9798866846225895,0.10996573102926638,0.9743910551628151
mango_instrument,inst18030,18030,ORACLE,0.1,3,13,0.0005211830139160156,702,0.9102564102564102,3.2829510299186513,3.2128882165393335,3.9311546626702594,1.0,0.9798866846225895,0.10996573102926638,0.9743910551628151
mango_instrument,inst18030,18030,ORACLE,0.2,3,13,0.000457763671875,702,0.8034188034188035,2.729274979745749,2.660936973519428,3.453001488960136,1.0,0.9798866846225895,0.10996573102926638,0.9743910551628151
mango_instrument,inst18044,18044,ASTM-R,0.05,3,13,4.342692852020264,1066,0.8846153846153846,4.366496367670717,4.366477594623061,6.398117242837295,1.0,1.379393361983963,0.5465256959928944,1.2670997780453068
mango_instrument,inst18044,18044,ASTM-R,0.1,3,13,0.0008690357208251953,1066,0.8067542213883677,3.664466119770206,3.6644503649885003,5.745637825053978,1.0,1.379393361983963,0.5465256959928944,1.2670997780453068
mango_instrument,inst18044,18044,ASTM-R,0.2,3,13,0.0007240772247314453,1066,0.651031894934334,2.855078679807781,2.8550664048569736,4.962593435251251,1.0,1.379393361983963,0.5465256959928944,1.2670997780453068
mango_instrument,inst18044,18044,ASTM-G,0.05,3,13,0.0013360977172851562,1066,0.9559099437148217,5.264073671782142,5.264051039745475,5.918527405762231,1.0,1.379393361983963,0.5465256959928944,1.2670997780453068
mango_instrument,inst18044,18044,ASTM-G,0.1,3,13,0.0011162757873535156,1066,0.8874296435272045,4.417734036158185,4.417715042822428,5.375178484298786,1.0,1.379393361983963,0.5465256959928944,1.2670997780453068
mango_instrument,inst18044,18044,ASTM-G,0.2,3,13,0.0009300708770751953,1066,0.7795497185741088,3.4419688564312203,3.4419540582406514,4.713982333160406,1.0,1.379393361983963,0.5465256959928944,1.2670997780453068
mango_instrument,inst18044,18044,GPR,0.05,3,13,12.978836059570312,1066,0.8874296435272045,3.8140099699816505,3.7857355266472617,5.713339498645777,1.0,1.379393361983963,0.5465256959928944,1.2670997780453068
mango_instrument,inst18044,18044,GPR,0.1,3,13,0.00012803077697753906,1066,0.8142589118198874,3.200818066983816,3.1770894061331845,5.062194004701174,1.0,1.379393361983963,0.5465256959928944,1.2670997780453068
mango_instrument,inst18044,18044,GPR,0.2,3,13,9.703636169433594e-05,1066,0.6566604127579737,2.4938470740214815,2.4753594092450335,4.333661775173484,1.0,1.379393361983963,0.5465256959928944,1.2670997780453068
mango_instrument,inst18044,18044,BAG,0.05,3,13,18.53980779647827,1066,0.8846153846153846,4.372229226385238,4.37178226486092,6.37212965408885,1.0,1.379393361983963,0.5465256959928944,1.2670997780453068
mango_instrument,inst18044,18044,BAG,0.1,3,13,0.00010895729064941406,1066,0.8095684803001876,3.669290434727382,3.668915332791747,5.713323473515051,1.0,1.379393361983963,0.5465256959928944,1.2670997780453068
mango_instrument,inst18044,18044,BAG,0.2,3,13,9.131431579589844e-05,1066,0.6566604127579737,2.8588470268798196,2.8585547744477635,4.928363161173382,1.0,1.379393361983963,0.5465256959928944,1.2670997780453068
mango_instrument,inst18044,18044,QGB,0.05,3,13,4.8872599601745605,1066,0.801125703564728,4.126663448468949,4.105292243529926,8.115141599215834,1.0,1.379393361983963,0.5465256959928944,1.2670997780453068
mango_instrument,inst18044,18044,QGB,0.1,3,13,4.262030124664307,1066,0.6838649155722326,3.115483329808789,3.060630111126126,7.1361950302918125,1.0,1.379393361983963,0.5465256959928944,1.2670997780453068
mango_instrument,inst18044,18044,QGB,0.2,3,13,4.576076030731201,1066,0.5966228893058161,2.3307164281702257,2.2886491919382292,5.3025550583725884,1.0,1.379393361983963,0.5465256959928944,1.2670997780453068
mango_instrument,inst18044,18044,SCP,0.05,3,13,0.0005366802215576172,1066,0.8818011257035647,4.331124061607247,4.331124061607248,6.431265963467233,1.0,1.379393361983963,0.5465256959928944,1.2670997780453068
mango_instrument,inst18044,18044,SCP,0.1,3,13,0.0002815723419189453,1066,0.798311444652908,3.5877534321811457,3.5877534321811453,5.802058450195982,1.0,1.379393361983963,0.5465256959928944,1.2670997780453068
mango_instrument,inst18044,18044,SCP,0.2,3,13,0.0002586841583251953,1066,0.6360225140712945,2.742805596245378,2.742805596245379,5.029423755526505,1.0,1.379393361983963,0.5465256959928944,1.2670997780453068
mango_instrument,inst18044,18044,NCP-kNN,0.05,3,13,7.642340660095215,1066,0.8076923076923077,3.7945006452309715,3.701325147490894,7.746213757317034,1.0,1.379393361983963,0.5465256959928944,1.2670997780453068
mango_instrument,inst18044,18044,NCP-kNN,0.1,3,13,0.0003731250762939453,1066,0.700750469043152,3.1624146360819436,3.084760265895506,6.555623397965011,1.0,1.379393361983963,0.5465256959928944,1.2670997780453068
mango_instrument,inst18044,18044,NCP-kNN,0.2,3,13,0.0003077983856201172,1066,0.5787992495309568,2.5447076140604667,2.482221289584265,5.292440166928909,1.0,1.379393361983963,0.5465256959928944,1.2670997780453068
mango_instrument,inst18044,18044,CV+,0.05,3,13,0.05253243446350098,1066,0.8874296435272045,4.410230347972773,4.410144286181355,6.3440783809044845,1.0,1.379393361983963,0.5465256959928944,1.2670997780453068
mango_instrument,inst18044,18044,CV+,0.1,3,13,0.049570560455322266,1066,0.798311444652908,3.604614913624145,3.6046734423854536,5.804304639010222,1.0,1.379393361983963,0.5465256959928944,1.2670997780453068
mango_instrument,inst18044,18044,CV+,0.2,3,13,0.0537419319152832,1066,0.6341463414634146,2.747324922539833,2.7472531665411637,5.046178694774372,1.0,1.379393361983963,0.5465256959928944,1.2670997780453068
mango_instrument,inst18044,18044,CQR,0.05,3,13,0.0004398822784423828,1066,0.8602251407129456,4.555855261454528,4.534484056515504,7.089644157795924,1.0,1.379393361983963,0.5465256959928944,1.2670997780453068
mango_instrument,inst18044,18044,CQR,0.1,3,13,0.0003745555877685547,1066,0.7307692307692307,3.428854607460259,3.3740013887775957,6.531473961195189,1.0,1.379393361983963,0.5465256959928944,1.2670997780453068
mango_instrument,inst18044,18044,CQR,0.2,3,13,0.00031280517578125,1066,0.6322701688555347,2.5383050776888667,2.496237841456871,5.108038905208139,1.0,1.379393361983963,0.5465256959928944,1.2670997780453068
mango_instrument,inst18044,18044,WCP,0.05,3,13,0.025982141494750977,1066,1.0,13.803584116828771,13.80358411682877,13.803584116828771,1.0,1.379393361983963,0.5465256959928944,1.2670997780453068
mango_instrument,inst18044,18044,WCP,0.1,3,13,0.004711151123046875,1066,1.0,13.803584116828771,13.80358411682877,13.803584116828771,1.0,1.379393361983963,0.5465256959928944,1.2670997780453068
mango_instrument,inst18044,18044,WCP,0.2,3,13,0.004225015640258789,1066,1.0,13.803584116828771,13.80358411682877,13.803584116828771,1.0,1.379393361983963,0.5465256959928944,1.2670997780453068
mango_instrument,inst18044,18044,R-U-A,0.05,3,13,0.003577709197998047,1066,0.8874296435272045,4.410516730412418,4.410516730412418,6.34163003692954,1.0,1.379393361983963,0.5465256959928944,1.2670997780453068
mango_instrument,inst18044,18044,R-U-A,0.1,3,13,0.0033414363861083984,1066,0.798311444652908,3.602287252469612,3.602287252469612,5.806418975038361,1.0,1.379393361983963,0.5465256959928944,1.2670997780453068
mango_instrument,inst18044,18044,R-U-A,0.2,3,13,0.002915620803833008,1066,0.6341463414634146,2.747938873561037,2.7479388735610364,5.047381592031106,1.0,1.379393361983963,0.5465256959928944,1.2670997780453068
mango_instrument,inst18044,18044,R-U-D,0.05,3,13,0.11326742172241211,1066,0.8771106941838649,4.392969390000308,4.378098284301352,6.499893485389143,1.0,1.379393361983963,0.5465256959928944,1.2670997780453068
mango_instrument,inst18044,18044,R-U-D,0.1,3,13,0.0051822662353515625,1066,0.7879924953095685,3.6093076068443777,3.597089357601937,5.914173371903239,1.0,1.379393361983963,0.5465256959928944,1.2670997780453068
mango_instrument,inst18044,18044,R-U-D,0.2,3,13,0.004839897155761719,1066,0.6360225140712945,2.7648375130460425,2.755477968909328,5.09465089660267,1.0,1.379393361983963,0.5465256959928944,1.2670997780453068
mango_instrument,inst18044,18044,G-U-A,0.05,3,13,0.0038814544677734375,1066,0.9530956848030019,5.238366082696295,5.238366082696295,5.916751093051359,1.0,1.379393361983963,0.5465256959928944,1.2670997780453068
mango_instrument,inst18044,18044,G-U-A,0.1,3,13,0.0030450820922851562,1066,0.8696060037523452,4.237913525421802,4.237913525421803,5.412027716288508,1.0,1.379393361983963,0.5465256959928944,1.2670997780453068
mango_instrument,inst18044,18044,G-U-A,0.2,3,13,0.002853870391845703,1066,0.726078799249531,3.2214804981959375,3.2214804981959375,4.763049506691121,1.0,1.379393361983963,0.5465256959928944,1.2670997780453068
mango_instrument,inst18044,18044,G-W-A,0.05,3,13,0.014526844024658203,1066,0.9596622889305816,5.298946666581578,5.298946666581578,5.924512632982143,1.0,1.379393361983963,0.5465256959928944,1.2670997780453068
mango_instrument,inst18044,18044,G-W-A,0.1,3,13,0.013852357864379883,1066,0.8846153846153846,4.36442296769713,4.364422967697131,5.382612660384587,1.0,1.379393361983963,0.5465256959928944,1.2670997780453068
mango_instrument,inst18044,18044,G-W-A,0.2,3,13,0.014060258865356445,1066,0.7579737335834896,3.3294345242720524,3.3294345242720524,4.731533818115064,1.0,1.379393361983963,0.5465256959928944,1.2670997780453068
mango_instrument,inst18044,18044,G-U-D,0.05,3,13,0.11328721046447754,1066,0.9212007504690432,4.907959750132125,4.874763121030295,6.1586630752526395,1.0,1.379393361983963,0.5465256959928944,1.2670997780453068
mango_instrument,inst18044,18044,G-U-D,0.1,3,13,0.005265951156616211,1066,0.8367729831144465,4.05317790977228,4.0257628838542665,5.677815207449379,1.0,1.379393361983963,0.5465256959928944,1.2670997780453068
mango_instrument,inst18044,18044,G-U-D,0.2,3,13,0.0055348873138427734,1066,0.6969981238273921,3.1067809920912377,3.085767238607972,4.955850857749796,1.0,1.379393361983963,0.5465256959928944,1.2670997780453068
mango_instrument,inst18044,18044,GC-D,0.05,3,13,0.016258955001831055,1066,0.925891181988743,4.956390498272638,4.9228662915896955,6.135557765333541,1.0,1.379393361983963,0.5465256959928944,1.2670997780453068
mango_instrument,inst18044,18044,GC-D,0.1,3,13,0.016501665115356445,1066,0.8470919324577861,4.140337333765295,4.112332775899521,5.632618000779861,1.0,1.379393361983963,0.5465256959928944,1.2670997780453068
mango_instrument,inst18044,18044,GC-D,0.2,3,13,0.016027212142944336,1066,0.7120075046904315,3.2079705519436716,3.1862723689910517,4.913003934919212,1.0,1.379393361983963,0.5465256959928944,1.2670997780453068
mango_instrument,inst18044,18044,GC-D+,0.05,3,13,0.016162395477294922,1066,0.9821763602251408,6.060664098464419,6.019670767542729,6.320575903051443,1.0,1.379393361983963,0.5465256959928944,1.2670997780453068
mango_instrument,inst18044,18044,GC-D+,0.1,3,13,0.015837430953979492,1066,0.8883677298311444,4.5742443164520825,4.543304883423864,5.498601448297217,1.0,1.379393361983963,0.5465256959928944,1.2670997780453068
mango_instrument,inst18044,18044,GC-D+,0.2,3,13,0.01626873016357422,1066,0.7514071294559099,3.4164391303944694,3.3933309004099774,4.851791682740637,1.0,1.379393361983963,0.5465256959928944,1.2670997780453068
mango_instrument,inst18044,18044,HJ+,0.05,3,13,0.3290596008300781,1066,0.9934333958724203,6.697032686842584,6.695689851320771,6.799552091135992,1.0,1.379393361983963,0.5465256959928944,1.2670997780453068
mango_instrument,inst18044,18044,HJ+,0.1,3,13,0.4220759868621826,1066,0.926829268292683,4.940655086789539,4.939884839596315,5.495480379277403,1.0,1.379393361983963,0.5465256959928944,1.2670997780453068
mango_instrument,inst18044,18044,HJ+,0.2,3,13,0.4130971431732178,1066,0.7823639774859287,3.621953921105544,3.620399600351429,4.788093286045349,1.0,1.379393361983963,0.5465256959928944,1.2670997780453068
mango_instrument,inst18044,18044,HJ+-D,0.05,3,13,0.3249702453613281,1066,0.9831144465290806,6.136879338995921,6.096960385815896,6.368926785544151,1.0,1.379393361983963,0.5465256959928944,1.2670997780453068
mango_instrument,inst18044,18044,HJ+-D,0.1,3,13,0.3630807399749756,1066,0.8911819887429644,4.623417244290483,4.594976764227618,5.548693793132896,1.0,1.379393361983963,0.5465256959928944,1.2670997780453068
mango_instrument,inst18044,18044,HJ+-D,0.2,3,13,0.40902256965637207,1066,0.7392120075046904,3.4555595497768556,3.430066607756772,4.9222043599426195,1.0,1.379393361983963,0.5465256959928944,1.2670997780453068
mango_instrument,inst18044,18044,HCP-D,0.05,3,13,0.8336234092712402,1066,1.0,inf,inf,inf,0.0,1.379393361983963,0.5465256959928944,1.2670997780453068
mango_instrument,inst18044,18044,HCP-D,0.1,3,13,0.8367607593536377,1066,1.0,15.071776973923033,15.298147788468967,15.071776973923033,1.0,1.379393361983963,0.5465256959928944,1.2670997780453068
mango_instrument,inst18044,18044,HCP-D,0.2,3,13,0.8260810375213623,1066,0.950281425891182,5.212637150567209,5.290928444271189,5.4299003159249075,1.0,1.379393361983963,0.5465256959928944,1.2670997780453068
mango_instrument,inst18044,18044,HCP-A,0.05,3,13,0.2933785915374756,1066,1.0,inf,inf,inf,0.0,1.379393361983963,0.5465256959928944,1.2670997780453068
mango_instrument,inst18044,18044,HCP-A,0.1,3,13,0.291825532913208,1066,1.0,14.471265746956055,14.471265746956057,14.471265746956055,1.0,1.379393361983963,0.5465256959928944,1.2670997780453068
mango_instrument,inst18044,18044,HCP-A,0.2,3,13,0.3080413341522217,1066,0.9737335834896811,5.647451718984314,5.647451718984314,5.763030693407888,1.0,1.379393361983963,0.5465256959928944,1.2670997780453068
mango_instrument,inst18044,18044,ORACLE,0.05,3,13,0.00090789794921875,1066,0.9512195121951219,5.24893479133254,5.6202906255623954,6.137291821443077,1.0,1.379393361983963,0.5465256959928944,1.2670997780453068
mango_instrument,inst18044,18044,ORACLE,0.1,3,13,0.0006384849548339844,1066,0.8958724202626641,4.546833151846114,4.794116361641938,5.457182560158977,1.0,1.379393361983963,0.5465256959928944,1.2670997780453068
mango_instrument,inst18044,18044,ORACLE,0.2,3,13,0.0006341934204101562,1066,0.7945590994371482,3.5834706863309074,3.7240443135455408,4.724001479055056,1.0,1.379393361983963,0.5465256959928944,1.2670997780453068
mango_instrument,inst30004,30004,ASTM-R,0.05,3,14,3.3259236812591553,2864,0.5467877094972067,4.59311429070893,4.59309355213366,19.879840433236627,1.0,2.4237546562703582,2.1579483607893035,1.103753088271816
mango_instrument,inst30004,30004,ASTM-R,0.1,3,14,0.0008368492126464844,2864,0.4259776536312849,3.854647028697763,3.854629624408978,15.308655897036642,1.0,2.4237546562703582,2.1579483607893035,1.103753088271816
mango_instrument,inst30004,30004,ASTM-R,0.2,3,14,0.0008802413940429688,2864,0.29329608938547486,3.0032518803571175,3.003238320240552,11.465081061173315,1.0,2.4237546562703582,2.1579483607893035,1.103753088271816
mango_instrument,inst30004,30004,ASTM-G,0.05,3,14,0.001585245132446289,2864,0.7269553072625698,5.6795286110663215,5.67950296717328,13.16122593333053,1.0,2.4237546562703582,2.1579483607893035,1.103753088271816
mango_instrument,inst30004,30004,ASTM-G,0.1,3,14,0.0014989376068115234,2864,0.5806564245810056,4.7663908841405505,4.766369363196404,11.651457736733278,1.0,2.4237546562703582,2.1579483607893035,1.103753088271816
mango_instrument,inst30004,30004,ASTM-G,0.2,3,14,0.0011429786682128906,2864,0.39629888268156427,3.7136143150695013,3.713597547563814,9.855738891564659,1.0,2.4237546562703582,2.1579483607893035,1.103753088271816
mango_instrument,inst30004,30004,GPR,0.05,3,14,18.015545129776,2864,0.977304469273743,9.833640112056933,9.82457712394423,10.119737416921884,1.0,2.4237546562703582,2.1579483607893035,1.103753088271816
mango_instrument,inst30004,30004,GPR,0.1,3,14,0.00019884109497070312,2864,0.9175977653631285,8.252650932383384,8.245045032996561,9.087753355340412,1.0,2.4237546562703582,2.1579483607893035,1.103753088271816
mango_instrument,inst30004,30004,GPR,0.2,3,14,0.00015997886657714844,2864,0.7601256983240223,6.42987166091531,6.423945691511808,8.076533041448963,1.0,2.4237546562703582,2.1579483607893035,1.103753088271816
mango_instrument,inst30004,30004,BAG,0.05,3,14,16.79464077949524,2864,0.5712290502793296,4.613659415431573,4.610730416516191,18.641293179733545,1.0,2.4237546562703582,2.1579483607893035,1.103753088271816
mango_instrument,inst30004,30004,BAG,0.1,3,14,0.0001251697540283203,2864,0.44238826815642457,3.8719050364449923,3.869446943068123,14.547334621901113,1.0,2.4237546562703582,2.1579483607893035,1.103753088271816
mango_instrument,inst30004,30004,BAG,0.2,3,14,0.0001316070556640625,2864,0.31075418994413406,3.0167097423085765,3.014794572858989,11.020214381522713,1.0,2.4237546562703582,2.1579483607893035,1.103753088271816
mango_instrument,inst30004,30004,QGB,0.05,3,14,4.3866660594940186,2864,0.9273743016759777,4.7437365906550575,4.684112512580981,6.06833874524501,1.0,2.4237546562703582,2.1579483607893035,1.103753088271816
mango_instrument,inst30004,30004,QGB,0.1,3,14,3.911647081375122,2864,0.8879189944134078,3.768633250664157,3.7101528600237224,4.984919752886071,1.0,2.4237546562703582,2.1579483607893035,1.103753088271816
mango_instrument,inst30004,30004,QGB,0.2,3,14,4.183127164840698,2864,0.765013966480447,2.966533343102682,2.9673324326902417,4.3772766606213125,1.0,2.4237546562703582,2.1579483607893035,1.103753088271816
mango_instrument,inst30004,30004,SCP,0.05,3,14,0.00031304359436035156,2864,0.556913407821229,4.703416381255671,4.703416381255671,19.413345150274385,1.0,2.4237546562703582,2.1579483607893035,1.103753088271816
mango_instrument,inst30004,30004,SCP,0.1,3,14,0.0003154277801513672,2864,0.4088687150837989,3.8326022042030488,3.8326022042030488,15.707808946122038,1.0,2.4237546562703582,2.1579483607893035,1.103753088271816
mango_instrument,inst30004,30004,SCP,0.2,3,14,0.0002608299255371094,2864,0.2702513966480447,2.9137873986881746,2.9137873986881733,11.897240692002066,1.0,2.4237546562703582,2.1579483607893035,1.103753088271816
mango_instrument,inst30004,30004,NCP-kNN,0.05,3,14,7.716074466705322,2864,0.8997905027932961,7.360456034530583,7.5353347355162725,10.097108623946342,1.0,2.4237546562703582,2.1579483607893035,1.103753088271816
mango_instrument,inst30004,30004,NCP-kNN,0.1,3,14,0.00030994415283203125,2864,0.7971368715083799,6.2095713467351565,6.357105924171737,8.957276617289832,1.0,2.4237546562703582,2.1579483607893035,1.103753088271816
mango_instrument,inst30004,30004,NCP-kNN,0.2,3,14,0.0002956390380859375,2864,0.6166201117318436,4.999236759796791,5.118014730396942,7.9886409355116355,1.0,2.4237546562703582,2.1579483607893035,1.103753088271816
mango_instrument,inst30004,30004,CV+,0.05,3,14,0.13254714012145996,2864,0.5516759776536313,4.6016114520565345,4.599760457031241,19.60682001848771,1.0,2.4237546562703582,2.1579483607893035,1.103753088271816
mango_instrument,inst30004,30004,CV+,0.1,3,14,0.12496018409729004,2864,0.4165502793296089,3.797122145643912,3.796984354091112,15.491432508099436,1.0,2.4237546562703582,2.1579483607893035,1.103753088271816
mango_instrument,inst30004,30004,CV+,0.2,3,14,0.1336221694946289,2864,0.2845670391061452,2.9162405580461233,2.91577886842441,11.633612557075109,1.0,2.4237546562703582,2.1579483607893035,1.103753088271816
mango_instrument,inst30004,30004,CQR,0.05,3,14,0.00039887428283691406,2864,0.9577513966480447,5.29823210155153,5.238608023477454,5.982065655545213,1.0,2.4237546562703582,2.1579483607893035,1.103753088271816
mango_instrument,inst30004,30004,CQR,0.1,3,14,0.0003139972686767578,2864,0.9196927374301676,4.204401079168539,4.145920688528104,5.004866120081672,1.0,2.4237546562703582,2.1579483607893035,1.103753088271816
mango_instrument,inst30004,30004,CQR,0.2,3,14,0.00032138824462890625,2864,0.803072625698324,3.2448074316473803,3.24560652123494,4.354914292047048,1.0,2.4237546562703582,2.1579483607893035,1.103753088271816
mango_instrument,inst30004,30004,WCP,0.05,3,14,0.0262603759765625,2864,1.0,inf,inf,inf,0.0,2.4237546562703582,2.1579483607893035,1.103753088271816
mango_instrument,inst30004,30004,WCP,0.1,3,14,0.004228115081787109,2864,1.0,inf,inf,inf,0.0,2.4237546562703582,2.1579483607893035,1.103753088271816
mango_instrument,inst30004,30004,WCP,0.2,3,14,0.003771543502807617,2864,1.0,inf,inf,inf,0.0,2.4237546562703582,2.1579483607893035,1.103753088271816
mango_instrument,inst30004,30004,R-U-A,0.05,3,14,0.0033931732177734375,2864,0.5471368715083799,4.595622081802553,4.595622081802553,19.858551968793435,1.0,2.4237546562703582,2.1579483607893035,1.103753088271816
mango_instrument,inst30004,30004,R-U-A,0.1,3,14,0.002774953842163086,2864,0.4130586592178771,3.791097568649465,3.791097568649464,15.613930810110178,1.0,2.4237546562703582,2.1579483607893035,1.103753088271816
mango_instrument,inst30004,30004,R-U-A,0.2,3,14,0.0025718212127685547,2864,0.28212290502793297,2.9117395660806835,2.9117395660806835,11.699768066276611,1.0,2.4237546562703582,2.1579483607893035,1.103753088271816
mango_instrument,inst30004,30004,R-U-D,0.05,3,14,0.09787440299987793,2864,0.7615223463687151,6.023937595462556,6.0361238684826795,12.078695033815348,1.0,2.4237546562703582,2.1579483607893035,1.103753088271816
mango_instrument,inst30004,30004,R-U-D,0.1,3,14,0.004518747329711914,2864,0.611731843575419,4.973296593088317,4.983357445999389,11.20197167881874,1.0,2.4237546562703582,2.1579483607893035,1.103753088271816
mango_instrument,inst30004,30004,R-U-D,0.2,3,14,0.0041484832763671875,2864,0.42493016759776536,3.8491437330670406,3.8569304532449173,9.657159765831201,1.0,2.4237546562703582,2.1579483607893035,1.103753088271816
mango_instrument,inst30004,30004,G-U-A,0.05,3,14,0.0031054019927978516,2864,0.6944832402234636,5.468043852275045,5.468043852275045,14.169699448775503,1.0,2.4237546562703582,2.1579483607893035,1.103753088271816
mango_instrument,inst30004,30004,G-U-A,0.1,3,14,0.0026230812072753906,2864,0.5206005586592178,4.443398119939116,4.443398119939117,12.781678547310078,1.0,2.4237546562703582,2.1579483607893035,1.103753088271816
mango_instrument,inst30004,30004,G-U-A,0.2,3,14,0.002523660659790039,2864,0.34252793296089384,3.332516166069787,3.3325161660697873,10.673200189047643,1.0,2.4237546562703582,2.1579483607893035,1.103753088271816
mango_instrument,inst30004,30004,G-W-A,0.05,3,14,0.012070178985595703,2864,0.7238128491620112,5.652550220900771,5.652550220900771,13.28110910164114,1.0,2.4237546562703582,2.1579483607893035,1.103753088271816
mango_instrument,inst30004,30004,G-W-A,0.1,3,14,0.011994123458862305,2864,0.5572625698324022,4.654742595044304,4.654742595044304,12.020893363975132,1.0,2.4237546562703582,2.1579483607893035,1.103753088271816
mango_instrument,inst30004,30004,G-W-A,0.2,3,14,0.011820077896118164,2864,0.3777932960893855,3.5698073149860075,3.569807314986008,10.1517365305261,1.0,2.4237546562703582,2.1579483607893035,1.103753088271816
mango_instrument,inst30004,30004,G-U-D,0.05,3,14,0.0979926586151123,2864,0.9409916201117319,7.943537677213463,7.9591488360028,9.03181923665523,1.0,2.4237546562703582,2.1579483607893035,1.103753088271816
mango_instrument,inst30004,30004,G-U-D,0.1,3,14,0.004389524459838867,2864,0.8222765363128491,6.543568288259142,6.5564281358167245,8.585931694486403,1.0,2.4237546562703582,2.1579483607893035,1.103753088271816
mango_instrument,inst30004,30004,G-U-D,0.2,3,14,0.004148006439208984,2864,0.602304469273743,4.9411482968872855,4.9508589640734755,8.171480943984378,1.0,2.4237546562703582,2.1579483607893035,1.103753088271816
mango_instrument,inst30004,30004,GC-D,0.05,3,14,0.013877630233764648,2864,0.9504189944134078,8.167605582014053,8.183657093676828,9.017349074062995,1.0,2.4237546562703582,2.1579483607893035,1.103753088271816
mango_instrument,inst30004,30004,GC-D,0.1,3,14,0.013706684112548828,2864,0.8509078212290503,6.802010944025074,6.815378699960643,8.430902908479583,1.0,2.4237546562703582,2.1579483607893035,1.103753088271816
mango_instrument,inst30004,30004,GC-D,0.2,3,14,0.013828277587890625,2864,0.6550279329608939,5.262392805677987,5.272734803543365,7.9084968725802085,1.0,2.4237546562703582,2.1579483607893035,1.103753088271816
mango_instrument,inst30004,30004,GC-D+,0.05,3,14,0.013320207595825195,2864,0.9930167597765364,9.796253147294317,9.815505383468846,9.90958879850062,1.0,2.4237546562703582,2.1579483607893035,1.103753088271816
mango_instrument,inst30004,30004,GC-D+,0.1,3,14,0.013761520385742188,2864,0.9144553072625698,7.499817017914439,7.514556147898489,8.35956919847358,1.0,2.4237546562703582,2.1579483607893035,1.103753088271816
mango_instrument,inst30004,30004,GC-D+,0.2,3,14,0.013602495193481445,2864,0.7049581005586593,5.61333392010062,5.624365610353141,7.7078169836707175,1.0,2.4237546562703582,2.1579483607893035,1.103753088271816
mango_instrument,inst30004,30004,HJ+,0.05,3,14,0.5998668670654297,2864,0.9800977653631285,7.761467651172534,7.696574646017597,8.060615838121137,1.0,2.4237546562703582,2.1579483607893035,1.103753088271816
mango_instrument,inst30004,30004,HJ+,0.1,3,14,0.6285390853881836,2864,0.8736033519553073,5.610033583842145,5.551668885214171,7.1037572965133675,1.0,2.4237546562703582,2.1579483607893035,1.103753088271816
mango_instrument,inst30004,30004,HJ+,0.2,3,14,0.8557999134063721,2864,0.6501396648044693,4.108040012438793,4.072260958322923,6.673649197320888,1.0,2.4237546562703582,2.1579483607893035,1.103753088271816
mango_instrument,inst30004,30004,HJ+-D,0.05,3,14,0.5163004398345947,2864,0.9993016759776536,10.351456833545264,10.364159283392482,10.363199091199286,1.0,2.4237546562703582,2.1579483607893035,1.103753088271816
mango_instrument,inst30004,30004,HJ+-D,0.1,3,14,0.619112491607666,2864,0.9731145251396648,7.8723807816917155,7.8882376131070036,8.067110204692913,1.0,2.4237546562703582,2.1579483607893035,1.103753088271816
mango_instrument,inst30004,30004,HJ+-D,0.2,3,14,0.7663156986236572,2864,0.8701117318435754,5.85075205060925,5.861043855898953,6.5881591924964376,1.0,2.4237546562703582,2.1579483607893035,1.103753088271816
mango_instrument,inst30004,30004,HCP-D,0.05,3,14,0.9038147926330566,2864,1.0,inf,inf,inf,0.0,2.4237546562703582,2.1579483607893035,1.103753088271816
mango_instrument,inst30004,30004,HCP-D,0.1,3,14,1.0320324897766113,2864,0.0,10.069729087754105,10.056296815023549,118.28621695656939,1.0,2.4237546562703582,2.1579483607893035,1.103753088271816
mango_instrument,inst30004,30004,HCP-D,0.2,3,14,0.889578104019165,2864,0.0,6.668556033052272,6.659660673249207,77.78266524096908,1.0,2.4237546562703582,2.1579483607893035,1.103753088271816
mango_instrument,inst30004,30004,HCP-A,0.05,3,14,0.25950145721435547,2864,1.0,inf,inf,inf,0.0,2.4237546562703582,2.1579483607893035,1.103753088271816
mango_instrument,inst30004,30004,HCP-A,0.1,3,14,0.2708907127380371,2864,0.0,6.248195128151181,6.248195128151181,152.6800225929957,1.0,2.4237546562703582,2.1579483607893035,1.103753088271816
mango_instrument,inst30004,30004,HCP-A,0.2,3,14,0.26290225982666016,2864,0.0,4.278351943328457,4.278351943328456,87.34348159986433,1.0,2.4237546562703582,2.1579483607893035,1.103753088271816
mango_instrument,inst30004,30004,ORACLE,0.05,3,14,0.0019690990447998047,2864,0.9532122905027933,8.032451883688065,7.958878888071576,8.91760934161974,1.0,2.4237546562703582,2.1579483607893035,1.103753088271816
mango_instrument,inst30004,30004,ORACLE,0.1,3,14,0.0018496513366699219,2864,0.8994413407821229,7.158144896573825,7.1767438649965865,8.233322261024561,1.0,2.4237546562703582,2.1579483607893035,1.103753088271816
mango_instrument,inst30004,30004,ORACLE,0.2,3,14,0.0017211437225341797,2864,0.7967877094972067,6.207983092732737,6.189056475014597,7.449484202066839,1.0,2.4237546562703582,2.1579483607893035,1.103753088271816
