task,fold,group,method,alpha,seed,A,time_s,n,coverage,width_mean,width_median,interval_score,finite_frac,rmse,bias,sep
corn_moisture,m5_rep0,m5_rep0,ASTM-R,0.05,1,5,0.015420913696289062,20,0.0,0.966772262664595,0.9668864626204989,30.295272233505393,1.0,1.2323252413413994,1.2165986306033176,0.2013461864583925
corn_moisture,m5_rep0,m5_rep0,ASTM-R,0.1,1,5,0.00012826919555664062,20,0.0,0.8093052244970005,0.8094008236618908,17.048225591593344,1.0,1.2323252413413994,1.2165986306033176,0.2013461864583925
corn_moisture,m5_rep0,m5_rep0,ASTM-R,0.2,1,5,0.00010514259338378906,20,0.0,0.6290739103367982,0.6291482196809888,9.649690664685986,1.0,1.2323252413413994,1.2165986306033176,0.2013461864583925
corn_moisture,m5_rep0,m5_rep0,ASTM-G,0.05,1,5,0.00013017654418945312,20,0.0,1.0250478722701624,1.0251689560313881,29.18803565099961,1.0,1.2323252413413994,1.2165986306033176,0.2013461864583925
corn_moisture,m5_rep0,m5_rep0,ASTM-G,0.1,1,5,0.00010704994201660156,20,0.0,0.8580889527191404,0.8581903144610372,16.609172037594085,1.0,1.2323252413413994,1.2165986306033176,0.2013461864583925
corn_moisture,m5_rep0,m5_rep0,ASTM-G,0.2,1,5,0.0003116130828857422,20,0.0,0.6669935601111874,0.667072348713317,9.498012065588426,1.0,1.2323252413413994,1.2165986306033176,0.2013461864583925
corn_moisture,m5_rep0,m5_rep0,GPR,0.05,1,5,0.06739068031311035,20,0.15,1.224852739168684,1.109368971444999,13.299967560489804,1.0,1.2323252413413994,1.2165986306033176,0.2013461864583925
corn_moisture,m5_rep0,m5_rep0,GPR,0.1,1,5,0.00011301040649414062,20,0.15,1.0279288223634615,0.9310117893502756,8.594062050592647,1.0,1.2323252413413994,1.2165986306033176,0.2013461864583925
corn_moisture,m5_rep0,m5_rep0,GPR,0.2,1,5,0.00012421607971191406,20,0.1,0.8008881580605086,0.7253773810826321,5.505006230946747,1.0,1.2323252413413994,1.2165986306033176,0.2013461864583925
corn_moisture,m5_rep0,m5_rep0,BAG,0.05,1,5,0.03567624092102051,20,0.0,1.13134798982759,1.1165547611935924,28.712405087725255,1.0,1.2323252413413994,1.2165986306033176,0.2013461864583925
corn_moisture,m5_rep0,m5_rep0,BAG,0.1,1,5,0.00011563301086425781,20,0.0,0.9494571630349974,0.9370422942083838,16.558893979909755,1.0,1.2323252413413994,1.2165986306033176,0.2013461864583925
corn_moisture,m5_rep0,m5_rep0,BAG,0.2,1,5,8.082389831542969e-05,20,0.0,0.7397486887390581,0.7300759164509465,9.593009468656133,1.0,1.2323252413413994,1.2165986306033176,0.2013461864583925
corn_moisture,m5_rep0,m5_rep0,QGB,0.05,1,5,0.04967451095581055,20,0.9,0.8759467886993304,0.88591720503047,1.5549903450355769,1.0,1.2323252413413994,1.2165986306033176,0.2013461864583925
corn_moisture,m5_rep0,m5_rep0,QGB,0.1,1,5,0.028887510299682617,20,0.7,0.6810308163152767,0.6280594963670723,1.2937672921982577,1.0,1.2323252413413994,1.2165986306033176,0.2013461864583925
corn_moisture,m5_rep0,m5_rep0,QGB,0.2,1,5,0.028925418853759766,20,0.65,0.5736008300211409,0.5483906814866746,0.9972386412449253,1.0,1.2323252413413994,1.2165986306033176,0.2013461864583925
corn_moisture,m5_rep0,m5_rep0,SCP,0.05,1,5,3.0994415283203125e-05,20,0.0,0.8615731110121239,0.8615731110121239,29.542290987534535,1.0,1.2323252413413994,1.2165986306033176,0.2013461864583925
corn_moisture,m5_rep0,m5_rep0,SCP,0.1,1,5,1.9550323486328125e-05,20,0.0,0.7432081286250671,0.7432081286250671,16.26721689075684,1.0,1.2323252413413994,1.2165986306033176,0.2013461864583925
corn_moisture,m5_rep0,m5_rep0,SCP,0.2,1,5,9.775161743164062e-06,20,0.0,0.6464624752397974,0.6464624752397974,8.892195123232034,1.0,1.2323252413413994,1.2165986306033176,0.2013461864583925
corn_moisture,m5_rep0,m5_rep0,NCP-kNN,0.05,1,5,0.007162332534790039,20,0.0,0.7199252348047365,0.736618348693538,32.2336006354749,1.0,1.2323252413413994,1.2165986306033176,0.2013461864583925
corn_moisture,m5_rep0,m5_rep0,NCP-kNN,0.1,1,5,2.0265579223632812e-05,20,0.0,0.6801728964346134,0.6959442613977256,16.834533980470926,1.0,1.2323252413413994,1.2165986306033176,0.2013461864583925
corn_moisture,m5_rep0,m5_rep0,NCP-kNN,0.2,1,5,1.2874603271484375e-05,20,0.0,0.5411441844400517,0.5536918505925943,9.313468286431014,1.0,1.2323252413413994,1.2165986306033176,0.2013461864583925
corn_moisture,m5_rep0,m5_rep0,CV+,0.05,1,5,0.0055506229400634766,20,0.0,1.0408120654546065,1.0256995186120683,30.271965424798545,1.0,1.2323252413413994,1.2165986306033176,0.2013461864583925
corn_moisture,m5_rep0,m5_rep0,CV+,0.1,1,5,0.004546165466308594,20,0.0,0.8660062736813675,0.842130517808247,17.50237075495572,1.0,1.2323252413413994,1.2165986306033176,0.2013461864583925
corn_moisture,m5_rep0,m5_rep0,CV+,0.2,1,5,0.004505634307861328,20,0.0,0.6925733179320982,0.6620762745096584,9.955714124130306,1.0,1.2323252413413994,1.2165986306033176,0.2013461864583925
corn_moisture,m5_rep0,m5_rep0,CQR,0.05,1,5,2.5033950805664062e-05,20,0.95,1.2385046930068204,1.24847510933796,1.4307284719783373,1.0,1.2323252413413994,1.2165986306033176,0.2013461864583925
corn_moisture,m5_rep0,m5_rep0,CQR,0.1,1,5,1.7642974853515625e-05,20,0.95,1.011950024081971,0.9589787041337665,1.1538725172011228,1.0,1.2323252413413994,1.2165986306033176,0.2013461864583925
corn_moisture,m5_rep0,m5_rep0,CQR,0.2,1,5,1.1920928955078125e-05,20,0.9,0.8453892868230305,0.8201791382885641,0.9812090177340892,1.0,1.2323252413413994,1.2165986306033176,0.2013461864583925
corn_moisture,m5_rep0,m5_rep0,WCP,0.05,1,5,0.004605293273925781,20,1.0,inf,inf,inf,0.0,1.2323252413413994,1.2165986306033176,0.2013461864583925
corn_moisture,m5_rep0,m5_rep0,WCP,0.1,1,5,0.00011706352233886719,20,1.0,inf,inf,inf,0.0,1.2323252413413994,1.2165986306033176,0.2013461864583925
corn_moisture,m5_rep0,m5_rep0,WCP,0.2,1,5,8.082389831542969e-05,20,1.0,inf,inf,inf,0.0,1.2323252413413994,1.2165986306033176,0.2013461864583925
corn_moisture,m5_rep0,m5_rep0,R-U-A,0.05,1,5,5.7697296142578125e-05,20,0.0,0.7956413096127157,0.7956413096127157,33.54676034149111,1.0,1.2323252413413994,1.2165986306033176,0.2013461864583925
corn_moisture,m5_rep0,m5_rep0,R-U-A,0.1,1,5,3.719329833984375e-05,20,0.0,0.7111497444948967,0.7111497444948967,17.931624911612282,1.0,1.2323252413413994,1.2165986306033176,0.2013461864583925
corn_moisture,m5_rep0,m5_rep0,R-U-A,0.2,1,5,3.790855407714844e-05,20,0.0,0.5610505793347542,0.5610505793347542,9.921783988694155,1.0,1.2323252413413994,1.2165986306033176,0.2013461864583925
corn_moisture,m5_rep0,m5_rep0,R-U-D,0.05,1,5,0.0033016204833984375,20,0.0,0.6707952433438367,0.6683508849356805,35.91883560059981,1.0,1.2323252413413994,1.2165986306033176,0.2013461864583925
corn_moisture,m5_rep0,m5_rep0,R-U-D,0.1,1,5,0.0005071163177490234,20,0.0,0.570723153478135,0.568643454862535,19.195464230763136,1.0,1.2323252413413994,1.2165986306033176,0.2013461864583925
corn_moisture,m5_rep0,m5_rep0,R-U-D,0.2,1,5,0.0004267692565917969,20,0.0,0.48438116271428006,0.48261609180839393,10.228461655176055,1.0,1.2323252413413994,1.2165986306033176,0.2013461864583925
corn_moisture,m5_rep0,m5_rep0,G-U-A,0.05,1,5,5.245208740234375e-05,20,0.0,0.8945100415803466,0.8945100415803466,31.66825443410612,1.0,1.2323252413413994,1.2165986306033176,0.2013461864583925
corn_moisture,m5_rep0,m5_rep0,G-U-A,0.1,1,5,4.3392181396484375e-05,20,0.0,0.7502332882720353,0.7502332882720353,17.579873017618034,1.0,1.2323252413413994,1.2165986306033176,0.2013461864583925
corn_moisture,m5_rep0,m5_rep0,G-U-A,0.2,1,5,3.552436828613281e-05,20,0.0,0.5846908070564218,0.5846908070564218,9.827223077807487,1.0,1.2323252413413994,1.2165986306033176,0.2013461864583925
corn_moisture,m5_rep0,m5_rep0,G-W-A,0.05,1,5,0.00012564659118652344,20,0.0,0.8945100415803466,0.8945100415803466,31.66825443410612,1.0,1.2323252413413994,1.2165986306033176,0.2013461864583925
corn_moisture,m5_rep0,m5_rep0,G-W-A,0.1,1,5,7.367134094238281e-05,20,0.0,0.7502332882720353,0.7502332882720353,17.579873017618034,1.0,1.2323252413413994,1.2165986306033176,0.2013461864583925
corn_moisture,m5_rep0,m5_rep0,G-W-A,0.2,1,5,7.867813110351562e-05,20,0.0,0.5846908070564218,0.5846908070564218,9.827223077807487,1.0,1.2323252413413994,1.2165986306033176,0.2013461864583925
corn_moisture,m5_rep0,m5_rep0,G-U-D,0.05,1,5,0.0037202835083007812,20,0.0,1.0185831989217942,1.019134477618655,29.31086444461861,1.0,1.2323252413413994,1.2165986306033176,0.2013461864583925
corn_moisture,m5_rep0,m5_rep0,G-U-D,0.1,1,5,0.0003724098205566406,20,0.0,0.8293690546624392,0.8298179266761885,16.867651120104394,1.0,1.2323252413413994,1.2165986306033176,0.2013461864583925
corn_moisture,m5_rep0,m5_rep0,G-U-D,0.2,1,5,0.00033664703369140625,20,0.0,0.6500747365023913,0.6504265706520016,9.565687360023611,1.0,1.2323252413413994,1.2165986306033176,0.2013461864583925
corn_moisture,m5_rep0,m5_rep0,GC-D,0.05,1,5,0.000469207763671875,20,0.0,1.0185831989217942,1.019134477618655,29.31086444461861,1.0,1.2323252413413994,1.2165986306033176,0.2013461864583925
corn_moisture,m5_rep0,m5_rep0,GC-D,0.1,1,5,0.00042748451232910156,20,0.0,0.8293690546624392,0.8298179266761885,16.867651120104394,1.0,1.2323252413413994,1.2165986306033176,0.2013461864583925
corn_moisture,m5_rep0,m5_rep0,GC-D,0.2,1,5,0.0004322528839111328,20,0.0,0.6500747365023913,0.6504265706520016,9.565687360023611,1.0,1.2323252413413994,1.2165986306033176,0.2013461864583925
corn_moisture,m5_rep0,m5_rep0,GC-D+,0.05,1,5,0.000469207763671875,20,1.0,inf,inf,inf,0.0,1.2323252413413994,1.2165986306033176,0.2013461864583925
corn_moisture,m5_rep0,m5_rep0,GC-D+,0.1,1,5,0.0003917217254638672,20,1.0,inf,inf,inf,0.0,1.2323252413413994,1.2165986306033176,0.2013461864583925
corn_moisture,m5_rep0,m5_rep0,GC-D+,0.2,1,5,0.00043964385986328125,20,1.0,inf,inf,inf,0.0,1.2323252413413994,1.2165986306033176,0.2013461864583925
corn_moisture,m5_rep0,m5_rep0,HJ+,0.05,1,5,0.0017054080963134766,20,1.0,inf,inf,inf,0.0,1.2323252413413994,1.2165986306033176,0.2013461864583925
corn_moisture,m5_rep0,m5_rep0,HJ+,0.1,1,5,0.00038623809814453125,20,1.0,inf,inf,inf,0.0,1.2323252413413994,1.2165986306033176,0.2013461864583925
corn_moisture,m5_rep0,m5_rep0,HJ+,0.2,1,5,0.0003898143768310547,20,1.0,inf,inf,inf,0.0,1.2323252413413994,1.2165986306033176,0.2013461864583925
corn_moisture,m5_rep0,m5_rep0,HJ+-D,0.05,1,5,0.0022475719451904297,20,1.0,inf,inf,inf,0.0,1.2323252413413994,1.2165986306033176,0.2013461864583925
corn_moisture,m5_rep0,m5_rep0,HJ+-D,0.1,1,5,0.0021224021911621094,20,1.0,inf,inf,inf,0.0,1.2323252413413994,1.2165986306033176,0.2013461864583925
corn_moisture,m5_rep0,m5_rep0,HJ+-D,0.2,1,5,0.0020601749420166016,20,1.0,inf,inf,inf,0.0,1.2323252413413994,1.2165986306033176,0.2013461864583925
corn_moisture,m5_rep0,m5_rep0,HCP-D,0.05,1,5,0.0003097057342529297,20,1.0,inf,inf,inf,0.0,1.2323252413413994,1.2165986306033176,0.2013461864583925
corn_moisture,m5_rep0,m5_rep0,HCP-D,0.1,1,5,0.00015783309936523438,20,1.0,inf,inf,inf,0.0,1.2323252413413994,1.2165986306033176,0.2013461864583925
corn_moisture,m5_rep0,m5_rep0,HCP-D,0.2,1,5,0.00017952919006347656,20,1.0,inf,inf,inf,0.0,1.2323252413413994,1.2165986306033176,0.2013461864583925
corn_moisture,m5_rep0,m5_rep0,HCP-A,0.05,1,5,0.00015211105346679688,20,1.0,inf,inf,inf,0.0,1.2323252413413994,1.2165986306033176,0.2013461864583925
corn_moisture,m5_rep0,m5_rep0,HCP-A,0.1,1,5,0.0001361370086669922,20,1.0,inf,inf,inf,0.0,1.2323252413413994,1.2165986306033176,0.2013461864583925
corn_moisture,m5_rep0,m5_rep0,HCP-A,0.2,1,5,0.00014162063598632812,20,1.0,inf,inf,inf,0.0,1.2323252413413994,1.2165986306033176,0.2013461864583925
corn_moisture,m5_rep0,m5_rep0,ORACLE,0.05,1,5,0.00014281272888183594,20,1.0,inf,inf,inf,0.0,1.2323252413413994,1.2165986306033176,0.2013461864583925
corn_moisture,m5_rep0,m5_rep0,ORACLE,0.1,1,5,0.00012040138244628906,20,0.95,2.914803312313321,2.914803312313321,2.9321134994739353,1.0,1.2323252413413994,1.2165986306033176,0.2013461864583925
corn_moisture,m5_rep0,m5_rep0,ORACLE,0.2,1,5,9.965896606445312e-05,20,0.8,2.8429903824488867,2.842990382448887,2.9067419573361164,1.0,1.2323252413413994,1.2165986306033176,0.2013461864583925
corn_moisture,m5_rep1,m5_rep1,ASTM-R,0.05,1,5,0.013974189758300781,20,0.0,0.8768960823463722,0.8799000055779818,19.58298213494591,1.0,0.9274849887756014,0.9061001924881745,0.20316144883207488
corn_moisture,m5_rep1,m5_rep1,ASTM-R,0.1,1,5,0.00011992454528808594,20,0.0,0.7340679994561251,0.7365826462444272,11.515391854658365,1.0,0.9274849887756014,0.9061001924881745,0.20316144883207488
corn_moisture,m5_rep1,m5_rep1,ASTM-R,0.2,1,5,0.00011134147644042969,20,0.0,0.5705919261277259,0.5725465640570881,6.778634220370842,1.0,0.9274849887756014,0.9061001924881745,0.20316144883207488
corn_moisture,m5_rep1,m5_rep1,ASTM-G,0.05,1,5,0.00011515617370605469,20,0.0,0.8750220494517318,0.8780195529363937,19.61858875994408,1.0,0.9274849887756014,0.9061001924881745,0.20316144883207488
corn_moisture,m5_rep1,m5_rep1,ASTM-G,0.1,1,5,9.846687316894531e-05,20,0.0,0.7324992074343811,0.735008480118621,11.52951098285406,1.0,0.9274849887756014,0.9061001924881745,0.20316144883207488
corn_moisture,m5_rep1,m5_rep1,ASTM-G,0.2,1,5,9.202957153320312e-05,20,0.0,0.5693725022296077,0.5713229628615117,6.783511915963314,1.0,0.9274849887756014,0.9061001924881745,0.20316144883207488
corn_moisture,m5_rep1,m5_rep1,GPR,0.05,1,5,0.07211685180664062,20,0.1,1.028093665753636,0.9472634191195404,13.507826428439262,1.0,0.9274849887756014,0.9061001924881745,0.20316144883207488
corn_moisture,m5_rep1,m5_rep1,GPR,0.1,1,5,0.00010657310485839844,20,0.0,0.8628034026643323,0.7949685213133506,8.595752474200063,1.0,0.9274849887756014,0.9061001924881745,0.20316144883207488
corn_moisture,m5_rep1,m5_rep1,GPR,0.2,1,5,8.416175842285156e-05,20,0.0,0.6722343151536281,0.6193822577003427,5.491554288475016,1.0,0.9274849887756014,0.9061001924881745,0.20316144883207488
corn_moisture,m5_rep1,m5_rep1,BAG,0.05,1,5,0.03456425666809082,20,0.05,1.0398171341582256,1.0472914606492854,16.566396940572467,1.0,0.9274849887756014,0.9061001924881745,0.20316144883207488
corn_moisture,m5_rep1,m5_rep1,BAG,0.1,1,5,9.489059448242188e-05,20,0.0,0.8726420474954857,0.8789147000211521,10.290897128065183,1.0,0.9274849887756014,0.9061001924881745,0.20316144883207488
corn_moisture,m5_rep1,m5_rep1,BAG,0.2,1,5,8.869171142578125e-05,20,0.0,0.6798998791160393,0.6847870785194807,6.35273826129812,1.0,0.9274849887756014,0.9061001924881745,0.20316144883207488
corn_moisture,m5_rep1,m5_rep1,QGB,0.05,1,5,0.03290104866027832,20,0.5,0.755122060112335,0.7377838010538591,3.230666211389498,1.0,0.9274849887756014,0.9061001924881745,0.20316144883207488
corn_moisture,m5_rep1,m5_rep1,QGB,0.1,1,5,0.028135061264038086,20,0.5,0.7121970986918248,0.7125485537933614,2.213879497211805,1.0,0.9274849887756014,0.9061001924881745,0.20316144883207488
corn_moisture,m5_rep1,m5_rep1,QGB,0.2,1,5,0.028514623641967773,20,0.5,0.597736439126857,0.6092259863420182,1.5880432677675627,1.0,0.9274849887756014,0.9061001924881745,0.20316144883207488
corn_moisture,m5_rep1,m5_rep1,SCP,0.05,1,5,2.7418136596679688e-05,20,0.0,0.7041209367820898,0.7041209367820898,27.766744544222604,1.0,0.9274849887756014,0.9061001924881745,0.20316144883207488
corn_moisture,m5_rep1,m5_rep1,SCP,0.1,1,5,1.0251998901367188e-05,20,0.0,0.4856454463580313,0.4856454463580313,16.201712154318873,1.0,0.9274849887756014,0.9061001924881745,0.20316144883207488
corn_moisture,m5_rep1,m5_rep1,SCP,0.2,1,5,9.059906005859375e-06,20,0.0,0.34067449741304756,0.34067449741304756,8.923562596118387,1.0,0.9274849887756014,0.9061001924881745,0.20316144883207488
corn_moisture,m5_rep1,m5_rep1,NCP-kNN,0.05,1,5,0.007592916488647461,20,0.0,0.5993634327057109,0.5906576475625247,29.757137121673804,1.0,0.9274849887756014,0.9061001924881745,0.20316144883207488
corn_moisture,m5_rep1,m5_rep1,NCP-kNN,0.1,1,5,1.6927719116210938e-05,20,0.0,0.3280705269333257,0.3233052854063274,17.619886429141225,1.0,0.9274849887756014,0.9061001924881745,0.20316144883207488
corn_moisture,m5_rep1,m5_rep1,NCP-kNN,0.2,1,5,1.2874603271484375e-05,20,0.0,0.28316326528802643,0.2790503040803127,9.153607524618472,1.0,0.9274849887756014,0.9061001924881745,0.20316144883207488
corn_moisture,m5_rep1,m5_rep1,CV+,0.05,1,5,0.005095958709716797,20,0.0,0.8357856791034106,0.8205948745907596,21.36484495683295,1.0,0.9274849887756014,0.9061001924881745,0.20316144883207488
corn_moisture,m5_rep1,m5_rep1,CV+,0.1,1,5,0.004770994186401367,20,0.0,0.696574994533558,0.6902887257270818,12.727083967978329,1.0,0.9274849887756014,0.9061001924881745,0.20316144883207488
corn_moisture,m5_rep1,m5_rep1,CV+,0.2,1,5,0.004563331604003906,20,0.0,0.5616234047720652,0.5588946087578863,7.103102645624938,1.0,0.9274849887756014,0.9061001924881745,0.20316144883207488
corn_moisture,m5_rep1,m5_rep1,CQR,0.05,1,5,2.574920654296875e-05,20,0.75,1.0914348610526832,1.0740966019942073,1.3811477264357424,1.0,0.9274849887756014,0.9061001924881745,0.20316144883207488
corn_moisture,m5_rep1,m5_rep1,CQR,0.1,1,5,1.1920928955078125e-05,20,0.65,0.9293890081936708,0.9297404632952073,1.5426384881435173,1.0,0.9274849887756014,0.9061001924881745,0.20316144883207488
corn_moisture,m5_rep1,m5_rep1,CQR,0.2,1,5,2.86102294921875e-05,20,0.65,0.7605916085884329,0.772081155803594,1.3799734113271844,1.0,0.9274849887756014,0.9061001924881745,0.20316144883207488
corn_moisture,m5_rep1,m5_rep1,WCP,0.05,1,5,0.003707408905029297,20,1.0,inf,inf,inf,0.0,0.9274849887756014,0.9061001924881745,0.20316144883207488
corn_moisture,m5_rep1,m5_rep1,WCP,0.1,1,5,0.0001430511474609375,20,1.0,inf,inf,inf,0.0,0.9274849887756014,0.9061001924881745,0.20316144883207488
corn_moisture,m5_rep1,m5_rep1,WCP,0.2,1,5,0.00013208389282226562,20,1.0,inf,inf,inf,0.0,0.9274849887756014,0.9061001924881745,0.20316144883207488
corn_moisture,m5_rep1,m5_rep1,R-U-A,0.05,1,5,5.245208740234375e-05,20,0.0,0.7298094912681883,0.7298094912681883,22.377627365431405,1.0,0.9274849887756014,0.9061001924881745,0.20316144883207488
corn_moisture,m5_rep1,m5_rep1,R-U-A,0.1,1,5,3.4809112548828125e-05,20,0.0,0.620259084738084,0.620259084738084,12.539672087120733,1.0,0.9274849887756014,0.9061001924881745,0.20316144883207488
corn_moisture,m5_rep1,m5_rep1,R-U-A,0.2,1,5,3.337860107421875e-05,20,0.0,0.46634125103912893,0.46634125103912893,7.19563692072523,1.0,0.9274849887756014,0.9061001924881745,0.20316144883207488
corn_moisture,m5_rep1,m5_rep1,R-U-D,0.05,1,5,0.0034613609313964844,20,0.0,0.5639449743694479,0.5706173780825381,25.529053186507472,1.0,0.9274849887756014,0.9061001924881745,0.20316144883207488
corn_moisture,m5_rep1,m5_rep1,R-U-D,0.1,1,5,0.000385284423828125,20,0.0,0.5297069837490251,0.5359742952880069,13.354640996022264,1.0,0.9274849887756014,0.9061001924881745,0.20316144883207488
corn_moisture,m5_rep1,m5_rep1,R-U-D,0.2,1,5,0.0003662109375,20,0.0,0.4469858821320978,0.45227446593935916,7.273058396353354,1.0,0.9274849887756014,0.9061001924881745,0.20316144883207488
corn_moisture,m5_rep1,m5_rep1,G-U-A,0.05,1,5,4.0531158447265625e-05,20,0.0,0.7505494191416346,0.7505494191416346,21.983568735835924,1.0,0.9274849887756014,0.9061001924881745,0.20316144883207488
corn_moisture,m5_rep1,m5_rep1,G-U-A,0.1,1,5,3.504753112792969e-05,20,0.0,0.5829790102635535,0.5829790102635535,12.875192757391508,1.0,0.9274849887756014,0.9061001924881745,0.20316144883207488
corn_moisture,m5_rep1,m5_rep1,G-U-A,0.2,1,5,3.266334533691406e-05,20,0.0,0.46808849878835446,0.46808849878835446,7.188647929728328,1.0,0.9274849887756014,0.9061001924881745,0.20316144883207488
corn_moisture,m5_rep1,m5_rep1,G-W-A,0.05,1,5,9.918212890625e-05,20,0.0,0.7505494191416346,0.7505494191416346,21.983568735835924,1.0,0.9274849887756014,0.9061001924881745,0.20316144883207488
corn_moisture,m5_rep1,m5_rep1,G-W-A,0.1,1,5,7.963180541992188e-05,20,0.0,0.5829790102635535,0.5829790102635535,12.875192757391508,1.0,0.9274849887756014,0.9061001924881745,0.20316144883207488
corn_moisture,m5_rep1,m5_rep1,G-W-A,0.2,1,5,7.2479248046875e-05,20,0.0,0.46808849878835446,0.46808849878835446,7.188647929728328,1.0,0.9274849887756014,0.9061001924881745,0.20316144883207488
corn_moisture,m5_rep1,m5_rep1,G-U-D,0.05,1,5,0.003933906555175781,20,0.0,0.6700033258547519,0.6738456286456511,23.51394450828669,1.0,0.9274849887756014,0.9061001924881745,0.20316144883207488
corn_moisture,m5_rep1,m5_rep1,G-U-D,0.1,1,5,0.00035309791564941406,20,0.0,0.569520198717685,0.5727862557125736,12.99632206130433,1.0,0.9274849887756014,0.9061001924881745,0.20316144883207488
corn_moisture,m5_rep1,m5_rep1,G-U-D,0.2,1,5,0.0003571510314941406,20,0.0,0.4264496872853053,0.4288952704046789,7.355203175740525,1.0,0.9274849887756014,0.9061001924881745,0.20316144883207488
corn_moisture,m5_rep1,m5_rep1,GC-D,0.05,1,5,0.0003943443298339844,20,0.0,0.6700033258547519,0.6738456286456511,23.51394450828669,1.0,0.9274849887756014,0.9061001924881745,0.20316144883207488
corn_moisture,m5_rep1,m5_rep1,GC-D,0.1,1,5,0.00047397613525390625,20,0.0,0.569520198717685,0.5727862557125736,12.99632206130433,1.0,0.9274849887756014,0.9061001924881745,0.20316144883207488
corn_moisture,m5_rep1,m5_rep1,GC-D,0.2,1,5,0.000415802001953125,20,0.0,0.4264496872853053,0.4288952704046789,7.355203175740525,1.0,0.9274849887756014,0.9061001924881745,0.20316144883207488
corn_moisture,m5_rep1,m5_rep1,GC-D+,0.05,1,5,0.0003936290740966797,20,1.0,inf,inf,inf,0.0,0.9274849887756014,0.9061001924881745,0.20316144883207488
corn_moisture,m5_rep1,m5_rep1,GC-D+,0.1,1,5,0.0005300045013427734,20,1.0,inf,inf,inf,0.0,0.9274849887756014,0.9061001924881745,0.20316144883207488
corn_moisture,m5_rep1,m5_rep1,GC-D+,0.2,1,5,0.00038695335388183594,20,1.0,inf,inf,inf,0.0,0.9274849887756014,0.9061001924881745,0.20316144883207488
corn_moisture,m5_rep1,m5_rep1,HJ+,0.05,1,5,0.0017690658569335938,20,1.0,inf,inf,inf,0.0,0.9274849887756014,0.9061001924881745,0.20316144883207488
corn_moisture,m5_rep1,m5_rep1,HJ+,0.1,1,5,0.0004055500030517578,20,1.0,inf,inf,inf,0.0,0.9274849887756014,0.9061001924881745,0.20316144883207488
corn_moisture,m5_rep1,m5_rep1,HJ+,0.2,1,5,0.0003561973571777344,20,1.0,inf,inf,inf,0.0,0.9274849887756014,0.9061001924881745,0.20316144883207488
corn_moisture,m5_rep1,m5_rep1,HJ+-D,0.05,1,5,0.002288341522216797,20,1.0,inf,inf,inf,0.0,0.9274849887756014,0.9061001924881745,0.20316144883207488
corn_moisture,m5_rep1,m5_rep1,HJ+-D,0.1,1,5,0.002237558364868164,20,1.0,inf,inf,inf,0.0,0.9274849887756014,0.9061001924881745,0.20316144883207488
corn_moisture,m5_rep1,m5_rep1,HJ+-D,0.2,1,5,0.002237081527709961,20,1.0,inf,inf,inf,0.0,0.9274849887756014,0.9061001924881745,0.20316144883207488
corn_moisture,m5_rep1,m5_rep1,HCP-D,0.05,1,5,0.00025582313537597656,20,1.0,inf,inf,inf,0.0,0.9274849887756014,0.9061001924881745,0.20316144883207488
corn_moisture,m5_rep1,m5_rep1,HCP-D,0.1,1,5,0.000164031982421875,20,1.0,inf,inf,inf,0.0,0.9274849887756014,0.9061001924881745,0.20316144883207488
corn_moisture,m5_rep1,m5_rep1,HCP-D,0.2,1,5,0.00018167495727539062,20,1.0,inf,inf,inf,0.0,0.9274849887756014,0.9061001924881745,0.20316144883207488
corn_moisture,m5_rep1,m5_rep1,HCP-A,0.05,1,5,0.00015306472778320312,20,1.0,inf,inf,inf,0.0,0.9274849887756014,0.9061001924881745,0.20316144883207488
corn_moisture,m5_rep1,m5_rep1,HCP-A,0.1,1,5,0.00013756752014160156,20,1.0,inf,inf,inf,0.0,0.9274849887756014,0.9061001924881745,0.20316144883207488
corn_moisture,m5_rep1,m5_rep1,HCP-A,0.2,1,5,0.00036025047302246094,20,1.0,inf,inf,inf,0.0,0.9274849887756014,0.9061001924881745,0.20316144883207488
corn_moisture,m5_rep1,m5_rep1,ORACLE,0.05,1,5,0.0001251697540283203,20,1.0,inf,inf,inf,0.0,0.9274849887756014,0.9061001924881745,0.20316144883207488
corn_moisture,m5_rep1,m5_rep1,ORACLE,0.1,1,5,9.226799011230469e-05,20,0.9,2.320326069725881,2.3203260697258816,2.4082038382391673,1.0,0.9274849887756014,0.9061001924881745,0.20316144883207488
corn_moisture,m5_rep1,m5_rep1,ORACLE,0.2,1,5,8.678436279296875e-05,20,0.8,2.2315417858699313,2.231541785869931,2.340973392208391,1.0,0.9274849887756014,0.9061001924881745,0.20316144883207488
corn_moisture,m5_rep2,m5_rep2,ASTM-R,0.05,1,4,0.01431417465209961,20,0.0,0.987125504663023,0.9782086821732374,22.596604501781986,1.0,1.052807030800627,1.0337997272594854,0.20432370607611725
corn_moisture,m5_rep2,m5_rep2,ASTM-R,0.1,1,4,0.00010752677917480469,20,0.0,0.8263615498179429,0.8188969273182671,13.238740596828226,1.0,1.052807030800627,1.0337997272594854,0.20432370607611725
corn_moisture,m5_rep2,m5_rep2,ASTM-R,0.2,1,4,0.0001289844512939453,20,0.0,0.6423450128602519,0.6365426336999356,7.768617221153846,1.0,1.052807030800627,1.0337997272594854,0.20432370607611725
corn_moisture,m5_rep2,m5_rep2,ASTM-G,0.05,1,4,0.00015783309936523438,20,0.0,1.0317813199644583,1.0224611161657116,21.748144011054713,1.0,1.052807030800627,1.0337997272594854,0.20432370607611725
corn_moisture,m5_rep2,m5_rep2,ASTM-G,0.1,1,4,0.00010371208190917969,20,0.0,0.8637446875917707,0.8559423787471818,12.902292356863777,1.0,1.052807030800627,1.0337997272594854,0.20432370607611725
corn_moisture,m5_rep2,m5_rep2,ASTM-G,0.2,1,4,9.369850158691406e-05,20,0.0,0.6714035673384666,0.6653386987876235,7.652383003240989,1.0,1.052807030800627,1.0337997272594854,0.20432370607611725
corn_moisture,m5_rep2,m5_rep2,GPR,0.05,1,4,0.055253028869628906,20,0.15,1.0942138198379865,0.9833983355436846,13.1314072209954,1.0,1.052807030800627,1.0337997272594854,0.20432370607611725
corn_moisture,m5_rep2,m5_rep2,GPR,0.1,1,4,0.00010943412780761719,20,0.1,0.9182931851899827,0.8252938991308358,8.397527183604913,1.0,1.052807030800627,1.0337997272594854,0.20432370607611725
corn_moisture,m5_rep2,m5_rep2,GPR,0.2,1,4,8.392333984375e-05,20,0.05,0.7154679600824327,0.6430096095697966,5.367910417611265,1.0,1.052807030800627,1.0337997272594854,0.20432370607611725
corn_moisture,m5_rep2,m5_rep2,BAG,0.05,1,4,0.03244209289550781,20,0.0,1.1471065589237062,1.1193936499705064,17.843092041243278,1.0,1.052807030800627,1.0337997272594854,0.20432370607611725
corn_moisture,m5_rep2,m5_rep2,BAG,0.1,1,4,0.00010204315185546875,20,0.0,0.9626821711156405,0.9394247647731735,11.154918790356087,1.0,1.052807030800627,1.0337997272594854,0.20432370607611725
corn_moisture,m5_rep2,m5_rep2,BAG,0.2,1,4,8.511543273925781e-05,20,0.0,0.7500526632279616,0.7319321660479563,6.909318512286579,1.0,1.052807030800627,1.0337997272594854,0.20432370607611725
corn_moisture,m5_rep2,m5_rep2,QGB,0.05,1,4,0.03153681755065918,20,0.85,0.8726638803404103,0.8891976925163227,2.5013802952552906,1.0,1.052807030800627,1.0337997272594854,0.20432370607611725
corn_moisture,m5_rep2,m5_rep2,QGB,0.1,1,4,0.02810978889465332,20,0.8,0.8093646751845991,0.8194404192384646,1.6509990820840776,1.0,1.052807030800627,1.0337997272594854,0.20432370607611725
corn_moisture,m5_rep2,m5_rep2,QGB,0.2,1,4,0.027458667755126953,20,0.75,0.7226891129565586,0.7296017039867948,1.3020146930488015,1.0,1.052807030800627,1.0337997272594854,0.20432370607611725
corn_moisture,m5_rep2,m5_rep2,SCP,0.05,1,4,3.4809112548828125e-05,20,0.0,1.1010970844518226,1.1010970844518226,14.056638864421927,1.0,1.052807030800627,1.0337997272594854,0.20432370607611725
corn_moisture,m5_rep2,m5_rep2,SCP,0.1,1,4,1.3589859008789062e-05,20,0.0,0.9660542392193179,0.9660542392193179,8.794253581529416,1.0,1.052807030800627,1.0337997272594854,0.20432370607611725
corn_moisture,m5_rep2,m5_rep2,SCP,0.2,1,4,1.0013580322265625e-05,20,0.0,0.7394330472205652,0.7394330472205652,5.786638678369379,1.0,1.052807030800627,1.0337997272594854,0.20432370607611725
corn_moisture,m5_rep2,m5_rep2,NCP-kNN,0.05,1,4,0.0065042972564697266,20,0.0,1.0226905845012912,1.0523141873815103,15.546362363482023,1.0,1.052807030800627,1.0337997272594854,0.20432370607611725
corn_moisture,m5_rep2,m5_rep2,NCP-kNN,0.1,1,4,2.0742416381835938e-05,20,0.0,0.8231219742347928,0.8469648049562704,10.080643966390145,1.0,1.052807030800627,1.0337997272594854,0.20432370607611725
corn_moisture,m5_rep2,m5_rep2,NCP-kNN,0.2,1,4,1.2636184692382812e-05,20,0.0,0.7211003707591492,0.741988009057458,5.859969384215042,1.0,1.052807030800627,1.0337997272594854,0.20432370607611725
corn_moisture,m5_rep2,m5_rep2,CV+,0.05,1,4,0.0050127506256103516,20,0.0,0.9837729128225172,0.9883075074462226,20.902268625363476,1.0,1.052807030800627,1.0337997272594854,0.20432370607611725
corn_moisture,m5_rep2,m5_rep2,CV+,0.1,1,4,0.00435638427734375,20,0.0,0.8344507251273319,0.8246318981633198,12.628676936855669,1.0,1.052807030800627,1.0337997272594854,0.20432370607611725
corn_moisture,m5_rep2,m5_rep2,CV+,0.2,1,4,0.004723072052001953,20,0.0,0.6489857441414679,0.6430734351230365,7.5508353860798865,1.0,1.052807030800627,1.0337997272594854,0.20432370607611725
corn_moisture,m5_rep2,m5_rep2,CQR,0.05,1,4,2.2649765014648438e-05,20,0.95,1.9341459244234602,1.9506797365993727,2.1126008975619532,1.0,1.052807030800627,1.0337997272594854,0.20432370607611725
corn_moisture,m5_rep2,m5_rep2,CQR,0.1,1,4,1.6450881958007812e-05,20,0.95,1.3821543325829306,1.392230076636796,1.7052221372246794,1.0,1.052807030800627,1.0337997272594854,0.20432370607611725
corn_moisture,m5_rep2,m5_rep2,CQR,0.2,1,4,1.1205673217773438e-05,20,0.95,1.2151586139614174,1.2220712049916536,1.4714350971723664,1.0,1.052807030800627,1.0337997272594854,0.20432370607611725
corn_moisture,m5_rep2,m5_rep2,WCP,0.05,1,4,0.003681659698486328,20,1.0,inf,inf,inf,0.0,1.052807030800627,1.0337997272594854,0.20432370607611725
corn_moisture,m5_rep2,m5_rep2,WCP,0.1,1,4,0.00011920928955078125,20,1.0,inf,inf,inf,0.0,1.052807030800627,1.0337997272594854,0.20432370607611725
corn_moisture,m5_rep2,m5_rep2,WCP,0.2,1,4,8.702278137207031e-05,20,1.0,inf,inf,inf,0.0,1.052807030800627,1.0337997272594854,0.20432370607611725
corn_moisture,m5_rep2,m5_rep2,R-U-A,0.05,1,4,5.269050598144531e-05,20,0.0,0.8733645477557026,0.8733645477557026,24.75806268302107,1.0,1.052807030800627,1.0337997272594854,0.20432370607611725
corn_moisture,m5_rep2,m5_rep2,R-U-A,0.1,1,4,3.552436828613281e-05,20,0.0,0.775985775138988,0.775985775138988,13.692122568938817,1.0,1.052807030800627,1.0337997272594854,0.20432370607611725
corn_moisture,m5_rep2,m5_rep2,R-U-A,0.2,1,4,3.314018249511719e-05,20,0.0,0.5695948549683791,0.5695948549683791,8.059617852721338,1.0,1.052807030800627,1.0337997272594854,0.20432370607611725
corn_moisture,m5_rep2,m5_rep2,R-U-D,0.05,1,4,0.0029816627502441406,20,0.0,0.7161848939528056,0.7176098809725868,27.744476105276114,1.0,1.052807030800627,1.0337997272594854,0.20432370607611725
corn_moisture,m5_rep2,m5_rep2,R-U-D,0.1,1,4,0.0004363059997558594,20,0.0,0.6861001931358605,0.6874653208811434,14.501092806966966,1.0,1.052807030800627,1.0337997272594854,0.20432370607611725
corn_moisture,m5_rep2,m5_rep2,R-U-D,0.2,1,4,0.00037789344787597656,20,0.0,0.5209835588537148,0.5220201554297592,8.254063037179996,1.0,1.052807030800627,1.0337997272594854,0.20432370607611725
corn_moisture,m5_rep2,m5_rep2,G-U-A,0.05,1,4,4.982948303222656e-05,20,0.0,0.9297601492411367,0.9297601492411367,23.686546254797825,1.0,1.052807030800627,1.0337997272594854,0.20432370607611725
corn_moisture,m5_rep2,m5_rep2,G-U-A,0.1,1,4,3.5762786865234375e-05,20,0.0,0.7972811093687646,0.7972811093687646,13.500464560870828,1.0,1.052807030800627,1.0337997272594854,0.20432370607611725
corn_moisture,m5_rep2,m5_rep2,G-U-A,0.2,1,4,3.266334533691406e-05,20,0.0,0.6145524527985735,0.6145524527985735,7.8797874614005625,1.0,1.052807030800627,1.0337997272594854,0.20432370607611725
corn_moisture,m5_rep2,m5_rep2,G-W-A,0.05,1,4,9.894371032714844e-05,20,0.0,0.9297601492411367,0.9297601492411367,23.686546254797825,1.0,1.052807030800627,1.0337997272594854,0.20432370607611725
corn_moisture,m5_rep2,m5_rep2,G-W-A,0.1,1,4,7.462501525878906e-05,20,0.0,0.7972811093687646,0.7972811093687646,13.500464560870828,1.0,1.052807030800627,1.0337997272594854,0.20432370607611725
corn_moisture,m5_rep2,m5_rep2,G-W-A,0.2,1,4,7.557868957519531e-05,20,0.0,0.6145524527985735,0.6145524527985735,7.8797874614005625,1.0,1.052807030800627,1.0337997272594854,0.20432370607611725
corn_moisture,m5_rep2,m5_rep2,G-U-D,0.05,1,4,0.0036475658416748047,20,0.0,0.9562918430259826,0.9591298762481948,23.18244407288575,1.0,1.052807030800627,1.0337997272594854,0.20432370607611725
corn_moisture,m5_rep2,m5_rep2,G-U-D,0.1,1,4,0.00039005279541015625,20,0.0,0.8085799295601909,0.8109795910439104,13.398775179147993,1.0,1.052807030800627,1.0337997272594854,0.20432370607611725
corn_moisture,m5_rep2,m5_rep2,G-U-D,0.2,1,4,0.0003509521484375,20,0.0,0.6507310082687665,0.6526622139291085,7.73507323951979,1.0,1.052807030800627,1.0337997272594854,0.20432370607611725
corn_moisture,m5_rep2,m5_rep2,GC-D,0.05,1,4,0.0005099773406982422,20,0.0,0.9562918430259826,0.9591298762481948,23.18244407288575,1.0,1.052807030800627,1.0337997272594854,0.20432370607611725
corn_moisture,m5_rep2,m5_rep2,GC-D,0.1,1,4,0.00048160552978515625,20,0.0,0.8085799295601909,0.8109795910439104,13.398775179147993,1.0,1.052807030800627,1.0337997272594854,0.20432370607611725
corn_moisture,m5_rep2,m5_rep2,GC-D,0.2,1,4,0.00039577484130859375,20,0.0,0.6507310082687665,0.6526622139291085,7.73507323951979,1.0,1.052807030800627,1.0337997272594854,0.20432370607611725
corn_moisture,m5_rep2,m5_rep2,GC-D+,0.05,1,4,0.00042247772216796875,20,1.0,inf,inf,inf,0.0,1.052807030800627,1.0337997272594854,0.20432370607611725
corn_moisture,m5_rep2,m5_rep2,GC-D+,0.1,1,4,0.0003993511199951172,20,1.0,inf,inf,inf,0.0,1.052807030800627,1.0337997272594854,0.20432370607611725
corn_moisture,m5_rep2,m5_rep2,GC-D+,0.2,1,4,0.0004165172576904297,20,1.0,inf,inf,inf,0.0,1.052807030800627,1.0337997272594854,0.20432370607611725
corn_moisture,m5_rep2,m5_rep2,HJ+,0.05,1,4,0.0019054412841796875,20,1.0,inf,inf,inf,0.0,1.052807030800627,1.0337997272594854,0.20432370607611725
corn_moisture,m5_rep2,m5_rep2,HJ+,0.1,1,4,0.0003783702850341797,20,1.0,inf,inf,inf,0.0,1.052807030800627,1.0337997272594854,0.20432370607611725
corn_moisture,m5_rep2,m5_rep2,HJ+,0.2,1,4,0.0003657341003417969,20,1.0,inf,inf,inf,0.0,1.052807030800627,1.0337997272594854,0.20432370607611725
corn_moisture,m5_rep2,m5_rep2,HJ+-D,0.05,1,4,0.002197265625,20,1.0,inf,inf,inf,0.0,1.052807030800627,1.0337997272594854,0.20432370607611725
corn_moisture,m5_rep2,m5_rep2,HJ+-D,0.1,1,4,0.002073526382446289,20,1.0,inf,inf,inf,0.0,1.052807030800627,1.0337997272594854,0.20432370607611725
corn_moisture,m5_rep2,m5_rep2,HJ+-D,0.2,1,4,0.0020275115966796875,20,1.0,inf,inf,inf,0.0,1.052807030800627,1.0337997272594854,0.20432370607611725
corn_moisture,m5_rep2,m5_rep2,HCP-D,0.05,1,4,0.0003039836883544922,20,1.0,inf,inf,inf,0.0,1.052807030800627,1.0337997272594854,0.20432370607611725
corn_moisture,m5_rep2,m5_rep2,HCP-D,0.1,1,4,0.000156402587890625,20,1.0,inf,inf,inf,0.0,1.052807030800627,1.0337997272594854,0.20432370607611725
corn_moisture,m5_rep2,m5_rep2,HCP-D,0.2,1,4,0.0001811981201171875,20,1.0,inf,inf,inf,0.0,1.052807030800627,1.0337997272594854,0.20432370607611725
corn_moisture,m5_rep2,m5_rep2,HCP-A,0.05,1,4,0.00033593177795410156,20,1.0,inf,inf,inf,0.0,1.052807030800627,1.0337997272594854,0.20432370607611725
corn_moisture,m5_rep2,m5_rep2,HCP-A,0.1,1,4,0.0001518726348876953,20,1.0,inf,inf,inf,0.0,1.052807030800627,1.0337997272594854,0.20432370607611725
corn_moisture,m5_rep2,m5_rep2,HCP-A,0.2,1,4,0.00017213821411132812,20,1.0,inf,inf,inf,0.0,1.052807030800627,1.0337997272594854,0.20432370607611725
corn_moisture,m5_rep2,m5_rep2,ORACLE,0.05,1,4,0.0001220703125,20,1.0,inf,inf,inf,0.0,1.052807030800627,1.0337997272594854,0.20432370607611725
corn_moisture,m5_rep2,m5_rep2,ORACLE,0.1,1,4,9.274482727050781e-05,20,0.95,2.8358195220729687,2.8358195220729687,2.885222482143956,1.0,1.052807030800627,1.0337997272594854,0.20432370607611725
corn_moisture,m5_rep2,m5_rep2,ORACLE,0.2,1,4,8.702278137207031e-05,20,0.85,2.432454988793991,2.4324549887939906,2.638756683396209,1.0,1.052807030800627,1.0337997272594854,0.20432370607611725
corn_moisture,m5_rep3,m5_rep3,ASTM-R,0.05,1,4,0.01409006118774414,20,0.0,0.9200291777183803,0.9067208096321373,17.337668377990155,1.0,0.9051673875318463,0.8704555688659845,0.2547136722332554
corn_moisture,m5_rep3,m5_rep3,ASTM-R,0.1,1,4,0.00010800361633300781,20,0.0,0.7701925779302249,0.7590516200425554,10.477378175947669,1.0,0.9051673875318463,0.8704555688659845,0.2547136722332554
corn_moisture,m5_rep3,m5_rep3,ASTM-R,0.2,1,4,0.00010800361633300781,20,0.0,0.5986839071644317,0.5900238494219003,6.30982006000212,1.0,0.9051673875318463,0.8704555688659845,0.2547136722332554
corn_moisture,m5_rep3,m5_rep3,ASTM-G,0.05,1,4,0.0001583099365234375,20,0.15,1.0524444803072817,1.037220703851629,15.108686953536463,1.0,0.9051673875318463,0.8704555688659845,0.2547136722332554
corn_moisture,m5_rep3,m5_rep3,ASTM-G,0.1,1,4,9.489059448242188e-05,20,0.0,0.8810426310897064,0.8682982095885414,9.479727697512335,1.0,0.9051673875318463,0.8704555688659845,0.2547136722332554
corn_moisture,m5_rep3,m5_rep3,ASTM-G,0.2,1,4,9.1552734375e-05,20,0.0,0.6848495556484085,0.6749430981240163,5.965157466066212,1.0,0.9051673875318463,0.8704555688659845,0.2547136722332554
corn_moisture,m5_rep3,m5_rep3,GPR,0.05,1,4,0.04421186447143555,20,0.15,0.9598743354048149,0.8667594456103327,12.748949557750064,1.0,0.9051673875318463,0.8704555688659845,0.2547136722332554
corn_moisture,m5_rep3,m5_rep3,GPR,0.1,1,4,0.00010418891906738281,20,0.15,0.8055519358835331,0.7274074570003766,7.926391970494319,1.0,0.9051673875318463,0.8704555688659845,0.2547136722332554
corn_moisture,m5_rep3,m5_rep3,GPR,0.2,1,4,8.082389831542969e-05,20,0.05,0.6276280926421197,0.5667435387763842,4.9385914982746035,1.0,0.9051673875318463,0.8704555688659845,0.2547136722332554
corn_moisture,m5_rep3,m5_rep3,BAG,0.05,1,4,0.03171658515930176,20,0.15,1.155334476845025,1.1574219662310554,14.87712341082361,1.0,0.9051673875318463,0.8704555688659845,0.2547136722332554
corn_moisture,m5_rep3,m5_rep3,BAG,0.1,1,4,8.940696716308594e-05,20,0.05,0.9695872575059484,0.971339133823534,9.580836699998285,1.0,0.9051673875318463,0.8704555688659845,0.2547136722332554
corn_moisture,m5_rep3,m5_rep3,BAG,0.2,1,4,0.0003037452697753906,20,0.0,0.7554326095822889,0.7567975455259219,6.127206762444653,1.0,0.9051673875318463,0.8704555688659845,0.2547136722332554
corn_moisture,m5_rep3,m5_rep3,QGB,0.05,1,4,0.03137993812561035,20,0.8,0.923984056673504,0.8647842944505371,1.804417822292184,1.0,0.9051673875318463,0.8704555688659845,0.2547136722332554
corn_moisture,m5_rep3,m5_rep3,QGB,0.1,1,4,0.02791118621826172,20,0.65,0.7926017292229047,0.7379992465194949,1.50202561440173,1.0,0.9051673875318463,0.8704555688659845,0.2547136722332554
corn_moisture,m5_rep3,m5_rep3,QGB,0.2,1,4,0.04179739952087402,20,0.5,0.6183669698965182,0.5964023056839247,1.3812671915675145,1.0,0.9051673875318463,0.8704555688659845,0.2547136722332554
corn_moisture,m5_rep3,m5_rep3,SCP,0.05,1,4,3.24249267578125e-05,20,0.15,1.0165943831789015,1.0165943831789015,15.338208956383742,1.0,0.9051673875318463,0.8704555688659845,0.2547136722332554
corn_moisture,m5_rep3,m5_rep3,SCP,0.1,1,4,1.1205673217773438e-05,20,0.0,0.7517749088984154,0.7517749088984154,10.382952902761051,1.0,0.9051673875318463,0.8704555688659845,0.2547136722332554
corn_moisture,m5_rep3,m5_rep3,SCP,0.2,1,4,1.0728836059570312e-05,20,0.0,0.3306802517806986,0.3306802517806986,7.251742534300599,1.0,0.9051673875318463,0.8704555688659845,0.2547136722332554
corn_moisture,m5_rep3,m5_rep3,NCP-kNN,0.05,1,4,0.010751962661743164,20,0.05,0.8294094040451702,0.7990816714530826,18.540282115848544,1.0,0.9051673875318463,0.8704555688659845,0.2547136722332554
corn_moisture,m5_rep3,m5_rep3,NCP-kNN,0.1,1,4,1.9788742065429688e-05,20,0.0,0.6369800646261716,0.6136885984669309,11.416106501211244,1.0,0.9051673875318463,0.8704555688659845,0.2547136722332554
corn_moisture,m5_rep3,m5_rep3,NCP-kNN,0.2,1,4,1.2874603271484375e-05,20,0.0,0.2524702715560698,0.24323858109553242,7.564582455199115,1.0,0.9051673875318463,0.8704555688659845,0.2547136722332554
corn_moisture,m5_rep3,m5_rep3,CV+,0.05,1,4,0.008809328079223633,20,0.1,0.9622357810407696,0.9628798079248169,17.020079138833424,1.0,0.9051673875318463,0.8704555688659845,0.2547136722332554
corn_moisture,m5_rep3,m5_rep3,CV+,0.1,1,4,0.0077707767486572266,20,0.0,0.8358601121750876,0.8436507830775417,10.382601396643516,1.0,0.9051673875318463,0.8704555688659845,0.2547136722332554
corn_moisture,m5_rep3,m5_rep3,CV+,0.2,1,4,0.0077974796295166016,20,0.0,0.5894645415072656,0.587981426001833,6.82491631129822,1.0,0.9051673875318463,0.8704555688659845,0.2547136722332554
corn_moisture,m5_rep3,m5_rep3,CQR,0.05,1,4,3.981590270996094e-05,20,0.95,1.5749848625234613,1.5157851003004943,1.6031149265747793,1.0,0.9051673875318463,0.8704555688659845,0.2547136722332554
corn_moisture,m5_rep3,m5_rep3,CQR,0.1,1,4,1.3589859008789062e-05,20,0.95,1.1507585032729246,1.0961560205695147,1.327874380358643,1.0,0.9051673875318463,0.8704555688659845,0.2547136722332554
corn_moisture,m5_rep3,m5_rep3,CQR,0.2,1,4,4.220008850097656e-05,20,0.75,0.9512584271323424,0.9292937629197491,1.1007465957989047,1.0,0.9051673875318463,0.8704555688659845,0.2547136722332554
corn_moisture,m5_rep3,m5_rep3,WCP,0.05,1,4,0.005776882171630859,20,1.0,inf,inf,inf,0.0,0.9051673875318463,0.8704555688659845,0.2547136722332554
corn_moisture,m5_rep3,m5_rep3,WCP,0.1,1,4,0.00011515617370605469,20,1.0,inf,inf,inf,0.0,0.9051673875318463,0.8704555688659845,0.2547136722332554
corn_moisture,m5_rep3,m5_rep3,WCP,0.2,1,4,8.153915405273438e-05,20,1.0,inf,inf,inf,0.0,0.9051673875318463,0.8704555688659845,0.2547136722332554
corn_moisture,m5_rep3,m5_rep3,R-U-A,0.05,1,4,5.650520324707031e-05,20,0.1,0.9352686431023898,0.9352686431023898,17.09099929937342,1.0,0.9051673875318463,0.8704555688659845,0.2547136722332554
corn_moisture,m5_rep3,m5_rep3,R-U-A,0.1,1,4,4.363059997558594e-05,20,0.0,0.7083222495843629,0.7083222495843629,11.034211131060427,1.0,0.9051673875318463,0.8704555688659845,0.2547136722332554
corn_moisture,m5_rep3,m5_rep3,R-U-A,0.2,1,4,3.695487976074219e-05,20,0.0,0.5551485142690531,0.5551485142690531,6.483961631583634,1.0,0.9051673875318463,0.8704555688659845,0.2547136722332554
corn_moisture,m5_rep3,m5_rep3,R-U-D,0.05,1,4,0.003486156463623047,20,0.2,1.1533393686250415,1.15213185095077,13.724604899540221,1.0,0.9051673875318463,0.8704555688659845,0.2547136722332554
corn_moisture,m5_rep3,m5_rep3,R-U-D,0.1,1,4,0.0005240440368652344,20,0.1,0.9409503895039919,0.9399652378159047,9.008685498703557,1.0,0.9051673875318463,0.8704555688659845,0.2547136722332554
corn_moisture,m5_rep3,m5_rep3,R-U-D,0.2,1,4,0.00042700767517089844,20,0.0,0.7222488787127203,0.7214927020746966,5.815560173808965,1.0,0.9051673875318463,0.8704555688659845,0.2547136722332554
corn_moisture,m5_rep3,m5_rep3,G-U-A,0.05,1,4,5.888938903808594e-05,20,0.15,1.0028494401347245,1.0028494401347245,15.956913040170832,1.0,0.9051673875318463,0.8704555688659845,0.2547136722332554
corn_moisture,m5_rep3,m5_rep3,G-U-A,0.1,1,4,3.647804260253906e-05,20,0.0,0.77608002810112,0.77608002810112,10.424391124409613,1.0,0.9051673875318463,0.8704555688659845,0.2547136722332554
corn_moisture,m5_rep3,m5_rep3,G-U-A,0.2,1,4,3.719329833984375e-05,20,0.0,0.6397771638374827,0.6397771638374827,6.145447033309916,1.0,0.9051673875318463,0.8704555688659845,0.2547136722332554
corn_moisture,m5_rep3,m5_rep3,G-W-A,0.05,1,4,0.0001251697540283203,20,0.15,1.0028494401347245,1.0028494401347245,15.956913040170832,1.0,0.9051673875318463,0.8704555688659845,0.2547136722332554
corn_moisture,m5_rep3,m5_rep3,G-W-A,0.1,1,4,9.72747802734375e-05,20,0.0,0.77608002810112,0.77608002810112,10.424391124409613,1.0,0.9051673875318463,0.8704555688659845,0.2547136722332554
corn_moisture,m5_rep3,m5_rep3,G-W-A,0.2,1,4,9.393692016601562e-05,20,0.0,0.6397771638374827,0.6397771638374827,6.145447033309916,1.0,0.9051673875318463,0.8704555688659845,0.2547136722332554
corn_moisture,m5_rep3,m5_rep3,G-U-D,0.05,1,4,0.0037162303924560547,20,0.15,1.0583883635789624,1.0476648839005858,15.017681953260626,1.0,0.9051673875318463,0.8704555688659845,0.2547136722332554
corn_moisture,m5_rep3,m5_rep3,G-U-D,0.1,1,4,0.0005984306335449219,20,0.0,0.8348052257442925,0.8263470669230824,9.895864345621057,1.0,0.9051673875318463,0.8704555688659845,0.2547136722332554
corn_moisture,m5_rep3,m5_rep3,G-U-D,0.2,1,4,0.0004699230194091797,20,0.0,0.6943946316883872,0.6873590982510152,5.926977161906297,1.0,0.9051673875318463,0.8704555688659845,0.2547136722332554
corn_moisture,m5_rep3,m5_rep3,GC-D,0.05,1,4,0.000579833984375,20,0.15,1.0583883635789624,1.0476648839005858,15.017681953260626,1.0,0.9051673875318463,0.8704555688659845,0.2547136722332554
corn_moisture,m5_rep3,m5_rep3,GC-D,0.1,1,4,0.0005316734313964844,20,0.0,0.8348052257442925,0.8263470669230824,9.895864345621057,1.0,0.9051673875318463,0.8704555688659845,0.2547136722332554
corn_moisture,m5_rep3,m5_rep3,GC-D,0.2,1,4,0.00054168701171875,20,0.0,0.6943946316883872,0.6873590982510152,5.926977161906297,1.0,0.9051673875318463,0.8704555688659845,0.2547136722332554
corn_moisture,m5_rep3,m5_rep3,GC-D+,0.05,1,4,0.0005252361297607422,20,1.0,inf,inf,inf,0.0,0.9051673875318463,0.8704555688659845,0.2547136722332554
corn_moisture,m5_rep3,m5_rep3,GC-D+,0.1,1,4,0.00407862663269043,20,1.0,inf,inf,inf,0.0,0.9051673875318463,0.8704555688659845,0.2547136722332554
corn_moisture,m5_rep3,m5_rep3,GC-D+,0.2,1,4,0.0005757808685302734,20,1.0,inf,inf,inf,0.0,0.9051673875318463,0.8704555688659845,0.2547136722332554
corn_moisture,m5_rep3,m5_rep3,HJ+,0.05,1,4,0.010294437408447266,20,1.0,inf,inf,inf,0.0,0.9051673875318463,0.8704555688659845,0.2547136722332554
corn_moisture,m5_rep3,m5_rep3,HJ+,0.1,1,4,0.0005552768707275391,20,1.0,inf,inf,inf,0.0,0.9051673875318463,0.8704555688659845,0.2547136722332554
corn_moisture,m5_rep3,m5_rep3,HJ+,0.2,1,4,0.0003581047058105469,20,1.0,inf,inf,inf,0.0,0.9051673875318463,0.8704555688659845,0.2547136722332554
corn_moisture,m5_rep3,m5_rep3,HJ+-D,0.05,1,4,0.002226591110229492,20,1.0,inf,inf,inf,0.0,0.9051673875318463,0.8704555688659845,0.2547136722332554
corn_moisture,m5_rep3,m5_rep3,HJ+-D,0.1,1,4,0.002343416213989258,20,1.0,inf,inf,inf,0.0,0.9051673875318463,0.8704555688659845,0.2547136722332554
corn_moisture,m5_rep3,m5_rep3,HJ+-D,0.2,1,4,0.0021293163299560547,20,1.0,inf,inf,inf,0.0,0.9051673875318463,0.8704555688659845,0.2547136722332554
corn_moisture,m5_rep3,m5_rep3,HCP-D,0.05,1,4,0.00026726722717285156,20,1.0,inf,inf,inf,0.0,0.9051673875318463,0.8704555688659845,0.2547136722332554
corn_moisture,m5_rep3,m5_rep3,HCP-D,0.1,1,4,0.00016546249389648438,20,1.0,inf,inf,inf,0.0,0.9051673875318463,0.8704555688659845,0.2547136722332554
corn_moisture,m5_rep3,m5_rep3,HCP-D,0.2,1,4,0.00016736984252929688,20,1.0,inf,inf,inf,0.0,0.9051673875318463,0.8704555688659845,0.2547136722332554
corn_moisture,m5_rep3,m5_rep3,HCP-A,0.05,1,4,0.000179290771484375,20,1.0,inf,inf,inf,0.0,0.9051673875318463,0.8704555688659845,0.2547136722332554
corn_moisture,m5_rep3,m5_rep3,HCP-A,0.1,1,4,0.00014400482177734375,20,1.0,inf,inf,inf,0.0,0.9051673875318463,0.8704555688659845,0.2547136722332554
corn_moisture,m5_rep3,m5_rep3,HCP-A,0.2,1,4,0.0001895427703857422,20,1.0,inf,inf,inf,0.0,0.9051673875318463,0.8704555688659845,0.2547136722332554
corn_moisture,m5_rep3,m5_rep3,ORACLE,0.05,1,4,0.00012540817260742188,20,1.0,inf,inf,inf,0.0,0.9051673875318463,0.8704555688659845,0.2547136722332554
corn_moisture,m5_rep3,m5_rep3,ORACLE,0.1,1,4,9.512901306152344e-05,20,0.95,2.41339129309752,2.4133912930975203,2.4374742792973088,1.0,0.9051673875318463,0.8704555688659845,0.2547136722332554
corn_moisture,m5_rep3,m5_rep3,ORACLE,0.2,1,4,8.869171142578125e-05,20,0.8,2.3023421358074607,2.3023421358074607,2.3794827646715735,1.0,0.9051673875318463,0.8704555688659845,0.2547136722332554
corn_moisture,m5_rep4,m5_rep4,ASTM-R,0.05,1,4,0.016562938690185547,20,0.1,0.9081267812948342,0.9058708203650809,13.752328265039434,1.0,0.8013943808307393,0.7708792423281555,0.2247294218075379
corn_moisture,m5_rep4,m5_rep4,ASTM-R,0.1,1,4,0.00011110305786132812,20,0.0,0.7602286141701488,0.7583400606261144,8.575527319031774,1.0,0.8013943808307393,0.7708792423281555,0.2247294218075379
corn_moisture,m5_rep4,m5_rep4,ASTM-R,0.2,1,4,0.00010085105895996094,20,0.0,0.5909387471542458,0.5894707420772942,5.345037434664572,1.0,0.8013943808307393,0.7708792423281555,0.2247294218075379
corn_moisture,m5_rep4,m5_rep4,ASTM-G,0.05,1,4,0.00011348724365234375,20,0.15,0.9617792816951498,0.9593900376741153,12.875528839355336,1.0,0.8013943808307393,0.7708792423281555,0.2247294218075379
corn_moisture,m5_rep4,m5_rep4,ASTM-G,0.1,1,4,9.5367431640625e-05,20,0.0,0.8051432305719894,0.8031431005147791,8.171295771415206,1.0,0.8013943808307393,0.7708792423281555,0.2247294218075379
corn_moisture,m5_rep4,m5_rep4,ASTM-G,0.2,1,4,0.00010061264038085938,20,0.0,0.6258516492085695,0.6242969137932981,5.205385826447278,1.0,0.8013943808307393,0.7708792423281555,0.2247294218075379
corn_moisture,m5_rep4,m5_rep4,GPR,0.05,1,4,0.045968055725097656,20,0.1,0.9485786491827867,0.9111143761602296,12.47351940050691,1.0,0.8013943808307393,0.7708792423281555,0.2247294218075379
corn_moisture,m5_rep4,m5_rep4,GPR,0.1,1,4,0.00018644332885742188,20,0.1,0.7960722971770243,0.7646312881338329,7.94707383818263,1.0,0.8013943808307393,0.7708792423281555,0.2247294218075379
corn_moisture,m5_rep4,m5_rep4,GPR,0.2,1,4,9.322166442871094e-05,20,0.0,0.6202422404142596,0.5957456689860265,5.025829340251106,1.0,0.8013943808307393,0.7708792423281555,0.2247294218075379
corn_moisture,m5_rep4,m5_rep4,BAG,0.05,1,4,0.03804731369018555,20,0.15,1.1442209554112286,1.125756316018645,9.081814127638498,1.0,0.8013943808307393,0.7708792423281555,0.2247294218075379
corn_moisture,m5_rep4,m5_rep4,BAG,0.1,1,4,0.00011038780212402344,20,0.15,0.9602604963089189,0.9447644824460077,6.50612626359266,1.0,0.8013943808307393,0.7708792423281555,0.2247294218075379
corn_moisture,m5_rep4,m5_rep4,BAG,0.2,1,4,7.987022399902344e-05,20,0.0,0.7481658685071778,0.7360924897576524,4.51460082959509,1.0,0.8013943808307393,0.7708792423281555,0.2247294218075379
corn_moisture,m5_rep4,m5_rep4,QGB,0.05,1,4,0.04059028625488281,20,0.75,0.9217503395900077,0.8635683737275706,2.0433092606524665,1.0,0.8013943808307393,0.7708792423281555,0.2247294218075379
corn_moisture,m5_rep4,m5_rep4,QGB,0.1,1,4,0.0352473258972168,20,0.7,0.725442727121816,0.6714093252323012,2.0848526322402203,1.0,0.8013943808307393,0.7708792423281555,0.2247294218075379
corn_moisture,m5_rep4,m5_rep4,QGB,0.2,1,4,0.03738236427307129,20,0.55,0.6149702359787239,0.6104739472472547,1.6203321669391353,1.0,0.8013943808307393,0.7708792423281555,0.2247294218075379
corn_moisture,m5_rep4,m5_rep4,SCP,0.05,1,4,2.7179718017578125e-05,20,0.0,0.8512570819052634,0.8512570819052634,17.067381421955275,1.0,0.8013943808307393,0.7708792423281555,0.2247294218075379
corn_moisture,m5_rep4,m5_rep4,SCP,0.1,1,4,1.2159347534179688e-05,20,0.0,0.709565070807411,0.709565070807411,10.23454735181094,1.0,0.8013943808307393,0.7708792423281555,0.2247294218075379
corn_moisture,m5_rep4,m5_rep4,SCP,0.2,1,4,8.58306884765625e-06,20,0.0,0.45839383521664345,0.45839383521664345,6.476741153672246,1.0,0.8013943808307393,0.7708792423281555,0.2247294218075379
corn_moisture,m5_rep4,m5_rep4,NCP-kNN,0.05,1,4,0.0073316097259521484,20,0.0,0.8168141327379692,0.7780650245186997,17.721797456133864,1.0,0.8013943808307393,0.7708792423281555,0.2247294218075379
corn_moisture,m5_rep4,m5_rep4,NCP-kNN,0.1,1,4,2.6464462280273438e-05,20,0.0,0.6939085227463468,0.660989973269194,10.375456284360519,1.0,0.8013943808307393,0.7708792423281555,0.2247294218075379
corn_moisture,m5_rep4,m5_rep4,NCP-kNN,0.2,1,4,1.5974044799804688e-05,20,0.0,0.4191481201392806,0.3992640177269742,6.633724013981697,1.0,0.8013943808307393,0.7708792423281555,0.2247294218075379
corn_moisture,m5_rep4,m5_rep4,CV+,0.05,1,4,0.0063037872314453125,20,0.15,0.8659604885717588,0.862760054268791,13.196714700829556,1.0,0.8013943808307393,0.7708792423281555,0.2247294218075379
corn_moisture,m5_rep4,m5_rep4,CV+,0.1,1,4,0.004569053649902344,20,0.0,0.714527342620618,0.6997664420518195,8.28072278515838,1.0,0.8013943808307393,0.7708792423281555,0.2247294218075379
corn_moisture,m5_rep4,m5_rep4,CV+,0.2,1,4,0.00446772575378418,20,0.0,0.5635316751360142,0.5584296606797219,5.184702186092801,1.0,0.8013943808307393,0.7708792423281555,0.2247294218075379
corn_moisture,m5_rep4,m5_rep4,CQR,0.05,1,4,2.3126602172851562e-05,20,1.0,1.3105053459795026,1.2523233801170655,1.3105053459795026,1.0,0.8013943808307393,0.7708792423281555,0.2247294218075379
corn_moisture,m5_rep4,m5_rep4,CQR,0.1,1,4,1.1682510375976562e-05,20,0.8,1.1143585970562095,1.060325195166695,1.4234501435245757,1.0,0.8013943808307393,0.7708792423281555,0.2247294218075379
corn_moisture,m5_rep4,m5_rep4,CQR,0.2,1,4,1.2874603271484375e-05,20,0.7,0.9875791252817333,0.9830828365502642,1.3272176719733035,1.0,0.8013943808307393,0.7708792423281555,0.2247294218075379
corn_moisture,m5_rep4,m5_rep4,WCP,0.05,1,4,0.0034894943237304688,20,1.0,inf,inf,inf,0.0,0.8013943808307393,0.7708792423281555,0.2247294218075379
corn_moisture,m5_rep4,m5_rep4,WCP,0.1,1,4,0.00010919570922851562,20,1.0,inf,inf,inf,0.0,0.8013943808307393,0.7708792423281555,0.2247294218075379
corn_moisture,m5_rep4,m5_rep4,WCP,0.2,1,4,7.748603820800781e-05,20,1.0,inf,inf,inf,0.0,0.8013943808307393,0.7708792423281555,0.2247294218075379
corn_moisture,m5_rep4,m5_rep4,R-U-A,0.05,1,4,5.2928924560546875e-05,20,0.05,0.8077914319854038,0.8077914319854038,15.492908613079885,1.0,0.8013943808307393,0.7708792423281555,0.2247294218075379
corn_moisture,m5_rep4,m5_rep4,R-U-A,0.1,1,4,3.6716461181640625e-05,20,0.0,0.633721253890851,0.633721253890851,9.714093561545452,1.0,0.8013943808307393,0.7708792423281555,0.2247294218075379
corn_moisture,m5_rep4,m5_rep4,R-U-A,0.2,1,4,3.314018249511719e-05,20,0.0,0.5385629297657104,0.5385629297657104,5.554540704218715,1.0,0.8013943808307393,0.7708792423281555,0.2247294218075379
corn_moisture,m5_rep4,m5_rep4,R-U-D,0.05,1,4,0.003130674362182617,20,0.15,1.0249900797409714,1.0365596303726097,11.984724422022916,1.0,0.8013943808307393,0.7708792423281555,0.2247294218075379
corn_moisture,m5_rep4,m5_rep4,R-U-D,0.1,1,4,0.00039076805114746094,20,0.1,0.8706474921145189,0.8804749045367668,7.664745068554555,1.0,0.8013943808307393,0.7708792423281555,0.2247294218075379
corn_moisture,m5_rep4,m5_rep4,R-U-D,0.2,1,4,0.0004024505615234375,20,0.0,0.7261069445732751,0.7343028590755392,4.804364644988455,1.0,0.8013943808307393,0.7708792423281555,0.2247294218075379
corn_moisture,m5_rep4,m5_rep4,G-U-A,0.05,1,4,4.291534423828125e-05,20,0.1,0.8535514414143108,0.8535514414143108,14.701249929566675,1.0,0.8013943808307393,0.7708792423281555,0.2247294218075379
corn_moisture,m5_rep4,m5_rep4,G-U-A,0.1,1,4,3.695487976074219e-05,20,0.0,0.7543362131398652,0.7543362131398652,8.628558928304326,1.0,0.8013943808307393,0.7708792423281555,0.2247294218075379
corn_moisture,m5_rep4,m5_rep4,G-U-A,0.2,1,4,3.24249267578125e-05,20,0.0,0.5730994680808763,0.5730994680808763,5.416394550958051,1.0,0.8013943808307393,0.7708792423281555,0.2247294218075379
corn_moisture,m5_rep4,m5_rep4,G-W-A,0.05,1,4,9.5367431640625e-05,20,0.1,0.8535514414143108,0.8535514414143108,14.701249929566675,1.0,0.8013943808307393,0.7708792423281555,0.2247294218075379
corn_moisture,m5_rep4,m5_rep4,G-W-A,0.1,1,4,0.00010704994201660156,20,0.0,0.7543362131398652,0.7543362131398652,8.628558928304326,1.0,0.8013943808307393,0.7708792423281555,0.2247294218075379
corn_moisture,m5_rep4,m5_rep4,G-W-A,0.2,1,4,7.462501525878906e-05,20,0.0,0.5730994680808763,0.5730994680808763,5.416394550958051,1.0,0.8013943808307393,0.7708792423281555,0.2247294218075379
corn_moisture,m5_rep4,m5_rep4,G-U-D,0.05,1,4,0.003991127014160156,20,0.2,1.1073229166285874,1.1098086443921478,10.793072127484168,1.0,0.8013943808307393,0.7708792423281555,0.2247294218075379
corn_moisture,m5_rep4,m5_rep4,G-U-D,0.1,1,4,0.0003752708435058594,20,0.15,0.9887868261420868,0.9910064630962889,6.821011085152574,1.0,0.8013943808307393,0.7708792423281555,0.2247294218075379
corn_moisture,m5_rep4,m5_rep4,G-U-D,0.2,1,4,0.0004851818084716797,20,0.05,0.7936479387507763,0.7954295262951323,4.549373030434826,1.0,0.8013943808307393,0.7708792423281555,0.2247294218075379
corn_moisture,m5_rep4,m5_rep4,GC-D,0.05,1,4,0.0004291534423828125,20,0.2,1.1073229166285874,1.1098086443921478,10.793072127484168,1.0,0.8013943808307393,0.7708792423281555,0.2247294218075379
corn_moisture,m5_rep4,m5_rep4,GC-D,0.1,1,4,0.00039315223693847656,20,0.15,0.9887868261420868,0.9910064630962889,6.821011085152574,1.0,0.8013943808307393,0.7708792423281555,0.2247294218075379
corn_moisture,m5_rep4,m5_rep4,GC-D,0.2,1,4,0.0004534721374511719,20,0.05,0.7936479387507763,0.7954295262951323,4.549373030434826,1.0,0.8013943808307393,0.7708792423281555,0.2247294218075379
corn_moisture,m5_rep4,m5_rep4,GC-D+,0.05,1,4,0.00039267539978027344,20,1.0,inf,inf,inf,0.0,0.8013943808307393,0.7708792423281555,0.2247294218075379
corn_moisture,m5_rep4,m5_rep4,GC-D+,0.1,1,4,0.0004673004150390625,20,1.0,inf,inf,inf,0.0,0.8013943808307393,0.7708792423281555,0.2247294218075379
corn_moisture,m5_rep4,m5_rep4,GC-D+,0.2,1,4,0.00039649009704589844,20,1.0,inf,inf,inf,0.0,0.8013943808307393,0.7708792423281555,0.2247294218075379
corn_moisture,m5_rep4,m5_rep4,HJ+,0.05,1,4,0.0016400814056396484,20,1.0,inf,inf,inf,0.0,0.8013943808307393,0.7708792423281555,0.2247294218075379
corn_moisture,m5_rep4,m5_rep4,HJ+,0.1,1,4,0.0004222393035888672,20,1.0,inf,inf,inf,0.0,0.8013943808307393,0.7708792423281555,0.2247294218075379
corn_moisture,m5_rep4,m5_rep4,HJ+,0.2,1,4,0.00035190582275390625,20,1.0,inf,inf,inf,0.0,0.8013943808307393,0.7708792423281555,0.2247294218075379
corn_moisture,m5_rep4,m5_rep4,HJ+-D,0.05,1,4,0.0022385120391845703,20,1.0,inf,inf,inf,0.0,0.8013943808307393,0.7708792423281555,0.2247294218075379
corn_moisture,m5_rep4,m5_rep4,HJ+-D,0.1,1,4,0.0020782947540283203,20,1.0,inf,inf,inf,0.0,0.8013943808307393,0.7708792423281555,0.2247294218075379
corn_moisture,m5_rep4,m5_rep4,HJ+-D,0.2,1,4,0.002652406692504883,20,1.0,inf,inf,inf,0.0,0.8013943808307393,0.7708792423281555,0.2247294218075379
corn_moisture,m5_rep4,m5_rep4,HCP-D,0.05,1,4,0.0002880096435546875,20,1.0,inf,inf,inf,0.0,0.8013943808307393,0.7708792423281555,0.2247294218075379
corn_moisture,m5_rep4,m5_rep4,HCP-D,0.1,1,4,0.00016498565673828125,20,1.0,inf,inf,inf,0.0,0.8013943808307393,0.7708792423281555,0.2247294218075379
corn_moisture,m5_rep4,m5_rep4,HCP-D,0.2,1,4,0.0001785755157470703,20,1.0,inf,inf,inf,0.0,0.8013943808307393,0.7708792423281555,0.2247294218075379
corn_moisture,m5_rep4,m5_rep4,HCP-A,0.05,1,4,0.0001747608184814453,20,1.0,inf,inf,inf,0.0,0.8013943808307393,0.7708792423281555,0.2247294218075379
corn_moisture,m5_rep4,m5_rep4,HCP-A,0.1,1,4,0.00016450881958007812,20,1.0,inf,inf,inf,0.0,0.8013943808307393,0.7708792423281555,0.2247294218075379
corn_moisture,m5_rep4,m5_rep4,HCP-A,0.2,1,4,0.00013566017150878906,20,1.0,inf,inf,inf,0.0,0.8013943808307393,0.7708792423281555,0.2247294218075379
corn_moisture,m5_rep4,m5_rep4,ORACLE,0.05,1,4,0.00015997886657714844,20,1.0,inf,inf,inf,0.0,0.8013943808307393,0.7708792423281555,0.2247294218075379
corn_moisture,m5_rep4,m5_rep4,ORACLE,0.1,1,4,0.0001723766326904297,20,0.85,2.16013158924134,2.16013158924134,2.5697650176120117,1.0,0.8013943808307393,0.7708792423281555,0.2247294218075379
corn_moisture,m5_rep4,m5_rep4,ORACLE,0.2,1,4,9.894371032714844e-05,20,0.75,1.9527478599261876,1.9527478599261876,2.5071927579187205,1.0,0.8013943808307393,0.7708792423281555,0.2247294218075379
corn_moisture,m5_rep5,m5_rep5,ASTM-R,0.05,1,4,0.01571798324584961,20,0.0,0.9314814862323596,0.9230001033148945,19.098671691042927,1.0,0.9496410522604206,0.9199204982364441,0.24184467625815606
corn_moisture,m5_rep5,m5_rep5,ASTM-R,0.1,1,4,0.00011038780212402344,20,0.0,0.7797797554146483,0.7726796564918992,11.380392165997046,1.0,0.9496410522604206,0.9199204982364441,0.24184467625815606
corn_moisture,m5_rep5,m5_rep5,ASTM-R,0.2,1,4,9.846687316894531e-05,20,0.0,0.6061361847369806,0.6006171560081555,6.774660243416517,1.0,0.9496410522604206,0.9199204982364441,0.24184467625815606
corn_moisture,m5_rep5,m5_rep5,ASTM-G,0.05,1,4,0.00011038780212402344,20,0.0,0.9656011484048344,0.9568090970262375,18.450398109765906,1.0,0.9496410522604206,0.9199204982364441,0.24184467625815606
corn_moisture,m5_rep5,m5_rep5,ASTM-G,0.1,1,4,0.0001621246337890625,20,0.0,0.8083426653778911,0.8009824936783705,11.123325976327859,1.0,0.9496410522604206,0.9199204982364441,0.24184467625815606
corn_moisture,m5_rep5,m5_rep5,ASTM-G,0.2,1,4,9.1552734375e-05,20,0.0,0.6283386247848111,0.6226174370238073,6.685850483225197,1.0,0.9496410522604206,0.9199204982364441,0.24184467625815606
corn_moisture,m5_rep5,m5_rep5,GPR,0.05,1,4,0.04009222984313965,20,0.3,0.9877055383277205,0.9142439180763038,13.313354503651215,1.0,0.9496410522604206,0.9199204982364441,0.24184467625815606
corn_moisture,m5_rep5,m5_rep5,GPR,0.1,1,4,0.00011801719665527344,20,0.25,0.8289086176548596,0.7672576825022777,8.081905728137755,1.0,0.9496410522604206,0.9199204982364441,0.24184467625815606
corn_moisture,m5_rep5,m5_rep5,GPR,0.2,1,4,8.296966552734375e-05,20,0.05,0.6458259380914122,0.5977919664555813,5.079989711033834,1.0,0.9496410522604206,0.9199204982364441,0.24184467625815606
corn_moisture,m5_rep5,m5_rep5,BAG,0.05,1,4,0.032608747482299805,20,0.0,1.1647259748012302,1.1671619184246769,16.30451415806913,1.0,0.9496410522604206,0.9199204982364441,0.24184467625815606
corn_moisture,m5_rep5,m5_rep5,BAG,0.1,1,4,0.00010657310485839844,20,0.0,0.9774688510442069,0.9795131593762374,10.419934180248388,1.0,0.9496410522604206,0.9199204982364441,0.24184467625815606
corn_moisture,m5_rep5,m5_rep5,BAG,0.2,1,4,7.891654968261719e-05,20,0.0,0.7615733800268071,0.7631661579496818,6.562283399715898,1.0,0.9496410522604206,0.9199204982364441,0.24184467625815606
corn_moisture,m5_rep5,m5_rep5,QGB,0.05,1,4,0.0318453311920166,20,0.65,0.9152747307510382,0.9265120596362433,3.0908772092858725,1.0,0.9496410522604206,0.9199204982364441,0.24184467625815606
corn_moisture,m5_rep5,m5_rep5,QGB,0.1,1,4,0.028172016143798828,20,0.65,0.8930085532410192,0.8545350451205795,2.115952287022502,1.0,0.9496410522604206,0.9199204982364441,0.24184467625815606
corn_moisture,m5_rep5,m5_rep5,QGB,0.2,1,4,0.028313875198364258,20,0.6,0.7863512480705427,0.7515510058765518,1.6321067947634091,1.0,0.9496410522604206,0.9199204982364441,0.24184467625815606
corn_moisture,m5_rep5,m5_rep5,SCP,0.05,1,4,2.8371810913085938e-05,20,0.0,0.9370773437167585,0.9370773437167585,20.49465806581842,1.0,0.9496410522604206,0.9199204982364441,0.24184467625815606
corn_moisture,m5_rep5,m5_rep5,SCP,0.1,1,4,4.673004150390625e-05,20,0.0,0.6976837343189395,0.6976837343189395,12.870410189347961,1.0,0.9496410522604206,0.9199204982364441,0.24184467625815606
corn_moisture,m5_rep5,m5_rep5,SCP,0.2,1,4,9.775161743164062e-06,20,0.0,0.4181114744859862,0.4181114744859862,7.902336001165264,1.0,0.9496410522604206,0.9199204982364441,0.24184467625815606
corn_moisture,m5_rep5,m5_rep5,NCP-kNN,0.05,1,4,0.006588459014892578,20,0.0,0.936049803945379,0.9505747338562927,20.514181321474634,1.0,0.9496410522604206,0.9199204982364441,0.24184467625815606
corn_moisture,m5_rep5,m5_rep5,NCP-kNN,0.1,1,4,2.574920654296875e-05,20,0.0,0.6337443361978098,0.6435783130074988,13.445864772438131,1.0,0.9496410522604206,0.9199204982364441,0.24184467625815606
corn_moisture,m5_rep5,m5_rep5,NCP-kNN,0.2,1,4,1.3589859008789062e-05,20,0.0,0.36843321808213647,0.37415029280074563,8.101049026780663,1.0,0.9496410522604206,0.9199204982364441,0.24184467625815606
corn_moisture,m5_rep5,m5_rep5,CV+,0.05,1,4,0.005143880844116211,20,0.1,1.022763107838245,1.010369040315033,14.439396413184392,1.0,0.9496410522604206,0.9199204982364441,0.24184467625815606
corn_moisture,m5_rep5,m5_rep5,CV+,0.1,1,4,0.004428386688232422,20,0.0,0.8316997224093934,0.8163094496540602,10.434113369323661,1.0,0.9496410522604206,0.9199204982364441,0.24184467625815606
corn_moisture,m5_rep5,m5_rep5,CV+,0.2,1,4,0.004680633544921875,20,0.0,0.6625501459639348,0.6548462899551222,6.573908871198091,1.0,0.9496410522604206,0.9199204982364441,0.24184467625815606
corn_moisture,m5_rep5,m5_rep5,CQR,0.05,1,4,2.5033950805664062e-05,20,0.95,1.4147083456248009,1.4259456745100056,1.6251344984097482,1.0,0.9496410522604206,0.9199204982364441,0.24184467625815606
corn_moisture,m5_rep5,m5_rep5,CQR,0.1,1,4,1.3828277587890625e-05,20,0.7,1.018777358126746,0.9803038500063064,1.8389362454221363,1.0,0.9496410522604206,0.9199204982364441,0.24184467625815606
corn_moisture,m5_rep5,m5_rep5,CQR,0.2,1,4,1.1205673217773438e-05,20,0.65,0.9098821826267072,0.8750819404327164,1.5278208179740336,1.0,0.9496410522604206,0.9199204982364441,0.24184467625815606
corn_moisture,m5_rep5,m5_rep5,WCP,0.05,1,4,0.0037338733673095703,20,1.0,inf,inf,inf,0.0,0.9496410522604206,0.9199204982364441,0.24184467625815606
corn_moisture,m5_rep5,m5_rep5,WCP,0.1,1,4,0.00011324882507324219,20,1.0,inf,inf,inf,0.0,0.9496410522604206,0.9199204982364441,0.24184467625815606
corn_moisture,m5_rep5,m5_rep5,WCP,0.2,1,4,7.772445678710938e-05,20,1.0,inf,inf,inf,0.0,0.9496410522604206,0.9199204982364441,0.24184467625815606
corn_moisture,m5_rep5,m5_rep5,R-U-A,0.05,1,4,0.00010013580322265625,20,0.0,0.9293137394683519,0.9293137394683519,19.13985887955907,1.0,0.9496410522604206,0.9199204982364441,0.24184467625815606
corn_moisture,m5_rep5,m5_rep5,R-U-A,0.1,1,4,3.838539123535156e-05,20,0.0,0.6674041164194726,0.6674041164194726,12.391772916953625,1.0,0.9496410522604206,0.9199204982364441,0.24184467625815606
corn_moisture,m5_rep5,m5_rep5,R-U-A,0.2,1,4,3.2901763916015625e-05,20,0.0,0.513927458798463,0.513927458798463,7.143495147170587,1.0,0.9496410522604206,0.9199204982364441,0.24184467625815606
corn_moisture,m5_rep5,m5_rep5,R-U-D,0.05,1,4,0.0033826828002929688,20,0.0,1.0560812212994206,1.0619737715861692,16.73127672476877,1.0,0.9496410522604206,0.9199204982364441,0.24184467625815606
corn_moisture,m5_rep5,m5_rep5,R-U-D,0.1,1,4,0.000457763671875,20,0.0,0.8555672165843339,0.8603409714298316,10.698305015469874,1.0,0.9496410522604206,0.9199204982364441,0.24184467625815606
corn_moisture,m5_rep5,m5_rep5,R-U-D,0.2,1,4,0.00036215782165527344,20,0.0,0.6109599643442852,0.614368899415263,6.755365124987298,1.0,0.9496410522604206,0.9199204982364441,0.24184467625815606
corn_moisture,m5_rep5,m5_rep5,G-U-A,0.05,1,4,4.410743713378906e-05,20,0.0,0.8445642426394393,0.8445642426394393,20.75009931930841,1.0,0.9496410522604206,0.9199204982364441,0.24184467625815606
corn_moisture,m5_rep5,m5_rep5,G-U-A,0.1,1,4,3.504753112792969e-05,20,0.0,0.7561382371783623,0.7561382371783623,11.593165830123619,1.0,0.9496410522604206,0.9199204982364441,0.24184467625815606
corn_moisture,m5_rep5,m5_rep5,G-U-A,0.2,1,4,3.719329833984375e-05,20,0.0,0.5547067908069323,0.5547067908069323,6.98037781913671,1.0,0.9496410522604206,0.9199204982364441,0.24184467625815606
corn_moisture,m5_rep5,m5_rep5,G-W-A,0.05,1,4,0.00010061264038085938,20,0.0,0.8445642426394393,0.8445642426394393,20.75009931930841,1.0,0.9496410522604206,0.9199204982364441,0.24184467625815606
corn_moisture,m5_rep5,m5_rep5,G-W-A,0.1,1,4,7.510185241699219e-05,20,0.0,0.7561382371783623,0.7561382371783623,11.593165830123619,1.0,0.9496410522604206,0.9199204982364441,0.24184467625815606
corn_moisture,m5_rep5,m5_rep5,G-W-A,0.2,1,4,0.00010418891906738281,20,0.0,0.5547067908069323,0.5547067908069323,6.98037781913671,1.0,0.9496410522604206,0.9199204982364441,0.24184467625815606
corn_moisture,m5_rep5,m5_rep5,G-U-D,0.05,1,4,0.003567934036254883,20,0.2,1.464755709337965,1.4574386941991158,10.20383852088203,1.0,0.9496410522604206,0.9199204982364441,0.24184467625815606
corn_moisture,m5_rep5,m5_rep5,G-U-D,0.1,1,4,0.00046443939208984375,20,0.15,1.2579322999246227,1.2516484468401003,7.291222294541214,1.0,0.9496410522604206,0.9199204982364441,0.24184467625815606
corn_moisture,m5_rep5,m5_rep5,G-U-D,0.2,1,4,0.0003554821014404297,20,0.0,0.9998009607290383,0.9948065724369481,5.200001139448287,1.0,0.9496410522604206,0.9199204982364441,0.24184467625815606
corn_moisture,m5_rep5,m5_rep5,GC-D,0.05,1,4,0.0004508495330810547,20,0.2,1.464755709337965,1.4574386941991158,10.20383852088203,1.0,0.9496410522604206,0.9199204982364441,0.24184467625815606
corn_moisture,m5_rep5,m5_rep5,GC-D,0.1,1,4,0.00039505958557128906,20,0.15,1.2579322999246227,1.2516484468401003,7.291222294541214,1.0,0.9496410522604206,0.9199204982364441,0.24184467625815606
corn_moisture,m5_rep5,m5_rep5,GC-D,0.2,1,4,0.0004172325134277344,20,0.0,0.9998009607290383,0.9948065724369481,5.200001139448287,1.0,0.9496410522604206,0.9199204982364441,0.24184467625815606
corn_moisture,m5_rep5,m5_rep5,GC-D+,0.05,1,4,0.0004162788391113281,20,1.0,inf,inf,inf,0.0,0.9496410522604206,0.9199204982364441,0.24184467625815606
corn_moisture,m5_rep5,m5_rep5,GC-D+,0.1,1,4,0.0004703998565673828,20,1.0,inf,inf,inf,0.0,0.9496410522604206,0.9199204982364441,0.24184467625815606
corn_moisture,m5_rep5,m5_rep5,GC-D+,0.2,1,4,0.00044727325439453125,20,1.0,inf,inf,inf,0.0,0.9496410522604206,0.9199204982364441,0.24184467625815606
corn_moisture,m5_rep5,m5_rep5,HJ+,0.05,1,4,0.0016596317291259766,20,1.0,inf,inf,inf,0.0,0.9496410522604206,0.9199204982364441,0.24184467625815606
corn_moisture,m5_rep5,m5_rep5,HJ+,0.1,1,4,0.0003867149353027344,20,1.0,inf,inf,inf,0.0,0.9496410522604206,0.9199204982364441,0.24184467625815606
corn_moisture,m5_rep5,m5_rep5,HJ+,0.2,1,4,0.00039267539978027344,20,1.0,inf,inf,inf,0.0,0.9496410522604206,0.9199204982364441,0.24184467625815606
corn_moisture,m5_rep5,m5_rep5,HJ+-D,0.05,1,4,0.002237558364868164,20,1.0,inf,inf,inf,0.0,0.9496410522604206,0.9199204982364441,0.24184467625815606
corn_moisture,m5_rep5,m5_rep5,HJ+-D,0.1,1,4,0.0020987987518310547,20,1.0,inf,inf,inf,0.0,0.9496410522604206,0.9199204982364441,0.24184467625815606
corn_moisture,m5_rep5,m5_rep5,HJ+-D,0.2,1,4,0.0022573471069335938,20,1.0,inf,inf,inf,0.0,0.9496410522604206,0.9199204982364441,0.24184467625815606
corn_moisture,m5_rep5,m5_rep5,HCP-D,0.05,1,4,0.00026988983154296875,20,1.0,inf,inf,inf,0.0,0.9496410522604206,0.9199204982364441,0.24184467625815606
corn_moisture,m5_rep5,m5_rep5,HCP-D,0.1,1,4,0.000171661376953125,20,1.0,inf,inf,inf,0.0,0.9496410522604206,0.9199204982364441,0.24184467625815606
corn_moisture,m5_rep5,m5_rep5,HCP-D,0.2,1,4,0.00019025802612304688,20,1.0,inf,inf,inf,0.0,0.9496410522604206,0.9199204982364441,0.24184467625815606
corn_moisture,m5_rep5,m5_rep5,HCP-A,0.05,1,4,0.00018644332885742188,20,1.0,inf,inf,inf,0.0,0.9496410522604206,0.9199204982364441,0.24184467625815606
corn_moisture,m5_rep5,m5_rep5,HCP-A,0.1,1,4,0.0001595020294189453,20,1.0,inf,inf,inf,0.0,0.9496410522604206,0.9199204982364441,0.24184467625815606
corn_moisture,m5_rep5,m5_rep5,HCP-A,0.2,1,4,0.00014019012451171875,20,1.0,inf,inf,inf,0.0,0.9496410522604206,0.9199204982364441,0.24184467625815606
corn_moisture,m5_rep5,m5_rep5,ORACLE,0.05,1,4,0.00014638900756835938,20,1.0,inf,inf,inf,0.0,0.9496410522604206,0.9199204982364441,0.24184467625815606
corn_moisture,m5_rep5,m5_rep5,ORACLE,0.1,1,4,9.489059448242188e-05,20,0.9,2.686122309642199,2.686122309642199,3.14095435145127,1.0,0.9496410522604206,0.9199204982364441,0.24184467625815606
corn_moisture,m5_rep5,m5_rep5,ORACLE,0.2,1,4,8.988380432128906e-05,20,0.9,2.31612525333295,2.3161252533329506,2.5459691482410536,1.0,0.9496410522604206,0.9199204982364441,0.24184467625815606
corn_moisture,m5_rep6,m5_rep6,ASTM-R,0.05,1,4,0.015527725219726562,20,0.0,0.9582886504510368,0.9334703242537845,21.351560770630815,1.0,1.0200258352965155,0.9889761282300128,0.2562460217170565
corn_moisture,m5_rep6,m5_rep6,ASTM-R,0.1,1,4,0.00011658668518066406,20,0.0,0.8022210859904723,0.78144468987532,12.559532790686008,1.0,1.0200258352965155,0.9889761282300128,0.2562460217170565
corn_moisture,m5_rep6,m5_rep6,ASTM-R,0.2,1,4,9.918212890625e-05,20,0.0,0.6235802160819824,0.6074303668631789,7.395440417972199,1.0,1.0200258352965155,0.9889761282300128,0.2562460217170565
corn_moisture,m5_rep6,m5_rep6,ASTM-G,0.05,1,4,0.00011658668518066406,20,0.0,0.9665651759414903,0.9415324993923857,21.1943067863122,1.0,1.0200258352965155,0.9889761282300128,0.2562460217170565
corn_moisture,m5_rep6,m5_rep6,ASTM-G,0.1,1,4,0.00014019012451171875,20,0.0,0.8091496907110376,0.7881938534932846,12.497175348200921,1.0,1.0200258352965155,0.9889761282300128,0.2562460217170565
corn_moisture,m5_rep6,m5_rep6,ASTM-G,0.2,1,4,0.00010180473327636719,20,0.0,0.6289659394246476,0.6126766075576224,7.37389752460154,1.0,1.0200258352965155,0.9889761282300128,0.2562460217170565
corn_moisture,m5_rep6,m5_rep6,GPR,0.05,1,4,0.047560691833496094,20,0.15,1.1559293664626495,1.0053873672938298,11.25360764954844,1.0,1.0200258352965155,0.9889761282300128,0.2562460217170565
corn_moisture,m5_rep6,m5_rep6,GPR,0.1,1,4,0.00010561943054199219,20,0.1,0.9700865046109477,0.8437476762985145,7.497720011418119,1.0,1.0200258352965155,0.9889761282300128,0.2562460217170565
corn_moisture,m5_rep6,m5_rep6,GPR,0.2,1,4,8.511543273925781e-05,20,0.05,0.7558215869955507,0.6573874646153435,4.959272508173445,1.0,1.0200258352965155,0.9889761282300128,0.2562460217170565
corn_moisture,m5_rep6,m5_rep6,BAG,0.05,1,4,0.03349566459655762,20,0.0,1.0975561401006013,1.0299645431601885,18.049503838312447,1.0,1.0200258352965155,0.9889761282300128,0.2562460217170565
corn_moisture,m5_rep6,m5_rep6,BAG,0.1,1,4,0.0001010894775390625,20,0.0,0.9210981487759262,0.86437349247824,11.1616519111286,1.0,1.0200258352965155,0.9889761282300128,0.2562460217170565
corn_moisture,m5_rep6,m5_rep6,BAG,0.2,1,4,0.00011801719665527344,20,0.0,0.7176533858345847,0.6734576161368206,6.855154081717629,1.0,1.0200258352965155,0.9889761282300128,0.2562460217170565
corn_moisture,m5_rep6,m5_rep6,QGB,0.05,1,4,0.032015085220336914,20,0.85,0.8056318124809826,0.800774447434689,1.4699558646848139,1.0,1.0200258352965155,0.9889761282300128,0.2562460217170565
corn_moisture,m5_rep6,m5_rep6,QGB,0.1,1,4,0.027213335037231445,20,0.8,0.7358097615828934,0.7128037808542764,1.23101730031289,1.0,1.0200258352965155,0.9889761282300128,0.2562460217170565
corn_moisture,m5_rep6,m5_rep6,QGB,0.2,1,4,0.028222084045410156,20,0.6,0.5284194360537618,0.5301816816650611,0.9909550024836694,1.0,1.0200258352965155,0.9889761282300128,0.2562460217170565
corn_moisture,m5_rep6,m5_rep6,SCP,0.05,1,4,2.8133392333984375e-05,20,0.0,1.1432302463088035,1.1432302463088035,13.9402350516636,1.0,1.0200258352965155,0.9889761282300128,0.2562460217170565
corn_moisture,m5_rep6,m5_rep6,SCP,0.1,1,4,1.0251998901367188e-05,20,0.0,0.7270463080277914,0.7270463080277914,11.287388093515311,1.0,1.0200258352965155,0.9889761282300128,0.2562460217170565
corn_moisture,m5_rep6,m5_rep6,SCP,0.2,1,4,8.58306884765625e-06,20,0.0,0.6832247101491546,0.6832247101491546,6.182503592286098,1.0,1.0200258352965155,0.9889761282300128,0.2562460217170565
corn_moisture,m5_rep6,m5_rep6,NCP-kNN,0.05,1,4,0.006123781204223633,20,0.0,0.8399593872249806,0.8564168227886633,19.702381374256237,1.0,1.0200258352965155,0.9889761282300128,0.2562460217170565
corn_moisture,m5_rep6,m5_rep6,NCP-kNN,0.1,1,4,1.71661376953125e-05,20,0.0,0.7208355560412911,0.7349589825973695,11.343284861393814,1.0,1.0200258352965155,0.9889761282300128,0.2562460217170565
corn_moisture,m5_rep6,m5_rep6,NCP-kNN,0.2,1,4,1.2636184692382812e-05,20,0.0,0.5033196328208087,0.513181241073621,6.902123901599483,1.0,1.0200258352965155,0.9889761282300128,0.2562460217170565
corn_moisture,m5_rep6,m5_rep6,CV+,0.05,1,4,0.005291461944580078,20,0.0,0.959997075222601,0.9525128834087813,21.032540324943504,1.0,1.0200258352965155,0.9889761282300128,0.2562460217170565
corn_moisture,m5_rep6,m5_rep6,CV+,0.1,1,4,0.0044116973876953125,20,0.0,0.7659474847511253,0.755219778952311,12.917032669978573,1.0,1.0200258352965155,0.9889761282300128,0.2562460217170565
corn_moisture,m5_rep6,m5_rep6,CV+,0.2,1,4,0.004407167434692383,20,0.0,0.6090815799058206,0.602098711940144,7.487346000036642,1.0,1.0200258352965155,0.9889761282300128,0.2562460217170565
corn_moisture,m5_rep6,m5_rep6,CQR,0.05,1,4,2.2411346435546875e-05,20,1.0,1.2809367468866746,1.2760793818403808,1.2809367468866746,1.0,1.0200258352965155,0.9889761282300128,0.2562460217170565
corn_moisture,m5_rep6,m5_rep6,CQR,0.1,1,4,1.6689300537109375e-05,20,1.0,1.2062782079746388,1.1832722272460217,1.2062782079746388,1.0,1.0200258352965155,0.9889761282300128,0.2562460217170565
corn_moisture,m5_rep6,m5_rep6,CQR,0.2,1,4,1.4781951904296875e-05,20,0.9,0.8092567431555032,0.8110189887668025,0.9331398842935371,1.0,1.0200258352965155,0.9889761282300128,0.2562460217170565
corn_moisture,m5_rep6,m5_rep6,WCP,0.05,1,4,0.003737211227416992,20,1.0,inf,inf,inf,0.0,1.0200258352965155,0.9889761282300128,0.2562460217170565
corn_moisture,m5_rep6,m5_rep6,WCP,0.1,1,4,0.00010943412780761719,20,1.0,inf,inf,inf,0.0,1.0200258352965155,0.9889761282300128,0.2562460217170565
corn_moisture,m5_rep6,m5_rep6,WCP,0.2,1,4,8.296966552734375e-05,20,1.0,inf,inf,inf,0.0,1.0200258352965155,0.9889761282300128,0.2562460217170565
corn_moisture,m5_rep6,m5_rep6,R-U-A,0.05,1,4,4.982948303222656e-05,20,0.0,0.8514120557866356,0.8514120557866356,23.38221606925444,1.0,1.0200258352965155,0.9889761282300128,0.2562460217170565
corn_moisture,m5_rep6,m5_rep6,R-U-A,0.1,1,4,4.57763671875e-05,20,0.0,0.7106203152098942,0.7106203152098942,13.383939727711212,1.0,1.0200258352965155,0.9889761282300128,0.2562460217170565
corn_moisture,m5_rep6,m5_rep6,R-U-A,0.2,1,4,3.3855438232421875e-05,20,0.0,0.5639644215868742,0.5639644215868742,7.633903595952633,1.0,1.0200258352965155,0.9889761282300128,0.2562460217170565
corn_moisture,m5_rep6,m5_rep6,R-U-D,0.05,1,4,0.0031266212463378906,20,0.0,0.8408928614767435,0.8573446383363432,23.582080761142393,1.0,1.0200258352965155,0.9889761282300128,0.2562460217170565
corn_moisture,m5_rep6,m5_rep6,R-U-D,0.1,1,4,0.0004036426544189453,20,0.0,0.7282955259676724,0.7425443750541341,13.224862830891206,1.0,1.0200258352965155,0.9889761282300128,0.2562460217170565
corn_moisture,m5_rep6,m5_rep6,R-U-D,0.2,1,4,0.0003941059112548828,20,0.0,0.6045862378641859,0.6164147576832963,7.471416330843385,1.0,1.0200258352965155,0.9889761282300128,0.2562460217170565
corn_moisture,m5_rep6,m5_rep6,G-U-A,0.05,1,4,4.1961669921875e-05,20,0.0,0.9162840467187294,0.9162840467187294,22.14964824154466,1.0,1.0200258352965155,0.9889761282300128,0.2562460217170565
corn_moisture,m5_rep6,m5_rep6,G-U-A,0.1,1,4,3.5762786865234375e-05,20,0.0,0.7024709034614354,0.7024709034614354,13.457284433447338,1.0,1.0200258352965155,0.9889761282300128,0.2562460217170565
corn_moisture,m5_rep6,m5_rep6,G-U-A,0.2,1,4,4.1961669921875e-05,20,0.0,0.5319080943439012,0.5319080943439012,7.762128904924525,1.0,1.0200258352965155,0.9889761282300128,0.2562460217170565
corn_moisture,m5_rep6,m5_rep6,G-W-A,0.05,1,4,9.703636169433594e-05,20,0.0,0.9162840467187294,0.9162840467187294,22.14964824154466,1.0,1.0200258352965155,0.9889761282300128,0.2562460217170565
corn_moisture,m5_rep6,m5_rep6,G-W-A,0.1,1,4,7.915496826171875e-05,20,0.0,0.7024709034614354,0.7024709034614354,13.457284433447338,1.0,1.0200258352965155,0.9889761282300128,0.2562460217170565
corn_moisture,m5_rep6,m5_rep6,G-W-A,0.2,1,4,6.961822509765625e-05,20,0.0,0.5319080943439012,0.5319080943439012,7.762128904924525,1.0,1.0200258352965155,0.9889761282300128,0.2562460217170565
corn_moisture,m5_rep6,m5_rep6,G-U-D,0.05,1,4,0.003471851348876953,20,0.0,0.8878932595329673,0.851991722322003,22.689073198074144,1.0,1.0200258352965155,0.9889761282300128,0.2562460217170565
corn_moisture,m5_rep6,m5_rep6,G-U-D,0.1,1,4,0.0006265640258789062,20,0.0,0.6806607110549946,0.6531385223418642,13.653576165105306,1.0,1.0200258352965155,0.9889761282300128,0.2562460217170565
corn_moisture,m5_rep6,m5_rep6,G-U-D,0.2,1,4,0.0003790855407714844,20,0.0,0.5606286145266013,0.537959865946906,7.647246824193724,1.0,1.0200258352965155,0.9889761282300128,0.2562460217170565
corn_moisture,m5_rep6,m5_rep6,GC-D,0.05,1,4,0.00042438507080078125,20,0.0,0.8878932595329673,0.851991722322003,22.689073198074144,1.0,1.0200258352965155,0.9889761282300128,0.2562460217170565
corn_moisture,m5_rep6,m5_rep6,GC-D,0.1,1,4,0.000453948974609375,20,0.0,0.6806607110549946,0.6531385223418642,13.653576165105306,1.0,1.0200258352965155,0.9889761282300128,0.2562460217170565
corn_moisture,m5_rep6,m5_rep6,GC-D,0.2,1,4,0.0005462169647216797,20,0.0,0.5606286145266013,0.537959865946906,7.647246824193724,1.0,1.0200258352965155,0.9889761282300128,0.2562460217170565
corn_moisture,m5_rep6,m5_rep6,GC-D+,0.05,1,4,0.0005383491516113281,20,1.0,inf,inf,inf,0.0,1.0200258352965155,0.9889761282300128,0.2562460217170565
corn_moisture,m5_rep6,m5_rep6,GC-D+,0.1,1,4,0.0005099773406982422,20,1.0,inf,inf,inf,0.0,1.0200258352965155,0.9889761282300128,0.2562460217170565
corn_moisture,m5_rep6,m5_rep6,GC-D+,0.2,1,4,0.0004322528839111328,20,1.0,inf,inf,inf,0.0,1.0200258352965155,0.9889761282300128,0.2562460217170565
corn_moisture,m5_rep6,m5_rep6,HJ+,0.05,1,4,0.0016117095947265625,20,1.0,inf,inf,inf,0.0,1.0200258352965155,0.9889761282300128,0.2562460217170565
corn_moisture,m5_rep6,m5_rep6,HJ+,0.1,1,4,0.00040435791015625,20,1.0,inf,inf,inf,0.0,1.0200258352965155,0.9889761282300128,0.2562460217170565
corn_moisture,m5_rep6,m5_rep6,HJ+,0.2,1,4,0.00033736228942871094,20,1.0,inf,inf,inf,0.0,1.0200258352965155,0.9889761282300128,0.2562460217170565
corn_moisture,m5_rep6,m5_rep6,HJ+-D,0.05,1,4,0.0021152496337890625,20,1.0,inf,inf,inf,0.0,1.0200258352965155,0.9889761282300128,0.2562460217170565
corn_moisture,m5_rep6,m5_rep6,HJ+-D,0.1,1,4,0.002107381820678711,20,1.0,inf,inf,inf,0.0,1.0200258352965155,0.9889761282300128,0.2562460217170565
corn_moisture,m5_rep6,m5_rep6,HJ+-D,0.2,1,4,0.002094745635986328,20,1.0,inf,inf,inf,0.0,1.0200258352965155,0.9889761282300128,0.2562460217170565
corn_moisture,m5_rep6,m5_rep6,HCP-D,0.05,1,4,0.000270843505859375,20,1.0,inf,inf,inf,0.0,1.0200258352965155,0.9889761282300128,0.2562460217170565
corn_moisture,m5_rep6,m5_rep6,HCP-D,0.1,1,4,0.00017142295837402344,20,1.0,inf,inf,inf,0.0,1.0200258352965155,0.9889761282300128,0.2562460217170565
corn_moisture,m5_rep6,m5_rep6,HCP-D,0.2,1,4,0.00014090538024902344,20,1.0,inf,inf,inf,0.0,1.0200258352965155,0.9889761282300128,0.2562460217170565
corn_moisture,m5_rep6,m5_rep6,HCP-A,0.05,1,4,0.0001342296600341797,20,1.0,inf,inf,inf,0.0,1.0200258352965155,0.9889761282300128,0.2562460217170565
corn_moisture,m5_rep6,m5_rep6,HCP-A,0.1,1,4,0.0001418590545654297,20,1.0,inf,inf,inf,0.0,1.0200258352965155,0.9889761282300128,0.2562460217170565
corn_moisture,m5_rep6,m5_rep6,HCP-A,0.2,1,4,0.00016880035400390625,20,1.0,inf,inf,inf,0.0,1.0200258352965155,0.9889761282300128,0.2562460217170565
corn_moisture,m5_rep6,m5_rep6,ORACLE,0.05,1,4,0.000110626220703125,20,1.0,inf,inf,inf,0.0,1.0200258352965155,0.9889761282300128,0.2562460217170565
corn_moisture,m5_rep6,m5_rep6,ORACLE,0.1,1,4,9.1552734375e-05,20,0.85,2.6760405101950884,2.6760405101950884,2.8223274519442705,1.0,1.0200258352965155,0.9889761282300128,0.2562460217170565
corn_moisture,m5_rep6,m5_rep6,ORACLE,0.2,1,4,8.726119995117188e-05,20,0.85,2.6565178734165578,2.6565178734165578,2.752053111873039,1.0,1.0200258352965155,0.9889761282300128,0.2562460217170565
corn_moisture,m5_rep7,m5_rep7,ASTM-R,0.05,1,6,0.014710426330566406,20,0.0,1.0323020102139169,1.0341007464714362,39.260991485464665,1.0,1.4854468986107798,1.4718682419882274,0.20559635164403278
corn_moisture,m5_rep7,m5_rep7,ASTM-R,0.1,1,6,0.00011944770812988281,20,0.0,0.8641421685975337,0.8656478944751633,21.660085322386745,1.0,1.4854468986107798,1.4718682419882274,0.20559635164403278
corn_moisture,m5_rep7,m5_rep7,ASTM-R,0.2,1,6,9.870529174804688e-05,20,0.0,0.6716846821288222,0.6728550601571612,12.031943691366985,1.0,1.4854468986107798,1.4718682419882274,0.20559635164403278
corn_moisture,m5_rep7,m5_rep7,ASTM-G,0.05,1,6,0.000102996826171875,20,0.0,1.0639684961059186,1.06582240968147,38.65932825351665,1.0,1.4854468986107798,1.4718682419882274,0.20559635164403278
corn_moisture,m5_rep7,m5_rep7,ASTM-G,0.1,1,6,9.679794311523438e-05,20,0.0,0.890650250069647,0.8922021649954317,21.421512589137727,1.0,1.4854468986107798,1.4718682419882274,0.20559635164403278
corn_moisture,m5_rep7,m5_rep7,ASTM-G,0.2,1,6,9.608268737792969e-05,20,0.0,0.6922890142913625,0.6934952943706101,11.949526362716824,1.0,1.4854468986107798,1.4718682419882274,0.20559635164403278
corn_moisture,m5_rep7,m5_rep7,GPR,0.05,1,6,0.06078362464904785,20,0.95,1.7855180649583595,1.8690028629191513,2.7719266931167743,1.0,1.4854468986107798,1.4718682419882274,0.20559635164403278
corn_moisture,m5_rep7,m5_rep7,GPR,0.1,1,6,0.000102996826171875,20,0.7,1.498453996246946,1.568516647297825,2.257321632806685,1.0,1.4854468986107798,1.4718682419882274,0.20559635164403278
corn_moisture,m5_rep7,m5_rep7,GPR,0.2,1,6,8.082389831542969e-05,20,0.65,1.167487509722038,1.2220752849922736,1.928617691188459,1.0,1.4854468986107798,1.4718682419882274,0.20559635164403278
corn_moisture,m5_rep7,m5_rep7,BAG,0.05,1,6,0.040497779846191406,20,0.0,1.0834593437122475,1.085679711681598,37.451836946949875,1.0,1.4854468986107798,1.4718682419882274,0.20559635164403278
corn_moisture,m5_rep7,m5_rep7,BAG,0.1,1,6,9.703636169433594e-05,20,0.0,0.9092677443140701,0.9111311358540988,20.835372539914655,1.0,1.4854468986107798,1.4718682419882274,0.20559635164403278
corn_moisture,m5_rep7,m5_rep7,BAG,0.2,1,6,8.606910705566406e-05,20,0.0,0.7084359861154275,0.7098878066946064,11.675647174908933,1.0,1.4854468986107798,1.4718682419882274,0.20559635164403278
corn_moisture,m5_rep7,m5_rep7,QGB,0.05,1,6,0.03249931335449219,20,0.7,0.8301068169223239,0.8092042825333587,2.3789902003883543,1.0,1.4854468986107798,1.4718682419882274,0.20559635164403278
corn_moisture,m5_rep7,m5_rep7,QGB,0.1,1,6,0.028952598571777344,20,0.6,0.7962172476546361,0.8081217964661223,2.0515249390218484,1.0,1.4854468986107798,1.4718682419882274,0.20559635164403278
corn_moisture,m5_rep7,m5_rep7,QGB,0.2,1,6,0.029296398162841797,20,0.5,0.6680764934304644,0.6677437992853301,1.6955142509529093,1.0,1.4854468986107798,1.4718682419882274,0.20559635164403278
corn_moisture,m5_rep7,m5_rep7,SCP,0.05,1,6,3.552436828613281e-05,20,0.0,0.6722235648943133,0.6722235648943133,45.09229666410203,1.0,1.4854468986107798,1.4718682419882274,0.20559635164403278
corn_moisture,m5_rep7,m5_rep7,SCP,0.1,1,6,1.5974044799804688e-05,20,0.0,0.5000212087297662,0.5000212087297662,24.432081319979098,1.0,1.4854468986107798,1.4718682419882274,0.20559635164403278
corn_moisture,m5_rep7,m5_rep7,SCP,0.2,1,6,1.52587890625e-05,20,0.0,0.4213387792220509,0.4213387792220509,12.780780982385293,1.0,1.4854468986107798,1.4718682419882274,0.20559635164403278
corn_moisture,m5_rep7,m5_rep7,NCP-kNN,0.05,1,6,0.007857561111450195,20,0.0,0.5103945120211867,0.49331684406824294,48.167048668691436,1.0,1.4854468986107798,1.4718682419882274,0.20559635164403278
corn_moisture,m5_rep7,m5_rep7,NCP-kNN,0.1,1,6,1.5974044799804688e-05,20,0.0,0.39382204382034747,0.3806448604092658,25.387873804163867,1.0,1.4854468986107798,1.4718682419882274,0.20559635164403278
corn_moisture,m5_rep7,m5_rep7,NCP-kNN,0.2,1,6,1.2159347534179688e-05,20,0.0,0.3065298716157431,0.29627346163911206,13.240016612810525,1.0,1.4854468986107798,1.4718682419882274,0.20559635164403278
corn_moisture,m5_rep7,m5_rep7,CV+,0.05,1,6,0.005195140838623047,20,0.0,0.9284835536769407,0.9158037893775957,40.26742524664532,1.0,1.4854468986107798,1.4718682419882274,0.20559635164403278
corn_moisture,m5_rep7,m5_rep7,CV+,0.1,1,6,0.0044116973876953125,20,0.0,0.794500059993017,0.7927515479894867,21.901410760195883,1.0,1.4854468986107798,1.4718682419882274,0.20559635164403278
corn_moisture,m5_rep7,m5_rep7,CV+,0.2,1,6,0.00436854362487793,20,0.0,0.6378135498620195,0.6367208241223556,12.017572654808813,1.0,1.4854468986107798,1.4718682419882274,0.20559635164403278
corn_moisture,m5_rep7,m5_rep7,CQR,0.05,1,6,2.288818359375e-05,20,0.9,1.1935618794616434,1.1726593450726783,1.5112438353827886,1.0,1.4854468986107798,1.4718682419882274,0.20559635164403278
corn_moisture,m5_rep7,m5_rep7,CQR,0.1,1,6,2.7418136596679688e-05,20,0.8,1.0684158362444454,1.0803203850559315,1.518494175986921,1.0,1.4854468986107798,1.4718682419882274,0.20559635164403278
corn_moisture,m5_rep7,m5_rep7,CQR,0.2,1,6,1.1682510375976562e-05,20,0.65,0.9128933327834783,0.912560638638344,1.4443339795930803,1.0,1.4854468986107798,1.4718682419882274,0.20559635164403278
corn_moisture,m5_rep7,m5_rep7,WCP,0.05,1,6,0.003631591796875,20,1.0,inf,inf,inf,0.0,1.4854468986107798,1.4718682419882274,0.20559635164403278
corn_moisture,m5_rep7,m5_rep7,WCP,0.1,1,6,0.0001227855682373047,20,1.0,inf,inf,inf,0.0,1.4854468986107798,1.4718682419882274,0.20559635164403278
corn_moisture,m5_rep7,m5_rep7,WCP,0.2,1,6,8.7738037109375e-05,20,1.0,inf,inf,inf,0.0,1.4854468986107798,1.4718682419882274,0.20559635164403278
corn_moisture,m5_rep7,m5_rep7,R-U-A,0.05,1,6,5.340576171875e-05,20,0.0,0.8469912284232386,0.8469912284232386,42.78189633948756,1.0,1.4854468986107798,1.4718682419882274,0.20559635164403278
corn_moisture,m5_rep7,m5_rep7,R-U-A,0.1,1,6,3.4809112548828125e-05,20,0.0,0.7915441523475906,0.7915441523475906,22.313467468636233,1.0,1.4854468986107798,1.4718682419882274,0.20559635164403278
corn_moisture,m5_rep7,m5_rep7,R-U-A,0.2,1,6,3.552436828613281e-05,20,0.0,0.5976551626292199,0.5976551626292199,12.328061769365394,1.0,1.4854468986107798,1.4718682419882274,0.20559635164403278
corn_moisture,m5_rep7,m5_rep7,R-U-D,0.05,1,6,0.0031838417053222656,20,0.0,1.1786653934668376,1.1800642437990732,36.48008720365918,1.0,1.4854468986107798,1.4718682419882274,0.20559635164403278
corn_moisture,m5_rep7,m5_rep7,R-U-D,0.1,1,6,0.0003986358642578125,20,0.0,1.0107893116672317,1.0119889252066496,20.340261034759465,1.0,1.4854468986107798,1.4718682419882274,0.20559635164403278
corn_moisture,m5_rep7,m5_rep7,R-U-D,0.2,1,6,0.00040793418884277344,20,0.0,0.7775329394632327,0.7784557223129873,11.608550662029344,1.0,1.4854468986107798,1.4718682419882274,0.20559635164403278
corn_moisture,m5_rep7,m5_rep7,G-U-A,0.05,1,6,4.220008850097656e-05,20,0.0,0.9680030277008633,0.9680030277008633,40.48267215321268,1.0,1.4854468986107798,1.4718682419882274,0.20559635164403278
corn_moisture,m5_rep7,m5_rep7,G-U-A,0.1,1,6,3.3855438232421875e-05,20,0.0,0.7240160499416994,0.7240160499416994,22.921220390289253,1.0,1.4854468986107798,1.4718682419882274,0.20559635164403278
corn_moisture,m5_rep7,m5_rep7,G-U-A,0.2,1,6,3.266334533691406e-05,20,0.0,0.5765635267707481,0.5765635267707481,12.412428312799282,1.0,1.4854468986107798,1.4718682419882274,0.20559635164403278
corn_moisture,m5_rep7,m5_rep7,G-W-A,0.05,1,6,0.00010919570922851562,20,0.0,0.9680030277008633,0.9680030277008633,40.48267215321268,1.0,1.4854468986107798,1.4718682419882274,0.20559635164403278
corn_moisture,m5_rep7,m5_rep7,G-W-A,0.1,1,6,0.00010132789611816406,20,0.0,0.7240160499416994,0.7240160499416994,22.921220390289253,1.0,1.4854468986107798,1.4718682419882274,0.20559635164403278
corn_moisture,m5_rep7,m5_rep7,G-W-A,0.2,1,6,7.414817810058594e-05,20,0.0,0.5765635267707481,0.5765635267707481,12.412428312799282,1.0,1.4854468986107798,1.4718682419882274,0.20559635164403278
corn_moisture,m5_rep7,m5_rep7,G-U-D,0.05,1,6,0.0041768550872802734,20,0.0,1.4196696537871052,1.3894157876511422,31.901006257574103,1.0,1.4854468986107798,1.4718682419882274,0.20559635164403278
corn_moisture,m5_rep7,m5_rep7,G-U-D,0.1,1,6,0.00039696693420410156,20,0.0,1.0897829269931028,1.0665591110141115,19.629318496826624,1.0,1.4854468986107798,1.4718682419882274,0.20559635164403278
corn_moisture,m5_rep7,m5_rep7,G-U-D,0.2,1,6,0.00034117698669433594,20,0.0,0.8511859558640594,0.8330467599625138,11.313938596426036,1.0,1.4854468986107798,1.4718682419882274,0.20559635164403278
corn_moisture,m5_rep7,m5_rep7,GC-D,0.05,1,6,0.0004429817199707031,20,0.0,1.4196696537871052,1.3894157876511422,31.901006257574103,1.0,1.4854468986107798,1.4718682419882274,0.20559635164403278
corn_moisture,m5_rep7,m5_rep7,GC-D,0.1,1,6,0.0003895759582519531,20,0.0,1.0897829269931028,1.0665591110141115,19.629318496826624,1.0,1.4854468986107798,1.4718682419882274,0.20559635164403278
corn_moisture,m5_rep7,m5_rep7,GC-D,0.2,1,6,0.0004177093505859375,20,0.0,0.8511859558640594,0.8330467599625138,11.313938596426036,1.0,1.4854468986107798,1.4718682419882274,0.20559635164403278
corn_moisture,m5_rep7,m5_rep7,GC-D+,0.05,1,6,0.00037288665771484375,20,1.0,inf,inf,inf,0.0,1.4854468986107798,1.4718682419882274,0.20559635164403278
corn_moisture,m5_rep7,m5_rep7,GC-D+,0.1,1,6,0.0004756450653076172,20,1.0,inf,inf,inf,0.0,1.4854468986107798,1.4718682419882274,0.20559635164403278
corn_moisture,m5_rep7,m5_rep7,GC-D+,0.2,1,6,0.0004096031188964844,20,1.0,inf,inf,inf,0.0,1.4854468986107798,1.4718682419882274,0.20559635164403278
corn_moisture,m5_rep7,m5_rep7,HJ+,0.05,1,6,0.0016756057739257812,20,1.0,inf,inf,inf,0.0,1.4854468986107798,1.4718682419882274,0.20559635164403278
corn_moisture,m5_rep7,m5_rep7,HJ+,0.1,1,6,0.00042128562927246094,20,1.0,inf,inf,inf,0.0,1.4854468986107798,1.4718682419882274,0.20559635164403278
corn_moisture,m5_rep7,m5_rep7,HJ+,0.2,1,6,0.00034928321838378906,20,1.0,inf,inf,inf,0.0,1.4854468986107798,1.4718682419882274,0.20559635164403278
corn_moisture,m5_rep7,m5_rep7,HJ+-D,0.05,1,6,0.002317190170288086,20,1.0,inf,inf,inf,0.0,1.4854468986107798,1.4718682419882274,0.20559635164403278
corn_moisture,m5_rep7,m5_rep7,HJ+-D,0.1,1,6,0.0024046897888183594,20,1.0,inf,inf,inf,0.0,1.4854468986107798,1.4718682419882274,0.20559635164403278
corn_moisture,m5_rep7,m5_rep7,HJ+-D,0.2,1,6,0.0020704269409179688,20,1.0,inf,inf,inf,0.0,1.4854468986107798,1.4718682419882274,0.20559635164403278
corn_moisture,m5_rep7,m5_rep7,HCP-D,0.05,1,6,0.00028967857360839844,20,1.0,inf,inf,inf,0.0,1.4854468986107798,1.4718682419882274,0.20559635164403278
corn_moisture,m5_rep7,m5_rep7,HCP-D,0.1,1,6,0.00015211105346679688,20,1.0,inf,inf,inf,0.0,1.4854468986107798,1.4718682419882274,0.20559635164403278
corn_moisture,m5_rep7,m5_rep7,HCP-D,0.2,1,6,0.00013709068298339844,20,1.0,inf,inf,inf,0.0,1.4854468986107798,1.4718682419882274,0.20559635164403278
corn_moisture,m5_rep7,m5_rep7,HCP-A,0.05,1,6,0.00013709068298339844,20,1.0,inf,inf,inf,0.0,1.4854468986107798,1.4718682419882274,0.20559635164403278
corn_moisture,m5_rep7,m5_rep7,HCP-A,0.1,1,6,0.0001373291015625,20,1.0,inf,inf,inf,0.0,1.4854468986107798,1.4718682419882274,0.20559635164403278
corn_moisture,m5_rep7,m5_rep7,HCP-A,0.2,1,6,0.000141143798828125,20,1.0,inf,inf,inf,0.0,1.4854468986107798,1.4718682419882274,0.20559635164403278
corn_moisture,m5_rep7,m5_rep7,ORACLE,0.05,1,6,0.00010728836059570312,20,1.0,inf,inf,inf,0.0,1.4854468986107798,1.4718682419882274,0.20559635164403278
corn_moisture,m5_rep7,m5_rep7,ORACLE,0.1,1,6,9.512901306152344e-05,20,0.95,3.7248701979931966,3.724870197993196,4.036586053442181,1.0,1.4854468986107798,1.4718682419882274,0.20559635164403278
corn_moisture,m5_rep7,m5_rep7,ORACLE,0.2,1,6,9.441375732421875e-05,20,0.8,3.2199142241646954,3.219914224164695,3.5952361926927354,1.0,1.4854468986107798,1.4718682419882274,0.20559635164403278
corn_moisture,m5_rep8,m5_rep8,ASTM-R,0.05,1,3,0.01683664321899414,20,0.05,1.0631570556834578,1.0483790118638154,12.697044737030176,1.0,0.8353518704883773,0.8215346561467944,0.15523685223825273
corn_moisture,m5_rep8,m5_rep8,ASTM-R,0.1,1,3,0.00012230873107910156,20,0.0,0.8900298124579757,0.8776582634954018,8.420424810814108,1.0,0.8353518704883773,0.8215346561467944,0.15523685223825273
corn_moisture,m5_rep8,m5_rep8,ASTM-R,0.2,1,3,0.0001881122589111328,20,0.0,0.6918494171558983,0.6822326056522101,5.447948892844352,1.0,0.8353518704883773,0.8215346561467944,0.15523685223825273
corn_moisture,m5_rep8,m5_rep8,ASTM-G,0.05,1,3,0.0001811981201171875,20,0.05,1.0654737145273434,1.050663468799499,12.655432313410566,1.0,0.8353518704883773,0.8215346561467944,0.15523685223825273
corn_moisture,m5_rep8,m5_rep8,ASTM-G,0.1,1,3,0.00011491775512695312,20,0.0,0.8919692205871235,0.8795707135583228,8.402970137651778,1.0,0.8353518704883773,0.8215346561467944,0.15523685223825273
corn_moisture,m5_rep8,m5_rep8,ASTM-G,0.2,1,3,0.00010251998901367188,20,0.0,0.6933569828183034,0.6837192159239684,5.44191863019473,1.0,0.8353518704883773,0.8215346561467944,0.15523685223825273
corn_moisture,m5_rep8,m5_rep8,GPR,0.05,1,3,0.04566621780395508,20,0.5,1.237052471622428,1.142451662665815,4.622568279859654,1.0,0.8353518704883773,0.8215346561467944,0.15523685223825273
corn_moisture,m5_rep8,m5_rep8,GPR,0.1,1,3,0.00014472007751464844,20,0.45,1.0381671605842975,0.958775659030076,3.625779162131837,1.0,0.8353518704883773,0.8215346561467944,0.15523685223825273
corn_moisture,m5_rep8,m5_rep8,GPR,0.2,1,3,8.678436279296875e-05,20,0.4,0.8088651343461158,0.7470089901636587,2.6586933122115495,1.0,0.8353518704883773,0.8215346561467944,0.15523685223825273
corn_moisture,m5_rep8,m5_rep8,BAG,0.05,1,3,0.035234928131103516,20,0.1,1.2296554552305545,1.2164353506290535,11.360779889467056,1.0,0.8353518704883773,0.8215346561467944,0.15523685223825273
corn_moisture,m5_rep8,m5_rep8,BAG,0.1,1,3,0.00013303756713867188,20,0.0,1.0319593887391185,1.0208647272177949,7.949424146731941,1.0,0.8353518704883773,0.8215346561467944,0.15523685223825273
corn_moisture,m5_rep8,m5_rep8,BAG,0.2,1,3,9.059906005859375e-05,20,0.0,0.8040284852994306,0.7953843235279106,5.402415381494282,1.0,0.8353518704883773,0.8215346561467944,0.15523685223825273
corn_moisture,m5_rep8,m5_rep8,QGB,0.05,1,3,0.032568931579589844,20,0.9,1.038358737952256,1.024660709670993,1.3713678053718306,1.0,0.8353518704883773,0.8215346561467944,0.15523685223825273
corn_moisture,m5_rep8,m5_rep8,QGB,0.1,1,3,0.04203939437866211,20,0.7,0.8235714014693573,0.8321249451862904,1.4422256584934652,1.0,0.8353518704883773,0.8215346561467944,0.15523685223825273
corn_moisture,m5_rep8,m5_rep8,QGB,0.2,1,3,0.02800726890563965,20,0.5,0.6639019174808964,0.6571965826468293,1.3170846776031906,1.0,0.8353518704883773,0.8215346561467944,0.15523685223825273
corn_moisture,m5_rep8,m5_rep8,SCP,0.05,1,3,2.9087066650390625e-05,20,0.15,1.134994798986103,1.134994798986103,9.861939266213017,1.0,0.8353518704883773,0.8215346561467944,0.15523685223825273
corn_moisture,m5_rep8,m5_rep8,SCP,0.1,1,3,1.0967254638671875e-05,20,0.05,1.038679443576946,1.038679443576946,6.292327117482339,1.0,0.8353518704883773,0.8215346561467944,0.15523685223825273
corn_moisture,m5_rep8,m5_rep8,SCP,0.2,1,3,8.821487426757812e-06,20,0.0,0.9249359262480965,0.9249359262480965,4.105015608602701,1.0,0.8353518704883773,0.8215346561467944,0.15523685223825273
corn_moisture,m5_rep8,m5_rep8,NCP-kNN,0.05,1,3,0.0064275264739990234,20,0.0,0.9815125833860596,0.9867257633791144,12.570298170045215,1.0,0.8353518704883773,0.8215346561467944,0.15523685223825273
corn_moisture,m5_rep8,m5_rep8,NCP-kNN,0.1,1,3,1.8358230590820312e-05,20,0.0,0.935126637837427,0.9400934447453206,7.193378886653332,1.0,0.8353518704883773,0.8215346561467944,0.15523685223825273
corn_moisture,m5_rep8,m5_rep8,NCP-kNN,0.2,1,3,1.2874603271484375e-05,20,0.0,0.870922151633121,0.875547944529977,4.321070707062604,1.0,0.8353518704883773,0.8215346561467944,0.15523685223825273
corn_moisture,m5_rep8,m5_rep8,CV+,0.05,1,3,0.007372856140136719,20,0.15,1.1420252192980311,1.1248234717636452,9.850455916442332,1.0,0.8353518704883773,0.8215346561467944,0.15523685223825273
corn_moisture,m5_rep8,m5_rep8,CV+,0.1,1,3,0.0048656463623046875,20,0.0,0.8975884464664284,0.8736982308044698,7.815310783265976,1.0,0.8353518704883773,0.8215346561467944,0.15523685223825273
corn_moisture,m5_rep8,m5_rep8,CV+,0.2,1,3,0.004588603973388672,20,0.0,0.6974448472173276,0.6924154784226575,5.379120122912022,1.0,0.8353518704883773,0.8215346561467944,0.15523685223825273
corn_moisture,m5_rep8,m5_rep8,CQR,0.05,1,3,2.6226043701171875e-05,20,1.0,1.6473701867300945,1.6336721584488316,1.6473701867300945,1.0,0.8353518704883773,0.8215346561467944,0.15523685223825273
corn_moisture,m5_rep8,m5_rep8,CQR,0.1,1,3,1.4781951904296875e-05,20,1.0,1.406228273485509,1.4147818172024422,1.406228273485509,1.0,0.8353518704883773,0.8215346561467944,0.15523685223825273
corn_moisture,m5_rep8,m5_rep8,CQR,0.2,1,3,1.33514404296875e-05,20,0.95,1.1640556912941387,1.1573503564600713,1.1809980877368238,1.0,0.8353518704883773,0.8215346561467944,0.15523685223825273
corn_moisture,m5_rep8,m5_rep8,WCP,0.05,1,3,0.0040280818939208984,20,1.0,inf,inf,inf,0.0,0.8353518704883773,0.8215346561467944,0.15523685223825273
corn_moisture,m5_rep8,m5_rep8,WCP,0.1,1,3,0.0001163482666015625,20,1.0,inf,inf,inf,0.0,0.8353518704883773,0.8215346561467944,0.15523685223825273
corn_moisture,m5_rep8,m5_rep8,WCP,0.2,1,3,7.939338684082031e-05,20,1.0,inf,inf,inf,0.0,0.8353518704883773,0.8215346561467944,0.15523685223825273
corn_moisture,m5_rep8,m5_rep8,R-U-A,0.05,1,3,5.245208740234375e-05,20,0.0,0.974146242454978,0.974146242454978,14.352607639227193,1.0,0.8353518704883773,0.8215346561467944,0.15523685223825273
corn_moisture,m5_rep8,m5_rep8,R-U-A,0.1,1,3,3.8623809814453125e-05,20,0.0,0.8564102859384413,0.8564102859384413,8.723000549489917,1.0,0.8353518704883773,0.8215346561467944,0.15523685223825273
corn_moisture,m5_rep8,m5_rep8,R-U-A,0.2,1,3,3.9577484130859375e-05,20,0.0,0.5861232094932269,0.5861232094932269,5.870853723495037,1.0,0.8353518704883773,0.8215346561467944,0.15523685223825273
corn_moisture,m5_rep8,m5_rep8,R-U-D,0.05,1,3,0.003226041793823242,20,0.0,0.5430498196446637,0.5503092683120698,22.543439672623165,1.0,0.8353518704883773,0.8215346561467944,0.15523685223825273
corn_moisture,m5_rep8,m5_rep8,R-U-D,0.1,1,3,0.0004467964172363281,20,0.0,0.39928496822972814,0.40462257930273715,12.837128408868335,1.0,0.8353518704883773,0.8215346561467944,0.15523685223825273
corn_moisture,m5_rep8,m5_rep8,R-U-D,0.2,1,3,0.0003571510314941406,20,0.0,0.3353586845704717,0.33984173394778416,6.873911823186058,1.0,0.8353518704883773,0.8215346561467944,0.15523685223825273
corn_moisture,m5_rep8,m5_rep8,G-U-A,0.05,1,3,4.363059997558594e-05,20,0.0,0.9595420428696961,0.9595420428696961,14.630087431347551,1.0,0.8353518704883773,0.8215346561467944,0.15523685223825273
corn_moisture,m5_rep8,m5_rep8,G-U-A,0.1,1,3,3.528594970703125e-05,20,0.0,0.8283391289896542,0.8283391289896542,8.975640962029,1.0,0.8353518704883773,0.8215346561467944,0.15523685223825273
corn_moisture,m5_rep8,m5_rep8,G-U-A,0.2,1,3,3.504753112792969e-05,20,0.0,0.6419536972596056,0.6419536972596056,5.647531772429522,1.0,0.8353518704883773,0.8215346561467944,0.15523685223825273
corn_moisture,m5_rep8,m5_rep8,G-W-A,0.05,1,3,0.00010442733764648438,20,0.0,0.9595420428696961,0.9595420428696961,14.630087431347551,1.0,0.8353518704883773,0.8215346561467944,0.15523685223825273
corn_moisture,m5_rep8,m5_rep8,G-W-A,0.1,1,3,7.271766662597656e-05,20,0.0,0.8283391289896542,0.8283391289896542,8.975640962029,1.0,0.8353518704883773,0.8215346561467944,0.15523685223825273
corn_moisture,m5_rep8,m5_rep8,G-W-A,0.2,1,3,6.4849853515625e-05,20,0.0,0.6419536972596056,0.6419536972596056,5.647531772429522,1.0,0.8353518704883773,0.8215346561467944,0.15523685223825273
corn_moisture,m5_rep8,m5_rep8,G-U-D,0.05,1,3,0.0039026737213134766,20,0.0,0.6061491023483596,0.6027372897581369,21.344553301252944,1.0,0.8353518704883773,0.8215346561467944,0.15523685223825273
corn_moisture,m5_rep8,m5_rep8,G-U-D,0.1,1,3,0.00044608116149902344,20,0.0,0.49537141164429654,0.4925831299945571,11.972350418137221,1.0,0.8353518704883773,0.8215346561467944,0.15523685223825273
corn_moisture,m5_rep8,m5_rep8,G-U-D,0.2,1,3,0.0003521442413330078,20,0.0,0.3799030561699194,0.377764707659491,6.695734336788267,1.0,0.8353518704883773,0.8215346561467944,0.15523685223825273
corn_moisture,m5_rep8,m5_rep8,GC-D,0.05,1,3,0.0005130767822265625,20,0.0,0.6061491023483596,0.6027372897581369,21.344553301252944,1.0,0.8353518704883773,0.8215346561467944,0.15523685223825273
corn_moisture,m5_rep8,m5_rep8,GC-D,0.1,1,3,0.00040411949157714844,20,0.0,0.49537141164429654,0.4925831299945571,11.972350418137221,1.0,0.8353518704883773,0.8215346561467944,0.15523685223825273
corn_moisture,m5_rep8,m5_rep8,GC-D,0.2,1,3,0.0005056858062744141,20,0.0,0.3799030561699194,0.377764707659491,6.695734336788267,1.0,0.8353518704883773,0.8215346561467944,0.15523685223825273
corn_moisture,m5_rep8,m5_rep8,GC-D+,0.05,1,3,0.0004608631134033203,20,1.0,inf,inf,inf,0.0,0.8353518704883773,0.8215346561467944,0.15523685223825273
corn_moisture,m5_rep8,m5_rep8,GC-D+,0.1,1,3,0.0004172325134277344,20,1.0,inf,inf,inf,0.0,0.8353518704883773,0.8215346561467944,0.15523685223825273
corn_moisture,m5_rep8,m5_rep8,GC-D+,0.2,1,3,0.0004241466522216797,20,1.0,inf,inf,inf,0.0,0.8353518704883773,0.8215346561467944,0.15523685223825273
corn_moisture,m5_rep8,m5_rep8,HJ+,0.05,1,3,0.0016865730285644531,20,1.0,inf,inf,inf,0.0,0.8353518704883773,0.8215346561467944,0.15523685223825273
corn_moisture,m5_rep8,m5_rep8,HJ+,0.1,1,3,0.00039696693420410156,20,1.0,inf,inf,inf,0.0,0.8353518704883773,0.8215346561467944,0.15523685223825273
corn_moisture,m5_rep8,m5_rep8,HJ+,0.2,1,3,0.0003802776336669922,20,1.0,inf,inf,inf,0.0,0.8353518704883773,0.8215346561467944,0.15523685223825273
corn_moisture,m5_rep8,m5_rep8,HJ+-D,0.05,1,3,0.0021882057189941406,20,1.0,inf,inf,inf,0.0,0.8353518704883773,0.8215346561467944,0.15523685223825273
corn_moisture,m5_rep8,m5_rep8,HJ+-D,0.1,1,3,0.0025980472564697266,20,1.0,inf,inf,inf,0.0,0.8353518704883773,0.8215346561467944,0.15523685223825273
corn_moisture,m5_rep8,m5_rep8,HJ+-D,0.2,1,3,0.002683877944946289,20,1.0,inf,inf,inf,0.0,0.8353518704883773,0.8215346561467944,0.15523685223825273
corn_moisture,m5_rep8,m5_rep8,HCP-D,0.05,1,3,0.000274658203125,20,1.0,inf,inf,inf,0.0,0.8353518704883773,0.8215346561467944,0.15523685223825273
corn_moisture,m5_rep8,m5_rep8,HCP-D,0.1,1,3,0.00015854835510253906,20,1.0,inf,inf,inf,0.0,0.8353518704883773,0.8215346561467944,0.15523685223825273
corn_moisture,m5_rep8,m5_rep8,HCP-D,0.2,1,3,0.00017309188842773438,20,1.0,inf,inf,inf,0.0,0.8353518704883773,0.8215346561467944,0.15523685223825273
corn_moisture,m5_rep8,m5_rep8,HCP-A,0.05,1,3,0.0001418590545654297,20,1.0,inf,inf,inf,0.0,0.8353518704883773,0.8215346561467944,0.15523685223825273
corn_moisture,m5_rep8,m5_rep8,HCP-A,0.1,1,3,0.0001347064971923828,20,1.0,inf,inf,inf,0.0,0.8353518704883773,0.8215346561467944,0.15523685223825273
corn_moisture,m5_rep8,m5_rep8,HCP-A,0.2,1,3,0.000141143798828125,20,1.0,inf,inf,inf,0.0,0.8353518704883773,0.8215346561467944,0.15523685223825273
corn_moisture,m5_rep8,m5_rep8,ORACLE,0.05,1,3,0.00010824203491210938,20,1.0,inf,inf,inf,0.0,0.8353518704883773,0.8215346561467944,0.15523685223825273
corn_moisture,m5_rep8,m5_rep8,ORACLE,0.1,1,3,0.00010275840759277344,20,0.85,2.034455024572196,2.034455024572196,2.1837452802900175,1.0,0.8353518704883773,0.8215346561467944,0.15523685223825273
corn_moisture,m5_rep8,m5_rep8,ORACLE,0.2,1,3,0.00017786026000976562,20,0.7,1.9175477692912346,1.9175477692912342,2.2004544197261153,1.0,0.8353518704883773,0.8215346561467944,0.15523685223825273
corn_moisture,m5_rep9,m5_rep9,ASTM-R,0.05,1,5,0.014569997787475586,20,0.0,1.0658235798504894,1.0506374213572673,17.835557036051057,1.0,0.9790843296496008,0.9521551263302588,0.23397422253073064
corn_moisture,m5_rep9,m5_rep9,ASTM-R,0.1,1,5,0.00012063980102539062,20,0.0,0.8922231479704266,0.8795104979666597,11.013094194871336,1.0,0.9790843296496008,0.9521551263302588,0.23397422253073064
corn_moisture,m5_rep9,m5_rep9,ASTM-R,0.2,1,5,0.00013828277587890625,20,0.0,0.6935261105420482,0.6836445526247825,6.747446821134394,1.0,0.9790843296496008,0.9521551263302588,0.23397422253073064
corn_moisture,m5_rep9,m5_rep9,ASTM-G,0.05,1,5,0.0001227855682373047,20,0.0,1.060941597614727,1.0458249989974497,17.928314698530542,1.0,0.9790843296496008,0.9521551263302588,0.23397422253073064
corn_moisture,m5_rep9,m5_rep9,ASTM-G,0.1,1,5,0.00011396408081054688,20,0.0,0.8881363388201364,0.8754819188392933,11.049875477223948,1.0,0.9790843296496008,0.9521551263302588,0.23397422253073064
corn_moisture,m5_rep9,m5_rep9,ASTM-G,0.2,1,5,0.00011110305786132812,20,0.0,0.6903494289451,0.6805131332936796,6.760153547522188,1.0,0.9790843296496008,0.9521551263302588,0.23397422253073064
corn_moisture,m5_rep9,m5_rep9,GPR,0.05,1,5,0.05141901969909668,20,0.4,1.078575469626299,0.9713513704704511,9.206125688754753,1.0,0.9790843296496008,0.9521551263302588,0.23397422253073064
corn_moisture,m5_rep9,m5_rep9,GPR,0.1,1,5,0.00010085105895996094,20,0.2,0.9051690679775598,0.8151837673372064,6.15790377243522,1.0,0.9790843296496008,0.9521551263302588,0.23397422253073064
corn_moisture,m5_rep9,m5_rep9,GPR,0.2,1,5,8.440017700195312e-05,20,0.1,0.7052425924969027,0.6351325225052165,4.179006769229431,1.0,0.9790843296496008,0.9521551263302588,0.23397422253073064
corn_moisture,m5_rep9,m5_rep9,BAG,0.05,1,5,0.03694891929626465,20,0.05,1.1972208359058805,1.1582314212044533,16.349462927507567,1.0,0.9790843296496008,0.9521551263302588,0.23397422253073064
corn_moisture,m5_rep9,m5_rep9,BAG,0.1,1,5,0.00010752677917480469,20,0.0,1.004739398139393,0.9720184498514541,10.493323845751224,1.0,0.9790843296496008,0.9521551263302588,0.23397422253073064
corn_moisture,m5_rep9,m5_rep9,BAG,0.2,1,5,8.845329284667969e-05,20,0.0,0.7828206276544674,0.7573268196843124,6.636706703885013,1.0,0.9790843296496008,0.9521551263302588,0.23397422253073064
corn_moisture,m5_rep9,m5_rep9,QGB,0.05,1,5,0.03159832954406738,20,0.8,0.9996467538362566,1.072235275936107,1.7180851777247674,1.0,0.9790843296496008,0.9521551263302588,0.23397422253073064
corn_moisture,m5_rep9,m5_rep9,QGB,0.1,1,5,0.02839374542236328,20,0.75,0.9291513516058707,0.9675589532783695,1.4922612691815207,1.0,0.9790843296496008,0.9521551263302588,0.23397422253073064
corn_moisture,m5_rep9,m5_rep9,QGB,0.2,1,5,0.028621912002563477,20,0.7,0.8627644496884719,0.9043382324916962,1.245208706280978,1.0,0.9790843296496008,0.9521551263302588,0.23397422253073064
corn_moisture,m5_rep9,m5_rep9,SCP,0.05,1,5,2.9325485229492188e-05,20,0.0,1.0525787104671949,1.0525787104671949,17.32529670548312,1.0,0.9790843296496008,0.9521551263302588,0.23397422253073064
corn_moisture,m5_rep9,m5_rep9,SCP,0.1,1,5,1.0967254638671875e-05,20,0.0,0.7876929205611916,0.7876929205611916,11.572909817129187,1.0,0.9790843296496008,0.9521551263302588,0.23397422253073064
corn_moisture,m5_rep9,m5_rep9,SCP,0.2,1,5,9.298324584960938e-06,20,0.0,0.5854685858379796,0.5854685858379796,6.989198707738036,1.0,0.9790843296496008,0.9521551263302588,0.23397422253073064
corn_moisture,m5_rep9,m5_rep9,NCP-kNN,0.05,1,5,0.009446859359741211,20,0.1,1.2456458942169846,1.2578402520727074,13.715580261143376,1.0,0.9790843296496008,0.9521551263302588,0.23397422253073064
corn_moisture,m5_rep9,m5_rep9,NCP-kNN,0.1,1,5,1.8596649169921875e-05,20,0.0,0.9069128118956925,0.9157911130433458,10.499930795118678,1.0,0.9790843296496008,0.9521551263302588,0.23397422253073064
corn_moisture,m5_rep9,m5_rep9,NCP-kNN,0.2,1,5,1.2874603271484375e-05,20,0.0,0.5149158978697821,0.5199567114375672,7.271409459610825,1.0,0.9790843296496008,0.9521551263302588,0.23397422253073064
corn_moisture,m5_rep9,m5_rep9,CV+,0.05,1,5,0.005133867263793945,20,0.0,1.1071753809827922,1.094039655472213,16.195777982746073,1.0,0.9790843296496008,0.9521551263302588,0.23397422253073064
corn_moisture,m5_rep9,m5_rep9,CV+,0.1,1,5,0.004667043685913086,20,0.0,0.904680184500581,0.8795571534825051,10.08932613701853,1.0,0.9790843296496008,0.9521551263302588,0.23397422253073064
corn_moisture,m5_rep9,m5_rep9,CV+,0.2,1,5,0.005035877227783203,20,0.0,0.7031549309460294,0.6968897182783369,6.313730617199755,1.0,0.9790843296496008,0.9521551263302588,0.23397422253073064
corn_moisture,m5_rep9,m5_rep9,CQR,0.05,1,5,3.0994415283203125e-05,20,0.95,1.2954709642971247,1.3680594863969748,1.393289242097862,1.0,0.9790843296496008,0.9521551263302588,0.23397422253073064
corn_moisture,m5_rep9,m5_rep9,CQR,0.1,1,5,1.5735626220703125e-05,20,0.9,1.1674467578767818,1.2058543595492806,1.3064324559489506,1.0,0.9790843296496008,0.9521551263302588,0.23397422253073064
corn_moisture,m5_rep9,m5_rep9,CQR,0.2,1,5,1.8596649169921875e-05,20,0.85,1.0886059966381672,1.1301797794413915,1.212134122418606,1.0,0.9790843296496008,0.9521551263302588,0.23397422253073064
corn_moisture,m5_rep9,m5_rep9,WCP,0.05,1,5,0.0033545494079589844,20,1.0,inf,inf,inf,0.0,0.9790843296496008,0.9521551263302588,0.23397422253073064
corn_moisture,m5_rep9,m5_rep9,WCP,0.1,1,5,0.00011301040649414062,20,1.0,inf,inf,inf,0.0,0.9790843296496008,0.9521551263302588,0.23397422253073064
corn_moisture,m5_rep9,m5_rep9,WCP,0.2,1,5,9.083747863769531e-05,20,1.0,inf,inf,inf,0.0,0.9790843296496008,0.9521551263302588,0.23397422253073064
corn_moisture,m5_rep9,m5_rep9,R-U-A,0.05,1,5,5.125999450683594e-05,20,0.0,0.9447999888859577,0.9447999888859577,20.13500526437716,1.0,0.9790843296496008,0.9521551263302588,0.23397422253073064
corn_moisture,m5_rep9,m5_rep9,R-U-A,0.1,1,5,4.029273986816406e-05,20,0.0,0.7835976943887886,0.7835976943887886,11.990723277106078,1.0,0.9790843296496008,0.9521551263302588,0.23397422253073064
corn_moisture,m5_rep9,m5_rep9,R-U-A,0.2,1,5,3.266334533691406e-05,20,0.0,0.6467859982729536,0.6467859982729536,6.934407270210774,1.0,0.9790843296496008,0.9521551263302588,0.23397422253073064
corn_moisture,m5_rep9,m5_rep9,R-U-D,0.05,1,5,0.0029761791229248047,20,0.5,1.8435755269825702,1.784228285985268,6.326887318070581,1.0,0.9790843296496008,0.9521551263302588,0.23397422253073064
corn_moisture,m5_rep9,m5_rep9,R-U-D,0.1,1,5,0.00047278404235839844,20,0.45,1.7267895102090467,1.6712017722975325,4.567993028596573,1.0,0.9790843296496008,0.9521551263302588,0.23397422253073064
corn_moisture,m5_rep9,m5_rep9,R-U-D,0.2,1,5,0.0003883838653564453,20,0.05,1.312808685733814,1.2705475620015427,4.350510078734265,1.0,0.9790843296496008,0.9521551263302588,0.23397422253073064
corn_moisture,m5_rep9,m5_rep9,G-U-A,0.05,1,5,4.1961669921875e-05,20,0.0,0.9691169279300915,0.9691169279300915,19.672983422538614,1.0,0.9790843296496008,0.9521551263302588,0.23397422253073064
corn_moisture,m5_rep9,m5_rep9,G-U-A,0.1,1,5,3.647804260253906e-05,20,0.0,0.7930379446124007,0.7930379446124007,11.90576102509357,1.0,0.9790843296496008,0.9521551263302588,0.23397422253073064
corn_moisture,m5_rep9,m5_rep9,G-U-A,0.2,1,5,3.337860107421875e-05,20,0.0,0.5847934721369192,0.5847934721369192,7.182377374754912,1.0,0.9790843296496008,0.9521551263302588,0.23397422253073064
corn_moisture,m5_rep9,m5_rep9,G-W-A,0.05,1,5,9.608268737792969e-05,20,0.0,0.9691169279300915,0.9691169279300915,19.672983422538614,1.0,0.9790843296496008,0.9521551263302588,0.23397422253073064
corn_moisture,m5_rep9,m5_rep9,G-W-A,0.1,1,5,7.653236389160156e-05,20,0.0,0.7930379446124007,0.7930379446124007,11.90576102509357,1.0,0.9790843296496008,0.9521551263302588,0.23397422253073064
corn_moisture,m5_rep9,m5_rep9,G-W-A,0.2,1,5,7.43865966796875e-05,20,0.0,0.5847934721369192,0.5847934721369192,7.182377374754912,1.0,0.9790843296496008,0.9521551263302588,0.23397422253073064
corn_moisture,m5_rep9,m5_rep9,G-U-D,0.05,1,5,0.003424406051635742,20,0.3,1.5298972666051185,1.4865701281749626,9.867328359473003,1.0,0.9790843296496008,0.9521551263302588,0.23397422253073064
corn_moisture,m5_rep9,m5_rep9,G-U-D,0.1,1,5,0.0004222393035888672,20,0.05,1.2630495166222813,1.2272795845847746,7.802747356791097,1.0,0.9790843296496008,0.9521551263302588,0.23397422253073064
corn_moisture,m5_rep9,m5_rep9,G-U-D,0.2,1,5,0.0003452301025390625,20,0.0,0.9398988385141905,0.9132806282751389,5.761955909245826,1.0,0.9790843296496008,0.9521551263302588,0.23397422253073064
corn_moisture,m5_rep9,m5_rep9,GC-D,0.05,1,5,0.0004444122314453125,20,0.3,1.5298972666051185,1.4865701281749626,9.867328359473003,1.0,0.9790843296496008,0.9521551263302588,0.23397422253073064
corn_moisture,m5_rep9,m5_rep9,GC-D,0.1,1,5,0.0003826618194580078,20,0.05,1.2630495166222813,1.2272795845847746,7.802747356791097,1.0,0.9790843296496008,0.9521551263302588,0.23397422253073064
corn_moisture,m5_rep9,m5_rep9,GC-D,0.2,1,5,0.0005002021789550781,20,0.0,0.9398988385141905,0.9132806282751389,5.761955909245826,1.0,0.9790843296496008,0.9521551263302588,0.23397422253073064
corn_moisture,m5_rep9,m5_rep9,GC-D+,0.05,1,5,0.0004754066467285156,20,1.0,inf,inf,inf,0.0,0.9790843296496008,0.9521551263302588,0.23397422253073064
corn_moisture,m5_rep9,m5_rep9,GC-D+,0.1,1,5,0.0004222393035888672,20,1.0,inf,inf,inf,0.0,0.9790843296496008,0.9521551263302588,0.23397422253073064
corn_moisture,m5_rep9,m5_rep9,GC-D+,0.2,1,5,0.00045990943908691406,20,1.0,inf,inf,inf,0.0,0.9790843296496008,0.9521551263302588,0.23397422253073064
corn_moisture,m5_rep9,m5_rep9,HJ+,0.05,1,5,0.001634359359741211,20,1.0,inf,inf,inf,0.0,0.9790843296496008,0.9521551263302588,0.23397422253073064
corn_moisture,m5_rep9,m5_rep9,HJ+,0.1,1,5,0.0005342960357666016,20,1.0,inf,inf,inf,0.0,0.9790843296496008,0.9521551263302588,0.23397422253073064
corn_moisture,m5_rep9,m5_rep9,HJ+,0.2,1,5,0.0004184246063232422,20,1.0,inf,inf,inf,0.0,0.9790843296496008,0.9521551263302588,0.23397422253073064
corn_moisture,m5_rep9,m5_rep9,HJ+-D,0.05,1,5,0.002241849899291992,20,1.0,inf,inf,inf,0.0,0.9790843296496008,0.9521551263302588,0.23397422253073064
corn_moisture,m5_rep9,m5_rep9,HJ+-D,0.1,1,5,0.0021965503692626953,20,1.0,inf,inf,inf,0.0,0.9790843296496008,0.9521551263302588,0.23397422253073064
corn_moisture,m5_rep9,m5_rep9,HJ+-D,0.2,1,5,0.0022461414337158203,20,1.0,inf,inf,inf,0.0,0.9790843296496008,0.9521551263302588,0.23397422253073064
corn_moisture,m5_rep9,m5_rep9,HCP-D,0.05,1,5,0.0003032684326171875,20,1.0,inf,inf,inf,0.0,0.9790843296496008,0.9521551263302588,0.23397422253073064
corn_moisture,m5_rep9,m5_rep9,HCP-D,0.1,1,5,0.000232696533203125,20,1.0,inf,inf,inf,0.0,0.9790843296496008,0.9521551263302588,0.23397422253073064
corn_moisture,m5_rep9,m5_rep9,HCP-D,0.2,1,5,0.00015997886657714844,20,1.0,inf,inf,inf,0.0,0.9790843296496008,0.9521551263302588,0.23397422253073064
corn_moisture,m5_rep9,m5_rep9,HCP-A,0.05,1,5,0.0001430511474609375,20,1.0,inf,inf,inf,0.0,0.9790843296496008,0.9521551263302588,0.23397422253073064
corn_moisture,m5_rep9,m5_rep9,HCP-A,0.1,1,5,0.0001938343048095703,20,1.0,inf,inf,inf,0.0,0.9790843296496008,0.9521551263302588,0.23397422253073064
corn_moisture,m5_rep9,m5_rep9,HCP-A,0.2,1,5,0.00013947486877441406,20,1.0,inf,inf,inf,0.0,0.9790843296496008,0.9521551263302588,0.23397422253073064
corn_moisture,m5_rep9,m5_rep9,ORACLE,0.05,1,5,0.0001423358917236328,20,1.0,inf,inf,inf,0.0,0.9790843296496008,0.9521551263302588,0.23397422253073064
corn_moisture,m5_rep9,m5_rep9,ORACLE,0.1,1,5,9.846687316894531e-05,20,0.95,2.7470515871626744,2.747051587162675,3.0024593200050766,1.0,0.9790843296496008,0.9521551263302588,0.23397422253073064
corn_moisture,m5_rep9,m5_rep9,ORACLE,0.2,1,5,0.0001506805419921875,20,0.85,2.3639249300440794,2.36392493004408,2.55785232998985,1.0,0.9790843296496008,0.9521551263302588,0.23397422253073064
corn_moisture,mp5_rep0,mp5_rep0,ASTM-R,0.05,1,1,0.016249418258666992,20,0.9,1.34758514601099,1.3427328727814896,2.359199133859517,1.0,0.3529087719581339,-0.16288323702329918,0.32120439864231054
corn_moisture,mp5_rep0,mp5_rep0,ASTM-R,0.1,1,1,0.00012445449829101562,20,0.9,1.1281884815792007,1.1241261937280758,1.853342800638122,1.0,0.3529087719581339,-0.16288323702329918,0.32120439864231054
corn_moisture,mp5_rep0,mp5_rep0,ASTM-R,0.2,1,1,9.72747802734375e-05,20,0.9,0.8770124899278843,0.8738546158303446,1.3651494022672854,1.0,0.3529087719581339,-0.16288323702329918,0.32120439864231054
corn_moisture,mp5_rep0,mp5_rep0,ASTM-G,0.05,1,1,0.00010585784912109375,20,0.9,1.3568011366869421,1.3519156792798235,2.3499872882830695,1.0,0.3529087719581339,-0.16288323702329918,0.32120439864231054
corn_moisture,mp5_rep0,mp5_rep0,ASTM-G,0.1,1,1,0.00010848045349121094,20,0.9,1.1359040419337554,1.1318139725305194,1.853344535761699,1.0,0.3529087719581339,-0.16288323702329918,0.32120439864231054
corn_moisture,mp5_rep0,mp5_rep0,ASTM-G,0.2,1,1,0.00012969970703125,20,0.9,0.883010284541303,0.8798308140805773,1.3681489739848187,1.0,0.3529087719581339,-0.16288323702329918,0.32120439864231054
corn_moisture,mp5_rep0,mp5_rep0,GPR,0.05,1,1,0.030183792114257812,20,0.9,1.2876044219072564,1.2740261780933064,2.43631259018209,1.0,0.3529087719581339,-0.16288323702329918,0.32120439864231054
corn_moisture,mp5_rep0,mp5_rep0,GPR,0.1,1,1,0.00010633468627929688,20,0.9,1.080591694622347,1.0691964731993124,1.8606935732130174,1.0,0.3529087719581339,-0.16288323702329918,0.32120439864231054
corn_moisture,mp5_rep0,mp5_rep0,GPR,0.2,1,1,8.344650268554688e-05,20,0.8,0.8419192779629736,0.83304094154742,1.3738909639435832,1.0,0.3529087719581339,-0.16288323702329918,0.32120439864231054
corn_moisture,mp5_rep0,mp5_rep0,BAG,0.05,1,1,0.018527746200561523,20,0.9,1.349670736404855,1.3416894819111231,2.329423992867236,1.0,0.3529087719581339,-0.16288323702329918,0.32120439864231054
corn_moisture,mp5_rep0,mp5_rep0,BAG,0.1,1,1,9.274482727050781e-05,20,0.9,1.1326793877218928,1.1259813078055334,1.8385070931696865,1.0,0.3529087719581339,-0.16288323702329918,0.32120439864231054
corn_moisture,mp5_rep0,mp5_rep0,BAG,0.2,1,1,0.00013709068298339844,20,0.9,0.8825022596602856,0.8772835978521449,1.3599049932261449,1.0,0.3529087719581339,-0.16288323702329918,0.32120439864231054
corn_moisture,mp5_rep0,mp5_rep0,QGB,0.05,1,1,0.03019857406616211,20,0.9,0.8408141471060553,0.8666536519688739,2.6138002115478614,1.0,0.3529087719581339,-0.16288323702329918,0.32120439864231054
corn_moisture,mp5_rep0,mp5_rep0,QGB,0.1,1,1,0.026895523071289062,20,0.75,0.7225939537538897,0.6610865952441527,1.7574784109409176,1.0,0.3529087719581339,-0.16288323702329918,0.32120439864231054
corn_moisture,mp5_rep0,mp5_rep0,QGB,0.2,1,1,0.0263826847076416,20,0.7,0.5905555669456467,0.536253893066668,1.2963823809510973,1.0,0.3529087719581339,-0.16288323702329918,0.32120439864231054
corn_moisture,mp5_rep0,mp5_rep0,SCP,0.05,1,1,2.9087066650390625e-05,20,0.9,1.2821895868335176,1.2821895868335176,2.392364126306518,1.0,0.3529087719581339,-0.16288323702329918,0.32120439864231054
corn_moisture,mp5_rep0,mp5_rep0,SCP,0.1,1,1,1.049041748046875e-05,20,0.9,0.8777258861741473,0.8777258861741473,1.8372768565700177,1.0,0.3529087719581339,-0.16288323702329918,0.32120439864231054
corn_moisture,mp5_rep0,mp5_rep0,SCP,0.2,1,1,1.0967254638671875e-05,20,0.8,0.818230615983726,0.818230615983726,1.3294770749496427,1.0,0.3529087719581339,-0.16288323702329918,0.32120439864231054
corn_moisture,mp5_rep0,mp5_rep0,NCP-kNN,0.05,1,1,0.0046274662017822266,20,0.9,1.1843170053443868,1.1409716891781425,2.752123701788151,1.0,0.3529087719581339,-0.16288323702329918,0.32120439864231054
corn_moisture,mp5_rep0,mp5_rep0,NCP-kNN,0.1,1,1,1.7881393432617188e-05,20,0.85,0.8518453816510168,0.8206683342677596,1.9484976438159365,1.0,0.3529087719581339,-0.16288323702329918,0.32120439864231054
corn_moisture,mp5_rep0,mp5_rep0,NCP-kNN,0.2,1,1,1.1444091796875e-05,20,0.85,0.7732614926901793,0.7449605701089901,1.3747440564468338,1.0,0.3529087719581339,-0.16288323702329918,0.32120439864231054
corn_moisture,mp5_rep0,mp5_rep0,CV+,0.05,1,1,0.0050776004791259766,20,0.9,1.2945648059179706,1.2797807834064931,2.4646063812649848,1.0,0.3529087719581339,-0.16288323702329918,0.32120439864231054
corn_moisture,mp5_rep0,mp5_rep0,CV+,0.1,1,1,0.004578590393066406,20,0.9,1.105705027751208,1.1136266670994743,1.8670472923577943,1.0,0.3529087719581339,-0.16288323702329918,0.32120439864231054
corn_moisture,mp5_rep0,mp5_rep0,CV+,0.2,1,1,0.0043833255767822266,20,0.9,0.8233117262175995,0.8242644081215342,1.3258607444814667,1.0,0.3529087719581339,-0.16288323702329918,0.32120439864231054
corn_moisture,mp5_rep0,mp5_rep0,CQR,0.05,1,1,2.2411346435546875e-05,20,0.9,1.3449033593846058,1.3707428642474246,2.1097109992693106,1.0,0.3529087719581339,-0.16288323702329918,0.32120439864231054
corn_moisture,mp5_rep0,mp5_rep0,CQR,0.1,1,1,3.170967102050781e-05,20,0.9,1.202947432043178,1.141440073533441,1.6240188083536005,1.0,0.3529087719581339,-0.16288323702329918,0.32120439864231054
corn_moisture,mp5_rep0,mp5_rep0,CQR,0.2,1,1,1.1205673217773438e-05,20,0.8,0.7785053920089103,0.7242037181299317,1.2442950508518424,1.0,0.3529087719581339,-0.16288323702329918,0.32120439864231054
corn_moisture,mp5_rep0,mp5_rep0,WCP,0.05,1,1,0.003253459930419922,20,1.0,inf,inf,inf,0.5,0.3529087719581339,-0.16288323702329918,0.32120439864231054
corn_moisture,mp5_rep0,mp5_rep0,WCP,0.1,1,1,0.00011563301086425781,20,1.0,inf,1.1713530649481658,inf,0.65,0.3529087719581339,-0.16288323702329918,0.32120439864231054
corn_moisture,mp5_rep0,mp5_rep0,WCP,0.2,1,1,8.249282836914062e-05,20,0.8,inf,0.7894035375948611,inf,0.85,0.3529087719581339,-0.16288323702329918,0.32120439864231054
corn_moisture,mp5_rep0,mp5_rep0,R-U-A,0.05,1,1,5.4836273193359375e-05,20,0.9,1.2060806486525273,1.2060806486525273,2.500097524428714,1.0,0.3529087719581339,-0.16288323702329918,0.32120439864231054
corn_moisture,mp5_rep0,mp5_rep0,R-U-A,0.1,1,1,3.7670135498046875e-05,20,0.9,1.0812202363165149,1.0812202363165149,1.8530890865406207,1.0,0.3529087719581339,-0.16288323702329918,0.32120439864231054
corn_moisture,mp5_rep0,mp5_rep0,R-U-A,0.2,1,1,3.3855438232421875e-05,20,0.8,0.7990168576245615,0.7990168576245615,1.3395084540309528,1.0,0.3529087719581339,-0.16288323702329918,0.32120439864231054
corn_moisture,mp5_rep0,mp5_rep0,R-U-D,0.05,1,1,0.0031375885009765625,20,0.9,1.2070490891520151,1.1554331632672437,1.8734369427779036,1.0,0.3529087719581339,-0.16288323702329918,0.32120439864231054
corn_moisture,mp5_rep0,mp5_rep0,R-U-D,0.1,1,1,0.00042891502380371094,20,0.9,1.0847616639322295,1.0383750023197322,1.5719377836464465,1.0,0.3529087719581339,-0.16288323702329918,0.32120439864231054
corn_moisture,mp5_rep0,mp5_rep0,R-U-D,0.2,1,1,0.00036144256591796875,20,0.85,0.8735435948908519,0.8361890565740389,1.2598653813691127,1.0,0.3529087719581339,-0.16288323702329918,0.32120439864231054
corn_moisture,mp5_rep0,mp5_rep0,G-U-A,0.05,1,1,3.886222839355469e-05,20,0.9,1.2759058090785196,1.2759058090785196,2.4302723640027217,1.0,0.3529087719581339,-0.16288323702329918,0.32120439864231054
corn_moisture,mp5_rep0,mp5_rep0,G-U-A,0.1,1,1,6.580352783203125e-05,20,0.9,1.070718954132854,1.070718954132854,1.8530890865406207,1.0,0.3529087719581339,-0.16288323702329918,0.32120439864231054
corn_moisture,mp5_rep0,mp5_rep0,G-U-A,0.2,1,1,3.528594970703125e-05,20,0.8,0.8167876766474116,0.8167876766474116,1.3395084540309528,1.0,0.3529087719581339,-0.16288323702329918,0.32120439864231054
corn_moisture,mp5_rep0,mp5_rep0,G-W-A,0.05,1,1,0.0001399517059326172,20,0.9,1.2759058090785196,1.2759058090785196,2.4302723640027217,1.0,0.3529087719581339,-0.16288323702329918,0.32120439864231054
corn_moisture,mp5_rep0,mp5_rep0,G-W-A,0.1,1,1,8.177757263183594e-05,20,0.9,1.070718954132854,1.070718954132854,1.8530890865406207,1.0,0.3529087719581339,-0.16288323702329918,0.32120439864231054
corn_moisture,mp5_rep0,mp5_rep0,G-W-A,0.2,1,1,7.104873657226562e-05,20,0.8,0.8167876766474116,0.8167876766474116,1.3395084540309528,1.0,0.3529087719581339,-0.16288323702329918,0.32120439864231054
corn_moisture,mp5_rep0,mp5_rep0,G-U-D,0.05,1,1,0.0032057762145996094,20,0.85,0.704230577894228,0.6403082942482943,2.653587026054288,1.0,0.3529087719581339,-0.16288323702329918,0.32120439864231054
corn_moisture,mp5_rep0,mp5_rep0,G-U-D,0.1,1,1,0.0003676414489746094,20,0.85,0.6338418161090283,0.5763086478147379,1.7379738727554277,1.0,0.3529087719581339,-0.16288323702329918,0.32120439864231054
corn_moisture,mp5_rep0,mp5_rep0,G-U-D,0.2,1,1,0.0003762245178222656,20,0.7,0.48043254712625316,0.4368241800457273,1.2444488911692977,1.0,0.3529087719581339,-0.16288323702329918,0.32120439864231054
corn_moisture,mp5_rep0,mp5_rep0,GC-D,0.05,1,1,0.0003962516784667969,20,0.85,0.704230577894228,0.6403082942482943,2.653587026054288,1.0,0.3529087719581339,-0.16288323702329918,0.32120439864231054
corn_moisture,mp5_rep0,mp5_rep0,GC-D,0.1,1,1,0.00044465065002441406,20,0.85,0.6338418161090283,0.5763086478147379,1.7379738727554277,1.0,0.3529087719581339,-0.16288323702329918,0.32120439864231054
corn_moisture,mp5_rep0,mp5_rep0,GC-D,0.2,1,1,0.0004048347473144531,20,0.7,0.48043254712625316,0.4368241800457273,1.2444488911692977,1.0,0.3529087719581339,-0.16288323702329918,0.32120439864231054
corn_moisture,mp5_rep0,mp5_rep0,GC-D+,0.05,1,1,0.0004410743713378906,20,1.0,inf,inf,inf,0.0,0.3529087719581339,-0.16288323702329918,0.32120439864231054
corn_moisture,mp5_rep0,mp5_rep0,GC-D+,0.1,1,1,0.000377655029296875,20,1.0,inf,inf,inf,0.0,0.3529087719581339,-0.16288323702329918,0.32120439864231054
corn_moisture,mp5_rep0,mp5_rep0,GC-D+,0.2,1,1,0.00044155120849609375,20,1.0,inf,inf,inf,0.0,0.3529087719581339,-0.16288323702329918,0.32120439864231054
corn_moisture,mp5_rep0,mp5_rep0,HJ+,0.05,1,1,0.0019268989562988281,20,1.0,inf,inf,inf,0.0,0.3529087719581339,-0.16288323702329918,0.32120439864231054
corn_moisture,mp5_rep0,mp5_rep0,HJ+,0.1,1,1,0.00046133995056152344,20,1.0,inf,inf,inf,0.0,0.3529087719581339,-0.16288323702329918,0.32120439864231054
corn_moisture,mp5_rep0,mp5_rep0,HJ+,0.2,1,1,0.00034880638122558594,20,1.0,inf,inf,inf,0.0,0.3529087719581339,-0.16288323702329918,0.32120439864231054
corn_moisture,mp5_rep0,mp5_rep0,HJ+-D,0.05,1,1,0.0021343231201171875,20,1.0,inf,inf,inf,0.0,0.3529087719581339,-0.16288323702329918,0.32120439864231054
corn_moisture,mp5_rep0,mp5_rep0,HJ+-D,0.1,1,1,0.0027332305908203125,20,1.0,inf,inf,inf,0.0,0.3529087719581339,-0.16288323702329918,0.32120439864231054
corn_moisture,mp5_rep0,mp5_rep0,HJ+-D,0.2,1,1,0.002212047576904297,20,1.0,inf,inf,inf,0.0,0.3529087719581339,-0.16288323702329918,0.32120439864231054
corn_moisture,mp5_rep0,mp5_rep0,HCP-D,0.05,1,1,0.00026679039001464844,20,1.0,inf,inf,inf,0.0,0.3529087719581339,-0.16288323702329918,0.32120439864231054
corn_moisture,mp5_rep0,mp5_rep0,HCP-D,0.1,1,1,0.00016379356384277344,20,1.0,inf,inf,inf,0.0,0.3529087719581339,-0.16288323702329918,0.32120439864231054
corn_moisture,mp5_rep0,mp5_rep0,HCP-D,0.2,1,1,0.00018525123596191406,20,1.0,inf,inf,inf,0.0,0.3529087719581339,-0.16288323702329918,0.32120439864231054
corn_moisture,mp5_rep0,mp5_rep0,HCP-A,0.05,1,1,0.00015425682067871094,20,1.0,inf,inf,inf,0.0,0.3529087719581339,-0.16288323702329918,0.32120439864231054
corn_moisture,mp5_rep0,mp5_rep0,HCP-A,0.1,1,1,0.00013875961303710938,20,1.0,inf,inf,inf,0.0,0.3529087719581339,-0.16288323702329918,0.32120439864231054
corn_moisture,mp5_rep0,mp5_rep0,HCP-A,0.2,1,1,0.00012683868408203125,20,1.0,inf,inf,inf,0.0,0.3529087719581339,-0.16288323702329918,0.32120439864231054
corn_moisture,mp5_rep0,mp5_rep0,ORACLE,0.05,1,1,0.0001342296600341797,20,1.0,inf,inf,inf,0.0,0.3529087719581339,-0.16288323702329918,0.32120439864231054
corn_moisture,mp5_rep0,mp5_rep0,ORACLE,0.1,1,1,9.751319885253906e-05,20,0.95,1.8530890865406207,1.8530890865406207,2.139144217515991,1.0,0.3529087719581339,-0.16288323702329918,0.32120439864231054
corn_moisture,mp5_rep0,mp5_rep0,ORACLE,0.2,1,1,9.202957153320312e-05,20,0.8,0.789709628621468,0.789709628621468,1.3614118498033498,1.0,0.3529087719581339,-0.16288323702329918,0.32120439864231054
corn_moisture,mp5_rep1,mp5_rep1,ASTM-R,0.05,1,1,0.014876842498779297,20,0.9,1.2770450299598712,1.2738117717723245,2.1810834374563717,1.0,0.3978978482185339,-0.19721577151352535,0.35456220162968427
corn_moisture,mp5_rep1,mp5_rep1,ASTM-R,0.1,1,1,0.000110626220703125,20,0.85,1.0691328095471175,1.0664259493120092,1.732162189085328,1.0,0.3978978482185339,-0.19721577151352535,0.35456220162968427
corn_moisture,mp5_rep1,mp5_rep1,ASTM-R,0.2,1,1,0.0001609325408935547,20,0.8,0.8311047689939454,0.829000554783784,1.3983788337187844,1.0,0.3978978482185339,-0.19721577151352535,0.35456220162968427
corn_moisture,mp5_rep1,mp5_rep1,ASTM-G,0.05,1,1,0.00011324882507324219,20,0.9,1.2836337277090437,1.2803837880729638,2.1745302041201406,1.0,0.3978978482185339,-0.19721577151352535,0.35456220162968427
corn_moisture,mp5_rep1,mp5_rep1,ASTM-G,0.1,1,1,0.00010061264038085938,20,0.85,1.0746488193749388,1.0719279935524622,1.7294288820052741,1.0,0.3978978482185339,-0.19721577151352535,0.35456220162968427
corn_moisture,mp5_rep1,mp5_rep1,ASTM-G,0.2,1,1,9.226799011230469e-05,20,0.8,0.8353927134221607,0.8332776428748261,1.3983935953049076,1.0,0.3978978482185339,-0.19721577151352535,0.35456220162968427
corn_moisture,mp5_rep1,mp5_rep1,GPR,0.05,1,1,0.021352529525756836,20,0.9,1.2247271299934663,1.2172737657329744,2.254254300467432,1.0,0.3978978482185339,-0.19721577151352535,0.35456220162968427
corn_moisture,mp5_rep1,mp5_rep1,GPR,0.1,1,1,9.560585021972656e-05,20,0.8,1.0278234078206103,1.0215683473533943,1.8069726734950922,1.0,0.3978978482185339,-0.19721577151352535,0.35456220162968427
corn_moisture,mp5_rep1,mp5_rep1,GPR,0.2,1,1,8.463859558105469e-05,20,0.7,0.8008060266354331,0.7959325336978331,1.4378182061608724,1.0,0.3978978482185339,-0.19721577151352535,0.35456220162968427
corn_moisture,mp5_rep1,mp5_rep1,BAG,0.05,1,1,0.01983952522277832,20,0.9,1.2739502411776684,1.2673194932039014,2.2019103358985275,1.0,0.3978978482185339,-0.19721577151352535,0.35456220162968427
corn_moisture,mp5_rep1,mp5_rep1,BAG,0.1,1,1,0.00011754035949707031,20,0.85,1.0691327449307872,1.0635680458138221,1.7468410205052756,1.0,0.3978978482185339,-0.19721577151352535,0.35456220162968427
corn_moisture,mp5_rep1,mp5_rep1,BAG,0.2,1,1,8.0108642578125e-05,20,0.8,0.8329912890671265,0.8286556760081414,1.4054613933028852,1.0,0.3978978482185339,-0.19721577151352535,0.35456220162968427
corn_moisture,mp5_rep1,mp5_rep1,QGB,0.05,1,1,0.03252124786376953,20,0.7,0.8329605417290903,0.7934796140560527,2.7918377708265933,1.0,0.3978978482185339,-0.19721577151352535,0.35456220162968427
corn_moisture,mp5_rep1,mp5_rep1,QGB,0.1,1,1,0.030668258666992188,20,0.55,0.7250961366041467,0.6985666373363761,2.0904315389332324,1.0,0.3978978482185339,-0.19721577151352535,0.35456220162968427
corn_moisture,mp5_rep1,mp5_rep1,QGB,0.2,1,1,0.029747724533081055,20,0.45,0.5498080509980043,0.5316513485558199,1.639311908249989,1.0,0.3978978482185339,-0.19721577151352535,0.35456220162968427
corn_moisture,mp5_rep1,mp5_rep1,SCP,0.05,1,1,2.7894973754882812e-05,20,0.95,1.8301912178637885,1.8301912178637885,2.030446906363675,1.0,0.3978978482185339,-0.19721577151352535,0.35456220162968427
corn_moisture,mp5_rep1,mp5_rep1,SCP,0.1,1,1,1.8596649169921875e-05,20,0.9,1.2579344040434748,1.2579344040434748,1.706479279799339,1.0,0.3978978482185339,-0.19721577151352535,0.35456220162968427
corn_moisture,mp5_rep1,mp5_rep1,SCP,0.2,1,1,8.821487426757812e-06,20,0.7,0.7117687831101804,0.7117687831101804,1.4000171606924265,1.0,0.3978978482185339,-0.19721577151352535,0.35456220162968427
corn_moisture,mp5_rep1,mp5_rep1,NCP-kNN,0.05,1,1,0.005545377731323242,20,0.95,1.9314019535101956,1.9402762864476166,2.056391920559693,1.0,0.3978978482185339,-0.19721577151352535,0.35456220162968427
corn_moisture,mp5_rep1,mp5_rep1,NCP-kNN,0.1,1,1,2.002716064453125e-05,20,0.85,1.1057478738609237,1.1108285225366963,1.837987547538615,1.0,0.3978978482185339,-0.19721577151352535,0.35456220162968427
corn_moisture,mp5_rep1,mp5_rep1,NCP-kNN,0.2,1,1,1.3113021850585938e-05,20,0.75,0.715947535299588,0.7192371440640546,1.41608404759933,1.0,0.3978978482185339,-0.19721577151352535,0.35456220162968427
corn_moisture,mp5_rep1,mp5_rep1,CV+,0.05,1,1,0.008579492568969727,20,0.9,1.258342294520426,1.2552201441841468,2.158906015072455,1.0,0.3978978482185339,-0.19721577151352535,0.35456220162968427
corn_moisture,mp5_rep1,mp5_rep1,CV+,0.1,1,1,0.0047206878662109375,20,0.8,1.0817666228024225,1.0825783743164248,1.7716045473301647,1.0,0.3978978482185339,-0.19721577151352535,0.35456220162968427
corn_moisture,mp5_rep1,mp5_rep1,CV+,0.2,1,1,0.004837751388549805,20,0.8,0.8315559639758575,0.8329870401744834,1.3822364390336532,1.0,0.3978978482185339,-0.19721577151352535,0.35456220162968427
corn_moisture,mp5_rep1,mp5_rep1,CQR,0.05,1,1,2.7418136596679688e-05,20,0.95,1.6402329829137625,1.6007520552407248,1.7698388492274195,1.0,0.3978978482185339,-0.19721577151352535,0.35456220162968427
corn_moisture,mp5_rep1,mp5_rep1,CQR,0.1,1,1,1.3113021850585938e-05,20,0.9,1.0359423358114264,1.0094128365436559,1.728514677718285,1.0,0.3978978482185339,-0.19721577151352535,0.35456220162968427
corn_moisture,mp5_rep1,mp5_rep1,CQR,0.2,1,1,1.3113021850585938e-05,20,0.6,0.6713883956666125,0.653231693224428,1.4946879055206188,1.0,0.3978978482185339,-0.19721577151352535,0.35456220162968427
corn_moisture,mp5_rep1,mp5_rep1,WCP,0.05,1,1,0.002927541732788086,20,1.0,inf,inf,inf,0.45,0.3978978482185339,-0.19721577151352535,0.35456220162968427
corn_moisture,mp5_rep1,mp5_rep1,WCP,0.1,1,1,0.00010728836059570312,20,0.9,inf,1.4874044853284083,inf,0.85,0.3978978482185339,-0.19721577151352535,0.35456220162968427
corn_moisture,mp5_rep1,mp5_rep1,WCP,0.2,1,1,7.915496826171875e-05,20,0.75,inf,0.7580364177255525,inf,0.95,0.3978978482185339,-0.19721577151352535,0.35456220162968427
corn_moisture,mp5_rep1,mp5_rep1,R-U-A,0.05,1,1,5.1021575927734375e-05,20,0.9,1.2285939333381783,1.2285939333381783,2.222660694358236,1.0,0.3978978482185339,-0.19721577151352535,0.35456220162968427
corn_moisture,mp5_rep1,mp5_rep1,R-U-A,0.1,1,1,4.00543212890625e-05,20,0.8,1.0400727588814398,1.0400727588814398,1.750962621417937,1.0,0.3978978482185339,-0.19721577151352535,0.35456220162968427
corn_moisture,mp5_rep1,mp5_rep1,R-U-A,0.2,1,1,3.4809112548828125e-05,20,0.8,0.8452492214341305,0.8452492214341305,1.3955176901496884,1.0,0.3978978482185339,-0.19721577151352535,0.35456220162968427
corn_moisture,mp5_rep1,mp5_rep1,R-U-D,0.05,1,1,0.0029599666595458984,20,0.9,1.0507958501456591,1.030286933841337,2.0799856276644326,1.0,0.3978978482185339,-0.19721577151352535,0.35456220162968427
corn_moisture,mp5_rep1,mp5_rep1,R-U-D,0.1,1,1,0.00036716461181640625,20,0.85,0.9666579229484006,0.9477911693026648,1.6133418754163358,1.0,0.3978978482185339,-0.19721577151352535,0.35456220162968427
corn_moisture,mp5_rep1,mp5_rep1,R-U-D,0.2,1,1,0.00038909912109375,20,0.75,0.8144822390506953,0.7985855755173041,1.2987335019379462,1.0,0.3978978482185339,-0.19721577151352535,0.35456220162968427
corn_moisture,mp5_rep1,mp5_rep1,G-U-A,0.05,1,1,0.00010442733764648438,20,0.9,1.2429921507250477,1.2429921507250477,2.208262476971367,1.0,0.3978978482185339,-0.19721577151352535,0.35456220162968427
corn_moisture,mp5_rep1,mp5_rep1,G-U-A,0.1,1,1,4.363059997558594e-05,20,0.9,1.0863642140997847,1.0863642140997847,1.7256273138482072,1.0,0.3978978482185339,-0.19721577151352535,0.35456220162968427
corn_moisture,mp5_rep1,mp5_rep1,G-U-A,0.2,1,1,4.649162292480469e-05,20,0.8,0.8216313218741256,0.8216313218741256,1.3955176901496884,1.0,0.3978978482185339,-0.19721577151352535,0.35456220162968427
corn_moisture,mp5_rep1,mp5_rep1,G-W-A,0.05,1,1,0.00010633468627929688,20,0.9,1.2429921507250477,1.2429921507250477,2.208262476971367,1.0,0.3978978482185339,-0.19721577151352535,0.35456220162968427
corn_moisture,mp5_rep1,mp5_rep1,G-W-A,0.1,1,1,8.344650268554688e-05,20,0.9,1.0863642140997847,1.0863642140997847,1.7256273138482072,1.0,0.3978978482185339,-0.19721577151352535,0.35456220162968427
corn_moisture,mp5_rep1,mp5_rep1,G-W-A,0.2,1,1,7.128715515136719e-05,20,0.8,0.8216313218741256,0.8216313218741256,1.3955176901496884,1.0,0.3978978482185339,-0.19721577151352535,0.35456220162968427
corn_moisture,mp5_rep1,mp5_rep1,G-U-D,0.05,1,1,0.004034519195556641,20,0.45,0.5786611881760774,0.5515394637164874,4.6868509843994985,1.0,0.3978978482185339,-0.19721577151352535,0.35456220162968427
corn_moisture,mp5_rep1,mp5_rep1,G-U-D,0.1,1,1,0.0007393360137939453,20,0.45,0.5053947707710049,0.48170702741400895,2.9462040663270788,1.0,0.3978978482185339,-0.19721577151352535,0.35456220162968427
corn_moisture,mp5_rep1,mp5_rep1,G-U-D,0.2,1,1,0.0008628368377685547,20,0.35,0.41435120382727836,0.3949306527183918,1.907367404063514,1.0,0.3978978482185339,-0.19721577151352535,0.35456220162968427
corn_moisture,mp5_rep1,mp5_rep1,GC-D,0.05,1,1,0.0007791519165039062,20,0.45,0.5786611881760774,0.5515394637164874,4.6868509843994985,1.0,0.3978978482185339,-0.19721577151352535,0.35456220162968427
corn_moisture,mp5_rep1,mp5_rep1,GC-D,0.1,1,1,0.0005488395690917969,20,0.45,0.5053947707710049,0.48170702741400895,2.9462040663270788,1.0,0.3978978482185339,-0.19721577151352535,0.35456220162968427
corn_moisture,mp5_rep1,mp5_rep1,GC-D,0.2,1,1,0.0005156993865966797,20,0.35,0.41435120382727836,0.3949306527183918,1.907367404063514,1.0,0.3978978482185339,-0.19721577151352535,0.35456220162968427
corn_moisture,mp5_rep1,mp5_rep1,GC-D+,0.05,1,1,0.0005052089691162109,20,1.0,inf,inf,inf,0.0,0.3978978482185339,-0.19721577151352535,0.35456220162968427
corn_moisture,mp5_rep1,mp5_rep1,GC-D+,0.1,1,1,0.0004837512969970703,20,1.0,inf,inf,inf,0.0,0.3978978482185339,-0.19721577151352535,0.35456220162968427
corn_moisture,mp5_rep1,mp5_rep1,GC-D+,0.2,1,1,0.00042319297790527344,20,1.0,inf,inf,inf,0.0,0.3978978482185339,-0.19721577151352535,0.35456220162968427
corn_moisture,mp5_rep1,mp5_rep1,HJ+,0.05,1,1,0.0018088817596435547,20,1.0,inf,inf,inf,0.0,0.3978978482185339,-0.19721577151352535,0.35456220162968427
corn_moisture,mp5_rep1,mp5_rep1,HJ+,0.1,1,1,0.0005266666412353516,20,1.0,inf,inf,inf,0.0,0.3978978482185339,-0.19721577151352535,0.35456220162968427
corn_moisture,mp5_rep1,mp5_rep1,HJ+,0.2,1,1,0.00038313865661621094,20,1.0,inf,inf,inf,0.0,0.3978978482185339,-0.19721577151352535,0.35456220162968427
corn_moisture,mp5_rep1,mp5_rep1,HJ+-D,0.05,1,1,0.0023403167724609375,20,1.0,inf,inf,inf,0.0,0.3978978482185339,-0.19721577151352535,0.35456220162968427
corn_moisture,mp5_rep1,mp5_rep1,HJ+-D,0.1,1,1,0.002150297164916992,20,1.0,inf,inf,inf,0.0,0.3978978482185339,-0.19721577151352535,0.35456220162968427
corn_moisture,mp5_rep1,mp5_rep1,HJ+-D,0.2,1,1,0.002106904983520508,20,1.0,inf,inf,inf,0.0,0.3978978482185339,-0.19721577151352535,0.35456220162968427
corn_moisture,mp5_rep1,mp5_rep1,HCP-D,0.05,1,1,0.00030732154846191406,20,1.0,inf,inf,inf,0.0,0.3978978482185339,-0.19721577151352535,0.35456220162968427
corn_moisture,mp5_rep1,mp5_rep1,HCP-D,0.1,1,1,0.0001652240753173828,20,1.0,inf,inf,inf,0.0,0.3978978482185339,-0.19721577151352535,0.35456220162968427
corn_moisture,mp5_rep1,mp5_rep1,HCP-D,0.2,1,1,0.00014472007751464844,20,1.0,inf,inf,inf,0.0,0.3978978482185339,-0.19721577151352535,0.35456220162968427
corn_moisture,mp5_rep1,mp5_rep1,HCP-A,0.05,1,1,0.0001819133758544922,20,1.0,inf,inf,inf,0.0,0.3978978482185339,-0.19721577151352535,0.35456220162968427
corn_moisture,mp5_rep1,mp5_rep1,HCP-A,0.1,1,1,0.0001518726348876953,20,1.0,inf,inf,inf,0.0,0.3978978482185339,-0.19721577151352535,0.35456220162968427
corn_moisture,mp5_rep1,mp5_rep1,HCP-A,0.2,1,1,0.00013375282287597656,20,1.0,inf,inf,inf,0.0,0.3978978482185339,-0.19721577151352535,0.35456220162968427
corn_moisture,mp5_rep1,mp5_rep1,ORACLE,0.05,1,1,0.0001087188720703125,20,1.0,inf,inf,inf,0.0,0.3978978482185339,-0.19721577151352535,0.35456220162968427
corn_moisture,mp5_rep1,mp5_rep1,ORACLE,0.1,1,1,9.799003601074219e-05,20,0.9,1.5538261946674776,1.5538261946674776,2.206824993981224,1.0,0.3978978482185339,-0.19721577151352535,0.35456220162968427
corn_moisture,mp5_rep1,mp5_rep1,ORACLE,0.2,1,1,0.00011777877807617188,20,0.9,1.2372091856318992,1.2372091856318992,1.5709290333720638,1.0,0.3978978482185339,-0.19721577151352535,0.35456220162968427
corn_moisture,mp5_rep2,mp5_rep2,ASTM-R,0.05,1,1,0.013844966888427734,20,0.9,1.327496587062915,1.3256033069574826,2.2258213330182004,1.0,0.34478155287697443,-0.06318039512342218,0.347748482725974
corn_moisture,mp5_rep2,mp5_rep2,ASTM-R,0.1,1,1,0.00015735626220703125,20,0.9,1.1113704861569222,1.1097854458248335,1.7764649192736255,1.0,0.34478155287697443,-0.06318039512342218,0.347748482725974
corn_moisture,mp5_rep2,mp5_rep2,ASTM-R,0.2,1,1,9.72747802734375e-05,20,0.9,0.8639387949897456,0.8627066425693126,1.3200907834693294,1.0,0.34478155287697443,-0.06318039512342218,0.347748482725974
corn_moisture,mp5_rep2,mp5_rep2,ASTM-G,0.05,1,1,0.00010514259338378906,20,0.9,1.3325658947772603,1.3306653848080856,2.220761127881956,1.0,0.34478155287697443,-0.06318039512342218,0.347748482725974
corn_moisture,mp5_rep2,mp5_rep2,ASTM-G,0.1,1,1,9.989738464355469e-05,20,0.9,1.1156144736999987,1.1140233805785762,1.776468729579713,1.0,0.34478155287697443,-0.06318039512342218,0.347748482725974
corn_moisture,mp5_rep2,mp5_rep2,ASTM-G,0.2,1,1,9.5367431640625e-05,20,0.9,0.8672379157866237,0.8660010581489939,1.3217418248641106,1.0,0.34478155287697443,-0.06318039512342218,0.347748482725974
corn_moisture,mp5_rep2,mp5_rep2,GPR,0.05,1,1,0.02762317657470703,20,0.9,1.2569538172107033,1.254350216806742,2.2813141370219046,1.0,0.34478155287697443,-0.06318039512342218,0.347748482725974
corn_moisture,mp5_rep2,mp5_rep2,GPR,0.1,1,1,0.00013637542724609375,20,0.9,1.054868896294901,1.0526838859572774,1.7689965511823071,1.0,0.34478155287697443,-0.06318039512342218,0.347748482725974
corn_moisture,mp5_rep2,mp5_rep2,GPR,0.2,1,1,8.58306884765625e-05,20,0.9,0.8218779247832242,0.8201755219839537,1.2953580163324638,1.0,0.34478155287697443,-0.06318039512342218,0.347748482725974
corn_moisture,mp5_rep2,mp5_rep2,BAG,0.05,1,1,0.018871545791625977,20,0.9,1.3041044176375198,1.3001903380305784,2.246219503997194,1.0,0.34478155287697443,-0.06318039512342218,0.347748482725974
corn_moisture,mp5_rep2,mp5_rep2,BAG,0.1,1,1,8.869171142578125e-05,20,0.9,1.0944389275489133,1.0911541283952353,1.774858933979053,1.0,0.34478155287697443,-0.06318039512342218,0.347748482725974
corn_moisture,mp5_rep2,mp5_rep2,BAG,0.2,1,1,7.462501525878906e-05,20,0.9,0.852708045270124,0.8501487661774938,1.3136088043558138,1.0,0.34478155287697443,-0.06318039512342218,0.347748482725974
corn_moisture,mp5_rep2,mp5_rep2,QGB,0.05,1,1,0.030350923538208008,20,0.9,0.8311545984436014,0.8288278630331574,2.7984024577670548,1.0,0.34478155287697443,-0.06318039512342218,0.347748482725974
corn_moisture,mp5_rep2,mp5_rep2,QGB,0.1,1,1,0.026248455047607422,20,0.9,0.7324040833911679,0.7090132237936126,1.817054521491037,1.0,0.34478155287697443,-0.06318039512342218,0.347748482725974
corn_moisture,mp5_rep2,mp5_rep2,QGB,0.2,1,1,0.026793479919433594,20,0.85,0.620647396234999,0.6274986647330758,1.2197131680446323,1.0,0.34478155287697443,-0.06318039512342218,0.347748482725974
corn_moisture,mp5_rep2,mp5_rep2,SCP,0.05,1,1,2.8848648071289062e-05,20,0.95,1.88378632430246,1.8837863243024593,1.9177575204137305,1.0,0.34478155287697443,-0.06318039512342218,0.347748482725974
corn_moisture,mp5_rep2,mp5_rep2,SCP,0.1,1,1,1.0251998901367188e-05,20,0.9,1.363948915329079,1.363948915329079,1.8018185773111028,1.0,0.34478155287697443,-0.06318039512342218,0.347748482725974
corn_moisture,mp5_rep2,mp5_rep2,SCP,0.2,1,1,9.5367431640625e-06,20,0.9,1.1451259481499676,1.1451259481499676,1.4734722627305352,1.0,0.34478155287697443,-0.06318039512342218,0.347748482725974
corn_moisture,mp5_rep2,mp5_rep2,NCP-kNN,0.05,1,1,0.005040168762207031,20,1.0,2.1175843317821155,2.123886124004869,2.1175843317821155,1.0,0.34478155287697443,-0.06318039512342218,0.347748482725974
corn_moisture,mp5_rep2,mp5_rep2,NCP-kNN,0.1,1,1,1.9073486328125e-05,20,0.9,1.5662417579510906,1.570902790799261,1.7854882498012088,1.0,0.34478155287697443,-0.06318039512342218,0.347748482725974
corn_moisture,mp5_rep2,mp5_rep2,NCP-kNN,0.2,1,1,1.2636184692382812e-05,20,0.9,1.0617282310175569,1.0648878646663729,1.4262383807073828,1.0,0.34478155287697443,-0.06318039512342218,0.347748482725974
corn_moisture,mp5_rep2,mp5_rep2,CV+,0.05,1,1,0.005209445953369141,20,0.9,1.2151618682161065,1.21770401302944,2.364292437894302,1.0,0.34478155287697443,-0.06318039512342218,0.347748482725974
corn_moisture,mp5_rep2,mp5_rep2,CV+,0.1,1,1,0.0044710636138916016,20,0.9,1.0257464144746973,1.030335359205699,1.768410956932008,1.0,0.34478155287697443,-0.06318039512342218,0.347748482725974
corn_moisture,mp5_rep2,mp5_rep2,CV+,0.2,1,1,0.004436492919921875,20,0.9,0.8673651553906234,0.8688585856458158,1.3282995675463072,1.0,0.34478155287697443,-0.06318039512342218,0.347748482725974
corn_moisture,mp5_rep2,mp5_rep2,CQR,0.05,1,1,2.4557113647460938e-05,20,1.0,1.9066809259572906,1.9043541905468464,1.9066809259572906,1.0,0.34478155287697443,-0.06318039512342218,0.347748482725974
corn_moisture,mp5_rep2,mp5_rep2,CQR,0.1,1,1,1.2874603271484375e-05,20,0.9,1.4023648669119677,1.3789740073144126,1.817054521491037,1.0,0.34478155287697443,-0.06318039512342218,0.347748482725974
corn_moisture,mp5_rep2,mp5_rep2,CQR,0.2,1,1,1.1205673217773438e-05,20,0.9,1.0489390738183908,1.0557903423164676,1.4276991376938573,1.0,0.34478155287697443,-0.06318039512342218,0.347748482725974
corn_moisture,mp5_rep2,mp5_rep2,WCP,0.05,1,1,0.00263214111328125,20,1.0,inf,1.8837863243024593,inf,0.55,0.34478155287697443,-0.06318039512342218,0.347748482725974
corn_moisture,mp5_rep2,mp5_rep2,WCP,0.1,1,1,0.00015020370483398438,20,0.95,1.6075262632363945,1.731952774354209,1.6245118612920297,1.0,0.34478155287697443,-0.06318039512342218,0.347748482725974
corn_moisture,mp5_rep2,mp5_rep2,WCP,0.2,1,1,8.058547973632812e-05,20,0.9,1.1969118720119152,1.2079625487952583,1.4938398862698374,1.0,0.34478155287697443,-0.06318039512342218,0.347748482725974
corn_moisture,mp5_rep2,mp5_rep2,R-U-A,0.05,1,1,4.9114227294921875e-05,20,0.9,1.1916272062168538,1.1916272062168538,2.3593070271668104,1.0,0.34478155287697443,-0.06318039512342218,0.347748482725974
corn_moisture,mp5_rep2,mp5_rep2,R-U-A,0.1,1,1,3.600120544433594e-05,20,0.9,1.0279881885478446,1.0279881885478446,1.775467116691832,1.0,0.34478155287697443,-0.06318039512342218,0.347748482725974
corn_moisture,mp5_rep2,mp5_rep2,R-U-A,0.2,1,1,5.53131103515625e-05,20,0.9,0.8318509179981319,0.8318509179981319,1.303659017344982,1.0,0.34478155287697443,-0.06318039512342218,0.347748482725974
corn_moisture,mp5_rep2,mp5_rep2,R-U-D,0.05,1,1,0.002741575241088867,20,0.95,1.185470252673689,1.0749991395655414,1.6381239368125804,1.0,0.34478155287697443,-0.06318039512342218,0.347748482725974
corn_moisture,mp5_rep2,mp5_rep2,R-U-D,0.1,1,1,0.0004143714904785156,20,0.85,1.0779411348915828,0.9774904008744638,1.4053417257887282,1.0,0.34478155287697443,-0.06318039512342218,0.347748482725974
corn_moisture,mp5_rep2,mp5_rep2,R-U-D,0.2,1,1,0.0003495216369628906,20,0.8,0.8740858366562785,0.7926318861166504,1.2354375154169466,1.0,0.34478155287697443,-0.06318039512342218,0.347748482725974
corn_moisture,mp5_rep2,mp5_rep2,G-U-A,0.05,1,1,4.2438507080078125e-05,20,0.9,1.1968162783554632,1.1968162783554632,2.354117955028201,1.0,0.34478155287697443,-0.06318039512342218,0.347748482725974
corn_moisture,mp5_rep2,mp5_rep2,G-U-A,0.1,1,1,3.4332275390625e-05,20,0.9,1.004091817678777,1.004091817678777,1.775467116691832,1.0,0.34478155287697443,-0.06318039512342218,0.347748482725974
corn_moisture,mp5_rep2,mp5_rep2,G-U-A,0.2,1,1,3.314018249511719e-05,20,0.9,0.8627143187356268,0.8627143187356268,1.3190907177137294,1.0,0.34478155287697443,-0.06318039512342218,0.347748482725974
corn_moisture,mp5_rep2,mp5_rep2,G-W-A,0.05,1,1,9.942054748535156e-05,20,0.9,1.1968162783554632,1.1968162783554632,2.354117955028201,1.0,0.34478155287697443,-0.06318039512342218,0.347748482725974
corn_moisture,mp5_rep2,mp5_rep2,G-W-A,0.1,1,1,7.2479248046875e-05,20,0.9,1.004091817678777,1.004091817678777,1.775467116691832,1.0,0.34478155287697443,-0.06318039512342218,0.347748482725974
corn_moisture,mp5_rep2,mp5_rep2,G-W-A,0.2,1,1,7.176399230957031e-05,20,0.9,0.8627143187356268,0.8627143187356268,1.3190907177137294,1.0,0.34478155287697443,-0.06318039512342218,0.347748482725974
corn_moisture,mp5_rep2,mp5_rep2,G-U-D,0.05,1,1,0.0031807422637939453,20,0.7,0.533254827735657,0.44215084648914704,3.3694508945923047,1.0,0.34478155287697443,-0.06318039512342218,0.347748482725974
corn_moisture,mp5_rep2,mp5_rep2,G-U-D,0.1,1,1,0.0003864765167236328,20,0.6,0.4622525190776347,0.3832789352696384,2.120609907711679,1.0,0.34478155287697443,-0.06318039512342218,0.347748482725974
corn_moisture,mp5_rep2,mp5_rep2,G-U-D,0.2,1,1,0.00038695335388183594,20,0.5,0.37240893314165024,0.3087846869158142,1.3985250733133094,1.0,0.34478155287697443,-0.06318039512342218,0.347748482725974
corn_moisture,mp5_rep2,mp5_rep2,GC-D,0.05,1,1,0.00039696693420410156,20,0.7,0.533254827735657,0.44215084648914704,3.3694508945923047,1.0,0.34478155287697443,-0.06318039512342218,0.347748482725974
corn_moisture,mp5_rep2,mp5_rep2,GC-D,0.1,1,1,0.00040459632873535156,20,0.6,0.4622525190776347,0.3832789352696384,2.120609907711679,1.0,0.34478155287697443,-0.06318039512342218,0.347748482725974
corn_moisture,mp5_rep2,mp5_rep2,GC-D,0.2,1,1,0.0003781318664550781,20,0.5,0.37240893314165024,0.3087846869158142,1.3985250733133094,1.0,0.34478155287697443,-0.06318039512342218,0.347748482725974
corn_moisture,mp5_rep2,mp5_rep2,GC-D+,0.05,1,1,0.0004818439483642578,20,1.0,inf,inf,inf,0.0,0.34478155287697443,-0.06318039512342218,0.347748482725974
corn_moisture,mp5_rep2,mp5_rep2,GC-D+,0.1,1,1,0.0003955364227294922,20,1.0,inf,inf,inf,0.0,0.34478155287697443,-0.06318039512342218,0.347748482725974
corn_moisture,mp5_rep2,mp5_rep2,GC-D+,0.2,1,1,0.00037860870361328125,20,1.0,inf,inf,inf,0.0,0.34478155287697443,-0.06318039512342218,0.347748482725974
corn_moisture,mp5_rep2,mp5_rep2,HJ+,0.05,1,1,0.0016405582427978516,20,1.0,inf,inf,inf,0.0,0.34478155287697443,-0.06318039512342218,0.347748482725974
corn_moisture,mp5_rep2,mp5_rep2,HJ+,0.1,1,1,0.0003592967987060547,20,1.0,inf,inf,inf,0.0,0.34478155287697443,-0.06318039512342218,0.347748482725974
corn_moisture,mp5_rep2,mp5_rep2,HJ+,0.2,1,1,0.00036716461181640625,20,1.0,inf,inf,inf,0.0,0.34478155287697443,-0.06318039512342218,0.347748482725974
corn_moisture,mp5_rep2,mp5_rep2,HJ+-D,0.05,1,1,0.0021779537200927734,20,1.0,inf,inf,inf,0.0,0.34478155287697443,-0.06318039512342218,0.347748482725974
corn_moisture,mp5_rep2,mp5_rep2,HJ+-D,0.1,1,1,0.002097606658935547,20,1.0,inf,inf,inf,0.0,0.34478155287697443,-0.06318039512342218,0.347748482725974
corn_moisture,mp5_rep2,mp5_rep2,HJ+-D,0.2,1,1,0.0020225048065185547,20,1.0,inf,inf,inf,0.0,0.34478155287697443,-0.06318039512342218,0.347748482725974
corn_moisture,mp5_rep2,mp5_rep2,HCP-D,0.05,1,1,0.00028967857360839844,20,1.0,inf,inf,inf,0.0,0.34478155287697443,-0.06318039512342218,0.347748482725974
corn_moisture,mp5_rep2,mp5_rep2,HCP-D,0.1,1,1,0.0001518726348876953,20,1.0,inf,inf,inf,0.0,0.34478155287697443,-0.06318039512342218,0.347748482725974
corn_moisture,mp5_rep2,mp5_rep2,HCP-D,0.2,1,1,0.0001373291015625,20,1.0,inf,inf,inf,0.0,0.34478155287697443,-0.06318039512342218,0.347748482725974
corn_moisture,mp5_rep2,mp5_rep2,HCP-A,0.05,1,1,0.00013566017150878906,20,1.0,inf,inf,inf,0.0,0.34478155287697443,-0.06318039512342218,0.347748482725974
corn_moisture,mp5_rep2,mp5_rep2,HCP-A,0.1,1,1,0.0001366138458251953,20,1.0,inf,inf,inf,0.0,0.34478155287697443,-0.06318039512342218,0.347748482725974
corn_moisture,mp5_rep2,mp5_rep2,HCP-A,0.2,1,1,0.00013875961303710938,20,1.0,inf,inf,inf,0.0,0.34478155287697443,-0.06318039512342218,0.347748482725974
corn_moisture,mp5_rep2,mp5_rep2,ORACLE,0.05,1,1,0.00010704994201660156,20,1.0,inf,inf,inf,0.0,0.34478155287697443,-0.06318039512342218,0.347748482725974
corn_moisture,mp5_rep2,mp5_rep2,ORACLE,0.1,1,1,9.870529174804688e-05,20,0.95,1.775467116691832,1.775467116691832,1.9775462613097368,1.0,0.34478155287697443,-0.06318039512342218,0.347748482725974
corn_moisture,mp5_rep2,mp5_rep2,ORACLE,0.2,1,1,0.00012135505676269531,20,0.8,0.7596290135514394,0.7596290135514394,1.3209300051502257,1.0,0.34478155287697443,-0.06318039512342218,0.347748482725974
corn_moisture,mp5_rep3,mp5_rep3,ASTM-R,0.05,1,1,0.01398468017578125,20,0.95,1.3171150722895937,1.3126386570533697,2.1063517036933397,1.0,0.35506908056910547,-0.14193652487268701,0.33392100371078154
corn_moisture,mp5_rep3,mp5_rep3,ASTM-R,0.1,1,1,0.00012183189392089844,20,0.85,1.1026791575063541,1.0989315352331186,1.67553445547797,1.0,0.35506908056910547,-0.14193652487268701,0.33392100371078154
corn_moisture,mp5_rep3,mp5_rep3,ASTM-R,0.2,1,1,0.00013399124145507812,20,0.85,0.857182473767651,0.8542692091892352,1.3298723595372082,1.0,0.35506908056910547,-0.14193652487268701,0.33392100371078154
corn_moisture,mp5_rep3,mp5_rep3,ASTM-G,0.05,1,1,0.00010991096496582031,20,0.95,1.3224326484805866,1.3179381606555793,2.1063506673449277,1.0,0.35506908056910547,-0.14193652487268701,0.33392100371078154
corn_moisture,mp5_rep3,mp5_rep3,ASTM-G,0.1,1,1,8.988380432128906e-05,20,0.85,1.107130993612115,1.1033682410990142,1.6732309339289912,1.0,0.35506908056910547,-0.14193652487268701,0.33392100371078154
corn_moisture,mp5_rep3,mp5_rep3,ASTM-G,0.2,1,1,9.131431579589844e-05,20,0.85,0.8606431684402283,0.8577181421663571,1.330707370144636,1.0,0.35506908056910547,-0.14193652487268701,0.33392100371078154
corn_moisture,mp5_rep3,mp5_rep3,GPR,0.05,1,1,0.028841257095336914,20,0.95,1.2775274838511037,1.2669827120842179,2.1089434950723898,1.0,0.35506908056910547,-0.14193652487268701,0.33392100371078154
corn_moisture,mp5_rep3,mp5_rep3,GPR,0.1,1,1,9.775161743164062e-05,20,0.9,1.0721348616187962,1.0632854101885894,1.6887557716153467,1.0,0.35506908056910547,-0.14193652487268701,0.33392100371078154
corn_moisture,mp5_rep3,mp5_rep3,GPR,0.2,1,1,8.797645568847656e-05,20,0.85,0.8353303223272455,0.8284354666703262,1.2664832259961132,1.0,0.35506908056910547,-0.14193652487268701,0.33392100371078154
corn_moisture,mp5_rep3,mp5_rep3,BAG,0.05,1,1,0.019811153411865234,20,0.95,1.327341937463456,1.3184019838174166,2.1604083462642487,1.0,0.35506908056910547,-0.14193652487268701,0.33392100371078154
corn_moisture,mp5_rep3,mp5_rep3,BAG,0.1,1,1,9.059906005859375e-05,20,0.85,1.1139404689387251,1.106437823331225,1.7947898650030818,1.0,0.35506908056910547,-0.14193652487268701,0.33392100371078154
corn_moisture,mp5_rep3,mp5_rep3,BAG,0.2,1,1,7.843971252441406e-05,20,0.8,0.8679022427896719,0.8620567212998136,1.4008871441812651,1.0,0.35506908056910547,-0.14193652487268701,0.33392100371078154
corn_moisture,mp5_rep3,mp5_rep3,QGB,0.05,1,1,0.029900312423706055,20,0.65,0.8272172673790468,0.8707946160646136,3.828937061331252,1.0,0.35506908056910547,-0.14193652487268701,0.33392100371078154
corn_moisture,mp5_rep3,mp5_rep3,QGB,0.1,1,1,0.02668023109436035,20,0.65,0.6586262543932213,0.6993958186707863,2.6314476071597444,1.0,0.35506908056910547,-0.14193652487268701,0.33392100371078154
corn_moisture,mp5_rep3,mp5_rep3,QGB,0.2,1,1,0.026157379150390625,20,0.55,0.5197774734981182,0.5318451722685218,1.4787122728364783,1.0,0.35506908056910547,-0.14193652487268701,0.33392100371078154
corn_moisture,mp5_rep3,mp5_rep3,SCP,0.05,1,1,2.7179718017578125e-05,20,0.95,1.7674720489346,1.7674720489346,2.0729009039648467,1.0,0.35506908056910547,-0.14193652487268701,0.33392100371078154
corn_moisture,mp5_rep3,mp5_rep3,SCP,0.1,1,1,9.5367431640625e-06,20,0.95,1.2513738938792613,1.2513738938792613,1.662137398922054,1.0,0.35506908056910547,-0.14193652487268701,0.33392100371078154
corn_moisture,mp5_rep3,mp5_rep3,SCP,0.2,1,1,8.821487426757812e-06,20,0.85,0.7646496791938446,0.7646496791938446,1.2732052209874647,1.0,0.35506908056910547,-0.14193652487268701,0.33392100371078154
corn_moisture,mp5_rep3,mp5_rep3,NCP-kNN,0.05,1,1,0.0046160221099853516,20,0.95,1.6707917145268876,1.6060648203671146,2.2714374144854537,1.0,0.35506908056910547,-0.14193652487268701,0.33392100371078154
corn_moisture,mp5_rep3,mp5_rep3,NCP-kNN,0.1,1,1,1.621246337890625e-05,20,0.9,1.2410249431308955,1.1929473225362681,1.7580764905599189,1.0,0.35506908056910547,-0.14193652487268701,0.33392100371078154
corn_moisture,mp5_rep3,mp5_rep3,NCP-kNN,0.2,1,1,1.2159347534179688e-05,20,0.7,0.6636899412460139,0.6379784248382965,1.3493527727794183,1.0,0.35506908056910547,-0.14193652487268701,0.33392100371078154
corn_moisture,mp5_rep3,mp5_rep3,CV+,0.05,1,1,0.0050656795501708984,20,0.95,1.286514068676355,1.2773770404610367,2.094872052199233,1.0,0.35506908056910547,-0.14193652487268701,0.33392100371078154
corn_moisture,mp5_rep3,mp5_rep3,CV+,0.1,1,1,0.004364490509033203,20,0.85,1.062363026873403,1.0608644719769513,1.6916629122818407,1.0,0.35506908056910547,-0.14193652487268701,0.33392100371078154
corn_moisture,mp5_rep3,mp5_rep3,CV+,0.2,1,1,0.004376649856567383,20,0.8,0.805583885022705,0.806349534564446,1.3482784358727407,1.0,0.35506908056910547,-0.14193652487268701,0.33392100371078154
corn_moisture,mp5_rep3,mp5_rep3,CQR,0.05,1,1,2.4080276489257812e-05,20,0.9,1.4273263556255056,1.4709037043110724,1.8931820744991998,1.0,0.35506908056910547,-0.14193652487268701,0.33392100371078154
corn_moisture,mp5_rep3,mp5_rep3,CQR,0.1,1,1,1.2159347534179688e-05,20,0.85,1.109303133903117,1.150072698180682,1.7518111586658542,1.0,0.35506908056910547,-0.14193652487268701,0.33392100371078154
corn_moisture,mp5_rep3,mp5_rep3,CQR,0.2,1,1,1.0728836059570312e-05,20,0.9,0.9670035017527298,0.9790712005231335,1.2497536211210112,1.0,0.35506908056910547,-0.14193652487268701,0.33392100371078154
corn_moisture,mp5_rep3,mp5_rep3,WCP,0.05,1,1,0.002651214599609375,20,1.0,inf,inf,inf,0.4,0.35506908056910547,-0.14193652487268701,0.33392100371078154
corn_moisture,mp5_rep3,mp5_rep3,WCP,0.1,1,1,0.0001068115234375,20,0.95,inf,1.6478212267344574,inf,0.6,0.35506908056910547,-0.14193652487268701,0.33392100371078154
corn_moisture,mp5_rep3,mp5_rep3,WCP,0.2,1,1,7.510185241699219e-05,20,0.9,inf,0.7702037645673876,inf,0.85,0.35506908056910547,-0.14193652487268701,0.33392100371078154
corn_moisture,mp5_rep3,mp5_rep3,R-U-A,0.05,1,1,5.1021575927734375e-05,20,0.95,1.270504926346785,1.270504926346785,2.1066083977333108,1.0,0.35506908056910547,-0.14193652487268701,0.33392100371078154
corn_moisture,mp5_rep3,mp5_rep3,R-U-A,0.1,1,1,3.6716461181640625e-05,20,0.85,1.0459321372023211,1.0459321372023211,1.7231296430826095,1.0,0.35506908056910547,-0.14193652487268701,0.33392100371078154
corn_moisture,mp5_rep3,mp5_rep3,R-U-A,0.2,1,1,3.314018249511719e-05,20,0.8,0.7709020286644588,0.7709020286644588,1.3250436450415224,1.0,0.35506908056910547,-0.14193652487268701,0.33392100371078154
corn_moisture,mp5_rep3,mp5_rep3,R-U-D,0.05,1,1,0.003119230270385742,20,0.9,1.078807061155627,1.0215737681558732,1.8972451513184025,1.0,0.35506908056910547,-0.14193652487268701,0.33392100371078154
corn_moisture,mp5_rep3,mp5_rep3,R-U-D,0.1,1,1,0.0003662109375,20,0.8,0.9711396224989143,0.9196183444507238,1.5524798667706468,1.0,0.35506908056910547,-0.14193652487268701,0.33392100371078154
corn_moisture,mp5_rep3,mp5_rep3,R-U-D,0.2,1,1,0.000423431396484375,20,0.7,0.7722010278668462,0.7312339177375602,1.3274606857973592,1.0,0.35506908056910547,-0.14193652487268701,0.33392100371078154
corn_moisture,mp5_rep3,mp5_rep3,G-U-A,0.05,1,1,4.076957702636719e-05,20,0.95,1.3118290404979405,1.3118290404979405,2.1066083977333108,1.0,0.35506908056910547,-0.14193652487268701,0.33392100371078154
corn_moisture,mp5_rep3,mp5_rep3,G-U-A,0.1,1,1,3.5762786865234375e-05,20,0.85,1.0242090634142933,1.0242090634142933,1.7339911799766234,1.0,0.35506908056910547,-0.14193652487268701,0.33392100371078154
corn_moisture,mp5_rep3,mp5_rep3,G-U-A,0.2,1,1,3.218650817871094e-05,20,0.8,0.7771492713951211,0.7771492713951211,1.3250436450415224,1.0,0.35506908056910547,-0.14193652487268701,0.33392100371078154
corn_moisture,mp5_rep3,mp5_rep3,G-W-A,0.05,1,1,0.0001010894775390625,20,0.95,1.3118290404979405,1.3118290404979405,2.1066083977333108,1.0,0.35506908056910547,-0.14193652487268701,0.33392100371078154
corn_moisture,mp5_rep3,mp5_rep3,G-W-A,0.1,1,1,8.535385131835938e-05,20,0.85,1.0242090634142933,1.0242090634142933,1.7339911799766234,1.0,0.35506908056910547,-0.14193652487268701,0.33392100371078154
corn_moisture,mp5_rep3,mp5_rep3,G-W-A,0.2,1,1,7.081031799316406e-05,20,0.8,0.7771492713951211,0.7771492713951211,1.3250436450415224,1.0,0.35506908056910547,-0.14193652487268701,0.33392100371078154
corn_moisture,mp5_rep3,mp5_rep3,G-U-D,0.05,1,1,0.003157377243041992,20,0.65,0.4955339085167655,0.4396000582673718,4.3780131090246925,1.0,0.35506908056910547,-0.14193652487268701,0.33392100371078154
corn_moisture,mp5_rep3,mp5_rep3,G-U-D,0.1,1,1,0.00040721893310546875,20,0.65,0.4311075491070964,0.38244588402485036,2.594879852802288,1.0,0.35506908056910547,-0.14193652487268701,0.33392100371078154
corn_moisture,mp5_rep3,mp5_rep3,G-U-D,0.2,1,1,0.0004177093505859375,20,0.5,0.31950739717330395,0.2834427029113975,1.644669535029805,1.0,0.35506908056910547,-0.14193652487268701,0.33392100371078154
corn_moisture,mp5_rep3,mp5_rep3,GC-D,0.05,1,1,0.00044989585876464844,20,0.65,0.4955339085167655,0.4396000582673718,4.3780131090246925,1.0,0.35506908056910547,-0.14193652487268701,0.33392100371078154
corn_moisture,mp5_rep3,mp5_rep3,GC-D,0.1,1,1,0.0003769397735595703,20,0.65,0.4311075491070964,0.38244588402485036,2.594879852802288,1.0,0.35506908056910547,-0.14193652487268701,0.33392100371078154
corn_moisture,mp5_rep3,mp5_rep3,GC-D,0.2,1,1,0.0004417896270751953,20,0.5,0.31950739717330395,0.2834427029113975,1.644669535029805,1.0,0.35506908056910547,-0.14193652487268701,0.33392100371078154
corn_moisture,mp5_rep3,mp5_rep3,GC-D+,0.05,1,1,0.00038433074951171875,20,1.0,inf,inf,inf,0.0,0.35506908056910547,-0.14193652487268701,0.33392100371078154
corn_moisture,mp5_rep3,mp5_rep3,GC-D+,0.1,1,1,0.0004069805145263672,20,1.0,inf,inf,inf,0.0,0.35506908056910547,-0.14193652487268701,0.33392100371078154
corn_moisture,mp5_rep3,mp5_rep3,GC-D+,0.2,1,1,0.0003821849822998047,20,1.0,inf,inf,inf,0.0,0.35506908056910547,-0.14193652487268701,0.33392100371078154
corn_moisture,mp5_rep3,mp5_rep3,HJ+,0.05,1,1,0.001566171646118164,20,1.0,inf,inf,inf,0.0,0.35506908056910547,-0.14193652487268701,0.33392100371078154
corn_moisture,mp5_rep3,mp5_rep3,HJ+,0.1,1,1,0.0004036426544189453,20,1.0,inf,inf,inf,0.0,0.35506908056910547,-0.14193652487268701,0.33392100371078154
corn_moisture,mp5_rep3,mp5_rep3,HJ+,0.2,1,1,0.0003390312194824219,20,1.0,inf,inf,inf,0.0,0.35506908056910547,-0.14193652487268701,0.33392100371078154
corn_moisture,mp5_rep3,mp5_rep3,HJ+-D,0.05,1,1,0.002190113067626953,20,1.0,inf,inf,inf,0.0,0.35506908056910547,-0.14193652487268701,0.33392100371078154
corn_moisture,mp5_rep3,mp5_rep3,HJ+-D,0.1,1,1,0.00201416015625,20,1.0,inf,inf,inf,0.0,0.35506908056910547,-0.14193652487268701,0.33392100371078154
corn_moisture,mp5_rep3,mp5_rep3,HJ+-D,0.2,1,1,0.002071857452392578,20,1.0,inf,inf,inf,0.0,0.35506908056910547,-0.14193652487268701,0.33392100371078154
corn_moisture,mp5_rep3,mp5_rep3,HCP-D,0.05,1,1,0.0002655982971191406,20,1.0,inf,inf,inf,0.0,0.35506908056910547,-0.14193652487268701,0.33392100371078154
corn_moisture,mp5_rep3,mp5_rep3,HCP-D,0.1,1,1,0.0001647472381591797,20,1.0,inf,inf,inf,0.0,0.35506908056910547,-0.14193652487268701,0.33392100371078154
corn_moisture,mp5_rep3,mp5_rep3,HCP-D,0.2,1,1,0.0001780986785888672,20,1.0,inf,inf,inf,0.0,0.35506908056910547,-0.14193652487268701,0.33392100371078154
corn_moisture,mp5_rep3,mp5_rep3,HCP-A,0.05,1,1,0.00013494491577148438,20,1.0,inf,inf,inf,0.0,0.35506908056910547,-0.14193652487268701,0.33392100371078154
corn_moisture,mp5_rep3,mp5_rep3,HCP-A,0.1,1,1,0.00012874603271484375,20,1.0,inf,inf,inf,0.0,0.35506908056910547,-0.14193652487268701,0.33392100371078154
corn_moisture,mp5_rep3,mp5_rep3,HCP-A,0.2,1,1,0.0001354217529296875,20,1.0,inf,inf,inf,0.0,0.35506908056910547,-0.14193652487268701,0.33392100371078154
corn_moisture,mp5_rep3,mp5_rep3,ORACLE,0.05,1,1,0.00013780593872070312,20,1.0,inf,inf,inf,0.0,0.35506908056910547,-0.14193652487268701,0.33392100371078154
corn_moisture,mp5_rep3,mp5_rep3,ORACLE,0.1,1,1,9.989738464355469e-05,20,0.9,1.6302258534639158,1.6302258534639158,2.1455566013559046,1.0,0.35506908056910547,-0.14193652487268701,0.33392100371078154
corn_moisture,mp5_rep3,mp5_rep3,ORACLE,0.2,1,1,8.893013000488281e-05,20,0.9,1.019861436619129,1.019861436619129,1.4504568867631091,1.0,0.35506908056910547,-0.14193652487268701,0.33392100371078154
corn_moisture,mp5_rep4,mp5_rep4,ASTM-R,0.05,1,1,0.01474308967590332,20,1.0,1.3995643201094663,1.3985371920215393,1.3995643201094663,1.0,0.2955219149013177,-0.1441880772991148,0.26466065770843067
corn_moisture,mp5_rep4,mp5_rep4,ASTM-R,0.1,1,1,0.00020051002502441406,20,0.95,1.1717050680253256,1.1708451638616921,1.2100852341311374,1.0,0.2955219149013177,-0.1441880772991148,0.26466065770843067
corn_moisture,mp5_rep4,mp5_rep4,ASTM-R,0.2,1,1,0.00011348724365234375,20,0.85,0.9108406936858733,0.9101722356188375,1.09083418928268,1.0,0.2955219149013177,-0.1441880772991148,0.26466065770843067
corn_moisture,mp5_rep4,mp5_rep4,ASTM-G,0.05,1,1,0.00011134147644042969,20,1.0,1.4069631453071465,1.4059305872857273,1.4069631453071465,1.0,0.2955219149013177,-0.1441880772991148,0.26466065770843067
corn_moisture,mp5_rep4,mp5_rep4,ASTM-G,0.1,1,1,9.942054748535156e-05,20,0.95,1.1778993106599742,1.1770348605955174,1.2131988434228465,1.0,0.2955219149013177,-0.1441880772991148,0.26466065770843067
corn_moisture,mp5_rep4,mp5_rep4,ASTM-G,0.2,1,1,9.679794311523438e-05,20,0.85,0.9156558715084893,0.9149838796243088,1.0920501341716997,1.0,0.2955219149013177,-0.1441880772991148,0.26466065770843067
corn_moisture,mp5_rep4,mp5_rep4,GPR,0.05,1,1,0.0313265323638916,20,0.9,1.2971729920373827,1.2778821811843883,1.3887618574722866,1.0,0.2955219149013177,-0.1441880772991148,0.26466065770843067
corn_moisture,mp5_rep4,mp5_rep4,GPR,0.1,1,1,0.000102996826171875,20,0.85,1.0886218918134305,1.0724325330044575,1.4175984415511054,1.0,0.2955219149013177,-0.1441880772991148,0.26466065770843067
corn_moisture,mp5_rep4,mp5_rep4,GPR,0.2,1,1,8.797645568847656e-05,20,0.85,0.8481758296787263,0.835562246447461,1.189840293232421,1.0,0.2955219149013177,-0.1441880772991148,0.26466065770843067
corn_moisture,mp5_rep4,mp5_rep4,BAG,0.05,1,1,0.018736839294433594,20,1.0,1.3867179549951265,1.3812839769340268,1.3867179549951265,1.0,0.2955219149013177,-0.1441880772991148,0.26466065770843067
corn_moisture,mp5_rep4,mp5_rep4,BAG,0.1,1,1,0.0001583099365234375,20,0.9,1.163770393652276,1.1592100555067386,1.2195922711180258,1.0,0.2955219149013177,-0.1441880772991148,0.26466065770843067
corn_moisture,mp5_rep4,mp5_rep4,BAG,0.2,1,1,8.392333984375e-05,20,0.85,0.9067261338528404,0.9031730465786509,1.1000284753805691,1.0,0.2955219149013177,-0.1441880772991148,0.26466065770843067
corn_moisture,mp5_rep4,mp5_rep4,QGB,0.05,1,1,0.03040933609008789,20,0.85,0.8787273606489961,0.8763259210265861,2.165451894648464,1.0,0.2955219149013177,-0.1441880772991148,0.26466065770843067
corn_moisture,mp5_rep4,mp5_rep4,QGB,0.1,1,1,0.026118993759155273,20,0.65,0.7161380567717346,0.6645566703323125,1.5577623055650824,1.0,0.2955219149013177,-0.1441880772991148,0.26466065770843067
corn_moisture,mp5_rep4,mp5_rep4,QGB,0.2,1,1,0.026340723037719727,20,0.4,0.5465026962725789,0.535325706965927,1.6097696365156957,1.0,0.2955219149013177,-0.1441880772991148,0.26466065770843067
corn_moisture,mp5_rep4,mp5_rep4,SCP,0.05,1,1,2.86102294921875e-05,20,1.0,1.8376433309667775,1.8376433309667775,1.8376433309667775,1.0,0.2955219149013177,-0.1441880772991148,0.26466065770843067
corn_moisture,mp5_rep4,mp5_rep4,SCP,0.1,1,1,1.0251998901367188e-05,20,0.85,0.9807482645919805,0.9807482645919805,1.19622149370527,1.0,0.2955219149013177,-0.1441880772991148,0.26466065770843067
corn_moisture,mp5_rep4,mp5_rep4,SCP,0.2,1,1,8.821487426757812e-06,20,0.85,0.7396166462734008,0.7396166462734008,1.0282019745689803,1.0,0.2955219149013177,-0.1441880772991148,0.26466065770843067
corn_moisture,mp5_rep4,mp5_rep4,NCP-kNN,0.05,1,1,0.004315614700317383,20,1.0,1.8716074541879604,1.7399538926625144,1.8716074541879604,1.0,0.2955219149013177,-0.1441880772991148,0.26466065770843067
corn_moisture,mp5_rep4,mp5_rep4,NCP-kNN,0.1,1,1,4.6253204345703125e-05,20,0.9,1.0504203643556174,0.9765311619179862,1.2952916633378393,1.0,0.2955219149013177,-0.1441880772991148,0.26466065770843067
corn_moisture,mp5_rep4,mp5_rep4,NCP-kNN,0.2,1,1,1.239776611328125e-05,20,0.85,0.8332287503708654,0.7746173506853928,1.0628909429214333,1.0,0.2955219149013177,-0.1441880772991148,0.26466065770843067
corn_moisture,mp5_rep4,mp5_rep4,CV+,0.05,1,1,0.0051364898681640625,20,1.0,1.6111322452720542,1.6135476761075145,1.6111322452720542,1.0,0.2955219149013177,-0.1441880772991148,0.26466065770843067
corn_moisture,mp5_rep4,mp5_rep4,CV+,0.1,1,1,0.004799842834472656,20,0.95,1.1802651716987538,1.1797148273143216,1.1893285255189636,1.0,0.2955219149013177,-0.1441880772991148,0.26466065770843067
corn_moisture,mp5_rep4,mp5_rep4,CV+,0.2,1,1,0.004406929016113281,20,0.85,0.8254914255982891,0.8233982696285631,1.0608133661603512,1.0,0.2955219149013177,-0.1441880772991148,0.26466065770843067
corn_moisture,mp5_rep4,mp5_rep4,CQR,0.05,1,1,2.3126602172851562e-05,20,1.0,1.9918807882101262,1.9894793485877162,1.9918807882101262,1.0,0.2955219149013177,-0.1441880772991148,0.26466065770843067
corn_moisture,mp5_rep4,mp5_rep4,CQR,0.1,1,1,1.1920928955078125e-05,20,0.9,1.1400121979271929,1.088430811487771,1.409752099945457,1.0,0.2955219149013177,-0.1441880772991148,0.26466065770843067
corn_moisture,mp5_rep4,mp5_rep4,CQR,0.2,1,1,1.0967254638671875e-05,20,0.5,0.6596458931886063,0.6484689038819544,1.3985464727357182,1.0,0.2955219149013177,-0.1441880772991148,0.26466065770843067
corn_moisture,mp5_rep4,mp5_rep4,WCP,0.05,1,1,0.002535104751586914,20,1.0,inf,inf,inf,0.45,0.2955219149013177,-0.1441880772991148,0.26466065770843067
corn_moisture,mp5_rep4,mp5_rep4,WCP,0.1,1,1,0.00010609626770019531,20,0.9,inf,0.9807482645919805,inf,0.75,0.2955219149013177,-0.1441880772991148,0.26466065770843067
corn_moisture,mp5_rep4,mp5_rep4,WCP,0.2,1,1,8.296966552734375e-05,20,0.8,0.6375714740839985,0.5675019731083246,1.0745314464084266,1.0,0.2955219149013177,-0.1441880772991148,0.26466065770843067
corn_moisture,mp5_rep4,mp5_rep4,R-U-A,0.05,1,1,5.078315734863281e-05,20,1.0,1.3608367573535567,1.3608367573535567,1.3608367573535567,1.0,0.2955219149013177,-0.1441880772991148,0.26466065770843067
corn_moisture,mp5_rep4,mp5_rep4,R-U-A,0.1,1,1,3.3855438232421875e-05,20,0.85,1.041458615314724,1.041458615314724,1.2009219637529682,1.0,0.2955219149013177,-0.1441880772991148,0.26466065770843067
corn_moisture,mp5_rep4,mp5_rep4,R-U-A,0.2,1,1,3.528594970703125e-05,20,0.85,0.8025571311103796,0.8025571311103796,1.06146491848276,1.0,0.2955219149013177,-0.1441880772991148,0.26466065770843067
corn_moisture,mp5_rep4,mp5_rep4,R-U-D,0.05,1,1,0.0027887821197509766,20,0.9,1.119738765566535,1.1132355107755192,1.4140461740612236,1.0,0.2955219149013177,-0.1441880772991148,0.26466065770843067
corn_moisture,mp5_rep4,mp5_rep4,R-U-D,0.1,1,1,0.0004138946533203125,20,0.9,1.0228072005903086,1.0168669080577377,1.2608402981946063,1.0,0.2955219149013177,-0.1441880772991148,0.26466065770843067
corn_moisture,mp5_rep4,mp5_rep4,R-U-D,0.2,1,1,0.00038886070251464844,20,0.7,0.7919261018988811,0.7873267280317986,1.086004572666449,1.0,0.2955219149013177,-0.1441880772991148,0.26466065770843067
corn_moisture,mp5_rep4,mp5_rep4,G-U-A,0.05,1,1,4.267692565917969e-05,20,1.0,1.3847947394025475,1.3847947394025475,1.3847947394025475,1.0,0.2955219149013177,-0.1441880772991148,0.26466065770843067
corn_moisture,mp5_rep4,mp5_rep4,G-U-A,0.1,1,1,3.409385681152344e-05,20,0.9,1.0666897163224682,1.0666897163224682,1.196978699416972,1.0,0.2955219149013177,-0.1441880772991148,0.26466065770843067
corn_moisture,mp5_rep4,mp5_rep4,G-U-A,0.2,1,1,3.2901763916015625e-05,20,0.85,0.8344169058005058,0.8344169058005058,1.0694298621552916,1.0,0.2955219149013177,-0.1441880772991148,0.26466065770843067
corn_moisture,mp5_rep4,mp5_rep4,G-W-A,0.05,1,1,9.5367431640625e-05,20,1.0,1.3847947394025475,1.3847947394025475,1.3847947394025475,1.0,0.2955219149013177,-0.1441880772991148,0.26466065770843067
corn_moisture,mp5_rep4,mp5_rep4,G-W-A,0.1,1,1,7.319450378417969e-05,20,0.9,1.0666897163224682,1.0666897163224682,1.196978699416972,1.0,0.2955219149013177,-0.1441880772991148,0.26466065770843067
corn_moisture,mp5_rep4,mp5_rep4,G-W-A,0.2,1,1,7.152557373046875e-05,20,0.85,0.8344169058005058,0.8344169058005058,1.0694298621552916,1.0,0.2955219149013177,-0.1441880772991148,0.26466065770843067
corn_moisture,mp5_rep4,mp5_rep4,G-U-D,0.05,1,1,0.0031239986419677734,20,0.55,0.474171327115778,0.44467204786362124,3.8332761747586916,1.0,0.2955219149013177,-0.1441880772991148,0.26466065770843067
corn_moisture,mp5_rep4,mp5_rep4,G-U-D,0.1,1,1,0.00035452842712402344,20,0.35,0.3743568616409009,0.35106726783800646,2.512221097654036,1.0,0.2955219149013177,-0.1441880772991148,0.26466065770843067
corn_moisture,mp5_rep4,mp5_rep4,G-U-D,0.2,1,1,0.00039005279541015625,20,0.35,0.3167929418585892,0.2970845307367238,1.54194658832697,1.0,0.2955219149013177,-0.1441880772991148,0.26466065770843067
corn_moisture,mp5_rep4,mp5_rep4,GC-D,0.05,1,1,0.00038695335388183594,20,0.55,0.474171327115778,0.44467204786362124,3.8332761747586916,1.0,0.2955219149013177,-0.1441880772991148,0.26466065770843067
corn_moisture,mp5_rep4,mp5_rep4,GC-D,0.1,1,1,0.0004105567932128906,20,0.35,0.3743568616409009,0.35106726783800646,2.512221097654036,1.0,0.2955219149013177,-0.1441880772991148,0.26466065770843067
corn_moisture,mp5_rep4,mp5_rep4,GC-D,0.2,1,1,0.0003905296325683594,20,0.35,0.3167929418585892,0.2970845307367238,1.54194658832697,1.0,0.2955219149013177,-0.1441880772991148,0.26466065770843067
corn_moisture,mp5_rep4,mp5_rep4,GC-D+,0.05,1,1,0.0004172325134277344,20,1.0,inf,inf,inf,0.0,0.2955219149013177,-0.1441880772991148,0.26466065770843067
corn_moisture,mp5_rep4,mp5_rep4,GC-D+,0.1,1,1,0.00038051605224609375,20,1.0,inf,inf,inf,0.0,0.2955219149013177,-0.1441880772991148,0.26466065770843067
corn_moisture,mp5_rep4,mp5_rep4,GC-D+,0.2,1,1,0.0004315376281738281,20,1.0,inf,inf,inf,0.0,0.2955219149013177,-0.1441880772991148,0.26466065770843067
corn_moisture,mp5_rep4,mp5_rep4,HJ+,0.05,1,1,0.0016024112701416016,20,1.0,inf,inf,inf,0.0,0.2955219149013177,-0.1441880772991148,0.26466065770843067
corn_moisture,mp5_rep4,mp5_rep4,HJ+,0.1,1,1,0.00036072731018066406,20,1.0,inf,inf,inf,0.0,0.2955219149013177,-0.1441880772991148,0.26466065770843067
corn_moisture,mp5_rep4,mp5_rep4,HJ+,0.2,1,1,0.0003681182861328125,20,1.0,inf,inf,inf,0.0,0.2955219149013177,-0.1441880772991148,0.26466065770843067
corn_moisture,mp5_rep4,mp5_rep4,HJ+-D,0.05,1,1,0.0022025108337402344,20,1.0,inf,inf,inf,0.0,0.2955219149013177,-0.1441880772991148,0.26466065770843067
corn_moisture,mp5_rep4,mp5_rep4,HJ+-D,0.1,1,1,0.0020627975463867188,20,1.0,inf,inf,inf,0.0,0.2955219149013177,-0.1441880772991148,0.26466065770843067
corn_moisture,mp5_rep4,mp5_rep4,HJ+-D,0.2,1,1,0.002158641815185547,20,1.0,inf,inf,inf,0.0,0.2955219149013177,-0.1441880772991148,0.26466065770843067
corn_moisture,mp5_rep4,mp5_rep4,HCP-D,0.05,1,1,0.0002636909484863281,20,1.0,inf,inf,inf,0.0,0.2955219149013177,-0.1441880772991148,0.26466065770843067
corn_moisture,mp5_rep4,mp5_rep4,HCP-D,0.1,1,1,0.00015211105346679688,20,1.0,inf,inf,inf,0.0,0.2955219149013177,-0.1441880772991148,0.26466065770843067
corn_moisture,mp5_rep4,mp5_rep4,HCP-D,0.2,1,1,0.00014019012451171875,20,1.0,inf,inf,inf,0.0,0.2955219149013177,-0.1441880772991148,0.26466065770843067
corn_moisture,mp5_rep4,mp5_rep4,HCP-A,0.05,1,1,0.00016236305236816406,20,1.0,inf,inf,inf,0.0,0.2955219149013177,-0.1441880772991148,0.26466065770843067
corn_moisture,mp5_rep4,mp5_rep4,HCP-A,0.1,1,1,0.00013136863708496094,20,1.0,inf,inf,inf,0.0,0.2955219149013177,-0.1441880772991148,0.26466065770843067
corn_moisture,mp5_rep4,mp5_rep4,HCP-A,0.2,1,1,0.00019216537475585938,20,1.0,inf,inf,inf,0.0,0.2955219149013177,-0.1441880772991148,0.26466065770843067
corn_moisture,mp5_rep4,mp5_rep4,ORACLE,0.05,1,1,0.00012350082397460938,20,1.0,inf,inf,inf,0.0,0.2955219149013177,-0.1441880772991148,0.26466065770843067
corn_moisture,mp5_rep4,mp5_rep4,ORACLE,0.1,1,1,9.107589721679688e-05,20,0.9,1.1457864012041714,1.1457864012041714,1.2934199566344269,1.0,0.2955219149013177,-0.1441880772991148,0.26466065770843067
corn_moisture,mp5_rep4,mp5_rep4,ORACLE,0.2,1,1,8.702278137207031e-05,20,0.85,0.8743262616005101,0.8743262616005101,1.1975792054609817,1.0,0.2955219149013177,-0.1441880772991148,0.26466065770843067
corn_moisture,mp5_rep5,mp5_rep5,ASTM-R,0.05,1,1,0.0142364501953125,20,1.0,1.3688385196078383,1.362214946363645,1.3688385196078383,1.0,0.31819194947625523,-0.151928318592089,0.28684105762284096
corn_moisture,mp5_rep5,mp5_rep5,ASTM-R,0.1,1,1,0.00012135505676269531,20,0.95,1.1459816513522876,1.1404364440137265,1.196446879454128,1.0,0.31819194947625523,-0.151928318592089,0.28684105762284096
corn_moisture,mp5_rep5,mp5_rep5,ASTM-R,0.2,1,1,9.608268737792969e-05,20,0.8,0.890844249763405,0.886533608257519,1.084940999995303,1.0,0.31819194947625523,-0.151928318592089,0.28684105762284096
corn_moisture,mp5_rep5,mp5_rep5,ASTM-G,0.05,1,1,0.00010848045349121094,20,1.0,1.3753916286460037,1.3687363460386752,1.3753916286460037,1.0,0.31819194947625523,-0.151928318592089,0.28684105762284096
corn_moisture,mp5_rep5,mp5_rep5,ASTM-G,0.1,1,1,0.00010943412780761719,20,0.95,1.1514678665701354,1.1458961123834204,1.199196607611237,1.0,0.31819194947625523,-0.151928318592089,0.28684105762284096
corn_moisture,mp5_rep5,mp5_rep5,ASTM-G,0.2,1,1,0.00012350082397460938,20,0.8,0.8951090329508296,0.8907777548954847,1.0849175336519086,1.0,0.31819194947625523,-0.151928318592089,0.28684105762284096
corn_moisture,mp5_rep5,mp5_rep5,GPR,0.05,1,1,0.026967525482177734,20,0.95,1.2769591151097162,1.2347667662424833,1.283714165359343,1.0,0.31819194947625523,-0.151928318592089,0.28684105762284096
corn_moisture,mp5_rep5,mp5_rep5,GPR,0.1,1,1,9.989738464355469e-05,20,0.95,1.071657871534749,1.0362489361607867,1.1746240662975045,1.0,0.31819194947625523,-0.151928318592089,0.28684105762284096
corn_moisture,mp5_rep5,mp5_rep5,GPR,0.2,1,1,8.058547973632812e-05,20,0.85,0.8349586859828655,0.8073705919304661,0.9975759362354868,1.0,0.31819194947625523,-0.151928318592089,0.28684105762284096
corn_moisture,mp5_rep5,mp5_rep5,BAG,0.05,1,1,0.016831398010253906,20,1.0,1.3606039526420681,1.3555335796613441,1.3606039526420681,1.0,0.31819194947625523,-0.151928318592089,0.28684105762284096
corn_moisture,mp5_rep5,mp5_rep5,BAG,0.1,1,1,0.00010752677917480469,20,0.9,1.1418548320279498,1.1375996408850906,1.223648784832055,1.0,0.31819194947625523,-0.151928318592089,0.28684105762284096
corn_moisture,mp5_rep5,mp5_rep5,BAG,0.2,1,1,8.463859558105469e-05,20,0.8,0.8896511055042703,0.8863357668130512,1.1026244394870717,1.0,0.31819194947625523,-0.151928318592089,0.28684105762284096
corn_moisture,mp5_rep5,mp5_rep5,QGB,0.05,1,1,0.03064870834350586,20,0.85,0.9825921098551952,0.863066659032814,2.165969652101176,1.0,0.31819194947625523,-0.151928318592089,0.28684105762284096
corn_moisture,mp5_rep5,mp5_rep5,QGB,0.1,1,1,0.025919198989868164,20,0.65,0.8845299441089935,0.8268041250342844,1.7779280814085126,1.0,0.31819194947625523,-0.151928318592089,0.28684105762284096
corn_moisture,mp5_rep5,mp5_rep5,QGB,0.2,1,1,0.026448965072631836,20,0.55,0.6707291706167644,0.5922139578731098,1.3362184602402718,1.0,0.31819194947625523,-0.151928318592089,0.28684105762284096
corn_moisture,mp5_rep5,mp5_rep5,SCP,0.05,1,1,3.266334533691406e-05,20,1.0,1.8826915591512758,1.8826915591512758,1.8826915591512758,1.0,0.31819194947625523,-0.151928318592089,0.28684105762284096
corn_moisture,mp5_rep5,mp5_rep5,SCP,0.1,1,1,1.1682510375976562e-05,20,0.8,0.811582424269826,0.811582424269826,1.2943769753252585,1.0,0.31819194947625523,-0.151928318592089,0.28684105762284096
corn_moisture,mp5_rep5,mp5_rep5,SCP,0.2,1,1,9.5367431640625e-06,20,0.65,0.6757555515897806,0.6757555515897806,1.1194079222337745,1.0,0.31819194947625523,-0.151928318592089,0.28684105762284096
corn_moisture,mp5_rep5,mp5_rep5,NCP-kNN,0.05,1,1,0.0046579837799072266,20,1.0,2.1585539614787637,2.2407741292033236,2.1585539614787637,1.0,0.31819194947625523,-0.151928318592089,0.28684105762284096
corn_moisture,mp5_rep5,mp5_rep5,NCP-kNN,0.1,1,1,1.71661376953125e-05,20,0.9,1.055414291145176,1.0956154357936079,1.4103860786027693,1.0,0.31819194947625523,-0.151928318592089,0.28684105762284096
corn_moisture,mp5_rep5,mp5_rep5,NCP-kNN,0.2,1,1,1.3113021850585938e-05,20,0.65,0.633440925315402,0.6575689388154,1.2111950015547204,1.0,0.31819194947625523,-0.151928318592089,0.28684105762284096
corn_moisture,mp5_rep5,mp5_rep5,CV+,0.05,1,1,0.0050623416900634766,20,1.0,1.5841856304363486,1.6033591795025721,1.5841856304363486,1.0,0.31819194947625523,-0.151928318592089,0.28684105762284096
corn_moisture,mp5_rep5,mp5_rep5,CV+,0.1,1,1,0.004389047622680664,20,0.95,1.1242334165599979,1.1310376813863146,1.1623790436030448,1.0,0.31819194947625523,-0.151928318592089,0.28684105762284096
corn_moisture,mp5_rep5,mp5_rep5,CV+,0.2,1,1,0.0048542022705078125,20,0.75,0.8208265791596461,0.8173988957704141,1.0764762015817984,1.0,0.31819194947625523,-0.151928318592089,0.28684105762284096
corn_moisture,mp5_rep5,mp5_rep5,CQR,0.05,1,1,2.8371810913085938e-05,20,1.0,1.8745777444917855,1.7550522936694044,1.8745777444917855,1.0,0.31819194947625523,-0.151928318592089,0.28684105762284096
corn_moisture,mp5_rep5,mp5_rep5,CQR,0.1,1,1,1.430511474609375e-05,20,0.85,1.0738895743301022,1.016163755255393,1.555281016141229,1.0,0.31819194947625523,-0.151928318592089,0.28684105762284096
corn_moisture,mp5_rep5,mp5_rep5,CQR,0.2,1,1,1.3113021850585938e-05,20,0.6,0.7619462298837454,0.6834310171400908,1.2357214036346469,1.0,0.31819194947625523,-0.151928318592089,0.28684105762284096
corn_moisture,mp5_rep5,mp5_rep5,WCP,0.05,1,1,0.0027942657470703125,20,1.0,inf,1.8826915591512758,inf,0.7,0.31819194947625523,-0.151928318592089,0.28684105762284096
corn_moisture,mp5_rep5,mp5_rep5,WCP,0.1,1,1,0.00011014938354492188,20,0.95,inf,1.2892276227231712,inf,0.9,0.31819194947625523,-0.151928318592089,0.28684105762284096
corn_moisture,mp5_rep5,mp5_rep5,WCP,0.2,1,1,8.58306884765625e-05,20,0.75,0.8189815249454926,0.6906044915580871,1.0860043407152606,1.0,0.31819194947625523,-0.151928318592089,0.28684105762284096
corn_moisture,mp5_rep5,mp5_rep5,R-U-A,0.05,1,1,5.1975250244140625e-05,20,0.95,1.2268243508564503,1.2268243508564503,1.2441462566223294,1.0,0.31819194947625523,-0.151928318592089,0.28684105762284096
corn_moisture,mp5_rep5,mp5_rep5,R-U-A,0.1,1,1,3.600120544433594e-05,20,0.9,1.1185987568954623,1.1185987568954623,1.1895626795113259,1.0,0.31819194947625523,-0.151928318592089,0.28684105762284096
corn_moisture,mp5_rep5,mp5_rep5,R-U-A,0.2,1,1,3.504753112792969e-05,20,0.8,0.8235486606499407,0.8235486606499407,1.0898427396983879,1.0,0.31819194947625523,-0.151928318592089,0.28684105762284096
corn_moisture,mp5_rep5,mp5_rep5,R-U-D,0.05,1,1,0.0031311511993408203,20,0.85,1.246664494682708,1.1000756785297838,1.6154036123392856,1.0,0.31819194947625523,-0.151928318592089,0.28684105762284096
corn_moisture,mp5_rep5,mp5_rep5,R-U-D,0.1,1,1,0.0008022785186767578,20,0.8,1.0448839196841464,0.9220214354656395,1.4531571272398411,1.0,0.31819194947625523,-0.151928318592089,0.28684105762284096
corn_moisture,mp5_rep5,mp5_rep5,R-U-D,0.2,1,1,0.0003514289855957031,20,0.7,0.8367512063013093,0.7383619690450907,1.2668306951240695,1.0,0.31819194947625523,-0.151928318592089,0.28684105762284096
corn_moisture,mp5_rep5,mp5_rep5,G-U-A,0.05,1,1,5.173683166503906e-05,20,1.0,1.33452306422328,1.33452306422328,1.33452306422328,1.0,0.31819194947625523,-0.151928318592089,0.28684105762284096
corn_moisture,mp5_rep5,mp5_rep5,G-U-A,0.1,1,1,3.457069396972656e-05,20,0.9,1.084427573926412,1.084427573926412,1.1895626795113259,1.0,0.31819194947625523,-0.151928318592089,0.28684105762284096
corn_moisture,mp5_rep5,mp5_rep5,G-U-A,0.2,1,1,3.600120544433594e-05,20,0.8,0.826855411849813,0.826855411849813,1.0898427396983879,1.0,0.31819194947625523,-0.151928318592089,0.28684105762284096
corn_moisture,mp5_rep5,mp5_rep5,G-W-A,0.05,1,1,0.00010085105895996094,20,1.0,1.33452306422328,1.33452306422328,1.33452306422328,1.0,0.31819194947625523,-0.151928318592089,0.28684105762284096
corn_moisture,mp5_rep5,mp5_rep5,G-W-A,0.1,1,1,7.534027099609375e-05,20,0.9,1.084427573926412,1.084427573926412,1.1895626795113259,1.0,0.31819194947625523,-0.151928318592089,0.28684105762284096
corn_moisture,mp5_rep5,mp5_rep5,G-W-A,0.2,1,1,6.914138793945312e-05,20,0.8,0.826855411849813,0.826855411849813,1.0898427396983879,1.0,0.31819194947625523,-0.151928318592089,0.28684105762284096
corn_moisture,mp5_rep5,mp5_rep5,G-U-D,0.05,1,1,0.003528594970703125,20,0.55,0.49198577249437303,0.3748636905024121,4.573991400118251,1.0,0.31819194947625523,-0.151928318592089,0.28684105762284096
corn_moisture,mp5_rep5,mp5_rep5,G-U-D,0.1,1,1,0.00035953521728515625,20,0.5,0.4102358697397676,0.3125751611219112,2.7338915705518416,1.0,0.31819194947625523,-0.151928318592089,0.28684105762284096
corn_moisture,mp5_rep5,mp5_rep5,G-U-D,0.2,1,1,0.00037598609924316406,20,0.4,0.3455244116370574,0.2632689060259832,1.6349740096309353,1.0,0.31819194947625523,-0.151928318592089,0.28684105762284096
corn_moisture,mp5_rep5,mp5_rep5,GC-D,0.05,1,1,0.0006568431854248047,20,0.55,0.49198577249437303,0.3748636905024121,4.573991400118251,1.0,0.31819194947625523,-0.151928318592089,0.28684105762284096
corn_moisture,mp5_rep5,mp5_rep5,GC-D,0.1,1,1,0.00048089027404785156,20,0.5,0.4102358697397676,0.3125751611219112,2.7338915705518416,1.0,0.31819194947625523,-0.151928318592089,0.28684105762284096
corn_moisture,mp5_rep5,mp5_rep5,GC-D,0.2,1,1,0.00042176246643066406,20,0.4,0.3455244116370574,0.2632689060259832,1.6349740096309353,1.0,0.31819194947625523,-0.151928318592089,0.28684105762284096
corn_moisture,mp5_rep5,mp5_rep5,GC-D+,0.05,1,1,0.0004184246063232422,20,1.0,inf,inf,inf,0.0,0.31819194947625523,-0.151928318592089,0.28684105762284096
corn_moisture,mp5_rep5,mp5_rep5,GC-D+,0.1,1,1,0.0004284381866455078,20,1.0,inf,inf,inf,0.0,0.31819194947625523,-0.151928318592089,0.28684105762284096
corn_moisture,mp5_rep5,mp5_rep5,GC-D+,0.2,1,1,0.00038123130798339844,20,1.0,inf,inf,inf,0.0,0.31819194947625523,-0.151928318592089,0.28684105762284096
corn_moisture,mp5_rep5,mp5_rep5,HJ+,0.05,1,1,0.0016243457794189453,20,1.0,inf,inf,inf,0.0,0.31819194947625523,-0.151928318592089,0.28684105762284096
corn_moisture,mp5_rep5,mp5_rep5,HJ+,0.1,1,1,0.0003948211669921875,20,1.0,inf,inf,inf,0.0,0.31819194947625523,-0.151928318592089,0.28684105762284096
corn_moisture,mp5_rep5,mp5_rep5,HJ+,0.2,1,1,0.0003323554992675781,20,1.0,inf,inf,inf,0.0,0.31819194947625523,-0.151928318592089,0.28684105762284096
corn_moisture,mp5_rep5,mp5_rep5,HJ+-D,0.05,1,1,0.0021381378173828125,20,1.0,inf,inf,inf,0.0,0.31819194947625523,-0.151928318592089,0.28684105762284096
corn_moisture,mp5_rep5,mp5_rep5,HJ+-D,0.1,1,1,0.0021772384643554688,20,1.0,inf,inf,inf,0.0,0.31819194947625523,-0.151928318592089,0.28684105762284096
corn_moisture,mp5_rep5,mp5_rep5,HJ+-D,0.2,1,1,0.0024535655975341797,20,1.0,inf,inf,inf,0.0,0.31819194947625523,-0.151928318592089,0.28684105762284096
corn_moisture,mp5_rep5,mp5_rep5,HCP-D,0.05,1,1,0.0003104209899902344,20,1.0,inf,inf,inf,0.0,0.31819194947625523,-0.151928318592089,0.28684105762284096
corn_moisture,mp5_rep5,mp5_rep5,HCP-D,0.1,1,1,0.0001621246337890625,20,1.0,inf,inf,inf,0.0,0.31819194947625523,-0.151928318592089,0.28684105762284096
corn_moisture,mp5_rep5,mp5_rep5,HCP-D,0.2,1,1,0.00014495849609375,20,1.0,inf,inf,inf,0.0,0.31819194947625523,-0.151928318592089,0.28684105762284096
corn_moisture,mp5_rep5,mp5_rep5,HCP-A,0.05,1,1,0.00017404556274414062,20,1.0,inf,inf,inf,0.0,0.31819194947625523,-0.151928318592089,0.28684105762284096
corn_moisture,mp5_rep5,mp5_rep5,HCP-A,0.1,1,1,0.0001404285430908203,20,1.0,inf,inf,inf,0.0,0.31819194947625523,-0.151928318592089,0.28684105762284096
corn_moisture,mp5_rep5,mp5_rep5,HCP-A,0.2,1,1,0.00013971328735351562,20,1.0,inf,inf,inf,0.0,0.31819194947625523,-0.151928318592089,0.28684105762284096
corn_moisture,mp5_rep5,mp5_rep5,ORACLE,0.05,1,1,0.00011157989501953125,20,1.0,inf,inf,inf,0.0,0.31819194947625523,-0.151928318592089,0.28684105762284096
corn_moisture,mp5_rep5,mp5_rep5,ORACLE,0.1,1,1,9.870529174804688e-05,20,0.95,1.1895626795113259,1.1895626795113259,1.2441462566223294,1.0,0.31819194947625523,-0.151928318592089,0.28684105762284096
corn_moisture,mp5_rep5,mp5_rep5,ORACLE,0.2,1,1,9.703636169433594e-05,20,0.85,0.9901227998854498,0.9901227998854498,1.1113276360264503,1.0,0.31819194947625523,-0.151928318592089,0.28684105762284096
corn_moisture,mp5_rep6,mp5_rep6,ASTM-R,0.05,1,1,0.014390230178833008,20,0.9,1.364330335102025,1.359752573399243,2.4231091101937317,1.0,0.4066238923097508,-0.24050238708764252,0.33639198876855053
corn_moisture,mp5_rep6,mp5_rep6,ASTM-R,0.1,1,1,0.00010967254638671875,20,0.85,1.142207432077648,1.1383749632798263,1.9067697941933346,1.0,0.4066238923097508,-0.24050238708764252,0.33639198876855053
corn_moisture,mp5_rep6,mp5_rep6,ASTM-R,0.2,1,1,8.96453857421875e-05,20,0.85,0.8879103096482286,0.8849310884827695,1.4605500640848401,1.0,0.4066238923097508,-0.24050238708764252,0.33639198876855053
corn_moisture,mp5_rep6,mp5_rep6,ASTM-G,0.05,1,1,0.00011730194091796875,20,0.9,1.3738199157441484,1.3692103134836042,2.41363645421051,1.0,0.4066238923097508,-0.24050238708764252,0.33639198876855053
corn_moisture,mp5_rep6,mp5_rep6,ASTM-G,0.1,1,1,0.0001304149627685547,20,0.85,1.1501520399617229,1.1462929144805614,1.9028202507915566,1.0,0.4066238923097508,-0.24050238708764252,0.33639198876855053
corn_moisture,mp5_rep6,mp5_rep6,ASTM-G,0.2,1,1,9.703636169433594e-05,20,0.85,0.8940861574393351,0.8910862143425575,1.4621028726386642,1.0,0.4066238923097508,-0.24050238708764252,0.33639198876855053
corn_moisture,mp5_rep6,mp5_rep6,GPR,0.05,1,1,0.03028082847595215,20,0.9,1.2206520354188437,1.1996917689613174,2.63741845404138,1.0,0.4066238923097508,-0.24050238708764252,0.33639198876855053
corn_moisture,mp5_rep6,mp5_rep6,GPR,0.1,1,1,0.00013399124145507812,20,0.85,1.0244034806463813,1.0068130705284002,1.9630079661021669,1.0,0.4066238923097508,-0.24050238708764252,0.33639198876855053
corn_moisture,mp5_rep6,mp5_rep6,GPR,0.2,1,1,8.845329284667969e-05,20,0.75,0.7981414655143899,0.7844362839372003,1.4849494266912426,1.0,0.4066238923097508,-0.24050238708764252,0.33639198876855053
corn_moisture,mp5_rep6,mp5_rep6,BAG,0.05,1,1,0.018964052200317383,20,0.9,1.3234696796364327,1.31583491151288,2.4806074627602905,1.0,0.4066238923097508,-0.24050238708764252,0.33639198876855053
corn_moisture,mp5_rep6,mp5_rep6,BAG,0.1,1,1,8.7738037109375e-05,20,0.85,1.1106907677291569,1.1042834683409968,1.930903448912526,1.0,0.4066238923097508,-0.24050238708764252,0.33639198876855053
corn_moisture,mp5_rep6,mp5_rep6,BAG,0.2,1,1,8.726119995117188e-05,20,0.8,0.8653703094890822,0.860378202940959,1.4617373928161155,1.0,0.4066238923097508,-0.24050238708764252,0.33639198876855053
corn_moisture,mp5_rep6,mp5_rep6,QGB,0.05,1,1,0.029528141021728516,20,0.75,0.8579472508824766,0.8326587595723955,3.050402568679727,1.0,0.4066238923097508,-0.24050238708764252,0.33639198876855053
corn_moisture,mp5_rep6,mp5_rep6,QGB,0.1,1,1,0.025982141494750977,20,0.65,0.7750833864100134,0.7821686279157563,2.1210803130597973,1.0,0.4066238923097508,-0.24050238708764252,0.33639198876855053
corn_moisture,mp5_rep6,mp5_rep6,QGB,0.2,1,1,0.025815486907958984,20,0.5,0.6720641535912696,0.6587170813834504,1.6562656416602484,1.0,0.4066238923097508,-0.24050238708764252,0.33639198876855053
corn_moisture,mp5_rep6,mp5_rep6,SCP,0.05,1,1,6.580352783203125e-05,20,0.9,1.1795791521029706,1.1795791521029706,2.418201315793535,1.0,0.4066238923097508,-0.24050238708764252,0.33639198876855053
corn_moisture,mp5_rep6,mp5_rep6,SCP,0.1,1,1,9.5367431640625e-06,20,0.85,0.9718422612470334,0.9718422612470334,1.856312222075383,1.0,0.4066238923097508,-0.24050238708764252,0.33639198876855053
corn_moisture,mp5_rep6,mp5_rep6,SCP,0.2,1,1,8.344650268554688e-06,20,0.85,0.8005398349099018,0.8005398349099018,1.3712516350769253,1.0,0.4066238923097508,-0.24050238708764252,0.33639198876855053
corn_moisture,mp5_rep6,mp5_rep6,NCP-kNN,0.05,1,1,0.004727602005004883,20,0.9,1.3778093975121803,1.3641871168002293,2.4976943124411584,1.0,0.4066238923097508,-0.24050238708764252,0.33639198876855053
corn_moisture,mp5_rep6,mp5_rep6,NCP-kNN,0.1,1,1,1.811981201171875e-05,20,0.8,0.881040532846639,0.8723297623447728,2.0234995848675554,1.0,0.4066238923097508,-0.24050238708764252,0.33639198876855053
corn_moisture,mp5_rep6,mp5_rep6,NCP-kNN,0.2,1,1,1.2636184692382812e-05,20,0.8,0.767218290188412,0.7596328702201927,1.440607037009212,1.0,0.4066238923097508,-0.24050238708764252,0.33639198876855053
corn_moisture,mp5_rep6,mp5_rep6,CV+,0.05,1,1,0.005305290222167969,20,0.9,1.4209307672046307,1.4196925072246929,2.583417927245609,1.0,0.4066238923097508,-0.24050238708764252,0.33639198876855053
corn_moisture,mp5_rep6,mp5_rep6,CV+,0.1,1,1,0.0044171810150146484,20,0.85,1.132565174576729,1.1321679102129023,1.8753212945527526,1.0,0.4066238923097508,-0.24050238708764252,0.33639198876855053
corn_moisture,mp5_rep6,mp5_rep6,CV+,0.2,1,1,0.004396677017211914,20,0.7,0.8564296493318156,0.8462060883567943,1.4781615716359897,1.0,0.4066238923097508,-0.24050238708764252,0.33639198876855053
corn_moisture,mp5_rep6,mp5_rep6,CQR,0.05,1,1,2.3603439331054688e-05,20,0.9,1.3305102493954073,1.3052217580853265,2.116346500785651,1.0,0.4066238923097508,-0.24050238708764252,0.33639198876855053
corn_moisture,mp5_rep6,mp5_rep6,CQR,0.1,1,1,1.2636184692382812e-05,20,0.9,1.2371656318356865,1.2442508733414295,1.692283546340398,1.0,0.4066238923097508,-0.24050238708764252,0.33639198876855053
corn_moisture,mp5_rep6,mp5_rep6,CQR,0.2,1,1,1.0728836059570312e-05,20,0.7,0.8568422231826155,0.8434951509747961,1.5038101870260943,1.0,0.4066238923097508,-0.24050238708764252,0.33639198876855053
corn_moisture,mp5_rep6,mp5_rep6,WCP,0.05,1,1,0.0026047229766845703,20,1.0,inf,inf,inf,0.2,0.4066238923097508,-0.24050238708764252,0.33639198876855053
corn_moisture,mp5_rep6,mp5_rep6,WCP,0.1,1,1,0.00010991096496582031,20,1.0,inf,inf,inf,0.4,0.4066238923097508,-0.24050238708764252,0.33639198876855053
corn_moisture,mp5_rep6,mp5_rep6,WCP,0.2,1,1,7.700920104980469e-05,20,0.95,inf,1.1795791521029706,inf,0.8,0.4066238923097508,-0.24050238708764252,0.33639198876855053
corn_moisture,mp5_rep6,mp5_rep6,R-U-A,0.05,1,1,5.1975250244140625e-05,20,0.9,1.3824832985784,1.3824832985784,2.40252286473995,1.0,0.4066238923097508,-0.24050238708764252,0.33639198876855053
corn_moisture,mp5_rep6,mp5_rep6,R-U-A,0.1,1,1,3.814697265625e-05,20,0.85,1.1009857337021103,1.1009857337021103,1.9241083285453797,1.0,0.4066238923097508,-0.24050238708764252,0.33639198876855053
corn_moisture,mp5_rep6,mp5_rep6,R-U-A,0.2,1,1,3.4332275390625e-05,20,0.65,0.7833021342521818,0.7833021342521818,1.485363260878243,1.0,0.4066238923097508,-0.24050238708764252,0.33639198876855053
corn_moisture,mp5_rep6,mp5_rep6,R-U-D,0.05,1,1,0.0029947757720947266,20,0.95,1.467105023015519,1.3686206961239265,1.7108520985780502,1.0,0.4066238923097508,-0.24050238708764252,0.33639198876855053
corn_moisture,mp5_rep6,mp5_rep6,R-U-D,0.1,1,1,0.00040984153747558594,20,0.9,1.2148064312265725,1.133258490345682,1.6024616955536897,1.0,0.4066238923097508,-0.24050238708764252,0.33639198876855053
corn_moisture,mp5_rep6,mp5_rep6,R-U-D,0.2,1,1,0.0004322528839111328,20,0.8,0.9793689439882417,0.9136255311349739,1.3400708719931331,1.0,0.4066238923097508,-0.24050238708764252,0.33639198876855053
corn_moisture,mp5_rep6,mp5_rep6,G-U-A,0.05,1,1,4.00543212890625e-05,20,0.9,1.3407879477423599,1.3407879477423599,2.44421821557599,1.0,0.4066238923097508,-0.24050238708764252,0.33639198876855053
corn_moisture,mp5_rep6,mp5_rep6,G-U-A,0.1,1,1,4.458427429199219e-05,20,0.85,1.0951460140258824,1.0951460140258824,1.9270281883834937,1.0,0.4066238923097508,-0.24050238708764252,0.33639198876855053
corn_moisture,mp5_rep6,mp5_rep6,G-U-A,0.2,1,1,6.461143493652344e-05,20,0.7,0.832289538080218,0.832289538080218,1.4606180465287313,1.0,0.4066238923097508,-0.24050238708764252,0.33639198876855053
corn_moisture,mp5_rep6,mp5_rep6,G-W-A,0.05,1,1,0.000102996826171875,20,0.9,1.3407879477423599,1.3407879477423599,2.44421821557599,1.0,0.4066238923097508,-0.24050238708764252,0.33639198876855053
corn_moisture,mp5_rep6,mp5_rep6,G-W-A,0.1,1,1,7.414817810058594e-05,20,0.85,1.0951460140258824,1.0951460140258824,1.9270281883834937,1.0,0.4066238923097508,-0.24050238708764252,0.33639198876855053
corn_moisture,mp5_rep6,mp5_rep6,G-W-A,0.2,1,1,6.723403930664062e-05,20,0.7,0.832289538080218,0.832289538080218,1.4606180465287313,1.0,0.4066238923097508,-0.24050238708764252,0.33639198876855053
corn_moisture,mp5_rep6,mp5_rep6,G-U-D,0.05,1,1,0.0031120777130126953,20,0.7,0.7896894095796394,0.6946401716205681,3.1648688910948577,1.0,0.4066238923097508,-0.24050238708764252,0.33639198876855053
corn_moisture,mp5_rep6,mp5_rep6,G-U-D,0.1,1,1,0.0004181861877441406,20,0.7,0.6945240202050632,0.6109291561180523,2.1852266338963005,1.0,0.4066238923097508,-0.24050238708764252,0.33639198876855053
corn_moisture,mp5_rep6,mp5_rep6,G-U-D,0.2,1,1,0.00033593177795410156,20,0.6,0.5684974552171838,0.5000715028812799,1.5519862590392695,1.0,0.4066238923097508,-0.24050238708764252,0.33639198876855053
corn_moisture,mp5_rep6,mp5_rep6,GC-D,0.05,1,1,0.00043272972106933594,20,0.7,0.7896894095796394,0.6946401716205681,3.1648688910948577,1.0,0.4066238923097508,-0.24050238708764252,0.33639198876855053
corn_moisture,mp5_rep6,mp5_rep6,GC-D,0.1,1,1,0.00037288665771484375,20,0.7,0.6945240202050632,0.6109291561180523,2.1852266338963005,1.0,0.4066238923097508,-0.24050238708764252,0.33639198876855053
corn_moisture,mp5_rep6,mp5_rep6,GC-D,0.2,1,1,0.00040793418884277344,20,0.6,0.5684974552171838,0.5000715028812799,1.5519862590392695,1.0,0.4066238923097508,-0.24050238708764252,0.33639198876855053
corn_moisture,mp5_rep6,mp5_rep6,GC-D+,0.05,1,1,0.00039267539978027344,20,1.0,inf,inf,inf,0.0,0.4066238923097508,-0.24050238708764252,0.33639198876855053
corn_moisture,mp5_rep6,mp5_rep6,GC-D+,0.1,1,1,0.00047016143798828125,20,1.0,inf,inf,inf,0.0,0.4066238923097508,-0.24050238708764252,0.33639198876855053
corn_moisture,mp5_rep6,mp5_rep6,GC-D+,0.2,1,1,0.00039315223693847656,20,1.0,inf,inf,inf,0.0,0.4066238923097508,-0.24050238708764252,0.33639198876855053
corn_moisture,mp5_rep6,mp5_rep6,HJ+,0.05,1,1,0.0015208721160888672,20,1.0,inf,inf,inf,0.0,0.4066238923097508,-0.24050238708764252,0.33639198876855053
corn_moisture,mp5_rep6,mp5_rep6,HJ+,0.1,1,1,0.00040841102600097656,20,1.0,inf,inf,inf,0.0,0.4066238923097508,-0.24050238708764252,0.33639198876855053
corn_moisture,mp5_rep6,mp5_rep6,HJ+,0.2,1,1,0.00033354759216308594,20,1.0,inf,inf,inf,0.0,0.4066238923097508,-0.24050238708764252,0.33639198876855053
corn_moisture,mp5_rep6,mp5_rep6,HJ+-D,0.05,1,1,0.0021877288818359375,20,1.0,inf,inf,inf,0.0,0.4066238923097508,-0.24050238708764252,0.33639198876855053
corn_moisture,mp5_rep6,mp5_rep6,HJ+-D,0.1,1,1,0.002076864242553711,20,1.0,inf,inf,inf,0.0,0.4066238923097508,-0.24050238708764252,0.33639198876855053
corn_moisture,mp5_rep6,mp5_rep6,HJ+-D,0.2,1,1,0.00225067138671875,20,1.0,inf,inf,inf,0.0,0.4066238923097508,-0.24050238708764252,0.33639198876855053
corn_moisture,mp5_rep6,mp5_rep6,HCP-D,0.05,1,1,0.0003323554992675781,20,1.0,inf,inf,inf,0.0,0.4066238923097508,-0.24050238708764252,0.33639198876855053
corn_moisture,mp5_rep6,mp5_rep6,HCP-D,0.1,1,1,0.00017881393432617188,20,1.0,inf,inf,inf,0.0,0.4066238923097508,-0.24050238708764252,0.33639198876855053
corn_moisture,mp5_rep6,mp5_rep6,HCP-D,0.2,1,1,0.00014591217041015625,20,1.0,inf,inf,inf,0.0,0.4066238923097508,-0.24050238708764252,0.33639198876855053
corn_moisture,mp5_rep6,mp5_rep6,HCP-A,0.05,1,1,0.00014638900756835938,20,1.0,inf,inf,inf,0.0,0.4066238923097508,-0.24050238708764252,0.33639198876855053
corn_moisture,mp5_rep6,mp5_rep6,HCP-A,0.1,1,1,0.0001704692840576172,20,1.0,inf,inf,inf,0.0,0.4066238923097508,-0.24050238708764252,0.33639198876855053
corn_moisture,mp5_rep6,mp5_rep6,HCP-A,0.2,1,1,0.0001804828643798828,20,1.0,inf,inf,inf,0.0,0.4066238923097508,-0.24050238708764252,0.33639198876855053
corn_moisture,mp5_rep6,mp5_rep6,ORACLE,0.05,1,1,0.00012493133544921875,20,1.0,inf,inf,inf,0.0,0.4066238923097508,-0.24050238708764252,0.33639198876855053
corn_moisture,mp5_rep6,mp5_rep6,ORACLE,0.1,1,1,0.00010275840759277344,20,0.9,1.6711751246638684,1.6711751246638684,2.3994819788485238,1.0,0.4066238923097508,-0.24050238708764252,0.33639198876855053
corn_moisture,mp5_rep6,mp5_rep6,ORACLE,0.2,1,1,0.00012135505676269531,20,0.9,1.238143173343861,1.238143173343861,1.749677611562154,1.0,0.4066238923097508,-0.24050238708764252,0.33639198876855053
corn_moisture,mp5_rep7,mp5_rep7,ASTM-R,0.05,1,1,0.014255285263061523,20,1.0,1.3706754625283815,1.3696246043801175,1.3706754625283815,1.0,0.293666799165424,-0.10875411207531949,0.27987352790101894
corn_moisture,mp5_rep7,mp5_rep7,ASTM-R,0.1,1,1,0.0001251697540283203,20,0.9,1.147519526602998,1.1466397558054666,1.2936206288661132,1.0,0.293666799165424,-0.10875411207531949,0.27987352790101894
corn_moisture,mp5_rep7,mp5_rep7,ASTM-R,0.2,1,1,9.703636169433594e-05,20,0.85,0.8920397377734725,0.8913558361113783,1.121661403145748,1.0,0.293666799165424,-0.10875411207531949,0.27987352790101894
corn_moisture,mp5_rep7,mp5_rep7,ASTM-G,0.05,1,1,0.00011491775512695312,20,1.0,1.3803581407528773,1.3792998591688033,1.3803581407528773,1.0,0.293666799165424,-0.10875411207531949,0.27987352790101894
corn_moisture,mp5_rep7,mp5_rep7,ASTM-G,0.1,1,1,9.655952453613281e-05,20,0.9,1.155625794378396,1.1547398087344085,1.2936366654564622,1.0,0.293666799165424,-0.10875411207531949,0.27987352790101894
corn_moisture,mp5_rep7,mp5_rep7,ASTM-G,0.2,1,1,9.107589721679688e-05,20,0.85,0.8983412540553729,0.8976525211987969,1.1232441958852157,1.0,0.293666799165424,-0.10875411207531949,0.27987352790101894
corn_moisture,mp5_rep7,mp5_rep7,GPR,0.05,1,1,0.028498172760009766,20,0.95,1.3164538764427136,1.3159654895289385,1.386997871975551,1.0,0.293666799165424,-0.10875411207531949,0.27987352790101894
corn_moisture,mp5_rep7,mp5_rep7,GPR,0.1,1,1,0.000102996826171875,20,0.9,1.104802920084918,1.1043930528665324,1.3325285052175426,1.0,0.293666799165424,-0.10875411207531949,0.27987352790101894
corn_moisture,mp5_rep7,mp5_rep7,GPR,0.2,1,1,8.440017700195312e-05,20,0.85,0.8607829223547349,0.8604635833164274,1.1503261356801135,1.0,0.293666799165424,-0.10875411207531949,0.27987352790101894
corn_moisture,mp5_rep7,mp5_rep7,BAG,0.05,1,1,0.017747879028320312,20,1.0,1.3677757760428222,1.3652824304454594,1.3677757760428222,1.0,0.293666799165424,-0.10875411207531949,0.27987352790101894
corn_moisture,mp5_rep7,mp5_rep7,BAG,0.1,1,1,9.846687316894531e-05,20,0.9,1.147873615957469,1.1457811343703508,1.2931796090727306,1.0,0.293666799165424,-0.10875411207531949,0.27987352790101894
corn_moisture,mp5_rep7,mp5_rep7,BAG,0.2,1,1,9.012222290039062e-05,20,0.85,0.8943405087685867,0.8927101977123915,1.1214858774242973,1.0,0.293666799165424,-0.10875411207531949,0.27987352790101894
corn_moisture,mp5_rep7,mp5_rep7,QGB,0.05,1,1,0.029763460159301758,20,0.9,0.9819396728126428,0.9650758939898223,2.156046626475443,1.0,0.293666799165424,-0.10875411207531949,0.27987352790101894
corn_moisture,mp5_rep7,mp5_rep7,QGB,0.1,1,1,0.025625944137573242,20,0.9,0.823862590292357,0.8009711809489177,1.5626125435639207,1.0,0.293666799165424,-0.10875411207531949,0.27987352790101894
corn_moisture,mp5_rep7,mp5_rep7,QGB,0.2,1,1,0.026401042938232422,20,0.8,0.6651972535056825,0.6848737678448762,1.2346502823525896,1.0,0.293666799165424,-0.10875411207531949,0.27987352790101894
corn_moisture,mp5_rep7,mp5_rep7,SCP,0.05,1,1,2.6702880859375e-05,20,1.0,1.7341035431004883,1.7341035431004883,1.7341035431004883,1.0,0.293666799165424,-0.10875411207531949,0.27987352790101894
corn_moisture,mp5_rep7,mp5_rep7,SCP,0.1,1,1,1.0728836059570312e-05,20,0.95,1.2375002426846713,1.2375002426846713,1.2979915599830303,1.0,0.293666799165424,-0.10875411207531949,0.27987352790101894
corn_moisture,mp5_rep7,mp5_rep7,SCP,0.2,1,1,1.0013580322265625e-05,20,0.85,0.8021860455867618,0.8021860455867618,1.1027553183420071,1.0,0.293666799165424,-0.10875411207531949,0.27987352790101894
corn_moisture,mp5_rep7,mp5_rep7,NCP-kNN,0.05,1,1,0.0044133663177490234,20,1.0,1.8953586686493182,1.9405311842071846,1.8953586686493182,1.0,0.293666799165424,-0.10875411207531949,0.27987352790101894
corn_moisture,mp5_rep7,mp5_rep7,NCP-kNN,0.1,1,1,1.5735626220703125e-05,20,0.9,1.1149791349059481,1.1415526869999848,1.4258304474974044,1.0,0.293666799165424,-0.10875411207531949,0.27987352790101894
corn_moisture,mp5_rep7,mp5_rep7,NCP-kNN,0.2,1,1,1.1444091796875e-05,20,0.9,0.9276021371428159,0.9497098905008929,1.1656258578220329,1.0,0.293666799165424,-0.10875411207531949,0.27987352790101894
corn_moisture,mp5_rep7,mp5_rep7,CV+,0.05,1,1,0.005091667175292969,20,1.0,1.623076156423093,1.6240239130432812,1.623076156423093,1.0,0.293666799165424,-0.10875411207531949,0.27987352790101894
corn_moisture,mp5_rep7,mp5_rep7,CV+,0.1,1,1,0.004461765289306641,20,0.9,1.0689397373262908,1.069016018681519,1.276072579806632,1.0,0.293666799165424,-0.10875411207531949,0.27987352790101894
corn_moisture,mp5_rep7,mp5_rep7,CV+,0.2,1,1,0.0043926239013671875,20,0.85,0.822999044764758,0.8227791090065324,1.1020428036314205,1.0,0.293666799165424,-0.10875411207531949,0.27987352790101894
corn_moisture,mp5_rep7,mp5_rep7,CQR,0.05,1,1,2.4318695068359375e-05,20,0.9,1.061229719827501,1.0443659410046804,2.076756579460585,1.0,0.293666799165424,-0.10875411207531949,0.27987352790101894
corn_moisture,mp5_rep7,mp5_rep7,CQR,0.1,1,1,1.2636184692382812e-05,20,0.9,0.9910453571099783,0.9681539477665391,1.5626125435639202,1.0,0.293666799165424,-0.10875411207531949,0.27987352790101894
corn_moisture,mp5_rep7,mp5_rep7,CQR,0.2,1,1,1.1682510375976562e-05,20,0.8,0.7458371708867457,0.7655136852259394,1.2346502823525896,1.0,0.293666799165424,-0.10875411207531949,0.27987352790101894
corn_moisture,mp5_rep7,mp5_rep7,WCP,0.05,1,1,0.0025691986083984375,20,1.0,1.7341035431004883,1.7341035431004883,1.7341035431004883,1.0,0.293666799165424,-0.10875411207531949,0.27987352790101894
corn_moisture,mp5_rep7,mp5_rep7,WCP,0.1,1,1,0.00010585784912109375,20,0.95,1.2375002426846713,1.2375002426846713,1.2979915599830303,1.0,0.293666799165424,-0.10875411207531949,0.27987352790101894
corn_moisture,mp5_rep7,mp5_rep7,WCP,0.2,1,1,7.796287536621094e-05,20,0.85,0.8021860455867618,0.8021860455867618,1.1027553183420071,1.0,0.293666799165424,-0.10875411207531949,0.27987352790101894
corn_moisture,mp5_rep7,mp5_rep7,R-U-A,0.05,1,1,7.82012939453125e-05,20,0.95,1.3301669182201685,1.3301669182201685,1.363323936721148,1.0,0.293666799165424,-0.10875411207531949,0.27987352790101894
corn_moisture,mp5_rep7,mp5_rep7,R-U-A,0.1,1,1,3.8623809814453125e-05,20,0.9,1.0285304443226408,1.0285304443226408,1.2913504965343225,1.0,0.293666799165424,-0.10875411207531949,0.27987352790101894
corn_moisture,mp5_rep7,mp5_rep7,R-U-A,0.2,1,1,3.528594970703125e-05,20,0.85,0.8108517632443366,0.8108517632443366,1.100314933950993,1.0,0.293666799165424,-0.10875411207531949,0.27987352790101894
corn_moisture,mp5_rep7,mp5_rep7,R-U-D,0.05,1,1,0.002990245819091797,20,0.9,1.2033458070308996,1.1000115640772172,1.6060608330381072,1.0,0.293666799165424,-0.10875411207531949,0.27987352790101894
corn_moisture,mp5_rep7,mp5_rep7,R-U-D,0.1,1,1,0.0003757476806640625,20,0.9,1.0788934804713377,0.986246262705027,1.392980154071512,1.0,0.293666799165424,-0.10875411207531949,0.27987352790101894
corn_moisture,mp5_rep7,mp5_rep7,R-U-D,0.2,1,1,0.0003573894500732422,20,0.9,0.8784456170044432,0.8030113467566355,1.1262719870216094,1.0,0.293666799165424,-0.10875411207531949,0.27987352790101894
corn_moisture,mp5_rep7,mp5_rep7,G-U-A,0.05,1,1,4.00543212890625e-05,20,0.95,1.358661548698798,1.358661548698798,1.363323936721148,1.0,0.293666799165424,-0.10875411207531949,0.27987352790101894
corn_moisture,mp5_rep7,mp5_rep7,G-U-A,0.1,1,1,3.3855438232421875e-05,20,0.9,1.0613905747503622,1.0613905747503622,1.2913504965343225,1.0,0.293666799165424,-0.10875411207531949,0.27987352790101894
corn_moisture,mp5_rep7,mp5_rep7,G-U-A,0.2,1,1,4.3392181396484375e-05,20,0.85,0.816902333629006,0.816902333629006,1.1018275765471603,1.0,0.293666799165424,-0.10875411207531949,0.27987352790101894
corn_moisture,mp5_rep7,mp5_rep7,G-W-A,0.05,1,1,0.00013184547424316406,20,0.95,1.358661548698798,1.358661548698798,1.363323936721148,1.0,0.293666799165424,-0.10875411207531949,0.27987352790101894
corn_moisture,mp5_rep7,mp5_rep7,G-W-A,0.1,1,1,7.700920104980469e-05,20,0.9,1.0613905747503622,1.0613905747503622,1.2913504965343225,1.0,0.293666799165424,-0.10875411207531949,0.27987352790101894
corn_moisture,mp5_rep7,mp5_rep7,G-W-A,0.2,1,1,7.343292236328125e-05,20,0.85,0.816902333629006,0.816902333629006,1.1018275765471603,1.0,0.293666799165424,-0.10875411207531949,0.27987352790101894
corn_moisture,mp5_rep7,mp5_rep7,G-U-D,0.05,1,1,0.0032248497009277344,20,0.65,0.5028611461225753,0.42245163345930514,3.1172577078452823,1.0,0.293666799165424,-0.10875411207531949,0.27987352790101894
corn_moisture,mp5_rep7,mp5_rep7,G-U-D,0.1,1,1,0.0004563331604003906,20,0.6,0.4019137690273983,0.3376461465448415,2.0616819626260563,1.0,0.293666799165424,-0.10875411207531949,0.27987352790101894
corn_moisture,mp5_rep7,mp5_rep7,G-U-D,0.2,1,1,0.00034618377685546875,20,0.5,0.3487252411415964,0.29296267744027915,1.2922798661203778,1.0,0.293666799165424,-0.10875411207531949,0.27987352790101894
corn_moisture,mp5_rep7,mp5_rep7,GC-D,0.05,1,1,0.0004000663757324219,20,0.65,0.5028611461225753,0.42245163345930514,3.1172577078452823,1.0,0.293666799165424,-0.10875411207531949,0.27987352790101894
corn_moisture,mp5_rep7,mp5_rep7,GC-D,0.1,1,1,0.0003883838653564453,20,0.6,0.4019137690273983,0.3376461465448415,2.0616819626260563,1.0,0.293666799165424,-0.10875411207531949,0.27987352790101894
corn_moisture,mp5_rep7,mp5_rep7,GC-D,0.2,1,1,0.0003840923309326172,20,0.5,0.3487252411415964,0.29296267744027915,1.2922798661203778,1.0,0.293666799165424,-0.10875411207531949,0.27987352790101894
corn_moisture,mp5_rep7,mp5_rep7,GC-D+,0.05,1,1,0.000377655029296875,20,1.0,inf,inf,inf,0.0,0.293666799165424,-0.10875411207531949,0.27987352790101894
corn_moisture,mp5_rep7,mp5_rep7,GC-D+,0.1,1,1,0.00038242340087890625,20,1.0,inf,inf,inf,0.0,0.293666799165424,-0.10875411207531949,0.27987352790101894
corn_moisture,mp5_rep7,mp5_rep7,GC-D+,0.2,1,1,0.0004341602325439453,20,1.0,inf,inf,inf,0.0,0.293666799165424,-0.10875411207531949,0.27987352790101894
corn_moisture,mp5_rep7,mp5_rep7,HJ+,0.05,1,1,0.0016551017761230469,20,1.0,inf,inf,inf,0.0,0.293666799165424,-0.10875411207531949,0.27987352790101894
corn_moisture,mp5_rep7,mp5_rep7,HJ+,0.1,1,1,0.0004038810729980469,20,1.0,inf,inf,inf,0.0,0.293666799165424,-0.10875411207531949,0.27987352790101894
corn_moisture,mp5_rep7,mp5_rep7,HJ+,0.2,1,1,0.00034236907958984375,20,1.0,inf,inf,inf,0.0,0.293666799165424,-0.10875411207531949,0.27987352790101894
corn_moisture,mp5_rep7,mp5_rep7,HJ+-D,0.05,1,1,0.0022971630096435547,20,1.0,inf,inf,inf,0.0,0.293666799165424,-0.10875411207531949,0.27987352790101894
corn_moisture,mp5_rep7,mp5_rep7,HJ+-D,0.1,1,1,0.0021605491638183594,20,1.0,inf,inf,inf,0.0,0.293666799165424,-0.10875411207531949,0.27987352790101894
corn_moisture,mp5_rep7,mp5_rep7,HJ+-D,0.2,1,1,0.002699613571166992,20,1.0,inf,inf,inf,0.0,0.293666799165424,-0.10875411207531949,0.27987352790101894
corn_moisture,mp5_rep7,mp5_rep7,HCP-D,0.05,1,1,0.0002627372741699219,20,1.0,inf,inf,inf,0.0,0.293666799165424,-0.10875411207531949,0.27987352790101894
corn_moisture,mp5_rep7,mp5_rep7,HCP-D,0.1,1,1,0.0001990795135498047,20,1.0,inf,inf,inf,0.0,0.293666799165424,-0.10875411207531949,0.27987352790101894
corn_moisture,mp5_rep7,mp5_rep7,HCP-D,0.2,1,1,0.0001468658447265625,20,1.0,inf,inf,inf,0.0,0.293666799165424,-0.10875411207531949,0.27987352790101894
corn_moisture,mp5_rep7,mp5_rep7,HCP-A,0.05,1,1,0.00013780593872070312,20,1.0,inf,inf,inf,0.0,0.293666799165424,-0.10875411207531949,0.27987352790101894
corn_moisture,mp5_rep7,mp5_rep7,HCP-A,0.1,1,1,0.00014090538024902344,20,1.0,inf,inf,inf,0.0,0.293666799165424,-0.10875411207531949,0.27987352790101894
corn_moisture,mp5_rep7,mp5_rep7,HCP-A,0.2,1,1,0.00016760826110839844,20,1.0,inf,inf,inf,0.0,0.293666799165424,-0.10875411207531949,0.27987352790101894
corn_moisture,mp5_rep7,mp5_rep7,ORACLE,0.05,1,1,0.0001537799835205078,20,1.0,inf,inf,inf,0.0,0.293666799165424,-0.10875411207531949,0.27987352790101894
corn_moisture,mp5_rep7,mp5_rep7,ORACLE,0.1,1,1,0.00010323524475097656,20,0.95,1.2913504965343225,1.2913504965343225,1.363323936721148,1.0,0.293666799165424,-0.10875411207531949,0.27987352790101894
corn_moisture,mp5_rep7,mp5_rep7,ORACLE,0.2,1,1,9.012222290039062e-05,20,0.85,0.8541296334160418,0.8541296334160418,1.1495287380126564,1.0,0.293666799165424,-0.10875411207531949,0.27987352790101894
corn_moisture,mp5_rep8,mp5_rep8,ASTM-R,0.05,1,1,0.014816999435424805,20,0.95,1.3160687340215298,1.3144920049769926,2.083734597464821,1.0,0.3646789845359289,-0.18634351683524172,0.3216190219165498
corn_moisture,mp5_rep8,mp5_rep8,ASTM-R,0.1,1,1,0.0001590251922607422,20,0.9,1.1018031707196492,1.1004831446330723,1.6799535058159367,1.0,0.3646789845359289,-0.18634351683524172,0.3216190219165498
corn_moisture,mp5_rep8,mp5_rep8,ASTM-R,0.2,1,1,9.655952453613281e-05,20,0.85,0.8565015136572652,0.8554753736249374,1.305734596076913,1.0,0.3646789845359289,-0.18634351683524172,0.3216190219165498
corn_moisture,mp5_rep8,mp5_rep8,ASTM-G,0.05,1,1,0.00010275840759277344,20,0.95,1.3248638379773563,1.3232765718723307,2.0837227240432155,1.0,0.3646789845359289,-0.18634351683524172,0.3216190219165498
corn_moisture,mp5_rep8,mp5_rep8,ASTM-G,0.1,1,1,0.0001049041748046875,20,0.9,1.1091663677737482,1.1078375201367798,1.6799672928659024,1.0,0.3646789845359289,-0.18634351683524172,0.3216190219165498
corn_moisture,mp5_rep8,mp5_rep8,ASTM-G,0.2,1,1,0.0001270771026611328,20,0.85,0.8622253939199019,0.8611923963367314,1.3071755642055503,1.0,0.3646789845359289,-0.18634351683524172,0.3216190219165498
corn_moisture,mp5_rep8,mp5_rep8,GPR,0.05,1,1,0.028209209442138672,20,0.9,1.2672749588940415,1.2612199186131292,2.155100740209959,1.0,0.3646789845359289,-0.18634351683524172,0.3216190219165498
corn_moisture,mp5_rep8,mp5_rep8,GPR,0.1,1,1,9.5367431640625e-05,20,0.9,1.0635306714428268,1.058449121452135,1.710301601543696,1.0,0.3646789845359289,-0.18634351683524172,0.3216190219165498
corn_moisture,mp5_rep8,mp5_rep8,GPR,0.2,1,1,8.535385131835938e-05,20,0.85,0.8286265565881056,0.8246673785559349,1.313029887155142,1.0,0.3646789845359289,-0.18634351683524172,0.3216190219165498
corn_moisture,mp5_rep8,mp5_rep8,BAG,0.05,1,1,0.01749444007873535,20,0.95,1.3224489856875659,1.3208666053611111,2.106694768362776,1.0,0.3646789845359289,-0.18634351683524172,0.3216190219165498
corn_moisture,mp5_rep8,mp5_rep8,BAG,0.1,1,1,0.00010442733764648438,20,0.9,1.1098341743646645,1.1085061989326075,1.6911551795031734,1.0,0.3646789845359289,-0.18634351683524172,0.3216190219165498
corn_moisture,mp5_rep8,mp5_rep8,BAG,0.2,1,1,8.463859558105469e-05,20,0.85,0.8647029135887339,0.8636682507068372,1.309347264067923,1.0,0.3646789845359289,-0.18634351683524172,0.3216190219165498
corn_moisture,mp5_rep8,mp5_rep8,QGB,0.05,1,1,0.02990102767944336,20,0.7,0.8089929144546388,0.8441304752344738,3.0313523624869316,1.0,0.3646789845359289,-0.18634351683524172,0.3216190219165498
corn_moisture,mp5_rep8,mp5_rep8,QGB,0.1,1,1,0.026465892791748047,20,0.7,0.7030649374226356,0.7149301229524498,2.273472974883812,1.0,0.3646789845359289,-0.18634351683524172,0.3216190219165498
corn_moisture,mp5_rep8,mp5_rep8,QGB,0.2,1,1,0.026144027709960938,20,0.65,0.5666010940056763,0.5669996644657482,1.5619373824012281,1.0,0.3646789845359289,-0.18634351683524172,0.3216190219165498
corn_moisture,mp5_rep8,mp5_rep8,SCP,0.05,1,1,2.6702880859375e-05,20,0.9,1.147832336989886,1.147832336989886,2.287961498384462,1.0,0.3646789845359289,-0.18634351683524172,0.3216190219165498
corn_moisture,mp5_rep8,mp5_rep8,SCP,0.1,1,1,1.1205673217773438e-05,20,0.9,1.0747199438947987,1.0747199438947987,1.717896917687174,1.0,0.3646789845359289,-0.18634351683524172,0.3216190219165498
corn_moisture,mp5_rep8,mp5_rep8,SCP,0.2,1,1,8.106231689453125e-06,20,0.85,0.9190508956817425,0.9190508956817425,1.3436577414920725,1.0,0.3646789845359289,-0.18634351683524172,0.3216190219165498
corn_moisture,mp5_rep8,mp5_rep8,NCP-kNN,0.05,1,1,0.004366397857666016,20,0.95,1.6225274939662149,1.6259161752709748,2.5077900990594926,1.0,0.3646789845359289,-0.18634351683524172,0.3216190219165498
corn_moisture,mp5_rep8,mp5_rep8,NCP-kNN,0.1,1,1,2.3603439331054688e-05,20,0.95,1.4147989547802216,1.417753790852883,1.9372328907615242,1.0,0.3646789845359289,-0.18634351683524172,0.3216190219165498
corn_moisture,mp5_rep8,mp5_rep8,NCP-kNN,0.2,1,1,2.002716064453125e-05,20,0.65,0.9254183578424208,0.9273511126955523,1.4264967812463163,1.0,0.3646789845359289,-0.18634351683524172,0.3216190219165498
corn_moisture,mp5_rep8,mp5_rep8,CV+,0.05,1,1,0.00516819953918457,20,0.9,1.2799368633312178,1.281652441213602,2.034374293047341,1.0,0.3646789845359289,-0.18634351683524172,0.3216190219165498
corn_moisture,mp5_rep8,mp5_rep8,CV+,0.1,1,1,0.004513740539550781,20,0.9,1.10050426621974,1.0998189072853268,1.677038080134664,1.0,0.3646789845359289,-0.18634351683524172,0.3216190219165498
corn_moisture,mp5_rep8,mp5_rep8,CV+,0.2,1,1,0.004651546478271484,20,0.8,0.8253379825362405,0.8229372326552964,1.2988812357065407,1.0,0.3646789845359289,-0.18634351683524172,0.3216190219165498
corn_moisture,mp5_rep8,mp5_rep8,CQR,0.05,1,1,2.4318695068359375e-05,20,0.9,1.4244515666269715,1.4595891274068062,1.930848063932683,1.0,0.3646789845359289,-0.18634351683524172,0.3216190219165498
corn_moisture,mp5_rep8,mp5_rep8,CQR,0.1,1,1,1.5497207641601562e-05,20,0.9,1.1862647284178578,1.198129913947672,1.7373844066549136,1.0,0.3646789845359289,-0.18634351683524172,0.3216190219165498
corn_moisture,mp5_rep8,mp5_rep8,CQR,0.2,1,1,1.1682510375976562e-05,20,0.7,0.8734600491343404,0.8738586195944125,1.3959092436041558,1.0,0.3646789845359289,-0.18634351683524172,0.3216190219165498
corn_moisture,mp5_rep8,mp5_rep8,WCP,0.05,1,1,0.002559661865234375,20,0.9,inf,1.147832336989886,inf,0.85,0.3646789845359289,-0.18634351683524172,0.3216190219165498
corn_moisture,mp5_rep8,mp5_rep8,WCP,0.1,1,1,0.00010967254638671875,20,0.9,1.1132698538824362,1.1114507758241494,1.7197159957454609,1.0,0.3646789845359289,-0.18634351683524172,0.3216190219165498
corn_moisture,mp5_rep8,mp5_rep8,WCP,0.2,1,1,0.000125885009765625,20,0.9,1.0564873481333277,1.0486733785212685,1.3910991177162804,1.0,0.3646789845359289,-0.18634351683524172,0.3216190219165498
corn_moisture,mp5_rep8,mp5_rep8,R-U-A,0.05,1,1,4.935264587402344e-05,20,0.9,1.2525725531140353,1.2525725531140353,2.1032083662090955,1.0,0.3646789845359289,-0.18634351683524172,0.3216190219165498
corn_moisture,mp5_rep8,mp5_rep8,R-U-A,0.1,1,1,3.337860107421875e-05,20,0.9,1.0927524373489206,1.0927524373489206,1.6778904596615654,1.0,0.3646789845359289,-0.18634351683524172,0.3216190219165498
corn_moisture,mp5_rep8,mp5_rep8,R-U-A,0.2,1,1,3.910064697265625e-05,20,0.75,0.7964969085407958,0.7964969085407958,1.2975180613066897,1.0,0.3646789845359289,-0.18634351683524172,0.3216190219165498
corn_moisture,mp5_rep8,mp5_rep8,R-U-D,0.05,1,1,0.002891063690185547,20,0.9,1.1918528236365258,1.0690131438471386,1.7803288957456533,1.0,0.3646789845359289,-0.18634351683524172,0.3216190219165498
corn_moisture,mp5_rep8,mp5_rep8,R-U-D,0.1,1,1,0.0004749298095703125,20,0.7,1.0286275385494066,0.9226108601877101,1.6820856776269728,1.0,0.3646789845359289,-0.18634351683524172,0.3216190219165498
corn_moisture,mp5_rep8,mp5_rep8,R-U-D,0.2,1,1,0.0003616809844970703,20,0.65,0.8347825899803212,0.7487447638215023,1.4074946497190934,1.0,0.3646789845359289,-0.18634351683524172,0.3216190219165498
corn_moisture,mp5_rep8,mp5_rep8,G-U-A,0.05,1,1,4.124641418457031e-05,20,0.95,1.2801207972274646,1.2801207972274646,2.085511294934225,1.0,0.3646789845359289,-0.18634351683524172,0.3216190219165498
corn_moisture,mp5_rep8,mp5_rep8,G-U-A,0.1,1,1,3.4809112548828125e-05,20,0.9,1.0705606228999898,1.0705606228999898,1.6778904596615654,1.0,0.3646789845359289,-0.18634351683524172,0.3216190219165498
corn_moisture,mp5_rep8,mp5_rep8,G-U-A,0.2,1,1,3.314018249511719e-05,20,0.75,0.783357208627141,0.783357208627141,1.3008029862851034,1.0,0.3646789845359289,-0.18634351683524172,0.3216190219165498
corn_moisture,mp5_rep8,mp5_rep8,G-W-A,0.05,1,1,0.00010132789611816406,20,0.95,1.2801207972274646,1.2801207972274646,2.085511294934225,1.0,0.3646789845359289,-0.18634351683524172,0.3216190219165498
corn_moisture,mp5_rep8,mp5_rep8,G-W-A,0.1,1,1,7.2479248046875e-05,20,0.9,1.0705606228999898,1.0705606228999898,1.6778904596615654,1.0,0.3646789845359289,-0.18634351683524172,0.3216190219165498
corn_moisture,mp5_rep8,mp5_rep8,G-W-A,0.2,1,1,7.081031799316406e-05,20,0.75,0.783357208627141,0.783357208627141,1.3008029862851034,1.0,0.3646789845359289,-0.18634351683524172,0.3216190219165498
corn_moisture,mp5_rep8,mp5_rep8,G-U-D,0.05,1,1,0.0034706592559814453,20,0.6,0.4682200051287461,0.3501236334220348,5.2784926529933545,1.0,0.3646789845359289,-0.18634351683524172,0.3216190219165498
corn_moisture,mp5_rep8,mp5_rep8,G-U-D,0.1,1,1,0.0003826618194580078,20,0.6,0.4326095123863361,0.32349496533790756,2.9510391347566953,1.0,0.3646789845359289,-0.18634351683524172,0.3216190219165498
corn_moisture,mp5_rep8,mp5_rep8,G-U-D,0.2,1,1,0.0003390312194824219,20,0.4,0.3274002151651688,0.2448219889392913,1.811331501625166,1.0,0.3646789845359289,-0.18634351683524172,0.3216190219165498
corn_moisture,mp5_rep8,mp5_rep8,GC-D,0.05,1,1,0.0004551410675048828,20,0.6,0.4682200051287461,0.3501236334220348,5.2784926529933545,1.0,0.3646789845359289,-0.18634351683524172,0.3216190219165498
corn_moisture,mp5_rep8,mp5_rep8,GC-D,0.1,1,1,0.0003819465637207031,20,0.6,0.4326095123863361,0.32349496533790756,2.9510391347566953,1.0,0.3646789845359289,-0.18634351683524172,0.3216190219165498
corn_moisture,mp5_rep8,mp5_rep8,GC-D,0.2,1,1,0.0004107952117919922,20,0.4,0.3274002151651688,0.2448219889392913,1.811331501625166,1.0,0.3646789845359289,-0.18634351683524172,0.3216190219165498
corn_moisture,mp5_rep8,mp5_rep8,GC-D+,0.05,1,1,0.0004494190216064453,20,1.0,inf,inf,inf,0.0,0.3646789845359289,-0.18634351683524172,0.3216190219165498
corn_moisture,mp5_rep8,mp5_rep8,GC-D+,0.1,1,1,0.00043082237243652344,20,1.0,inf,inf,inf,0.0,0.3646789845359289,-0.18634351683524172,0.3216190219165498
corn_moisture,mp5_rep8,mp5_rep8,GC-D+,0.2,1,1,0.00036907196044921875,20,1.0,inf,inf,inf,0.0,0.3646789845359289,-0.18634351683524172,0.3216190219165498
corn_moisture,mp5_rep8,mp5_rep8,HJ+,0.05,1,1,0.0016121864318847656,20,1.0,inf,inf,inf,0.0,0.3646789845359289,-0.18634351683524172,0.3216190219165498
corn_moisture,mp5_rep8,mp5_rep8,HJ+,0.1,1,1,0.0003685951232910156,20,1.0,inf,inf,inf,0.0,0.3646789845359289,-0.18634351683524172,0.3216190219165498
corn_moisture,mp5_rep8,mp5_rep8,HJ+,0.2,1,1,0.00037932395935058594,20,1.0,inf,inf,inf,0.0,0.3646789845359289,-0.18634351683524172,0.3216190219165498
corn_moisture,mp5_rep8,mp5_rep8,HJ+-D,0.05,1,1,0.002140522003173828,20,1.0,inf,inf,inf,0.0,0.3646789845359289,-0.18634351683524172,0.3216190219165498
corn_moisture,mp5_rep8,mp5_rep8,HJ+-D,0.1,1,1,0.002283811569213867,20,1.0,inf,inf,inf,0.0,0.3646789845359289,-0.18634351683524172,0.3216190219165498
corn_moisture,mp5_rep8,mp5_rep8,HJ+-D,0.2,1,1,0.0020055770874023438,20,1.0,inf,inf,inf,0.0,0.3646789845359289,-0.18634351683524172,0.3216190219165498
corn_moisture,mp5_rep8,mp5_rep8,HCP-D,0.05,1,1,0.0002532005310058594,20,1.0,inf,inf,inf,0.0,0.3646789845359289,-0.18634351683524172,0.3216190219165498
corn_moisture,mp5_rep8,mp5_rep8,HCP-D,0.1,1,1,0.0001671314239501953,20,1.0,inf,inf,inf,0.0,0.3646789845359289,-0.18634351683524172,0.3216190219165498
corn_moisture,mp5_rep8,mp5_rep8,HCP-D,0.2,1,1,0.0001888275146484375,20,1.0,inf,inf,inf,0.0,0.3646789845359289,-0.18634351683524172,0.3216190219165498
corn_moisture,mp5_rep8,mp5_rep8,HCP-A,0.05,1,1,0.00020956993103027344,20,1.0,inf,inf,inf,0.0,0.3646789845359289,-0.18634351683524172,0.3216190219165498
corn_moisture,mp5_rep8,mp5_rep8,HCP-A,0.1,1,1,0.00016832351684570312,20,1.0,inf,inf,inf,0.0,0.3646789845359289,-0.18634351683524172,0.3216190219165498
corn_moisture,mp5_rep8,mp5_rep8,HCP-A,0.2,1,1,0.0001666545867919922,20,1.0,inf,inf,inf,0.0,0.3646789845359289,-0.18634351683524172,0.3216190219165498
corn_moisture,mp5_rep8,mp5_rep8,ORACLE,0.05,1,1,0.00012135505676269531,20,1.0,inf,inf,inf,0.0,0.3646789845359289,-0.18634351683524172,0.3216190219165498
corn_moisture,mp5_rep8,mp5_rep8,ORACLE,0.1,1,1,9.322166442871094e-05,20,0.9,1.545091472463076,1.545091472463076,2.2183102821327143,1.0,0.3646789845359289,-0.18634351683524172,0.3216190219165498
corn_moisture,mp5_rep8,mp5_rep8,ORACLE,0.2,1,1,9.226799011230469e-05,20,0.85,1.0385509486565336,1.0385509486565336,1.477193051676279,1.0,0.3646789845359289,-0.18634351683524172,0.3216190219165498
corn_moisture,mp5_rep9,mp5_rep9,ASTM-R,0.05,1,1,0.014729499816894531,20,0.95,1.3899382329948429,1.389013489284304,1.437457596833812,1.0,0.3015394823087234,-0.0858485067890836,0.29657002949174466
corn_moisture,mp5_rep9,mp5_rep9,ASTM-R,0.1,1,1,0.00011134147644042969,20,0.9,1.1636461779154545,1.162871989207801,1.3995225555296587,1.0,0.3015394823087234,-0.0858485067890836,0.29657002949174466
corn_moisture,mp5_rep9,mp5_rep9,ASTM-R,0.2,1,1,0.0001087188720703125,20,0.9,0.9045760070694848,0.903974181065001,1.1517672532018135,1.0,0.3015394823087234,-0.0858485067890836,0.29657002949174466
corn_moisture,mp5_rep9,mp5_rep9,ASTM-G,0.05,1,1,0.00011277198791503906,20,0.95,1.391745527956656,1.3908195818296285,1.4374589830180837,1.0,0.3015394823087234,-0.0858485067890836,0.29657002949174466
corn_moisture,mp5_rep9,mp5_rep9,ASTM-G,0.1,1,1,9.512901306152344e-05,20,0.9,1.1651592321107829,1.1643840367487925,1.3995258498015948,1.0,0.3015394823087234,-0.0858485067890836,0.29657002949174466
corn_moisture,mp5_rep9,mp5_rep9,ASTM-G,0.2,1,1,9.465217590332031e-05,20,0.9,0.905752200098316,0.9051495915575458,1.1523566301395263,1.0,0.3015394823087234,-0.0858485067890836,0.29657002949174466
corn_moisture,mp5_rep9,mp5_rep9,GPR,0.05,1,1,0.0305020809173584,20,0.9,1.310083298638585,1.3088578507427489,1.5931398634376426,1.0,0.3015394823087234,-0.0858485067890836,0.29657002949174466
corn_moisture,mp5_rep9,mp5_rep9,GPR,0.1,1,1,9.822845458984375e-05,20,0.9,1.0994565626571533,1.0984281343635711,1.4510249981242773,1.0,0.3015394823087234,-0.0858485067890836,0.29657002949174466
corn_moisture,mp5_rep9,mp5_rep9,GPR,0.2,1,1,8.416175842285156e-05,20,0.9,0.8566174254258611,0.8558161481157747,1.15348306550877,1.0,0.3015394823087234,-0.0858485067890836,0.29657002949174466
corn_moisture,mp5_rep9,mp5_rep9,BAG,0.05,1,1,0.018776416778564453,20,0.9,1.3494555435841873,1.3483023944863142,1.4522084631743644,1.0,0.3015394823087234,-0.0858485067890836,0.29657002949174466
corn_moisture,mp5_rep9,mp5_rep9,BAG,0.1,1,1,0.00010728836059570312,20,0.9,1.1324987922138319,1.1315310389841748,1.3997751128177867,1.0,0.3015394823087234,-0.0858485067890836,0.29657002949174466
corn_moisture,mp5_rep9,mp5_rep9,BAG,0.2,1,1,8.511543273925781e-05,20,0.9,0.8823615526379134,0.8816075489708357,1.1404590691628413,1.0,0.3015394823087234,-0.0858485067890836,0.29657002949174466
corn_moisture,mp5_rep9,mp5_rep9,QGB,0.05,1,1,0.030572175979614258,20,0.9,0.9847036542069599,0.9745589260888634,1.6204729742443464,1.0,0.3015394823087234,-0.0858485067890836,0.29657002949174466
corn_moisture,mp5_rep9,mp5_rep9,QGB,0.1,1,1,0.025723695755004883,20,0.6,0.7517082060854106,0.5800504249163367,1.7194378157387256,1.0,0.3015394823087234,-0.0858485067890836,0.29657002949174466
corn_moisture,mp5_rep9,mp5_rep9,QGB,0.2,1,1,0.026217937469482422,20,0.5,0.6360521018634151,0.5313702423393272,1.350668885125637,1.0,0.3015394823087234,-0.0858485067890836,0.29657002949174466
corn_moisture,mp5_rep9,mp5_rep9,SCP,0.05,1,1,4.00543212890625e-05,20,1.0,1.8647963891439936,1.8647963891439936,1.8647963891439936,1.0,0.3015394823087234,-0.0858485067890836,0.29657002949174466
corn_moisture,mp5_rep9,mp5_rep9,SCP,0.1,1,1,1.049041748046875e-05,20,0.9,1.0192569138450835,1.0192569138450835,1.3690401288122587,1.0,0.3015394823087234,-0.0858485067890836,0.29657002949174466
corn_moisture,mp5_rep9,mp5_rep9,SCP,0.2,1,1,1.0967254638671875e-05,20,0.9,0.8972467006383269,0.8972467006383269,1.1331434147252928,1.0,0.3015394823087234,-0.0858485067890836,0.29657002949174466
corn_moisture,mp5_rep9,mp5_rep9,NCP-kNN,0.05,1,1,0.00470733642578125,20,1.0,2.107002162553186,2.1618653628598707,2.107002162553186,1.0,0.3015394823087234,-0.0858485067890836,0.29657002949174466
corn_moisture,mp5_rep9,mp5_rep9,NCP-kNN,0.1,1,1,1.8835067749023438e-05,20,0.9,1.124674505100507,1.1539593552775855,1.441309582771635,1.0,0.3015394823087234,-0.0858485067890836,0.29657002949174466
corn_moisture,mp5_rep9,mp5_rep9,NCP-kNN,0.2,1,1,1.239776611328125e-05,20,0.9,0.9516351311886562,0.9764142936162905,1.1909127657342478,1.0,0.3015394823087234,-0.0858485067890836,0.29657002949174466
corn_moisture,mp5_rep9,mp5_rep9,CV+,0.05,1,1,0.005209445953369141,20,1.0,1.6586513962720755,1.658927609651446,1.6586513962720755,1.0,0.3015394823087234,-0.0858485067890836,0.29657002949174466
corn_moisture,mp5_rep9,mp5_rep9,CV+,0.1,1,1,0.0043888092041015625,20,0.9,1.0715105327055152,1.0699368442475619,1.4456681975851549,1.0,0.3015394823087234,-0.0858485067890836,0.29657002949174466
corn_moisture,mp5_rep9,mp5_rep9,CV+,0.2,1,1,0.004953861236572266,20,0.9,0.8290306649509815,0.8326399286609281,1.108733814152782,1.0,0.3015394823087234,-0.0858485067890836,0.29657002949174466
corn_moisture,mp5_rep9,mp5_rep9,CQR,0.05,1,1,2.5987625122070312e-05,20,1.0,1.8961375892919456,1.8859928611738495,1.8961375892919456,1.0,0.3015394823087234,-0.0858485067890836,0.29657002949174466
corn_moisture,mp5_rep9,mp5_rep9,CQR,0.1,1,1,1.2159347534179688e-05,20,0.95,1.1699904477514558,0.9983326665823817,1.379645046871449,1.0,0.3015394823087234,-0.0858485067890836,0.29657002949174466
corn_moisture,mp5_rep9,mp5_rep9,CQR,0.2,1,1,1.0728836059570312e-05,20,0.9,1.027038324374518,0.9223564648504299,1.1496000965265196,1.0,0.3015394823087234,-0.0858485067890836,0.29657002949174466
corn_moisture,mp5_rep9,mp5_rep9,WCP,0.05,1,1,0.002649545669555664,20,1.0,inf,inf,inf,0.5,0.3015394823087234,-0.0858485067890836,0.29657002949174466
corn_moisture,mp5_rep9,mp5_rep9,WCP,0.1,1,1,0.00010585784912109375,20,0.95,inf,1.0192569138450835,inf,0.85,0.3015394823087234,-0.0858485067890836,0.29657002949174466
corn_moisture,mp5_rep9,mp5_rep9,WCP,0.2,1,1,9.131431579589844e-05,20,0.9,0.8987196485331745,0.8972467006383269,1.1451278496193966,1.0,0.3015394823087234,-0.0858485067890836,0.29657002949174466
corn_moisture,mp5_rep9,mp5_rep9,R-U-A,0.05,1,1,5.650520324707031e-05,20,0.9,1.3573769838239507,1.3573769838239507,1.436601068886663,1.0,0.3015394823087234,-0.0858485067890836,0.29657002949174466
corn_moisture,mp5_rep9,mp5_rep9,R-U-A,0.1,1,1,3.647804260253906e-05,20,0.9,1.0502230396721899,1.0502230396721899,1.3969890263553069,1.0,0.3015394823087234,-0.0858485067890836,0.29657002949174466
corn_moisture,mp5_rep9,mp5_rep9,R-U-A,0.2,1,1,3.2901763916015625e-05,20,0.9,0.8316587604723331,0.8316587604723331,1.11432389341382,1.0,0.3015394823087234,-0.0858485067890836,0.29657002949174466
corn_moisture,mp5_rep9,mp5_rep9,R-U-D,0.05,1,1,0.0029573440551757812,20,0.95,1.2331448544327626,1.1025519652360423,1.4597622548476648,1.0,0.3015394823087234,-0.0858485067890836,0.29657002949174466
corn_moisture,mp5_rep9,mp5_rep9,R-U-D,0.1,1,1,0.00036835670471191406,20,0.9,1.062414529570726,0.9499023762397716,1.3155926702217617,1.0,0.3015394823087234,-0.0858485067890836,0.29657002949174466
corn_moisture,mp5_rep9,mp5_rep9,R-U-D,0.2,1,1,0.00036644935607910156,20,0.9,0.9062985502839348,0.8103194398567002,1.1169259839650274,1.0,0.3015394823087234,-0.0858485067890836,0.29657002949174466
corn_moisture,mp5_rep9,mp5_rep9,G-U-A,0.05,1,1,4.029273986816406e-05,20,0.95,1.3821173134227642,1.3821173134227642,1.4363915226416886,1.0,0.3015394823087234,-0.0858485067890836,0.29657002949174466
corn_moisture,mp5_rep9,mp5_rep9,G-U-A,0.1,1,1,3.3855438232421875e-05,20,0.9,1.0776692383803663,1.0776692383803663,1.3969890263553069,1.0,0.3015394823087234,-0.0858485067890836,0.29657002949174466
corn_moisture,mp5_rep9,mp5_rep9,G-U-A,0.2,1,1,4.220008850097656e-05,20,0.9,0.8275500348782785,0.8275500348782785,1.1122695306167927,1.0,0.3015394823087234,-0.0858485067890836,0.29657002949174466
corn_moisture,mp5_rep9,mp5_rep9,G-W-A,0.05,1,1,0.00012803077697753906,20,0.95,1.3821173134227642,1.3821173134227642,1.4363915226416886,1.0,0.3015394823087234,-0.0858485067890836,0.29657002949174466
corn_moisture,mp5_rep9,mp5_rep9,G-W-A,0.1,1,1,7.653236389160156e-05,20,0.9,1.0776692383803663,1.0776692383803663,1.3969890263553069,1.0,0.3015394823087234,-0.0858485067890836,0.29657002949174466
corn_moisture,mp5_rep9,mp5_rep9,G-W-A,0.2,1,1,6.985664367675781e-05,20,0.9,0.8275500348782785,0.8275500348782785,1.1122695306167927,1.0,0.3015394823087234,-0.0858485067890836,0.29657002949174466
corn_moisture,mp5_rep9,mp5_rep9,G-U-D,0.05,1,1,0.0031664371490478516,20,0.6,0.5827150257078264,0.4778944833962342,3.1386992241584784,1.0,0.3015394823087234,-0.0858485067890836,0.29657002949174466
corn_moisture,mp5_rep9,mp5_rep9,G-U-D,0.1,1,1,0.0004191398620605469,20,0.35,0.4468465495213353,0.3664664398888515,2.3139196331084984,1.0,0.3015394823087234,-0.0858485067890836,0.29657002949174466
corn_moisture,mp5_rep9,mp5_rep9,G-U-D,0.2,1,1,0.0003533363342285156,20,0.35,0.3626136213486479,0.29738558575240504,1.4997802776643712,1.0,0.3015394823087234,-0.0858485067890836,0.29657002949174466
corn_moisture,mp5_rep9,mp5_rep9,GC-D,0.05,1,1,0.00044608116149902344,20,0.6,0.5827150257078264,0.4778944833962342,3.1386992241584784,1.0,0.3015394823087234,-0.0858485067890836,0.29657002949174466
corn_moisture,mp5_rep9,mp5_rep9,GC-D,0.1,1,1,0.0003833770751953125,20,0.35,0.4468465495213353,0.3664664398888515,2.3139196331084984,1.0,0.3015394823087234,-0.0858485067890836,0.29657002949174466
corn_moisture,mp5_rep9,mp5_rep9,GC-D,0.2,1,1,0.0004100799560546875,20,0.35,0.3626136213486479,0.29738558575240504,1.4997802776643712,1.0,0.3015394823087234,-0.0858485067890836,0.29657002949174466
corn_moisture,mp5_rep9,mp5_rep9,GC-D+,0.05,1,1,0.0004086494445800781,20,1.0,inf,inf,inf,0.0,0.3015394823087234,-0.0858485067890836,0.29657002949174466
corn_moisture,mp5_rep9,mp5_rep9,GC-D+,0.1,1,1,0.00040268898010253906,20,1.0,inf,inf,inf,0.0,0.3015394823087234,-0.0858485067890836,0.29657002949174466
corn_moisture,mp5_rep9,mp5_rep9,GC-D+,0.2,1,1,0.0015096664428710938,20,1.0,inf,inf,inf,0.0,0.3015394823087234,-0.0858485067890836,0.29657002949174466
corn_moisture,mp5_rep9,mp5_rep9,HJ+,0.05,1,1,0.001668691635131836,20,1.0,inf,inf,inf,0.0,0.3015394823087234,-0.0858485067890836,0.29657002949174466
corn_moisture,mp5_rep9,mp5_rep9,HJ+,0.1,1,1,0.0005717277526855469,20,1.0,inf,inf,inf,0.0,0.3015394823087234,-0.0858485067890836,0.29657002949174466
corn_moisture,mp5_rep9,mp5_rep9,HJ+,0.2,1,1,0.002577543258666992,20,1.0,inf,inf,inf,0.0,0.3015394823087234,-0.0858485067890836,0.29657002949174466
corn_moisture,mp5_rep9,mp5_rep9,HJ+-D,0.05,1,1,0.0024614334106445312,20,1.0,inf,inf,inf,0.0,0.3015394823087234,-0.0858485067890836,0.29657002949174466
corn_moisture,mp5_rep9,mp5_rep9,HJ+-D,0.1,1,1,0.002795696258544922,20,1.0,inf,inf,inf,0.0,0.3015394823087234,-0.0858485067890836,0.29657002949174466
corn_moisture,mp5_rep9,mp5_rep9,HJ+-D,0.2,1,1,0.0020492076873779297,20,1.0,inf,inf,inf,0.0,0.3015394823087234,-0.0858485067890836,0.29657002949174466
corn_moisture,mp5_rep9,mp5_rep9,HCP-D,0.05,1,1,0.00026726722717285156,20,1.0,inf,inf,inf,0.0,0.3015394823087234,-0.0858485067890836,0.29657002949174466
corn_moisture,mp5_rep9,mp5_rep9,HCP-D,0.1,1,1,0.00019598007202148438,20,1.0,inf,inf,inf,0.0,0.3015394823087234,-0.0858485067890836,0.29657002949174466
corn_moisture,mp5_rep9,mp5_rep9,HCP-D,0.2,1,1,0.00014328956604003906,20,1.0,inf,inf,inf,0.0,0.3015394823087234,-0.0858485067890836,0.29657002949174466
corn_moisture,mp5_rep9,mp5_rep9,HCP-A,0.05,1,1,0.00013494491577148438,20,1.0,inf,inf,inf,0.0,0.3015394823087234,-0.0858485067890836,0.29657002949174466
corn_moisture,mp5_rep9,mp5_rep9,HCP-A,0.1,1,1,0.00013828277587890625,20,1.0,inf,inf,inf,0.0,0.3015394823087234,-0.0858485067890836,0.29657002949174466
corn_moisture,mp5_rep9,mp5_rep9,HCP-A,0.2,1,1,0.0001628398895263672,20,1.0,inf,inf,inf,0.0,0.3015394823087234,-0.0858485067890836,0.29657002949174466
corn_moisture,mp5_rep9,mp5_rep9,ORACLE,0.05,1,1,0.0001087188720703125,20,1.0,inf,inf,inf,0.0,0.3015394823087234,-0.0858485067890836,0.29657002949174466
corn_moisture,mp5_rep9,mp5_rep9,ORACLE,0.1,1,1,9.059906005859375e-05,20,0.95,1.3969890263553069,1.3969890263553069,1.4363915226416886,1.0,0.3015394823087234,-0.0858485067890836,0.29657002949174466
corn_moisture,mp5_rep9,mp5_rep9,ORACLE,0.2,1,1,9.34600830078125e-05,20,0.75,0.6354715422514303,0.6354715422514303,1.0840449171691215,1.0,0.3015394823087234,-0.0858485067890836,0.29657002949174466
corn_moisture,mp6_rep0,mp6_rep0,ASTM-R,0.05,1,1,0.014156341552734375,20,0.95,1.3596789148143487,1.3575082592750842,1.813481107386081,1.0,0.3175946503879313,0.018574254847179804,0.32528749876783786
corn_moisture,mp6_rep0,mp6_rep0,ASTM-R,0.1,1,1,0.00012087821960449219,20,0.9,1.138313296848365,1.1364960398207682,1.4910064470890438,1.0,0.3175946503879313,0.018574254847179804,0.32528749876783786
corn_moisture,mp6_rep0,mp6_rep0,ASTM-R,0.2,1,1,9.775161743164062e-05,20,0.9,0.8848831512528786,0.8834704820609538,1.187491458948967,1.0,0.3175946503879313,0.018574254847179804,0.32528749876783786
corn_moisture,mp6_rep0,mp6_rep0,ASTM-G,0.05,1,1,0.00011420249938964844,20,0.95,1.4171587387735995,1.4148963197327369,1.8136275772149788,1.0,0.3175946503879313,0.018574254847179804,0.32528749876783786
corn_moisture,mp6_rep0,mp6_rep0,ASTM-G,0.1,1,1,0.00011396408081054688,20,0.95,1.1864349873448687,1.184540906581244,1.4997373176670687,1.0,0.3175946503879313,0.018574254847179804,0.32528749876783786
corn_moisture,mp6_rep0,mp6_rep0,ASTM-G,0.2,1,1,0.000133514404296875,20,0.9,0.9222911945815992,0.9208188054252187,1.206262396767391,1.0,0.3175946503879313,0.018574254847179804,0.32528749876783786
corn_moisture,mp6_rep0,mp6_rep0,GPR,0.05,1,1,0.030841827392578125,20,0.95,1.3086818946521899,1.3029977634605476,1.8811254045910115,1.0,0.3175946503879313,0.018574254847179804,0.32528749876783786
corn_moisture,mp6_rep0,mp6_rep0,GPR,0.1,1,1,0.00010013580322265625,20,0.9,1.0982804673574287,1.093510194086905,1.5570111680100749,1.0,0.3175946503879313,0.018574254847179804,0.32528749876783786
corn_moisture,mp6_rep0,mp6_rep0,GPR,0.2,1,1,0.0001049041748046875,20,0.9,0.8557010966122235,0.8519844429977343,1.2057031638003202,1.0,0.3175946503879313,0.018574254847179804,0.32528749876783786
corn_moisture,mp6_rep0,mp6_rep0,BAG,0.05,1,1,0.03186392784118652,20,0.95,1.366849421848754,1.3653395142135558,1.8040907289924903,1.0,0.3175946503879313,0.018574254847179804,0.32528749876783786
corn_moisture,mp6_rep0,mp6_rep0,BAG,0.1,1,1,0.00010275840759277344,20,0.9,1.1470961950109753,1.145829040578695,1.4801539909980863,1.0,0.3175946503879313,0.018574254847179804,0.32528749876783786
corn_moisture,mp6_rep0,mp6_rep0,BAG,0.2,1,1,8.916854858398438e-05,20,0.9,0.8937347983182823,0.8927475227821091,1.1857788251494221,1.0,0.3175946503879313,0.018574254847179804,0.32528749876783786
corn_moisture,mp6_rep0,mp6_rep0,QGB,0.05,1,1,0.03475666046142578,20,0.85,0.929673487489663,0.8734910475792281,2.2197446718139604,1.0,0.3175946503879313,0.018574254847179804,0.32528749876783786
corn_moisture,mp6_rep0,mp6_rep0,QGB,0.1,1,1,0.025674819946289062,20,0.7,0.8113120613451976,0.7936892734500542,1.7721382076967196,1.0,0.3175946503879313,0.018574254847179804,0.32528749876783786
corn_moisture,mp6_rep0,mp6_rep0,QGB,0.2,1,1,0.026309967041015625,20,0.65,0.6436723815907184,0.6951519505389836,1.2638627379639285,1.0,0.3175946503879313,0.018574254847179804,0.32528749876783786
corn_moisture,mp6_rep0,mp6_rep0,SCP,0.05,1,1,2.6941299438476562e-05,20,0.9,1.2006689088449214,1.2006689088449214,1.8311314263570537,1.0,0.3175946503879313,0.018574254847179804,0.32528749876783786
corn_moisture,mp6_rep0,mp6_rep0,SCP,0.1,1,1,1.0013580322265625e-05,20,0.9,0.9823569653296573,0.9823569653296573,1.5159001676009876,1.0,0.3175946503879313,0.018574254847179804,0.32528749876783786
corn_moisture,mp6_rep0,mp6_rep0,SCP,0.2,1,1,9.298324584960938e-06,20,0.9,0.8337042643905939,0.8337042643905939,1.1748022159957907,1.0,0.3175946503879313,0.018574254847179804,0.32528749876783786
corn_moisture,mp6_rep0,mp6_rep0,NCP-kNN,0.05,1,1,0.004220247268676758,20,0.95,1.182786524854313,1.187797373089559,1.766600934159511,1.0,0.3175946503879313,0.018574254847179804,0.32528749876783786
corn_moisture,mp6_rep0,mp6_rep0,NCP-kNN,0.1,1,1,1.5735626220703125e-05,20,0.95,1.0322689823031963,1.0366421663897416,1.4030810869324073,1.0,0.3175946503879313,0.018574254847179804,0.32528749876783786
corn_moisture,mp6_rep0,mp6_rep0,NCP-kNN,0.2,1,1,1.1444091796875e-05,20,0.9,0.863757499814842,0.8674167888350315,1.1392260949249216,1.0,0.3175946503879313,0.018574254847179804,0.32528749876783786
corn_moisture,mp6_rep0,mp6_rep0,CV+,0.05,1,1,0.005204200744628906,20,0.95,1.2641326665742283,1.2513135704606988,1.7872108531785087,1.0,0.3175946503879313,0.018574254847179804,0.32528749876783786
corn_moisture,mp6_rep0,mp6_rep0,CV+,0.1,1,1,0.0044252872467041016,20,0.9,1.1077379087126213,1.106800976466876,1.4827049459207386,1.0,0.3175946503879313,0.018574254847179804,0.32528749876783786
corn_moisture,mp6_rep0,mp6_rep0,CV+,0.2,1,1,0.0043828487396240234,20,0.9,0.8679914918327064,0.8672597807160445,1.17585135563665,1.0,0.3175946503879313,0.018574254847179804,0.32528749876783786
corn_moisture,mp6_rep0,mp6_rep0,CQR,0.05,1,1,2.5033950805664062e-05,20,0.95,1.4833074141519988,1.427124974241564,1.7219090428420365,1.0,0.3175946503879313,0.018574254847179804,0.32528749876783786
corn_moisture,mp6_rep0,mp6_rep0,CQR,0.1,1,1,1.33514404296875e-05,20,0.9,1.1361631438271076,1.1185403559319642,1.51769238858729,1.0,0.3175946503879313,0.018574254847179804,0.32528749876783786
corn_moisture,mp6_rep0,mp6_rep0,CQR,0.2,1,1,1.4066696166992188e-05,20,0.75,0.7726730825168493,0.8241526514651145,1.1886222570251312,1.0,0.3175946503879313,0.018574254847179804,0.32528749876783786
corn_moisture,mp6_rep0,mp6_rep0,WCP,0.05,1,1,0.0027811527252197266,20,1.0,inf,inf,inf,0.15,0.3175946503879313,0.018574254847179804,0.32528749876783786
corn_moisture,mp6_rep0,mp6_rep0,WCP,0.1,1,1,0.00010848045349121094,20,1.0,inf,inf,inf,0.45,0.3175946503879313,0.018574254847179804,0.32528749876783786
corn_moisture,mp6_rep0,mp6_rep0,WCP,0.2,1,1,7.748603820800781e-05,20,1.0,inf,0.9823569653296573,inf,0.75,0.3175946503879313,0.018574254847179804,0.32528749876783786
corn_moisture,mp6_rep0,mp6_rep0,R-U-A,0.05,1,1,5.078315734863281e-05,20,0.95,1.2140098900168468,1.2140098900168468,1.8100163796905129,1.0,0.3175946503879313,0.018574254847179804,0.32528749876783786
corn_moisture,mp6_rep0,mp6_rep0,R-U-A,0.1,1,1,3.5762786865234375e-05,20,0.9,1.081848328853372,1.081848328853372,1.4869339781135782,1.0,0.3175946503879313,0.018574254847179804,0.32528749876783786
corn_moisture,mp6_rep0,mp6_rep0,R-U-A,0.2,1,1,3.6716461181640625e-05,20,0.9,0.8426478561247741,0.8426478561247741,1.1647909171191762,1.0,0.3175946503879313,0.018574254847179804,0.32528749876783786
corn_moisture,mp6_rep0,mp6_rep0,R-U-D,0.05,1,1,0.002803325653076172,20,0.95,1.293842800186851,1.3128053353442617,1.7495840624940755,1.0,0.3175946503879313,0.018574254847179804,0.32528749876783786
corn_moisture,mp6_rep0,mp6_rep0,R-U-D,0.1,1,1,0.0003662109375,20,0.95,1.148340857429811,1.1651709189168464,1.4523604846509255,1.0,0.3175946503879313,0.018574254847179804,0.32528749876783786
corn_moisture,mp6_rep0,mp6_rep0,R-U-D,0.2,1,1,0.0003769397735595703,20,0.9,0.8996708431657294,0.9128564017136167,1.1642108300627985,1.0,0.3175946503879313,0.018574254847179804,0.32528749876783786
corn_moisture,mp6_rep0,mp6_rep0,G-U-A,0.05,1,1,4.076957702636719e-05,20,0.95,1.3370962010202518,1.3370962010202518,1.8100163796905129,1.0,0.3175946503879313,0.018574254847179804,0.32528749876783786
corn_moisture,mp6_rep0,mp6_rep0,G-U-A,0.1,1,1,4.1484832763671875e-05,20,0.9,1.110791095331571,1.110791095331571,1.4869339781135782,1.0,0.3175946503879313,0.018574254847179804,0.32528749876783786
corn_moisture,mp6_rep0,mp6_rep0,G-U-A,0.2,1,1,3.409385681152344e-05,20,0.9,0.938130500068894,0.938130500068894,1.212532239091236,1.0,0.3175946503879313,0.018574254847179804,0.32528749876783786
corn_moisture,mp6_rep0,mp6_rep0,G-W-A,0.05,1,1,9.703636169433594e-05,20,0.95,1.3370962010202518,1.3370962010202518,1.8100163796905129,1.0,0.3175946503879313,0.018574254847179804,0.32528749876783786
corn_moisture,mp6_rep0,mp6_rep0,G-W-A,0.1,1,1,7.963180541992188e-05,20,0.9,1.110791095331571,1.110791095331571,1.4869339781135782,1.0,0.3175946503879313,0.018574254847179804,0.32528749876783786
corn_moisture,mp6_rep0,mp6_rep0,G-W-A,0.2,1,1,0.00010061264038085938,20,0.9,0.938130500068894,0.938130500068894,1.212532239091236,1.0,0.3175946503879313,0.018574254847179804,0.32528749876783786
corn_moisture,mp6_rep0,mp6_rep0,G-U-D,0.05,1,1,0.003024578094482422,20,0.95,1.5839207317185602,1.5331380877316025,1.9786198486643585,1.0,0.3175946503879313,0.018574254847179804,0.32528749876783786
corn_moisture,mp6_rep0,mp6_rep0,G-U-D,0.1,1,1,0.0003809928894042969,20,0.95,1.3965652296090973,1.3517894567818463,1.6776208319185515,1.0,0.3175946503879313,0.018574254847179804,0.32528749876783786
corn_moisture,mp6_rep0,mp6_rep0,G-U-D,0.2,1,1,0.0003921985626220703,20,0.9,1.013931116445694,0.9814231115420053,1.2830940917796867,1.0,0.3175946503879313,0.018574254847179804,0.32528749876783786
corn_moisture,mp6_rep0,mp6_rep0,GC-D,0.05,1,1,0.0003924369812011719,20,0.95,1.5839207317185602,1.5331380877316025,1.9786198486643585,1.0,0.3175946503879313,0.018574254847179804,0.32528749876783786
corn_moisture,mp6_rep0,mp6_rep0,GC-D,0.1,1,1,0.0004055500030517578,20,0.95,1.3965652296090973,1.3517894567818463,1.6776208319185515,1.0,0.3175946503879313,0.018574254847179804,0.32528749876783786
corn_moisture,mp6_rep0,mp6_rep0,GC-D,0.2,1,1,0.0004127025604248047,20,0.9,1.013931116445694,0.9814231115420053,1.2830940917796867,1.0,0.3175946503879313,0.018574254847179804,0.32528749876783786
corn_moisture,mp6_rep0,mp6_rep0,GC-D+,0.05,1,1,0.0004303455352783203,20,1.0,inf,inf,inf,0.0,0.3175946503879313,0.018574254847179804,0.32528749876783786
corn_moisture,mp6_rep0,mp6_rep0,GC-D+,0.1,1,1,0.00038909912109375,20,1.0,inf,inf,inf,0.0,0.3175946503879313,0.018574254847179804,0.32528749876783786
corn_moisture,mp6_rep0,mp6_rep0,GC-D+,0.2,1,1,0.0004291534423828125,20,1.0,inf,inf,inf,0.0,0.3175946503879313,0.018574254847179804,0.32528749876783786
corn_moisture,mp6_rep0,mp6_rep0,HJ+,0.05,1,1,0.001547098159790039,20,1.0,inf,inf,inf,0.0,0.3175946503879313,0.018574254847179804,0.32528749876783786
corn_moisture,mp6_rep0,mp6_rep0,HJ+,0.1,1,1,0.0003523826599121094,20,1.0,inf,inf,inf,0.0,0.3175946503879313,0.018574254847179804,0.32528749876783786
corn_moisture,mp6_rep0,mp6_rep0,HJ+,0.2,1,1,0.00037169456481933594,20,1.0,inf,inf,inf,0.0,0.3175946503879313,0.018574254847179804,0.32528749876783786
corn_moisture,mp6_rep0,mp6_rep0,HJ+-D,0.05,1,1,0.002375364303588867,20,1.0,inf,inf,inf,0.0,0.3175946503879313,0.018574254847179804,0.32528749876783786
corn_moisture,mp6_rep0,mp6_rep0,HJ+-D,0.1,1,1,0.0021610260009765625,20,1.0,inf,inf,inf,0.0,0.3175946503879313,0.018574254847179804,0.32528749876783786
corn_moisture,mp6_rep0,mp6_rep0,HJ+-D,0.2,1,1,0.0021097660064697266,20,1.0,inf,inf,inf,0.0,0.3175946503879313,0.018574254847179804,0.32528749876783786
corn_moisture,mp6_rep0,mp6_rep0,HCP-D,0.05,1,1,0.000255584716796875,20,1.0,inf,inf,inf,0.0,0.3175946503879313,0.018574254847179804,0.32528749876783786
corn_moisture,mp6_rep0,mp6_rep0,HCP-D,0.1,1,1,0.0001678466796875,20,1.0,inf,inf,inf,0.0,0.3175946503879313,0.018574254847179804,0.32528749876783786
corn_moisture,mp6_rep0,mp6_rep0,HCP-D,0.2,1,1,0.00018668174743652344,20,1.0,inf,inf,inf,0.0,0.3175946503879313,0.018574254847179804,0.32528749876783786
corn_moisture,mp6_rep0,mp6_rep0,HCP-A,0.05,1,1,0.00013589859008789062,20,1.0,inf,inf,inf,0.0,0.3175946503879313,0.018574254847179804,0.32528749876783786
corn_moisture,mp6_rep0,mp6_rep0,HCP-A,0.1,1,1,0.00013971328735351562,20,1.0,inf,inf,inf,0.0,0.3175946503879313,0.018574254847179804,0.32528749876783786
corn_moisture,mp6_rep0,mp6_rep0,HCP-A,0.2,1,1,0.00013756752014160156,20,1.0,inf,inf,inf,0.0,0.3175946503879313,0.018574254847179804,0.32528749876783786
corn_moisture,mp6_rep0,mp6_rep0,ORACLE,0.05,1,1,0.000141143798828125,20,1.0,inf,inf,inf,0.0,0.3175946503879313,0.018574254847179804,0.32528749876783786
corn_moisture,mp6_rep0,mp6_rep0,ORACLE,0.1,1,1,0.00013303756713867188,20,0.95,1.4869339781135782,1.4869339781135782,1.8100163796905129,1.0,0.3175946503879313,0.018574254847179804,0.32528749876783786
corn_moisture,mp6_rep0,mp6_rep0,ORACLE,0.2,1,1,9.489059448242188e-05,20,0.85,0.7078352821782747,0.7078352821782747,1.1500931646246295,1.0,0.3175946503879313,0.018574254847179804,0.32528749876783786
corn_moisture,mp6_rep1,mp6_rep1,ASTM-R,0.05,1,1,0.014097452163696289,20,0.95,1.2859009654593092,1.281994420737636,1.7654171778242547,1.0,0.35279937054202865,-0.04210668061662774,0.3593772732501846
corn_moisture,mp6_rep1,mp6_rep1,ASTM-R,0.1,1,1,0.00013017654418945312,20,0.9,1.0765469343270235,1.0732764035031916,1.4438333647916883,1.0,0.35279937054202865,-0.04210668061662774,0.3593772732501846
corn_moisture,mp6_rep1,mp6_rep1,ASTM-R,0.2,1,1,0.00014209747314453125,20,0.85,0.8368682386091997,0.834325847485708,1.1569589594966458,1.0,0.35279937054202865,-0.04210668061662774,0.3593772732501846
corn_moisture,mp6_rep1,mp6_rep1,ASTM-G,0.05,1,1,0.00010824203491210938,20,0.95,1.3184670551742876,1.3144615752396405,1.7655121854754754,1.0,0.35279937054202865,-0.04210668061662774,0.3593772732501846
corn_moisture,mp6_rep1,mp6_rep1,ASTM-G,0.1,1,1,0.00010919570922851562,20,0.9,1.1038110277427684,1.1004576690783132,1.443861990973705,1.0,0.35279937054202865,-0.04210668061662774,0.3593772732501846
corn_moisture,mp6_rep1,mp6_rep1,ASTM-G,0.2,1,1,0.00010704994201660156,20,0.85,0.858062348319218,0.8554555698598101,1.1622932129770367,1.0,0.35279937054202865,-0.04210668061662774,0.3593772732501846
corn_moisture,mp6_rep1,mp6_rep1,GPR,0.05,1,1,0.03011608123779297,20,0.95,1.2382067238180718,1.2309779539835883,1.8144055080909935,1.0,0.35279937054202865,-0.04210668061662774,0.3593772732501846
corn_moisture,mp6_rep1,mp6_rep1,GPR,0.1,1,1,0.00021600723266601562,20,0.9,1.0391358395627879,1.0330692646795576,1.460299580630571,1.0,0.35279937054202865,-0.04210668061662774,0.3593772732501846
corn_moisture,mp6_rep1,mp6_rep1,GPR,0.2,1,1,0.0002334117889404297,20,0.8,0.8096198592900583,0.8048932207541384,1.1472848903465334,1.0,0.35279937054202865,-0.04210668061662774,0.3593772732501846
corn_moisture,mp6_rep1,mp6_rep1,BAG,0.05,1,1,0.018651485443115234,20,0.95,1.274366167359094,1.2686910968084817,1.7632482302031178,1.0,0.35279937054202865,-0.04210668061662774,0.3593772732501846
corn_moisture,mp6_rep1,mp6_rep1,BAG,0.1,1,1,0.00014925003051757812,20,0.9,1.069481801185626,1.064719131844754,1.442729370627049,1.0,0.35279937054202865,-0.04210668061662774,0.3593772732501846
corn_moisture,mp6_rep1,mp6_rep1,BAG,0.2,1,1,9.1552734375e-05,20,0.85,0.8332632485792212,0.82955251939946,1.1541949816554813,1.0,0.35279937054202865,-0.04210668061662774,0.3593772732501846
corn_moisture,mp6_rep1,mp6_rep1,QGB,0.05,1,1,0.02985405921936035,20,0.75,0.8481065202581306,0.8317639279058806,2.6008924284900266,1.0,0.35279937054202865,-0.04210668061662774,0.3593772732501846
corn_moisture,mp6_rep1,mp6_rep1,QGB,0.1,1,1,0.026337385177612305,20,0.65,0.7478871330805094,0.7197546226341647,1.9792865958470274,1.0,0.35279937054202865,-0.04210668061662774,0.3593772732501846
corn_moisture,mp6_rep1,mp6_rep1,QGB,0.2,1,1,0.026880741119384766,20,0.55,0.5722542619352119,0.5618338950469468,1.5375756504660685,1.0,0.35279937054202865,-0.04210668061662774,0.3593772732501846
corn_moisture,mp6_rep1,mp6_rep1,SCP,0.05,1,1,2.9325485229492188e-05,20,1.0,1.9346535292280365,1.9346535292280365,1.9346535292280365,1.0,0.35279937054202865,-0.04210668061662774,0.3593772732501846
corn_moisture,mp6_rep1,mp6_rep1,SCP,0.1,1,1,1.1205673217773438e-05,20,0.95,1.3832913184150613,1.3832913184150613,1.573282867141904,1.0,0.35279937054202865,-0.04210668061662774,0.3593772732501846
corn_moisture,mp6_rep1,mp6_rep1,SCP,0.2,1,1,1.1682510375976562e-05,20,0.6,0.6601420843983021,0.6601420843983021,1.2558315166367704,1.0,0.35279937054202865,-0.04210668061662774,0.3593772732501846
corn_moisture,mp6_rep1,mp6_rep1,NCP-kNN,0.05,1,1,0.00439763069152832,20,1.0,2.8805681862100156,2.8727374473622316,2.8805681862100156,1.0,0.35279937054202865,-0.04210668061662774,0.3593772732501846
corn_moisture,mp6_rep1,mp6_rep1,NCP-kNN,0.1,1,1,1.9788742065429688e-05,20,0.95,1.3583391900372495,1.3546465853925085,1.548330738764092,1.0,0.35279937054202865,-0.04210668061662774,0.3593772732501846
corn_moisture,mp6_rep1,mp6_rep1,NCP-kNN,0.2,1,1,1.2636184692382812e-05,20,0.7,0.7583670437830105,0.7563054455542098,1.2158057096620936,1.0,0.35279937054202865,-0.04210668061662774,0.3593772732501846
corn_moisture,mp6_rep1,mp6_rep1,CV+,0.05,1,1,0.0052716732025146484,20,0.95,1.3064420331628437,1.3015828846900357,1.7345343712180057,1.0,0.35279937054202865,-0.04210668061662774,0.3593772732501846
corn_moisture,mp6_rep1,mp6_rep1,CV+,0.1,1,1,0.004575252532958984,20,0.9,1.0843596544866476,1.085572654277648,1.4389081960164902,1.0,0.35279937054202865,-0.04210668061662774,0.3593772732501846
corn_moisture,mp6_rep1,mp6_rep1,CV+,0.2,1,1,0.0044324398040771484,20,0.8,0.8489702378715951,0.8538539166382098,1.154242683097534,1.0,0.35279937054202865,-0.04210668061662774,0.3593772732501846
corn_moisture,mp6_rep1,mp6_rep1,CQR,0.05,1,1,2.5033950805664062e-05,20,0.95,1.9724867871382472,1.9561441947859972,2.013135059967211,1.0,0.35279937054202865,-0.04210668061662774,0.3593772732501846
corn_moisture,mp6_rep1,mp6_rep1,CQR,0.1,1,1,1.4066696166992188e-05,20,0.95,1.4437812222121011,1.4156487117657566,1.759480873159069,1.0,0.35279937054202865,-0.04210668061662774,0.3593772732501846
corn_moisture,mp6_rep1,mp6_rep1,CQR,0.2,1,1,1.1444091796875e-05,20,0.6,0.7002823276594136,0.6898619607711485,1.3834478939659163,1.0,0.35279937054202865,-0.04210668061662774,0.3593772732501846
corn_moisture,mp6_rep1,mp6_rep1,WCP,0.05,1,1,0.0030028820037841797,20,1.0,inf,inf,inf,0.4,0.35279937054202865,-0.04210668061662774,0.3593772732501846
corn_moisture,mp6_rep1,mp6_rep1,WCP,0.1,1,1,0.00011348724365234375,20,1.0,inf,1.625780507805576,inf,0.85,0.35279937054202865,-0.04210668061662774,0.3593772732501846
corn_moisture,mp6_rep1,mp6_rep1,WCP,0.2,1,1,7.843971252441406e-05,20,0.95,1.3964181778836735,1.3832913184150613,1.4307916548994661,1.0,0.35279937054202865,-0.04210668061662774,0.3593772732501846
corn_moisture,mp6_rep1,mp6_rep1,R-U-A,0.05,1,1,5.316734313964844e-05,20,0.95,1.2406520919187507,1.2406520919187507,1.76166571636535,1.0,0.35279937054202865,-0.04210668061662774,0.3593772732501846
corn_moisture,mp6_rep1,mp6_rep1,R-U-A,0.1,1,1,4.267692565917969e-05,20,0.9,1.0025135622701136,1.0025135622701136,1.4427030345796137,1.0,0.35279937054202865,-0.04210668061662774,0.3593772732501846
corn_moisture,mp6_rep1,mp6_rep1,R-U-A,0.2,1,1,3.3855438232421875e-05,20,0.85,0.8363402099735957,0.8363402099735957,1.1554162774209358,1.0,0.35279937054202865,-0.04210668061662774,0.3593772732501846
corn_moisture,mp6_rep1,mp6_rep1,R-U-D,0.05,1,1,0.0028607845306396484,20,0.95,1.3630004888676726,1.3884015677341974,1.6186954277205348,1.0,0.35279937054202865,-0.04210668061662774,0.3593772732501846
corn_moisture,mp6_rep1,mp6_rep1,R-U-D,0.1,1,1,0.00042176246643066406,20,0.9,1.1195326719226792,1.1403964485136804,1.4168564776950103,1.0,0.35279937054202865,-0.04210668061662774,0.3593772732501846
corn_moisture,mp6_rep1,mp6_rep1,R-U-D,0.2,1,1,0.00042557716369628906,20,0.9,0.8964689358504299,0.9131756636373325,1.1592376336542112,1.0,0.35279937054202865,-0.04210668061662774,0.3593772732501846
corn_moisture,mp6_rep1,mp6_rep1,G-U-A,0.05,1,1,4.124641418457031e-05,20,0.95,1.3322925352593735,1.3322925352593735,1.76166571636535,1.0,0.35279937054202865,-0.04210668061662774,0.3593772732501846
corn_moisture,mp6_rep1,mp6_rep1,G-U-A,0.1,1,1,3.361701965332031e-05,20,0.9,1.0674034324090869,1.0674034324090869,1.4427030345796137,1.0,0.35279937054202865,-0.04210668061662774,0.3593772732501846
corn_moisture,mp6_rep1,mp6_rep1,G-U-A,0.2,1,1,6.67572021484375e-05,20,0.85,0.827899924876931,0.827899924876931,1.1533062061467696,1.0,0.35279937054202865,-0.04210668061662774,0.3593772732501846
corn_moisture,mp6_rep1,mp6_rep1,G-W-A,0.05,1,1,0.00010752677917480469,20,0.95,1.3322925352593735,1.3322925352593735,1.76166571636535,1.0,0.35279937054202865,-0.04210668061662774,0.3593772732501846
corn_moisture,mp6_rep1,mp6_rep1,G-W-A,0.1,1,1,7.224082946777344e-05,20,0.9,1.0674034324090869,1.0674034324090869,1.4427030345796137,1.0,0.35279937054202865,-0.04210668061662774,0.3593772732501846
corn_moisture,mp6_rep1,mp6_rep1,G-W-A,0.2,1,1,7.772445678710938e-05,20,0.85,0.827899924876931,0.827899924876931,1.1533062061467696,1.0,0.35279937054202865,-0.04210668061662774,0.3593772732501846
corn_moisture,mp6_rep1,mp6_rep1,G-U-D,0.05,1,1,0.0031375885009765625,20,0.95,1.4786416904797037,1.4984510691878814,1.8133775448063205,1.0,0.35279937054202865,-0.04210668061662774,0.3593772732501846
corn_moisture,mp6_rep1,mp6_rep1,G-U-D,0.1,1,1,0.00044035911560058594,20,0.95,1.2028495520037361,1.2189641404520533,1.5032909751467263,1.0,0.35279937054202865,-0.04210668061662774,0.3593772732501846
corn_moisture,mp6_rep1,mp6_rep1,G-U-D,0.2,1,1,0.00034427642822265625,20,0.85,0.8828720839411177,0.8946999307915551,1.1893462433649276,1.0,0.35279937054202865,-0.04210668061662774,0.3593772732501846
corn_moisture,mp6_rep1,mp6_rep1,GC-D,0.05,1,1,0.0004470348358154297,20,0.95,1.4786416904797037,1.4984510691878814,1.8133775448063205,1.0,0.35279937054202865,-0.04210668061662774,0.3593772732501846
corn_moisture,mp6_rep1,mp6_rep1,GC-D,0.1,1,1,0.0004296302795410156,20,0.95,1.2028495520037361,1.2189641404520533,1.5032909751467263,1.0,0.35279937054202865,-0.04210668061662774,0.3593772732501846
corn_moisture,mp6_rep1,mp6_rep1,GC-D,0.2,1,1,0.00039839744567871094,20,0.85,0.8828720839411177,0.8946999307915551,1.1893462433649276,1.0,0.35279937054202865,-0.04210668061662774,0.3593772732501846
corn_moisture,mp6_rep1,mp6_rep1,GC-D+,0.05,1,1,0.0004367828369140625,20,1.0,inf,inf,inf,0.0,0.35279937054202865,-0.04210668061662774,0.3593772732501846
corn_moisture,mp6_rep1,mp6_rep1,GC-D+,0.1,1,1,0.00045800209045410156,20,1.0,inf,inf,inf,0.0,0.35279937054202865,-0.04210668061662774,0.3593772732501846
corn_moisture,mp6_rep1,mp6_rep1,GC-D+,0.2,1,1,0.0004315376281738281,20,1.0,inf,inf,inf,0.0,0.35279937054202865,-0.04210668061662774,0.3593772732501846
corn_moisture,mp6_rep1,mp6_rep1,HJ+,0.05,1,1,0.0015344619750976562,20,1.0,inf,inf,inf,0.0,0.35279937054202865,-0.04210668061662774,0.3593772732501846
corn_moisture,mp6_rep1,mp6_rep1,HJ+,0.1,1,1,0.0003807544708251953,20,1.0,inf,inf,inf,0.0,0.35279937054202865,-0.04210668061662774,0.3593772732501846
corn_moisture,mp6_rep1,mp6_rep1,HJ+,0.2,1,1,0.0003414154052734375,20,1.0,inf,inf,inf,0.0,0.35279937054202865,-0.04210668061662774,0.3593772732501846
corn_moisture,mp6_rep1,mp6_rep1,HJ+-D,0.05,1,1,0.002357959747314453,20,1.0,inf,inf,inf,0.0,0.35279937054202865,-0.04210668061662774,0.3593772732501846
corn_moisture,mp6_rep1,mp6_rep1,HJ+-D,0.1,1,1,0.0021393299102783203,20,1.0,inf,inf,inf,0.0,0.35279937054202865,-0.04210668061662774,0.3593772732501846
corn_moisture,mp6_rep1,mp6_rep1,HJ+-D,0.2,1,1,0.0021762847900390625,20,1.0,inf,inf,inf,0.0,0.35279937054202865,-0.04210668061662774,0.3593772732501846
corn_moisture,mp6_rep1,mp6_rep1,HCP-D,0.05,1,1,0.0002624988555908203,20,1.0,inf,inf,inf,0.0,0.35279937054202865,-0.04210668061662774,0.3593772732501846
corn_moisture,mp6_rep1,mp6_rep1,HCP-D,0.1,1,1,0.00016546249389648438,20,1.0,inf,inf,inf,0.0,0.35279937054202865,-0.04210668061662774,0.3593772732501846
corn_moisture,mp6_rep1,mp6_rep1,HCP-D,0.2,1,1,0.00016999244689941406,20,1.0,inf,inf,inf,0.0,0.35279937054202865,-0.04210668061662774,0.3593772732501846
corn_moisture,mp6_rep1,mp6_rep1,HCP-A,0.05,1,1,0.0001513957977294922,20,1.0,inf,inf,inf,0.0,0.35279937054202865,-0.04210668061662774,0.3593772732501846
corn_moisture,mp6_rep1,mp6_rep1,HCP-A,0.1,1,1,0.00014352798461914062,20,1.0,inf,inf,inf,0.0,0.35279937054202865,-0.04210668061662774,0.3593772732501846
corn_moisture,mp6_rep1,mp6_rep1,HCP-A,0.2,1,1,0.00012946128845214844,20,1.0,inf,inf,inf,0.0,0.35279937054202865,-0.04210668061662774,0.3593772732501846
corn_moisture,mp6_rep1,mp6_rep1,ORACLE,0.05,1,1,0.00013446807861328125,20,1.0,inf,inf,inf,0.0,0.35279937054202865,-0.04210668061662774,0.3593772732501846
corn_moisture,mp6_rep1,mp6_rep1,ORACLE,0.1,1,1,0.00011348724365234375,20,0.9,1.330792273458135,1.330792273458135,1.8735764774868287,1.0,0.35279937054202865,-0.04210668061662774,0.3593772732501846
corn_moisture,mp6_rep1,mp6_rep1,ORACLE,0.2,1,1,9.632110595703125e-05,20,0.85,0.9548645794161814,0.9548645794161814,1.2933486935807963,1.0,0.35279937054202865,-0.04210668061662774,0.3593772732501846
corn_moisture,mp6_rep2,mp6_rep2,ASTM-R,0.05,1,1,0.01577901840209961,20,0.9,1.3339874241838137,1.3323978668506946,2.2631503939877327,1.0,0.3535163075204606,0.08642616308921403,0.3516940925780416
corn_moisture,mp6_rep2,mp6_rep2,ASTM-R,0.1,1,1,0.00010800361633300781,20,0.9,1.1168045677786158,1.1154738019421533,1.7979278890229016,1.0,0.3535163075204606,0.08642616308921403,0.3516940925780416
corn_moisture,mp6_rep2,mp6_rep2,ASTM-R,0.2,1,1,9.131431579589844e-05,20,0.9,0.8681630514250193,0.8671285627036731,1.3326785347229628,1.0,0.3535163075204606,0.08642616308921403,0.3516940925780416
corn_moisture,mp6_rep2,mp6_rep2,ASTM-G,0.05,1,1,0.00010228157043457031,20,0.9,1.3499498482457652,1.3483412703523605,2.2472821968297416,1.0,0.3535163075204606,0.08642616308921403,0.3516940925780416
corn_moisture,mp6_rep2,mp6_rep2,ASTM-G,0.1,1,1,9.441375732421875e-05,20,0.9,1.1301681930887368,1.128821503377564,1.7979673320621816,1.0,0.3535163075204606,0.08642616308921403,0.3516940925780416
corn_moisture,mp6_rep2,mp6_rep2,ASTM-G,0.2,1,1,0.000133514404296875,20,0.9,0.8785514452963046,0.8775045779367812,1.3378880624471465,1.0,0.3535163075204606,0.08642616308921403,0.3516940925780416
corn_moisture,mp6_rep2,mp6_rep2,GPR,0.05,1,1,0.028023242950439453,20,0.9,1.27063509849369,1.2666265028132013,2.3765911272478193,1.0,0.3535163075204606,0.08642616308921403,0.3516940925780416
corn_moisture,mp6_rep2,mp6_rep2,GPR,0.1,1,1,0.00010347366333007812,20,0.9,1.0663505894878218,1.0629864699447893,1.822629490895256,1.0,0.3535163075204606,0.08642616308921403,0.3516940925780416
corn_moisture,mp6_rep2,mp6_rep2,GPR,0.2,1,1,9.250640869140625e-05,20,0.9,0.8308236337784747,0.8282025539471682,1.3261595357654787,1.0,0.3535163075204606,0.08642616308921403,0.3516940925780416
corn_moisture,mp6_rep2,mp6_rep2,BAG,0.05,1,1,0.02007746696472168,20,0.9,1.3034237738444054,1.3024200802015944,2.293026263643289,1.0,0.3535163075204606,0.08642616308921403,0.3516940925780416
corn_moisture,mp6_rep2,mp6_rep2,BAG,0.1,1,1,8.916854858398438e-05,20,0.9,1.0938677132712036,1.0930253870133004,1.7974246708796415,1.0,0.3535163075204606,0.08642616308921403,0.3516940925780416
corn_moisture,mp6_rep2,mp6_rep2,BAG,0.2,1,1,8.463859558105469e-05,20,0.9,0.8522629962153838,0.851606716217681,1.3243824586324904,1.0,0.3535163075204606,0.08642616308921403,0.3516940925780416
corn_moisture,mp6_rep2,mp6_rep2,QGB,0.05,1,1,0.030582904815673828,20,0.8,0.852977382851631,0.8517560811100857,3.1585095315754304,1.0,0.3535163075204606,0.08642616308921403,0.3516940925780416
corn_moisture,mp6_rep2,mp6_rep2,QGB,0.1,1,1,0.02637314796447754,20,0.8,0.740946098381524,0.7683003270962807,2.1736202045957973,1.0,0.3535163075204606,0.08642616308921403,0.3516940925780416
corn_moisture,mp6_rep2,mp6_rep2,QGB,0.2,1,1,0.025911569595336914,20,0.75,0.6606112814145094,0.666365446270337,1.52657026549807,1.0,0.3535163075204606,0.08642616308921403,0.3516940925780416
corn_moisture,mp6_rep2,mp6_rep2,SCP,0.05,1,1,3.409385681152344e-05,20,0.95,1.8427767684429384,1.8427767684429384,1.9901021966766628,1.0,0.3535163075204606,0.08642616308921403,0.3516940925780416
corn_moisture,mp6_rep2,mp6_rep2,SCP,0.1,1,1,1.33514404296875e-05,20,0.9,1.3118748989713112,1.3118748989713112,1.824027424433007,1.0,0.3535163075204606,0.08642616308921403,0.3516940925780416
corn_moisture,mp6_rep2,mp6_rep2,SCP,0.2,1,1,1.1682510375976562e-05,20,0.9,1.063829288400136,1.063829288400136,1.4439283564165715,1.0,0.3535163075204606,0.08642616308921403,0.3516940925780416
corn_moisture,mp6_rep2,mp6_rep2,NCP-kNN,0.05,1,1,0.004616975784301758,20,0.95,2.12718263488828,2.133364434952698,2.2506165524892783,1.0,0.3535163075204606,0.08642616308921403,0.3516940925780416
corn_moisture,mp6_rep2,mp6_rep2,NCP-kNN,0.1,1,1,1.7881393432617188e-05,20,0.9,1.3937945494745714,1.3978450522825643,1.968208316051036,1.0,0.3535163075204606,0.08642616308921403,0.3516940925780416
corn_moisture,mp6_rep2,mp6_rep2,NCP-kNN,0.2,1,1,1.2636184692382812e-05,20,0.9,1.097925274347568,1.101115952204923,1.5177637163107118,1.0,0.3535163075204606,0.08642616308921403,0.3516940925780416
corn_moisture,mp6_rep2,mp6_rep2,CV+,0.05,1,1,0.005374908447265625,20,0.9,1.250194823940267,1.2479393739804099,2.3230182829909554,1.0,0.3535163075204606,0.08642616308921403,0.3516940925780416
corn_moisture,mp6_rep2,mp6_rep2,CV+,0.1,1,1,0.004526853561401367,20,0.9,1.0604060604137264,1.0646524772746417,1.7987431908962024,1.0,0.3535163075204606,0.08642616308921403,0.3516940925780416
corn_moisture,mp6_rep2,mp6_rep2,CV+,0.2,1,1,0.004507780075073242,20,0.9,0.8891693251103202,0.8885642028678049,1.3379849494146658,1.0,0.3535163075204606,0.08642616308921403,0.3516940925780416
corn_moisture,mp6_rep2,mp6_rep2,CQR,0.05,1,1,2.47955322265625e-05,20,0.95,1.8654008725259075,1.864179570784362,2.0374891440710146,1.0,0.3535163075204606,0.08642616308921403,0.3516940925780416
corn_moisture,mp6_rep2,mp6_rep2,CQR,0.1,1,1,1.3113021850585938e-05,20,0.9,1.3709381463886594,1.3982923751034164,1.9433753935186335,1.0,0.3535163075204606,0.08642616308921403,0.3516940925780416
corn_moisture,mp6_rep2,mp6_rep2,CQR,0.2,1,1,1.1205673217773438e-05,20,0.9,1.1757765512479126,1.1815307161037403,1.5894927021734895,1.0,0.3535163075204606,0.08642616308921403,0.3516940925780416
corn_moisture,mp6_rep2,mp6_rep2,WCP,0.05,1,1,0.002834796905517578,20,1.0,inf,inf,inf,0.35,0.3535163075204606,0.08642616308921403,0.3516940925780416
corn_moisture,mp6_rep2,mp6_rep2,WCP,0.1,1,1,0.0001251697540283203,20,1.0,inf,1.8427767684429384,inf,0.65,0.3535163075204606,0.08642616308921403,0.3516940925780416
corn_moisture,mp6_rep2,mp6_rep2,WCP,0.2,1,1,8.344650268554688e-05,20,0.95,inf,1.7923210488045989,inf,0.95,0.3535163075204606,0.08642616308921403,0.3516940925780416
corn_moisture,mp6_rep2,mp6_rep2,R-U-A,0.05,1,1,6.937980651855469e-05,20,0.9,1.1867700624588764,1.1867700624588764,2.4024931682182817,1.0,0.3535163075204606,0.08642616308921403,0.3516940925780416
corn_moisture,mp6_rep2,mp6_rep2,R-U-A,0.1,1,1,3.7670135498046875e-05,20,0.9,1.0445784864756327,1.0445784864756327,1.794631615338579,1.0,0.3535163075204606,0.08642616308921403,0.3516940925780416
corn_moisture,mp6_rep2,mp6_rep2,R-U-A,0.2,1,1,3.814697265625e-05,20,0.9,0.881764726205283,0.881764726205283,1.338198170771931,1.0,0.3535163075204606,0.08642616308921403,0.3516940925780416
corn_moisture,mp6_rep2,mp6_rep2,R-U-D,0.05,1,1,0.0029709339141845703,20,0.9,1.297128933349139,1.3084836324079205,2.0135179352338213,1.0,0.3535163075204606,0.08642616308921403,0.3516940925780416
corn_moisture,mp6_rep2,mp6_rep2,R-U-D,0.1,1,1,0.0005202293395996094,20,0.9,1.1218846308277362,1.1317052909288332,1.674144204066534,1.0,0.3535163075204606,0.08642616308921403,0.3516940925780416
corn_moisture,mp6_rep2,mp6_rep2,R-U-D,0.2,1,1,0.0003616809844970703,20,0.9,0.9164347781031033,0.9244569884206975,1.3063218736582163,1.0,0.3535163075204606,0.08642616308921403,0.3516940925780416
corn_moisture,mp6_rep2,mp6_rep2,G-U-A,0.05,1,1,3.933906555175781e-05,20,0.9,1.1542034668595278,1.1542034668595278,2.4350597638176303,1.0,0.3535163075204606,0.08642616308921403,0.3516940925780416
corn_moisture,mp6_rep2,mp6_rep2,G-U-A,0.1,1,1,4.076957702636719e-05,20,0.9,1.0415082830819138,1.0415082830819138,1.794631615338579,1.0,0.3535163075204606,0.08642616308921403,0.3516940925780416
corn_moisture,mp6_rep2,mp6_rep2,G-U-A,0.2,1,1,4.076957702636719e-05,20,0.9,0.8951630812766318,0.8951630812766318,1.3448973483076054,1.0,0.3535163075204606,0.08642616308921403,0.3516940925780416
corn_moisture,mp6_rep2,mp6_rep2,G-W-A,0.05,1,1,0.00010323524475097656,20,0.9,1.1542034668595278,1.1542034668595278,2.4350597638176303,1.0,0.3535163075204606,0.08642616308921403,0.3516940925780416
corn_moisture,mp6_rep2,mp6_rep2,G-W-A,0.1,1,1,7.677078247070312e-05,20,0.9,1.0415082830819138,1.0415082830819138,1.794631615338579,1.0,0.3535163075204606,0.08642616308921403,0.3516940925780416
corn_moisture,mp6_rep2,mp6_rep2,G-W-A,0.2,1,1,8.344650268554688e-05,20,0.9,0.8951630812766318,0.8951630812766318,1.3448973483076054,1.0,0.3535163075204606,0.08642616308921403,0.3516940925780416
corn_moisture,mp6_rep2,mp6_rep2,G-U-D,0.05,1,1,0.0032215118408203125,20,0.9,1.2542495134114842,1.264416961684562,2.394360895592901,1.0,0.3535163075204606,0.08642616308921403,0.3516940925780416
corn_moisture,mp6_rep2,mp6_rep2,G-U-D,0.1,1,1,0.0003681182861328125,20,0.9,1.153811241452804,1.1631644969166697,1.8219289914867312,1.0,0.3535163075204606,0.08642616308921403,0.3516940925780416
corn_moisture,mp6_rep2,mp6_rep2,G-U-D,0.2,1,1,0.0004475116729736328,20,0.9,0.9524895238318651,0.9602107849211912,1.3848277785857486,1.0,0.3535163075204606,0.08642616308921403,0.3516940925780416
corn_moisture,mp6_rep2,mp6_rep2,GC-D,0.05,1,1,0.0004773139953613281,20,0.9,1.2542495134114842,1.264416961684562,2.394360895592901,1.0,0.3535163075204606,0.08642616308921403,0.3516940925780416
corn_moisture,mp6_rep2,mp6_rep2,GC-D,0.1,1,1,0.0004558563232421875,20,0.9,1.153811241452804,1.1631644969166697,1.8219289914867312,1.0,0.3535163075204606,0.08642616308921403,0.3516940925780416
corn_moisture,mp6_rep2,mp6_rep2,GC-D,0.2,1,1,0.00047850608825683594,20,0.9,0.9524895238318651,0.9602107849211912,1.3848277785857486,1.0,0.3535163075204606,0.08642616308921403,0.3516940925780416
corn_moisture,mp6_rep2,mp6_rep2,GC-D+,0.05,1,1,0.00042438507080078125,20,1.0,inf,inf,inf,0.0,0.3535163075204606,0.08642616308921403,0.3516940925780416
corn_moisture,mp6_rep2,mp6_rep2,GC-D+,0.1,1,1,0.00044035911560058594,20,1.0,inf,inf,inf,0.0,0.3535163075204606,0.08642616308921403,0.3516940925780416
corn_moisture,mp6_rep2,mp6_rep2,GC-D+,0.2,1,1,0.00037479400634765625,20,1.0,inf,inf,inf,0.0,0.3535163075204606,0.08642616308921403,0.3516940925780416
corn_moisture,mp6_rep2,mp6_rep2,HJ+,0.05,1,1,0.0016937255859375,20,1.0,inf,inf,inf,0.0,0.3535163075204606,0.08642616308921403,0.3516940925780416
corn_moisture,mp6_rep2,mp6_rep2,HJ+,0.1,1,1,0.00040912628173828125,20,1.0,inf,inf,inf,0.0,0.3535163075204606,0.08642616308921403,0.3516940925780416
corn_moisture,mp6_rep2,mp6_rep2,HJ+,0.2,1,1,0.00035309791564941406,20,1.0,inf,inf,inf,0.0,0.3535163075204606,0.08642616308921403,0.3516940925780416
corn_moisture,mp6_rep2,mp6_rep2,HJ+-D,0.05,1,1,0.0022056102752685547,20,1.0,inf,inf,inf,0.0,0.3535163075204606,0.08642616308921403,0.3516940925780416
corn_moisture,mp6_rep2,mp6_rep2,HJ+-D,0.1,1,1,0.0021123886108398438,20,1.0,inf,inf,inf,0.0,0.3535163075204606,0.08642616308921403,0.3516940925780416
corn_moisture,mp6_rep2,mp6_rep2,HJ+-D,0.2,1,1,0.0022649765014648438,20,1.0,inf,inf,inf,0.0,0.3535163075204606,0.08642616308921403,0.3516940925780416
corn_moisture,mp6_rep2,mp6_rep2,HCP-D,0.05,1,1,0.00028252601623535156,20,1.0,inf,inf,inf,0.0,0.3535163075204606,0.08642616308921403,0.3516940925780416
corn_moisture,mp6_rep2,mp6_rep2,HCP-D,0.1,1,1,0.00018596649169921875,20,1.0,inf,inf,inf,0.0,0.3535163075204606,0.08642616308921403,0.3516940925780416
corn_moisture,mp6_rep2,mp6_rep2,HCP-D,0.2,1,1,0.00014591217041015625,20,1.0,inf,inf,inf,0.0,0.3535163075204606,0.08642616308921403,0.3516940925780416
corn_moisture,mp6_rep2,mp6_rep2,HCP-A,0.05,1,1,0.0001380443572998047,20,1.0,inf,inf,inf,0.0,0.3535163075204606,0.08642616308921403,0.3516940925780416
corn_moisture,mp6_rep2,mp6_rep2,HCP-A,0.1,1,1,0.00016641616821289062,20,1.0,inf,inf,inf,0.0,0.3535163075204606,0.08642616308921403,0.3516940925780416
corn_moisture,mp6_rep2,mp6_rep2,HCP-A,0.2,1,1,0.0001456737518310547,20,1.0,inf,inf,inf,0.0,0.3535163075204606,0.08642616308921403,0.3516940925780416
corn_moisture,mp6_rep2,mp6_rep2,ORACLE,0.05,1,1,0.00011205673217773438,20,1.0,inf,inf,inf,0.0,0.3535163075204606,0.08642616308921403,0.3516940925780416
corn_moisture,mp6_rep2,mp6_rep2,ORACLE,0.1,1,1,0.00046563148498535156,20,0.95,1.7946316153385795,1.794631615338579,1.8736597356859441,1.0,0.3535163075204606,0.08642616308921403,0.3516940925780416
corn_moisture,mp6_rep2,mp6_rep2,ORACLE,0.2,1,1,0.00015425682067871094,20,0.75,0.7018850462573205,0.7018850462573205,1.4198991014265436,1.0,0.3535163075204606,0.08642616308921403,0.3516940925780416
corn_moisture,mp6_rep3,mp6_rep3,ASTM-R,0.05,1,1,0.016005754470825195,20,0.95,1.3238142155492194,1.3199922765148422,1.7842427751326426,1.0,0.3315407135999666,0.042909795179132446,0.3372926173799398
corn_moisture,mp6_rep3,mp6_rep3,ASTM-R,0.1,1,1,0.0001220703125,20,0.95,1.10828763151212,1.1050879319542517,1.4459847301633835,1.0,0.3315407135999666,0.042909795179132446,0.3372926173799398
corn_moisture,mp6_rep3,mp6_rep3,ASTM-R,0.2,1,1,0.00010848045349121094,20,0.85,0.8615422964682045,0.8590549669819652,1.1098332651857443,1.0,0.3315407135999666,0.042909795179132446,0.3372926173799398
corn_moisture,mp6_rep3,mp6_rep3,ASTM-G,0.05,1,1,0.00012302398681640625,20,0.95,1.3745174779530651,1.3705491552528564,1.7843747394027702,1.0,0.3315407135999666,0.042909795179132446,0.3372926173799398
corn_moisture,mp6_rep3,mp6_rep3,ASTM-G,0.1,1,1,0.00010275840759277344,20,0.95,1.150736033968791,1.1474137830707178,1.4672641711552257,1.0,0.3315407135999666,0.042909795179132446,0.3372926173799398
corn_moisture,mp6_rep3,mp6_rep3,ASTM-G,0.2,1,1,0.00010347366333007812,20,0.9,0.8945401330352609,0.8919575366164381,1.1263342271493995,1.0,0.3315407135999666,0.042909795179132446,0.3372926173799398
corn_moisture,mp6_rep3,mp6_rep3,GPR,0.05,1,1,0.02843475341796875,20,0.95,1.2923662074239926,1.284857262711478,1.827814543387103,1.0,0.3315407135999666,0.042909795179132446,0.3372926173799398
corn_moisture,mp6_rep3,mp6_rep3,GPR,0.1,1,1,9.751319885253906e-05,20,0.95,1.084587911001704,1.0782862059487623,1.4556569379646749,1.0,0.3315407135999666,0.042909795179132446,0.3372926173799398
corn_moisture,mp6_rep3,mp6_rep3,GPR,0.2,1,1,7.867813110351562e-05,20,0.85,0.845032842156957,0.8401230071151815,1.1180615018784423,1.0,0.3315407135999666,0.042909795179132446,0.3372926173799398
corn_moisture,mp6_rep3,mp6_rep3,BAG,0.05,1,1,0.015169143676757812,20,0.95,1.3316971117779093,1.3272133882764976,1.8088754183875893,1.0,0.3315407135999666,0.042909795179132446,0.3372926173799398
corn_moisture,mp6_rep3,mp6_rep3,BAG,0.1,1,1,9.5367431640625e-05,20,0.95,1.1175954464401683,1.1138325870602408,1.4627549969600226,1.0,0.3315407135999666,0.042909795179132446,0.3372926173799398
corn_moisture,mp6_rep3,mp6_rep3,BAG,0.2,1,1,7.82012939453125e-05,20,0.85,0.8707499382090436,0.8678181889942476,1.1191411988646454,1.0,0.3315407135999666,0.042909795179132446,0.3372926173799398
corn_moisture,mp6_rep3,mp6_rep3,QGB,0.05,1,1,0.03093409538269043,20,0.85,0.9549986880458862,0.9454114880211062,2.1528913271981756,1.0,0.3315407135999666,0.042909795179132446,0.3372926173799398
corn_moisture,mp6_rep3,mp6_rep3,QGB,0.1,1,1,0.027298927307128906,20,0.8,0.8505580199470397,0.8693493950578643,1.5937661832160621,1.0,0.3315407135999666,0.042909795179132446,0.3372926173799398
corn_moisture,mp6_rep3,mp6_rep3,QGB,0.2,1,1,0.026071548461914062,20,0.5,0.5792730341334785,0.5838779996979682,1.4232656610652394,1.0,0.3315407135999666,0.042909795179132446,0.3372926173799398
corn_moisture,mp6_rep3,mp6_rep3,SCP,0.05,1,1,2.8133392333984375e-05,20,0.95,1.7674792593190816,1.7674792593190816,1.7696970223269126,1.0,0.3315407135999666,0.042909795179132446,0.3372926173799398
corn_moisture,mp6_rep3,mp6_rep3,SCP,0.1,1,1,1.0728836059570312e-05,20,0.95,1.3888365469079424,1.3888365469079424,1.5792667846174275,1.0,0.3315407135999666,0.042909795179132446,0.3372926173799398
corn_moisture,mp6_rep3,mp6_rep3,SCP,0.2,1,1,8.821487426757812e-06,20,0.85,0.8562780834870054,0.8562780834870054,1.1164773585491226,1.0,0.3315407135999666,0.042909795179132446,0.3372926173799398
corn_moisture,mp6_rep3,mp6_rep3,NCP-kNN,0.05,1,1,0.006158351898193359,20,0.95,1.590525388748138,1.5932082188363328,1.971385864167108,1.0,0.3315407135999666,0.042909795179132446,0.3372926173799398
corn_moisture,mp6_rep3,mp6_rep3,NCP-kNN,0.1,1,1,1.71661376953125e-05,20,0.95,1.3472528665976446,1.3495253550171853,1.643895105703411,1.0,0.3315407135999666,0.042909795179132446,0.3372926173799398
corn_moisture,mp6_rep3,mp6_rep3,NCP-kNN,0.2,1,1,1.5020370483398438e-05,20,0.8,0.8956259711721553,0.8971366746920264,1.154954419950059,1.0,0.3315407135999666,0.042909795179132446,0.3372926173799398
corn_moisture,mp6_rep3,mp6_rep3,CV+,0.05,1,1,0.005099773406982422,20,0.95,1.3019709530668244,1.3019709530668244,1.7867815160343028,1.0,0.3315407135999666,0.042909795179132446,0.3372926173799398
corn_moisture,mp6_rep3,mp6_rep3,CV+,0.1,1,1,0.004407167434692383,20,0.95,1.092363580854046,1.0930687930715957,1.4395437368976292,1.0,0.3315407135999666,0.042909795179132446,0.3372926173799398
corn_moisture,mp6_rep3,mp6_rep3,CV+,0.2,1,1,0.004407167434692383,20,0.85,0.843761268721748,0.8483975788850087,1.104306410019425,1.0,0.3315407135999666,0.042909795179132446,0.3372926173799398
corn_moisture,mp6_rep3,mp6_rep3,CQR,0.05,1,1,2.3603439331054688e-05,20,0.95,1.789106394192973,1.7795191941681932,1.8974302018081624,1.0,0.3315407135999666,0.042909795179132446,0.3372926173799398
corn_moisture,mp6_rep3,mp6_rep3,CQR,0.1,1,1,1.239776611328125e-05,20,0.95,1.4421426245245137,1.4609339996353379,1.6786542223180014,1.0,0.3315407135999666,0.042909795179132446,0.3372926173799398
corn_moisture,mp6_rep3,mp6_rep3,CQR,0.2,1,1,1.1444091796875e-05,20,0.8,0.8961353249269447,0.9007402904914343,1.2298295776955388,1.0,0.3315407135999666,0.042909795179132446,0.3372926173799398
corn_moisture,mp6_rep3,mp6_rep3,WCP,0.05,1,1,0.0026428699493408203,20,1.0,inf,1.7674792593190816,inf,0.55,0.3315407135999666,0.042909795179132446,0.3372926173799398
corn_moisture,mp6_rep3,mp6_rep3,WCP,0.1,1,1,0.00011444091796875,20,1.0,inf,1.6594756125862347,inf,0.85,0.3315407135999666,0.042909795179132446,0.3372926173799398
corn_moisture,mp6_rep3,mp6_rep3,WCP,0.2,1,1,0.0001068115234375,20,0.95,1.578283892882747,1.6594756125862347,1.6058392453179167,1.0,0.3315407135999666,0.042909795179132446,0.3372926173799398
corn_moisture,mp6_rep3,mp6_rep3,R-U-A,0.05,1,1,5.030632019042969e-05,20,0.95,1.19088301830811,1.19088301830811,1.7807973128791694,1.0,0.3315407135999666,0.042909795179132446,0.3372926173799398
corn_moisture,mp6_rep3,mp6_rep3,R-U-A,0.1,1,1,3.814697265625e-05,20,0.95,1.0533337442261441,1.0533337442261441,1.4170655285526568,1.0,0.3315407135999666,0.042909795179132446,0.3372926173799398
corn_moisture,mp6_rep3,mp6_rep3,R-U-A,0.2,1,1,3.4332275390625e-05,20,0.85,0.8525761213541152,0.8525761213541152,1.1049856073532105,1.0,0.3315407135999666,0.042909795179132446,0.3372926173799398
corn_moisture,mp6_rep3,mp6_rep3,R-U-D,0.05,1,1,0.003510713577270508,20,0.95,1.2860041288283823,1.296253987770628,1.690625135188236,1.0,0.3315407135999666,0.042909795179132446,0.3372926173799398
corn_moisture,mp6_rep3,mp6_rep3,R-U-D,0.1,1,1,0.00036835670471191406,20,0.95,1.092632745847627,1.1013413738135576,1.3984083583734426,1.0,0.3315407135999666,0.042909795179132446,0.3372926173799398
corn_moisture,mp6_rep3,mp6_rep3,R-U-D,0.2,1,1,0.0004105567932128906,20,0.8,0.8390041274205368,0.8456912552183748,1.0803918679832543,1.0,0.3315407135999666,0.042909795179132446,0.3372926173799398
corn_moisture,mp6_rep3,mp6_rep3,G-U-A,0.05,1,1,4.124641418457031e-05,20,0.95,1.2715910085635045,1.2715910085635045,1.7807973128791694,1.0,0.3315407135999666,0.042909795179132446,0.3372926173799398
corn_moisture,mp6_rep3,mp6_rep3,G-U-A,0.1,1,1,3.5762786865234375e-05,20,0.95,1.081648363425753,1.081648363425753,1.4312228381524612,1.0,0.3315407135999666,0.042909795179132446,0.3372926173799398
corn_moisture,mp6_rep3,mp6_rep3,G-U-A,0.2,1,1,3.361701965332031e-05,20,0.9,0.872458596953031,0.872458596953031,1.1136066862575689,1.0,0.3315407135999666,0.042909795179132446,0.3372926173799398
corn_moisture,mp6_rep3,mp6_rep3,G-W-A,0.05,1,1,9.918212890625e-05,20,0.95,1.2715910085635045,1.2715910085635045,1.7807973128791694,1.0,0.3315407135999666,0.042909795179132446,0.3372926173799398
corn_moisture,mp6_rep3,mp6_rep3,G-W-A,0.1,1,1,7.62939453125e-05,20,0.95,1.081648363425753,1.081648363425753,1.4312228381524612,1.0,0.3315407135999666,0.042909795179132446,0.3372926173799398
corn_moisture,mp6_rep3,mp6_rep3,G-W-A,0.2,1,1,7.486343383789062e-05,20,0.9,0.872458596953031,0.872458596953031,1.1136066862575689,1.0,0.3315407135999666,0.042909795179132446,0.3372926173799398
corn_moisture,mp6_rep3,mp6_rep3,G-U-D,0.05,1,1,0.003087759017944336,20,0.95,1.4060559918670743,1.4080226408417786,1.8763125514876577,1.0,0.3315407135999666,0.042909795179132446,0.3372926173799398
corn_moisture,mp6_rep3,mp6_rep3,G-U-D,0.1,1,1,0.0003669261932373047,20,0.95,1.2554189398608686,1.257174892956039,1.5607492588313219,1.0,0.3315407135999666,0.042909795179132446,0.3372926173799398
corn_moisture,mp6_rep3,mp6_rep3,G-U-D,0.2,1,1,0.000423431396484375,20,0.95,1.0249064939337997,1.0263400295235066,1.2312850112561482,1.0,0.3315407135999666,0.042909795179132446,0.3372926173799398
corn_moisture,mp6_rep3,mp6_rep3,GC-D,0.05,1,1,0.0003960132598876953,20,0.95,1.4060559918670743,1.4080226408417786,1.8763125514876577,1.0,0.3315407135999666,0.042909795179132446,0.3372926173799398
corn_moisture,mp6_rep3,mp6_rep3,GC-D,0.1,1,1,0.0004227161407470703,20,0.95,1.2554189398608686,1.257174892956039,1.5607492588313219,1.0,0.3315407135999666,0.042909795179132446,0.3372926173799398
corn_moisture,mp6_rep3,mp6_rep3,GC-D,0.2,1,1,0.0004334449768066406,20,0.95,1.0249064939337997,1.0263400295235066,1.2312850112561482,1.0,0.3315407135999666,0.042909795179132446,0.3372926173799398
corn_moisture,mp6_rep3,mp6_rep3,GC-D+,0.05,1,1,0.00038552284240722656,20,1.0,inf,inf,inf,0.0,0.3315407135999666,0.042909795179132446,0.3372926173799398
corn_moisture,mp6_rep3,mp6_rep3,GC-D+,0.1,1,1,0.0004248619079589844,20,1.0,inf,inf,inf,0.0,0.3315407135999666,0.042909795179132446,0.3372926173799398
corn_moisture,mp6_rep3,mp6_rep3,GC-D+,0.2,1,1,0.0004227161407470703,20,1.0,inf,inf,inf,0.0,0.3315407135999666,0.042909795179132446,0.3372926173799398
corn_moisture,mp6_rep3,mp6_rep3,HJ+,0.05,1,1,0.0015997886657714844,20,1.0,inf,inf,inf,0.0,0.3315407135999666,0.042909795179132446,0.3372926173799398
corn_moisture,mp6_rep3,mp6_rep3,HJ+,0.1,1,1,0.0003612041473388672,20,1.0,inf,inf,inf,0.0,0.3315407135999666,0.042909795179132446,0.3372926173799398
corn_moisture,mp6_rep3,mp6_rep3,HJ+,0.2,1,1,0.0003478527069091797,20,1.0,inf,inf,inf,0.0,0.3315407135999666,0.042909795179132446,0.3372926173799398
corn_moisture,mp6_rep3,mp6_rep3,HJ+-D,0.05,1,1,0.002140045166015625,20,1.0,inf,inf,inf,0.0,0.3315407135999666,0.042909795179132446,0.3372926173799398
corn_moisture,mp6_rep3,mp6_rep3,HJ+-D,0.1,1,1,0.0020143985748291016,20,1.0,inf,inf,inf,0.0,0.3315407135999666,0.042909795179132446,0.3372926173799398
corn_moisture,mp6_rep3,mp6_rep3,HJ+-D,0.2,1,1,0.0021123886108398438,20,1.0,inf,inf,inf,0.0,0.3315407135999666,0.042909795179132446,0.3372926173799398
corn_moisture,mp6_rep3,mp6_rep3,HCP-D,0.05,1,1,0.0002579689025878906,20,1.0,inf,inf,inf,0.0,0.3315407135999666,0.042909795179132446,0.3372926173799398
corn_moisture,mp6_rep3,mp6_rep3,HCP-D,0.1,1,1,0.00015306472778320312,20,1.0,inf,inf,inf,0.0,0.3315407135999666,0.042909795179132446,0.3372926173799398
corn_moisture,mp6_rep3,mp6_rep3,HCP-D,0.2,1,1,0.0001385211944580078,20,1.0,inf,inf,inf,0.0,0.3315407135999666,0.042909795179132446,0.3372926173799398
corn_moisture,mp6_rep3,mp6_rep3,HCP-A,0.05,1,1,0.0001442432403564453,20,1.0,inf,inf,inf,0.0,0.3315407135999666,0.042909795179132446,0.3372926173799398
corn_moisture,mp6_rep3,mp6_rep3,HCP-A,0.1,1,1,0.00014019012451171875,20,1.0,inf,inf,inf,0.0,0.3315407135999666,0.042909795179132446,0.3372926173799398
corn_moisture,mp6_rep3,mp6_rep3,HCP-A,0.2,1,1,0.00013375282287597656,20,1.0,inf,inf,inf,0.0,0.3315407135999666,0.042909795179132446,0.3372926173799398
corn_moisture,mp6_rep3,mp6_rep3,ORACLE,0.05,1,1,0.0001316070556640625,20,1.0,inf,inf,inf,0.0,0.3315407135999666,0.042909795179132446,0.3372926173799398
corn_moisture,mp6_rep3,mp6_rep3,ORACLE,0.1,1,1,0.00010657310485839844,20,0.85,1.3050003298837751,1.3050003298837751,1.8448784635805673,1.0,0.3315407135999666,0.042909795179132446,0.3372926173799398
corn_moisture,mp6_rep3,mp6_rep3,ORACLE,0.2,1,1,8.96453857421875e-05,20,0.85,0.8492281670599056,0.8492281670599056,1.163761672168512,1.0,0.3315407135999666,0.042909795179132446,0.3372926173799398
corn_moisture,mp6_rep4,mp6_rep4,ASTM-R,0.05,1,1,0.015127182006835938,20,1.0,1.3979528527052736,1.3956074808277386,1.3979528527052736,1.0,0.25821126877301753,0.006267012139334493,0.26484113188300357
corn_moisture,mp6_rep4,mp6_rep4,ASTM-R,0.1,1,1,0.00012135505676269531,20,1.0,1.17035595923674,1.1683924309616707,1.17035595923674,1.0,0.25821126877301753,0.006267012139334493,0.26484113188300357
corn_moisture,mp6_rep4,mp6_rep4,ASTM-R,0.2,1,1,0.00010776519775390625,20,0.95,0.909791945823987,0.9082655707105385,0.914579414488189,1.0,0.25821126877301753,0.006267012139334493,0.26484113188300357
corn_moisture,mp6_rep4,mp6_rep4,ASTM-G,0.05,1,1,0.00011134147644042969,20,1.0,1.4321076608784995,1.4297049868348601,1.4321076608784995,1.0,0.25821126877301753,0.006267012139334493,0.26484113188300357
corn_moisture,mp6_rep4,mp6_rep4,ASTM-G,0.1,1,1,0.0001513957977294922,20,1.0,1.1989501161890062,1.196938614957304,1.1989501161890062,1.0,0.25821126877301753,0.006267012139334493,0.26484113188300357
corn_moisture,mp6_rep4,mp6_rep4,ASTM-G,0.2,1,1,0.00010466575622558594,20,1.0,0.9320199983130477,0.9304563307765399,0.9320199983130477,1.0,0.25821126877301753,0.006267012139334493,0.26484113188300357
corn_moisture,mp6_rep4,mp6_rep4,GPR,0.05,1,1,0.029796838760375977,20,1.0,1.3369802558651014,1.3318485581045163,1.3369802558651014,1.0,0.25821126877301753,0.006267012139334493,0.26484113188300357
corn_moisture,mp6_rep4,mp6_rep4,GPR,0.1,1,1,9.870529174804688e-05,20,1.0,1.1220292007244672,1.1177225442039909,1.1220292007244672,1.0,0.25821126877301753,0.006267012139334493,0.26484113188300357
corn_moisture,mp6_rep4,mp6_rep4,GPR,0.2,1,1,9.226799011230469e-05,20,0.9,0.8742044004488315,0.8708489636393519,0.9012876156705166,1.0,0.25821126877301753,0.006267012139334493,0.26484113188300357
corn_moisture,mp6_rep4,mp6_rep4,BAG,0.05,1,1,0.018224716186523438,20,1.0,1.3729943357458614,1.3698381424870192,1.3729943357458614,1.0,0.25821126877301753,0.006267012139334493,0.26484113188300357
corn_moisture,mp6_rep4,mp6_rep4,BAG,0.1,1,1,8.96453857421875e-05,20,1.0,1.1522531693179972,1.1496044084376358,1.1522531693179972,1.0,0.25821126877301753,0.006267012139334493,0.26484113188300357
corn_moisture,mp6_rep4,mp6_rep4,BAG,0.2,1,1,8.7738037109375e-05,20,0.95,0.8977527415494299,0.8956890177035142,0.9033889680373853,1.0,0.25821126877301753,0.006267012139334493,0.26484113188300357
corn_moisture,mp6_rep4,mp6_rep4,QGB,0.05,1,1,0.030325889587402344,20,0.95,1.1366991402865552,1.0585296290979525,1.2826052979033655,1.0,0.25821126877301753,0.006267012139334493,0.26484113188300357
corn_moisture,mp6_rep4,mp6_rep4,QGB,0.1,1,1,0.02595376968383789,20,0.95,1.041668242739636,1.0642873718197974,1.1830439637687498,1.0,0.25821126877301753,0.006267012139334493,0.26484113188300357
corn_moisture,mp6_rep4,mp6_rep4,QGB,0.2,1,1,0.026545047760009766,20,0.75,0.8169154661566275,0.8261540487938941,1.0179629443450717,1.0,0.25821126877301753,0.006267012139334493,0.26484113188300357
corn_moisture,mp6_rep4,mp6_rep4,SCP,0.05,1,1,2.8133392333984375e-05,20,1.0,1.9234888261476186,1.9234888261476186,1.9234888261476186,1.0,0.25821126877301753,0.006267012139334493,0.26484113188300357
corn_moisture,mp6_rep4,mp6_rep4,SCP,0.1,1,1,4.172325134277344e-05,20,1.0,1.0772705656631665,1.0772705656631665,1.0772705656631665,1.0,0.25821126877301753,0.006267012139334493,0.26484113188300357
corn_moisture,mp6_rep4,mp6_rep4,SCP,0.2,1,1,1.0251998901367188e-05,20,0.65,0.6651888968327349,0.6651888968327349,0.9085798565837298,1.0,0.25821126877301753,0.006267012139334493,0.26484113188300357
corn_moisture,mp6_rep4,mp6_rep4,NCP-kNN,0.05,1,1,0.005582571029663086,20,1.0,2.2079023160299096,2.326325072206272,2.2079023160299096,1.0,0.25821126877301753,0.006267012139334493,0.26484113188300357
corn_moisture,mp6_rep4,mp6_rep4,NCP-kNN,0.1,1,1,1.9788742065429688e-05,20,0.95,1.1585880688563222,1.2207299450574958,1.1887617228544716,1.0,0.25821126877301753,0.006267012139334493,0.26484113188300357
corn_moisture,mp6_rep4,mp6_rep4,NCP-kNN,0.2,1,1,1.1920928955078125e-05,20,0.8,0.8238757257967746,0.8680650150997042,0.9839708017419573,1.0,0.25821126877301753,0.006267012139334493,0.26484113188300357
corn_moisture,mp6_rep4,mp6_rep4,CV+,0.05,1,1,0.005091190338134766,20,1.0,1.568609544365883,1.5680152667899359,1.568609544365883,1.0,0.25821126877301753,0.006267012139334493,0.26484113188300357
corn_moisture,mp6_rep4,mp6_rep4,CV+,0.1,1,1,0.004370927810668945,20,1.0,1.116322051825716,1.1142879171449103,1.116322051825716,1.0,0.25821126877301753,0.006267012139334493,0.26484113188300357
corn_moisture,mp6_rep4,mp6_rep4,CV+,0.2,1,1,0.004450559616088867,20,0.9,0.8401397185276084,0.8423132462062366,0.8740792172239017,1.0,0.25821126877301753,0.006267012139334493,0.26484113188300357
corn_moisture,mp6_rep4,mp6_rep4,CQR,0.05,1,1,2.3603439331054688e-05,20,1.0,2.284299504028694,2.2061299928400917,2.284299504028694,1.0,0.25821126877301753,0.006267012139334493,0.26484113188300357
corn_moisture,mp6_rep4,mp6_rep4,CQR,0.1,1,1,1.239776611328125e-05,20,1.0,1.466063857864235,1.4886829869443963,1.466063857864235,1.0,0.25821126877301753,0.006267012139334493,0.26484113188300357
corn_moisture,mp6_rep4,mp6_rep4,CQR,0.2,1,1,1.1682510375976562e-05,20,0.95,1.049333449602789,1.0585720322400558,1.07140170412741,1.0,0.25821126877301753,0.006267012139334493,0.26484113188300357
corn_moisture,mp6_rep4,mp6_rep4,WCP,0.05,1,1,0.0027828216552734375,20,1.0,inf,inf,inf,0.5,0.25821126877301753,0.006267012139334493,0.26484113188300357
corn_moisture,mp6_rep4,mp6_rep4,WCP,0.1,1,1,0.0001575946807861328,20,1.0,inf,1.6051791055030726,inf,0.8,0.25821126877301753,0.006267012139334493,0.26484113188300357
corn_moisture,mp6_rep4,mp6_rep4,WCP,0.2,1,1,7.843971252441406e-05,20,1.0,1.4101056542858483,1.6051791055030726,1.4101056542858483,1.0,0.25821126877301753,0.006267012139334493,0.26484113188300357
corn_moisture,mp6_rep4,mp6_rep4,R-U-A,0.05,1,1,5.173683166503906e-05,20,1.0,1.382445471745303,1.382445471745303,1.382445471745303,1.0,0.25821126877301753,0.006267012139334493,0.26484113188300357
corn_moisture,mp6_rep4,mp6_rep4,R-U-A,0.1,1,1,3.504753112792969e-05,20,1.0,1.077724558660588,1.077724558660588,1.077724558660588,1.0,0.25821126877301753,0.006267012139334493,0.26484113188300357
corn_moisture,mp6_rep4,mp6_rep4,R-U-A,0.2,1,1,3.2901763916015625e-05,20,0.9,0.8466232409390848,0.8466232409390848,0.8693097214059078,1.0,0.25821126877301753,0.006267012139334493,0.26484113188300357
corn_moisture,mp6_rep4,mp6_rep4,R-U-D,0.05,1,1,0.0029938220977783203,20,1.0,1.4636191974968022,1.4468111631996532,1.4636191974968022,1.0,0.25821126877301753,0.006267012139334493,0.26484113188300357
corn_moisture,mp6_rep4,mp6_rep4,R-U-D,0.1,1,1,0.00037407875061035156,20,1.0,1.246716178723978,1.232399033713417,1.246716178723978,1.0,0.25821126877301753,0.006267012139334493,0.26484113188300357
corn_moisture,mp6_rep4,mp6_rep4,R-U-D,0.2,1,1,0.0003714561462402344,20,1.0,0.9603752988065801,0.9493464594827437,0.9603752988065801,1.0,0.25821126877301753,0.006267012139334493,0.26484113188300357
corn_moisture,mp6_rep4,mp6_rep4,G-U-A,0.05,1,1,4.315376281738281e-05,20,1.0,1.4674279095474283,1.4674279095474283,1.4674279095474283,1.0,0.25821126877301753,0.006267012139334493,0.26484113188300357
corn_moisture,mp6_rep4,mp6_rep4,G-U-A,0.1,1,1,3.4332275390625e-05,20,1.0,1.1032666382799157,1.1032666382799157,1.1032666382799157,1.0,0.25821126877301753,0.006267012139334493,0.26484113188300357
corn_moisture,mp6_rep4,mp6_rep4,G-U-A,0.2,1,1,3.3855438232421875e-05,20,0.95,0.8797831553150885,0.8797831553150885,0.8917658262525814,1.0,0.25821126877301753,0.006267012139334493,0.26484113188300357
corn_moisture,mp6_rep4,mp6_rep4,G-W-A,0.05,1,1,9.751319885253906e-05,20,1.0,1.4674279095474283,1.4674279095474283,1.4674279095474283,1.0,0.25821126877301753,0.006267012139334493,0.26484113188300357
corn_moisture,mp6_rep4,mp6_rep4,G-W-A,0.1,1,1,7.510185241699219e-05,20,1.0,1.1032666382799157,1.1032666382799157,1.1032666382799157,1.0,0.25821126877301753,0.006267012139334493,0.26484113188300357
corn_moisture,mp6_rep4,mp6_rep4,G-W-A,0.2,1,1,6.985664367675781e-05,20,0.95,0.8797831553150885,0.8797831553150885,0.8917658262525814,1.0,0.25821126877301753,0.006267012139334493,0.26484113188300357
corn_moisture,mp6_rep4,mp6_rep4,G-U-D,0.05,1,1,0.0030684471130371094,20,1.0,1.4203516806785343,1.4337166303541782,1.4203516806785343,1.0,0.25821126877301753,0.006267012139334493,0.26484113188300357
corn_moisture,mp6_rep4,mp6_rep4,G-U-D,0.1,1,1,0.0003643035888671875,20,1.0,1.0842531913753801,1.0944555866944512,1.0842531913753801,1.0,0.25821126877301753,0.006267012139334493,0.26484113188300357
corn_moisture,mp6_rep4,mp6_rep4,G-U-D,0.2,1,1,0.00037217140197753906,20,0.95,0.8582994370748278,0.8663756965950462,0.8741355960745596,1.0,0.25821126877301753,0.006267012139334493,0.26484113188300357
corn_moisture,mp6_rep4,mp6_rep4,GC-D,0.05,1,1,0.0004630088806152344,20,1.0,1.4203516806785343,1.4337166303541782,1.4203516806785343,1.0,0.25821126877301753,0.006267012139334493,0.26484113188300357
corn_moisture,mp6_rep4,mp6_rep4,GC-D,0.1,1,1,0.00041937828063964844,20,1.0,1.0842531913753801,1.0944555866944512,1.0842531913753801,1.0,0.25821126877301753,0.006267012139334493,0.26484113188300357
corn_moisture,mp6_rep4,mp6_rep4,GC-D,0.2,1,1,0.0004448890686035156,20,0.95,0.8582994370748278,0.8663756965950462,0.8741355960745596,1.0,0.25821126877301753,0.006267012139334493,0.26484113188300357
corn_moisture,mp6_rep4,mp6_rep4,GC-D+,0.05,1,1,0.0004208087921142578,20,1.0,inf,inf,inf,0.0,0.25821126877301753,0.006267012139334493,0.26484113188300357
corn_moisture,mp6_rep4,mp6_rep4,GC-D+,0.1,1,1,0.0003695487976074219,20,1.0,inf,inf,inf,0.0,0.25821126877301753,0.006267012139334493,0.26484113188300357
corn_moisture,mp6_rep4,mp6_rep4,GC-D+,0.2,1,1,0.00040221214294433594,20,1.0,inf,inf,inf,0.0,0.25821126877301753,0.006267012139334493,0.26484113188300357
corn_moisture,mp6_rep4,mp6_rep4,HJ+,0.05,1,1,0.0016236305236816406,20,1.0,inf,inf,inf,0.0,0.25821126877301753,0.006267012139334493,0.26484113188300357
corn_moisture,mp6_rep4,mp6_rep4,HJ+,0.1,1,1,0.0003707408905029297,20,1.0,inf,inf,inf,0.0,0.25821126877301753,0.006267012139334493,0.26484113188300357
corn_moisture,mp6_rep4,mp6_rep4,HJ+,0.2,1,1,0.0003590583801269531,20,1.0,inf,inf,inf,0.0,0.25821126877301753,0.006267012139334493,0.26484113188300357
corn_moisture,mp6_rep4,mp6_rep4,HJ+-D,0.05,1,1,0.002114534378051758,20,1.0,inf,inf,inf,0.0,0.25821126877301753,0.006267012139334493,0.26484113188300357
corn_moisture,mp6_rep4,mp6_rep4,HJ+-D,0.1,1,1,0.002048015594482422,20,1.0,inf,inf,inf,0.0,0.25821126877301753,0.006267012139334493,0.26484113188300357
corn_moisture,mp6_rep4,mp6_rep4,HJ+-D,0.2,1,1,0.0020749568939208984,20,1.0,inf,inf,inf,0.0,0.25821126877301753,0.006267012139334493,0.26484113188300357
corn_moisture,mp6_rep4,mp6_rep4,HCP-D,0.05,1,1,0.00028324127197265625,20,1.0,inf,inf,inf,0.0,0.25821126877301753,0.006267012139334493,0.26484113188300357
corn_moisture,mp6_rep4,mp6_rep4,HCP-D,0.1,1,1,0.00016427040100097656,20,1.0,inf,inf,inf,0.0,0.25821126877301753,0.006267012139334493,0.26484113188300357
corn_moisture,mp6_rep4,mp6_rep4,HCP-D,0.2,1,1,0.0001418590545654297,20,1.0,inf,inf,inf,0.0,0.25821126877301753,0.006267012139334493,0.26484113188300357
corn_moisture,mp6_rep4,mp6_rep4,HCP-A,0.05,1,1,0.00014519691467285156,20,1.0,inf,inf,inf,0.0,0.25821126877301753,0.006267012139334493,0.26484113188300357
corn_moisture,mp6_rep4,mp6_rep4,HCP-A,0.1,1,1,0.00016117095947265625,20,1.0,inf,inf,inf,0.0,0.25821126877301753,0.006267012139334493,0.26484113188300357
corn_moisture,mp6_rep4,mp6_rep4,HCP-A,0.2,1,1,0.0001266002655029297,20,1.0,inf,inf,inf,0.0,0.25821126877301753,0.006267012139334493,0.26484113188300357
corn_moisture,mp6_rep4,mp6_rep4,ORACLE,0.05,1,1,0.00010752677917480469,20,1.0,inf,inf,inf,0.0,0.25821126877301753,0.006267012139334493,0.26484113188300357
corn_moisture,mp6_rep4,mp6_rep4,ORACLE,0.1,1,1,8.845329284667969e-05,20,0.9,0.8657103411754363,0.8657103411754363,0.9539996997623543,1.0,0.25821126877301753,0.006267012139334493,0.26484113188300357
corn_moisture,mp6_rep4,mp6_rep4,ORACLE,0.2,1,1,8.96453857421875e-05,20,0.9,0.8224924340469197,0.8224924340469197,0.8741373832765662,1.0,0.25821126877301753,0.006267012139334493,0.26484113188300357
corn_moisture,mp6_rep5,mp6_rep5,ASTM-R,0.05,1,1,0.014693498611450195,20,1.0,1.3828293364825317,1.3814418920585592,1.3828293364825317,1.0,0.2782167716017848,0.02305565283454225,0.2844625752332074
corn_moisture,mp6_rep5,mp6_rep5,ASTM-R,0.1,1,1,0.00011992454528808594,20,1.0,1.1576946614671861,1.1565331030880444,1.1576946614671861,1.0,0.2782167716017848,0.02305565283454225,0.2844625752332074
corn_moisture,mp6_rep5,mp6_rep5,ASTM-R,0.2,1,1,0.00014972686767578125,20,0.95,0.8999495157124402,0.8990465626838269,0.9466043645069595,1.0,0.2782167716017848,0.02305565283454225,0.2844625752332074
corn_moisture,mp6_rep5,mp6_rep5,ASTM-G,0.05,1,1,0.00011563301086425781,20,1.0,1.4236392904100417,1.4222108998320326,1.4236392904100417,1.0,0.2782167716017848,0.02305565283454225,0.2844625752332074
corn_moisture,mp6_rep5,mp6_rep5,ASTM-G,0.1,1,1,0.00010824203491210938,20,1.0,1.191860458033794,1.1906646198323436,1.191860458033794,1.0,0.2782167716017848,0.02305565283454225,0.2844625752332074
corn_moisture,mp6_rep5,mp6_rep5,ASTM-G,0.2,1,1,0.00010275840759277344,20,0.95,0.9265087571924709,0.9255791562829341,0.9665738482192697,1.0,0.2782167716017848,0.02305565283454225,0.2844625752332074
corn_moisture,mp6_rep5,mp6_rep5,GPR,0.05,1,1,0.03020477294921875,20,1.0,1.3259793532618833,1.3068666216929543,1.3259793532618833,1.0,0.2782167716017848,0.02305565283454225,0.2844625752332074
corn_moisture,mp6_rep5,mp6_rep5,GPR,0.1,1,1,0.0001480579376220703,20,1.0,1.1127969522294063,1.0967570422667325,1.1127969522294063,1.0,0.2782167716017848,0.02305565283454225,0.2844625752332074
corn_moisture,mp6_rep5,mp6_rep5,GPR,0.2,1,1,8.559226989746094e-05,20,0.85,0.8670112968689885,0.8545141534228851,0.9056494226627583,1.0,0.2782167716017848,0.02305565283454225,0.2844625752332074
corn_moisture,mp6_rep5,mp6_rep5,BAG,0.05,1,1,0.018152713775634766,20,1.0,1.3824464694405285,1.3834191327916834,1.3824464694405285,1.0,0.2782167716017848,0.02305565283454225,0.2844625752332074
corn_moisture,mp6_rep5,mp6_rep5,BAG,0.1,1,1,9.679794311523438e-05,20,1.0,1.1601856499721008,1.1610019347883362,1.1601856499721008,1.0,0.2782167716017848,0.02305565283454225,0.2844625752332074
corn_moisture,mp6_rep5,mp6_rep5,BAG,0.2,1,1,7.891654968261719e-05,20,0.95,0.9039331595722538,0.9045691499528186,0.952403655820928,1.0,0.2782167716017848,0.02305565283454225,0.2844625752332074
corn_moisture,mp6_rep5,mp6_rep5,QGB,0.05,1,1,0.030372142791748047,20,0.95,1.0614348625395509,1.0391567273386606,1.4313739766987597,1.0,0.2782167716017848,0.02305565283454225,0.2844625752332074
corn_moisture,mp6_rep5,mp6_rep5,QGB,0.1,1,1,0.027652502059936523,20,0.9,0.9072456447471975,0.8765175877821694,1.2651993271048934,1.0,0.2782167716017848,0.02305565283454225,0.2844625752332074
corn_moisture,mp6_rep5,mp6_rep5,QGB,0.2,1,1,0.02642226219177246,20,0.7,0.6732692011799546,0.6601052787405788,1.132836331969635,1.0,0.2782167716017848,0.02305565283454225,0.2844625752332074
corn_moisture,mp6_rep5,mp6_rep5,SCP,0.05,1,1,2.7418136596679688e-05,20,1.0,2.01028458533757,2.010284585337569,2.01028458533757,1.0,0.2782167716017848,0.02305565283454225,0.2844625752332074
corn_moisture,mp6_rep5,mp6_rep5,SCP,0.1,1,1,1.1205673217773438e-05,20,0.8,0.8155709992800304,0.8155709992800304,1.032635643022921,1.0,0.2782167716017848,0.02305565283454225,0.2844625752332074
corn_moisture,mp6_rep5,mp6_rep5,SCP,0.2,1,1,8.106231689453125e-06,20,0.7,0.6448735073501837,0.6448735073501837,0.9700856985785444,1.0,0.2782167716017848,0.02305565283454225,0.2844625752332074
corn_moisture,mp6_rep5,mp6_rep5,NCP-kNN,0.05,1,1,0.004672050476074219,20,1.0,1.9536672245658502,2.0248178929910203,1.9536672245658502,1.0,0.2782167716017848,0.02305565283454225,0.2844625752332074
corn_moisture,mp6_rep5,mp6_rep5,NCP-kNN,0.1,1,1,1.811981201171875e-05,20,0.9,0.8304027414972934,0.8606452051966862,1.1157917042836216,1.0,0.2782167716017848,0.02305565283454225,0.2844625752332074
corn_moisture,mp6_rep5,mp6_rep5,NCP-kNN,0.2,1,1,1.1920928955078125e-05,20,0.65,0.63213844016713,0.6551603100073891,0.9869869779335512,1.0,0.2782167716017848,0.02305565283454225,0.2844625752332074
corn_moisture,mp6_rep5,mp6_rep5,CV+,0.05,1,1,0.005234479904174805,20,1.0,1.5798666802133259,1.5819685553234466,1.5798666802133259,1.0,0.2782167716017848,0.02305565283454225,0.2844625752332074
corn_moisture,mp6_rep5,mp6_rep5,CV+,0.1,1,1,0.00460052490234375,20,1.0,1.1177961990885064,1.120615825752667,1.1177961990885064,1.0,0.2782167716017848,0.02305565283454225,0.2844625752332074
corn_moisture,mp6_rep5,mp6_rep5,CV+,0.2,1,1,0.0044667720794677734,20,0.9,0.8332483355425879,0.8285447743379679,0.9042167942228687,1.0,0.2782167716017848,0.02305565283454225,0.2844625752332074
corn_moisture,mp6_rep5,mp6_rep5,CQR,0.05,1,1,2.4318695068359375e-05,20,1.0,2.208683788749505,2.186405653548615,2.208683788749505,1.0,0.2782167716017848,0.02305565283454225,0.2844625752332074
corn_moisture,mp6_rep5,mp6_rep5,CQR,0.1,1,1,1.2636184692382812e-05,20,0.9,0.9763643824393053,0.9456363254742772,1.2651993271048934,1.0,0.2782167716017848,0.02305565283454225,0.2844625752332074
corn_moisture,mp6_rep5,mp6_rep5,CQR,0.2,1,1,1.0728836059570312e-05,20,0.55,0.5252889599209236,0.5121250374815478,1.2649636240053073,1.0,0.2782167716017848,0.02305565283454225,0.2844625752332074
corn_moisture,mp6_rep5,mp6_rep5,WCP,0.05,1,1,0.0028009414672851562,20,1.0,inf,inf,inf,0.25,0.2782167716017848,0.02305565283454225,0.2844625752332074
corn_moisture,mp6_rep5,mp6_rep5,WCP,0.1,1,1,0.0001049041748046875,20,1.0,inf,inf,inf,0.45,0.2782167716017848,0.02305565283454225,0.2844625752332074
corn_moisture,mp6_rep5,mp6_rep5,WCP,0.2,1,1,7.891654968261719e-05,20,1.0,inf,1.6507443549391994,inf,0.85,0.2782167716017848,0.02305565283454225,0.2844625752332074
corn_moisture,mp6_rep5,mp6_rep5,R-U-A,0.05,1,1,5.173683166503906e-05,20,1.0,1.3017187558632983,1.3017187558632983,1.3017187558632983,1.0,0.2782167716017848,0.02305565283454225,0.2844625752332074
corn_moisture,mp6_rep5,mp6_rep5,R-U-A,0.1,1,1,3.6716461181640625e-05,20,1.0,1.0917544096707559,1.0917544096707559,1.0917544096707559,1.0,0.2782167716017848,0.02305565283454225,0.2844625752332074
corn_moisture,mp6_rep5,mp6_rep5,R-U-A,0.2,1,1,3.2901763916015625e-05,20,0.9,0.7843987955251315,0.7843987955251315,0.882101050361979,1.0,0.2782167716017848,0.02305565283454225,0.2844625752332074
corn_moisture,mp6_rep5,mp6_rep5,R-U-D,0.05,1,1,0.003055095672607422,20,1.0,1.2871244202582093,1.2725496511895287,1.2871244202582093,1.0,0.2782167716017848,0.02305565283454225,0.2844625752332074
corn_moisture,mp6_rep5,mp6_rep5,R-U-D,0.1,1,1,0.0004220008850097656,20,1.0,1.1425703818487911,1.1296324721968087,1.1425703818487911,1.0,0.2782167716017848,0.02305565283454225,0.2844625752332074
corn_moisture,mp6_rep5,mp6_rep5,R-U-D,0.2,1,1,0.0003421306610107422,20,0.9,0.892563554845809,0.882456600548112,0.9089909014142427,1.0,0.2782167716017848,0.02305565283454225,0.2844625752332074
corn_moisture,mp6_rep5,mp6_rep5,G-U-A,0.05,1,1,3.933906555175781e-05,20,1.0,1.4139397438551597,1.4139397438551597,1.4139397438551597,1.0,0.2782167716017848,0.02305565283454225,0.2844625752332074
corn_moisture,mp6_rep5,mp6_rep5,G-U-A,0.1,1,1,4.649162292480469e-05,20,1.0,1.0869493909720447,1.0869493909720447,1.0869493909720447,1.0,0.2782167716017848,0.02305565283454225,0.2844625752332074
corn_moisture,mp6_rep5,mp6_rep5,G-U-A,0.2,1,1,3.4809112548828125e-05,20,0.9,0.8436254011078077,0.8436254011078077,0.9117143531533172,1.0,0.2782167716017848,0.02305565283454225,0.2844625752332074
corn_moisture,mp6_rep5,mp6_rep5,G-W-A,0.05,1,1,0.00010323524475097656,20,1.0,1.4139397438551597,1.4139397438551597,1.4139397438551597,1.0,0.2782167716017848,0.02305565283454225,0.2844625752332074
corn_moisture,mp6_rep5,mp6_rep5,G-W-A,0.1,1,1,7.534027099609375e-05,20,1.0,1.0869493909720447,1.0869493909720447,1.0869493909720447,1.0,0.2782167716017848,0.02305565283454225,0.2844625752332074
corn_moisture,mp6_rep5,mp6_rep5,G-W-A,0.2,1,1,6.771087646484375e-05,20,0.9,0.8436254011078077,0.8436254011078077,0.9117143531533172,1.0,0.2782167716017848,0.02305565283454225,0.2844625752332074
corn_moisture,mp6_rep5,mp6_rep5,G-U-D,0.05,1,1,0.003175020217895508,20,1.0,1.159392328899172,1.1548522887034895,1.159392328899172,1.0,0.2782167716017848,0.02305565283454225,0.2844625752332074
corn_moisture,mp6_rep5,mp6_rep5,G-U-D,0.1,1,1,0.0004837512969970703,20,1.0,0.9604660422960979,0.9567049733896358,0.9604660422960979,1.0,0.2782167716017848,0.02305565283454225,0.2844625752332074
corn_moisture,mp6_rep5,mp6_rep5,G-U-D,0.2,1,1,0.0004093647003173828,20,0.85,0.7646425558760571,0.7616483080684127,0.8530887064657403,1.0,0.2782167716017848,0.02305565283454225,0.2844625752332074
corn_moisture,mp6_rep5,mp6_rep5,GC-D,0.05,1,1,0.00040268898010253906,20,1.0,1.159392328899172,1.1548522887034895,1.159392328899172,1.0,0.2782167716017848,0.02305565283454225,0.2844625752332074
corn_moisture,mp6_rep5,mp6_rep5,GC-D,0.1,1,1,0.0004439353942871094,20,1.0,0.9604660422960979,0.9567049733896358,0.9604660422960979,1.0,0.2782167716017848,0.02305565283454225,0.2844625752332074
corn_moisture,mp6_rep5,mp6_rep5,GC-D,0.2,1,1,0.0003902912139892578,20,0.85,0.7646425558760571,0.7616483080684127,0.8530887064657403,1.0,0.2782167716017848,0.02305565283454225,0.2844625752332074
corn_moisture,mp6_rep5,mp6_rep5,GC-D+,0.05,1,1,0.00038886070251464844,20,1.0,inf,inf,inf,0.0,0.2782167716017848,0.02305565283454225,0.2844625752332074
corn_moisture,mp6_rep5,mp6_rep5,GC-D+,0.1,1,1,0.00037741661071777344,20,1.0,inf,inf,inf,0.0,0.2782167716017848,0.02305565283454225,0.2844625752332074
corn_moisture,mp6_rep5,mp6_rep5,GC-D+,0.2,1,1,0.0004837512969970703,20,1.0,inf,inf,inf,0.0,0.2782167716017848,0.02305565283454225,0.2844625752332074
corn_moisture,mp6_rep5,mp6_rep5,HJ+,0.05,1,1,0.001567840576171875,20,1.0,inf,inf,inf,0.0,0.2782167716017848,0.02305565283454225,0.2844625752332074
corn_moisture,mp6_rep5,mp6_rep5,HJ+,0.1,1,1,0.00035500526428222656,20,1.0,inf,inf,inf,0.0,0.2782167716017848,0.02305565283454225,0.2844625752332074
corn_moisture,mp6_rep5,mp6_rep5,HJ+,0.2,1,1,0.0003724098205566406,20,1.0,inf,inf,inf,0.0,0.2782167716017848,0.02305565283454225,0.2844625752332074
corn_moisture,mp6_rep5,mp6_rep5,HJ+-D,0.05,1,1,0.002168893814086914,20,1.0,inf,inf,inf,0.0,0.2782167716017848,0.02305565283454225,0.2844625752332074
corn_moisture,mp6_rep5,mp6_rep5,HJ+-D,0.1,1,1,0.0019812583923339844,20,1.0,inf,inf,inf,0.0,0.2782167716017848,0.02305565283454225,0.2844625752332074
corn_moisture,mp6_rep5,mp6_rep5,HJ+-D,0.2,1,1,0.002033233642578125,20,1.0,inf,inf,inf,0.0,0.2782167716017848,0.02305565283454225,0.2844625752332074
corn_moisture,mp6_rep5,mp6_rep5,HCP-D,0.05,1,1,0.00029540061950683594,20,1.0,inf,inf,inf,0.0,0.2782167716017848,0.02305565283454225,0.2844625752332074
corn_moisture,mp6_rep5,mp6_rep5,HCP-D,0.1,1,1,0.00016760826110839844,20,1.0,inf,inf,inf,0.0,0.2782167716017848,0.02305565283454225,0.2844625752332074
corn_moisture,mp6_rep5,mp6_rep5,HCP-D,0.2,1,1,0.0001590251922607422,20,1.0,inf,inf,inf,0.0,0.2782167716017848,0.02305565283454225,0.2844625752332074
corn_moisture,mp6_rep5,mp6_rep5,HCP-A,0.05,1,1,0.00017309188842773438,20,1.0,inf,inf,inf,0.0,0.2782167716017848,0.02305565283454225,0.2844625752332074
corn_moisture,mp6_rep5,mp6_rep5,HCP-A,0.1,1,1,0.00013875961303710938,20,1.0,inf,inf,inf,0.0,0.2782167716017848,0.02305565283454225,0.2844625752332074
corn_moisture,mp6_rep5,mp6_rep5,HCP-A,0.2,1,1,0.00014066696166992188,20,1.0,inf,inf,inf,0.0,0.2782167716017848,0.02305565283454225,0.2844625752332074
corn_moisture,mp6_rep5,mp6_rep5,ORACLE,0.05,1,1,0.0001659393310546875,20,1.0,inf,inf,inf,0.0,0.2782167716017848,0.02305565283454225,0.2844625752332074
corn_moisture,mp6_rep5,mp6_rep5,ORACLE,0.1,1,1,0.0001697540283203125,20,0.9,0.917285940272901,0.917285940272901,1.1423022243633998,1.0,0.2782167716017848,0.02305565283454225,0.2844625752332074
corn_moisture,mp6_rep5,mp6_rep5,ORACLE,0.2,1,1,0.0001442432403564453,20,0.85,0.8035252995227946,0.8035252995227946,0.9308085389508953,1.0,0.2782167716017848,0.02305565283454225,0.2844625752332074
corn_moisture,mp6_rep6,mp6_rep6,ASTM-R,0.05,1,1,0.015731334686279297,20,0.95,1.3663198039470434,1.36188760037796,1.847744508553476,1.0,0.3365569902596453,-0.052426144531109206,0.3410851214367313
corn_moisture,mp6_rep6,mp6_rep6,ASTM-R,0.1,1,1,0.00016021728515625,20,0.9,1.1438730009228186,1.1401623923357054,1.5244847857942843,1.0,0.3365569902596453,-0.052426144531109206,0.3410851214367313
corn_moisture,mp6_rep6,mp6_rep6,ASTM-R,0.2,1,1,0.00010228157043457031,20,0.9,0.8892050619913869,0.8863205704997021,1.20648813745067,1.0,0.3365569902596453,-0.052426144531109206,0.3410851214367313
corn_moisture,mp6_rep6,mp6_rep6,ASTM-G,0.05,1,1,0.00012421607971191406,20,0.95,1.4245278033390552,1.4199067788936972,1.8478361241504668,1.0,0.3365569902596453,-0.052426144531109206,0.3410851214367313
corn_moisture,mp6_rep6,mp6_rep6,ASTM-G,0.1,1,1,0.00011324882507324219,20,0.9,1.1926043145947056,1.1887356265435045,1.5246213296568532,1.0,0.3365569902596453,-0.052426144531109206,0.3410851214367313
corn_moisture,mp6_rep6,mp6_rep6,ASTM-G,0.2,1,1,9.751319885253906e-05,20,0.9,0.9270870040947269,0.924079627405515,1.2254821806063592,1.0,0.3365569902596453,-0.052426144531109206,0.3410851214367313
corn_moisture,mp6_rep6,mp6_rep6,GPR,0.05,1,1,0.03264260292053223,20,0.9,1.2645666776766302,1.2566026745165644,1.97499377830539,1.0,0.3365569902596453,-0.052426144531109206,0.3410851214367313
corn_moisture,mp6_rep6,mp6_rep6,GPR,0.1,1,1,0.00010204315185546875,20,0.9,1.0612578101972117,1.0545742080564509,1.6185642448872741,1.0,0.3365569902596453,-0.052426144531109206,0.3410851214367313
corn_moisture,mp6_rep6,mp6_rep6,GPR,0.2,1,1,8.130073547363281e-05,20,0.85,0.8268557066839823,0.8216483249166178,1.2370547727453223,1.0,0.3365569902596453,-0.052426144531109206,0.3410851214367313
corn_moisture,mp6_rep6,mp6_rep6,BAG,0.05,1,1,0.01877880096435547,20,0.95,1.3232496745970233,1.319348447442838,1.8430262081134792,1.0,0.3365569902596453,-0.052426144531109206,0.3410851214367313
corn_moisture,mp6_rep6,mp6_rep6,BAG,0.1,1,1,0.00010442733764648438,20,0.9,1.1105061336798197,1.1072321206445093,1.5151555045603522,1.0,0.3365569902596453,-0.052426144531109206,0.3410851214367313
corn_moisture,mp6_rep6,mp6_rep6,BAG,0.2,1,1,9.059906005859375e-05,20,0.9,0.8652264559260029,0.8626755806005253,1.1895360636495176,1.0,0.3365569902596453,-0.052426144531109206,0.3410851214367313
corn_moisture,mp6_rep6,mp6_rep6,QGB,0.05,1,1,0.031188249588012695,20,0.8,1.0435164905842957,1.1763518202846273,2.450098614215908,1.0,0.3365569902596453,-0.052426144531109206,0.3410851214367313
corn_moisture,mp6_rep6,mp6_rep6,QGB,0.1,1,1,0.027330398559570312,20,0.8,0.9408419753210344,1.0638049625682493,1.9682690748069607,1.0,0.3365569902596453,-0.052426144531109206,0.3410851214367313
corn_moisture,mp6_rep6,mp6_rep6,QGB,0.2,1,1,0.026723146438598633,20,0.7,0.8574399182022967,0.9384118279454423,1.490865812040049,1.0,0.3365569902596453,-0.052426144531109206,0.3410851214367313
corn_moisture,mp6_rep6,mp6_rep6,SCP,0.05,1,1,2.765655517578125e-05,20,0.95,1.1717826319074547,1.1717826319074547,1.7828075673528296,1.0,0.3365569902596453,-0.052426144531109206,0.3410851214367313
corn_moisture,mp6_rep6,mp6_rep6,SCP,0.1,1,1,1.4781951904296875e-05,20,0.9,1.0458320867043085,1.0458320867043085,1.4725104301239238,1.0,0.3365569902596453,-0.052426144531109206,0.3410851214367313
corn_moisture,mp6_rep6,mp6_rep6,SCP,0.2,1,1,9.059906005859375e-06,20,0.9,0.8544017114415325,0.8544017114415325,1.1634560707827282,1.0,0.3365569902596453,-0.052426144531109206,0.3410851214367313
corn_moisture,mp6_rep6,mp6_rep6,NCP-kNN,0.05,1,1,0.004865407943725586,20,0.95,1.5052718487533618,1.526983872011936,1.7959789411372378,1.0,0.3365569902596453,-0.052426144531109206,0.3410851214367313
corn_moisture,mp6_rep6,mp6_rep6,NCP-kNN,0.1,1,1,1.71661376953125e-05,20,0.95,1.3335775853611636,1.3528130926048902,1.5640270868681205,1.0,0.3365569902596453,-0.052426144531109206,0.3410851214367313
corn_moisture,mp6_rep6,mp6_rep6,NCP-kNN,0.2,1,1,1.2159347534179688e-05,20,0.85,0.8028981837923631,0.8144791776541709,1.1009229727938066,1.0,0.3365569902596453,-0.052426144531109206,0.3410851214367313
corn_moisture,mp6_rep6,mp6_rep6,CV+,0.05,1,1,0.005210399627685547,20,0.95,1.335224274286378,1.329611252175491,1.8724940408819564,1.0,0.3365569902596453,-0.052426144531109206,0.3410851214367313
corn_moisture,mp6_rep6,mp6_rep6,CV+,0.1,1,1,0.004471540451049805,20,0.9,1.1516815202662485,1.1536037580155618,1.5303363470976812,1.0,0.3365569902596453,-0.052426144531109206,0.3410851214367313
corn_moisture,mp6_rep6,mp6_rep6,CV+,0.2,1,1,0.004647254943847656,20,0.9,0.8663240029672533,0.8636541587015074,1.200753676662281,1.0,0.3365569902596453,-0.052426144531109206,0.3410851214367313
corn_moisture,mp6_rep6,mp6_rep6,CQR,0.05,1,1,2.3126602172851562e-05,20,0.95,1.6019066156606427,1.734741945360974,1.969533781298623,1.0,0.3365569902596453,-0.052426144531109206,0.3410851214367313
corn_moisture,mp6_rep6,mp6_rep6,CQR,0.1,1,1,1.2159347534179688e-05,20,0.9,1.2841000454524998,1.4070630326997149,1.7888480872865375,1.0,0.3365569902596453,-0.052426144531109206,0.3410851214367313
corn_moisture,mp6_rep6,mp6_rep6,CQR,0.2,1,1,1.0251998901367188e-05,20,0.75,0.8932376170666931,0.9742095268098385,1.478099001175224,1.0,0.3365569902596453,-0.052426144531109206,0.3410851214367313
corn_moisture,mp6_rep6,mp6_rep6,WCP,0.05,1,1,0.0030341148376464844,20,1.0,inf,inf,inf,0.25,0.3365569902596453,-0.052426144531109206,0.3410851214367313
corn_moisture,mp6_rep6,mp6_rep6,WCP,0.1,1,1,0.00015044212341308594,20,1.0,inf,inf,inf,0.45,0.3365569902596453,-0.052426144531109206,0.3410851214367313
corn_moisture,mp6_rep6,mp6_rep6,WCP,0.2,1,1,9.918212890625e-05,20,1.0,inf,0.7747775711811098,inf,0.7,0.3365569902596453,-0.052426144531109206,0.3410851214367313
corn_moisture,mp6_rep6,mp6_rep6,R-U-A,0.05,1,1,5.078315734863281e-05,20,0.95,1.2570458256101062,1.2570458256101062,1.8455940102399992,1.0,0.3365569902596453,-0.052426144531109206,0.3410851214367313
corn_moisture,mp6_rep6,mp6_rep6,R-U-A,0.1,1,1,3.409385681152344e-05,20,0.9,1.1157960452447995,1.1157960452447995,1.5212796836522493,1.0,0.3365569902596453,-0.052426144531109206,0.3410851214367313
corn_moisture,mp6_rep6,mp6_rep6,R-U-A,0.2,1,1,3.24249267578125e-05,20,0.9,0.8300756260505615,0.8300756260505615,1.1756776548514054,1.0,0.3365569902596453,-0.052426144531109206,0.3410851214367313
corn_moisture,mp6_rep6,mp6_rep6,R-U-D,0.05,1,1,0.0030879974365234375,20,0.95,1.3436961752695438,1.345043994926069,1.8066957025933639,1.0,0.3365569902596453,-0.052426144531109206,0.3410851214367313
corn_moisture,mp6_rep6,mp6_rep6,R-U-D,0.1,1,1,0.00038170814514160156,20,0.9,1.1391848046437647,1.140327485333323,1.4998856314819746,1.0,0.3365569902596453,-0.052426144531109206,0.3410851214367313
corn_moisture,mp6_rep6,mp6_rep6,R-U-D,0.2,1,1,0.00033783912658691406,20,0.9,0.9006733037201711,0.901576740974221,1.2025191075054895,1.0,0.3365569902596453,-0.052426144531109206,0.3410851214367313
corn_moisture,mp6_rep6,mp6_rep6,G-U-A,0.05,1,1,4.7206878662109375e-05,20,0.95,1.3678675990746747,1.3678675990746747,1.8455940102399992,1.0,0.3365569902596453,-0.052426144531109206,0.3410851214367313
corn_moisture,mp6_rep6,mp6_rep6,G-U-A,0.1,1,1,3.647804260253906e-05,20,0.9,1.1090467079197843,1.1090467079197843,1.5212796836522493,1.0,0.3365569902596453,-0.052426144531109206,0.3410851214367313
corn_moisture,mp6_rep6,mp6_rep6,G-U-A,0.2,1,1,3.337860107421875e-05,20,0.9,0.937676087723613,0.937676087723613,1.2294778856879311,1.0,0.3365569902596453,-0.052426144531109206,0.3410851214367313
corn_moisture,mp6_rep6,mp6_rep6,G-W-A,0.05,1,1,0.00010204315185546875,20,0.95,1.3678675990746747,1.3678675990746747,1.8455940102399992,1.0,0.3365569902596453,-0.052426144531109206,0.3410851214367313
corn_moisture,mp6_rep6,mp6_rep6,G-W-A,0.1,1,1,7.390975952148438e-05,20,0.9,1.1090467079197843,1.1090467079197843,1.5212796836522493,1.0,0.3365569902596453,-0.052426144531109206,0.3410851214367313
corn_moisture,mp6_rep6,mp6_rep6,G-W-A,0.2,1,1,6.890296936035156e-05,20,0.9,0.937676087723613,0.937676087723613,1.2294778856879311,1.0,0.3365569902596453,-0.052426144531109206,0.3410851214367313
corn_moisture,mp6_rep6,mp6_rep6,G-U-D,0.05,1,1,0.003454923629760742,20,0.95,1.6032927853974517,1.5670653253187883,2.0503293210347717,1.0,0.3365569902596453,-0.052426144531109206,0.3410851214367313
corn_moisture,mp6_rep6,mp6_rep6,G-U-D,0.1,1,1,0.00038909912109375,20,0.9,1.304424380250546,1.2749500493039072,1.6601047556670452,1.0,0.3365569902596453,-0.052426144531109206,0.3410851214367313
corn_moisture,mp6_rep6,mp6_rep6,G-U-D,0.2,1,1,0.0004417896270751953,20,0.9,1.0263590996325642,1.0031678374707411,1.3284351969266361,1.0,0.3365569902596453,-0.052426144531109206,0.3410851214367313
corn_moisture,mp6_rep6,mp6_rep6,GC-D,0.05,1,1,0.0004413127899169922,20,0.95,1.6032927853974517,1.5670653253187883,2.0503293210347717,1.0,0.3365569902596453,-0.052426144531109206,0.3410851214367313
corn_moisture,mp6_rep6,mp6_rep6,GC-D,0.1,1,1,0.00039386749267578125,20,0.9,1.304424380250546,1.2749500493039072,1.6601047556670452,1.0,0.3365569902596453,-0.052426144531109206,0.3410851214367313
corn_moisture,mp6_rep6,mp6_rep6,GC-D,0.2,1,1,0.00046324729919433594,20,0.9,1.0263590996325642,1.0031678374707411,1.3284351969266361,1.0,0.3365569902596453,-0.052426144531109206,0.3410851214367313
corn_moisture,mp6_rep6,mp6_rep6,GC-D+,0.05,1,1,0.0003910064697265625,20,1.0,inf,inf,inf,0.0,0.3365569902596453,-0.052426144531109206,0.3410851214367313
corn_moisture,mp6_rep6,mp6_rep6,GC-D+,0.1,1,1,0.00043129920959472656,20,1.0,inf,inf,inf,0.0,0.3365569902596453,-0.052426144531109206,0.3410851214367313
corn_moisture,mp6_rep6,mp6_rep6,GC-D+,0.2,1,1,0.0003693103790283203,20,1.0,inf,inf,inf,0.0,0.3365569902596453,-0.052426144531109206,0.3410851214367313
corn_moisture,mp6_rep6,mp6_rep6,HJ+,0.05,1,1,0.0017101764678955078,20,1.0,inf,inf,inf,0.0,0.3365569902596453,-0.052426144531109206,0.3410851214367313
corn_moisture,mp6_rep6,mp6_rep6,HJ+,0.1,1,1,0.0003948211669921875,20,1.0,inf,inf,inf,0.0,0.3365569902596453,-0.052426144531109206,0.3410851214367313
corn_moisture,mp6_rep6,mp6_rep6,HJ+,0.2,1,1,0.00034880638122558594,20,1.0,inf,inf,inf,0.0,0.3365569902596453,-0.052426144531109206,0.3410851214367313
corn_moisture,mp6_rep6,mp6_rep6,HJ+-D,0.05,1,1,0.002142190933227539,20,1.0,inf,inf,inf,0.0,0.3365569902596453,-0.052426144531109206,0.3410851214367313
corn_moisture,mp6_rep6,mp6_rep6,HJ+-D,0.1,1,1,0.002140522003173828,20,1.0,inf,inf,inf,0.0,0.3365569902596453,-0.052426144531109206,0.3410851214367313
corn_moisture,mp6_rep6,mp6_rep6,HJ+-D,0.2,1,1,0.002100229263305664,20,1.0,inf,inf,inf,0.0,0.3365569902596453,-0.052426144531109206,0.3410851214367313
corn_moisture,mp6_rep6,mp6_rep6,HCP-D,0.05,1,1,0.00025177001953125,20,1.0,inf,inf,inf,0.0,0.3365569902596453,-0.052426144531109206,0.3410851214367313
corn_moisture,mp6_rep6,mp6_rep6,HCP-D,0.1,1,1,0.00039958953857421875,20,1.0,inf,inf,inf,0.0,0.3365569902596453,-0.052426144531109206,0.3410851214367313
corn_moisture,mp6_rep6,mp6_rep6,HCP-D,0.2,1,1,0.0002319812774658203,20,1.0,inf,inf,inf,0.0,0.3365569902596453,-0.052426144531109206,0.3410851214367313
corn_moisture,mp6_rep6,mp6_rep6,HCP-A,0.05,1,1,0.00019216537475585938,20,1.0,inf,inf,inf,0.0,0.3365569902596453,-0.052426144531109206,0.3410851214367313
corn_moisture,mp6_rep6,mp6_rep6,HCP-A,0.1,1,1,0.00014853477478027344,20,1.0,inf,inf,inf,0.0,0.3365569902596453,-0.052426144531109206,0.3410851214367313
corn_moisture,mp6_rep6,mp6_rep6,HCP-A,0.2,1,1,0.0004029273986816406,20,1.0,inf,inf,inf,0.0,0.3365569902596453,-0.052426144531109206,0.3410851214367313
corn_moisture,mp6_rep6,mp6_rep6,ORACLE,0.05,1,1,0.0001232624053955078,20,1.0,inf,inf,inf,0.0,0.3365569902596453,-0.052426144531109206,0.3410851214367313
corn_moisture,mp6_rep6,mp6_rep6,ORACLE,0.1,1,1,9.274482727050781e-05,20,0.9,1.3180437095338604,1.3180437095338604,2.048829984358388,1.0,0.3365569902596453,-0.052426144531109206,0.3410851214367313
corn_moisture,mp6_rep6,mp6_rep6,ORACLE,0.2,1,1,9.632110595703125e-05,20,0.9,0.9775562739020902,0.9775562739020902,1.3591225203583743,1.0,0.3365569902596453,-0.052426144531109206,0.3410851214367313
corn_moisture,mp6_rep7,mp6_rep7,ASTM-R,0.05,1,1,0.014160394668579102,20,1.0,1.376244585180936,1.3721764808323105,1.376244585180936,1.0,0.2772887583795428,0.045213255513892305,0.2806849086553217
corn_moisture,mp6_rep7,mp6_rep7,ASTM-R,0.1,1,1,0.00011110305786132812,20,1.0,1.1521819555765673,1.1487761682082755,1.1521819555765673,1.0,0.2772887583795428,0.045213255513892305,0.2806849086553217
corn_moisture,mp6_rep7,mp6_rep7,ASTM-R,0.2,1,1,0.0001010894775390625,20,0.9,0.895664139644247,0.8930166050267605,0.9507216696370554,1.0,0.2772887583795428,0.045213255513892305,0.2806849086553217
corn_moisture,mp6_rep7,mp6_rep7,ASTM-G,0.05,1,1,0.00014710426330566406,20,1.0,1.4007667382304647,1.3966261477274653,1.4007667382304647,1.0,0.2772887583795428,0.045213255513892305,0.2806849086553217
corn_moisture,mp6_rep7,mp6_rep7,ASTM-G,0.1,1,1,0.00016307830810546875,20,1.0,1.1727117237295444,1.1692452514800937,1.1727117237295444,1.0,0.2772887583795428,0.045213255513892305,0.2806849086553217
corn_moisture,mp6_rep7,mp6_rep7,ASTM-G,0.2,1,1,0.00010991096496582031,20,0.9,0.9116232310367437,0.9089285222106955,0.9587082900935787,1.0,0.2772887583795428,0.045213255513892305,0.2806849086553217
corn_moisture,mp6_rep7,mp6_rep7,GPR,0.05,1,1,0.02702045440673828,20,1.0,1.3318108056497162,1.3244218836453587,1.3318108056497162,1.0,0.2772887583795428,0.045213255513892305,0.2806849086553217
corn_moisture,mp6_rep7,mp6_rep7,GPR,0.1,1,1,0.00013899803161621094,20,1.0,1.1176908613451766,1.1114898825241397,1.1176908613451766,1.0,0.2772887583795428,0.045213255513892305,0.2806849086553217
corn_moisture,mp6_rep7,mp6_rep7,GPR,0.2,1,1,0.0001499652862548828,20,0.85,0.8708242786359877,0.8659929222248177,0.9253834102294822,1.0,0.2772887583795428,0.045213255513892305,0.2806849086553217
corn_moisture,mp6_rep7,mp6_rep7,BAG,0.05,1,1,0.01919865608215332,20,1.0,1.3689036326512238,1.36488513329245,1.3689036326512238,1.0,0.2772887583795428,0.045213255513892305,0.2806849086553217
corn_moisture,mp6_rep7,mp6_rep7,BAG,0.1,1,1,8.893013000488281e-05,20,1.0,1.1488201430608467,1.1454477120889912,1.1488201430608467,1.0,0.2772887583795428,0.045213255513892305,0.2806849086553217
corn_moisture,mp6_rep7,mp6_rep7,BAG,0.2,1,1,8.296966552734375e-05,20,0.9,0.8950779745657187,0.8924504190672504,0.9466276896934132,1.0,0.2772887583795428,0.045213255513892305,0.2806849086553217
corn_moisture,mp6_rep7,mp6_rep7,QGB,0.05,1,1,0.0318295955657959,20,0.95,1.0261111103423555,0.9695140242519669,1.1154814452240625,1.0,0.2772887583795428,0.045213255513892305,0.2806849086553217
corn_moisture,mp6_rep7,mp6_rep7,QGB,0.1,1,1,0.026341676712036133,20,0.75,0.8696777144427458,0.7575967088360436,1.0636227157130516,1.0,0.2772887583795428,0.045213255513892305,0.2806849086553217
corn_moisture,mp6_rep7,mp6_rep7,QGB,0.2,1,1,0.0271761417388916,20,0.6,0.6643859753036953,0.5868164550831443,0.9485977617746745,1.0,0.2772887583795428,0.045213255513892305,0.2806849086553217
corn_moisture,mp6_rep7,mp6_rep7,SCP,0.05,1,1,2.9325485229492188e-05,20,1.0,1.7188131002816363,1.7188131002816363,1.7188131002816363,1.0,0.2772887583795428,0.045213255513892305,0.2806849086553217
corn_moisture,mp6_rep7,mp6_rep7,SCP,0.1,1,1,1.0013580322265625e-05,20,1.0,1.3616886971356976,1.3616886971356976,1.3616886971356976,1.0,0.2772887583795428,0.045213255513892305,0.2806849086553217
corn_moisture,mp6_rep7,mp6_rep7,SCP,0.2,1,1,8.821487426757812e-06,20,0.85,0.7454319356659163,0.7454319356659163,0.906885244265708,1.0,0.2772887583795428,0.045213255513892305,0.2806849086553217
corn_moisture,mp6_rep7,mp6_rep7,NCP-kNN,0.05,1,1,0.004672527313232422,20,1.0,2.3104507135903916,2.094621685071022,2.3104507135903916,1.0,0.2772887583795428,0.045213255513892305,0.2806849086553217
corn_moisture,mp6_rep7,mp6_rep7,NCP-kNN,0.1,1,1,4.863739013671875e-05,20,0.95,1.107634368355392,1.004165530751271,1.1490063063441434,1.0,0.2772887583795428,0.045213255513892305,0.2806849086553217
corn_moisture,mp6_rep7,mp6_rep7,NCP-kNN,0.2,1,1,1.3828277587890625e-05,20,0.85,0.8296116587110414,0.7521141049676423,0.958608547592718,1.0,0.2772887583795428,0.045213255513892305,0.2806849086553217
corn_moisture,mp6_rep7,mp6_rep7,CV+,0.05,1,1,0.0060498714447021484,20,1.0,1.599061059827506,1.6046714360260736,1.599061059827506,1.0,0.2772887583795428,0.045213255513892305,0.2806849086553217
corn_moisture,mp6_rep7,mp6_rep7,CV+,0.1,1,1,0.004475831985473633,20,0.95,1.0555340313993091,1.053639140713134,1.073075102488454,1.0,0.2772887583795428,0.045213255513892305,0.2806849086553217
corn_moisture,mp6_rep7,mp6_rep7,CV+,0.2,1,1,0.004486799240112305,20,0.85,0.8544183967812657,0.8560339808930104,0.9403041093357694,1.0,0.2772887583795428,0.045213255513892305,0.2806849086553217
corn_moisture,mp6_rep7,mp6_rep7,CQR,0.05,1,1,2.3365020751953125e-05,20,1.0,1.8141000938264717,1.7575030077360827,1.8141000938264717,1.0,0.2772887583795428,0.045213255513892305,0.2806849086553217
corn_moisture,mp6_rep7,mp6_rep7,CQR,0.1,1,1,1.3113021850585938e-05,20,1.0,1.0877287084293363,0.9756477028226342,1.0877287084293363,1.0,0.2772887583795428,0.045213255513892305,0.2806849086553217
corn_moisture,mp6_rep7,mp6_rep7,CQR,0.2,1,1,1.2636184692382812e-05,20,0.9,0.8578679872760592,0.7802984670555082,0.8941954263942055,1.0,0.2772887583795428,0.045213255513892305,0.2806849086553217
corn_moisture,mp6_rep7,mp6_rep7,WCP,0.05,1,1,0.003229379653930664,20,1.0,inf,inf,inf,0.3,0.2772887583795428,0.045213255513892305,0.2806849086553217
corn_moisture,mp6_rep7,mp6_rep7,WCP,0.1,1,1,0.00014281272888183594,20,1.0,inf,1.6773849184965108,inf,0.75,0.2772887583795428,0.045213255513892305,0.2806849086553217
corn_moisture,mp6_rep7,mp6_rep7,WCP,0.2,1,1,8.893013000488281e-05,20,1.0,1.5852459469747604,1.6359567367113854,1.5852459469747604,1.0,0.2772887583795428,0.045213255513892305,0.2806849086553217
corn_moisture,mp6_rep7,mp6_rep7,R-U-A,0.05,1,1,5.7697296142578125e-05,20,1.0,1.3902513363997322,1.3902513363997322,1.3902513363997322,1.0,0.2772887583795428,0.045213255513892305,0.2806849086553217
corn_moisture,mp6_rep7,mp6_rep7,R-U-A,0.1,1,1,5.412101745605469e-05,20,0.95,1.0011622179856126,1.0011622179856126,1.0331337627384123,1.0,0.2772887583795428,0.045213255513892305,0.2806849086553217
corn_moisture,mp6_rep7,mp6_rep7,R-U-A,0.2,1,1,3.933906555175781e-05,20,0.85,0.7880750571327084,0.7880750571327084,0.9222251133797963,1.0,0.2772887583795428,0.045213255513892305,0.2806849086553217
corn_moisture,mp6_rep7,mp6_rep7,R-U-D,0.05,1,1,0.003155231475830078,20,1.0,1.381252459069859,1.436000874814436,1.381252459069859,1.0,0.2772887583795428,0.045213255513892305,0.2806849086553217
corn_moisture,mp6_rep7,mp6_rep7,R-U-D,0.1,1,1,0.00036334991455078125,20,1.0,1.2855872054138335,1.3365437574443728,1.2855872054138335,1.0,0.2772887583795428,0.045213255513892305,0.2806849086553217
corn_moisture,mp6_rep7,mp6_rep7,R-U-D,0.2,1,1,0.0003638267517089844,20,0.95,0.9615495096317408,0.9996622470727754,1.0189680405272952,1.0,0.2772887583795428,0.045213255513892305,0.2806849086553217
corn_moisture,mp6_rep7,mp6_rep7,G-U-A,0.05,1,1,5.817413330078125e-05,20,1.0,1.4517889538010103,1.4517889538010103,1.4517889538010103,1.0,0.2772887583795428,0.045213255513892305,0.2806849086553217
corn_moisture,mp6_rep7,mp6_rep7,G-U-A,0.1,1,1,4.38690185546875e-05,20,1.0,1.0924326129200672,1.0924326129200672,1.0924326129200672,1.0,0.2772887583795428,0.045213255513892305,0.2806849086553217
corn_moisture,mp6_rep7,mp6_rep7,G-U-A,0.2,1,1,3.504753112792969e-05,20,0.85,0.8501597162101007,0.8501597162101007,0.9377462781491444,1.0,0.2772887583795428,0.045213255513892305,0.2806849086553217
corn_moisture,mp6_rep7,mp6_rep7,G-W-A,0.05,1,1,0.00010848045349121094,20,1.0,1.4517889538010103,1.4517889538010103,1.4517889538010103,1.0,0.2772887583795428,0.045213255513892305,0.2806849086553217
corn_moisture,mp6_rep7,mp6_rep7,G-W-A,0.1,1,1,7.724761962890625e-05,20,1.0,1.0924326129200672,1.0924326129200672,1.0924326129200672,1.0,0.2772887583795428,0.045213255513892305,0.2806849086553217
corn_moisture,mp6_rep7,mp6_rep7,G-W-A,0.2,1,1,6.961822509765625e-05,20,0.85,0.8501597162101007,0.8501597162101007,0.9377462781491444,1.0,0.2772887583795428,0.045213255513892305,0.2806849086553217
corn_moisture,mp6_rep7,mp6_rep7,G-U-D,0.05,1,1,0.003207683563232422,20,1.0,1.3355022181475895,1.4098967660176598,1.3355022181475895,1.0,0.2772887583795428,0.045213255513892305,0.2806849086553217
corn_moisture,mp6_rep7,mp6_rep7,G-U-D,0.1,1,1,0.00039768218994140625,20,0.95,1.122345182088785,1.1848657539313852,1.1454936396331066,1.0,0.2772887583795428,0.045213255513892305,0.2806849086553217
corn_moisture,mp6_rep7,mp6_rep7,G-U-D,0.2,1,1,0.0003383159637451172,20,0.9,0.888728222189165,0.9382350918676323,0.9558110865721383,1.0,0.2772887583795428,0.045213255513892305,0.2806849086553217
corn_moisture,mp6_rep7,mp6_rep7,GC-D,0.05,1,1,0.00046825408935546875,20,1.0,1.3355022181475895,1.4098967660176598,1.3355022181475895,1.0,0.2772887583795428,0.045213255513892305,0.2806849086553217
corn_moisture,mp6_rep7,mp6_rep7,GC-D,0.1,1,1,0.0003876686096191406,20,0.95,1.122345182088785,1.1848657539313852,1.1454936396331066,1.0,0.2772887583795428,0.045213255513892305,0.2806849086553217
corn_moisture,mp6_rep7,mp6_rep7,GC-D,0.2,1,1,0.00043845176696777344,20,0.9,0.888728222189165,0.9382350918676323,0.9558110865721383,1.0,0.2772887583795428,0.045213255513892305,0.2806849086553217
corn_moisture,mp6_rep7,mp6_rep7,GC-D+,0.05,1,1,0.00041937828063964844,20,1.0,inf,inf,inf,0.0,0.2772887583795428,0.045213255513892305,0.2806849086553217
corn_moisture,mp6_rep7,mp6_rep7,GC-D+,0.1,1,1,0.0003898143768310547,20,1.0,inf,inf,inf,0.0,0.2772887583795428,0.045213255513892305,0.2806849086553217
corn_moisture,mp6_rep7,mp6_rep7,GC-D+,0.2,1,1,0.000408172607421875,20,1.0,inf,inf,inf,0.0,0.2772887583795428,0.045213255513892305,0.2806849086553217
corn_moisture,mp6_rep7,mp6_rep7,HJ+,0.05,1,1,0.001638650894165039,20,1.0,inf,inf,inf,0.0,0.2772887583795428,0.045213255513892305,0.2806849086553217
corn_moisture,mp6_rep7,mp6_rep7,HJ+,0.1,1,1,0.00046062469482421875,20,1.0,inf,inf,inf,0.0,0.2772887583795428,0.045213255513892305,0.2806849086553217
corn_moisture,mp6_rep7,mp6_rep7,HJ+,0.2,1,1,0.00033545494079589844,20,1.0,inf,inf,inf,0.0,0.2772887583795428,0.045213255513892305,0.2806849086553217
corn_moisture,mp6_rep7,mp6_rep7,HJ+-D,0.05,1,1,0.0021140575408935547,20,1.0,inf,inf,inf,0.0,0.2772887583795428,0.045213255513892305,0.2806849086553217
corn_moisture,mp6_rep7,mp6_rep7,HJ+-D,0.1,1,1,0.0022881031036376953,20,1.0,inf,inf,inf,0.0,0.2772887583795428,0.045213255513892305,0.2806849086553217
corn_moisture,mp6_rep7,mp6_rep7,HJ+-D,0.2,1,1,0.0020852088928222656,20,1.0,inf,inf,inf,0.0,0.2772887583795428,0.045213255513892305,0.2806849086553217
corn_moisture,mp6_rep7,mp6_rep7,HCP-D,0.05,1,1,0.0003826618194580078,20,1.0,inf,inf,inf,0.0,0.2772887583795428,0.045213255513892305,0.2806849086553217
corn_moisture,mp6_rep7,mp6_rep7,HCP-D,0.1,1,1,0.00019359588623046875,20,1.0,inf,inf,inf,0.0,0.2772887583795428,0.045213255513892305,0.2806849086553217
corn_moisture,mp6_rep7,mp6_rep7,HCP-D,0.2,1,1,0.00015091896057128906,20,1.0,inf,inf,inf,0.0,0.2772887583795428,0.045213255513892305,0.2806849086553217
corn_moisture,mp6_rep7,mp6_rep7,HCP-A,0.05,1,1,0.00016641616821289062,20,1.0,inf,inf,inf,0.0,0.2772887583795428,0.045213255513892305,0.2806849086553217
corn_moisture,mp6_rep7,mp6_rep7,HCP-A,0.1,1,1,0.000141143798828125,20,1.0,inf,inf,inf,0.0,0.2772887583795428,0.045213255513892305,0.2806849086553217
corn_moisture,mp6_rep7,mp6_rep7,HCP-A,0.2,1,1,0.0001609325408935547,20,1.0,inf,inf,inf,0.0,0.2772887583795428,0.045213255513892305,0.2806849086553217
corn_moisture,mp6_rep7,mp6_rep7,ORACLE,0.05,1,1,0.00014138221740722656,20,1.0,inf,inf,inf,0.0,0.2772887583795428,0.045213255513892305,0.2806849086553217
corn_moisture,mp6_rep7,mp6_rep7,ORACLE,0.1,1,1,9.72747802734375e-05,20,0.9,0.9779802588053208,0.9779802588053208,1.0921101418194148,1.0,0.2772887583795428,0.045213255513892305,0.2806849086553217
corn_moisture,mp6_rep7,mp6_rep7,ORACLE,0.2,1,1,0.00010013580322265625,20,0.85,0.8304209071129947,0.8304209071129947,0.9832235693952756,1.0,0.2772887583795428,0.045213255513892305,0.2806849086553217
corn_moisture,mp6_rep8,mp6_rep8,ASTM-R,0.05,1,1,0.019526004791259766,20,0.95,1.3284709148333007,1.3242665929088453,1.7939964234364048,1.0,0.3153056967876599,-0.017772729579349188,0.32298250320876687
corn_moisture,mp6_rep8,mp6_rep8,ASTM-R,0.1,1,1,0.0001201629638671875,20,0.95,1.1121861862787925,1.1086663585468948,1.4526355957410215,1.0,0.3153056967876599,-0.017772729579349188,0.32298250320876687
corn_moisture,mp6_rep8,mp6_rep8,ASTM-R,0.2,1,1,0.00012063980102539062,20,0.9,0.864572890450386,0.861836705022446,1.108097324234049,1.0,0.3153056967876599,-0.017772729579349188,0.32298250320876687
corn_moisture,mp6_rep8,mp6_rep8,ASTM-G,0.05,1,1,0.00011134147644042969,20,0.95,1.3706172173745732,1.3662795115560247,1.7941740268615447,1.0,0.3153056967876599,-0.017772729579349188,0.32298250320876687
corn_moisture,mp6_rep8,mp6_rep8,ASTM-G,0.1,1,1,0.00010442733764648438,20,0.95,1.1474707641839188,1.1438392684261558,1.4703522288413822,1.0,0.3153056967876599,-0.017772729579349188,0.32298250320876687
corn_moisture,mp6_rep8,mp6_rep8,ASTM-G,0.2,1,1,0.00010657310485839844,20,0.9,0.8920018316511623,0.8891788395814135,1.1218620039665645,1.0,0.3153056967876599,-0.017772729579349188,0.32298250320876687
corn_moisture,mp6_rep8,mp6_rep8,GPR,0.05,1,1,0.030100107192993164,20,0.95,1.285139862838889,1.2762561461727966,1.8452391225765936,1.0,0.3153056967876599,-0.017772729579349188,0.32298250320876687
corn_moisture,mp6_rep8,mp6_rep8,GPR,0.1,1,1,0.00011134147644042969,20,0.95,1.078523371451913,1.0710679214057421,1.461163913866082,1.0,0.3153056967876599,-0.017772729579349188,0.32298250320876687
corn_moisture,mp6_rep8,mp6_rep8,GPR,0.2,1,1,8.559226989746094e-05,20,0.9,0.8403077894063689,0.8344990393012193,1.1070483926907455,1.0,0.3153056967876599,-0.017772729579349188,0.32298250320876687
corn_moisture,mp6_rep8,mp6_rep8,BAG,0.05,1,1,0.024059057235717773,20,0.95,1.3383275948781885,1.333144741483256,1.8126600609875445,1.0,0.3153056967876599,-0.017772729579349188,0.32298250320876687
corn_moisture,mp6_rep8,mp6_rep8,BAG,0.1,1,1,0.00015425682067871094,20,0.95,1.1231599232682947,1.1188103355861436,1.46664058250567,1.0,0.3153056967876599,-0.017772729579349188,0.32298250320876687
corn_moisture,mp6_rep8,mp6_rep8,BAG,0.2,1,1,0.00011992454528808594,20,0.9,0.8750853780765638,0.8716964923956763,1.1131759599259863,1.0,0.3153056967876599,-0.017772729579349188,0.32298250320876687
corn_moisture,mp6_rep8,mp6_rep8,QGB,0.05,1,1,0.04324221611022949,20,0.95,1.082993558292754,1.0334675874354886,1.5010132270464118,1.0,0.3153056967876599,-0.017772729579349188,0.32298250320876687
corn_moisture,mp6_rep8,mp6_rep8,QGB,0.1,1,1,0.04011130332946777,20,0.95,0.9271063138259624,0.9245330069212532,1.2452679776896232,1.0,0.3153056967876599,-0.017772729579349188,0.32298250320876687
corn_moisture,mp6_rep8,mp6_rep8,QGB,0.2,1,1,0.039536476135253906,20,0.8,0.7482455489606668,0.7632176381911364,0.982690866667771,1.0,0.3153056967876599,-0.017772729579349188,0.32298250320876687
corn_moisture,mp6_rep8,mp6_rep8,SCP,0.05,1,1,3.337860107421875e-05,20,0.95,1.1615056676527402,1.1615056676527402,1.8177672287665487,1.0,0.3153056967876599,-0.017772729579349188,0.32298250320876687
corn_moisture,mp6_rep8,mp6_rep8,SCP,0.1,1,1,1.0251998901367188e-05,20,0.95,1.0493479315666683,1.0493479315666683,1.4335575801666085,1.0,0.3153056967876599,-0.017772729579349188,0.32298250320876687
corn_moisture,mp6_rep8,mp6_rep8,SCP,0.2,1,1,8.344650268554688e-06,20,0.95,0.9613970554452109,0.9613970554452109,1.1754895987755454,1.0,0.3153056967876599,-0.017772729579349188,0.32298250320876687
corn_moisture,mp6_rep8,mp6_rep8,NCP-kNN,0.05,1,1,0.00455784797668457,20,1.0,1.626198052179538,1.620027626418457,1.626198052179538,1.0,0.3153056967876599,-0.017772729579349188,0.32298250320876687
corn_moisture,mp6_rep8,mp6_rep8,NCP-kNN,0.1,1,1,1.7404556274414062e-05,20,0.95,1.340194073318692,1.3351088575150154,1.4908075860547498,1.0,0.3153056967876599,-0.017772729579349188,0.32298250320876687
corn_moisture,mp6_rep8,mp6_rep8,NCP-kNN,0.2,1,1,1.1444091796875e-05,20,0.95,0.9161542399008094,0.9126779955925404,1.1114200133953773,1.0,0.3153056967876599,-0.017772729579349188,0.32298250320876687
corn_moisture,mp6_rep8,mp6_rep8,CV+,0.05,1,1,0.0050656795501708984,20,0.95,1.3269929174952984,1.3245511898847262,1.7468497321183443,1.0,0.3153056967876599,-0.017772729579349188,0.32298250320876687
corn_moisture,mp6_rep8,mp6_rep8,CV+,0.1,1,1,0.004416704177856445,20,0.95,1.1163978935272894,1.11999686898527,1.4601831165743497,1.0,0.3153056967876599,-0.017772729579349188,0.32298250320876687
corn_moisture,mp6_rep8,mp6_rep8,CV+,0.2,1,1,0.004399538040161133,20,0.9,0.8546899913198309,0.8491596018357912,1.1021681008196003,1.0,0.3153056967876599,-0.017772729579349188,0.32298250320876687
corn_moisture,mp6_rep8,mp6_rep8,CQR,0.05,1,1,2.2172927856445312e-05,20,1.0,1.717031286467575,1.6675053156103097,1.717031286467575,1.0,0.3153056967876599,-0.017772729579349188,0.32298250320876687
corn_moisture,mp6_rep8,mp6_rep8,CQR,0.1,1,1,1.2874603271484375e-05,20,0.95,1.395586531330984,1.3930132244262747,1.4795080864421342,1.0,0.3153056967876599,-0.017772729579349188,0.32298250320876687
corn_moisture,mp6_rep8,mp6_rep8,CQR,0.2,1,1,1.1920928955078125e-05,20,0.9,0.793103974168061,0.8080760633985307,0.9995931488308362,1.0,0.3153056967876599,-0.017772729579349188,0.32298250320876687
corn_moisture,mp6_rep8,mp6_rep8,WCP,0.05,1,1,0.0027298927307128906,20,1.0,inf,inf,inf,0.25,0.3153056967876599,-0.017772729579349188,0.32298250320876687
corn_moisture,mp6_rep8,mp6_rep8,WCP,0.1,1,1,0.00014472007751464844,20,1.0,inf,inf,inf,0.5,0.3153056967876599,-0.017772729579349188,0.32298250320876687
corn_moisture,mp6_rep8,mp6_rep8,WCP,0.2,1,1,7.82012939453125e-05,20,0.95,inf,0.9410210782758632,inf,0.85,0.3153056967876599,-0.017772729579349188,0.32298250320876687
corn_moisture,mp6_rep8,mp6_rep8,R-U-A,0.05,1,1,5.1975250244140625e-05,20,0.95,1.217731784159092,1.217731784159092,1.788398281477484,1.0,0.3153056967876599,-0.017772729579349188,0.32298250320876687
corn_moisture,mp6_rep8,mp6_rep8,R-U-A,0.1,1,1,3.457069396972656e-05,20,0.95,1.091659183715727,1.091659183715727,1.4400287325966055,1.0,0.3153056967876599,-0.017772729579349188,0.32298250320876687
corn_moisture,mp6_rep8,mp6_rep8,R-U-A,0.2,1,1,3.314018249511719e-05,20,0.9,0.8275494697845893,0.8275494697845893,1.0880029988752025,1.0,0.3153056967876599,-0.017772729579349188,0.32298250320876687
corn_moisture,mp6_rep8,mp6_rep8,R-U-D,0.05,1,1,0.002847433090209961,20,0.95,1.3995805688734004,1.4174349043842565,1.5754697091615848,1.0,0.3153056967876599,-0.017772729579349188,0.32298250320876687
corn_moisture,mp6_rep8,mp6_rep8,R-U-D,0.1,1,1,0.0004019737243652344,20,0.95,1.2067472791073954,1.2221416560208578,1.4057770734210355,1.0,0.3153056967876599,-0.017772729579349188,0.32298250320876687
corn_moisture,mp6_rep8,mp6_rep8,R-U-D,0.2,1,1,0.0003466606140136719,20,0.95,0.8956298998020976,0.907055377606131,1.0847572903855158,1.0,0.3153056967876599,-0.017772729579349188,0.32298250320876687
corn_moisture,mp6_rep8,mp6_rep8,G-U-A,0.05,1,1,4.100799560546875e-05,20,0.95,1.353611652687448,1.353611652687448,1.788398281477484,1.0,0.3153056967876599,-0.017772729579349188,0.32298250320876687
corn_moisture,mp6_rep8,mp6_rep8,G-U-A,0.1,1,1,6.103515625e-05,20,0.95,1.1049205104448632,1.1049205104448632,1.4466593959611735,1.0,0.3153056967876599,-0.017772729579349188,0.32298250320876687
corn_moisture,mp6_rep8,mp6_rep8,G-U-A,0.2,1,1,3.528594970703125e-05,20,0.9,0.865739690429443,0.865739690429443,1.1070981091976293,1.0,0.3153056967876599,-0.017772729579349188,0.32298250320876687
corn_moisture,mp6_rep8,mp6_rep8,G-W-A,0.05,1,1,9.584426879882812e-05,20,0.95,1.353611652687448,1.353611652687448,1.788398281477484,1.0,0.3153056967876599,-0.017772729579349188,0.32298250320876687
corn_moisture,mp6_rep8,mp6_rep8,G-W-A,0.1,1,1,7.557868957519531e-05,20,0.95,1.1049205104448632,1.1049205104448632,1.4466593959611735,1.0,0.3153056967876599,-0.017772729579349188,0.32298250320876687
corn_moisture,mp6_rep8,mp6_rep8,G-W-A,0.2,1,1,7.104873657226562e-05,20,0.9,0.865739690429443,0.865739690429443,1.1070981091976293,1.0,0.3153056967876599,-0.017772729579349188,0.32298250320876687
corn_moisture,mp6_rep8,mp6_rep8,G-U-D,0.05,1,1,0.003309011459350586,20,0.95,1.2624226268505006,1.281647391859435,1.695671083074177,1.0,0.3153056967876599,-0.017772729579349188,0.32298250320876687
corn_moisture,mp6_rep8,mp6_rep8,G-U-D,0.1,1,1,0.00037550926208496094,20,0.95,1.0673005794106123,1.0835539341878935,1.3886518628157338,1.0,0.3153056967876599,-0.017772729579349188,0.32298250320876687
corn_moisture,mp6_rep8,mp6_rep8,G-U-D,0.2,1,1,0.0003902912139892578,20,0.9,0.8136003927495563,0.8259902818636409,1.0607490300071098,1.0,0.3153056967876599,-0.017772729579349188,0.32298250320876687
corn_moisture,mp6_rep8,mp6_rep8,GC-D,0.05,1,1,0.0004177093505859375,20,0.95,1.2624226268505006,1.281647391859435,1.695671083074177,1.0,0.3153056967876599,-0.017772729579349188,0.32298250320876687
corn_moisture,mp6_rep8,mp6_rep8,GC-D,0.1,1,1,0.00042700767517089844,20,0.95,1.0673005794106123,1.0835539341878935,1.3886518628157338,1.0,0.3153056967876599,-0.017772729579349188,0.32298250320876687
corn_moisture,mp6_rep8,mp6_rep8,GC-D,0.2,1,1,0.00039124488830566406,20,0.9,0.8136003927495563,0.8259902818636409,1.0607490300071098,1.0,0.3153056967876599,-0.017772729579349188,0.32298250320876687
corn_moisture,mp6_rep8,mp6_rep8,GC-D+,0.05,1,1,0.0004546642303466797,20,1.0,inf,inf,inf,0.0,0.3153056967876599,-0.017772729579349188,0.32298250320876687
corn_moisture,mp6_rep8,mp6_rep8,GC-D+,0.1,1,1,0.000377655029296875,20,1.0,inf,inf,inf,0.0,0.3153056967876599,-0.017772729579349188,0.32298250320876687
corn_moisture,mp6_rep8,mp6_rep8,GC-D+,0.2,1,1,0.0004076957702636719,20,1.0,inf,inf,inf,0.0,0.3153056967876599,-0.017772729579349188,0.32298250320876687
corn_moisture,mp6_rep8,mp6_rep8,HJ+,0.05,1,1,0.0016286373138427734,20,1.0,inf,inf,inf,0.0,0.3153056967876599,-0.017772729579349188,0.32298250320876687
corn_moisture,mp6_rep8,mp6_rep8,HJ+,0.1,1,1,0.00041365623474121094,20,1.0,inf,inf,inf,0.0,0.3153056967876599,-0.017772729579349188,0.32298250320876687
corn_moisture,mp6_rep8,mp6_rep8,HJ+,0.2,1,1,0.00037097930908203125,20,1.0,inf,inf,inf,0.0,0.3153056967876599,-0.017772729579349188,0.32298250320876687
corn_moisture,mp6_rep8,mp6_rep8,HJ+-D,0.05,1,1,0.0021245479583740234,20,1.0,inf,inf,inf,0.0,0.3153056967876599,-0.017772729579349188,0.32298250320876687
corn_moisture,mp6_rep8,mp6_rep8,HJ+-D,0.1,1,1,0.0021152496337890625,20,1.0,inf,inf,inf,0.0,0.3153056967876599,-0.017772729579349188,0.32298250320876687
corn_moisture,mp6_rep8,mp6_rep8,HJ+-D,0.2,1,1,0.002044200897216797,20,1.0,inf,inf,inf,0.0,0.3153056967876599,-0.017772729579349188,0.32298250320876687
corn_moisture,mp6_rep8,mp6_rep8,HCP-D,0.05,1,1,0.0003609657287597656,20,1.0,inf,inf,inf,0.0,0.3153056967876599,-0.017772729579349188,0.32298250320876687
corn_moisture,mp6_rep8,mp6_rep8,HCP-D,0.1,1,1,0.00018715858459472656,20,1.0,inf,inf,inf,0.0,0.3153056967876599,-0.017772729579349188,0.32298250320876687
corn_moisture,mp6_rep8,mp6_rep8,HCP-D,0.2,1,1,0.00015497207641601562,20,1.0,inf,inf,inf,0.0,0.3153056967876599,-0.017772729579349188,0.32298250320876687
corn_moisture,mp6_rep8,mp6_rep8,HCP-A,0.05,1,1,0.0001468658447265625,20,1.0,inf,inf,inf,0.0,0.3153056967876599,-0.017772729579349188,0.32298250320876687
corn_moisture,mp6_rep8,mp6_rep8,HCP-A,0.1,1,1,0.00018024444580078125,20,1.0,inf,inf,inf,0.0,0.3153056967876599,-0.017772729579349188,0.32298250320876687
corn_moisture,mp6_rep8,mp6_rep8,HCP-A,0.2,1,1,0.0002295970916748047,20,1.0,inf,inf,inf,0.0,0.3153056967876599,-0.017772729579349188,0.32298250320876687
corn_moisture,mp6_rep8,mp6_rep8,ORACLE,0.05,1,1,0.00012445449829101562,20,1.0,inf,inf,inf,0.0,0.3153056967876599,-0.017772729579349188,0.32298250320876687
corn_moisture,mp6_rep8,mp6_rep8,ORACLE,0.1,1,1,9.775161743164062e-05,20,0.9,1.278892462928921,1.278892462928921,1.8579623465143786,1.0,0.3153056967876599,-0.017772729579349188,0.32298250320876687
corn_moisture,mp6_rep8,mp6_rep8,ORACLE,0.2,1,1,0.0001246929168701172,20,0.9,0.8092704327324931,0.8092704327324931,1.1284856512099815,1.0,0.3153056967876599,-0.017772729579349188,0.32298250320876687
corn_moisture,mp6_rep9,mp6_rep9,ASTM-R,0.05,1,1,0.014454126358032227,20,1.0,1.391412401716974,1.3894858447221576,1.391412401716974,1.0,0.29426741638560483,0.06956624834564717,0.2933541948196496
corn_moisture,mp6_rep9,mp6_rep9,ASTM-R,0.1,1,1,0.00012540817260742188,20,1.0,1.1648803412461626,1.1632674417443454,1.1648803412461626,1.0,0.29426741638560483,0.06956624834564717,0.2933541948196496
corn_moisture,mp6_rep9,mp6_rep9,ASTM-R,0.2,1,1,9.322166442871094e-05,20,0.85,0.9055354005337106,0.9042815914129942,1.0078624093496193,1.0,0.29426741638560483,0.06956624834564717,0.2933541948196496
corn_moisture,mp6_rep9,mp6_rep9,ASTM-G,0.05,1,1,0.00010442733764648438,20,1.0,1.410257334936553,1.4083046851472023,1.410257334936553,1.0,0.29426741638560483,0.06956624834564717,0.2933541948196496
corn_moisture,mp6_rep9,mp6_rep9,ASTM-G,0.1,1,1,9.751319885253906e-05,20,1.0,1.1806571822549792,1.179022438055382,1.1806571822549792,1.0,0.29426741638560483,0.06956624834564717,0.2933541948196496
corn_moisture,mp6_rep9,mp6_rep9,ASTM-G,0.2,1,1,0.000125885009765625,20,0.85,0.9177997400853524,0.916528949695012,1.0109309382765443,1.0,0.29426741638560483,0.06956624834564717,0.2933541948196496
corn_moisture,mp6_rep9,mp6_rep9,GPR,0.05,1,1,0.04532575607299805,20,1.0,1.3172918310684385,1.3161485525618737,1.3172918310684385,1.0,0.29426741638560483,0.06956624834564717,0.2933541948196496
corn_moisture,mp6_rep9,mp6_rep9,GPR,0.1,1,1,0.0003905296325683594,20,0.95,1.1055061537750346,1.1045466842067295,1.134721194942343,1.0,0.29426741638560483,0.06956624834564717,0.2933541948196496
corn_moisture,mp6_rep9,mp6_rep9,GPR,0.2,1,1,8.416175842285156e-05,20,0.85,0.8613308314341481,0.8605832817998191,0.9874660104846715,1.0,0.29426741638560483,0.06956624834564717,0.2933541948196496
corn_moisture,mp6_rep9,mp6_rep9,BAG,0.05,1,1,0.021978139877319336,20,1.0,1.34796403419504,1.3472018436598727,1.34796403419504,1.0,0.29426741638560483,0.06956624834564717,0.2933541948196496
corn_moisture,mp6_rep9,mp6_rep9,BAG,0.1,1,1,9.1552734375e-05,20,1.0,1.131247078076367,1.130607427615395,1.131247078076367,1.0,0.29426741638560483,0.06956624834564717,0.2933541948196496
corn_moisture,mp6_rep9,mp6_rep9,BAG,0.2,1,1,9.131431579589844e-05,20,0.85,0.8813863070682185,0.8808879374648519,0.9961759243002938,1.0,0.29426741638560483,0.06956624834564717,0.2933541948196496
corn_moisture,mp6_rep9,mp6_rep9,QGB,0.05,1,1,0.03079390525817871,20,1.0,1.182502575986972,1.1536813389836489,1.182502575986972,1.0,0.29426741638560483,0.06956624834564717,0.2933541948196496
corn_moisture,mp6_rep9,mp6_rep9,QGB,0.1,1,1,0.025998592376708984,20,0.9,1.0108523147006392,1.0688282066537056,1.19438570321497,1.0,0.29426741638560483,0.06956624834564717,0.2933541948196496
corn_moisture,mp6_rep9,mp6_rep9,QGB,0.2,1,1,0.028142690658569336,20,0.6,0.6931959550718612,0.7026926587281066,1.1031475797915031,1.0,0.29426741638560483,0.06956624834564717,0.2933541948196496
corn_moisture,mp6_rep9,mp6_rep9,SCP,0.05,1,1,2.6941299438476562e-05,20,1.0,1.9653709626369675,1.9653709626369675,1.9653709626369675,1.0,0.29426741638560483,0.06956624834564717,0.2933541948196496
corn_moisture,mp6_rep9,mp6_rep9,SCP,0.1,1,1,9.5367431640625e-06,20,0.9,1.0191645084240122,1.0191645084240122,1.0657585590326857,1.0,0.29426741638560483,0.06956624834564717,0.2933541948196496
corn_moisture,mp6_rep9,mp6_rep9,SCP,0.2,1,1,8.58306884765625e-06,20,0.85,0.920106337134527,0.920106337134527,1.006263837073643,1.0,0.29426741638560483,0.06956624834564717,0.2933541948196496
corn_moisture,mp6_rep9,mp6_rep9,NCP-kNN,0.05,1,1,0.0059812068939208984,20,1.0,2.9130572766355636,2.9761112339873943,2.9130572766355636,1.0,0.29426741638560483,0.06956624834564717,0.2933541948196496
corn_moisture,mp6_rep9,mp6_rep9,NCP-kNN,0.1,1,1,8.511543273925781e-05,20,1.0,1.276986334119532,1.3046270683049723,1.276986334119532,1.0,0.29426741638560483,0.06956624834564717,0.2933541948196496
corn_moisture,mp6_rep9,mp6_rep9,NCP-kNN,0.2,1,1,1.4781951904296875e-05,20,0.95,0.9870168399256494,1.008381101531274,1.0446264096658406,1.0,0.29426741638560483,0.06956624834564717,0.2933541948196496
corn_moisture,mp6_rep9,mp6_rep9,CV+,0.05,1,1,0.0052661895751953125,20,1.0,1.6062879324079051,1.6071322299209196,1.6062879324079051,1.0,0.29426741638560483,0.06956624834564717,0.2933541948196496
corn_moisture,mp6_rep9,mp6_rep9,CV+,0.1,1,1,0.005003452301025391,20,0.95,1.108224780325073,1.1070588622939326,1.1356311926064138,1.0,0.29426741638560483,0.06956624834564717,0.2933541948196496
corn_moisture,mp6_rep9,mp6_rep9,CV+,0.2,1,1,0.005001544952392578,20,0.8,0.861723214291044,0.8617247951748972,0.9916512226698915,1.0,0.29426741638560483,0.06956624834564717,0.2933541948196496
corn_moisture,mp6_rep9,mp6_rep9,CQR,0.05,1,1,3.147125244140625e-05,20,1.0,2.310239340957689,2.2814181039543655,2.310239340957689,1.0,0.29426741638560483,0.06956624834564717,0.2933541948196496
corn_moisture,mp6_rep9,mp6_rep9,CQR,0.1,1,1,1.3828277587890625e-05,20,1.0,1.4593937480723127,1.5173696400253789,1.4593937480723127,1.0,0.29426741638560483,0.06956624834564717,0.2933541948196496
corn_moisture,mp6_rep9,mp6_rep9,CQR,0.2,1,1,1.2874603271484375e-05,20,0.85,0.9578229146661673,0.9673196183224126,1.020182058948545,1.0,0.29426741638560483,0.06956624834564717,0.2933541948196496
corn_moisture,mp6_rep9,mp6_rep9,WCP,0.05,1,1,0.0026979446411132812,20,1.0,inf,inf,inf,0.5,0.29426741638560483,0.06956624834564717,0.2933541948196496
corn_moisture,mp6_rep9,mp6_rep9,WCP,0.1,1,1,0.00011682510375976562,20,1.0,inf,1.6674936852799185,inf,0.8,0.29426741638560483,0.06956624834564717,0.2933541948196496
corn_moisture,mp6_rep9,mp6_rep9,WCP,0.2,1,1,8.988380432128906e-05,20,0.95,inf,1.3116037656577006,inf,0.95,0.29426741638560483,0.06956624834564717,0.2933541948196496
corn_moisture,mp6_rep9,mp6_rep9,R-U-A,0.05,1,1,5.3882598876953125e-05,20,1.0,1.3322270608833762,1.3322270608833762,1.3322270608833762,1.0,0.29426741638560483,0.06956624834564717,0.2933541948196496
corn_moisture,mp6_rep9,mp6_rep9,R-U-A,0.1,1,1,5.030632019042969e-05,20,0.9,1.0374110560264818,1.0374110560264818,1.0848889866379743,1.0,0.29426741638560483,0.06956624834564717,0.2933541948196496
corn_moisture,mp6_rep9,mp6_rep9,R-U-A,0.2,1,1,5.4836273193359375e-05,20,0.8,0.8350264420908431,0.8350264420908431,0.9907070572915746,1.0,0.29426741638560483,0.06956624834564717,0.2933541948196496
corn_moisture,mp6_rep9,mp6_rep9,R-U-D,0.05,1,1,0.0030074119567871094,20,1.0,1.4866370913809577,1.485777666344772,1.4866370913809577,1.0,0.29426741638560483,0.06956624834564717,0.2933541948196496
corn_moisture,mp6_rep9,mp6_rep9,R-U-D,0.1,1,1,0.0004448890686035156,20,1.0,1.3532120390747688,1.3524297470733178,1.3532120390747688,1.0,0.29426741638560483,0.06956624834564717,0.2933541948196496
corn_moisture,mp6_rep9,mp6_rep9,R-U-D,0.2,1,1,0.0003571510314941406,20,0.95,0.9953354201352838,0.9947600166394164,1.0383107607944844,1.0,0.29426741638560483,0.06956624834564717,0.2933541948196496
corn_moisture,mp6_rep9,mp6_rep9,G-U-A,0.05,1,1,0.00010800361633300781,20,1.0,1.3594802061553217,1.3594802061553217,1.3594802061553217,1.0,0.29426741638560483,0.06956624834564717,0.2933541948196496
corn_moisture,mp6_rep9,mp6_rep9,G-U-A,0.1,1,1,4.1484832763671875e-05,20,1.0,1.1159879163953264,1.1159879163953264,1.1159879163953264,1.0,0.29426741638560483,0.06956624834564717,0.2933541948196496
corn_moisture,mp6_rep9,mp6_rep9,G-U-A,0.2,1,1,3.719329833984375e-05,20,0.85,0.8810210268117906,0.8810210268117906,1.001553360719094,1.0,0.29426741638560483,0.06956624834564717,0.2933541948196496
corn_moisture,mp6_rep9,mp6_rep9,G-W-A,0.05,1,1,0.00010824203491210938,20,1.0,1.3594802061553217,1.3594802061553217,1.3594802061553217,1.0,0.29426741638560483,0.06956624834564717,0.2933541948196496
corn_moisture,mp6_rep9,mp6_rep9,G-W-A,0.1,1,1,7.62939453125e-05,20,1.0,1.1159879163953264,1.1159879163953264,1.1159879163953264,1.0,0.29426741638560483,0.06956624834564717,0.2933541948196496
corn_moisture,mp6_rep9,mp6_rep9,G-W-A,0.2,1,1,0.00011372566223144531,20,0.85,0.8810210268117906,0.8810210268117906,1.001553360719094,1.0,0.29426741638560483,0.06956624834564717,0.2933541948196496
corn_moisture,mp6_rep9,mp6_rep9,G-U-D,0.05,1,1,0.0033910274505615234,20,1.0,1.413909245250489,1.4568034910586523,1.413909245250489,1.0,0.29426741638560483,0.06956624834564717,0.2933541948196496
corn_moisture,mp6_rep9,mp6_rep9,G-U-D,0.1,1,1,0.0006124973297119141,20,1.0,1.1883297924895053,1.224380557693447,1.1883297924895053,1.0,0.29426741638560483,0.06956624834564717,0.2933541948196496
corn_moisture,mp6_rep9,mp6_rep9,G-U-D,0.2,1,1,0.0003724098205566406,20,0.85,0.8909667913611216,0.9179963540320859,0.9946876247533897,1.0,0.29426741638560483,0.06956624834564717,0.2933541948196496
corn_moisture,mp6_rep9,mp6_rep9,GC-D,0.05,1,1,0.0005483627319335938,20,1.0,1.413909245250489,1.4568034910586523,1.413909245250489,1.0,0.29426741638560483,0.06956624834564717,0.2933541948196496
corn_moisture,mp6_rep9,mp6_rep9,GC-D,0.1,1,1,0.0005536079406738281,20,1.0,1.1883297924895053,1.224380557693447,1.1883297924895053,1.0,0.29426741638560483,0.06956624834564717,0.2933541948196496
corn_moisture,mp6_rep9,mp6_rep9,GC-D,0.2,1,1,0.0005238056182861328,20,0.85,0.8909667913611216,0.9179963540320859,0.9946876247533897,1.0,0.29426741638560483,0.06956624834564717,0.2933541948196496
corn_moisture,mp6_rep9,mp6_rep9,GC-D+,0.05,1,1,0.0004215240478515625,20,1.0,inf,inf,inf,0.0,0.29426741638560483,0.06956624834564717,0.2933541948196496
corn_moisture,mp6_rep9,mp6_rep9,GC-D+,0.1,1,1,0.000457763671875,20,1.0,inf,inf,inf,0.0,0.29426741638560483,0.06956624834564717,0.2933541948196496
corn_moisture,mp6_rep9,mp6_rep9,GC-D+,0.2,1,1,0.00041794776916503906,20,1.0,inf,inf,inf,0.0,0.29426741638560483,0.06956624834564717,0.2933541948196496
corn_moisture,mp6_rep9,mp6_rep9,HJ+,0.05,1,1,0.0017609596252441406,20,1.0,inf,inf,inf,0.0,0.29426741638560483,0.06956624834564717,0.2933541948196496
corn_moisture,mp6_rep9,mp6_rep9,HJ+,0.1,1,1,0.00044798851013183594,20,1.0,inf,inf,inf,0.0,0.29426741638560483,0.06956624834564717,0.2933541948196496
corn_moisture,mp6_rep9,mp6_rep9,HJ+,0.2,1,1,0.0003495216369628906,20,1.0,inf,inf,inf,0.0,0.29426741638560483,0.06956624834564717,0.2933541948196496
corn_moisture,mp6_rep9,mp6_rep9,HJ+-D,0.05,1,1,0.0022649765014648438,20,1.0,inf,inf,inf,0.0,0.29426741638560483,0.06956624834564717,0.2933541948196496
corn_moisture,mp6_rep9,mp6_rep9,HJ+-D,0.1,1,1,0.002170562744140625,20,1.0,inf,inf,inf,0.0,0.29426741638560483,0.06956624834564717,0.2933541948196496
corn_moisture,mp6_rep9,mp6_rep9,HJ+-D,0.2,1,1,0.002050161361694336,20,1.0,inf,inf,inf,0.0,0.29426741638560483,0.06956624834564717,0.2933541948196496
corn_moisture,mp6_rep9,mp6_rep9,HCP-D,0.05,1,1,0.0003197193145751953,20,1.0,inf,inf,inf,0.0,0.29426741638560483,0.06956624834564717,0.2933541948196496
corn_moisture,mp6_rep9,mp6_rep9,HCP-D,0.1,1,1,0.00023746490478515625,20,1.0,inf,inf,inf,0.0,0.29426741638560483,0.06956624834564717,0.2933541948196496
corn_moisture,mp6_rep9,mp6_rep9,HCP-D,0.2,1,1,0.0002334117889404297,20,1.0,inf,inf,inf,0.0,0.29426741638560483,0.06956624834564717,0.2933541948196496
corn_moisture,mp6_rep9,mp6_rep9,HCP-A,0.05,1,1,0.00024580955505371094,20,1.0,inf,inf,inf,0.0,0.29426741638560483,0.06956624834564717,0.2933541948196496
corn_moisture,mp6_rep9,mp6_rep9,HCP-A,0.1,1,1,0.00019407272338867188,20,1.0,inf,inf,inf,0.0,0.29426741638560483,0.06956624834564717,0.2933541948196496
corn_moisture,mp6_rep9,mp6_rep9,HCP-A,0.2,1,1,0.00015807151794433594,20,1.0,inf,inf,inf,0.0,0.29426741638560483,0.06956624834564717,0.2933541948196496
corn_moisture,mp6_rep9,mp6_rep9,ORACLE,0.05,1,1,0.00013065338134765625,20,1.0,inf,inf,inf,0.0,0.29426741638560483,0.06956624834564717,0.2933541948196496
corn_moisture,mp6_rep9,mp6_rep9,ORACLE,0.1,1,1,0.0001327991485595703,20,0.95,1.0848889866379743,1.0848889866379743,1.1088318254966758,1.0,0.29426741638560483,0.06956624834564717,0.2933541948196496
corn_moisture,mp6_rep9,mp6_rep9,ORACLE,0.2,1,1,0.00010204315185546875,20,0.75,0.8262200381172278,0.8262200381172278,1.0598800374530661,1.0,0.29426741638560483,0.06956624834564717,0.2933541948196496
