task,fold,group,method,alpha,seed,A,time_s,n,coverage,width_mean,width_median,interval_score,finite_frac,rmse,bias,sep
corn_starch,m5_rep0,m5_rep0,ASTM-R,0.05,3,4,0.013885736465454102,20,0.1,1.7948639008220593,1.7763703909904187,19.476942127147982,1.0,1.378296032699239,-1.33558370676128,0.3493092672663717
corn_starch,m5_rep0,m5_rep0,ASTM-R,0.1,3,4,0.00016808509826660156,20,0.0,1.5025511019512348,1.4870694581543162,13.188714217664492,1.0,1.378296032699239,-1.33558370676128,0.3493092672663717
corn_starch,m5_rep0,m5_rep0,ASTM-R,0.2,3,4,0.00010538101196289062,20,0.0,1.1679587550009898,1.1559246076159617,8.684002047608839,1.0,1.378296032699239,-1.33558370676128,0.3493092672663717
corn_starch,m5_rep0,m5_rep0,ASTM-G,0.05,3,4,0.00011563301086425781,20,0.2,2.01715569704171,1.9963717876332616,16.084473952553857,1.0,1.378296032699239,-1.33558370676128,0.3493092672663717
corn_starch,m5_rep0,m5_rep0,ASTM-G,0.1,3,4,9.703636169433594e-05,20,0.0,1.6886402996957455,1.6712412724100467,11.513911437963895,1.0,1.378296032699239,-1.33558370676128,0.3493092672663717
corn_starch,m5_rep0,m5_rep0,ASTM-G,0.2,3,4,0.00012946128845214844,20,0.0,1.3126090816584726,1.2990845191857296,8.105400740978915,1.0,1.378296032699239,-1.33558370676128,0.3493092672663717
corn_starch,m5_rep0,m5_rep0,GPR,0.05,3,4,0.05088973045349121,20,0.15,1.5283980689394039,1.3834385927003936,20.013549637817086,1.0,1.378296032699239,-1.33558370676128,0.3493092672663717
corn_starch,m5_rep0,m5_rep0,GPR,0.1,3,4,0.00011038780212402344,20,0.05,1.2826720934418439,1.161018266058548,12.682747260229863,1.0,1.378296032699239,-1.33558370676128,0.3493092672663717
corn_starch,m5_rep0,m5_rep0,GPR,0.2,3,4,8.368492126464844e-05,20,0.05,0.9993657809402527,0.9045818741032008,7.991466198814824,1.0,1.378296032699239,-1.33558370676128,0.3493092672663717
corn_starch,m5_rep0,m5_rep0,BAG,0.05,3,4,0.030085325241088867,20,0.3,2.134985833903212,2.148846461541318,12.342113911724834,1.0,1.378296032699239,-1.33558370676128,0.3493092672663717
corn_starch,m5_rep0,m5_rep0,BAG,0.1,3,4,0.00012683868408203125,20,0.25,1.7917365931649065,1.803368798563671,9.434398429805478,1.0,1.378296032699239,-1.33558370676128,0.3493092672663717
corn_starch,m5_rep0,m5_rep0,BAG,0.2,3,4,8.487701416015625e-05,20,0.0,1.3959922016099124,1.4050551788835541,6.9273613825486775,1.0,1.378296032699239,-1.33558370676128,0.3493092672663717
corn_starch,m5_rep0,m5_rep0,QGB,0.05,3,4,0.05011391639709473,20,0.55,1.6709340328332005,1.7962689579642728,9.721969768945398,1.0,1.378296032699239,-1.33558370676128,0.3493092672663717
corn_starch,m5_rep0,m5_rep0,QGB,0.1,3,4,0.04340076446533203,20,0.4,1.4808519002308802,1.6302156810874422,7.327143531524364,1.0,1.378296032699239,-1.33558370676128,0.3493092672663717
corn_starch,m5_rep0,m5_rep0,QGB,0.2,3,4,0.045299530029296875,20,0.4,1.3087444425075596,1.4335331449189503,4.994848183393913,1.0,1.378296032699239,-1.33558370676128,0.3493092672663717
corn_starch,m5_rep0,m5_rep0,SCP,0.05,3,4,3.9577484130859375e-05,20,0.0,1.7541632499055306,1.754163249905531,28.1942491097997,1.0,1.378296032699239,-1.33558370676128,0.3493092672663717
corn_starch,m5_rep0,m5_rep0,SCP,0.1,3,4,1.71661376953125e-05,20,0.0,1.4946583742035098,1.4946583742035102,17.309750061170803,1.0,1.378296032699239,-1.33558370676128,0.3493092672663717
corn_starch,m5_rep0,m5_rep0,SCP,0.2,3,4,2.0503997802734375e-05,20,0.0,1.050919892601201,1.0509198926012004,11.17715814409639,1.0,1.378296032699239,-1.33558370676128,0.3493092672663717
corn_starch,m5_rep0,m5_rep0,NCP-kNN,0.05,3,4,0.01076817512512207,20,0.0,1.5149111009008067,1.5178991581130497,32.74003994088947,1.0,1.378296032699239,-1.33558370676128,0.3493092672663717
corn_starch,m5_rep0,m5_rep0,NCP-kNN,0.1,3,4,3.4809112548828125e-05,20,0.0,1.390041689666947,1.3927834506149317,18.251300221999866,1.0,1.378296032699239,-1.33558370676128,0.3493092672663717
corn_starch,m5_rep0,m5_rep0,NCP-kNN,0.2,3,4,2.1696090698242188e-05,20,0.0,1.0152899866188618,1.0172925757907443,11.319677768025747,1.0,1.378296032699239,-1.33558370676128,0.3493092672663717
corn_starch,m5_rep0,m5_rep0,CV+,0.05,3,4,0.005962848663330078,20,0.2,1.9995847747443594,1.8778718948598403,17.76312570390891,1.0,1.378296032699239,-1.33558370676128,0.3493092672663717
corn_starch,m5_rep0,m5_rep0,CV+,0.1,3,4,0.0045282840728759766,20,0.0,1.6546150859789992,1.5346538715948164,12.48715250132651,1.0,1.378296032699239,-1.33558370676128,0.3493092672663717
corn_starch,m5_rep0,m5_rep0,CV+,0.2,3,4,0.004590272903442383,20,0.0,1.2201302351277197,1.1423081235688066,8.649617959082626,1.0,1.378296032699239,-1.33558370676128,0.3493092672663717
corn_starch,m5_rep0,m5_rep0,CQR,0.05,3,4,2.86102294921875e-05,20,0.95,3.5852474036535384,3.7105823287846107,3.8398911878939814,1.0,1.378296032699239,-1.33558370676128,0.3493092672663717
corn_starch,m5_rep0,m5_rep0,CQR,0.1,3,4,1.9073486328125e-05,20,0.6,2.1151845507558624,2.264548331612424,4.87321286495021,1.0,1.378296032699239,-1.33558370676128,0.3493092672663717
corn_starch,m5_rep0,m5_rep0,CQR,0.2,3,4,1.2874603271484375e-05,20,0.45,1.6970790261675284,1.821867728578919,4.240433364782739,1.0,1.378296032699239,-1.33558370676128,0.3493092672663717
corn_starch,m5_rep0,m5_rep0,WCP,0.05,3,4,0.005255460739135742,20,1.0,inf,inf,inf,0.0,1.378296032699239,-1.33558370676128,0.3493092672663717
corn_starch,m5_rep0,m5_rep0,WCP,0.1,3,4,0.0002872943878173828,20,1.0,inf,inf,inf,0.0,1.378296032699239,-1.33558370676128,0.3493092672663717
corn_starch,m5_rep0,m5_rep0,WCP,0.2,3,4,0.00010275840759277344,20,1.0,inf,inf,inf,0.0,1.378296032699239,-1.33558370676128,0.3493092672663717
corn_starch,m5_rep0,m5_rep0,R-U-A,0.05,3,4,5.7220458984375e-05,20,0.05,1.7068298975941487,1.7068298975941474,21.02839661226196,1.0,1.378296032699239,-1.33558370676128,0.3493092672663717
corn_starch,m5_rep0,m5_rep0,R-U-A,0.1,3,4,4.029273986816406e-05,20,0.0,1.448891367904451,1.4488913679044515,13.671651824085544,1.0,1.378296032699239,-1.33558370676128,0.3493092672663717
corn_starch,m5_rep0,m5_rep0,R-U-A,0.2,3,4,3.457069396972656e-05,20,0.0,1.019367133808288,1.019367133808288,9.278368532379648,1.0,1.378296032699239,-1.33558370676128,0.3493092672663717
corn_starch,m5_rep0,m5_rep0,R-U-D,0.05,3,4,0.00341033935546875,20,0.7,3.1888278477724086,3.01604367339678,6.90675597322015,1.0,1.378296032699239,-1.33558370676128,0.3493092672663717
corn_starch,m5_rep0,m5_rep0,R-U-D,0.1,3,4,0.0004336833953857422,20,0.55,2.852897041166034,2.6983150181255304,5.79004611039264,1.0,1.378296032699239,-1.33558370676128,0.3493092672663717
corn_starch,m5_rep0,m5_rep0,R-U-D,0.2,3,4,0.00035500526428222656,20,0.3,2.0556292170534416,1.9442465353764966,5.503089654541627,1.0,1.378296032699239,-1.33558370676128,0.3493092672663717
corn_starch,m5_rep0,m5_rep0,G-U-A,0.05,3,4,0.00010704994201660156,20,0.2,2.0302952872217754,2.030295287221776,15.994700271596013,1.0,1.378296032699239,-1.33558370676128,0.3493092672663717
corn_starch,m5_rep0,m5_rep0,G-U-A,0.1,3,4,6.508827209472656e-05,20,0.0,1.6437311882113188,1.6437311882113192,11.918093441323734,1.0,1.378296032699239,-1.33558370676128,0.3493092672663717
corn_starch,m5_rep0,m5_rep0,G-U-A,0.2,3,4,4.267692565917969e-05,20,0.0,1.2762206167481334,1.2762206167481338,8.250954600620268,1.0,1.378296032699239,-1.33558370676128,0.3493092672663717
corn_starch,m5_rep0,m5_rep0,G-W-A,0.05,3,4,0.00010323524475097656,20,0.2,2.0302952872217754,2.030295287221776,15.994700271596013,1.0,1.378296032699239,-1.33558370676128,0.3493092672663717
corn_starch,m5_rep0,m5_rep0,G-W-A,0.1,3,4,7.677078247070312e-05,20,0.0,1.6437311882113188,1.6437311882113192,11.918093441323734,1.0,1.378296032699239,-1.33558370676128,0.3493092672663717
corn_starch,m5_rep0,m5_rep0,G-W-A,0.2,3,4,7.295608520507812e-05,20,0.0,1.2762206167481334,1.2762206167481338,8.250954600620268,1.0,1.378296032699239,-1.33558370676128,0.3493092672663717
corn_starch,m5_rep0,m5_rep0,G-U-D,0.05,3,4,0.003291606903076172,20,0.6,2.9311309197508613,2.925354615751992,7.39218833264052,1.0,1.378296032699239,-1.33558370676128,0.3493092672663717
corn_starch,m5_rep0,m5_rep0,G-U-D,0.1,3,4,0.00034737586975097656,20,0.45,2.3904990084323563,2.3857881137777817,7.19512629303609,1.0,1.378296032699239,-1.33558370676128,0.3493092672663717
corn_starch,m5_rep0,m5_rep0,G-U-D,0.2,3,4,0.00037479400634765625,20,0.2,1.9885696594669677,1.9846508365994495,5.695115094744715,1.0,1.378296032699239,-1.33558370676128,0.3493092672663717
corn_starch,m5_rep0,m5_rep0,GC-D,0.05,3,4,0.00041604042053222656,20,0.6,2.9311309197508613,2.925354615751992,7.39218833264052,1.0,1.378296032699239,-1.33558370676128,0.3493092672663717
corn_starch,m5_rep0,m5_rep0,GC-D,0.1,3,4,0.00042438507080078125,20,0.45,2.3904990084323563,2.3857881137777817,7.19512629303609,1.0,1.378296032699239,-1.33558370676128,0.3493092672663717
corn_starch,m5_rep0,m5_rep0,GC-D,0.2,3,4,0.0003705024719238281,20,0.2,1.9885696594669677,1.9846508365994495,5.695115094744715,1.0,1.378296032699239,-1.33558370676128,0.3493092672663717
corn_starch,m5_rep0,m5_rep0,GC-D+,0.05,3,4,0.0006225109100341797,20,1.0,inf,inf,inf,0.0,1.378296032699239,-1.33558370676128,0.3493092672663717
corn_starch,m5_rep0,m5_rep0,GC-D+,0.1,3,4,0.0007166862487792969,20,1.0,inf,inf,inf,0.0,1.378296032699239,-1.33558370676128,0.3493092672663717
corn_starch,m5_rep0,m5_rep0,GC-D+,0.2,3,4,0.0005946159362792969,20,1.0,inf,inf,inf,0.0,1.378296032699239,-1.33558370676128,0.3493092672663717
corn_starch,m5_rep0,m5_rep0,HJ+,0.05,3,4,0.001749277114868164,20,1.0,inf,inf,inf,0.0,1.378296032699239,-1.33558370676128,0.3493092672663717
corn_starch,m5_rep0,m5_rep0,HJ+,0.1,3,4,0.0005903244018554688,20,1.0,inf,inf,inf,0.0,1.378296032699239,-1.33558370676128,0.3493092672663717
corn_starch,m5_rep0,m5_rep0,HJ+,0.2,3,4,0.0004665851593017578,20,1.0,inf,inf,inf,0.0,1.378296032699239,-1.33558370676128,0.3493092672663717
corn_starch,m5_rep0,m5_rep0,HJ+-D,0.05,3,4,0.002373218536376953,20,1.0,inf,inf,inf,0.0,1.378296032699239,-1.33558370676128,0.3493092672663717
corn_starch,m5_rep0,m5_rep0,HJ+-D,0.1,3,4,0.002262592315673828,20,1.0,inf,inf,inf,0.0,1.378296032699239,-1.33558370676128,0.3493092672663717
corn_starch,m5_rep0,m5_rep0,HJ+-D,0.2,3,4,0.0027968883514404297,20,1.0,inf,inf,inf,0.0,1.378296032699239,-1.33558370676128,0.3493092672663717
corn_starch,m5_rep0,m5_rep0,HCP-D,0.05,3,4,0.0002837181091308594,20,1.0,inf,inf,inf,0.0,1.378296032699239,-1.33558370676128,0.3493092672663717
corn_starch,m5_rep0,m5_rep0,HCP-D,0.1,3,4,0.00020360946655273438,20,1.0,inf,inf,inf,0.0,1.378296032699239,-1.33558370676128,0.3493092672663717
corn_starch,m5_rep0,m5_rep0,HCP-D,0.2,3,4,0.0001544952392578125,20,1.0,inf,inf,inf,0.0,1.378296032699239,-1.33558370676128,0.3493092672663717
corn_starch,m5_rep0,m5_rep0,HCP-A,0.05,3,4,0.00014138221740722656,20,1.0,inf,inf,inf,0.0,1.378296032699239,-1.33558370676128,0.3493092672663717
corn_starch,m5_rep0,m5_rep0,HCP-A,0.1,3,4,0.00014495849609375,20,1.0,inf,inf,inf,0.0,1.378296032699239,-1.33558370676128,0.3493092672663717
corn_starch,m5_rep0,m5_rep0,HCP-A,0.2,3,4,0.0001709461212158203,20,1.0,inf,inf,inf,0.0,1.378296032699239,-1.33558370676128,0.3493092672663717
corn_starch,m5_rep0,m5_rep0,ORACLE,0.05,3,4,0.00011777877807617188,20,1.0,inf,inf,inf,0.0,1.378296032699239,-1.33558370676128,0.3493092672663717
corn_starch,m5_rep0,m5_rep0,ORACLE,0.1,3,4,9.989738464355469e-05,20,0.9,3.751940304126748,3.751940304126748,4.241247995658725,1.0,1.378296032699239,-1.33558370676128,0.3493092672663717
corn_starch,m5_rep0,m5_rep0,ORACLE,0.2,3,4,0.00011181831359863281,20,0.8,3.4136832022501395,3.413683202250141,3.753433268786955,1.0,1.378296032699239,-1.33558370676128,0.3493092672663717
corn_starch,m5_rep1,m5_rep1,ASTM-R,0.05,3,5,0.016618728637695312,20,0.1,1.4726860485197844,1.4504722095508669,14.604980708405742,1.0,1.0890339089588317,-1.048032759782609,0.30370031850077983
corn_starch,m5_rep1,m5_rep1,ASTM-R,0.1,3,5,0.00013208389282226562,20,0.1,1.2328162061931187,1.2142205382908031,9.962703534612505,1.0,1.0890339089588317,-1.048032759782609,0.30370031850077983
corn_starch,m5_rep1,m5_rep1,ASTM-R,0.2,3,5,0.00014162063598632812,20,0.0,0.9582694984311907,0.9438150637277651,6.64724960410133,1.0,1.0890339089588317,-1.048032759782609,0.30370031850077983
corn_starch,m5_rep1,m5_rep1,ASTM-G,0.05,3,5,0.000118255615234375,20,0.25,1.629026681388242,1.6044546170213536,12.151393307365584,1.0,1.0890339089588317,-1.048032759782609,0.30370031850077983
corn_starch,m5_rep1,m5_rep1,ASTM-G,0.1,3,5,0.00010466575622558594,20,0.1,1.3636922106751672,1.3431224231080492,8.913015767543214,1.0,1.0890339089588317,-1.048032759782609,0.30370031850077983
corn_starch,m5_rep1,m5_rep1,ASTM-G,0.2,3,5,9.608268737792969e-05,20,0.0,1.059999571853054,1.0440106515940926,6.240329310413882,1.0,1.0890339089588317,-1.048032759782609,0.30370031850077983
corn_starch,m5_rep1,m5_rep1,GPR,0.05,3,5,0.05650448799133301,20,0.3,1.6234386400623113,1.2807288989061192,16.159216782865293,1.0,1.0890339089588317,-1.048032759782609,0.30370031850077983
corn_starch,m5_rep1,m5_rep1,GPR,0.1,3,5,0.00011563301086425781,20,0.3,1.3624326550399872,1.0748215738268563,9.997545638705374,1.0,1.0890339089588317,-1.048032759782609,0.30370031850077983
corn_starch,m5_rep1,m5_rep1,GPR,0.2,3,5,8.225440979003906e-05,20,0.25,1.06150947014758,0.8374236151163394,6.209787503209018,1.0,1.0890339089588317,-1.048032759782609,0.30370031850077983
corn_starch,m5_rep1,m5_rep1,BAG,0.05,3,5,0.03980851173400879,20,0.3,1.9663901936533157,1.9498062684793744,12.837976347058989,1.0,1.0890339089588317,-1.048032759782609,0.30370031850077983
corn_starch,m5_rep1,m5_rep1,BAG,0.1,3,5,0.00011372566223144531,20,0.15,1.6502466716455966,1.6363290029095232,9.52017374728365,1.0,1.0890339089588317,-1.048032759782609,0.30370031850077983
corn_starch,m5_rep1,m5_rep1,BAG,0.2,3,5,8.249282836914062e-05,20,0.0,1.2857534378313271,1.2749097920106998,6.960983928022655,1.0,1.0890339089588317,-1.048032759782609,0.30370031850077983
corn_starch,m5_rep1,m5_rep1,QGB,0.05,3,5,0.03313159942626953,20,0.8,1.5719247529924225,1.5337641528581365,3.6833327762434096,1.0,1.0890339089588317,-1.048032759782609,0.30370031850077983
corn_starch,m5_rep1,m5_rep1,QGB,0.1,3,5,0.028191089630126953,20,0.75,1.355976539315824,1.3571764342159156,2.7823170795491787,1.0,1.0890339089588317,-1.048032759782609,0.30370031850077983
corn_starch,m5_rep1,m5_rep1,QGB,0.2,3,5,0.029088735580444336,20,0.6,1.0119165726021397,1.0787249463849768,2.2502285749627338,1.0,1.0890339089588317,-1.048032759782609,0.30370031850077983
corn_starch,m5_rep1,m5_rep1,SCP,0.05,3,5,2.8133392333984375e-05,20,0.6,1.6518519847927564,1.6518519847927564,6.520053166151243,1.0,1.0890339089588317,-1.048032759782609,0.30370031850077983
corn_starch,m5_rep1,m5_rep1,SCP,0.1,3,5,1.0013580322265625e-05,20,0.45,1.3104941622834474,1.3104941622834474,5.423203040933913,1.0,1.0890339089588317,-1.048032759782609,0.30370031850077983
corn_starch,m5_rep1,m5_rep1,SCP,0.2,3,5,8.821487426757812e-06,20,0.25,0.9703172661055248,0.9703172661055248,4.086250249342008,1.0,1.0890339089588317,-1.048032759782609,0.30370031850077983
corn_starch,m5_rep1,m5_rep1,NCP-kNN,0.05,3,5,0.0073833465576171875,20,0.5,1.5129424484892442,1.5402343566586794,7.0264940025001605,1.0,1.0890339089588317,-1.048032759782609,0.30370031850077983
corn_starch,m5_rep1,m5_rep1,NCP-kNN,0.1,3,5,1.9311904907226562e-05,20,0.5,1.4179084970406222,1.4434860915701009,4.664697493168754,1.0,1.0890339089588317,-1.048032759782609,0.30370031850077983
corn_starch,m5_rep1,m5_rep1,NCP-kNN,0.2,3,5,1.3589859008789062e-05,20,0.2,1.0911701298890246,1.1108537041134703,3.7696919123871226,1.0,1.0890339089588317,-1.048032759782609,0.30370031850077983
corn_starch,m5_rep1,m5_rep1,CV+,0.05,3,5,0.004995584487915039,20,0.2,1.6231796982781783,1.6200555099291236,15.679028713161628,1.0,1.0890339089588317,-1.048032759782609,0.30370031850077983
corn_starch,m5_rep1,m5_rep1,CV+,0.1,3,5,0.004321098327636719,20,0.05,1.263492523022697,1.2382350330834448,10.83004348409323,1.0,1.0890339089588317,-1.048032759782609,0.30370031850077983
corn_starch,m5_rep1,m5_rep1,CV+,0.2,3,5,0.004349946975708008,20,0.0,0.9686355421113074,0.9380946724356392,7.326001632469733,1.0,1.0890339089588317,-1.048032759782609,0.30370031850077983
corn_starch,m5_rep1,m5_rep1,CQR,0.05,3,5,2.384185791015625e-05,20,1.0,3.010440053532526,2.97227945339824,3.010440053532526,1.0,1.0890339089588317,-1.048032759782609,0.30370031850077983
corn_starch,m5_rep1,m5_rep1,CQR,0.1,3,5,1.1682510375976562e-05,20,0.85,1.9942562346311572,1.9954561295312487,2.1728716738579177,1.0,1.0890339089588317,-1.048032759782609,0.30370031850077983
corn_starch,m5_rep1,m5_rep1,CQR,0.2,3,5,1.1682510375976562e-05,20,0.8,1.6471622519664428,1.7139706257492726,2.167265841418435,1.0,1.0890339089588317,-1.048032759782609,0.30370031850077983
corn_starch,m5_rep1,m5_rep1,WCP,0.05,3,5,0.0036101341247558594,20,1.0,inf,inf,inf,0.0,1.0890339089588317,-1.048032759782609,0.30370031850077983
corn_starch,m5_rep1,m5_rep1,WCP,0.1,3,5,0.00011467933654785156,20,1.0,inf,inf,inf,0.0,1.0890339089588317,-1.048032759782609,0.30370031850077983
corn_starch,m5_rep1,m5_rep1,WCP,0.2,3,5,8.177757263183594e-05,20,1.0,inf,inf,inf,0.0,1.0890339089588317,-1.048032759782609,0.30370031850077983
corn_starch,m5_rep1,m5_rep1,R-U-A,0.05,3,5,5.245208740234375e-05,20,0.1,1.344542946687199,1.3445429466871985,16.843720946449093,1.0,1.0890339089588317,-1.048032759782609,0.30370031850077983
corn_starch,m5_rep1,m5_rep1,R-U-A,0.1,3,5,3.719329833984375e-05,20,0.1,1.1601505126690763,1.1601505126690768,10.569271418713122,1.0,1.0890339089588317,-1.048032759782609,0.30370031850077983
corn_starch,m5_rep1,m5_rep1,R-U-A,0.2,3,5,3.2901763916015625e-05,20,0.0,0.7879626301319718,0.7879626301319718,7.328477077298203,1.0,1.0890339089588317,-1.048032759782609,0.30370031850077983
corn_starch,m5_rep1,m5_rep1,R-U-D,0.05,3,5,0.0032095909118652344,20,0.05,1.1923816854367026,1.160990617085215,19.314749074340444,1.0,1.0890339089588317,-1.048032759782609,0.30370031850077983
corn_starch,m5_rep1,m5_rep1,R-U-D,0.1,3,5,0.0004990100860595703,20,0.0,1.0051380341815535,0.9786764094190872,11.914412888018173,1.0,1.0890339089588317,-1.048032759782609,0.30370031850077983
corn_starch,m5_rep1,m5_rep1,R-U-D,0.2,3,5,0.0003790855407714844,20,0.0,0.6939325175449497,0.6756638009455429,7.704597527646291,1.0,1.0890339089588317,-1.048032759782609,0.30370031850077983
corn_starch,m5_rep1,m5_rep1,G-U-A,0.05,3,5,4.267692565917969e-05,20,0.15,1.507562088847876,1.5075620888478767,14.106514951765021,1.0,1.0890339089588317,-1.048032759782609,0.30370031850077983
corn_starch,m5_rep1,m5_rep1,G-U-A,0.1,3,5,3.838539123535156e-05,20,0.1,1.2627022598105664,1.2627022598105668,9.748857441581201,1.0,1.0890339089588317,-1.048032759782609,0.30370031850077983
corn_starch,m5_rep1,m5_rep1,G-U-A,0.2,3,5,3.24249267578125e-05,20,0.0,0.9082439690960762,0.9082439690960769,6.847351721441788,1.0,1.0890339089588317,-1.048032759782609,0.30370031850077983
corn_starch,m5_rep1,m5_rep1,G-W-A,0.05,3,5,0.00010228157043457031,20,0.15,1.507562088847876,1.5075620888478767,14.106514951765021,1.0,1.0890339089588317,-1.048032759782609,0.30370031850077983
corn_starch,m5_rep1,m5_rep1,G-W-A,0.1,3,5,7.319450378417969e-05,20,0.1,1.2627022598105664,1.2627022598105668,9.748857441581201,1.0,1.0890339089588317,-1.048032759782609,0.30370031850077983
corn_starch,m5_rep1,m5_rep1,G-W-A,0.2,3,5,0.00012755393981933594,20,0.0,0.9082439690960762,0.9082439690960769,6.847351721441788,1.0,1.0890339089588317,-1.048032759782609,0.30370031850077983
corn_starch,m5_rep1,m5_rep1,G-U-D,0.05,3,5,0.003995418548583984,20,0.0,0.9628741810040993,0.9150153526870852,23.626700952226457,1.0,1.0890339089588317,-1.048032759782609,0.30370031850077983
corn_starch,m5_rep1,m5_rep1,G-U-D,0.1,3,5,0.00037217140197753906,20,0.0,0.7958400615544715,0.7562835196665034,13.798094641661933,1.0,1.0890339089588317,-1.048032759782609,0.30370031850077983
corn_starch,m5_rep1,m5_rep1,G-U-D,0.2,3,5,0.0003943443298339844,20,0.0,0.6170209659852588,0.5863524725707947,8.01224373388506,1.0,1.0890339089588317,-1.048032759782609,0.30370031850077983
corn_starch,m5_rep1,m5_rep1,GC-D,0.05,3,5,0.00045013427734375,20,0.0,0.9628741810040993,0.9150153526870852,23.626700952226457,1.0,1.0890339089588317,-1.048032759782609,0.30370031850077983
corn_starch,m5_rep1,m5_rep1,GC-D,0.1,3,5,0.000499725341796875,20,0.0,0.7958400615544715,0.7562835196665034,13.798094641661933,1.0,1.0890339089588317,-1.048032759782609,0.30370031850077983
corn_starch,m5_rep1,m5_rep1,GC-D,0.2,3,5,0.0004057884216308594,20,0.0,0.6170209659852588,0.5863524725707947,8.01224373388506,1.0,1.0890339089588317,-1.048032759782609,0.30370031850077983
corn_starch,m5_rep1,m5_rep1,GC-D+,0.05,3,5,0.0004165172576904297,20,1.0,inf,inf,inf,0.0,1.0890339089588317,-1.048032759782609,0.30370031850077983
corn_starch,m5_rep1,m5_rep1,GC-D+,0.1,3,5,0.0004677772521972656,20,1.0,inf,inf,inf,0.0,1.0890339089588317,-1.048032759782609,0.30370031850077983
corn_starch,m5_rep1,m5_rep1,GC-D+,0.2,3,5,0.0003895759582519531,20,1.0,inf,inf,inf,0.0,1.0890339089588317,-1.048032759782609,0.30370031850077983
corn_starch,m5_rep1,m5_rep1,HJ+,0.05,3,5,0.001631021499633789,20,1.0,inf,inf,inf,0.0,1.0890339089588317,-1.048032759782609,0.30370031850077983
corn_starch,m5_rep1,m5_rep1,HJ+,0.1,3,5,0.0003826618194580078,20,1.0,inf,inf,inf,0.0,1.0890339089588317,-1.048032759782609,0.30370031850077983
corn_starch,m5_rep1,m5_rep1,HJ+,0.2,3,5,0.00038170814514160156,20,1.0,inf,inf,inf,0.0,1.0890339089588317,-1.048032759782609,0.30370031850077983
corn_starch,m5_rep1,m5_rep1,HJ+-D,0.05,3,5,0.002820253372192383,20,1.0,inf,inf,inf,0.0,1.0890339089588317,-1.048032759782609,0.30370031850077983
corn_starch,m5_rep1,m5_rep1,HJ+-D,0.1,3,5,0.0025894641876220703,20,1.0,inf,inf,inf,0.0,1.0890339089588317,-1.048032759782609,0.30370031850077983
corn_starch,m5_rep1,m5_rep1,HJ+-D,0.2,3,5,0.0021643638610839844,20,1.0,inf,inf,inf,0.0,1.0890339089588317,-1.048032759782609,0.30370031850077983
corn_starch,m5_rep1,m5_rep1,HCP-D,0.05,3,5,0.00026726722717285156,20,1.0,inf,inf,inf,0.0,1.0890339089588317,-1.048032759782609,0.30370031850077983
corn_starch,m5_rep1,m5_rep1,HCP-D,0.1,3,5,0.00021719932556152344,20,1.0,inf,inf,inf,0.0,1.0890339089588317,-1.048032759782609,0.30370031850077983
corn_starch,m5_rep1,m5_rep1,HCP-D,0.2,3,5,0.0001595020294189453,20,1.0,inf,inf,inf,0.0,1.0890339089588317,-1.048032759782609,0.30370031850077983
corn_starch,m5_rep1,m5_rep1,HCP-A,0.05,3,5,0.00015115737915039062,20,1.0,inf,inf,inf,0.0,1.0890339089588317,-1.048032759782609,0.30370031850077983
corn_starch,m5_rep1,m5_rep1,HCP-A,0.1,3,5,0.00015020370483398438,20,1.0,inf,inf,inf,0.0,1.0890339089588317,-1.048032759782609,0.30370031850077983
corn_starch,m5_rep1,m5_rep1,HCP-A,0.2,3,5,0.0001735687255859375,20,1.0,inf,inf,inf,0.0,1.0890339089588317,-1.048032759782609,0.30370031850077983
corn_starch,m5_rep1,m5_rep1,ORACLE,0.05,3,5,0.00011324882507324219,20,1.0,inf,inf,inf,0.0,1.0890339089588317,-1.048032759782609,0.30370031850077983
corn_starch,m5_rep1,m5_rep1,ORACLE,0.1,3,5,9.250640869140625e-05,20,0.9,2.9798590111646135,2.9798590111646135,3.0431317382529173,1.0,1.0890339089588317,-1.048032759782609,0.30370031850077983
corn_starch,m5_rep1,m5_rep1,ORACLE,0.2,3,5,8.845329284667969e-05,20,0.7,2.553013376194514,2.5530133761945137,3.4917606101795258,1.0,1.0890339089588317,-1.048032759782609,0.30370031850077983
corn_starch,m5_rep2,m5_rep2,ASTM-R,0.05,3,4,0.015206098556518555,20,0.0,2.087837970410793,2.071637824675335,22.85444427999092,1.0,1.581721067662815,-1.5630841429448996,0.24838318860520509
corn_starch,m5_rep2,m5_rep2,ASTM-R,0.1,3,4,0.0001475811004638672,20,0.0,1.7478112082479147,1.734249429655435,15.53138198466676,1.0,1.581721067662815,-1.5630841429448996,0.24838318860520509
corn_starch,m5_rep2,m5_rep2,ASTM-R,0.2,3,4,0.00010180473327636719,20,0.0,1.3586036442361629,1.3480618410190246,10.196426852504342,1.0,1.581721067662815,-1.5630841429448996,0.24838318860520509
corn_starch,m5_rep2,m5_rep2,ASTM-G,0.05,3,4,0.00010800361633300781,20,0.0,2.0546155846361978,2.038673221113182,23.485669609708214,1.0,1.581721067662815,-1.5630841429448996,0.24838318860520509
corn_starch,m5_rep2,m5_rep2,ASTM-G,0.1,3,4,9.632110595703125e-05,20,0.0,1.719999443616511,1.7066534646438214,15.78168786634939,1.0,1.581721067662815,-1.5630841429448996,0.24838318860520509
corn_starch,m5_rep2,m5_rep2,ASTM-G,0.2,3,4,0.00010347366333007812,20,0.0,1.3369850823442615,1.3266110238746478,10.28290110007195,1.0,1.581721067662815,-1.5630841429448996,0.24838318860520509
corn_starch,m5_rep2,m5_rep2,GPR,0.05,3,4,0.03978753089904785,20,0.0,1.9731756678020098,1.8549973986445245,28.58773342006315,1.0,1.581721067662815,-1.5630841429448996,0.24838318860520509
corn_starch,m5_rep2,m5_rep2,GPR,0.1,3,4,0.00010895729064941406,20,0.0,1.655941221061862,1.556762891162009,18.135564564593903,1.0,1.581721067662815,-1.5630841429448996,0.24838318860520509
corn_starch,m5_rep2,m5_rep2,GPR,0.2,3,4,8.106231689453125e-05,20,0.0,1.290190220898164,1.2129176041323682,11.358756893482676,1.0,1.581721067662815,-1.5630841429448996,0.24838318860520509
corn_starch,m5_rep2,m5_rep2,BAG,0.05,3,4,0.029986143112182617,20,0.75,2.5660366225551225,2.561268152485731,4.065263799481221,1.0,1.581721067662815,-1.5630841429448996,0.24838318860520509
corn_starch,m5_rep2,m5_rep2,BAG,0.1,3,4,0.0003247261047363281,20,0.5,2.1534858185113954,2.1494839922786078,4.525457347760995,1.0,1.581721067662815,-1.5630841429448996,0.24838318860520509
corn_starch,m5_rep2,m5_rep2,BAG,0.2,3,4,0.000308990478515625,20,0.15,1.677841162806881,1.6747232278188449,4.396970000137847,1.0,1.581721067662815,-1.5630841429448996,0.24838318860520509
corn_starch,m5_rep2,m5_rep2,QGB,0.05,3,4,0.035385847091674805,20,0.8,1.721737678947326,1.7488317874668873,3.153657676743384,1.0,1.581721067662815,-1.5630841429448996,0.24838318860520509
corn_starch,m5_rep2,m5_rep2,QGB,0.1,3,4,0.027319908142089844,20,0.75,1.5975679545904318,1.6855287440860245,2.6990836437454964,1.0,1.581721067662815,-1.5630841429448996,0.24838318860520509
corn_starch,m5_rep2,m5_rep2,QGB,0.2,3,4,0.027277231216430664,20,0.45,1.2128125463207269,1.2197097236460692,2.827715468247952,1.0,1.581721067662815,-1.5630841429448996,0.24838318860520509
corn_starch,m5_rep2,m5_rep2,SCP,0.05,3,4,2.9802322387695312e-05,20,0.8,2.7716341843994754,2.771634184399474,3.6221835767652677,1.0,1.581721067662815,-1.5630841429448996,0.24838318860520509
corn_starch,m5_rep2,m5_rep2,SCP,0.1,3,4,1.2636184692382812e-05,20,0.55,2.4418898246432557,2.4418898246432548,3.9966017250860943,1.0,1.581721067662815,-1.5630841429448996,0.24838318860520509
corn_starch,m5_rep2,m5_rep2,SCP,0.2,3,4,9.298324584960938e-06,20,0.0,1.6230520555002677,1.623052055500267,5.555984017186056,1.0,1.581721067662815,-1.5630841429448996,0.24838318860520509
corn_starch,m5_rep2,m5_rep2,NCP-kNN,0.05,3,4,0.006665468215942383,20,0.6,2.537908686587458,2.4429388329263233,4.9962061136802305,1.0,1.581721067662815,-1.5630841429448996,0.24838318860520509
corn_starch,m5_rep2,m5_rep2,NCP-kNN,0.1,3,4,1.9073486328125e-05,20,0.4,2.3390687724114394,2.251539611022288,4.5763128987022865,1.0,1.581721067662815,-1.5630841429448996,0.24838318860520509
corn_starch,m5_rep2,m5_rep2,NCP-kNN,0.2,3,4,1.239776611328125e-05,20,0.0,1.4819808315948897,1.4265243435624484,6.120268912807572,1.0,1.581721067662815,-1.5630841429448996,0.24838318860520509
corn_starch,m5_rep2,m5_rep2,CV+,0.05,3,4,0.00498509407043457,20,0.35,2.167820723910152,2.1808628403726473,8.96694544239591,1.0,1.581721067662815,-1.5630841429448996,0.24838318860520509
corn_starch,m5_rep2,m5_rep2,CV+,0.1,3,4,0.004335641860961914,20,0.1,1.6873213370742124,1.6786761311113132,7.395641202103948,1.0,1.581721067662815,-1.5630841429448996,0.24838318860520509
corn_starch,m5_rep2,m5_rep2,CV+,0.2,3,4,0.004342555999755859,20,0.0,1.3063523912909005,1.2962567963075635,6.042300570367098,1.0,1.581721067662815,-1.5630841429448996,0.24838318860520509
corn_starch,m5_rep2,m5_rep2,CQR,0.05,3,4,2.4080276489257812e-05,20,1.0,3.9437260013220823,3.970820109841643,3.9437260013220823,1.0,1.581721067662815,-1.5630841429448996,0.24838318860520509
corn_starch,m5_rep2,m5_rep2,CQR,0.1,3,4,1.4543533325195312e-05,20,0.95,2.578191101414007,2.6661518909095996,2.659376902513103,1.0,1.581721067662815,-1.5630841429448996,0.24838318860520509
corn_starch,m5_rep2,m5_rep2,CQR,0.2,3,4,1.1682510375976562e-05,20,0.85,2.0710740754006807,2.077971252726023,2.369734263202332,1.0,1.581721067662815,-1.5630841429448996,0.24838318860520509
corn_starch,m5_rep2,m5_rep2,WCP,0.05,3,4,0.0034759044647216797,20,1.0,inf,inf,inf,0.0,1.581721067662815,-1.5630841429448996,0.24838318860520509
corn_starch,m5_rep2,m5_rep2,WCP,0.1,3,4,0.00011205673217773438,20,1.0,inf,inf,inf,0.0,1.581721067662815,-1.5630841429448996,0.24838318860520509
corn_starch,m5_rep2,m5_rep2,WCP,0.2,3,4,8.988380432128906e-05,20,1.0,inf,inf,inf,0.0,1.581721067662815,-1.5630841429448996,0.24838318860520509
corn_starch,m5_rep2,m5_rep2,R-U-A,0.05,3,4,8.177757263183594e-05,20,0.0,1.8263739891230262,1.8263739891230273,27.8222599244585,1.0,1.581721067662815,-1.5630841429448996,0.24838318860520509
corn_starch,m5_rep2,m5_rep2,R-U-A,0.1,3,4,3.719329833984375e-05,20,0.0,1.4917705467667033,1.491770546766702,17.835747937997645,1.0,1.581721067662815,-1.5630841429448996,0.24838318860520509
corn_starch,m5_rep2,m5_rep2,R-U-A,0.2,3,4,3.337860107421875e-05,20,0.0,1.2031497900872097,1.2031497900872097,10.818242269100157,1.0,1.581721067662815,-1.5630841429448996,0.24838318860520509
corn_starch,m5_rep2,m5_rep2,R-U-D,0.05,3,4,0.0030786991119384766,20,0.85,3.8910032823811975,3.817318676030329,4.350881418255332,1.0,1.581721067662815,-1.5630841429448996,0.24838318860520509
corn_starch,m5_rep2,m5_rep2,R-U-D,0.1,3,4,0.0004222393035888672,20,0.55,3.2485977586214303,3.1870784974786197,4.700825371786821,1.0,1.581721067662815,-1.5630841429448996,0.24838318860520509
corn_starch,m5_rep2,m5_rep2,R-U-D,0.2,3,4,0.00034165382385253906,20,0.05,2.506289348752457,2.4588273111591086,5.678643291804446,1.0,1.581721067662815,-1.5630841429448996,0.24838318860520509
corn_starch,m5_rep2,m5_rep2,G-U-A,0.05,3,4,3.981590270996094e-05,20,0.0,1.9630065471611726,1.9630065471611715,25.22624132173368,1.0,1.581721067662815,-1.5630841429448996,0.24838318860520509
corn_starch,m5_rep2,m5_rep2,G-U-A,0.1,3,4,3.457069396972656e-05,20,0.0,1.6233007945535713,1.6233007945535718,16.651975707915852,1.0,1.581721067662815,-1.5630841429448996,0.24838318860520509
corn_starch,m5_rep2,m5_rep2,G-U-A,0.2,3,4,3.4332275390625e-05,20,0.0,1.0967597536620979,1.0967597536620985,11.243802414800609,1.0,1.581721067662815,-1.5630841429448996,0.24838318860520509
corn_starch,m5_rep2,m5_rep2,G-W-A,0.05,3,4,0.00010275840759277344,20,0.0,1.9630065471611726,1.9630065471611715,25.22624132173368,1.0,1.581721067662815,-1.5630841429448996,0.24838318860520509
corn_starch,m5_rep2,m5_rep2,G-W-A,0.1,3,4,7.343292236328125e-05,20,0.0,1.6233007945535713,1.6233007945535718,16.651975707915852,1.0,1.581721067662815,-1.5630841429448996,0.24838318860520509
corn_starch,m5_rep2,m5_rep2,G-W-A,0.2,3,4,7.128715515136719e-05,20,0.0,1.0967597536620979,1.0967597536620985,11.243802414800609,1.0,1.581721067662815,-1.5630841429448996,0.24838318860520509
corn_starch,m5_rep2,m5_rep2,G-U-D,0.05,3,4,0.003200531005859375,20,0.9,4.122341847467669,4.057753367154685,4.619097874288957,1.0,1.581721067662815,-1.5630841429448996,0.24838318860520509
corn_starch,m5_rep2,m5_rep2,G-U-D,0.1,3,4,0.00041031837463378906,20,0.7,3.2002123556163573,3.150071717023984,4.73792214866824,1.0,1.581721067662815,-1.5630841429448996,0.24838318860520509
corn_starch,m5_rep2,m5_rep2,G-U-D,0.2,3,4,0.00038743019104003906,20,0.05,2.570065163950768,2.5297976147306827,5.4197249626903625,1.0,1.581721067662815,-1.5630841429448996,0.24838318860520509
corn_starch,m5_rep2,m5_rep2,GC-D,0.05,3,4,0.0006716251373291016,20,0.9,4.122341847467669,4.057753367154685,4.619097874288957,1.0,1.581721067662815,-1.5630841429448996,0.24838318860520509
corn_starch,m5_rep2,m5_rep2,GC-D,0.1,3,4,0.0004372596740722656,20,0.7,3.2002123556163573,3.150071717023984,4.73792214866824,1.0,1.581721067662815,-1.5630841429448996,0.24838318860520509
corn_starch,m5_rep2,m5_rep2,GC-D,0.2,3,4,0.0004572868347167969,20,0.05,2.570065163950768,2.5297976147306827,5.4197249626903625,1.0,1.581721067662815,-1.5630841429448996,0.24838318860520509
corn_starch,m5_rep2,m5_rep2,GC-D+,0.05,3,4,0.0004355907440185547,20,1.0,inf,inf,inf,0.0,1.581721067662815,-1.5630841429448996,0.24838318860520509
corn_starch,m5_rep2,m5_rep2,GC-D+,0.1,3,4,0.0003712177276611328,20,1.0,inf,inf,inf,0.0,1.581721067662815,-1.5630841429448996,0.24838318860520509
corn_starch,m5_rep2,m5_rep2,GC-D+,0.2,3,4,0.0004010200500488281,20,1.0,inf,inf,inf,0.0,1.581721067662815,-1.5630841429448996,0.24838318860520509
corn_starch,m5_rep2,m5_rep2,HJ+,0.05,3,4,0.001617431640625,20,1.0,inf,inf,inf,0.0,1.581721067662815,-1.5630841429448996,0.24838318860520509
corn_starch,m5_rep2,m5_rep2,HJ+,0.1,3,4,0.0007443428039550781,20,1.0,inf,inf,inf,0.0,1.581721067662815,-1.5630841429448996,0.24838318860520509
corn_starch,m5_rep2,m5_rep2,HJ+,0.2,3,4,0.0003466606140136719,20,1.0,inf,inf,inf,0.0,1.581721067662815,-1.5630841429448996,0.24838318860520509
corn_starch,m5_rep2,m5_rep2,HJ+-D,0.05,3,4,0.0022058486938476562,20,1.0,inf,inf,inf,0.0,1.581721067662815,-1.5630841429448996,0.24838318860520509
corn_starch,m5_rep2,m5_rep2,HJ+-D,0.1,3,4,0.0019989013671875,20,1.0,inf,inf,inf,0.0,1.581721067662815,-1.5630841429448996,0.24838318860520509
corn_starch,m5_rep2,m5_rep2,HJ+-D,0.2,3,4,0.0020291805267333984,20,1.0,inf,inf,inf,0.0,1.581721067662815,-1.5630841429448996,0.24838318860520509
corn_starch,m5_rep2,m5_rep2,HCP-D,0.05,3,4,0.0002636909484863281,20,1.0,inf,inf,inf,0.0,1.581721067662815,-1.5630841429448996,0.24838318860520509
corn_starch,m5_rep2,m5_rep2,HCP-D,0.1,3,4,0.0001533031463623047,20,1.0,inf,inf,inf,0.0,1.581721067662815,-1.5630841429448996,0.24838318860520509
corn_starch,m5_rep2,m5_rep2,HCP-D,0.2,3,4,0.00017595291137695312,20,1.0,inf,inf,inf,0.0,1.581721067662815,-1.5630841429448996,0.24838318860520509
corn_starch,m5_rep2,m5_rep2,HCP-A,0.05,3,4,0.00013947486877441406,20,1.0,inf,inf,inf,0.0,1.581721067662815,-1.5630841429448996,0.24838318860520509
corn_starch,m5_rep2,m5_rep2,HCP-A,0.1,3,4,0.0001304149627685547,20,1.0,inf,inf,inf,0.0,1.581721067662815,-1.5630841429448996,0.24838318860520509
corn_starch,m5_rep2,m5_rep2,HCP-A,0.2,3,4,0.0001266002655029297,20,1.0,inf,inf,inf,0.0,1.581721067662815,-1.5630841429448996,0.24838318860520509
corn_starch,m5_rep2,m5_rep2,ORACLE,0.05,3,4,0.00011897087097167969,20,1.0,inf,inf,inf,0.0,1.581721067662815,-1.5630841429448996,0.24838318860520509
corn_starch,m5_rep2,m5_rep2,ORACLE,0.1,3,4,0.0001266002655029297,20,0.95,3.9420345472326574,3.942034547232659,4.004448360883579,1.0,1.581721067662815,-1.5630841429448996,0.24838318860520509
corn_starch,m5_rep2,m5_rep2,ORACLE,0.2,3,4,9.083747863769531e-05,20,0.85,3.7007898573473383,3.7007898573473383,3.836353826233008,1.0,1.581721067662815,-1.5630841429448996,0.24838318860520509
corn_starch,m5_rep3,m5_rep3,ASTM-R,0.05,3,6,0.015031099319458008,20,0.0,1.7393699561324483,1.7312618231885217,28.997184296309097,1.0,1.5793489046230615,-1.55113033657064,0.3049376838916054
corn_starch,m5_rep3,m5_rep3,ASTM-R,0.1,3,6,0.00014495849609375,20,0.0,1.456030222758378,1.4492428877380803,17.918334726587403,1.0,1.5793489046230615,-1.55113033657064,0.3049376838916054
corn_starch,m5_rep3,m5_rep3,ASTM-R,0.2,3,6,0.00010347366333007812,20,0.0,1.1317503448890391,1.126474651685676,10.984301986150237,1.0,1.5793489046230615,-1.55113033657064,0.3049376838916054
corn_starch,m5_rep3,m5_rep3,ASTM-G,0.05,3,6,0.00010514259338378906,20,0.0,2.068988901906836,2.05934423889709,22.73442432659569,1.0,1.5793489046230615,-1.55113033657064,0.3049376838916054
corn_starch,m5_rep3,m5_rep3,ASTM-G,0.1,3,6,9.632110595703125e-05,20,0.0,1.731954930638474,1.7238813630912162,15.435012355666538,1.0,1.5793489046230615,-1.55113033657064,0.3049376838916054
corn_starch,m5_rep3,m5_rep3,ASTM-G,0.2,3,6,9.083747863769531e-05,20,0.0,1.346222461213046,1.3399469988543125,10.126413520854214,1.0,1.5793489046230615,-1.55113033657064,0.3049376838916054
corn_starch,m5_rep3,m5_rep3,GPR,0.05,3,6,0.0504145622253418,20,0.1,1.8476262793865637,1.8354015720088874,31.817641125767814,1.0,1.5793489046230615,-1.55113033657064,0.3049376838916054
corn_starch,m5_rep3,m5_rep3,GPR,0.1,3,6,9.369850158691406e-05,20,0.0,1.5505768528767252,1.5403175550390138,19.281552262695556,1.0,1.5793489046230615,-1.55113033657064,0.3049376838916054
corn_starch,m5_rep3,m5_rep3,GPR,0.2,3,6,0.00010037422180175781,20,0.0,1.208097888311378,1.2001045818007725,11.785980416047533,1.0,1.5793489046230615,-1.55113033657064,0.3049376838916054
corn_starch,m5_rep3,m5_rep3,BAG,0.05,3,6,0.04223513603210449,20,0.0,2.1221088669974786,2.075290772619738,31.955493042048165,1.0,1.5793489046230615,-1.55113033657064,0.3049376838916054
corn_starch,m5_rep3,m5_rep3,BAG,0.1,3,6,8.940696716308594e-05,20,0.0,1.780929901875627,1.7416389184944947,20.109411640619484,1.0,1.5793489046230615,-1.55113033657064,0.3049376838916054
corn_starch,m5_rep3,m5_rep3,BAG,0.2,3,6,7.843971252441406e-05,20,0.0,1.3875724055179035,1.3569596990503996,12.518600756678449,1.0,1.5793489046230615,-1.55113033657064,0.3049376838916054
corn_starch,m5_rep3,m5_rep3,QGB,0.05,3,6,0.03150629997253418,20,0.5,1.3986592001105975,1.1223484668530332,8.56384168849426,1.0,1.5793489046230615,-1.55113033657064,0.3049376838916054
corn_starch,m5_rep3,m5_rep3,QGB,0.1,3,6,0.029815673828125,20,0.4,1.0413125300490056,0.9485619019860678,7.8048064619176,1.0,1.5793489046230615,-1.55113033657064,0.3049376838916054
corn_starch,m5_rep3,m5_rep3,QGB,0.2,3,6,0.028412580490112305,20,0.3,0.8344155872084883,0.7467938147879849,5.770334128039936,1.0,1.5793489046230615,-1.55113033657064,0.3049376838916054
corn_starch,m5_rep3,m5_rep3,SCP,0.05,3,6,2.956390380859375e-05,20,0.0,3.2184103087873552,3.2184103087873552,19.601661202059915,1.0,1.5793489046230615,-1.55113033657064,0.3049376838916054
corn_starch,m5_rep3,m5_rep3,SCP,0.1,3,6,1.049041748046875e-05,20,0.0,1.2385109890596486,1.2385109890596482,29.22912963297299,1.0,1.5793489046230615,-1.55113033657064,0.3049376838916054
corn_starch,m5_rep3,m5_rep3,SCP,0.2,3,6,1.0013580322265625e-05,20,0.0,0.9791161148671389,0.9791161148671392,16.271399807786363,1.0,1.5793489046230615,-1.55113033657064,0.3049376838916054
corn_starch,m5_rep3,m5_rep3,NCP-kNN,0.05,3,6,0.007155418395996094,20,0.0,3.185148144709683,3.236421659814731,20.233642319535686,1.0,1.5793489046230615,-1.55113033657064,0.3049376838916054
corn_starch,m5_rep3,m5_rep3,NCP-kNN,0.1,3,6,1.6450881958007812e-05,20,0.0,1.2577993972325139,1.2780470571412827,29.055533959417197,1.0,1.5793489046230615,-1.55113033657064,0.3049376838916054
corn_starch,m5_rep3,m5_rep3,NCP-kNN,0.2,3,6,1.1920928955078125e-05,20,0.0,0.9351740402865847,0.950228178462261,16.44716810610858,1.0,1.5793489046230615,-1.55113033657064,0.3049376838916054
corn_starch,m5_rep3,m5_rep3,CV+,0.05,3,6,0.0050220489501953125,20,0.0,1.9484688361492755,1.897327665495105,33.12576966102517,1.0,1.5793489046230615,-1.55113033657064,0.3049376838916054
corn_starch,m5_rep3,m5_rep3,CV+,0.1,3,6,0.004342555999755859,20,0.0,1.6727544968286714,1.6359241248747267,20.102739956560246,1.0,1.5793489046230615,-1.55113033657064,0.3049376838916054
corn_starch,m5_rep3,m5_rep3,CV+,0.2,3,6,0.004366874694824219,20,0.0,1.290159137773027,1.2458376182688937,12.690280675026138,1.0,1.5793489046230615,-1.55113033657064,0.3049376838916054
corn_starch,m5_rep3,m5_rep3,CQR,0.05,3,6,2.5272369384765625e-05,20,0.95,3.8217942304880523,3.545483497230485,4.020606748809598,1.0,1.5793489046230615,-1.55113033657064,0.3049376838916054
corn_starch,m5_rep3,m5_rep3,CQR,0.1,3,6,1.3589859008789062e-05,20,0.55,1.701937342415086,1.6091867143521483,4.678375178228856,1.0,1.5793489046230615,-1.55113033657064,0.3049376838916054
corn_starch,m5_rep3,m5_rep3,CQR,0.2,3,6,1.33514404296875e-05,20,0.4,1.3239388365052984,1.236317064084794,4.741332252615634,1.0,1.5793489046230615,-1.55113033657064,0.3049376838916054
corn_starch,m5_rep3,m5_rep3,WCP,0.05,3,6,0.003568410873413086,20,1.0,inf,inf,inf,0.0,1.5793489046230615,-1.55113033657064,0.3049376838916054
corn_starch,m5_rep3,m5_rep3,WCP,0.1,3,6,0.00013494491577148438,20,1.0,inf,inf,inf,0.0,1.5793489046230615,-1.55113033657064,0.3049376838916054
corn_starch,m5_rep3,m5_rep3,WCP,0.2,3,6,8.034706115722656e-05,20,1.0,inf,inf,inf,0.0,1.5793489046230615,-1.55113033657064,0.3049376838916054
corn_starch,m5_rep3,m5_rep3,R-U-A,0.05,3,6,5.173683166503906e-05,20,0.0,1.5369262476561971,1.5369262476561971,32.843614757357855,1.0,1.5793489046230615,-1.55113033657064,0.3049376838916054
corn_starch,m5_rep3,m5_rep3,R-U-A,0.1,3,6,3.62396240234375e-05,20,0.0,1.3204768269355607,1.3204768269355611,19.138315288992754,1.0,1.5793489046230615,-1.55113033657064,0.3049376838916054
corn_starch,m5_rep3,m5_rep3,R-U-A,0.2,3,6,3.361701965332031e-05,20,0.0,0.811673576441563,0.8116735764415637,12.26460905994015,1.0,1.5793489046230615,-1.55113033657064,0.3049376838916054
corn_starch,m5_rep3,m5_rep3,R-U-D,0.05,3,6,0.003233671188354492,20,0.8,4.1931065660325375,4.119809551131883,6.056199995568574,1.0,1.5793489046230615,-1.55113033657064,0.3049376838916054
corn_starch,m5_rep3,m5_rep3,R-U-D,0.1,3,6,0.0004949569702148438,20,0.7,3.5360395753710634,3.474228328419972,5.935052119952815,1.0,1.5793489046230615,-1.55113033657064,0.3049376838916054
corn_starch,m5_rep3,m5_rep3,R-U-D,0.2,3,6,0.0004699230194091797,20,0.15,2.232066918084181,2.1930495834236723,6.599004563457791,1.0,1.5793489046230615,-1.55113033657064,0.3049376838916054
corn_starch,m5_rep3,m5_rep3,G-U-A,0.05,3,6,4.315376281738281e-05,20,0.0,1.852124180427893,1.852124180427893,26.85485403469563,1.0,1.5793489046230615,-1.55113033657064,0.3049376838916054
corn_starch,m5_rep3,m5_rep3,G-U-A,0.1,3,6,3.24249267578125e-05,20,0.0,1.4391762698230086,1.4391762698230082,18.070020303005723,1.0,1.5793489046230615,-1.55113033657064,0.3049376838916054
corn_starch,m5_rep3,m5_rep3,G-U-A,0.2,3,6,3.123283386230469e-05,20,0.0,0.9896214107868111,0.9896214107868104,11.552817722559151,1.0,1.5793489046230615,-1.55113033657064,0.3049376838916054
corn_starch,m5_rep3,m5_rep3,G-W-A,0.05,3,6,0.00010752677917480469,20,0.0,1.852124180427893,1.852124180427893,26.85485403469563,1.0,1.5793489046230615,-1.55113033657064,0.3049376838916054
corn_starch,m5_rep3,m5_rep3,G-W-A,0.1,3,6,0.00010776519775390625,20,0.0,1.4391762698230086,1.4391762698230082,18.070020303005723,1.0,1.5793489046230615,-1.55113033657064,0.3049376838916054
corn_starch,m5_rep3,m5_rep3,G-W-A,0.2,3,6,7.486343383789062e-05,20,0.0,0.9896214107868111,0.9896214107868104,11.552817722559151,1.0,1.5793489046230615,-1.55113033657064,0.3049376838916054
corn_starch,m5_rep3,m5_rep3,G-U-D,0.05,3,6,0.004051685333251953,20,0.7,4.3191771329474715,4.302674578181971,8.848605399131468,1.0,1.5793489046230615,-1.55113033657064,0.3049376838916054
corn_starch,m5_rep3,m5_rep3,G-U-D,0.1,3,6,0.00036835670471191406,20,0.55,3.4820736631766467,3.468769482876713,7.737981350299148,1.0,1.5793489046230615,-1.55113033657064,0.3049376838916054
corn_starch,m5_rep3,m5_rep3,G-U-D,0.2,3,6,0.0003407001495361328,20,0.5,2.536558537980409,2.5268669474527563,6.384252036898002,1.0,1.5793489046230615,-1.55113033657064,0.3049376838916054
corn_starch,m5_rep3,m5_rep3,GC-D,0.05,3,6,0.0004534721374511719,20,0.7,4.3191771329474715,4.302674578181971,8.848605399131468,1.0,1.5793489046230615,-1.55113033657064,0.3049376838916054
corn_starch,m5_rep3,m5_rep3,GC-D,0.1,3,6,0.0003972053527832031,20,0.55,3.4820736631766467,3.468769482876713,7.737981350299148,1.0,1.5793489046230615,-1.55113033657064,0.3049376838916054
corn_starch,m5_rep3,m5_rep3,GC-D,0.2,3,6,0.00040793418884277344,20,0.5,2.536558537980409,2.5268669474527563,6.384252036898002,1.0,1.5793489046230615,-1.55113033657064,0.3049376838916054
corn_starch,m5_rep3,m5_rep3,GC-D+,0.05,3,6,0.00036978721618652344,20,1.0,inf,inf,inf,0.0,1.5793489046230615,-1.55113033657064,0.3049376838916054
corn_starch,m5_rep3,m5_rep3,GC-D+,0.1,3,6,0.00037384033203125,20,1.0,inf,inf,inf,0.0,1.5793489046230615,-1.55113033657064,0.3049376838916054
corn_starch,m5_rep3,m5_rep3,GC-D+,0.2,3,6,0.000370025634765625,20,1.0,inf,inf,inf,0.0,1.5793489046230615,-1.55113033657064,0.3049376838916054
corn_starch,m5_rep3,m5_rep3,HJ+,0.05,3,6,0.0016644001007080078,20,1.0,inf,inf,inf,0.0,1.5793489046230615,-1.55113033657064,0.3049376838916054
corn_starch,m5_rep3,m5_rep3,HJ+,0.1,3,6,0.0003693103790283203,20,1.0,inf,inf,inf,0.0,1.5793489046230615,-1.55113033657064,0.3049376838916054
corn_starch,m5_rep3,m5_rep3,HJ+,0.2,3,6,0.0003757476806640625,20,1.0,inf,inf,inf,0.0,1.5793489046230615,-1.55113033657064,0.3049376838916054
corn_starch,m5_rep3,m5_rep3,HJ+-D,0.05,3,6,0.0021567344665527344,20,1.0,inf,inf,inf,0.0,1.5793489046230615,-1.55113033657064,0.3049376838916054
corn_starch,m5_rep3,m5_rep3,HJ+-D,0.1,3,6,0.002023935317993164,20,1.0,inf,inf,inf,0.0,1.5793489046230615,-1.55113033657064,0.3049376838916054
corn_starch,m5_rep3,m5_rep3,HJ+-D,0.2,3,6,0.0020341873168945312,20,1.0,inf,inf,inf,0.0,1.5793489046230615,-1.55113033657064,0.3049376838916054
corn_starch,m5_rep3,m5_rep3,HCP-D,0.05,3,6,0.0002605915069580078,20,1.0,inf,inf,inf,0.0,1.5793489046230615,-1.55113033657064,0.3049376838916054
corn_starch,m5_rep3,m5_rep3,HCP-D,0.1,3,6,0.00015473365783691406,20,1.0,inf,inf,inf,0.0,1.5793489046230615,-1.55113033657064,0.3049376838916054
corn_starch,m5_rep3,m5_rep3,HCP-D,0.2,3,6,0.00014066696166992188,20,1.0,inf,inf,inf,0.0,1.5793489046230615,-1.55113033657064,0.3049376838916054
corn_starch,m5_rep3,m5_rep3,HCP-A,0.05,3,6,0.00016641616821289062,20,1.0,inf,inf,inf,0.0,1.5793489046230615,-1.55113033657064,0.3049376838916054
corn_starch,m5_rep3,m5_rep3,HCP-A,0.1,3,6,0.00013446807861328125,20,1.0,inf,inf,inf,0.0,1.5793489046230615,-1.55113033657064,0.3049376838916054
corn_starch,m5_rep3,m5_rep3,HCP-A,0.2,3,6,0.00012683868408203125,20,1.0,inf,inf,inf,0.0,1.5793489046230615,-1.55113033657064,0.3049376838916054
corn_starch,m5_rep3,m5_rep3,ORACLE,0.05,3,6,0.00010728836059570312,20,1.0,inf,inf,inf,0.0,1.5793489046230615,-1.55113033657064,0.3049376838916054
corn_starch,m5_rep3,m5_rep3,ORACLE,0.1,3,6,0.00010395050048828125,20,0.95,4.149862756753498,4.1498627567535,4.319907486903608,1.0,1.5793489046230615,-1.55113033657064,0.3049376838916054
corn_starch,m5_rep3,m5_rep3,ORACLE,0.2,3,6,0.00012087821960449219,20,0.85,3.6940095025220785,3.6940095025220785,3.9340139247904133,1.0,1.5793489046230615,-1.55113033657064,0.3049376838916054
corn_starch,m5_rep4,m5_rep4,ASTM-R,0.05,3,7,0.013773918151855469,20,0.0,1.5048850703282821,1.511187836405103,29.878362416080307,1.0,1.4978758287171856,-1.4617794688079413,0.33534394413837626
corn_starch,m5_rep4,m5_rep4,ASTM-R,0.1,3,7,0.000110626220703125,20,0.0,1.2597136834078,1.2649896216351308,17.898166225488627,1.0,1.4978758287171856,-1.4617794688079413,0.33534394413837626
corn_starch,m5_rep4,m5_rep4,ASTM-R,0.2,3,7,9.751319885253906e-05,20,0.0,0.9791356088213223,0.9832364287587154,10.701252252794125,1.0,1.4978758287171856,-1.4617794688079413,0.33534394413837626
corn_starch,m5_rep4,m5_rep4,ASTM-G,0.05,3,7,0.00010704994201660156,20,0.1,1.8379777994632875,1.845675625930447,23.9830253494587,1.0,1.4978758287171856,-1.4617794688079413,0.33534394413837626
corn_starch,m5_rep4,m5_rep4,ASTM-G,0.1,3,7,9.751319885253906e-05,20,0.0,1.5385399386536478,1.5449836581936829,15.388729928275982,1.0,1.4978758287171856,-1.4617794688079413,0.33534394413837626
corn_starch,m5_rep4,m5_rep4,ASTM-G,0.2,3,7,9.393692016601562e-05,20,0.0,1.1958584393989535,1.2008669388206883,9.834360930483598,1.0,1.4978758287171856,-1.4617794688079413,0.33534394413837626
corn_starch,m5_rep4,m5_rep4,GPR,0.05,3,7,0.08241462707519531,20,0.8,2.926572067149144,3.14131665609019,6.245741818860047,1.0,1.4978758287171856,-1.4617794688079413,0.33534394413837626
corn_starch,m5_rep4,m5_rep4,GPR,0.1,3,7,0.00010037422180175781,20,0.65,2.456056701631071,2.63627604176898,5.262543688808977,1.0,1.4978758287171856,-1.4617794688079413,0.33534394413837626
corn_starch,m5_rep4,m5_rep4,GPR,0.2,3,7,7.963180541992188e-05,20,0.65,1.913582618822573,2.0539965582216766,4.15273100304272,1.0,1.4978758287171856,-1.4617794688079413,0.33534394413837626
corn_starch,m5_rep4,m5_rep4,BAG,0.05,3,7,0.044678449630737305,20,0.1,1.915916228938605,1.8594115644726052,21.209075695343422,1.0,1.4978758287171856,-1.4617794688079413,0.33534394413837626
corn_starch,m5_rep4,m5_rep4,BAG,0.1,3,7,8.96453857421875e-05,20,0.05,1.6078875851611076,1.56046737590232,14.057878687124298,1.0,1.4978758287171856,-1.4617794688079413,0.33534394413837626
corn_starch,m5_rep4,m5_rep4,BAG,0.2,3,7,0.00011515617370605469,20,0.05,1.252750286237924,1.2158038720292126,9.147320578466568,1.0,1.4978758287171856,-1.4617794688079413,0.33534394413837626
corn_starch,m5_rep4,m5_rep4,QGB,0.05,3,7,0.0338444709777832,20,0.6,1.5301835829122754,1.4565383466148312,5.201917143058839,1.0,1.4978758287171856,-1.4617794688079413,0.33534394413837626
corn_starch,m5_rep4,m5_rep4,QGB,0.1,3,7,0.029833316802978516,20,0.55,1.5115048345970632,1.4430712541565462,3.4600803191585583,1.0,1.4978758287171856,-1.4617794688079413,0.33534394413837626
corn_starch,m5_rep4,m5_rep4,QGB,0.2,3,7,0.030264854431152344,20,0.3,1.1144467402662055,1.0851560617706504,3.574815203705664,1.0,1.4978758287171856,-1.4617794688079413,0.33534394413837626
corn_starch,m5_rep4,m5_rep4,SCP,0.05,3,7,2.6226043701171875e-05,20,0.0,1.3377113766862294,1.3377113766862294,36.95868576368777,1.0,1.4978758287171856,-1.4617794688079413,0.33534394413837626
corn_starch,m5_rep4,m5_rep4,SCP,0.1,3,7,1.1205673217773438e-05,20,0.0,1.0649255812576257,1.0649255812576257,21.603270729044432,1.0,1.4978758287171856,-1.4617794688079413,0.33534394413837626
corn_starch,m5_rep4,m5_rep4,SCP,0.2,3,7,8.821487426757812e-06,20,0.0,0.6845377671432967,0.6845377671432971,12.855649411608345,1.0,1.4978758287171856,-1.4617794688079413,0.33534394413837626
corn_starch,m5_rep4,m5_rep4,NCP-kNN,0.05,3,7,0.008136987686157227,20,0.0,1.341545852035886,1.320152157540992,36.88583073204429,1.0,1.4978758287171856,-1.4617794688079413,0.33534394413837626
corn_starch,m5_rep4,m5_rep4,NCP-kNN,0.1,3,7,1.71661376953125e-05,20,0.0,1.0531337446313818,1.0363393715127032,21.70939725868063,1.0,1.4978758287171856,-1.4617794688079413,0.33534394413837626
corn_starch,m5_rep4,m5_rep4,NCP-kNN,0.2,3,7,1.52587890625e-05,20,0.0,0.5852857578284929,0.5759521784534769,13.252657448867561,1.0,1.4978758287171856,-1.4617794688079413,0.33534394413837626
corn_starch,m5_rep4,m5_rep4,CV+,0.05,3,7,0.005118370056152344,20,0.0,1.3777901994543238,1.3780623209950846,34.18587166447473,1.0,1.4978758287171856,-1.4617794688079413,0.33534394413837626
corn_starch,m5_rep4,m5_rep4,CV+,0.1,3,7,0.004322528839111328,20,0.0,1.1227012649553831,1.115815395706413,20.261749820591184,1.0,1.4978758287171856,-1.4617794688079413,0.33534394413837626
corn_starch,m5_rep4,m5_rep4,CV+,0.2,3,7,0.004542827606201172,20,0.0,0.9196660932568775,0.9132994055862973,11.378427139080681,1.0,1.4978758287171856,-1.4617794688079413,0.33534394413837626
corn_starch,m5_rep4,m5_rep4,CQR,0.05,3,7,2.4557113647460938e-05,20,1.0,2.574609214631312,2.5009639783338677,2.574609214631312,1.0,1.4978758287171856,-1.4617794688079413,0.33534394413837626
corn_starch,m5_rep4,m5_rep4,CQR,0.1,3,7,1.1205673217773438e-05,20,0.9,2.1169656335892038,2.048532053148687,2.298736456916161,1.0,1.4978758287171856,-1.4617794688079413,0.33534394413837626
corn_starch,m5_rep4,m5_rep4,CQR,0.2,3,7,1.049041748046875e-05,20,0.55,1.6336008012912515,1.6043101227956917,2.627881101478291,1.0,1.4978758287171856,-1.4617794688079413,0.33534394413837626
corn_starch,m5_rep4,m5_rep4,WCP,0.05,3,7,0.003479480743408203,20,1.0,inf,inf,inf,0.0,1.4978758287171856,-1.4617794688079413,0.33534394413837626
corn_starch,m5_rep4,m5_rep4,WCP,0.1,3,7,0.00010967254638671875,20,1.0,inf,inf,inf,0.0,1.4978758287171856,-1.4617794688079413,0.33534394413837626
corn_starch,m5_rep4,m5_rep4,WCP,0.2,3,7,7.915496826171875e-05,20,1.0,inf,inf,inf,0.0,1.4978758287171856,-1.4617794688079413,0.33534394413837626
corn_starch,m5_rep4,m5_rep4,R-U-A,0.05,3,7,5.173683166503906e-05,20,0.0,1.2679779212016615,1.2679779212016626,34.37959824948611,1.0,1.4978758287171856,-1.4617794688079413,0.33534394413837626
corn_starch,m5_rep4,m5_rep4,R-U-A,0.1,3,7,3.457069396972656e-05,20,0.0,1.021529559012891,1.0215295590128903,20.0418233450428,1.0,1.4978758287171856,-1.4617794688079413,0.33534394413837626
corn_starch,m5_rep4,m5_rep4,R-U-A,0.2,3,7,3.695487976074219e-05,20,0.0,0.8446054267348441,0.8446054267348444,11.239372981140036,1.0,1.4978758287171856,-1.4617794688079413,0.33534394413837626
corn_starch,m5_rep4,m5_rep4,R-U-D,0.05,3,7,0.003355741500854492,20,0.1,1.9421418656711649,1.9819080627232566,22.228349593677965,1.0,1.4978758287171856,-1.4617794688079413,0.33534394413837626
corn_starch,m5_rep4,m5_rep4,R-U-D,0.1,3,7,0.0004074573516845703,20,0.05,1.5625335535218075,1.5945271057376118,15.181446852820745,1.0,1.4978758287171856,-1.4617794688079413,0.33534394413837626
corn_starch,m5_rep4,m5_rep4,R-U-D,0.2,3,7,0.0003552436828613281,20,0.0,1.3059116620936913,1.3326507697795726,9.394148039704646,1.0,1.4978758287171856,-1.4617794688079413,0.33534394413837626
corn_starch,m5_rep4,m5_rep4,G-U-A,0.05,3,7,4.792213439941406e-05,20,0.0,1.4589216763778539,1.4589216763778552,30.751666901138464,1.0,1.4978758287171856,-1.4617794688079413,0.33534394413837626
corn_starch,m5_rep4,m5_rep4,G-U-A,0.1,3,7,3.4332275390625e-05,20,0.0,1.2634380218215153,1.2634380218215142,17.86464717976518,1.0,1.4978758287171856,-1.4617794688079413,0.33534394413837626
corn_starch,m5_rep4,m5_rep4,G-U-A,0.2,3,7,3.361701965332031e-05,20,0.0,0.9883234869801647,0.988323486980164,10.664500740158752,1.0,1.4978758287171856,-1.4617794688079413,0.33534394413837626
corn_starch,m5_rep4,m5_rep4,G-W-A,0.05,3,7,0.00028443336486816406,20,0.0,1.4589216763778539,1.4589216763778552,30.751666901138464,1.0,1.4978758287171856,-1.4617794688079413,0.33534394413837626
corn_starch,m5_rep4,m5_rep4,G-W-A,0.1,3,7,0.0001220703125,20,0.0,1.2634380218215153,1.2634380218215142,17.86464717976518,1.0,1.4978758287171856,-1.4617794688079413,0.33534394413837626
corn_starch,m5_rep4,m5_rep4,G-W-A,0.2,3,7,0.0001690387725830078,20,0.0,0.9883234869801647,0.988323486980164,10.664500740158752,1.0,1.4978758287171856,-1.4617794688079413,0.33534394413837626
corn_starch,m5_rep4,m5_rep4,G-U-D,0.05,3,7,0.004239320755004883,20,0.1,2.1042236123713898,2.166466025503354,19.62352018869456,1.0,1.4978758287171856,-1.4617794688079413,0.33534394413837626
corn_starch,m5_rep4,m5_rep4,G-U-D,0.1,3,7,0.00039386749267578125,20,0.1,1.6758744380436146,1.7254463887225917,14.272092289507976,1.0,1.4978758287171856,-1.4617794688079413,0.33534394413837626
corn_starch,m5_rep4,m5_rep4,G-U-D,0.2,3,7,0.00033402442932128906,20,0.0,1.2780382447730065,1.3158422994190673,9.505641708987387,1.0,1.4978758287171856,-1.4617794688079413,0.33534394413837626
corn_starch,m5_rep4,m5_rep4,GC-D,0.05,3,7,0.0004203319549560547,20,0.1,2.1042236123713898,2.166466025503354,19.62352018869456,1.0,1.4978758287171856,-1.4617794688079413,0.33534394413837626
corn_starch,m5_rep4,m5_rep4,GC-D,0.1,3,7,0.00042128562927246094,20,0.1,1.6758744380436146,1.7254463887225917,14.272092289507976,1.0,1.4978758287171856,-1.4617794688079413,0.33534394413837626
corn_starch,m5_rep4,m5_rep4,GC-D,0.2,3,7,0.0004742145538330078,20,0.0,1.2780382447730065,1.3158422994190673,9.505641708987387,1.0,1.4978758287171856,-1.4617794688079413,0.33534394413837626
corn_starch,m5_rep4,m5_rep4,GC-D+,0.05,3,7,0.00036406517028808594,20,1.0,inf,inf,inf,0.0,1.4978758287171856,-1.4617794688079413,0.33534394413837626
corn_starch,m5_rep4,m5_rep4,GC-D+,0.1,3,7,0.0004329681396484375,20,1.0,inf,inf,inf,0.0,1.4978758287171856,-1.4617794688079413,0.33534394413837626
corn_starch,m5_rep4,m5_rep4,GC-D+,0.2,3,7,0.0004189014434814453,20,1.0,inf,inf,inf,0.0,1.4978758287171856,-1.4617794688079413,0.33534394413837626
corn_starch,m5_rep4,m5_rep4,HJ+,0.05,3,7,0.0018177032470703125,20,1.0,inf,inf,inf,0.0,1.4978758287171856,-1.4617794688079413,0.33534394413837626
corn_starch,m5_rep4,m5_rep4,HJ+,0.1,3,7,0.000400543212890625,20,1.0,inf,inf,inf,0.0,1.4978758287171856,-1.4617794688079413,0.33534394413837626
corn_starch,m5_rep4,m5_rep4,HJ+,0.2,3,7,0.00037026405334472656,20,1.0,inf,inf,inf,0.0,1.4978758287171856,-1.4617794688079413,0.33534394413837626
corn_starch,m5_rep4,m5_rep4,HJ+-D,0.05,3,7,0.002218008041381836,20,1.0,inf,inf,inf,0.0,1.4978758287171856,-1.4617794688079413,0.33534394413837626
corn_starch,m5_rep4,m5_rep4,HJ+-D,0.1,3,7,0.0025370121002197266,20,1.0,inf,inf,inf,0.0,1.4978758287171856,-1.4617794688079413,0.33534394413837626
corn_starch,m5_rep4,m5_rep4,HJ+-D,0.2,3,7,0.0020589828491210938,20,1.0,inf,inf,inf,0.0,1.4978758287171856,-1.4617794688079413,0.33534394413837626
corn_starch,m5_rep4,m5_rep4,HCP-D,0.05,3,7,0.00025916099548339844,20,1.0,inf,inf,inf,0.0,1.4978758287171856,-1.4617794688079413,0.33534394413837626
corn_starch,m5_rep4,m5_rep4,HCP-D,0.1,3,7,0.00015687942504882812,20,1.0,inf,inf,inf,0.0,1.4978758287171856,-1.4617794688079413,0.33534394413837626
corn_starch,m5_rep4,m5_rep4,HCP-D,0.2,3,7,0.00015401840209960938,20,1.0,inf,inf,inf,0.0,1.4978758287171856,-1.4617794688079413,0.33534394413837626
corn_starch,m5_rep4,m5_rep4,HCP-A,0.05,3,7,0.00013828277587890625,20,1.0,inf,inf,inf,0.0,1.4978758287171856,-1.4617794688079413,0.33534394413837626
corn_starch,m5_rep4,m5_rep4,HCP-A,0.1,3,7,0.00013184547424316406,20,1.0,inf,inf,inf,0.0,1.4978758287171856,-1.4617794688079413,0.33534394413837626
corn_starch,m5_rep4,m5_rep4,HCP-A,0.2,3,7,0.0001308917999267578,20,1.0,inf,inf,inf,0.0,1.4978758287171856,-1.4617794688079413,0.33534394413837626
corn_starch,m5_rep4,m5_rep4,ORACLE,0.05,3,7,0.00012540817260742188,20,1.0,inf,inf,inf,0.0,1.4978758287171856,-1.4617794688079413,0.33534394413837626
corn_starch,m5_rep4,m5_rep4,ORACLE,0.1,3,7,9.799003601074219e-05,20,0.95,3.9660340478076237,3.966034047807625,4.00499512573178,1.0,1.4978758287171856,-1.4617794688079413,0.33534394413837626
corn_starch,m5_rep4,m5_rep4,ORACLE,0.2,3,7,8.96453857421875e-05,20,0.75,3.6250390612215795,3.625039061221578,3.9074930740548637,1.0,1.4978758287171856,-1.4617794688079413,0.33534394413837626
corn_starch,m5_rep5,m5_rep5,ASTM-R,0.05,3,5,0.01416468620300293,20,0.05,1.6713255227910373,1.6627936570809538,23.317554135186114,1.0,1.4081291896600536,-1.3754667261788511,0.3093611412802573
corn_starch,m5_rep5,m5_rep5,ASTM-R,0.1,3,5,0.0001544952392578125,20,0.0,1.3991014530163792,1.3919592502861846,14.917421446429596,1.0,1.4081291896600536,-1.3754667261788511,0.3093611412802573
corn_starch,m5_rep5,m5_rep5,ASTM-R,0.2,3,5,9.72747802734375e-05,20,0.0,1.0875232178983307,1.0819715752499164,9.404574390195192,1.0,1.4081291896600536,-1.3754667261788511,0.3093611412802573
corn_starch,m5_rep5,m5_rep5,ASTM-G,0.05,3,5,0.0001125335693359375,20,0.15,2.00825664470088,1.9980047962307168,17.418177328378025,1.0,1.4081291896600536,-1.3754667261788511,0.3093611412802573
corn_starch,m5_rep5,m5_rep5,ASTM-G,0.1,3,5,0.0001270771026611328,20,0.05,1.68115352234832,1.672571486176956,12.410802804397942,1.0,1.4081291896600536,-1.3754667261788511,0.3093611412802573
corn_starch,m5_rep5,m5_rep5,ASTM-G,0.2,3,5,0.00010085105895996094,20,0.0,1.3067626257292981,1.3000917988403131,8.527616758871325,1.0,1.4081291896600536,-1.3754667261788511,0.3093611412802573
corn_starch,m5_rep5,m5_rep5,GPR,0.05,3,5,0.04692220687866211,20,0.2,1.7167929730399365,1.5810066604225703,22.029085981599785,1.0,1.4081291896600536,-1.3754667261788511,0.3093611412802573
corn_starch,m5_rep5,m5_rep5,GPR,0.1,3,5,0.00011944770812988281,20,0.2,1.4407780809769428,1.326822615182273,13.567293193008874,1.0,1.4081291896600536,-1.3754667261788511,0.3093611412802573
corn_starch,m5_rep5,m5_rep5,GPR,0.2,3,5,8.463859558105469e-05,20,0.15,1.1225505874954205,1.0337646899549888,8.359285433701956,1.0,1.4081291896600536,-1.3754667261788511,0.3093611412802573
corn_starch,m5_rep5,m5_rep5,BAG,0.05,3,5,0.03724098205566406,20,0.3,1.9718728898567506,1.9416339588591818,14.670030354446908,1.0,1.4081291896600536,-1.3754667261788511,0.3093611412802573
corn_starch,m5_rep5,m5_rep5,BAG,0.1,3,5,9.775161743164062e-05,20,0.1,1.6548478953450245,1.6294705844766533,10.510366047725856,1.0,1.4081291896600536,-1.3754667261788511,0.3093611412802573
corn_starch,m5_rep5,m5_rep5,BAG,0.2,3,5,7.748603820800781e-05,20,0.05,1.2893383801865608,1.2695662059700972,7.405463917915488,1.0,1.4081291896600536,-1.3754667261788511,0.3093611412802573
corn_starch,m5_rep5,m5_rep5,QGB,0.05,3,5,0.03145289421081543,20,0.4,1.702422769622066,1.6980327759966585,6.424537055193161,1.0,1.4081291896600536,-1.3754667261788511,0.3093611412802573
corn_starch,m5_rep5,m5_rep5,QGB,0.1,3,5,0.027755260467529297,20,0.25,1.2122670559663593,1.1637419375788483,7.712788006768259,1.0,1.4081291896600536,-1.3754667261788511,0.3093611412802573
corn_starch,m5_rep5,m5_rep5,QGB,0.2,3,5,0.056986331939697266,20,0.1,0.8235569065916885,0.7512848159718502,7.481680984781247,1.0,1.4081291896600536,-1.3754667261788511,0.3093611412802573
corn_starch,m5_rep5,m5_rep5,SCP,0.05,3,5,3.266334533691406e-05,20,0.05,1.8187600496925431,1.8187600496925427,20.55941386224931,1.0,1.4081291896600536,-1.3754667261788511,0.3093611412802573
corn_starch,m5_rep5,m5_rep5,SCP,0.1,3,5,1.1205673217773438e-05,20,0.0,0.8308634731609736,0.8308634731609743,20.057869899484825,1.0,1.4081291896600536,-1.3754667261788511,0.3093611412802573
corn_starch,m5_rep5,m5_rep5,SCP,0.2,3,5,9.298324584960938e-06,20,0.0,0.6868609314125255,0.6868609314125251,11.020376853316687,1.0,1.4081291896600536,-1.3754667261788511,0.3093611412802573
corn_starch,m5_rep5,m5_rep5,NCP-kNN,0.05,3,5,0.007072925567626953,20,0.2,2.025357205438997,2.0312230440057775,17.767374537901606,1.0,1.4081291896600536,-1.3754667261788511,0.3093611412802573
corn_starch,m5_rep5,m5_rep5,NCP-kNN,0.1,3,5,1.6689300537109375e-05,20,0.0,1.1862069961470418,1.189642488280235,16.8597781926102,1.0,1.4081291896600536,-1.3754667261788511,0.3093611412802573
corn_starch,m5_rep5,m5_rep5,NCP-kNN,0.2,3,5,1.2159347534179688e-05,20,0.0,0.7668492806265927,0.7690702291452638,10.700423456460422,1.0,1.4081291896600536,-1.3754667261788511,0.3093611412802573
corn_starch,m5_rep5,m5_rep5,CV+,0.05,3,5,0.005064487457275391,20,0.0,1.8930956617928607,1.8731230269858052,25.96594581660417,1.0,1.4081291896600536,-1.3754667261788511,0.3093611412802573
corn_starch,m5_rep5,m5_rep5,CV+,0.1,3,5,0.0046367645263671875,20,0.0,1.6232890328104173,1.5863140481682656,16.330700452528898,1.0,1.4081291896600536,-1.3754667261788511,0.3093611412802573
corn_starch,m5_rep5,m5_rep5,CV+,0.2,3,5,0.004372119903564453,20,0.0,1.2293136413227121,1.1806140003806327,10.426563079430833,1.0,1.4081291896600536,-1.3754667261788511,0.3093611412802573
corn_starch,m5_rep5,m5_rep5,CQR,0.05,3,5,2.5987625122070312e-05,20,0.95,2.5485259708878036,2.5441359772623997,2.5836296428354135,1.0,1.4081291896600536,-1.3754667261788511,0.3093611412802573
corn_starch,m5_rep5,m5_rep5,CQR,0.1,3,5,1.33514404296875e-05,20,0.45,1.8153649245254915,1.7668398061379804,4.296904390148166,1.0,1.4081291896600536,-1.3754667261788511,0.3093611412802573
corn_starch,m5_rep5,m5_rep5,CQR,0.2,3,5,1.2636184692382812e-05,20,0.15,1.279455315821778,1.2071832252019448,5.912190800761067,1.0,1.4081291896600536,-1.3754667261788511,0.3093611412802573
corn_starch,m5_rep5,m5_rep5,WCP,0.05,3,5,0.0035889148712158203,20,1.0,inf,inf,inf,0.0,1.4081291896600536,-1.3754667261788511,0.3093611412802573
corn_starch,m5_rep5,m5_rep5,WCP,0.1,3,5,0.0001232624053955078,20,1.0,inf,inf,inf,0.0,1.4081291896600536,-1.3754667261788511,0.3093611412802573
corn_starch,m5_rep5,m5_rep5,WCP,0.2,3,5,8.20159912109375e-05,20,1.0,inf,inf,inf,0.0,1.4081291896600536,-1.3754667261788511,0.3093611412802573
corn_starch,m5_rep5,m5_rep5,R-U-A,0.05,3,5,6.604194641113281e-05,20,0.05,1.6454661605277738,1.645466160527775,23.81670369428655,1.0,1.4081291896600536,-1.3754667261788511,0.3093611412802573
corn_starch,m5_rep5,m5_rep5,R-U-A,0.1,3,5,3.552436828613281e-05,20,0.0,1.3531464403887417,1.3531464403887412,15.331016560078345,1.0,1.4081291896600536,-1.3754667261788511,0.3093611412802573
corn_starch,m5_rep5,m5_rep5,R-U-A,0.2,3,5,3.409385681152344e-05,20,0.0,0.89816372698354,0.8981637269835403,10.162012353854355,1.0,1.4081291896600536,-1.3754667261788511,0.3093611412802573
corn_starch,m5_rep5,m5_rep5,R-U-D,0.05,3,5,0.003838062286376953,20,0.4,2.4735891280098583,2.468778259080697,11.446961552527025,1.0,1.4081291896600536,-1.3754667261788511,0.3093611412802573
corn_starch,m5_rep5,m5_rep5,R-U-D,0.1,3,5,0.0003879070281982422,20,0.15,1.9739499555045263,1.970110831859813,10.115661876907918,1.0,1.4081291896600536,-1.3754667261788511,0.3093611412802573
corn_starch,m5_rep5,m5_rep5,R-U-D,0.2,3,5,0.00039458274841308594,20,0.05,1.5101123113886878,1.5071753028466688,7.715650961250439,1.0,1.4081291896600536,-1.3754667261788511,0.3093611412802573
corn_starch,m5_rep5,m5_rep5,G-U-A,0.05,3,5,3.981590270996094e-05,20,0.2,2.06485855116071,2.064858551160711,16.632956236878975,1.0,1.4081291896600536,-1.3754667261788511,0.3093611412802573
corn_starch,m5_rep5,m5_rep5,G-U-A,0.1,3,5,3.314018249511719e-05,20,0.05,1.5972263456079656,1.5972263456079645,13.141123354225504,1.0,1.4081291896600536,-1.3754667261788511,0.3093611412802573
corn_starch,m5_rep5,m5_rep5,G-U-A,0.2,3,5,3.1948089599609375e-05,20,0.0,1.143275346997314,1.1432753469973136,9.181565873799256,1.0,1.4081291896600536,-1.3754667261788511,0.3093611412802573
corn_starch,m5_rep5,m5_rep5,G-W-A,0.05,3,5,0.00010037422180175781,20,0.2,2.06485855116071,2.064858551160711,16.632956236878975,1.0,1.4081291896600536,-1.3754667261788511,0.3093611412802573
corn_starch,m5_rep5,m5_rep5,G-W-A,0.1,3,5,8.0108642578125e-05,20,0.05,1.5972263456079656,1.5972263456079645,13.141123354225504,1.0,1.4081291896600536,-1.3754667261788511,0.3093611412802573
corn_starch,m5_rep5,m5_rep5,G-W-A,0.2,3,5,7.653236389160156e-05,20,0.0,1.143275346997314,1.1432753469973136,9.181565873799256,1.0,1.4081291896600536,-1.3754667261788511,0.3093611412802573
corn_starch,m5_rep5,m5_rep5,G-U-D,0.05,3,5,0.003780364990234375,20,0.4,2.453117790642998,2.446410873935239,11.759173814583496,1.0,1.4081291896600536,-1.3754667261788511,0.3093611412802573
corn_starch,m5_rep5,m5_rep5,G-U-D,0.1,3,5,0.0003960132598876953,20,0.15,2.0262996895282006,2.0207597096322303,9.76223653470768,1.0,1.4081291896600536,-1.3754667261788511,0.3093611412802573
corn_starch,m5_rep5,m5_rep5,G-U-D,0.2,3,5,0.0003952980041503906,20,0.0,1.480148539158532,1.4761017571388884,7.834073105154379,1.0,1.4081291896600536,-1.3754667261788511,0.3093611412802573
corn_starch,m5_rep5,m5_rep5,GC-D,0.05,3,5,0.0004074573516845703,20,0.4,2.453117790642998,2.446410873935239,11.759173814583496,1.0,1.4081291896600536,-1.3754667261788511,0.3093611412802573
corn_starch,m5_rep5,m5_rep5,GC-D,0.1,3,5,0.0004241466522216797,20,0.15,2.0262996895282006,2.0207597096322303,9.76223653470768,1.0,1.4081291896600536,-1.3754667261788511,0.3093611412802573
corn_starch,m5_rep5,m5_rep5,GC-D,0.2,3,5,0.00039005279541015625,20,0.0,1.480148539158532,1.4761017571388884,7.834073105154379,1.0,1.4081291896600536,-1.3754667261788511,0.3093611412802573
corn_starch,m5_rep5,m5_rep5,GC-D+,0.05,3,5,0.00037789344787597656,20,1.0,inf,inf,inf,0.0,1.4081291896600536,-1.3754667261788511,0.3093611412802573
corn_starch,m5_rep5,m5_rep5,GC-D+,0.1,3,5,0.00037860870361328125,20,1.0,inf,inf,inf,0.0,1.4081291896600536,-1.3754667261788511,0.3093611412802573
corn_starch,m5_rep5,m5_rep5,GC-D+,0.2,3,5,0.0004000663757324219,20,1.0,inf,inf,inf,0.0,1.4081291896600536,-1.3754667261788511,0.3093611412802573
corn_starch,m5_rep5,m5_rep5,HJ+,0.05,3,5,0.001708984375,20,1.0,inf,inf,inf,0.0,1.4081291896600536,-1.3754667261788511,0.3093611412802573
corn_starch,m5_rep5,m5_rep5,HJ+,0.1,3,5,0.00041747093200683594,20,1.0,inf,inf,inf,0.0,1.4081291896600536,-1.3754667261788511,0.3093611412802573
corn_starch,m5_rep5,m5_rep5,HJ+,0.2,3,5,0.0003905296325683594,20,1.0,inf,inf,inf,0.0,1.4081291896600536,-1.3754667261788511,0.3093611412802573
corn_starch,m5_rep5,m5_rep5,HJ+-D,0.05,3,5,0.002475738525390625,20,1.0,inf,inf,inf,0.0,1.4081291896600536,-1.3754667261788511,0.3093611412802573
corn_starch,m5_rep5,m5_rep5,HJ+-D,0.1,3,5,0.0020401477813720703,20,1.0,inf,inf,inf,0.0,1.4081291896600536,-1.3754667261788511,0.3093611412802573
corn_starch,m5_rep5,m5_rep5,HJ+-D,0.2,3,5,0.002044677734375,20,1.0,inf,inf,inf,0.0,1.4081291896600536,-1.3754667261788511,0.3093611412802573
corn_starch,m5_rep5,m5_rep5,HCP-D,0.05,3,5,0.0002617835998535156,20,1.0,inf,inf,inf,0.0,1.4081291896600536,-1.3754667261788511,0.3093611412802573
corn_starch,m5_rep5,m5_rep5,HCP-D,0.1,3,5,0.00019621849060058594,20,1.0,inf,inf,inf,0.0,1.4081291896600536,-1.3754667261788511,0.3093611412802573
corn_starch,m5_rep5,m5_rep5,HCP-D,0.2,3,5,0.0001494884490966797,20,1.0,inf,inf,inf,0.0,1.4081291896600536,-1.3754667261788511,0.3093611412802573
corn_starch,m5_rep5,m5_rep5,HCP-A,0.05,3,5,0.00013637542724609375,20,1.0,inf,inf,inf,0.0,1.4081291896600536,-1.3754667261788511,0.3093611412802573
corn_starch,m5_rep5,m5_rep5,HCP-A,0.1,3,5,0.0001308917999267578,20,1.0,inf,inf,inf,0.0,1.4081291896600536,-1.3754667261788511,0.3093611412802573
corn_starch,m5_rep5,m5_rep5,HCP-A,0.2,3,5,0.00014448165893554688,20,1.0,inf,inf,inf,0.0,1.4081291896600536,-1.3754667261788511,0.3093611412802573
corn_starch,m5_rep5,m5_rep5,ORACLE,0.05,3,5,0.00011873245239257812,20,1.0,inf,inf,inf,0.0,1.4081291896600536,-1.3754667261788511,0.3093611412802573
corn_starch,m5_rep5,m5_rep5,ORACLE,0.1,3,5,9.369850158691406e-05,20,0.95,3.6082628924296984,3.6082628924296998,3.852655604818365,1.0,1.4081291896600536,-1.3754667261788511,0.3093611412802573
corn_starch,m5_rep5,m5_rep5,ORACLE,0.2,3,5,8.726119995117188e-05,20,0.8,3.2656356755971956,3.2656356755971956,3.4390940371586964,1.0,1.4081291896600536,-1.3754667261788511,0.3093611412802573
corn_starch,m5_rep6,m5_rep6,ASTM-R,0.05,3,5,0.014499902725219727,20,0.1,1.4263947989299897,1.4239527061211703,27.03047228515959,1.0,1.39539861317435,-1.3256003140493722,0.4471207267101313
corn_starch,m5_rep6,m5_rep6,ASTM-R,0.1,3,5,0.00010561943054199219,20,0.1,1.1940648356911816,1.1920205088675786,16.088538177672522,1.0,1.39539861317435,-1.3256003140493722,0.4471207267101313
corn_starch,m5_rep6,m5_rep6,ASTM-R,0.2,3,5,0.0001068115234375,20,0.05,0.9281480122048823,0.9265589545415835,9.60430058908202,1.0,1.39539861317435,-1.3256003140493722,0.4471207267101313
corn_starch,m5_rep6,m5_rep6,ASTM-G,0.05,3,5,0.00010752677917480469,20,0.1,1.6789664280017298,1.6760919139869976,22.733569468539027,1.0,1.39539861317435,-1.3256003140493722,0.4471207267101313
corn_starch,m5_rep6,m5_rep6,ASTM-G,0.1,3,5,8.96453857421875e-05,20,0.1,1.4054978141302743,1.4030914984964333,14.395741183963683,1.0,1.39539861317435,-1.3256003140493722,0.4471207267101313
corn_starch,m5_rep6,m5_rep6,ASTM-G,0.2,3,5,9.083747863769531e-05,20,0.1,1.0924951169742887,1.0906246849797014,8.997115740249047,1.0,1.39539861317435,-1.3256003140493722,0.4471207267101313
corn_starch,m5_rep6,m5_rep6,GPR,0.05,3,5,0.050017595291137695,20,0.7,2.3125173687690497,2.3253194467453078,4.716266458284963,1.0,1.39539861317435,-1.3256003140493722,0.4471207267101313
corn_starch,m5_rep6,m5_rep6,GPR,0.1,3,5,0.0001392364501953125,20,0.65,1.9407257538462759,1.9514695963647455,4.142391965874526,1.0,1.39539861317435,-1.3256003140493722,0.4471207267101313
corn_starch,m5_rep6,m5_rep6,GPR,0.2,3,5,8.440017700195312e-05,20,0.6,1.5120738328212338,1.5204446616742757,3.2816138005109226,1.0,1.39539861317435,-1.3256003140493722,0.4471207267101313
corn_starch,m5_rep6,m5_rep6,BAG,0.05,3,5,0.03606724739074707,20,0.1,1.5266475573196518,1.5297748619920775,30.330736523043328,1.0,1.39539861317435,-1.3256003140493722,0.4471207267101313
corn_starch,m5_rep6,m5_rep6,BAG,0.1,3,5,9.1552734375e-05,20,0.05,1.281203017780515,1.2838275345949022,17.910753920710484,1.0,1.39539861317435,-1.3256003140493722,0.4471207267101313
corn_starch,m5_rep6,m5_rep6,BAG,0.2,3,5,8.511543273925781e-05,20,0.05,0.9982211829147317,1.0002660175292988,10.658958550304053,1.0,1.39539861317435,-1.3256003140493722,0.4471207267101313
corn_starch,m5_rep6,m5_rep6,QGB,0.05,3,5,0.03179192543029785,20,0.6,1.820693961399358,1.8429921207397015,7.365350251901603,1.0,1.39539861317435,-1.3256003140493722,0.4471207267101313
corn_starch,m5_rep6,m5_rep6,QGB,0.1,3,5,0.027498960494995117,20,0.55,1.5966508400105497,1.6158454672528677,5.435180220233679,1.0,1.39539861317435,-1.3256003140493722,0.4471207267101313
corn_starch,m5_rep6,m5_rep6,QGB,0.2,3,5,0.028696060180664062,20,0.45,1.172156797660671,1.2088449902049732,4.735956363814149,1.0,1.39539861317435,-1.3256003140493722,0.4471207267101313
corn_starch,m5_rep6,m5_rep6,SCP,0.05,3,5,2.9087066650390625e-05,20,0.05,1.5079644815994602,1.5079644815994584,32.18653116214928,1.0,1.39539861317435,-1.3256003140493722,0.4471207267101313
corn_starch,m5_rep6,m5_rep6,SCP,0.1,3,5,1.0013580322265625e-05,20,0.05,1.0997934586965825,1.0997934586965812,20.31670151654883,1.0,1.39539861317435,-1.3256003140493722,0.4471207267101313
corn_starch,m5_rep6,m5_rep6,SCP,0.2,3,5,7.867813110351562e-06,20,0.0,0.801423356882849,0.8014233568828502,11.85939144359383,1.0,1.39539861317435,-1.3256003140493722,0.4471207267101313
corn_starch,m5_rep6,m5_rep6,NCP-kNN,0.05,3,5,0.007120370864868164,20,0.05,1.4653817648791851,1.4495132277876515,32.912352219144225,1.0,1.39539861317435,-1.3256003140493722,0.4471207267101313
corn_starch,m5_rep6,m5_rep6,NCP-kNN,0.1,3,5,1.7881393432617188e-05,20,0.05,0.9859282831877003,0.9752517210068881,21.27087457602372,1.0,1.39539861317435,-1.3256003140493722,0.4471207267101313
corn_starch,m5_rep6,m5_rep6,NCP-kNN,0.2,3,5,1.4066696166992188e-05,20,0.0,0.7970984552869449,0.7884667207407148,11.876691049977449,1.0,1.39539861317435,-1.3256003140493722,0.4471207267101313
corn_starch,m5_rep6,m5_rep6,CV+,0.05,3,5,0.005448102951049805,20,0.1,1.4805058350447298,1.4415224236923336,24.755728601414127,1.0,1.39539861317435,-1.3256003140493722,0.4471207267101313
corn_starch,m5_rep6,m5_rep6,CV+,0.1,3,5,0.00437164306640625,20,0.1,1.2318463695821897,1.2009454461302091,14.609127768778942,1.0,1.39539861317435,-1.3256003140493722,0.4471207267101313
corn_starch,m5_rep6,m5_rep6,CV+,0.2,3,5,0.004338502883911133,20,0.1,0.9548747254878155,0.9516585465203207,8.928198041407837,1.0,1.39539861317435,-1.3256003140493722,0.4471207267101313
corn_starch,m5_rep6,m5_rep6,CQR,0.05,3,5,2.384185791015625e-05,20,0.65,2.0665256740365843,2.088823833376928,5.7731220532014484,1.0,1.39539861317435,-1.3256003140493722,0.4471207267101313
corn_starch,m5_rep6,m5_rep6,CQR,0.1,3,5,1.3113021850585938e-05,20,0.6,1.7465023490195037,1.7656969762618218,4.946884912178579,1.0,1.39539861317435,-1.3256003140493722,0.4471207267101313
corn_starch,m5_rep6,m5_rep6,CQR,0.2,3,5,1.3589859008789062e-05,20,0.5,1.5021700358504066,1.5388582283947088,4.219276559624109,1.0,1.39539861317435,-1.3256003140493722,0.4471207267101313
corn_starch,m5_rep6,m5_rep6,WCP,0.05,3,5,0.0035016536712646484,20,1.0,inf,inf,inf,0.0,1.39539861317435,-1.3256003140493722,0.4471207267101313
corn_starch,m5_rep6,m5_rep6,WCP,0.1,3,5,0.00012087821960449219,20,1.0,inf,inf,inf,0.0,1.39539861317435,-1.3256003140493722,0.4471207267101313
corn_starch,m5_rep6,m5_rep6,WCP,0.2,3,5,8.726119995117188e-05,20,1.0,inf,inf,inf,0.0,1.39539861317435,-1.3256003140493722,0.4471207267101313
corn_starch,m5_rep6,m5_rep6,R-U-A,0.05,3,5,5.1975250244140625e-05,20,0.1,1.292938532183058,1.292938532183058,29.31721675477865,1.0,1.39539861317435,-1.3256003140493722,0.4471207267101313
corn_starch,m5_rep6,m5_rep6,R-U-A,0.1,3,5,3.552436828613281e-05,20,0.1,1.077884746514314,1.0778847465143144,17.025507928830812,1.0,1.39539861317435,-1.3256003140493722,0.4471207267101313
corn_starch,m5_rep6,m5_rep6,R-U-A,0.2,3,5,3.266334533691406e-05,20,0.05,0.813382289615674,0.8133822896156744,10.041949068416564,1.0,1.39539861317435,-1.3256003140493722,0.4471207267101313
corn_starch,m5_rep6,m5_rep6,R-U-D,0.05,3,5,0.0030786991119384766,20,0.1,1.2727728002310452,1.267464570267947,29.65458238972399,1.0,1.39539861317435,-1.3256003140493722,0.4471207267101313
corn_starch,m5_rep6,m5_rep6,R-U-D,0.1,3,5,0.00041937828063964844,20,0.05,1.079090908625065,1.0745904489255622,17.02232309231707,1.0,1.39539861317435,-1.3256003140493722,0.4471207267101313
corn_starch,m5_rep6,m5_rep6,R-U-D,0.2,3,5,0.0003712177276611328,20,0.05,0.834516052743308,0.8310356176530433,9.966692010616642,1.0,1.39539861317435,-1.3256003140493722,0.4471207267101313
corn_starch,m5_rep6,m5_rep6,G-U-A,0.05,3,5,4.029273986816406e-05,20,0.1,1.5362662913603913,1.5362662913603913,25.18064484876399,1.0,1.39539861317435,-1.3256003140493722,0.4471207267101313
corn_starch,m5_rep6,m5_rep6,G-U-A,0.1,3,5,3.743171691894531e-05,20,0.1,1.2108448580625573,1.2108448580625577,15.961827036444864,1.0,1.39539861317435,-1.3256003140493722,0.4471207267101313
corn_starch,m5_rep6,m5_rep6,G-U-A,0.2,3,5,3.3855438232421875e-05,20,0.05,0.9285028050294539,0.9285028050294528,9.610247135614882,1.0,1.39539861317435,-1.3256003140493722,0.4471207267101313
corn_starch,m5_rep6,m5_rep6,G-W-A,0.05,3,5,0.00010085105895996094,20,0.1,1.5362662913603913,1.5362662913603913,25.18064484876399,1.0,1.39539861317435,-1.3256003140493722,0.4471207267101313
corn_starch,m5_rep6,m5_rep6,G-W-A,0.1,3,5,7.486343383789062e-05,20,0.1,1.2108448580625573,1.2108448580625577,15.961827036444864,1.0,1.39539861317435,-1.3256003140493722,0.4471207267101313
corn_starch,m5_rep6,m5_rep6,G-W-A,0.2,3,5,6.914138793945312e-05,20,0.05,0.9285028050294539,0.9285028050294528,9.610247135614882,1.0,1.39539861317435,-1.3256003140493722,0.4471207267101313
corn_starch,m5_rep6,m5_rep6,G-U-D,0.05,3,5,0.0033826828002929688,20,0.1,1.5428149608395063,1.5314555733722557,25.028413667637437,1.0,1.39539861317435,-1.3256003140493722,0.4471207267101313
corn_starch,m5_rep6,m5_rep6,G-U-D,0.1,3,5,0.00043845176696777344,20,0.1,1.3029897606414689,1.2933961503040763,15.207395092285427,1.0,1.39539861317435,-1.3256003140493722,0.4471207267101313
corn_starch,m5_rep6,m5_rep6,G-U-D,0.2,3,5,0.00034332275390625,20,0.05,0.9920238456797662,0.9847198049970771,9.369406925964112,1.0,1.39539861317435,-1.3256003140493722,0.4471207267101313
corn_starch,m5_rep6,m5_rep6,GC-D,0.05,3,5,0.0003960132598876953,20,0.1,1.5428149608395063,1.5314555733722557,25.028413667637437,1.0,1.39539861317435,-1.3256003140493722,0.4471207267101313
corn_starch,m5_rep6,m5_rep6,GC-D,0.1,3,5,0.0003726482391357422,20,0.1,1.3029897606414689,1.2933961503040763,15.207395092285427,1.0,1.39539861317435,-1.3256003140493722,0.4471207267101313
corn_starch,m5_rep6,m5_rep6,GC-D,0.2,3,5,0.00042748451232910156,20,0.05,0.9920238456797662,0.9847198049970771,9.369406925964112,1.0,1.39539861317435,-1.3256003140493722,0.4471207267101313
corn_starch,m5_rep6,m5_rep6,GC-D+,0.05,3,5,0.00037479400634765625,20,1.0,inf,inf,inf,0.0,1.39539861317435,-1.3256003140493722,0.4471207267101313
corn_starch,m5_rep6,m5_rep6,GC-D+,0.1,3,5,0.00045371055603027344,20,1.0,inf,inf,inf,0.0,1.39539861317435,-1.3256003140493722,0.4471207267101313
corn_starch,m5_rep6,m5_rep6,GC-D+,0.2,3,5,0.00036716461181640625,20,1.0,inf,inf,inf,0.0,1.39539861317435,-1.3256003140493722,0.4471207267101313
corn_starch,m5_rep6,m5_rep6,HJ+,0.05,3,5,0.0016481876373291016,20,1.0,inf,inf,inf,0.0,1.39539861317435,-1.3256003140493722,0.4471207267101313
corn_starch,m5_rep6,m5_rep6,HJ+,0.1,3,5,0.000377655029296875,20,1.0,inf,inf,inf,0.0,1.39539861317435,-1.3256003140493722,0.4471207267101313
corn_starch,m5_rep6,m5_rep6,HJ+,0.2,3,5,0.0003845691680908203,20,1.0,inf,inf,inf,0.0,1.39539861317435,-1.3256003140493722,0.4471207267101313
corn_starch,m5_rep6,m5_rep6,HJ+-D,0.05,3,5,0.0022258758544921875,20,1.0,inf,inf,inf,0.0,1.39539861317435,-1.3256003140493722,0.4471207267101313
corn_starch,m5_rep6,m5_rep6,HJ+-D,0.1,3,5,0.002078533172607422,20,1.0,inf,inf,inf,0.0,1.39539861317435,-1.3256003140493722,0.4471207267101313
corn_starch,m5_rep6,m5_rep6,HJ+-D,0.2,3,5,0.0019750595092773438,20,1.0,inf,inf,inf,0.0,1.39539861317435,-1.3256003140493722,0.4471207267101313
corn_starch,m5_rep6,m5_rep6,HCP-D,0.05,3,5,0.000255584716796875,20,1.0,inf,inf,inf,0.0,1.39539861317435,-1.3256003140493722,0.4471207267101313
corn_starch,m5_rep6,m5_rep6,HCP-D,0.1,3,5,0.00015497207641601562,20,1.0,inf,inf,inf,0.0,1.39539861317435,-1.3256003140493722,0.4471207267101313
corn_starch,m5_rep6,m5_rep6,HCP-D,0.2,3,5,0.00015282630920410156,20,1.0,inf,inf,inf,0.0,1.39539861317435,-1.3256003140493722,0.4471207267101313
corn_starch,m5_rep6,m5_rep6,HCP-A,0.05,3,5,0.0001418590545654297,20,1.0,inf,inf,inf,0.0,1.39539861317435,-1.3256003140493722,0.4471207267101313
corn_starch,m5_rep6,m5_rep6,HCP-A,0.1,3,5,0.0001327991485595703,20,1.0,inf,inf,inf,0.0,1.39539861317435,-1.3256003140493722,0.4471207267101313
corn_starch,m5_rep6,m5_rep6,HCP-A,0.2,3,5,0.0001285076141357422,20,1.0,inf,inf,inf,0.0,1.39539861317435,-1.3256003140493722,0.4471207267101313
corn_starch,m5_rep6,m5_rep6,ORACLE,0.05,3,5,0.00016450881958007812,20,1.0,inf,inf,inf,0.0,1.39539861317435,-1.3256003140493722,0.4471207267101313
corn_starch,m5_rep6,m5_rep6,ORACLE,0.1,3,5,0.0001232624053955078,20,0.95,4.112953464267896,4.112953464267896,4.380472696671255,1.0,1.39539861317435,-1.3256003140493722,0.4471207267101313
corn_starch,m5_rep6,m5_rep6,ORACLE,0.2,3,5,8.96453857421875e-05,20,0.85,3.5263985926349903,3.526398592634994,3.9631403486932655,1.0,1.39539861317435,-1.3256003140493722,0.4471207267101313
corn_starch,m5_rep7,m5_rep7,ASTM-R,0.05,3,5,0.014423608779907227,20,0.05,1.7917474204249377,1.7805293417777293,14.884223818464562,1.0,1.2567340220895322,-1.2195269534172852,0.3114218870821008
corn_starch,m5_rep7,m5_rep7,ASTM-R,0.1,3,5,0.00016999244689941406,20,0.0,1.4999091350969,1.4905182474922185,10.891356852473612,1.0,1.2567340220895322,-1.2195269534172852,0.3114218870821008
corn_starch,m5_rep7,m5_rep7,ASTM-R,0.2,3,5,0.00010657310485839844,20,0.0,1.16588114867506,1.1585816006081657,7.531744939472614,1.0,1.2567340220895322,-1.2195269534172852,0.3114218870821008
corn_starch,m5_rep7,m5_rep7,ASTM-G,0.05,3,5,0.00010967254638671875,20,0.35,2.1025881064501033,2.089423863280583,10.484505307551022,1.0,1.2567340220895322,-1.2195269534172852,0.3114218870821008
corn_starch,m5_rep7,m5_rep7,ASTM-G,0.1,3,5,9.5367431640625e-05,20,0.05,1.7601203563963632,1.749100293880005,8.60691592243902,1.0,1.2567340220895322,-1.2195269534172852,0.3114218870821008
corn_starch,m5_rep7,m5_rep7,ASTM-G,0.2,3,5,0.0001010894775390625,20,0.0,1.36814363944065,1.359577731783709,6.722694976410246,1.0,1.2567340220895322,-1.2195269534172852,0.3114218870821008
corn_starch,m5_rep7,m5_rep7,GPR,0.05,3,5,0.04861259460449219,20,0.2,1.927407783468976,1.7421267585421383,21.07219194017646,1.0,1.2567340220895322,-1.2195269534172852,0.3114218870821008
corn_starch,m5_rep7,m5_rep7,GPR,0.1,3,5,0.00012803077697753906,20,0.2,1.6175316017337042,1.4620388639792878,13.296425873793243,1.0,1.2567340220895322,-1.2195269534172852,0.3114218870821008
corn_starch,m5_rep7,m5_rep7,GPR,0.2,3,5,8.535385131835938e-05,20,0.15,1.260264209868718,1.1391154594663462,8.329368935021204,1.0,1.2567340220895322,-1.2195269534172852,0.3114218870821008
corn_starch,m5_rep7,m5_rep7,BAG,0.05,3,5,0.03600931167602539,20,0.65,2.492085554055028,2.4685405837697587,6.247651133939575,1.0,1.2567340220895322,-1.2195269534172852,0.3114218870821008
corn_starch,m5_rep7,m5_rep7,BAG,0.1,3,5,0.0001251697540283203,20,0.4,2.091424125440103,2.0716645634911757,5.7330059007630725,1.0,1.2567340220895322,-1.2195269534172852,0.3114218870821008
corn_starch,m5_rep7,m5_rep7,BAG,0.2,3,5,9.799003601074219e-05,20,0.0,1.629487158163154,1.6140919295937586,5.247282737237145,1.0,1.2567340220895322,-1.2195269534172852,0.3114218870821008
corn_starch,m5_rep7,m5_rep7,QGB,0.05,3,5,0.030930757522583008,20,0.9,1.900458788450824,1.8799188184441604,2.5765939328480174,1.0,1.2567340220895322,-1.2195269534172852,0.3114218870821008
corn_starch,m5_rep7,m5_rep7,QGB,0.1,3,5,0.028702974319458008,20,0.8,1.6795791880711384,1.7017081765293653,2.2756298540867386,1.0,1.2567340220895322,-1.2195269534172852,0.3114218870821008
corn_starch,m5_rep7,m5_rep7,QGB,0.2,3,5,0.03858447074890137,20,0.6,1.3579904946428396,1.3882946442718982,2.3401533213707584,1.0,1.2567340220895322,-1.2195269534172852,0.3114218870821008
corn_starch,m5_rep7,m5_rep7,SCP,0.05,3,5,2.9802322387695312e-05,20,0.55,2.0308442974209986,2.030844297420998,6.159782718360518,1.0,1.2567340220895322,-1.2195269534172852,0.3114218870821008
corn_starch,m5_rep7,m5_rep7,SCP,0.1,3,5,9.775161743164062e-06,20,0.5,1.8955972749051004,1.8955972749051,4.608082191038356,1.0,1.2567340220895322,-1.2195269534172852,0.3114218870821008
corn_starch,m5_rep7,m5_rep7,SCP,0.2,3,5,8.106231689453125e-06,20,0.0,1.0789603475013507,1.0789603475013507,5.813925290308369,1.0,1.2567340220895322,-1.2195269534172852,0.3114218870821008
corn_starch,m5_rep7,m5_rep7,NCP-kNN,0.05,3,5,0.007081747055053711,20,0.35,1.6733996513928777,1.6933593424116964,9.844580786599415,1.0,1.2567340220895322,-1.2195269534172852,0.3114218870821008
corn_starch,m5_rep7,m5_rep7,NCP-kNN,0.1,3,5,1.7881393432617188e-05,20,0.35,1.6404460707241733,1.6600127036426393,5.936834479249505,1.0,1.2567340220895322,-1.2195269534172852,0.3114218870821008
corn_starch,m5_rep7,m5_rep7,NCP-kNN,0.2,3,5,1.33514404296875e-05,20,0.0,1.2891355415922976,1.3045118726858043,4.973224513944578,1.0,1.2567340220895322,-1.2195269534172852,0.3114218870821008
corn_starch,m5_rep7,m5_rep7,CV+,0.05,3,5,0.005030155181884766,20,0.1,1.978421482629815,1.9279207144478896,14.283571218937553,1.0,1.2567340220895322,-1.2195269534172852,0.3114218870821008
corn_starch,m5_rep7,m5_rep7,CV+,0.1,3,5,0.004293918609619141,20,0.0,1.607301091147176,1.567461349645697,11.122538761628794,1.0,1.2567340220895322,-1.2195269534172852,0.3114218870821008
corn_starch,m5_rep7,m5_rep7,CV+,0.2,3,5,0.00437617301940918,20,0.0,1.183023777464474,1.173602733722042,7.8622310210486575,1.0,1.2567340220895322,-1.2195269534172852,0.3114218870821008
corn_starch,m5_rep7,m5_rep7,CQR,0.05,3,5,2.384185791015625e-05,20,1.0,3.3496582176534746,3.329118247646811,3.3496582176534746,1.0,1.2567340220895322,-1.2195269534172852,0.3114218870821008
corn_starch,m5_rep7,m5_rep7,CQR,0.1,3,5,1.2874603271484375e-05,20,0.95,1.9423425786250241,1.964471567083251,2.211170211463931,1.0,1.2567340220895322,-1.2195269534172852,0.3114218870821008
corn_starch,m5_rep7,m5_rep7,CQR,0.2,3,5,1.0967254638671875e-05,20,0.85,1.8591243934379715,1.8894285430670301,2.222029826840183,1.0,1.2567340220895322,-1.2195269534172852,0.3114218870821008
corn_starch,m5_rep7,m5_rep7,WCP,0.05,3,5,0.0034215450286865234,20,1.0,inf,inf,inf,0.0,1.2567340220895322,-1.2195269534172852,0.3114218870821008
corn_starch,m5_rep7,m5_rep7,WCP,0.1,3,5,0.00010967254638671875,20,1.0,inf,inf,inf,0.0,1.2567340220895322,-1.2195269534172852,0.3114218870821008
corn_starch,m5_rep7,m5_rep7,WCP,0.2,3,5,8.344650268554688e-05,20,1.0,inf,inf,inf,0.0,1.2567340220895322,-1.2195269534172852,0.3114218870821008
corn_starch,m5_rep7,m5_rep7,R-U-A,0.05,3,5,5.2928924560546875e-05,20,0.15,1.8277076716608043,1.8277076716608036,14.311207938727975,1.0,1.2567340220895322,-1.2195269534172852,0.3114218870821008
corn_starch,m5_rep7,m5_rep7,R-U-A,0.1,3,5,4.315376281738281e-05,20,0.0,1.4894794331012808,1.4894794331012804,10.985224170434172,1.0,1.2567340220895322,-1.2195269534172852,0.3114218870821008
corn_starch,m5_rep7,m5_rep7,R-U-A,0.2,3,5,5.91278076171875e-05,20,0.0,1.0100725570982259,1.0100725570982263,8.15497930577995,1.0,1.2567340220895322,-1.2195269534172852,0.3114218870821008
corn_starch,m5_rep7,m5_rep7,R-U-D,0.05,3,5,0.0033142566680908203,20,0.5,2.3052539207018508,2.2802972926753533,9.366786150737047,1.0,1.2567340220895322,-1.2195269534172852,0.3114218870821008
corn_starch,m5_rep7,m5_rep7,R-U-D,0.1,3,5,0.00045108795166015625,20,0.25,1.7832268525228099,1.7639216780057545,8.540413693524648,1.0,1.2567340220895322,-1.2195269534172852,0.3114218870821008
corn_starch,m5_rep7,m5_rep7,R-U-D,0.2,3,5,0.0003609657287597656,20,0.0,1.2708462501782365,1.2570880967445746,7.11188453345991,1.0,1.2567340220895322,-1.2195269534172852,0.3114218870821008
corn_starch,m5_rep7,m5_rep7,G-U-A,0.05,3,5,4.0531158447265625e-05,20,0.2,1.941722311140723,1.9417223111407225,12.576642673118386,1.0,1.2567340220895322,-1.2195269534172852,0.3114218870821008
corn_starch,m5_rep7,m5_rep7,G-U-A,0.1,3,5,4.1484832763671875e-05,20,0.0,1.5764974476311688,1.5764974476311693,10.202062039665185,1.0,1.2567340220895322,-1.2195269534172852,0.3114218870821008
corn_starch,m5_rep7,m5_rep7,G-U-A,0.2,3,5,3.24249267578125e-05,20,0.0,1.1634164832856153,1.1634164832856158,7.541603601030391,1.0,1.2567340220895322,-1.2195269534172852,0.3114218870821008
corn_starch,m5_rep7,m5_rep7,G-W-A,0.05,3,5,0.00010395050048828125,20,0.2,1.941722311140723,1.9417223111407225,12.576642673118386,1.0,1.2567340220895322,-1.2195269534172852,0.3114218870821008
corn_starch,m5_rep7,m5_rep7,G-W-A,0.1,3,5,7.486343383789062e-05,20,0.0,1.5764974476311688,1.5764974476311693,10.202062039665185,1.0,1.2567340220895322,-1.2195269534172852,0.3114218870821008
corn_starch,m5_rep7,m5_rep7,G-W-A,0.2,3,5,6.866455078125e-05,20,0.0,1.1634164832856153,1.1634164832856158,7.541603601030391,1.0,1.2567340220895322,-1.2195269534172852,0.3114218870821008
corn_starch,m5_rep7,m5_rep7,G-U-D,0.05,3,5,0.004654407501220703,20,1.0,3.7690144926119444,3.7212282703163773,3.7690144926119444,1.0,1.2567340220895322,-1.2195269534172852,0.3114218870821008
corn_starch,m5_rep7,m5_rep7,G-U-D,0.1,3,5,0.000408172607421875,20,0.9,3.19587133322211,3.1553518238764298,3.624227755207579,1.0,1.2567340220895322,-1.2195269534172852,0.3114218870821008
corn_starch,m5_rep7,m5_rep7,G-U-D,0.2,3,5,0.0003693103790283203,20,0.6,2.5240613939593852,2.492059564543279,3.5223944433317937,1.0,1.2567340220895322,-1.2195269534172852,0.3114218870821008
corn_starch,m5_rep7,m5_rep7,GC-D,0.05,3,5,0.00039458274841308594,20,1.0,3.7690144926119444,3.7212282703163773,3.7690144926119444,1.0,1.2567340220895322,-1.2195269534172852,0.3114218870821008
corn_starch,m5_rep7,m5_rep7,GC-D,0.1,3,5,0.0004329681396484375,20,0.9,3.19587133322211,3.1553518238764298,3.624227755207579,1.0,1.2567340220895322,-1.2195269534172852,0.3114218870821008
corn_starch,m5_rep7,m5_rep7,GC-D,0.2,3,5,0.00042128562927246094,20,0.6,2.5240613939593852,2.492059564543279,3.5223944433317937,1.0,1.2567340220895322,-1.2195269534172852,0.3114218870821008
corn_starch,m5_rep7,m5_rep7,GC-D+,0.05,3,5,0.0003745555877685547,20,1.0,inf,inf,inf,0.0,1.2567340220895322,-1.2195269534172852,0.3114218870821008
corn_starch,m5_rep7,m5_rep7,GC-D+,0.1,3,5,0.0004038810729980469,20,1.0,inf,inf,inf,0.0,1.2567340220895322,-1.2195269534172852,0.3114218870821008
corn_starch,m5_rep7,m5_rep7,GC-D+,0.2,3,5,0.0003802776336669922,20,1.0,inf,inf,inf,0.0,1.2567340220895322,-1.2195269534172852,0.3114218870821008
corn_starch,m5_rep7,m5_rep7,HJ+,0.05,3,5,0.0018305778503417969,20,1.0,inf,inf,inf,0.0,1.2567340220895322,-1.2195269534172852,0.3114218870821008
corn_starch,m5_rep7,m5_rep7,HJ+,0.1,3,5,0.00041604042053222656,20,1.0,inf,inf,inf,0.0,1.2567340220895322,-1.2195269534172852,0.3114218870821008
corn_starch,m5_rep7,m5_rep7,HJ+,0.2,3,5,0.0003390312194824219,20,1.0,inf,inf,inf,0.0,1.2567340220895322,-1.2195269534172852,0.3114218870821008
corn_starch,m5_rep7,m5_rep7,HJ+-D,0.05,3,5,0.0024547576904296875,20,1.0,inf,inf,inf,0.0,1.2567340220895322,-1.2195269534172852,0.3114218870821008
corn_starch,m5_rep7,m5_rep7,HJ+-D,0.1,3,5,0.0020380020141601562,20,1.0,inf,inf,inf,0.0,1.2567340220895322,-1.2195269534172852,0.3114218870821008
corn_starch,m5_rep7,m5_rep7,HJ+-D,0.2,3,5,0.0020415782928466797,20,1.0,inf,inf,inf,0.0,1.2567340220895322,-1.2195269534172852,0.3114218870821008
corn_starch,m5_rep7,m5_rep7,HCP-D,0.05,3,5,0.0002598762512207031,20,1.0,inf,inf,inf,0.0,1.2567340220895322,-1.2195269534172852,0.3114218870821008
corn_starch,m5_rep7,m5_rep7,HCP-D,0.1,3,5,0.0001990795135498047,20,1.0,inf,inf,inf,0.0,1.2567340220895322,-1.2195269534172852,0.3114218870821008
corn_starch,m5_rep7,m5_rep7,HCP-D,0.2,3,5,0.00014495849609375,20,1.0,inf,inf,inf,0.0,1.2567340220895322,-1.2195269534172852,0.3114218870821008
corn_starch,m5_rep7,m5_rep7,HCP-A,0.05,3,5,0.0001342296600341797,20,1.0,inf,inf,inf,0.0,1.2567340220895322,-1.2195269534172852,0.3114218870821008
corn_starch,m5_rep7,m5_rep7,HCP-A,0.1,3,5,0.0001347064971923828,20,1.0,inf,inf,inf,0.0,1.2567340220895322,-1.2195269534172852,0.3114218870821008
corn_starch,m5_rep7,m5_rep7,HCP-A,0.2,3,5,0.0001652240753173828,20,1.0,inf,inf,inf,0.0,1.2567340220895322,-1.2195269534172852,0.3114218870821008
corn_starch,m5_rep7,m5_rep7,ORACLE,0.05,3,5,0.00011205673217773438,20,1.0,inf,inf,inf,0.0,1.2567340220895322,-1.2195269534172852,0.3114218870821008
corn_starch,m5_rep7,m5_rep7,ORACLE,0.1,3,5,9.560585021972656e-05,20,0.95,3.830733593966046,3.8307335939660447,4.093614550830312,1.0,1.2567340220895322,-1.2195269534172852,0.3114218870821008
corn_starch,m5_rep7,m5_rep7,ORACLE,0.2,3,5,8.749961853027344e-05,20,0.8,2.9393730292564957,2.939373029256494,3.5303591643313355,1.0,1.2567340220895322,-1.2195269534172852,0.3114218870821008
corn_starch,m5_rep8,m5_rep8,ASTM-R,0.05,3,6,0.014996767044067383,20,0.15,1.569519154324584,1.5609321091356279,17.52443062876185,1.0,1.1980159704865216,-1.148433526446166,0.34995142651695
corn_starch,m5_rep8,m5_rep8,ASTM-R,0.1,3,6,0.00012063980102539062,20,0.15,1.313847761850583,1.3066595283898224,11.468183946697039,1.0,1.1980159704865216,-1.148433526446166,0.34995142651695
corn_starch,m5_rep8,m5_rep8,ASTM-R,0.2,3,6,9.107589721679688e-05,20,0.05,1.0212340611921782,1.0156467556739273,7.424295991932721,1.0,1.1980159704865216,-1.148433526446166,0.34995142651695
corn_starch,m5_rep8,m5_rep8,ASTM-G,0.05,3,6,0.00011467933654785156,20,0.2,1.7009259057365351,1.691619916972158,15.455234037334998,1.0,1.1980159704865216,-1.148433526446166,0.34995142651695
corn_starch,m5_rep8,m5_rep8,ASTM-G,0.1,3,6,9.942054748535156e-05,20,0.15,1.4238486278858524,1.4160585652566695,10.641596905195277,1.0,1.1980159704865216,-1.148433526446166,0.34995142651695
corn_starch,m5_rep8,m5_rep8,ASTM-G,0.2,3,6,8.7738037109375e-05,20,0.1,1.1067360762792404,1.100680978019959,7.115031053305486,1.0,1.1980159704865216,-1.148433526446166,0.34995142651695
corn_starch,m5_rep8,m5_rep8,GPR,0.05,3,6,0.04109382629394531,20,0.5,1.7460056863105358,1.7860426965066125,14.21536782556414,1.0,1.1980159704865216,-1.148433526446166,0.34995142651695
corn_starch,m5_rep8,m5_rep8,GPR,0.1,3,6,0.0001068115234375,20,0.45,1.4652941627801066,1.4988942809214407,8.934169127313847,1.0,1.1980159704865216,-1.148433526446166,0.34995142651695
corn_starch,m5_rep8,m5_rep8,GPR,0.2,3,6,8.726119995117188e-05,20,0.3,1.1416517540071738,1.1678305478529936,5.721066872094212,1.0,1.1980159704865216,-1.148433526446166,0.34995142651695
corn_starch,m5_rep8,m5_rep8,BAG,0.05,3,6,0.044463396072387695,20,0.15,1.837672230779528,1.8168373887512885,24.144740602289158,1.0,1.1980159704865216,-1.148433526446166,0.34995142651695
corn_starch,m5_rep8,m5_rep8,BAG,0.1,3,6,0.0001342296600341797,20,0.0,1.542223151949931,1.52473800133113,15.32813008202495,1.0,1.1980159704865216,-1.148433526446166,0.34995142651695
corn_starch,m5_rep8,m5_rep8,BAG,0.2,3,6,8.535385131835938e-05,20,0.0,1.2015892857674164,1.187966114816433,9.797712081717497,1.0,1.1980159704865216,-1.148433526446166,0.34995142651695
corn_starch,m5_rep8,m5_rep8,QGB,0.05,3,6,0.03224611282348633,20,0.7,1.7456222321476749,1.8768232833755363,5.662945042180446,1.0,1.1980159704865216,-1.148433526446166,0.34995142651695
corn_starch,m5_rep8,m5_rep8,QGB,0.1,3,6,0.028194904327392578,20,0.2,1.307064777119145,1.3204198026361098,7.0836026721271,1.0,1.1980159704865216,-1.148433526446166,0.34995142651695
corn_starch,m5_rep8,m5_rep8,QGB,0.2,3,6,0.02893233299255371,20,0.15,0.9411537330709379,0.8838975391294213,5.888147924855045,1.0,1.1980159704865216,-1.148433526446166,0.34995142651695
corn_starch,m5_rep8,m5_rep8,SCP,0.05,3,6,3.0040740966796875e-05,20,0.1,2.8077031064686375,2.8077031064686366,17.941673048971367,1.0,1.1980159704865216,-1.148433526446166,0.34995142651695
corn_starch,m5_rep8,m5_rep8,SCP,0.1,3,6,1.1682510375976562e-05,20,0.0,1.6022962166943835,1.6022962166943842,20.776493373232682,1.0,1.1980159704865216,-1.148433526446166,0.34995142651695
corn_starch,m5_rep8,m5_rep8,SCP,0.2,3,6,9.298324584960938e-06,20,0.0,0.6955159523633085,0.6955159523633085,14.81651585228783,1.0,1.1980159704865216,-1.148433526446166,0.34995142651695
corn_starch,m5_rep8,m5_rep8,NCP-kNN,0.05,3,6,0.007443666458129883,20,0.15,2.8348426304810883,2.8737006860848737,18.32258622097842,1.0,1.1980159704865216,-1.148433526446166,0.34995142651695
corn_starch,m5_rep8,m5_rep8,NCP-kNN,0.1,3,6,1.7881393432617188e-05,20,0.0,1.6788710299865646,1.7018838290510843,20.087320053603044,1.0,1.1980159704865216,-1.148433526446166,0.34995142651695
corn_starch,m5_rep8,m5_rep8,NCP-kNN,0.2,3,6,1.3589859008789062e-05,20,0.0,0.7707324452614518,0.7812971107887634,14.515649880695253,1.0,1.1980159704865216,-1.148433526446166,0.34995142651695
corn_starch,m5_rep8,m5_rep8,CV+,0.05,3,6,0.005133390426635742,20,0.15,2.0648377468332137,2.064758915304548,20.639309856420745,1.0,1.1980159704865216,-1.148433526446166,0.34995142651695
corn_starch,m5_rep8,m5_rep8,CV+,0.1,3,6,0.004368782043457031,20,0.05,1.4898319367416932,1.4766081282623738,14.258446819232656,1.0,1.1980159704865216,-1.148433526446166,0.34995142651695
corn_starch,m5_rep8,m5_rep8,CV+,0.2,3,6,0.004317522048950195,20,0.0,1.1388944905153617,1.1307947362133284,9.556325789830794,1.0,1.1980159704865216,-1.148433526446166,0.34995142651695
corn_starch,m5_rep8,m5_rep8,CQR,0.05,3,6,2.9325485229492188e-05,20,1.0,3.8437774917270318,3.9749785429548936,3.8437774917270318,1.0,1.1980159704865216,-1.148433526446166,0.34995142651695
corn_starch,m5_rep8,m5_rep8,CQR,0.1,3,6,1.4781951904296875e-05,20,0.75,2.2343756904090033,2.247730715925968,4.1227965167928255,1.0,1.1980159704865216,-1.148433526446166,0.34995142651695
corn_starch,m5_rep8,m5_rep8,CQR,0.2,3,6,1.239776611328125e-05,20,0.35,1.4767734884551131,1.4195172945135965,4.3824965436210634,1.0,1.1980159704865216,-1.148433526446166,0.34995142651695
corn_starch,m5_rep8,m5_rep8,WCP,0.05,3,6,0.0035822391510009766,20,1.0,inf,inf,inf,0.0,1.1980159704865216,-1.148433526446166,0.34995142651695
corn_starch,m5_rep8,m5_rep8,WCP,0.1,3,6,0.00010704994201660156,20,1.0,inf,inf,inf,0.0,1.1980159704865216,-1.148433526446166,0.34995142651695
corn_starch,m5_rep8,m5_rep8,WCP,0.2,3,6,8.726119995117188e-05,20,1.0,inf,inf,inf,0.0,1.1980159704865216,-1.148433526446166,0.34995142651695
corn_starch,m5_rep8,m5_rep8,R-U-A,0.05,3,6,7.82012939453125e-05,20,0.15,1.4705379494086805,1.4705379494086799,19.153233144928198,1.0,1.1980159704865216,-1.148433526446166,0.34995142651695
corn_starch,m5_rep8,m5_rep8,R-U-A,0.1,3,6,4.3392181396484375e-05,20,0.1,1.1903734682818203,1.1903734682818197,12.45357705235633,1.0,1.1980159704865216,-1.148433526446166,0.34995142651695
corn_starch,m5_rep8,m5_rep8,R-U-A,0.2,3,6,5.5789947509765625e-05,20,0.0,0.8392026462933309,0.8392026462933302,8.127524679288332,1.0,1.1980159704865216,-1.148433526446166,0.34995142651695
corn_starch,m5_rep8,m5_rep8,R-U-D,0.05,3,6,0.0032126903533935547,20,0.3,1.9511165334791998,1.9556347023171305,11.966850811430268,1.0,1.1980159704865216,-1.148433526446166,0.34995142651695
corn_starch,m5_rep8,m5_rep8,R-U-D,0.1,3,6,0.00040459632873535156,20,0.15,1.621150578322495,1.624904650362211,9.213511877953398,1.0,1.1980159704865216,-1.148433526446166,0.34995142651695
corn_starch,m5_rep8,m5_rep8,R-U-D,0.2,3,6,0.0003674030303955078,20,0.1,1.1699076744861863,1.1726168106691972,6.904696096691954,1.0,1.1980159704865216,-1.148433526446166,0.34995142651695
corn_starch,m5_rep8,m5_rep8,G-U-A,0.05,3,6,4.124641418457031e-05,20,0.15,1.5173605719514278,1.5173605719514285,18.404071184244273,1.0,1.1980159704865216,-1.148433526446166,0.34995142651695
corn_starch,m5_rep8,m5_rep8,G-U-A,0.1,3,6,3.6716461181640625e-05,20,0.15,1.3226721317710435,1.3226721317710428,11.420879179450715,1.0,1.1980159704865216,-1.148433526446166,0.34995142651695
corn_starch,m5_rep8,m5_rep8,G-U-A,0.2,3,6,3.361701965332031e-05,20,0.0,0.836214615769449,0.8362146157694497,8.139476801383868,1.0,1.1980159704865216,-1.148433526446166,0.34995142651695
corn_starch,m5_rep8,m5_rep8,G-W-A,0.05,3,6,9.799003601074219e-05,20,0.15,1.5173605719514278,1.5173605719514285,18.404071184244273,1.0,1.1980159704865216,-1.148433526446166,0.34995142651695
corn_starch,m5_rep8,m5_rep8,G-W-A,0.1,3,6,7.414817810058594e-05,20,0.15,1.3226721317710435,1.3226721317710428,11.420879179450715,1.0,1.1980159704865216,-1.148433526446166,0.34995142651695
corn_starch,m5_rep8,m5_rep8,G-W-A,0.2,3,6,0.00011277198791503906,20,0.0,0.836214615769449,0.8362146157694497,8.139476801383868,1.0,1.1980159704865216,-1.148433526446166,0.34995142651695
corn_starch,m5_rep8,m5_rep8,G-U-D,0.05,3,6,0.0037338733673095703,20,0.05,1.0205076469638854,0.9946512755012904,26.564856349856406,1.0,1.1980159704865216,-1.148433526446166,0.34995142651695
corn_starch,m5_rep8,m5_rep8,G-U-D,0.1,3,6,0.00041031837463378906,20,0.0,0.9173886158273042,0.8941449479361765,14.712172986477588,1.0,1.1980159704865216,-1.148433526446166,0.34995142651695
corn_starch,m5_rep8,m5_rep8,G-U-D,0.2,3,6,0.00034928321838378906,20,0.0,0.6649525960473468,0.6481048425007927,8.824524880272268,1.0,1.1980159704865216,-1.148433526446166,0.34995142651695
corn_starch,m5_rep8,m5_rep8,GC-D,0.05,3,6,0.0004241466522216797,20,0.05,1.0205076469638854,0.9946512755012904,26.564856349856406,1.0,1.1980159704865216,-1.148433526446166,0.34995142651695
corn_starch,m5_rep8,m5_rep8,GC-D,0.1,3,6,0.000396728515625,20,0.0,0.9173886158273042,0.8941449479361765,14.712172986477588,1.0,1.1980159704865216,-1.148433526446166,0.34995142651695
corn_starch,m5_rep8,m5_rep8,GC-D,0.2,3,6,0.0004100799560546875,20,0.0,0.6649525960473468,0.6481048425007927,8.824524880272268,1.0,1.1980159704865216,-1.148433526446166,0.34995142651695
corn_starch,m5_rep8,m5_rep8,GC-D+,0.05,3,6,0.00037598609924316406,20,1.0,inf,inf,inf,0.0,1.1980159704865216,-1.148433526446166,0.34995142651695
corn_starch,m5_rep8,m5_rep8,GC-D+,0.1,3,6,0.00041413307189941406,20,1.0,inf,inf,inf,0.0,1.1980159704865216,-1.148433526446166,0.34995142651695
corn_starch,m5_rep8,m5_rep8,GC-D+,0.2,3,6,0.00043654441833496094,20,1.0,inf,inf,inf,0.0,1.1980159704865216,-1.148433526446166,0.34995142651695
corn_starch,m5_rep8,m5_rep8,HJ+,0.05,3,6,0.001558542251586914,20,1.0,inf,inf,inf,0.0,1.1980159704865216,-1.148433526446166,0.34995142651695
corn_starch,m5_rep8,m5_rep8,HJ+,0.1,3,6,0.0004189014434814453,20,1.0,inf,inf,inf,0.0,1.1980159704865216,-1.148433526446166,0.34995142651695
corn_starch,m5_rep8,m5_rep8,HJ+,0.2,3,6,0.0003323554992675781,20,1.0,inf,inf,inf,0.0,1.1980159704865216,-1.148433526446166,0.34995142651695
corn_starch,m5_rep8,m5_rep8,HJ+-D,0.05,3,6,0.0021109580993652344,20,1.0,inf,inf,inf,0.0,1.1980159704865216,-1.148433526446166,0.34995142651695
corn_starch,m5_rep8,m5_rep8,HJ+-D,0.1,3,6,0.0020012855529785156,20,1.0,inf,inf,inf,0.0,1.1980159704865216,-1.148433526446166,0.34995142651695
corn_starch,m5_rep8,m5_rep8,HJ+-D,0.2,3,6,0.002063751220703125,20,1.0,inf,inf,inf,0.0,1.1980159704865216,-1.148433526446166,0.34995142651695
corn_starch,m5_rep8,m5_rep8,HCP-D,0.05,3,6,0.00025653839111328125,20,1.0,inf,inf,inf,0.0,1.1980159704865216,-1.148433526446166,0.34995142651695
corn_starch,m5_rep8,m5_rep8,HCP-D,0.1,3,6,0.0002524852752685547,20,1.0,inf,inf,inf,0.0,1.1980159704865216,-1.148433526446166,0.34995142651695
corn_starch,m5_rep8,m5_rep8,HCP-D,0.2,3,6,0.00017070770263671875,20,1.0,inf,inf,inf,0.0,1.1980159704865216,-1.148433526446166,0.34995142651695
corn_starch,m5_rep8,m5_rep8,HCP-A,0.05,3,6,0.00015473365783691406,20,1.0,inf,inf,inf,0.0,1.1980159704865216,-1.148433526446166,0.34995142651695
corn_starch,m5_rep8,m5_rep8,HCP-A,0.1,3,6,0.000133514404296875,20,1.0,inf,inf,inf,0.0,1.1980159704865216,-1.148433526446166,0.34995142651695
corn_starch,m5_rep8,m5_rep8,HCP-A,0.2,3,6,0.00017952919006347656,20,1.0,inf,inf,inf,0.0,1.1980159704865216,-1.148433526446166,0.34995142651695
corn_starch,m5_rep8,m5_rep8,ORACLE,0.05,3,6,0.00013208389282226562,20,1.0,inf,inf,inf,0.0,1.1980159704865216,-1.148433526446166,0.34995142651695
corn_starch,m5_rep8,m5_rep8,ORACLE,0.1,3,6,0.00010037422180175781,20,0.9,3.2215210871382483,3.2215210871382496,3.404146052738588,1.0,1.1980159704865216,-1.148433526446166,0.34995142651695
corn_starch,m5_rep8,m5_rep8,ORACLE,0.2,3,6,9.131431579589844e-05,20,0.9,3.0985375344509256,3.09853753445093,3.2605049864168256,1.0,1.1980159704865216,-1.148433526446166,0.34995142651695
corn_starch,m5_rep9,m5_rep9,ASTM-R,0.05,3,5,0.014487028121948242,20,0.15,1.7700076968106644,1.751247444087248,15.961686682151328,1.0,1.2553967599295912,-1.219675503049968,0.3050671920836683
corn_starch,m5_rep9,m5_rep9,ASTM-R,0.1,3,5,0.0001735687255859375,20,0.05,1.4817103590463117,1.4660057602195984,11.160760942582131,1.0,1.2553967599295912,-1.219675503049968,0.3050671920836683
corn_starch,m5_rep9,m5_rep9,ASTM-R,0.2,3,5,0.00020051002502441406,20,0.0,1.1517352184784506,1.1395280151945144,7.589814156585878,1.0,1.2553967599295912,-1.219675503049968,0.3050671920836683
corn_starch,m5_rep9,m5_rep9,ASTM-G,0.05,3,5,0.00016760826110839844,20,0.25,1.972579875865956,1.9516725673525315,12.844571002543697,1.0,1.2553967599295912,-1.219675503049968,0.3050671920836683
corn_starch,m5_rep9,m5_rep9,ASTM-G,0.1,3,5,0.00014543533325195312,20,0.1,1.6512877550664817,1.6337858110580221,9.77543603285467,1.0,1.2553967599295912,-1.219675503049968,0.3050671920836683
corn_starch,m5_rep9,m5_rep9,ASTM-G,0.2,3,5,0.0001862049102783203,20,0.05,1.2835479294188044,1.2699436475945518,7.064862521030608,1.0,1.2553967599295912,-1.219675503049968,0.3050671920836683
corn_starch,m5_rep9,m5_rep9,GPR,0.05,3,5,0.06658744812011719,20,0.15,1.4964045829161758,1.3578549734090686,20.226620940835595,1.0,1.2553967599295912,-1.219675503049968,0.3050671920836683
corn_starch,m5_rep9,m5_rep9,GPR,0.1,3,5,0.00015735626220703125,20,0.15,1.2558223135789341,1.1395478159309818,12.495563061148186,1.0,1.2553967599295912,-1.219675503049968,0.3050671920836683
corn_starch,m5_rep9,m5_rep9,GPR,0.2,3,5,0.00012612342834472656,20,0.05,0.9784463648572472,0.8878536445981098,7.765908215951963,1.0,1.2553967599295912,-1.219675503049968,0.3050671920836683
corn_starch,m5_rep9,m5_rep9,BAG,0.05,3,5,0.05595278739929199,20,0.3,1.9952410727879077,1.959287644757822,10.237679217516845,1.0,1.2553967599295912,-1.219675503049968,0.3050671920836683
corn_starch,m5_rep9,m5_rep9,BAG,0.1,3,5,0.00013375282287597656,20,0.15,1.6744590926694491,1.6442860247135584,8.296856136956112,1.0,1.2553967599295912,-1.219675503049968,0.3050671920836683
corn_starch,m5_rep9,m5_rep9,BAG,0.2,3,5,7.796287536621094e-05,20,0.1,1.3046180137183918,1.2811093307313044,6.252459129396374,1.0,1.2553967599295912,-1.219675503049968,0.3050671920836683
corn_starch,m5_rep9,m5_rep9,QGB,0.05,3,5,0.04116225242614746,20,0.9,2.036839917891798,2.18191749095703,3.260893503022005,1.0,1.2553967599295912,-1.219675503049968,0.3050671920836683
corn_starch,m5_rep9,m5_rep9,QGB,0.1,3,5,0.042816877365112305,20,0.85,1.7916501479339,1.9122962116768143,2.7061905625457636,1.0,1.2553967599295912,-1.219675503049968,0.3050671920836683
corn_starch,m5_rep9,m5_rep9,QGB,0.2,3,5,0.044732093811035156,20,0.75,1.4221022421366758,1.5078364819540901,2.2449697337950756,1.0,1.2553967599295912,-1.219675503049968,0.3050671920836683
corn_starch,m5_rep9,m5_rep9,SCP,0.05,3,5,3.886222839355469e-05,20,0.1,1.0957671469299726,1.0957671469299726,19.055973075816084,1.0,1.2553967599295912,-1.219675503049968,0.3050671920836683
corn_starch,m5_rep9,m5_rep9,SCP,0.1,3,5,1.6450881958007812e-05,20,0.1,0.903020533517093,0.9030205335170933,11.61784301867607,1.0,1.2553967599295912,-1.219675503049968,0.3050671920836683
corn_starch,m5_rep9,m5_rep9,SCP,0.2,3,5,1.3589859008789062e-05,20,0.05,0.7150328860238769,0.7150328860238773,6.963158680842552,1.0,1.2553967599295912,-1.219675503049968,0.3050671920836683
corn_starch,m5_rep9,m5_rep9,NCP-kNN,0.05,3,5,0.009948968887329102,20,0.2,1.4737458970355157,1.4676081949988493,12.685710554100726,1.0,1.2553967599295912,-1.219675503049968,0.3050671920836683
corn_starch,m5_rep9,m5_rep9,NCP-kNN,0.1,3,5,2.6464462280273438e-05,20,0.1,1.0434404890991629,1.0390948778048639,10.355875677002254,1.0,1.2553967599295912,-1.219675503049968,0.3050671920836683
corn_starch,m5_rep9,m5_rep9,NCP-kNN,0.2,3,5,2.288818359375e-05,20,0.05,0.9208180598898157,0.9169831336023506,6.159365934145471,1.0,1.2553967599295912,-1.219675503049968,0.3050671920836683
corn_starch,m5_rep9,m5_rep9,CV+,0.05,3,5,0.009384393692016602,20,0.45,2.0614694312685877,2.0582578586885987,9.386149141400164,1.0,1.2553967599295912,-1.219675503049968,0.3050671920836683
corn_starch,m5_rep9,m5_rep9,CV+,0.1,3,5,0.008349418640136719,20,0.05,1.5662801398714632,1.562067120432129,10.641905722098189,1.0,1.2553967599295912,-1.219675503049968,0.3050671920836683
corn_starch,m5_rep9,m5_rep9,CV+,0.2,3,5,0.00818014144897461,20,0.0,1.1331544200884784,1.130810747547855,7.917179257343184,1.0,1.2553967599295912,-1.219675503049968,0.3050671920836683
corn_starch,m5_rep9,m5_rep9,CQR,0.05,3,5,3.743171691894531e-05,20,0.9,2.294010336244186,2.4390879093094178,3.0037230846696175,1.0,1.2553967599295912,-1.219675503049968,0.3050671920836683
corn_starch,m5_rep9,m5_rep9,CQR,0.1,3,5,2.09808349609375e-05,20,0.9,1.9988178048806229,2.119463868623537,2.6900136749258006,1.0,1.2553967599295912,-1.219675503049968,0.3050671920836683
corn_starch,m5_rep9,m5_rep9,CQR,0.2,3,5,2.09808349609375e-05,20,0.8,1.7281144113062812,1.8138486511236955,2.2211716253439935,1.0,1.2553967599295912,-1.219675503049968,0.3050671920836683
corn_starch,m5_rep9,m5_rep9,WCP,0.05,3,5,0.0054891109466552734,20,1.0,inf,inf,inf,0.0,1.2553967599295912,-1.219675503049968,0.3050671920836683
corn_starch,m5_rep9,m5_rep9,WCP,0.1,3,5,0.00016880035400390625,20,1.0,inf,inf,inf,0.0,1.2553967599295912,-1.219675503049968,0.3050671920836683
corn_starch,m5_rep9,m5_rep9,WCP,0.2,3,5,0.0001766681671142578,20,1.0,inf,inf,inf,0.0,1.2553967599295912,-1.219675503049968,0.3050671920836683
corn_starch,m5_rep9,m5_rep9,R-U-A,0.05,3,5,8.153915405273438e-05,20,0.15,1.8983535495072197,1.8983535495072204,13.986289426367108,1.0,1.2553967599295912,-1.219675503049968,0.3050671920836683
corn_starch,m5_rep9,m5_rep9,R-U-A,0.1,3,5,6.0558319091796875e-05,20,0.05,1.333853929595619,1.3338539295956195,12.425283423307398,1.0,1.2553967599295912,-1.219675503049968,0.3050671920836683
corn_starch,m5_rep9,m5_rep9,R-U-A,0.2,3,5,5.6743621826171875e-05,20,0.0,1.008197997634141,1.0081979976341415,8.163963039963118,1.0,1.2553967599295912,-1.219675503049968,0.3050671920836683
corn_starch,m5_rep9,m5_rep9,R-U-D,0.05,3,5,0.0037717819213867188,20,0.7,2.8738686831471574,2.749883594176019,4.876473329452471,1.0,1.2553967599295912,-1.219675503049968,0.3050671920836683
corn_starch,m5_rep9,m5_rep9,R-U-D,0.1,3,5,0.00040602684020996094,20,0.3,2.15835464321698,2.065238421853145,6.396036548159911,1.0,1.2553967599295912,-1.219675503049968,0.3050671920836683
corn_starch,m5_rep9,m5_rep9,R-U-D,0.2,3,5,0.0003514289855957031,20,0.05,1.593954069548466,1.5251873446497974,5.889213199340026,1.0,1.2553967599295912,-1.219675503049968,0.3050671920836683
corn_starch,m5_rep9,m5_rep9,G-U-A,0.05,3,5,4.076957702636719e-05,20,0.25,2.129997563707077,2.1299975637070787,10.634311019638758,1.0,1.2553967599295912,-1.219675503049968,0.3050671920836683
corn_starch,m5_rep9,m5_rep9,G-U-A,0.1,3,5,3.886222839355469e-05,20,0.1,1.5051427871046035,1.505142787104603,10.972170575088093,1.0,1.2553967599295912,-1.219675503049968,0.3050671920836683
corn_starch,m5_rep9,m5_rep9,G-U-A,0.2,3,5,3.361701965332031e-05,20,0.0,1.1133614847597646,1.1133614847597642,7.743309091460621,1.0,1.2553967599295912,-1.219675503049968,0.3050671920836683
corn_starch,m5_rep9,m5_rep9,G-W-A,0.05,3,5,9.655952453613281e-05,20,0.25,2.129997563707077,2.1299975637070787,10.634311019638758,1.0,1.2553967599295912,-1.219675503049968,0.3050671920836683
corn_starch,m5_rep9,m5_rep9,G-W-A,0.1,3,5,7.271766662597656e-05,20,0.1,1.5051427871046035,1.505142787104603,10.972170575088093,1.0,1.2553967599295912,-1.219675503049968,0.3050671920836683
corn_starch,m5_rep9,m5_rep9,G-W-A,0.2,3,5,6.818771362304688e-05,20,0.0,1.1133614847597646,1.1133614847597642,7.743309091460621,1.0,1.2553967599295912,-1.219675503049968,0.3050671920836683
corn_starch,m5_rep9,m5_rep9,G-U-D,0.05,3,5,0.0034694671630859375,20,0.55,2.5825399869745898,2.4880403798481403,6.362782301967735,1.0,1.2553967599295912,-1.219675503049968,0.3050671920836683
corn_starch,m5_rep9,m5_rep9,G-U-D,0.1,3,5,0.00042438507080078125,20,0.35,2.2287603892695658,2.147206189827454,6.064300821631518,1.0,1.2553967599295912,-1.219675503049968,0.3050671920836683
corn_starch,m5_rep9,m5_rep9,G-U-D,0.2,3,5,0.0003695487976074219,20,0.1,1.585557401099828,1.5275391120370898,5.9376458978025015,1.0,1.2553967599295912,-1.219675503049968,0.3050671920836683
corn_starch,m5_rep9,m5_rep9,GC-D,0.05,3,5,0.0003998279571533203,20,0.55,2.5825399869745898,2.4880403798481403,6.362782301967735,1.0,1.2553967599295912,-1.219675503049968,0.3050671920836683
corn_starch,m5_rep9,m5_rep9,GC-D,0.1,3,5,0.00042629241943359375,20,0.35,2.2287603892695658,2.147206189827454,6.064300821631518,1.0,1.2553967599295912,-1.219675503049968,0.3050671920836683
corn_starch,m5_rep9,m5_rep9,GC-D,0.2,3,5,0.0004131793975830078,20,0.1,1.585557401099828,1.5275391120370898,5.9376458978025015,1.0,1.2553967599295912,-1.219675503049968,0.3050671920836683
corn_starch,m5_rep9,m5_rep9,GC-D+,0.05,3,5,0.0004734992980957031,20,1.0,inf,inf,inf,0.0,1.2553967599295912,-1.219675503049968,0.3050671920836683
corn_starch,m5_rep9,m5_rep9,GC-D+,0.1,3,5,0.0004961490631103516,20,1.0,inf,inf,inf,0.0,1.2553967599295912,-1.219675503049968,0.3050671920836683
corn_starch,m5_rep9,m5_rep9,GC-D+,0.2,3,5,0.00044035911560058594,20,1.0,inf,inf,inf,0.0,1.2553967599295912,-1.219675503049968,0.3050671920836683
corn_starch,m5_rep9,m5_rep9,HJ+,0.05,3,5,0.001638650894165039,20,1.0,inf,inf,inf,0.0,1.2553967599295912,-1.219675503049968,0.3050671920836683
corn_starch,m5_rep9,m5_rep9,HJ+,0.1,3,5,0.0004177093505859375,20,1.0,inf,inf,inf,0.0,1.2553967599295912,-1.219675503049968,0.3050671920836683
corn_starch,m5_rep9,m5_rep9,HJ+,0.2,3,5,0.0003402233123779297,20,1.0,inf,inf,inf,0.0,1.2553967599295912,-1.219675503049968,0.3050671920836683
corn_starch,m5_rep9,m5_rep9,HJ+-D,0.05,3,5,0.0022735595703125,20,1.0,inf,inf,inf,0.0,1.2553967599295912,-1.219675503049968,0.3050671920836683
corn_starch,m5_rep9,m5_rep9,HJ+-D,0.1,3,5,0.0020470619201660156,20,1.0,inf,inf,inf,0.0,1.2553967599295912,-1.219675503049968,0.3050671920836683
corn_starch,m5_rep9,m5_rep9,HJ+-D,0.2,3,5,0.0020477771759033203,20,1.0,inf,inf,inf,0.0,1.2553967599295912,-1.219675503049968,0.3050671920836683
corn_starch,m5_rep9,m5_rep9,HCP-D,0.05,3,5,0.0002574920654296875,20,1.0,inf,inf,inf,0.0,1.2553967599295912,-1.219675503049968,0.3050671920836683
corn_starch,m5_rep9,m5_rep9,HCP-D,0.1,3,5,0.0001766681671142578,20,1.0,inf,inf,inf,0.0,1.2553967599295912,-1.219675503049968,0.3050671920836683
corn_starch,m5_rep9,m5_rep9,HCP-D,0.2,3,5,0.00014972686767578125,20,1.0,inf,inf,inf,0.0,1.2553967599295912,-1.219675503049968,0.3050671920836683
corn_starch,m5_rep9,m5_rep9,HCP-A,0.05,3,5,0.0001399517059326172,20,1.0,inf,inf,inf,0.0,1.2553967599295912,-1.219675503049968,0.3050671920836683
corn_starch,m5_rep9,m5_rep9,HCP-A,0.1,3,5,0.00012969970703125,20,1.0,inf,inf,inf,0.0,1.2553967599295912,-1.219675503049968,0.3050671920836683
corn_starch,m5_rep9,m5_rep9,HCP-A,0.2,3,5,0.00014209747314453125,20,1.0,inf,inf,inf,0.0,1.2553967599295912,-1.219675503049968,0.3050671920836683
corn_starch,m5_rep9,m5_rep9,ORACLE,0.05,3,5,0.00011014938354492188,20,1.0,inf,inf,inf,0.0,1.2553967599295912,-1.219675503049968,0.3050671920836683
corn_starch,m5_rep9,m5_rep9,ORACLE,0.1,3,5,9.012222290039062e-05,20,0.8,3.1885718470225393,3.1885718470225406,3.4629417679423775,1.0,1.2553967599295912,-1.219675503049968,0.3050671920836683
corn_starch,m5_rep9,m5_rep9,ORACLE,0.2,3,5,0.00013375282287597656,20,0.7,2.982153501063714,2.9821535010637135,3.663288351434635,1.0,1.2553967599295912,-1.219675503049968,0.3050671920836683
corn_starch,mp5_rep0,mp5_rep0,ASTM-R,0.05,3,1,0.01538848876953125,20,0.95,3.117485450830173,3.1095753743881467,4.309058958417012,1.0,0.9154783470627262,-0.11633317611810803,0.9316466441482011
corn_starch,mp5_rep0,mp5_rep0,ASTM-R,0.1,3,1,0.00011491775512695312,20,0.9,2.609936142089725,2.6033138836322713,3.619957654756621,1.0,0.9154783470627262,-0.11633317611810803,0.9316466441482011
corn_starch,mp5_rep0,mp5_rep0,ASTM-R,0.2,3,1,0.00011086463928222656,20,0.65,2.0288689628552965,2.023721061176147,3.2413554663021578,1.0,0.9154783470627262,-0.11633317611810803,0.9316466441482011
corn_starch,mp5_rep0,mp5_rep0,ASTM-G,0.05,3,1,0.00011706352233886719,20,0.95,3.3177974769711627,3.3093791436458204,4.30786226708575,1.0,0.9154783470627262,-0.11633317611810803,0.9316466441482011
corn_starch,mp5_rep0,mp5_rep0,ASTM-G,0.1,3,1,0.00010466575622558594,20,0.9,2.7776359132566966,2.7705881458337167,3.619797995042633,1.0,0.9154783470627262,-0.11633317611810803,0.9316466441482011
corn_starch,mp5_rep0,mp5_rep0,ASTM-G,0.2,3,1,9.369850158691406e-05,20,0.7,2.1592326354799396,2.153753958683481,3.169871252198449,1.0,0.9154783470627262,-0.11633317611810803,0.9316466441482011
corn_starch,mp5_rep0,mp5_rep0,GPR,0.05,3,1,0.027971982955932617,20,0.9,2.910121346586183,2.9014565860470327,3.9716269404066677,1.0,0.9154783470627262,-0.11633317611810803,0.9316466441482011
corn_starch,mp5_rep0,mp5_rep0,GPR,0.1,3,1,0.0001385211944580078,20,0.75,2.4422508217284857,2.434979125456561,3.7040880321571166,1.0,0.9154783470627262,-0.11633317611810803,0.9316466441482011
corn_starch,mp5_rep0,mp5_rep0,GPR,0.2,3,1,9.775161743164062e-05,20,0.7,1.9028260708155216,1.8971604884264508,3.3153120893354497,1.0,0.9154783470627262,-0.11633317611810803,0.9316466441482011
corn_starch,mp5_rep0,mp5_rep0,BAG,0.05,3,1,0.018814802169799805,20,1.0,3.2433963969764776,3.07822379176093,3.2433963969764776,1.0,0.9154783470627262,-0.11633317611810803,0.9316466441482011
corn_starch,mp5_rep0,mp5_rep0,BAG,0.1,3,1,9.036064147949219e-05,20,0.9,2.7219440608547956,2.583326840893182,3.0198613046571268,1.0,0.9154783470627262,-0.11633317611810803,0.9316466441482011
corn_starch,mp5_rep0,mp5_rep0,BAG,0.2,3,1,7.462501525878906e-05,20,0.75,2.120742913142024,2.012742351668063,2.887624797735132,1.0,0.9154783470627262,-0.11633317611810803,0.9316466441482011
corn_starch,mp5_rep0,mp5_rep0,QGB,0.05,3,1,0.02989363670349121,20,0.75,1.939853189344375,1.975970259320178,4.793502641332436,1.0,0.9154783470627262,-0.11633317611810803,0.9316466441482011
corn_starch,mp5_rep0,mp5_rep0,QGB,0.1,3,1,0.026117563247680664,20,0.7,1.720531289321277,1.678227699162143,3.746728942035458,1.0,0.9154783470627262,-0.11633317611810803,0.9316466441482011
corn_starch,mp5_rep0,mp5_rep0,QGB,0.2,3,1,0.025780677795410156,20,0.6,1.4294416375457986,1.4321246798476892,3.442393401117228,1.0,0.9154783470627262,-0.11633317611810803,0.9316466441482011
corn_starch,mp5_rep0,mp5_rep0,SCP,0.05,3,1,2.86102294921875e-05,20,0.95,3.3625777591143278,3.3625777591143233,4.18838743545997,1.0,0.9154783470627262,-0.11633317611810803,0.9316466441482011
corn_starch,mp5_rep0,mp5_rep0,SCP,0.1,3,1,1.049041748046875e-05,20,0.95,2.663763685244135,2.6637636852441346,3.4260755603520607,1.0,0.9154783470627262,-0.11633317611810803,0.9316466441482011
corn_starch,mp5_rep0,mp5_rep0,SCP,0.2,3,1,8.58306884765625e-06,20,0.8,1.9901690713169553,1.9901690713169558,2.72268507742077,1.0,0.9154783470627262,-0.11633317611810803,0.9316466441482011
corn_starch,mp5_rep0,mp5_rep0,NCP-kNN,0.05,3,1,0.004543781280517578,20,0.95,3.178103881911153,2.9957676302779674,3.719626682621123,1.0,0.9154783470627262,-0.11633317611810803,0.9316466441482011
corn_starch,mp5_rep0,mp5_rep0,NCP-kNN,0.1,3,1,1.5735626220703125e-05,20,0.85,2.262124153612298,2.1323400892064086,3.240927487032792,1.0,0.9154783470627262,-0.11633317611810803,0.9316466441482011
corn_starch,mp5_rep0,mp5_rep0,NCP-kNN,0.2,3,1,1.2159347534179688e-05,20,0.8,2.041623756956834,1.9244903853236544,2.705196690176009,1.0,0.9154783470627262,-0.11633317611810803,0.9316466441482011
corn_starch,mp5_rep0,mp5_rep0,CV+,0.05,3,1,0.005063533782958984,20,0.95,3.2444153297070457,3.2394836581466535,4.216189430435584,1.0,0.9154783470627262,-0.11633317611810803,0.9316466441482011
corn_starch,mp5_rep0,mp5_rep0,CV+,0.1,3,1,0.0043294429779052734,20,0.9,2.7060337500283835,2.7144379147520254,3.5324620177603037,1.0,0.9154783470627262,-0.11633317611810803,0.9316466441482011
corn_starch,mp5_rep0,mp5_rep0,CV+,0.2,3,1,0.0043621063232421875,20,0.7,2.172733861845489,2.157616129264156,3.002461236390739,1.0,0.9154783470627262,-0.11633317611810803,0.9316466441482011
corn_starch,mp5_rep0,mp5_rep0,CQR,0.05,3,1,2.4318695068359375e-05,20,0.95,3.359855683998761,3.3959727539745614,3.953149686334273,1.0,0.9154783470627262,-0.11633317611810803,0.9316466441482011
corn_starch,mp5_rep0,mp5_rep0,CQR,0.1,3,1,1.4066696166992188e-05,20,0.95,2.5471548162436384,2.5048512260845044,3.287210070304956,1.0,0.9154783470627262,-0.11633317611810803,0.9316466441482011
corn_starch,mp5_rep0,mp5_rep0,CQR,0.2,3,1,1.1682510375976562e-05,20,0.8,2.172584716279309,2.1752677585811995,3.0257392415245215,1.0,0.9154783470627262,-0.11633317611810803,0.9316466441482011
corn_starch,mp5_rep0,mp5_rep0,WCP,0.05,3,1,0.002732992172241211,20,1.0,inf,3.3625777591143304,inf,0.55,0.9154783470627262,-0.11633317611810803,0.9316466441482011
corn_starch,mp5_rep0,mp5_rep0,WCP,0.1,3,1,0.00010800361633300781,20,1.0,inf,2.6637636852441346,inf,0.75,0.9154783470627262,-0.11633317611810803,0.9316466441482011
corn_starch,mp5_rep0,mp5_rep0,WCP,0.2,3,1,7.700920104980469e-05,20,0.85,inf,2.4673485783367823,inf,0.9,0.9154783470627262,-0.11633317611810803,0.9316466441482011
corn_starch,mp5_rep0,mp5_rep0,R-U-A,0.05,3,1,5.078315734863281e-05,20,0.95,3.160026888071542,3.160026888071542,4.327683241173503,1.0,0.9154783470627262,-0.11633317611810803,0.9316466441482011
corn_starch,mp5_rep0,mp5_rep0,R-U-A,0.1,3,1,3.409385681152344e-05,20,0.9,2.5820219606742114,2.5820219606742114,3.6224424623093867,1.0,0.9154783470627262,-0.11633317611810803,0.9316466441482011
corn_starch,mp5_rep0,mp5_rep0,R-U-A,0.2,3,1,4.124641418457031e-05,20,0.7,2.095313432031901,2.095313432031901,3.210624965399223,1.0,0.9154783470627262,-0.11633317611810803,0.9316466441482011
corn_starch,mp5_rep0,mp5_rep0,R-U-D,0.05,3,1,0.0026793479919433594,20,0.95,3.1470929611945744,3.142514360565116,4.3262782812482214,1.0,0.9154783470627262,-0.11633317611810803,0.9316466441482011
corn_starch,mp5_rep0,mp5_rep0,R-U-D,0.1,3,1,0.0004029273986816406,20,0.9,2.5985575582690155,2.5947770035098507,3.623640289526854,1.0,0.9154783470627262,-0.11633317611810803,0.9316466441482011
corn_starch,mp5_rep0,mp5_rep0,R-U-D,0.2,3,1,0.0003612041473388672,20,0.7,2.090740142225816,2.0876983940953124,3.210136426432527,1.0,0.9154783470627262,-0.11633317611810803,0.9316466441482011
corn_starch,mp5_rep0,mp5_rep0,G-U-A,0.05,3,1,4.649162292480469e-05,20,0.95,3.0854404520183607,3.0854404520183607,4.327683241173503,1.0,0.9154783470627262,-0.11633317611810803,0.9316466441482011
corn_starch,mp5_rep0,mp5_rep0,G-U-A,0.1,3,1,3.528594970703125e-05,20,0.9,2.7339762753843218,2.7339762753843218,3.6224424623093867,1.0,0.9154783470627262,-0.11633317611810803,0.9316466441482011
corn_starch,mp5_rep0,mp5_rep0,G-U-A,0.2,3,1,3.361701965332031e-05,20,0.7,2.206785074623538,2.2067850746235322,3.154889144103399,1.0,0.9154783470627262,-0.11633317611810803,0.9316466441482011
corn_starch,mp5_rep0,mp5_rep0,G-W-A,0.05,3,1,9.751319885253906e-05,20,0.95,3.0854404520183607,3.0854404520183607,4.327683241173503,1.0,0.9154783470627262,-0.11633317611810803,0.9316466441482011
corn_starch,mp5_rep0,mp5_rep0,G-W-A,0.1,3,1,7.271766662597656e-05,20,0.9,2.7339762753843218,2.7339762753843218,3.6224424623093867,1.0,0.9154783470627262,-0.11633317611810803,0.9316466441482011
corn_starch,mp5_rep0,mp5_rep0,G-W-A,0.2,3,1,6.818771362304688e-05,20,0.7,2.206785074623538,2.2067850746235322,3.154889144103399,1.0,0.9154783470627262,-0.11633317611810803,0.9316466441482011
corn_starch,mp5_rep0,mp5_rep0,G-U-D,0.05,3,1,0.0032911300659179688,20,0.95,3.3673085689108717,3.338652881881597,3.99487394329104,1.0,0.9154783470627262,-0.11633317611810803,0.9316466441482011
corn_starch,mp5_rep0,mp5_rep0,G-U-D,0.1,3,1,0.00037169456481933594,20,0.9,2.8027864238897324,2.7789348020590445,3.5708452371643107,1.0,0.9154783470627262,-0.11633317611810803,0.9316466441482011
corn_starch,mp5_rep0,mp5_rep0,G-U-D,0.2,3,1,0.000385284423828125,20,0.8,2.311090170783093,2.2914228681658493,3.079127472184098,1.0,0.9154783470627262,-0.11633317611810803,0.9316466441482011
corn_starch,mp5_rep0,mp5_rep0,GC-D,0.05,3,1,0.0004093647003173828,20,0.95,3.3673085689108717,3.338652881881597,3.99487394329104,1.0,0.9154783470627262,-0.11633317611810803,0.9316466441482011
corn_starch,mp5_rep0,mp5_rep0,GC-D,0.1,3,1,0.0004317760467529297,20,0.9,2.8027864238897324,2.7789348020590445,3.5708452371643107,1.0,0.9154783470627262,-0.11633317611810803,0.9316466441482011
corn_starch,mp5_rep0,mp5_rep0,GC-D,0.2,3,1,0.0004477500915527344,20,0.8,2.311090170783093,2.2914228681658493,3.079127472184098,1.0,0.9154783470627262,-0.11633317611810803,0.9316466441482011
corn_starch,mp5_rep0,mp5_rep0,GC-D+,0.05,3,1,0.00039458274841308594,20,1.0,inf,inf,inf,0.0,0.9154783470627262,-0.11633317611810803,0.9316466441482011
corn_starch,mp5_rep0,mp5_rep0,GC-D+,0.1,3,1,0.0005393028259277344,20,1.0,inf,inf,inf,0.0,0.9154783470627262,-0.11633317611810803,0.9316466441482011
corn_starch,mp5_rep0,mp5_rep0,GC-D+,0.2,3,1,0.00044083595275878906,20,1.0,inf,inf,inf,0.0,0.9154783470627262,-0.11633317611810803,0.9316466441482011
corn_starch,mp5_rep0,mp5_rep0,HJ+,0.05,3,1,0.0016121864318847656,20,1.0,inf,inf,inf,0.0,0.9154783470627262,-0.11633317611810803,0.9316466441482011
corn_starch,mp5_rep0,mp5_rep0,HJ+,0.1,3,1,0.0004401206970214844,20,1.0,inf,inf,inf,0.0,0.9154783470627262,-0.11633317611810803,0.9316466441482011
corn_starch,mp5_rep0,mp5_rep0,HJ+,0.2,3,1,0.0003457069396972656,20,1.0,inf,inf,inf,0.0,0.9154783470627262,-0.11633317611810803,0.9316466441482011
corn_starch,mp5_rep0,mp5_rep0,HJ+-D,0.05,3,1,0.0020716190338134766,20,1.0,inf,inf,inf,0.0,0.9154783470627262,-0.11633317611810803,0.9316466441482011
corn_starch,mp5_rep0,mp5_rep0,HJ+-D,0.1,3,1,0.0020279884338378906,20,1.0,inf,inf,inf,0.0,0.9154783470627262,-0.11633317611810803,0.9316466441482011
corn_starch,mp5_rep0,mp5_rep0,HJ+-D,0.2,3,1,0.0019905567169189453,20,1.0,inf,inf,inf,0.0,0.9154783470627262,-0.11633317611810803,0.9316466441482011
corn_starch,mp5_rep0,mp5_rep0,HCP-D,0.05,3,1,0.00026702880859375,20,1.0,inf,inf,inf,0.0,0.9154783470627262,-0.11633317611810803,0.9316466441482011
corn_starch,mp5_rep0,mp5_rep0,HCP-D,0.1,3,1,0.0001537799835205078,20,1.0,inf,inf,inf,0.0,0.9154783470627262,-0.11633317611810803,0.9316466441482011
corn_starch,mp5_rep0,mp5_rep0,HCP-D,0.2,3,1,0.00020623207092285156,20,1.0,inf,inf,inf,0.0,0.9154783470627262,-0.11633317611810803,0.9316466441482011
corn_starch,mp5_rep0,mp5_rep0,HCP-A,0.05,3,1,0.00014448165893554688,20,1.0,inf,inf,inf,0.0,0.9154783470627262,-0.11633317611810803,0.9316466441482011
corn_starch,mp5_rep0,mp5_rep0,HCP-A,0.1,3,1,0.00013875961303710938,20,1.0,inf,inf,inf,0.0,0.9154783470627262,-0.11633317611810803,0.9316466441482011
corn_starch,mp5_rep0,mp5_rep0,HCP-A,0.2,3,1,0.00013446807861328125,20,1.0,inf,inf,inf,0.0,0.9154783470627262,-0.11633317611810803,0.9316466441482011
corn_starch,mp5_rep0,mp5_rep0,ORACLE,0.05,3,1,0.00010967254638671875,20,1.0,inf,inf,inf,0.0,0.9154783470627262,-0.11633317611810803,0.9316466441482011
corn_starch,mp5_rep0,mp5_rep0,ORACLE,0.1,3,1,0.00012636184692382812,20,0.95,3.6224424623093876,3.6224424623093903,4.327683241173496,1.0,0.9154783470627262,-0.11633317611810803,0.9316466441482011
corn_starch,mp5_rep0,mp5_rep0,ORACLE,0.2,3,1,9.5367431640625e-05,20,0.8,2.4847699293851675,2.484769929385166,3.084580160330995,1.0,0.9154783470627262,-0.11633317611810803,0.9316466441482011
corn_starch,mp5_rep1,mp5_rep1,ASTM-R,0.05,3,1,0.01393437385559082,20,1.0,3.2086623323047037,3.205361650585292,3.2086623323047037,1.0,0.829140988096596,-0.20302219678269715,0.8247849900079716
corn_starch,mp5_rep1,mp5_rep1,ASTM-R,0.1,3,1,0.00011777877807617188,20,0.8,2.6862687640174507,2.6835054572919184,2.945532352559747,1.0,0.829140988096596,-0.20302219678269715,0.8247849900079716
corn_starch,mp5_rep1,mp5_rep1,ASTM-R,0.2,3,1,9.131431579589844e-05,20,0.75,2.088207153160035,2.0860590595113564,2.8557130026904116,1.0,0.829140988096596,-0.20302219678269715,0.8247849900079716
corn_starch,mp5_rep1,mp5_rep1,ASTM-G,0.05,3,1,0.00010728836059570312,20,1.0,3.4121469996049925,3.408636997598194,3.4121469996049925,1.0,0.829140988096596,-0.20302219678269715,0.8247849900079716
corn_starch,mp5_rep1,mp5_rep1,ASTM-G,0.1,3,1,9.751319885253906e-05,20,0.9,2.8566246472844306,2.8536860991369473,2.9121819184232045,1.0,0.829140988096596,-0.20302219678269715,0.8247849900079716
corn_starch,mp5_rep1,mp5_rep1,ASTM-G,0.2,3,1,9.512901306152344e-05,20,0.75,2.2206355902494703,2.2183512703244936,2.822094189849084,1.0,0.829140988096596,-0.20302219678269715,0.8247849900079716
corn_starch,mp5_rep1,mp5_rep1,GPR,0.05,3,1,0.03014349937438965,20,1.0,3.062815280651117,3.055406703390144,3.062815280651117,1.0,0.829140988096596,-0.20302219678269715,0.8247849900079716
corn_starch,mp5_rep1,mp5_rep1,GPR,0.1,3,1,9.322166442871094e-05,20,0.9,2.570395610735481,2.564178136703106,2.9050757424586204,1.0,0.829140988096596,-0.20302219678269715,0.8247849900079716
corn_starch,mp5_rep1,mp5_rep1,GPR,0.2,3,1,8.797645568847656e-05,20,0.8,2.0026672677934325,1.9978230595007496,2.691940837788037,1.0,0.829140988096596,-0.20302219678269715,0.8247849900079716
corn_starch,mp5_rep1,mp5_rep1,BAG,0.05,3,1,0.020204544067382812,20,1.0,3.5757298981624657,3.463016032507298,3.5757298981624657,1.0,0.829140988096596,-0.20302219678269715,0.8247849900079716
corn_starch,mp5_rep1,mp5_rep1,BAG,0.1,3,1,0.00016021728515625,20,0.9,3.0008471269800263,2.906254669060896,3.059511617938973,1.0,0.829140988096596,-0.20302219678269715,0.8247849900079716
corn_starch,mp5_rep1,mp5_rep1,BAG,0.2,3,1,0.00011372566223144531,20,0.85,2.3380441095350597,2.264344474170148,2.6825227131635763,1.0,0.829140988096596,-0.20302219678269715,0.8247849900079716
corn_starch,mp5_rep1,mp5_rep1,QGB,0.05,3,1,0.030210018157958984,20,0.65,2.09750987723407,2.026577969384718,3.9393579694492145,1.0,0.829140988096596,-0.20302219678269715,0.8247849900079716
corn_starch,mp5_rep1,mp5_rep1,QGB,0.1,3,1,0.02597332000732422,20,0.65,1.9303043588045388,1.8094318106431295,3.4180152278204163,1.0,0.829140988096596,-0.20302219678269715,0.8247849900079716
corn_starch,mp5_rep1,mp5_rep1,QGB,0.2,3,1,0.025899887084960938,20,0.6,1.549133212444212,1.651177008290027,2.51082321953744,1.0,0.829140988096596,-0.20302219678269715,0.8247849900079716
corn_starch,mp5_rep1,mp5_rep1,SCP,0.05,3,1,3.600120544433594e-05,20,1.0,4.240572080166617,4.240572080166622,4.240572080166617,1.0,0.829140988096596,-0.20302219678269715,0.8247849900079716
corn_starch,mp5_rep1,mp5_rep1,SCP,0.1,3,1,1.0728836059570312e-05,20,1.0,3.1286777774148926,3.128677777414886,3.1286777774148926,1.0,0.829140988096596,-0.20302219678269715,0.8247849900079716
corn_starch,mp5_rep1,mp5_rep1,SCP,0.2,3,1,9.5367431640625e-06,20,1.0,2.813748746564528,2.813748746564528,2.813748746564528,1.0,0.829140988096596,-0.20302219678269715,0.8247849900079716
corn_starch,mp5_rep1,mp5_rep1,NCP-kNN,0.05,3,1,0.004222869873046875,20,1.0,4.540686560843187,4.600846972671839,4.540686560843187,1.0,0.829140988096596,-0.20302219678269715,0.8247849900079716
corn_starch,mp5_rep1,mp5_rep1,NCP-kNN,0.1,3,1,1.6689300537109375e-05,20,1.0,3.5591256562150138,3.606281182666521,3.5591256562150138,1.0,0.829140988096596,-0.20302219678269715,0.8247849900079716
corn_starch,mp5_rep1,mp5_rep1,NCP-kNN,0.2,3,1,1.1920928955078125e-05,20,1.0,2.974581541236698,3.013992332565465,2.974581541236698,1.0,0.829140988096596,-0.20302219678269715,0.8247849900079716
corn_starch,mp5_rep1,mp5_rep1,CV+,0.05,3,1,0.005507707595825195,20,1.0,3.3911540967299367,3.3790460672018128,3.3911540967299367,1.0,0.829140988096596,-0.20302219678269715,0.8247849900079716
corn_starch,mp5_rep1,mp5_rep1,CV+,0.1,3,1,0.004375457763671875,20,0.85,2.738901526637206,2.7313501336769583,2.8996320149057544,1.0,0.829140988096596,-0.20302219678269715,0.8247849900079716
corn_starch,mp5_rep1,mp5_rep1,CV+,0.2,3,1,0.004776477813720703,20,0.75,2.1531146255455864,2.151512478494439,2.8822290381788838,1.0,0.829140988096596,-0.20302219678269715,0.8247849900079716
corn_starch,mp5_rep1,mp5_rep1,CQR,0.05,3,1,2.765655517578125e-05,20,1.0,4.17121243458305,4.100280526733698,4.17121243458305,1.0,0.829140988096596,-0.20302219678269715,0.8247849900079716
corn_starch,mp5_rep1,mp5_rep1,CQR,0.1,3,1,1.4543533325195312e-05,20,1.0,3.4658846636056966,3.3450121154442876,3.4658846636056966,1.0,0.829140988096596,-0.20302219678269715,0.8247849900079716
corn_starch,mp5_rep1,mp5_rep1,CQR,0.2,3,1,1.1920928955078125e-05,20,1.0,2.4698013135181833,2.5718451093639985,2.4698013135181833,1.0,0.829140988096596,-0.20302219678269715,0.8247849900079716
corn_starch,mp5_rep1,mp5_rep1,WCP,0.05,3,1,0.002680540084838867,20,1.0,inf,inf,inf,0.5,0.829140988096596,-0.20302219678269715,0.8247849900079716
corn_starch,mp5_rep1,mp5_rep1,WCP,0.1,3,1,0.00013875961303710938,20,1.0,inf,4.240572080166608,inf,0.9,0.829140988096596,-0.20302219678269715,0.8247849900079716
corn_starch,mp5_rep1,mp5_rep1,WCP,0.2,3,1,8.034706115722656e-05,20,1.0,inf,3.086182178949514,inf,0.95,0.829140988096596,-0.20302219678269715,0.8247849900079716
corn_starch,mp5_rep1,mp5_rep1,R-U-A,0.05,3,1,5.173683166503906e-05,20,1.0,3.302626850949821,3.302626850949821,3.302626850949821,1.0,0.829140988096596,-0.20302219678269715,0.8247849900079716
corn_starch,mp5_rep1,mp5_rep1,R-U-A,0.1,3,1,3.552436828613281e-05,20,0.8,2.6667824077303375,2.6667824077303344,2.985077604706269,1.0,0.829140988096596,-0.20302219678269715,0.8247849900079716
corn_starch,mp5_rep1,mp5_rep1,R-U-A,0.2,3,1,3.337860107421875e-05,20,0.75,2.0748320132127978,2.074832013212795,2.8671256215055605,1.0,0.829140988096596,-0.20302219678269715,0.8247849900079716
corn_starch,mp5_rep1,mp5_rep1,R-U-D,0.05,3,1,0.0028219223022460938,20,0.9,3.478671917921332,3.1939843216286654,3.862805075365145,1.0,0.829140988096596,-0.20302219678269715,0.8247849900079716
corn_starch,mp5_rep1,mp5_rep1,R-U-D,0.1,3,1,0.0004115104675292969,20,0.9,2.9666816401957354,2.723894310708914,3.5571289221046856,1.0,0.829140988096596,-0.20302219678269715,0.8247849900079716
corn_starch,mp5_rep1,mp5_rep1,R-U-D,0.2,3,1,0.0003483295440673828,20,0.85,2.2110209450569416,2.030075385069459,2.822964123536754,1.0,0.829140988096596,-0.20302219678269715,0.8247849900079716
corn_starch,mp5_rep1,mp5_rep1,G-U-A,0.05,3,1,4.220008850097656e-05,20,1.0,3.2044265753567913,3.2044265753567913,3.2044265753567913,1.0,0.829140988096596,-0.20302219678269715,0.8247849900079716
corn_starch,mp5_rep1,mp5_rep1,G-U-A,0.1,3,1,3.981590270996094e-05,20,0.9,2.8122105036724894,2.8122105036724925,2.8988284550895504,1.0,0.829140988096596,-0.20302219678269715,0.8247849900079716
corn_starch,mp5_rep1,mp5_rep1,G-U-A,0.2,3,1,3.337860107421875e-05,20,0.8,2.359374788819196,2.3593747888191956,2.825930006218304,1.0,0.829140988096596,-0.20302219678269715,0.8247849900079716
corn_starch,mp5_rep1,mp5_rep1,G-W-A,0.05,3,1,0.00010538101196289062,20,1.0,3.2044265753567913,3.2044265753567913,3.2044265753567913,1.0,0.829140988096596,-0.20302219678269715,0.8247849900079716
corn_starch,mp5_rep1,mp5_rep1,G-W-A,0.1,3,1,7.62939453125e-05,20,0.9,2.8122105036724894,2.8122105036724925,2.8988284550895504,1.0,0.829140988096596,-0.20302219678269715,0.8247849900079716
corn_starch,mp5_rep1,mp5_rep1,G-W-A,0.2,3,1,6.842613220214844e-05,20,0.8,2.359374788819196,2.3593747888191956,2.825930006218304,1.0,0.829140988096596,-0.20302219678269715,0.8247849900079716
corn_starch,mp5_rep1,mp5_rep1,G-U-D,0.05,3,1,0.0033004283905029297,20,0.85,2.2392842457371325,2.002736505904842,4.825112050166277,1.0,0.829140988096596,-0.20302219678269715,0.8247849900079716
corn_starch,mp5_rep1,mp5_rep1,G-U-D,0.1,3,1,0.0003688335418701172,20,0.7,1.999667272616962,1.7884315732390839,3.750057627671404,1.0,0.829140988096596,-0.20302219678269715,0.8247849900079716
corn_starch,mp5_rep1,mp5_rep1,G-U-D,0.2,3,1,0.0003790855407714844,20,0.6,1.568969501916413,1.403230743984878,3.1275423461590814,1.0,0.829140988096596,-0.20302219678269715,0.8247849900079716
corn_starch,mp5_rep1,mp5_rep1,GC-D,0.05,3,1,0.0004184246063232422,20,0.85,2.2392842457371325,2.002736505904842,4.825112050166277,1.0,0.829140988096596,-0.20302219678269715,0.8247849900079716
corn_starch,mp5_rep1,mp5_rep1,GC-D,0.1,3,1,0.0004343986511230469,20,0.7,1.999667272616962,1.7884315732390839,3.750057627671404,1.0,0.829140988096596,-0.20302219678269715,0.8247849900079716
corn_starch,mp5_rep1,mp5_rep1,GC-D,0.2,3,1,0.0003733634948730469,20,0.6,1.568969501916413,1.403230743984878,3.1275423461590814,1.0,0.829140988096596,-0.20302219678269715,0.8247849900079716
corn_starch,mp5_rep1,mp5_rep1,GC-D+,0.05,3,1,0.0004253387451171875,20,1.0,inf,inf,inf,0.0,0.829140988096596,-0.20302219678269715,0.8247849900079716
corn_starch,mp5_rep1,mp5_rep1,GC-D+,0.1,3,1,0.0004286766052246094,20,1.0,inf,inf,inf,0.0,0.829140988096596,-0.20302219678269715,0.8247849900079716
corn_starch,mp5_rep1,mp5_rep1,GC-D+,0.2,3,1,0.0004012584686279297,20,1.0,inf,inf,inf,0.0,0.829140988096596,-0.20302219678269715,0.8247849900079716
corn_starch,mp5_rep1,mp5_rep1,HJ+,0.05,3,1,0.00160980224609375,20,1.0,inf,inf,inf,0.0,0.829140988096596,-0.20302219678269715,0.8247849900079716
corn_starch,mp5_rep1,mp5_rep1,HJ+,0.1,3,1,0.0003592967987060547,20,1.0,inf,inf,inf,0.0,0.829140988096596,-0.20302219678269715,0.8247849900079716
corn_starch,mp5_rep1,mp5_rep1,HJ+,0.2,3,1,0.00036406517028808594,20,1.0,inf,inf,inf,0.0,0.829140988096596,-0.20302219678269715,0.8247849900079716
corn_starch,mp5_rep1,mp5_rep1,HJ+-D,0.05,3,1,0.0021469593048095703,20,1.0,inf,inf,inf,0.0,0.829140988096596,-0.20302219678269715,0.8247849900079716
corn_starch,mp5_rep1,mp5_rep1,HJ+-D,0.1,3,1,0.002004861831665039,20,1.0,inf,inf,inf,0.0,0.829140988096596,-0.20302219678269715,0.8247849900079716
corn_starch,mp5_rep1,mp5_rep1,HJ+-D,0.2,3,1,0.0020449161529541016,20,1.0,inf,inf,inf,0.0,0.829140988096596,-0.20302219678269715,0.8247849900079716
corn_starch,mp5_rep1,mp5_rep1,HCP-D,0.05,3,1,0.0002887248992919922,20,1.0,inf,inf,inf,0.0,0.829140988096596,-0.20302219678269715,0.8247849900079716
corn_starch,mp5_rep1,mp5_rep1,HCP-D,0.1,3,1,0.00018596649169921875,20,1.0,inf,inf,inf,0.0,0.829140988096596,-0.20302219678269715,0.8247849900079716
corn_starch,mp5_rep1,mp5_rep1,HCP-D,0.2,3,1,0.000141143798828125,20,1.0,inf,inf,inf,0.0,0.829140988096596,-0.20302219678269715,0.8247849900079716
corn_starch,mp5_rep1,mp5_rep1,HCP-A,0.05,3,1,0.0001373291015625,20,1.0,inf,inf,inf,0.0,0.829140988096596,-0.20302219678269715,0.8247849900079716
corn_starch,mp5_rep1,mp5_rep1,HCP-A,0.1,3,1,0.00014209747314453125,20,1.0,inf,inf,inf,0.0,0.829140988096596,-0.20302219678269715,0.8247849900079716
corn_starch,mp5_rep1,mp5_rep1,HCP-A,0.2,3,1,0.0001366138458251953,20,1.0,inf,inf,inf,0.0,0.829140988096596,-0.20302219678269715,0.8247849900079716
corn_starch,mp5_rep1,mp5_rep1,ORACLE,0.05,3,1,0.00010776519775390625,20,1.0,inf,inf,inf,0.0,0.829140988096596,-0.20302219678269715,0.8247849900079716
corn_starch,mp5_rep1,mp5_rep1,ORACLE,0.1,3,1,0.0001423358917236328,20,0.95,2.8988284550895504,2.8988284550895536,2.9267529933237886,1.0,0.829140988096596,-0.20302219678269715,0.8247849900079716
corn_starch,mp5_rep1,mp5_rep1,ORACLE,0.2,3,1,0.00011539459228515625,20,0.85,2.753031557347065,2.7530315573470645,2.8281172795556135,1.0,0.829140988096596,-0.20302219678269715,0.8247849900079716
corn_starch,mp5_rep2,mp5_rep2,ASTM-R,0.05,3,1,0.013987302780151367,20,0.85,3.2586177228127275,3.2555107018861342,3.9521294823701227,1.0,0.8796942505232397,0.30163674647577066,0.8478314427682425
corn_starch,mp5_rep2,mp5_rep2,ASTM-R,0.1,3,1,0.00012159347534179688,20,0.85,2.7280910535631424,2.7254898782446197,3.8719855601966215,1.0,0.8796942505232397,0.30163674647577066,0.8478314427682425
corn_starch,mp5_rep2,mp5_rep2,ASTM-R,0.2,3,1,9.298324584960938e-05,20,0.75,2.1207182724347247,2.1186962138159053,3.3324427788552087,1.0,0.8796942505232397,0.30163674647577066,0.8478314427682425
corn_starch,mp5_rep2,mp5_rep2,ASTM-G,0.05,3,1,0.00011348724365234375,20,0.85,3.2530073956940724,3.2499057240920273,3.9633786600220615,1.0,0.8796942505232397,0.30163674647577066,0.8478314427682425
corn_starch,mp5_rep2,mp5_rep2,ASTM-G,0.1,3,1,9.775161743164062e-05,20,0.85,2.7233941285102867,2.7207974316073624,3.8743459625206795,1.0,0.8796942505232397,0.30163674647577066,0.8478314427682425
corn_starch,mp5_rep2,mp5_rep2,ASTM-G,0.2,3,1,9.655952453613281e-05,20,0.75,2.1170670545727526,2.1150484773105234,3.333364123450201,1.0,0.8796942505232397,0.30163674647577066,0.8478314427682425
corn_starch,mp5_rep2,mp5_rep2,GPR,0.05,3,1,0.025677204132080078,20,0.9,3.2238036603609785,3.222523812712083,3.75188751558654,1.0,0.8796942505232397,0.30163674647577066,0.8478314427682425
corn_starch,mp5_rep2,mp5_rep2,GPR,0.1,3,1,0.00010943412780761719,20,0.85,2.7055013179584373,2.7044272359529344,3.7348697716993597,1.0,0.8796942505232397,0.30163674647577066,0.8478314427682425
corn_starch,mp5_rep2,mp5_rep2,GPR,0.2,3,1,9.608268737792969e-05,20,0.75,2.1079319112659913,2.1070950638692842,3.212129683300732,1.0,0.8796942505232397,0.30163674647577066,0.8478314427682425
corn_starch,mp5_rep2,mp5_rep2,BAG,0.05,3,1,0.020159482955932617,20,0.95,3.359714198376608,3.349805541027095,3.3799658925890554,1.0,0.8796942505232397,0.30163674647577066,0.8478314427682425
corn_starch,mp5_rep2,mp5_rep2,BAG,0.1,3,1,9.393692016601562e-05,20,0.85,2.81956103699373,2.8112454296110876,3.452416546448913,1.0,0.8796942505232397,0.30163674647577066,0.8478314427682425
corn_starch,mp5_rep2,mp5_rep2,BAG,0.2,3,1,7.534027099609375e-05,20,0.8,2.1967990354283855,2.19032011263241,3.0904452676670444,1.0,0.8796942505232397,0.30163674647577066,0.8478314427682425
corn_starch,mp5_rep2,mp5_rep2,QGB,0.05,3,1,0.030574560165405273,20,0.75,2.0608904431667336,2.0270007641424215,7.652061015968435,1.0,0.8796942505232397,0.30163674647577066,0.8478314427682425
corn_starch,mp5_rep2,mp5_rep2,QGB,0.1,3,1,0.026054859161376953,20,0.75,1.8227051938321943,1.7203478256761358,6.126075173483118,1.0,0.8796942505232397,0.30163674647577066,0.8478314427682425
corn_starch,mp5_rep2,mp5_rep2,QGB,0.2,3,1,0.031061172485351562,20,0.65,1.60162295715857,1.4597604750403192,4.3661906861286415,1.0,0.8796942505232397,0.30163674647577066,0.8478314427682425
corn_starch,mp5_rep2,mp5_rep2,SCP,0.05,3,1,2.6941299438476562e-05,20,1.0,4.333712415433709,4.333712415433709,4.333712415433709,1.0,0.8796942505232397,0.30163674647577066,0.8478314427682425
corn_starch,mp5_rep2,mp5_rep2,SCP,0.1,3,1,9.775161743164062e-06,20,0.75,2.365171997548856,2.365171997548856,4.476770941451818,1.0,0.8796942505232397,0.30163674647577066,0.8478314427682425
corn_starch,mp5_rep2,mp5_rep2,SCP,0.2,3,1,8.821487426757812e-06,20,0.7,1.7261548054761136,1.7261548054761136,3.609742251661416,1.0,0.8796942505232397,0.30163674647577066,0.8478314427682425
corn_starch,mp5_rep2,mp5_rep2,NCP-kNN,0.05,3,1,0.0051805973052978516,20,1.0,5.425125438740411,5.128994103007365,5.425125438740411,1.0,0.8796942505232397,0.30163674647577066,0.8478314427682425
corn_starch,mp5_rep2,mp5_rep2,NCP-kNN,0.1,3,1,1.6689300537109375e-05,20,0.75,3.183755729058752,3.009969915746243,4.949291091135798,1.0,0.8796942505232397,0.30163674647577066,0.8478314427682425
corn_starch,mp5_rep2,mp5_rep2,NCP-kNN,0.2,3,1,1.1444091796875e-05,20,0.75,1.9908380060613484,1.8821677965666233,4.046193190661974,1.0,0.8796942505232397,0.30163674647577066,0.8478314427682425
corn_starch,mp5_rep2,mp5_rep2,CV+,0.05,3,1,0.00513005256652832,20,0.85,3.2727334004457815,3.3057660070068167,3.8436853645242706,1.0,0.8796942505232397,0.30163674647577066,0.8478314427682425
corn_starch,mp5_rep2,mp5_rep2,CV+,0.1,3,1,0.004469871520996094,20,0.8,2.649974141578538,2.647817712786985,4.002442774606427,1.0,0.8796942505232397,0.30163674647577066,0.8478314427682425
corn_starch,mp5_rep2,mp5_rep2,CV+,0.2,3,1,0.004434823989868164,20,0.75,2.164260773406191,2.1639833343069377,3.365588886972219,1.0,0.8796942505232397,0.30163674647577066,0.8478314427682425
corn_starch,mp5_rep2,mp5_rep2,CQR,0.05,3,1,2.5272369384765625e-05,20,1.0,4.823041290356224,4.78915161133191,4.823041290356224,1.0,0.8796942505232397,0.30163674647577066,0.8478314427682425
corn_starch,mp5_rep2,mp5_rep2,CQR,0.1,3,1,1.2874603271484375e-05,20,0.8,3.409040391485933,3.3066830233298745,4.029270004010373,1.0,0.8796942505232397,0.30163674647577066,0.8478314427682425
corn_starch,mp5_rep2,mp5_rep2,CQR,0.2,3,1,1.3113021850585938e-05,20,0.75,2.1750017155409553,2.033139233422716,4.149412922370306,1.0,0.8796942505232397,0.30163674647577066,0.8478314427682425
corn_starch,mp5_rep2,mp5_rep2,WCP,0.05,3,1,0.002786397933959961,20,1.0,inf,4.333712415433716,inf,0.6,0.8796942505232397,0.30163674647577066,0.8478314427682425
corn_starch,mp5_rep2,mp5_rep2,WCP,0.1,3,1,0.00011110305786132812,20,0.8,inf,2.365171997548856,inf,0.9,0.8796942505232397,0.30163674647577066,0.8478314427682425
corn_starch,mp5_rep2,mp5_rep2,WCP,0.2,3,1,7.796287536621094e-05,20,0.5,1.3945526826868822,1.159396898496908,4.27096043925864,1.0,0.8796942505232397,0.30163674647577066,0.8478314427682425
corn_starch,mp5_rep2,mp5_rep2,R-U-A,0.05,3,1,5.030632019042969e-05,20,0.85,2.8496444075508975,2.8496444075508975,4.786643222522997,1.0,0.8796942505232397,0.30163674647577066,0.8478314427682425
corn_starch,mp5_rep2,mp5_rep2,R-U-A,0.1,3,1,3.4809112548828125e-05,20,0.8,2.594841884646087,2.594841884646087,4.00910985258021,1.0,0.8796942505232397,0.30163674647577066,0.8478314427682425
corn_starch,mp5_rep2,mp5_rep2,R-U-A,0.2,3,1,4.2438507080078125e-05,20,0.75,2.1566190008617525,2.1566190008617525,3.3284279166652695,1.0,0.8796942505232397,0.30163674647577066,0.8478314427682425
corn_starch,mp5_rep2,mp5_rep2,R-U-D,0.05,3,1,0.002938985824584961,20,0.85,2.9922486677017757,2.9781723436083354,4.88710330818117,1.0,0.8796942505232397,0.30163674647577066,0.8478314427682425
corn_starch,mp5_rep2,mp5_rep2,R-U-D,0.1,3,1,0.0003523826599121094,20,0.8,2.462084325275069,2.450502033575173,4.341925862746007,1.0,0.8796942505232397,0.30163674647577066,0.8478314427682425
corn_starch,mp5_rep2,mp5_rep2,R-U-D,0.2,3,1,0.00037384033203125,20,0.75,2.1225358645893784,2.1125508980816115,3.461342243620203,1.0,0.8796942505232397,0.30163674647577066,0.8478314427682425
corn_starch,mp5_rep2,mp5_rep2,G-U-A,0.05,3,1,4.1484832763671875e-05,20,0.85,2.8592547854212134,2.859254785421207,4.767422466782364,1.0,0.8796942505232397,0.30163674647577066,0.8478314427682425
corn_starch,mp5_rep2,mp5_rep2,G-U-A,0.1,3,1,3.504753112792969e-05,20,0.8,2.6717351854794344,2.6717351854794344,3.932216551746862,1.0,0.8796942505232397,0.30163674647577066,0.8478314427682425
corn_starch,mp5_rep2,mp5_rep2,G-U-A,0.2,3,1,3.361701965332031e-05,20,0.75,2.1830293947054145,2.1830293947054145,3.321825318204354,1.0,0.8796942505232397,0.30163674647577066,0.8478314427682425
corn_starch,mp5_rep2,mp5_rep2,G-W-A,0.05,3,1,9.655952453613281e-05,20,0.85,2.8592547854212134,2.859254785421207,4.767422466782364,1.0,0.8796942505232397,0.30163674647577066,0.8478314427682425
corn_starch,mp5_rep2,mp5_rep2,G-W-A,0.1,3,1,7.295608520507812e-05,20,0.8,2.6717351854794344,2.6717351854794344,3.932216551746862,1.0,0.8796942505232397,0.30163674647577066,0.8478314427682425
corn_starch,mp5_rep2,mp5_rep2,G-W-A,0.2,3,1,7.581710815429688e-05,20,0.75,2.1830293947054145,2.1830293947054145,3.321825318204354,1.0,0.8796942505232397,0.30163674647577066,0.8478314427682425
corn_starch,mp5_rep2,mp5_rep2,G-U-D,0.05,3,1,0.003154754638671875,20,0.85,3.0561861140933404,3.045765660404186,4.522438929893487,1.0,0.8796942505232397,0.30163674647577066,0.8478314427682425
corn_starch,mp5_rep2,mp5_rep2,G-U-D,0.1,3,1,0.0003495216369628906,20,0.85,2.7524552491251573,2.7430704042943006,3.9337799783164455,1.0,0.8796942505232397,0.30163674647577066,0.8478314427682425
corn_starch,mp5_rep2,mp5_rep2,G-U-D,0.2,3,1,0.0003437995910644531,20,0.75,2.3179910843832183,2.310087600156489,3.3376547454866725,1.0,0.8796942505232397,0.30163674647577066,0.8478314427682425
corn_starch,mp5_rep2,mp5_rep2,GC-D,0.05,3,1,0.0004131793975830078,20,0.85,3.0561861140933404,3.045765660404186,4.522438929893487,1.0,0.8796942505232397,0.30163674647577066,0.8478314427682425
corn_starch,mp5_rep2,mp5_rep2,GC-D,0.1,3,1,0.00040459632873535156,20,0.85,2.7524552491251573,2.7430704042943006,3.9337799783164455,1.0,0.8796942505232397,0.30163674647577066,0.8478314427682425
corn_starch,mp5_rep2,mp5_rep2,GC-D,0.2,3,1,0.0004532337188720703,20,0.75,2.3179910843832183,2.310087600156489,3.3376547454866725,1.0,0.8796942505232397,0.30163674647577066,0.8478314427682425
corn_starch,mp5_rep2,mp5_rep2,GC-D+,0.05,3,1,0.00040411949157714844,20,1.0,inf,inf,inf,0.0,0.8796942505232397,0.30163674647577066,0.8478314427682425
corn_starch,mp5_rep2,mp5_rep2,GC-D+,0.1,3,1,0.0004127025604248047,20,1.0,inf,inf,inf,0.0,0.8796942505232397,0.30163674647577066,0.8478314427682425
corn_starch,mp5_rep2,mp5_rep2,GC-D+,0.2,3,1,0.0003807544708251953,20,1.0,inf,inf,inf,0.0,0.8796942505232397,0.30163674647577066,0.8478314427682425
corn_starch,mp5_rep2,mp5_rep2,HJ+,0.05,3,1,0.0016679763793945312,20,1.0,inf,inf,inf,0.0,0.8796942505232397,0.30163674647577066,0.8478314427682425
corn_starch,mp5_rep2,mp5_rep2,HJ+,0.1,3,1,0.0004372596740722656,20,1.0,inf,inf,inf,0.0,0.8796942505232397,0.30163674647577066,0.8478314427682425
corn_starch,mp5_rep2,mp5_rep2,HJ+,0.2,3,1,0.0003457069396972656,20,1.0,inf,inf,inf,0.0,0.8796942505232397,0.30163674647577066,0.8478314427682425
corn_starch,mp5_rep2,mp5_rep2,HJ+-D,0.05,3,1,0.002207040786743164,20,1.0,inf,inf,inf,0.0,0.8796942505232397,0.30163674647577066,0.8478314427682425
corn_starch,mp5_rep2,mp5_rep2,HJ+-D,0.1,3,1,0.002146482467651367,20,1.0,inf,inf,inf,0.0,0.8796942505232397,0.30163674647577066,0.8478314427682425
corn_starch,mp5_rep2,mp5_rep2,HJ+-D,0.2,3,1,0.001976490020751953,20,1.0,inf,inf,inf,0.0,0.8796942505232397,0.30163674647577066,0.8478314427682425
corn_starch,mp5_rep2,mp5_rep2,HCP-D,0.05,3,1,0.0002562999725341797,20,1.0,inf,inf,inf,0.0,0.8796942505232397,0.30163674647577066,0.8478314427682425
corn_starch,mp5_rep2,mp5_rep2,HCP-D,0.1,3,1,0.00019979476928710938,20,1.0,inf,inf,inf,0.0,0.8796942505232397,0.30163674647577066,0.8478314427682425
corn_starch,mp5_rep2,mp5_rep2,HCP-D,0.2,3,1,0.00017714500427246094,20,1.0,inf,inf,inf,0.0,0.8796942505232397,0.30163674647577066,0.8478314427682425
corn_starch,mp5_rep2,mp5_rep2,HCP-A,0.05,3,1,0.00014472007751464844,20,1.0,inf,inf,inf,0.0,0.8796942505232397,0.30163674647577066,0.8478314427682425
corn_starch,mp5_rep2,mp5_rep2,HCP-A,0.1,3,1,0.00013136863708496094,20,1.0,inf,inf,inf,0.0,0.8796942505232397,0.30163674647577066,0.8478314427682425
corn_starch,mp5_rep2,mp5_rep2,HCP-A,0.2,3,1,0.00012755393981933594,20,1.0,inf,inf,inf,0.0,0.8796942505232397,0.30163674647577066,0.8478314427682425
corn_starch,mp5_rep2,mp5_rep2,ORACLE,0.05,3,1,0.00013518333435058594,20,1.0,inf,inf,inf,0.0,0.8796942505232397,0.30163674647577066,0.8478314427682425
corn_starch,mp5_rep2,mp5_rep2,ORACLE,0.1,3,1,9.393692016601562e-05,20,0.8,2.957227532595771,2.9572275325957698,5.0363248836815915,1.0,0.8796942505232397,0.30163674647577066,0.8478314427682425
corn_starch,mp5_rep2,mp5_rep2,ORACLE,0.2,3,1,8.940696716308594e-05,20,0.8,2.6921097547126984,2.6921097547126926,4.128672499104655,1.0,0.8796942505232397,0.30163674647577066,0.8478314427682425
corn_starch,mp5_rep3,mp5_rep3,ASTM-R,0.05,3,1,0.01403665542602539,20,0.9,3.158590682443866,3.1510623093813876,4.6558808740270425,1.0,0.9834300426119391,-0.31222276326683274,0.9567772632011473
corn_starch,mp5_rep3,mp5_rep3,ASTM-R,0.1,3,1,0.0001595020294189453,20,0.85,2.6443491429872834,2.6380464438225886,3.938525599171956,1.0,0.9834300426119391,-0.31222276326683274,0.9567772632011473
corn_starch,mp5_rep3,mp5_rep3,ASTM-R,0.2,3,1,0.0001304149627685547,20,0.65,2.0556203719468114,2.050720883981864,3.4619548186751024,1.0,0.9834300426119391,-0.31222276326683274,0.9567772632011473
corn_starch,mp5_rep3,mp5_rep3,ASTM-G,0.05,3,1,0.00011992454528808594,20,0.9,3.21000227113655,3.2023513606330702,4.602981427108237,1.0,0.9834300426119391,-0.31222276326683274,0.9567772632011473
corn_starch,mp5_rep3,mp5_rep3,ASTM-G,0.1,3,1,9.298324584960938e-05,20,0.85,2.6873905510604335,2.680985264441489,3.9162823917663885,1.0,0.9834300426119391,-0.31222276326683274,0.9567772632011473
corn_starch,mp5_rep3,mp5_rep3,ASTM-G,0.2,3,1,8.988380432128906e-05,20,0.65,2.0890791894055707,2.084099953703298,3.4367165298629176,1.0,0.9834300426119391,-0.31222276326683274,0.9567772632011473
corn_starch,mp5_rep3,mp5_rep3,GPR,0.05,3,1,0.03082108497619629,20,0.95,2.9926316033277955,2.980612915972138,4.3024062999838595,1.0,0.9834300426119391,-0.31222276326683274,0.9567772632011473
corn_starch,mp5_rep3,mp5_rep3,GPR,0.1,3,1,0.0001266002655029297,20,0.8,2.5114956120066045,2.5014092116216524,3.7040279331483745,1.0,0.9834300426119391,-0.31222276326683274,0.9567772632011473
corn_starch,mp5_rep3,mp5_rep3,GPR,0.2,3,1,9.059906005859375e-05,20,0.6,1.9567766278332877,1.94891803057439,3.42424164854789,1.0,0.9834300426119391,-0.31222276326683274,0.9567772632011473
corn_starch,mp5_rep3,mp5_rep3,BAG,0.05,3,1,0.019161224365234375,20,0.95,3.350676515008817,3.2431927937916214,3.7855309255487866,1.0,0.9834300426119391,-0.31222276326683274,0.9567772632011473
corn_starch,mp5_rep3,mp5_rep3,BAG,0.1,3,1,0.00014495849609375,20,0.95,2.811976374018287,2.7217731916757124,3.332496782024365,1.0,0.9834300426119391,-0.31222276326683274,0.9567772632011473
corn_starch,mp5_rep3,mp5_rep3,BAG,0.2,3,1,8.296966552734375e-05,20,0.75,2.1908896119082355,2.120609784175194,2.8478409341451423,1.0,0.9834300426119391,-0.31222276326683274,0.9567772632011473
corn_starch,mp5_rep3,mp5_rep3,QGB,0.05,3,1,0.029313325881958008,20,0.65,2.1842526798264514,2.2882449882180467,7.895462537889708,1.0,0.9834300426119391,-0.31222276326683274,0.9567772632011473
corn_starch,mp5_rep3,mp5_rep3,QGB,0.1,3,1,0.026232481002807617,20,0.6,2.0662155639667406,2.2414402496566126,5.919733316377678,1.0,0.9834300426119391,-0.31222276326683274,0.9567772632011473
corn_starch,mp5_rep3,mp5_rep3,QGB,0.2,3,1,0.02570652961730957,20,0.55,1.8197721975280992,1.944329268877894,4.464880525000247,1.0,0.9834300426119391,-0.31222276326683274,0.9567772632011473
corn_starch,mp5_rep3,mp5_rep3,SCP,0.05,3,1,2.8371810913085938e-05,20,0.95,3.57215600794342,3.57215600794342,4.9133897687902675,1.0,0.9834300426119391,-0.31222276326683274,0.9567772632011473
corn_starch,mp5_rep3,mp5_rep3,SCP,0.1,3,1,1.049041748046875e-05,20,0.85,2.867496075589502,2.867496075589507,4.382205100475632,1.0,0.9834300426119391,-0.31222276326683274,0.9567772632011473
corn_starch,mp5_rep3,mp5_rep3,SCP,0.2,3,1,9.298324584960938e-06,20,0.7,2.196464732744204,2.1964647327442037,3.7648868145870082,1.0,0.9834300426119391,-0.31222276326683274,0.9567772632011473
corn_starch,mp5_rep3,mp5_rep3,NCP-kNN,0.05,3,1,0.005225181579589844,20,0.95,3.5474375779187044,3.572156007943427,4.888671338765552,1.0,0.9834300426119391,-0.31222276326683274,0.9567772632011473
corn_starch,mp5_rep3,mp5_rep3,NCP-kNN,0.1,3,1,2.47955322265625e-05,20,0.85,2.8476537168198943,2.8674960755895036,4.362362741706025,1.0,0.9834300426119391,-0.31222276326683274,0.9567772632011473
corn_starch,mp5_rep3,mp5_rep3,NCP-kNN,0.2,3,1,1.1920928955078125e-05,20,0.8,2.562914981524363,2.580773290018488,3.567361802359605,1.0,0.9834300426119391,-0.31222276326683274,0.9567772632011473
corn_starch,mp5_rep3,mp5_rep3,CV+,0.05,3,1,0.005008220672607422,20,0.9,3.2217352214143418,3.212266163350357,4.8512384573406795,1.0,0.9834300426119391,-0.31222276326683274,0.9567772632011473
corn_starch,mp5_rep3,mp5_rep3,CV+,0.1,3,1,0.004332780838012695,20,0.9,2.9063963392050924,2.9029137662599673,3.983099944157293,1.0,0.9834300426119391,-0.31222276326683274,0.9567772632011473
corn_starch,mp5_rep3,mp5_rep3,CV+,0.2,3,1,0.004389047622680664,20,0.65,2.1808111479255627,2.1819879173657455,3.3407361971658984,1.0,0.9834300426119391,-0.31222276326683274,0.9567772632011473
corn_starch,mp5_rep3,mp5_rep3,CQR,0.05,3,1,2.2411346435546875e-05,20,0.95,3.218351450756777,3.3223437591483744,4.588051582699101,1.0,0.9834300426119391,-0.31222276326683274,0.9567772632011473
corn_starch,mp5_rep3,mp5_rep3,CQR,0.1,3,1,1.3113021850585938e-05,20,0.75,2.8177522350190047,2.9929769207088768,4.341582690495085,1.0,0.9834300426119391,-0.31222276326683274,0.9567772632011473
corn_starch,mp5_rep3,mp5_rep3,CQR,0.2,3,1,1.1444091796875e-05,20,0.7,2.3741228174938307,2.4986798888436255,3.9844958036215417,1.0,0.9834300426119391,-0.31222276326683274,0.9567772632011473
corn_starch,mp5_rep3,mp5_rep3,WCP,0.05,3,1,0.0025398731231689453,20,1.0,inf,3.57215600794342,inf,0.7,0.9834300426119391,-0.31222276326683274,0.9567772632011473
corn_starch,mp5_rep3,mp5_rep3,WCP,0.1,3,1,9.989738464355469e-05,20,0.95,inf,3.57215600794342,inf,0.95,0.9834300426119391,-0.31222276326683274,0.9567772632011473
corn_starch,mp5_rep3,mp5_rep3,WCP,0.2,3,1,0.00010371208190917969,20,0.95,3.102760674670861,2.9015912461254842,3.4380691148825733,1.0,0.9834300426119391,-0.31222276326683274,0.9567772632011473
corn_starch,mp5_rep3,mp5_rep3,R-U-A,0.05,3,1,5.245208740234375e-05,20,0.9,3.212266163350347,3.2122661633503427,4.693615428277281,1.0,0.9834300426119391,-0.31222276326683274,0.9567772632011473
corn_starch,mp5_rep3,mp5_rep3,R-U-A,0.1,3,1,3.600120544433594e-05,20,0.9,2.800076044739666,2.8000760447396615,3.952940795813814,1.0,0.9834300426119391,-0.31222276326683274,0.9567772632011473
corn_starch,mp5_rep3,mp5_rep3,R-U-A,0.2,3,1,3.24249267578125e-05,20,0.65,2.0600872688667495,2.060087268866745,3.4674624169949455,1.0,0.9834300426119391,-0.31222276326683274,0.9567772632011473
corn_starch,mp5_rep3,mp5_rep3,R-U-D,0.05,3,1,0.002795696258544922,20,0.95,3.497660815561902,3.28979216896143,4.031648927905126,1.0,0.9834300426119391,-0.31222276326683274,0.9567772632011473
corn_starch,mp5_rep3,mp5_rep3,R-U-D,0.1,3,1,0.0003521442413330078,20,0.9,3.0345346605944976,2.854189954168561,3.6471698052341934,1.0,0.9834300426119391,-0.31222276326683274,0.9567772632011473
corn_starch,mp5_rep3,mp5_rep3,R-U-D,0.2,3,1,0.00039076805114746094,20,0.75,2.1963823100744646,2.065849636299731,3.238770561827695,1.0,0.9834300426119391,-0.31222276326683274,0.9567772632011473
corn_starch,mp5_rep3,mp5_rep3,G-U-A,0.05,3,1,4.1961669921875e-05,20,0.9,3.041185811467841,3.041185811467841,4.8646957801598205,1.0,0.9834300426119391,-0.31222276326683274,0.9567772632011473
corn_starch,mp5_rep3,mp5_rep3,G-U-A,0.1,3,1,3.4809112548828125e-05,20,0.9,2.787040737868665,2.787040737868665,3.9529407958138307,1.0,0.9834300426119391,-0.31222276326683274,0.9567772632011473
corn_starch,mp5_rep3,mp5_rep3,G-U-A,0.2,3,1,3.600120544433594e-05,20,0.65,2.1883884763779236,2.1883884763779236,3.371236511361566,1.0,0.9834300426119391,-0.31222276326683274,0.9567772632011473
corn_starch,mp5_rep3,mp5_rep3,G-W-A,0.05,3,1,9.965896606445312e-05,20,0.9,3.041185811467841,3.041185811467841,4.8646957801598205,1.0,0.9834300426119391,-0.31222276326683274,0.9567772632011473
corn_starch,mp5_rep3,mp5_rep3,G-W-A,0.1,3,1,7.915496826171875e-05,20,0.9,2.787040737868665,2.787040737868665,3.9529407958138307,1.0,0.9834300426119391,-0.31222276326683274,0.9567772632011473
corn_starch,mp5_rep3,mp5_rep3,G-W-A,0.2,3,1,7.748603820800781e-05,20,0.65,2.1883884763779236,2.1883884763779236,3.371236511361566,1.0,0.9834300426119391,-0.31222276326683274,0.9567772632011473
corn_starch,mp5_rep3,mp5_rep3,G-U-D,0.05,3,1,0.0031201839447021484,20,0.75,2.160784529278304,1.951901426913114,6.9090868271119374,1.0,0.9834300426119391,-0.31222276326683274,0.9567772632011473
corn_starch,mp5_rep3,mp5_rep3,G-U-D,0.1,3,1,0.000385284423828125,20,0.65,1.9435282996688936,1.7556473632457816,4.859357212756331,1.0,0.9834300426119391,-0.31222276326683274,0.9567772632011473
corn_starch,mp5_rep3,mp5_rep3,G-U-D,0.2,3,1,0.0003516674041748047,20,0.45,1.5086643816768466,1.3628217526675641,3.9061869174032027,1.0,0.9834300426119391,-0.31222276326683274,0.9567772632011473
corn_starch,mp5_rep3,mp5_rep3,GC-D,0.05,3,1,0.0005152225494384766,20,0.75,2.160784529278304,1.951901426913114,6.9090868271119374,1.0,0.9834300426119391,-0.31222276326683274,0.9567772632011473
corn_starch,mp5_rep3,mp5_rep3,GC-D,0.1,3,1,0.00038933753967285156,20,0.65,1.9435282996688936,1.7556473632457816,4.859357212756331,1.0,0.9834300426119391,-0.31222276326683274,0.9567772632011473
corn_starch,mp5_rep3,mp5_rep3,GC-D,0.2,3,1,0.0004248619079589844,20,0.45,1.5086643816768466,1.3628217526675641,3.9061869174032027,1.0,0.9834300426119391,-0.31222276326683274,0.9567772632011473
corn_starch,mp5_rep3,mp5_rep3,GC-D+,0.05,3,1,0.00036644935607910156,20,1.0,inf,inf,inf,0.0,0.9834300426119391,-0.31222276326683274,0.9567772632011473
corn_starch,mp5_rep3,mp5_rep3,GC-D+,0.1,3,1,0.0004742145538330078,20,1.0,inf,inf,inf,0.0,0.9834300426119391,-0.31222276326683274,0.9567772632011473
corn_starch,mp5_rep3,mp5_rep3,GC-D+,0.2,3,1,0.0003781318664550781,20,1.0,inf,inf,inf,0.0,0.9834300426119391,-0.31222276326683274,0.9567772632011473
corn_starch,mp5_rep3,mp5_rep3,HJ+,0.05,3,1,0.0016374588012695312,20,1.0,inf,inf,inf,0.0,0.9834300426119391,-0.31222276326683274,0.9567772632011473
corn_starch,mp5_rep3,mp5_rep3,HJ+,0.1,3,1,0.00038743019104003906,20,1.0,inf,inf,inf,0.0,0.9834300426119391,-0.31222276326683274,0.9567772632011473
corn_starch,mp5_rep3,mp5_rep3,HJ+,0.2,3,1,0.00034999847412109375,20,1.0,inf,inf,inf,0.0,0.9834300426119391,-0.31222276326683274,0.9567772632011473
corn_starch,mp5_rep3,mp5_rep3,HJ+-D,0.05,3,1,0.002184629440307617,20,1.0,inf,inf,inf,0.0,0.9834300426119391,-0.31222276326683274,0.9567772632011473
corn_starch,mp5_rep3,mp5_rep3,HJ+-D,0.1,3,1,0.002012491226196289,20,1.0,inf,inf,inf,0.0,0.9834300426119391,-0.31222276326683274,0.9567772632011473
corn_starch,mp5_rep3,mp5_rep3,HJ+-D,0.2,3,1,0.002023935317993164,20,1.0,inf,inf,inf,0.0,0.9834300426119391,-0.31222276326683274,0.9567772632011473
corn_starch,mp5_rep3,mp5_rep3,HCP-D,0.05,3,1,0.0002562999725341797,20,1.0,inf,inf,inf,0.0,0.9834300426119391,-0.31222276326683274,0.9567772632011473
corn_starch,mp5_rep3,mp5_rep3,HCP-D,0.1,3,1,0.0001494884490966797,20,1.0,inf,inf,inf,0.0,0.9834300426119391,-0.31222276326683274,0.9567772632011473
corn_starch,mp5_rep3,mp5_rep3,HCP-D,0.2,3,1,0.00017213821411132812,20,1.0,inf,inf,inf,0.0,0.9834300426119391,-0.31222276326683274,0.9567772632011473
corn_starch,mp5_rep3,mp5_rep3,HCP-A,0.05,3,1,0.00014495849609375,20,1.0,inf,inf,inf,0.0,0.9834300426119391,-0.31222276326683274,0.9567772632011473
corn_starch,mp5_rep3,mp5_rep3,HCP-A,0.1,3,1,0.0001277923583984375,20,1.0,inf,inf,inf,0.0,0.9834300426119391,-0.31222276326683274,0.9567772632011473
corn_starch,mp5_rep3,mp5_rep3,HCP-A,0.2,3,1,0.00012612342834472656,20,1.0,inf,inf,inf,0.0,0.9834300426119391,-0.31222276326683274,0.9567772632011473
corn_starch,mp5_rep3,mp5_rep3,ORACLE,0.05,3,1,0.00011134147644042969,20,1.0,inf,inf,inf,0.0,0.9834300426119391,-0.31222276326683274,0.9567772632011473
corn_starch,mp5_rep3,mp5_rep3,ORACLE,0.1,3,1,9.679794311523438e-05,20,0.95,3.9529407958138307,3.9529407958138307,4.5866701319701235,1.0,0.9834300426119391,-0.31222276326683274,0.9567772632011473
corn_starch,mp5_rep3,mp5_rep3,ORACLE,0.2,3,1,9.107589721679688e-05,20,0.85,2.6043066356799094,2.604306635679915,3.328618449852148,1.0,0.9834300426119391,-0.31222276326683274,0.9567772632011473
corn_starch,mp5_rep4,mp5_rep4,ASTM-R,0.05,3,1,0.014312028884887695,20,0.85,3.0632740323451086,3.061521578652915,5.641430994282433,1.0,0.9258441097375743,0.40212365806405864,0.8556215833261936
corn_starch,mp5_rep4,mp5_rep4,ASTM-R,0.1,3,1,0.0001518726348876953,20,0.8,2.5645507368810345,2.5630835953977105,4.611106605085506,1.0,0.9258441097375743,0.40212365806405864,0.8556215833261936
corn_starch,mp5_rep4,mp5_rep4,ASTM-R,0.2,3,1,0.00011134147644042969,20,0.8,1.9935880076972161,1.9924475055325672,3.5873192323215877,1.0,0.9258441097375743,0.40212365806405864,0.8556215833261936
corn_starch,mp5_rep4,mp5_rep4,ASTM-G,0.05,3,1,0.00010061264038085938,20,0.85,3.4454529216035583,3.4434818290307128,4.878088270850125,1.0,0.9258441097375743,0.40212365806405864,0.8556215833261936
corn_starch,mp5_rep4,mp5_rep4,ASTM-G,0.1,3,1,9.226799011230469e-05,20,0.85,2.8845081229062735,2.8828579385424895,4.441498069722567,1.0,0.9258441097375743,0.40212365806405864,0.8556215833261936
corn_starch,mp5_rep4,mp5_rep4,ASTM-G,0.2,3,1,9.012222290039062e-05,20,0.8,2.2423111850478907,2.241028392038256,3.587541154342277,1.0,0.9258441097375743,0.40212365806405864,0.8556215833261936
corn_starch,mp5_rep4,mp5_rep4,GPR,0.05,3,1,0.028205394744873047,20,0.85,2.9353080938840246,2.932180905524998,5.893299548488477,1.0,0.9258441097375743,0.40212365806405864,0.8556215833261936
corn_starch,mp5_rep4,mp5_rep4,GPR,0.1,3,1,9.989738464355469e-05,20,0.85,2.4633882063798116,2.4607637871787027,4.648677287550221,1.0,0.9258441097375743,0.40212365806405864,0.8556215833261936
corn_starch,mp5_rep4,mp5_rep4,GPR,0.2,3,1,0.0001347064971923828,20,0.8,1.919294799672342,1.9172500411110214,3.553712974170138,1.0,0.9258441097375743,0.40212365806405864,0.8556215833261936
corn_starch,mp5_rep4,mp5_rep4,BAG,0.05,3,1,0.017951250076293945,20,0.85,3.2364336979650323,3.211427607242161,4.693466367945808,1.0,0.9258441097375743,0.40212365806405864,0.8556215833261936
corn_starch,mp5_rep4,mp5_rep4,BAG,0.1,3,1,0.00010919570922851562,20,0.85,2.716100779645197,2.6951150067708873,4.2210316568835555,1.0,0.9258441097375743,0.40212365806405864,0.8556215833261936
corn_starch,mp5_rep4,mp5_rep4,BAG,0.2,3,1,7.605552673339844e-05,20,0.8,2.1161902489660904,2.0998396450943773,3.339281604043903,1.0,0.9258441097375743,0.40212365806405864,0.8556215833261936
corn_starch,mp5_rep4,mp5_rep4,QGB,0.05,3,1,0.03128671646118164,20,0.85,2.382806343670368,2.2446938627974653,6.396346561275381,1.0,0.9258441097375743,0.40212365806405864,0.8556215833261936
corn_starch,mp5_rep4,mp5_rep4,QGB,0.1,3,1,0.026320219039916992,20,0.8,2.1719751059030035,2.154913273634712,4.845208307655926,1.0,0.9258441097375743,0.40212365806405864,0.8556215833261936
corn_starch,mp5_rep4,mp5_rep4,QGB,0.2,3,1,0.02623128890991211,20,0.6,1.665739067628055,1.6959966189465945,3.6068266203094717,1.0,0.9258441097375743,0.40212365806405864,0.8556215833261936
corn_starch,mp5_rep4,mp5_rep4,SCP,0.05,3,1,2.9325485229492188e-05,20,0.9,3.4776748599079923,3.4776748599079923,4.645974545897273,1.0,0.9258441097375743,0.40212365806405864,0.8556215833261936
corn_starch,mp5_rep4,mp5_rep4,SCP,0.1,3,1,1.0251998901367188e-05,20,0.85,3.1435235229486267,3.1435235229486267,4.22147055951851,1.0,0.9258441097375743,0.40212365806405864,0.8556215833261936
corn_starch,mp5_rep4,mp5_rep4,SCP,0.2,3,1,1.0728836059570312e-05,20,0.8,2.074348842534164,2.074348842534164,3.545592371790402,1.0,0.9258441097375743,0.40212365806405864,0.8556215833261936
corn_starch,mp5_rep4,mp5_rep4,NCP-kNN,0.05,3,1,0.0042514801025390625,20,0.9,3.5637177593057485,3.50203094587156,4.65971363754831,1.0,0.9258441097375743,0.40212365806405864,0.8556215833261936
corn_starch,mp5_rep4,mp5_rep4,NCP-kNN,0.1,3,1,1.621246337890625e-05,20,0.85,2.9553526403606227,2.904196432357864,4.331253623213293,1.0,0.9258441097375743,0.40212365806405864,0.8556215833261936
corn_starch,mp5_rep4,mp5_rep4,NCP-kNN,0.2,3,1,1.1444091796875e-05,20,0.8,2.054504433706604,2.0189416197405343,3.501362660971985,1.0,0.9258441097375743,0.40212365806405864,0.8556215833261936
corn_starch,mp5_rep4,mp5_rep4,CV+,0.05,3,1,0.005003929138183594,20,0.85,2.944346732090292,2.9012599198398092,4.9152606583447325,1.0,0.9258441097375743,0.40212365806405864,0.8556215833261936
corn_starch,mp5_rep4,mp5_rep4,CV+,0.1,3,1,0.004499197006225586,20,0.85,2.5831109477782648,2.561656419887484,4.303746545104387,1.0,0.9258441097375743,0.40212365806405864,0.8556215833261936
corn_starch,mp5_rep4,mp5_rep4,CV+,0.2,3,1,0.004377603530883789,20,0.85,2.1712106700103098,2.1626790813243844,3.3664624537839414,1.0,0.9258441097375743,0.40212365806405864,0.8556215833261936
corn_starch,mp5_rep4,mp5_rep4,CQR,0.05,3,1,2.2172927856445312e-05,20,0.85,3.067897437741039,2.9297849568681436,5.026164373134036,1.0,0.9258441097375743,0.40212365806405864,0.8556215833261936
corn_starch,mp5_rep4,mp5_rep4,CQR,0.1,3,1,1.5974044799804688e-05,20,0.85,2.876557631248093,2.8594957989797933,4.353752280943711,1.0,0.9258441097375743,0.40212365806405864,0.8556215833261936
corn_starch,mp5_rep4,mp5_rep4,CQR,0.2,3,1,1.1444091796875e-05,20,0.7,1.9857511199033575,2.016008671221897,3.4250267279766526,1.0,0.9258441097375743,0.40212365806405864,0.8556215833261936
corn_starch,mp5_rep4,mp5_rep4,WCP,0.05,3,1,0.002593994140625,20,0.9,inf,3.4776748599079923,inf,0.95,0.9258441097375743,0.40212365806405864,0.8556215833261936
corn_starch,mp5_rep4,mp5_rep4,WCP,0.1,3,1,0.00010967254638671875,20,0.85,3.245141716615793,3.2329031301267364,4.189019342418521,1.0,0.9258441097375743,0.40212365806405864,0.8556215833261936
corn_starch,mp5_rep4,mp5_rep4,WCP,0.2,3,1,7.677078247070312e-05,20,0.8,2.2065739369728843,2.187036367657413,3.565129941105873,1.0,0.9258441097375743,0.40212365806405864,0.8556215833261936
corn_starch,mp5_rep4,mp5_rep4,R-U-A,0.05,3,1,5.1021575927734375e-05,20,0.85,2.7508131245316028,2.7508131245315965,6.2582168506258835,1.0,0.9258441097375743,0.40212365806405864,0.8556215833261936
corn_starch,mp5_rep4,mp5_rep4,R-U-A,0.1,3,1,3.457069396972656e-05,20,0.8,2.4164601593826944,2.4164601593826944,4.754620767247282,1.0,0.9258441097375743,0.40212365806405864,0.8556215833261936
corn_starch,mp5_rep4,mp5_rep4,R-U-A,0.2,3,1,3.1948089599609375e-05,20,0.8,2.1147475347174804,2.1147475347174804,3.585540463314988,1.0,0.9258441097375743,0.40212365806405864,0.8556215833261936
corn_starch,mp5_rep4,mp5_rep4,R-U-D,0.05,3,1,0.003031015396118164,20,0.85,2.6762169943314174,2.605020958301921,5.501302082644576,1.0,0.9258441097375743,0.40212365806405864,0.8556215833261936
corn_starch,mp5_rep4,mp5_rep4,R-U-D,0.1,3,1,0.000392913818359375,20,0.8,2.3259251682546407,2.264048028832935,4.352480767788988,1.0,0.9258441097375743,0.40212365806405864,0.8556215833261936
corn_starch,mp5_rep4,mp5_rep4,R-U-D,0.2,3,1,0.0003407001495361328,20,0.75,2.1327075917143903,2.0759706653509085,3.3961231001206658,1.0,0.9258441097375743,0.40212365806405864,0.8556215833261936
corn_starch,mp5_rep4,mp5_rep4,G-U-A,0.05,3,1,4.2438507080078125e-05,20,0.85,3.051209071034136,3.0512090710341297,5.657424957620817,1.0,0.9258441097375743,0.40212365806405864,0.8556215833261936
corn_starch,mp5_rep4,mp5_rep4,G-U-A,0.1,3,1,3.647804260253906e-05,20,0.85,2.647400172038715,2.647400172038715,4.556221463825189,1.0,0.9258441097375743,0.40212365806405864,0.8556215833261936
corn_starch,mp5_rep4,mp5_rep4,G-U-A,0.2,3,1,3.361701965332031e-05,20,0.8,2.23307457602246,2.23307457602246,3.585540463314988,1.0,0.9258441097375743,0.40212365806405864,0.8556215833261936
corn_starch,mp5_rep4,mp5_rep4,G-W-A,0.05,3,1,0.00010347366333007812,20,0.85,3.051209071034136,3.0512090710341297,5.657424957620817,1.0,0.9258441097375743,0.40212365806405864,0.8556215833261936
corn_starch,mp5_rep4,mp5_rep4,G-W-A,0.1,3,1,0.00013136863708496094,20,0.85,2.647400172038715,2.647400172038715,4.556221463825189,1.0,0.9258441097375743,0.40212365806405864,0.8556215833261936
corn_starch,mp5_rep4,mp5_rep4,G-W-A,0.2,3,1,9.989738464355469e-05,20,0.8,2.23307457602246,2.23307457602246,3.585540463314988,1.0,0.9258441097375743,0.40212365806405864,0.8556215833261936
corn_starch,mp5_rep4,mp5_rep4,G-U-D,0.05,3,1,0.0032486915588378906,20,0.75,2.1977254656124954,2.2706784181867867,7.2824059510875,1.0,0.9258441097375743,0.40212365806405864,0.8556215833261936
corn_starch,mp5_rep4,mp5_rep4,G-U-D,0.1,3,1,0.0004131793975830078,20,0.7,1.8344220477354447,1.8953152333237426,5.33605426584019,1.0,0.9258441097375743,0.40212365806405864,0.8556215833261936
corn_starch,mp5_rep4,mp5_rep4,G-U-D,0.2,3,1,0.0003464221954345703,20,0.65,1.6107994979326725,1.6642695883593746,3.702030886373174,1.0,0.9258441097375743,0.40212365806405864,0.8556215833261936
corn_starch,mp5_rep4,mp5_rep4,GC-D,0.05,3,1,0.00038242340087890625,20,0.75,2.1977254656124954,2.2706784181867867,7.2824059510875,1.0,0.9258441097375743,0.40212365806405864,0.8556215833261936
corn_starch,mp5_rep4,mp5_rep4,GC-D,0.1,3,1,0.0003943443298339844,20,0.7,1.8344220477354447,1.8953152333237426,5.33605426584019,1.0,0.9258441097375743,0.40212365806405864,0.8556215833261936
corn_starch,mp5_rep4,mp5_rep4,GC-D,0.2,3,1,0.0003705024719238281,20,0.65,1.6107994979326725,1.6642695883593746,3.702030886373174,1.0,0.9258441097375743,0.40212365806405864,0.8556215833261936
corn_starch,mp5_rep4,mp5_rep4,GC-D+,0.05,3,1,0.000385284423828125,20,1.0,inf,inf,inf,0.0,0.9258441097375743,0.40212365806405864,0.8556215833261936
corn_starch,mp5_rep4,mp5_rep4,GC-D+,0.1,3,1,0.00036716461181640625,20,1.0,inf,inf,inf,0.0,0.9258441097375743,0.40212365806405864,0.8556215833261936
corn_starch,mp5_rep4,mp5_rep4,GC-D+,0.2,3,1,0.00040078163146972656,20,1.0,inf,inf,inf,0.0,0.9258441097375743,0.40212365806405864,0.8556215833261936
corn_starch,mp5_rep4,mp5_rep4,HJ+,0.05,3,1,0.0016183853149414062,20,1.0,inf,inf,inf,0.0,0.9258441097375743,0.40212365806405864,0.8556215833261936
corn_starch,mp5_rep4,mp5_rep4,HJ+,0.1,3,1,0.0003674030303955078,20,1.0,inf,inf,inf,0.0,0.9258441097375743,0.40212365806405864,0.8556215833261936
corn_starch,mp5_rep4,mp5_rep4,HJ+,0.2,3,1,0.0003643035888671875,20,1.0,inf,inf,inf,0.0,0.9258441097375743,0.40212365806405864,0.8556215833261936
corn_starch,mp5_rep4,mp5_rep4,HJ+-D,0.05,3,1,0.0022170543670654297,20,1.0,inf,inf,inf,0.0,0.9258441097375743,0.40212365806405864,0.8556215833261936
corn_starch,mp5_rep4,mp5_rep4,HJ+-D,0.1,3,1,0.0023610591888427734,20,1.0,inf,inf,inf,0.0,0.9258441097375743,0.40212365806405864,0.8556215833261936
corn_starch,mp5_rep4,mp5_rep4,HJ+-D,0.2,3,1,0.0020699501037597656,20,1.0,inf,inf,inf,0.0,0.9258441097375743,0.40212365806405864,0.8556215833261936
corn_starch,mp5_rep4,mp5_rep4,HCP-D,0.05,3,1,0.00025534629821777344,20,1.0,inf,inf,inf,0.0,0.9258441097375743,0.40212365806405864,0.8556215833261936
corn_starch,mp5_rep4,mp5_rep4,HCP-D,0.1,3,1,0.00014901161193847656,20,1.0,inf,inf,inf,0.0,0.9258441097375743,0.40212365806405864,0.8556215833261936
corn_starch,mp5_rep4,mp5_rep4,HCP-D,0.2,3,1,0.0001499652862548828,20,1.0,inf,inf,inf,0.0,0.9258441097375743,0.40212365806405864,0.8556215833261936
corn_starch,mp5_rep4,mp5_rep4,HCP-A,0.05,3,1,0.0001373291015625,20,1.0,inf,inf,inf,0.0,0.9258441097375743,0.40212365806405864,0.8556215833261936
corn_starch,mp5_rep4,mp5_rep4,HCP-A,0.1,3,1,0.00012874603271484375,20,1.0,inf,inf,inf,0.0,0.9258441097375743,0.40212365806405864,0.8556215833261936
corn_starch,mp5_rep4,mp5_rep4,HCP-A,0.2,3,1,0.0001277923583984375,20,1.0,inf,inf,inf,0.0,0.9258441097375743,0.40212365806405864,0.8556215833261936
corn_starch,mp5_rep4,mp5_rep4,ORACLE,0.05,3,1,0.00013899803161621094,20,1.0,inf,inf,inf,0.0,0.9258441097375743,0.40212365806405864,0.8556215833261936
corn_starch,mp5_rep4,mp5_rep4,ORACLE,0.1,3,1,0.00013208389282226562,20,0.85,3.502166507783323,3.5021665077833184,5.50860992727158,1.0,0.9258441097375743,0.40212365806405864,0.8556215833261936
corn_starch,mp5_rep4,mp5_rep4,ORACLE,0.2,3,1,9.226799011230469e-05,20,0.75,2.6666946783517886,2.6666946783517886,4.655730450588646,1.0,0.9258441097375743,0.40212365806405864,0.8556215833261936
corn_starch,mp5_rep5,mp5_rep5,ASTM-R,0.05,3,1,0.01434016227722168,20,0.95,3.3921150329137246,3.3879573122832625,3.5443433263694173,1.0,0.699699228244281,0.10098342013019526,0.710360441395368
corn_starch,mp5_rep5,mp5_rep5,ASTM-R,0.1,3,1,0.00011754035949707031,20,0.9,2.839854030487885,2.8363732170203377,3.2689328773525546,1.0,0.699699228244281,0.10098342013019526,0.710360441395368
corn_starch,mp5_rep5,mp5_rep5,ASTM-R,0.2,3,1,9.703636169433594e-05,20,0.85,2.2075987257232748,2.204892868558453,2.7927361129502466,1.0,0.699699228244281,0.10098342013019526,0.710360441395368
corn_starch,mp5_rep5,mp5_rep5,ASTM-G,0.05,3,1,0.000152587890625,20,1.0,3.8253881925543154,3.8206994083434687,3.8253881925543154,1.0,0.699699228244281,0.10098342013019526,0.710360441395368
corn_starch,mp5_rep5,mp5_rep5,ASTM-G,0.1,3,1,0.00010824203491210938,20,0.95,3.2025871680049365,3.198661751970967,3.373096783274538,1.0,0.699699228244281,0.10098342013019526,0.710360441395368
corn_starch,mp5_rep5,mp5_rep5,ASTM-G,0.2,3,1,9.870529174804688e-05,20,0.9,2.4895742088162116,2.486522733866625,2.878579203928904,1.0,0.699699228244281,0.10098342013019526,0.710360441395368
corn_starch,mp5_rep5,mp5_rep5,GPR,0.05,3,1,0.025447607040405273,20,0.95,3.104517134887547,3.0999334642322403,3.5353251672719805,1.0,0.699699228244281,0.10098342013019526,0.710360441395368
corn_starch,mp5_rep5,mp5_rep5,GPR,0.1,3,1,0.00010776519775390625,20,0.9,2.605392910039168,2.6015461723635767,3.274725886323833,1.0,0.699699228244281,0.10098342013019526,0.710360441395368
corn_starch,mp5_rep5,mp5_rep5,GPR,0.2,3,1,8.225440979003906e-05,20,0.85,2.0299346446454427,2.0269375434994146,2.760200609959468,1.0,0.699699228244281,0.10098342013019526,0.710360441395368
corn_starch,mp5_rep5,mp5_rep5,BAG,0.05,3,1,0.019624710083007812,20,0.95,3.5265090861447677,3.3443175908069698,3.99765636224559,1.0,0.699699228244281,0.10098342013019526,0.710360441395368
corn_starch,mp5_rep5,mp5_rep5,BAG,0.1,3,1,9.34600830078125e-05,20,0.9,2.959539719391205,2.8066397966018464,3.5401781380991464,1.0,0.699699228244281,0.10098342013019526,0.710360441395368
corn_starch,mp5_rep5,mp5_rep5,BAG,0.2,3,1,7.534027099609375e-05,20,0.9,2.3058603504475386,2.18673173486032,2.897543217657649,1.0,0.699699228244281,0.10098342013019526,0.710360441395368
corn_starch,mp5_rep5,mp5_rep5,QGB,0.05,3,1,0.02976679801940918,20,0.8,1.877168969847586,1.929675488269318,5.279292415491154,1.0,0.699699228244281,0.10098342013019526,0.710360441395368
corn_starch,mp5_rep5,mp5_rep5,QGB,0.1,3,1,0.02627396583557129,20,0.75,1.7463060499301424,1.7278291839577662,3.7395862251704854,1.0,0.699699228244281,0.10098342013019526,0.710360441395368
corn_starch,mp5_rep5,mp5_rep5,QGB,0.2,3,1,0.02600693702697754,20,0.7,1.4866743865427114,1.3206401974204667,2.799170762654134,1.0,0.699699228244281,0.10098342013019526,0.710360441395368
corn_starch,mp5_rep5,mp5_rep5,SCP,0.05,3,1,2.8371810913085938e-05,20,1.0,4.251084789959961,4.251084789959961,4.251084789959961,1.0,0.699699228244281,0.10098342013019526,0.710360441395368
corn_starch,mp5_rep5,mp5_rep5,SCP,0.1,3,1,1.1920928955078125e-05,20,0.85,2.574787198305188,2.574787198305188,3.1766161580482333,1.0,0.699699228244281,0.10098342013019526,0.710360441395368
corn_starch,mp5_rep5,mp5_rep5,SCP,0.2,3,1,9.059906005859375e-06,20,0.8,2.027855657592937,2.027855657592937,2.875317487635101,1.0,0.699699228244281,0.10098342013019526,0.710360441395368
corn_starch,mp5_rep5,mp5_rep5,NCP-kNN,0.05,3,1,0.004380941390991211,20,1.0,4.618488692181394,4.606442950830424,4.618488692181394,1.0,0.699699228244281,0.10098342013019526,0.710360441395368
corn_starch,mp5_rep5,mp5_rep5,NCP-kNN,0.1,3,1,1.5497207641601562e-05,20,1.0,3.4822342656745695,3.473152053703629,3.4822342656745695,1.0,0.699699228244281,0.10098342013019526,0.710360441395368
corn_starch,mp5_rep5,mp5_rep5,NCP-kNN,0.2,3,1,1.1205673217773438e-05,20,0.8,2.2247258955377434,2.218923462209329,2.850135378786361,1.0,0.699699228244281,0.10098342013019526,0.710360441395368
corn_starch,mp5_rep5,mp5_rep5,CV+,0.05,3,1,0.005097150802612305,20,0.95,3.6100819840540823,3.491136125675453,4.005425841686749,1.0,0.699699228244281,0.10098342013019526,0.710360441395368
corn_starch,mp5_rep5,mp5_rep5,CV+,0.1,3,1,0.0045702457427978516,20,0.95,2.9947944394640293,2.827803953189161,3.4055889844487544,1.0,0.699699228244281,0.10098342013019526,0.710360441395368
corn_starch,mp5_rep5,mp5_rep5,CV+,0.2,3,1,0.004403114318847656,20,0.9,2.3758190887335715,2.307265813220109,2.851155053823348,1.0,0.699699228244281,0.10098342013019526,0.710360441395368
corn_starch,mp5_rep5,mp5_rep5,CQR,0.05,3,1,2.4557113647460938e-05,20,1.0,5.096486892711634,5.148993411133368,5.096486892711634,1.0,0.699699228244281,0.10098342013019526,0.710360441395368
corn_starch,mp5_rep5,mp5_rep5,CQR,0.1,3,1,1.3589859008789062e-05,20,0.95,2.9605736056710032,2.942096739698627,3.4086421739761783,1.0,0.699699228244281,0.10098342013019526,0.710360441395368
corn_starch,mp5_rep5,mp5_rep5,CQR,0.2,3,1,1.0967254638671875e-05,20,0.8,1.9836013622336928,1.817567173111442,2.7282954441490697,1.0,0.699699228244281,0.10098342013019526,0.710360441395368
corn_starch,mp5_rep5,mp5_rep5,WCP,0.05,3,1,0.00274658203125,20,1.0,inf,4.251084789959961,inf,0.9,0.699699228244281,0.10098342013019526,0.710360441395368
corn_starch,mp5_rep5,mp5_rep5,WCP,0.1,3,1,0.0001442432403564453,20,0.95,inf,2.574787198305188,inf,0.9,0.699699228244281,0.10098342013019526,0.710360441395368
corn_starch,mp5_rep5,mp5_rep5,WCP,0.2,3,1,7.843971252441406e-05,20,0.8,2.059614667342653,2.027855657592937,2.6972523200863305,1.0,0.699699228244281,0.10098342013019526,0.710360441395368
corn_starch,mp5_rep5,mp5_rep5,R-U-A,0.05,3,1,0.0002524852752685547,20,0.95,3.1265939828970772,3.1265939828970772,3.5311540048124073,1.0,0.699699228244281,0.10098342013019526,0.710360441395368
corn_starch,mp5_rep5,mp5_rep5,R-U-A,0.1,3,1,3.62396240234375e-05,20,0.9,2.763106367313937,2.763106367313931,3.2579986205092046,1.0,0.699699228244281,0.10098342013019526,0.710360441395368
corn_starch,mp5_rep5,mp5_rep5,R-U-A,0.2,3,1,3.8623809814453125e-05,20,0.85,2.1710421587148274,2.171042158714833,2.7782066047959666,1.0,0.699699228244281,0.10098342013019526,0.710360441395368
corn_starch,mp5_rep5,mp5_rep5,R-U-D,0.05,3,1,0.003432750701904297,20,0.95,3.131230672552751,3.123464819061226,3.55379158773754,1.0,0.699699228244281,0.10098342013019526,0.710360441395368
corn_starch,mp5_rep5,mp5_rep5,R-U-D,0.1,3,1,0.00039124488830566406,20,0.9,2.7497215182517225,2.7429018563723133,3.2758540774227045,1.0,0.699699228244281,0.10098342013019526,0.710360441395368
corn_starch,mp5_rep5,mp5_rep5,R-U-D,0.2,3,1,0.0003650188446044922,20,0.85,2.1747698581521786,2.1693761500985858,2.789100139712922,1.0,0.699699228244281,0.10098342013019526,0.710360441395368
corn_starch,mp5_rep5,mp5_rep5,G-U-A,0.05,3,1,3.933906555175781e-05,20,0.95,3.2549029015358713,3.2549029015358713,3.5311540048124073,1.0,0.699699228244281,0.10098342013019526,0.710360441395368
corn_starch,mp5_rep5,mp5_rep5,G-U-A,0.1,3,1,3.457069396972656e-05,20,0.95,3.0095480307062985,3.0095480307062985,3.270351017759353,1.0,0.699699228244281,0.10098342013019526,0.710360441395368
corn_starch,mp5_rep5,mp5_rep5,G-U-A,0.2,3,1,3.933906555175781e-05,20,0.9,2.4378159958832555,2.4378159958832555,2.8479073081962305,1.0,0.699699228244281,0.10098342013019526,0.710360441395368
corn_starch,mp5_rep5,mp5_rep5,G-W-A,0.05,3,1,0.00011086463928222656,20,0.95,3.2549029015358713,3.2549029015358713,3.5311540048124073,1.0,0.699699228244281,0.10098342013019526,0.710360441395368
corn_starch,mp5_rep5,mp5_rep5,G-W-A,0.1,3,1,9.393692016601562e-05,20,0.95,3.0095480307062985,3.0095480307062985,3.270351017759353,1.0,0.699699228244281,0.10098342013019526,0.710360441395368
corn_starch,mp5_rep5,mp5_rep5,G-W-A,0.2,3,1,6.937980651855469e-05,20,0.9,2.4378159958832555,2.4378159958832555,2.8479073081962305,1.0,0.699699228244281,0.10098342013019526,0.710360441395368
corn_starch,mp5_rep5,mp5_rep5,G-U-D,0.05,3,1,0.0033071041107177734,20,0.9,5.152768464484207,4.654239954497125,5.688259148268993,1.0,0.699699228244281,0.10098342013019526,0.710360441395368
corn_starch,mp5_rep5,mp5_rep5,G-U-D,0.1,3,1,0.0003726482391357422,20,0.85,4.570848772198954,4.128620784761381,5.1698453701509495,1.0,0.699699228244281,0.10098342013019526,0.710360441395368
corn_starch,mp5_rep5,mp5_rep5,G-U-D,0.2,3,1,0.00042939186096191406,20,0.85,3.8509165575288917,3.478341754926806,4.415762805313593,1.0,0.699699228244281,0.10098342013019526,0.710360441395368
corn_starch,mp5_rep5,mp5_rep5,GC-D,0.05,3,1,0.00041031837463378906,20,0.9,5.152768464484207,4.654239954497125,5.688259148268993,1.0,0.699699228244281,0.10098342013019526,0.710360441395368
corn_starch,mp5_rep5,mp5_rep5,GC-D,0.1,3,1,0.00041985511779785156,20,0.85,4.570848772198954,4.128620784761381,5.1698453701509495,1.0,0.699699228244281,0.10098342013019526,0.710360441395368
corn_starch,mp5_rep5,mp5_rep5,GC-D,0.2,3,1,0.0003838539123535156,20,0.85,3.8509165575288917,3.478341754926806,4.415762805313593,1.0,0.699699228244281,0.10098342013019526,0.710360441395368
corn_starch,mp5_rep5,mp5_rep5,GC-D+,0.05,3,1,0.00041556358337402344,20,1.0,inf,inf,inf,0.0,0.699699228244281,0.10098342013019526,0.710360441395368
corn_starch,mp5_rep5,mp5_rep5,GC-D+,0.1,3,1,0.00047659873962402344,20,1.0,inf,inf,inf,0.0,0.699699228244281,0.10098342013019526,0.710360441395368
corn_starch,mp5_rep5,mp5_rep5,GC-D+,0.2,3,1,0.00047516822814941406,20,1.0,inf,inf,inf,0.0,0.699699228244281,0.10098342013019526,0.710360441395368
corn_starch,mp5_rep5,mp5_rep5,HJ+,0.05,3,1,0.0016903877258300781,20,1.0,inf,inf,inf,0.0,0.699699228244281,0.10098342013019526,0.710360441395368
corn_starch,mp5_rep5,mp5_rep5,HJ+,0.1,3,1,0.00036215782165527344,20,1.0,inf,inf,inf,0.0,0.699699228244281,0.10098342013019526,0.710360441395368
corn_starch,mp5_rep5,mp5_rep5,HJ+,0.2,3,1,0.00036144256591796875,20,1.0,inf,inf,inf,0.0,0.699699228244281,0.10098342013019526,0.710360441395368
corn_starch,mp5_rep5,mp5_rep5,HJ+-D,0.05,3,1,0.0022437572479248047,20,1.0,inf,inf,inf,0.0,0.699699228244281,0.10098342013019526,0.710360441395368
corn_starch,mp5_rep5,mp5_rep5,HJ+-D,0.1,3,1,0.002104520797729492,20,1.0,inf,inf,inf,0.0,0.699699228244281,0.10098342013019526,0.710360441395368
corn_starch,mp5_rep5,mp5_rep5,HJ+-D,0.2,3,1,0.002159595489501953,20,1.0,inf,inf,inf,0.0,0.699699228244281,0.10098342013019526,0.710360441395368
corn_starch,mp5_rep5,mp5_rep5,HCP-D,0.05,3,1,0.0002722740173339844,20,1.0,inf,inf,inf,0.0,0.699699228244281,0.10098342013019526,0.710360441395368
corn_starch,mp5_rep5,mp5_rep5,HCP-D,0.1,3,1,0.00016164779663085938,20,1.0,inf,inf,inf,0.0,0.699699228244281,0.10098342013019526,0.710360441395368
corn_starch,mp5_rep5,mp5_rep5,HCP-D,0.2,3,1,0.0001385211944580078,20,1.0,inf,inf,inf,0.0,0.699699228244281,0.10098342013019526,0.710360441395368
corn_starch,mp5_rep5,mp5_rep5,HCP-A,0.05,3,1,0.0001468658447265625,20,1.0,inf,inf,inf,0.0,0.699699228244281,0.10098342013019526,0.710360441395368
corn_starch,mp5_rep5,mp5_rep5,HCP-A,0.1,3,1,0.00013780593872070312,20,1.0,inf,inf,inf,0.0,0.699699228244281,0.10098342013019526,0.710360441395368
corn_starch,mp5_rep5,mp5_rep5,HCP-A,0.2,3,1,0.00012826919555664062,20,1.0,inf,inf,inf,0.0,0.699699228244281,0.10098342013019526,0.710360441395368
corn_starch,mp5_rep5,mp5_rep5,ORACLE,0.05,3,1,0.0001087188720703125,20,1.0,inf,inf,inf,0.0,0.699699228244281,0.10098342013019526,0.710360441395368
corn_starch,mp5_rep5,mp5_rep5,ORACLE,0.1,3,1,0.0001277923583984375,20,0.9,2.9784705121315085,2.9784705121315085,3.8106821131901043,1.0,0.699699228244281,0.10098342013019526,0.710360441395368
corn_starch,mp5_rep5,mp5_rep5,ORACLE,0.2,3,1,0.000102996826171875,20,0.9,2.4823353248778313,2.482335324877827,3.1214209283576055,1.0,0.699699228244281,0.10098342013019526,0.710360441395368
corn_starch,mp5_rep6,mp5_rep6,ASTM-R,0.05,3,2,0.014506101608276367,20,0.95,2.5479131360361515,2.539589350727276,3.1170226011884603,1.0,0.6584057446074215,0.13334320857744614,0.6615115969531448
corn_starch,mp5_rep6,mp5_rep6,ASTM-R,0.1,3,2,0.0001251697540283203,20,0.9,2.1330497461034246,2.1260812792869537,2.764234437308517,1.0,0.6584057446074215,0.13334320857744614,0.6615115969531448
corn_starch,mp5_rep6,mp5_rep6,ASTM-R,0.2,3,2,9.34600830078125e-05,20,0.9,1.6581225617738178,1.6527056360455425,2.212262442443214,1.0,0.6584057446074215,0.13334320857744614,0.6615115969531448
corn_starch,mp5_rep6,mp5_rep6,ASTM-G,0.05,3,2,0.00012230873107910156,20,0.95,3.0957856381215647,3.0856720064401912,3.1183406451214593,1.0,0.6584057446074215,0.13334320857744614,0.6615115969531448
corn_starch,mp5_rep6,mp5_rep6,ASTM-G,0.1,3,2,0.0001010894775390625,20,0.95,2.5917150298377134,2.5832481479864384,2.854421503702545,1.0,0.6584057446074215,0.13334320857744614,0.6615115969531448
corn_starch,mp5_rep6,mp5_rep6,ASTM-G,0.2,3,2,9.989738464355469e-05,20,0.9,2.0146652334351374,2.008083517349462,2.3897200284802715,1.0,0.6584057446074215,0.13334320857744614,0.6615115969531448
corn_starch,mp5_rep6,mp5_rep6,GPR,0.05,3,2,0.037012338638305664,20,0.95,1.971517782415738,1.9405894813956053,3.252006659603957,1.0,0.6584057446074215,0.13334320857744614,0.6615115969531448
corn_starch,mp5_rep6,mp5_rep6,GPR,0.1,3,2,9.679794311523438e-05,20,0.9,1.6545498797861082,1.628594031357423,2.557936085696481,1.0,0.6584057446074215,0.13334320857744614,0.6615115969531448
corn_starch,mp5_rep6,mp5_rep6,GPR,0.2,3,2,0.0003275871276855469,20,0.65,1.2891061879113217,1.2688832588653582,2.196737382465023,1.0,0.6584057446074215,0.13334320857744614,0.6615115969531448
corn_starch,mp5_rep6,mp5_rep6,BAG,0.05,3,2,0.024703502655029297,20,0.95,3.110417348963883,2.9677804314270766,3.1912867838782595,1.0,0.6584057446074215,0.13334320857744614,0.6615115969531448
corn_starch,mp5_rep6,mp5_rep6,BAG,0.1,3,2,9.989738464355469e-05,20,0.9,2.61034452578303,2.4906398511062378,3.124382485499683,1.0,0.6584057446074215,0.13334320857744614,0.6615115969531448
corn_starch,mp5_rep6,mp5_rep6,BAG,0.2,3,2,7.581710815429688e-05,20,0.9,2.0337925872638847,1.9405273199346738,2.570860746410843,1.0,0.6584057446074215,0.13334320857744614,0.6615115969531448
corn_starch,mp5_rep6,mp5_rep6,QGB,0.05,3,2,0.030869722366333008,20,0.8,1.6256594184582156,1.7228043468888714,6.166410445761829,1.0,0.6584057446074215,0.13334320857744614,0.6615115969531448
corn_starch,mp5_rep6,mp5_rep6,QGB,0.1,3,2,0.026232481002807617,20,0.8,1.410580718378235,1.4680475071948216,4.048645676821736,1.0,0.6584057446074215,0.13334320857744614,0.6615115969531448
corn_starch,mp5_rep6,mp5_rep6,QGB,0.2,3,2,0.028125762939453125,20,0.8,1.1469372198744021,1.1629891495792783,2.656977287567034,1.0,0.6584057446074215,0.13334320857744614,0.6615115969531448
corn_starch,mp5_rep6,mp5_rep6,SCP,0.05,3,2,2.86102294921875e-05,20,0.8,1.5641842055226678,1.5641842055226718,3.7713315992047454,1.0,0.6584057446074215,0.13334320857744614,0.6615115969531448
corn_starch,mp5_rep6,mp5_rep6,SCP,0.1,3,2,1.049041748046875e-05,20,0.65,1.4230074385264513,1.4230074385264473,2.848188865753539,1.0,0.6584057446074215,0.13334320857744614,0.6615115969531448
corn_starch,mp5_rep6,mp5_rep6,SCP,0.2,3,2,9.059906005859375e-06,20,0.6,1.2192141910852854,1.2192141910852854,2.328061591089959,1.0,0.6584057446074215,0.13334320857744614,0.6615115969531448
corn_starch,mp5_rep6,mp5_rep6,NCP-kNN,0.05,3,2,0.005584001541137695,20,0.95,2.483943569776844,2.6903728118154504,2.6122067183208943,1.0,0.6584057446074215,0.13334320857744614,0.6615115969531448
corn_starch,mp5_rep6,mp5_rep6,NCP-kNN,0.1,3,2,1.811981201171875e-05,20,0.85,1.6909597796238267,1.8314877488871844,2.3086511813505006,1.0,0.6584057446074215,0.13334320857744614,0.6615115969531448
corn_starch,mp5_rep6,mp5_rep6,NCP-kNN,0.2,3,2,1.1920928955078125e-05,20,0.65,1.3665241988289405,1.4800898039513584,2.049996417726049,1.0,0.6584057446074215,0.13334320857744614,0.6615115969531448
corn_starch,mp5_rep6,mp5_rep6,CV+,0.05,3,2,0.0051648616790771484,20,0.95,2.8885430656395146,2.766912506000537,3.434088140068487,1.0,0.6584057446074215,0.13334320857744614,0.6615115969531448
corn_starch,mp5_rep6,mp5_rep6,CV+,0.1,3,2,0.004415035247802734,20,0.95,2.5616755525905845,2.470671969620483,2.958612856720427,1.0,0.6584057446074215,0.13334320857744614,0.6615115969531448
corn_starch,mp5_rep6,mp5_rep6,CV+,0.2,3,2,0.004382133483886719,20,0.9,1.9531446696630421,1.9097429748448604,2.3554440762779896,1.0,0.6584057446074215,0.13334320857744614,0.6615115969531448
corn_starch,mp5_rep6,mp5_rep6,CQR,0.05,3,2,2.5272369384765625e-05,20,0.85,2.2375201375297853,2.3346650659604364,4.441687296258579,1.0,0.6584057446074215,0.13334320857744614,0.6615115969531448
corn_starch,mp5_rep6,mp5_rep6,CQR,0.1,3,2,1.5497207641601562e-05,20,0.8,1.652572636711977,1.7100394255285707,3.8066537584880082,1.0,0.6584057446074215,0.13334320857744614,0.6615115969531448
corn_starch,mp5_rep6,mp5_rep6,CQR,0.2,3,2,1.2636184692382812e-05,20,0.8,1.3883091965957841,1.4043611263006603,2.656977287567034,1.0,0.6584057446074215,0.13334320857744614,0.6615115969531448
corn_starch,mp5_rep6,mp5_rep6,WCP,0.05,3,2,0.0028340816497802734,20,1.0,inf,inf,inf,0.25,0.6584057446074215,0.13334320857744614,0.6615115969531448
corn_starch,mp5_rep6,mp5_rep6,WCP,0.1,3,2,0.000118255615234375,20,0.85,inf,inf,inf,0.5,0.6584057446074215,0.13334320857744614,0.6615115969531448
corn_starch,mp5_rep6,mp5_rep6,WCP,0.2,3,2,9.417533874511719e-05,20,0.8,inf,1.2192141910852854,inf,0.7,0.6584057446074215,0.13334320857744614,0.6615115969531448
corn_starch,mp5_rep6,mp5_rep6,R-U-A,0.05,3,2,5.316734313964844e-05,20,0.9,2.235008625195519,2.235008625195519,3.312933585194159,1.0,0.6584057446074215,0.13334320857744614,0.6615115969531448
corn_starch,mp5_rep6,mp5_rep6,R-U-A,0.1,3,2,3.4332275390625e-05,20,0.9,2.1241157332098624,2.1241157332098624,2.773971105194839,1.0,0.6584057446074215,0.13334320857744614,0.6615115969531448
corn_starch,mp5_rep6,mp5_rep6,R-U-A,0.2,3,2,7.534027099609375e-05,20,0.9,1.6863437098478595,1.6863437098478542,2.230157407521345,1.0,0.6584057446074215,0.13334320857744614,0.6615115969531448
corn_starch,mp5_rep6,mp5_rep6,R-U-D,0.05,3,2,0.003237009048461914,20,0.95,2.6089749273556078,2.5378621111819477,3.19793065251648,1.0,0.6584057446074215,0.13334320857744614,0.6615115969531448
corn_starch,mp5_rep6,mp5_rep6,R-U-D,0.1,3,2,0.00037097930908203125,20,0.95,2.2729946832067056,2.211039678819432,2.729858370053394,1.0,0.6584057446074215,0.13334320857744614,0.6615115969531448
corn_starch,mp5_rep6,mp5_rep6,R-U-D,0.2,3,2,0.0003714561462402344,20,0.9,1.8432187149496844,1.7929781119183161,2.2765809687162912,1.0,0.6584057446074215,0.13334320857744614,0.6615115969531448
corn_starch,mp5_rep6,mp5_rep6,G-U-A,0.05,3,2,4.029273986816406e-05,20,0.95,2.661748883223494,2.6617488832234883,3.110892960737472,1.0,0.6584057446074215,0.13334320857744614,0.6615115969531448
corn_starch,mp5_rep6,mp5_rep6,G-U-A,0.1,3,2,3.457069396972656e-05,20,0.9,2.334442069935619,2.334442069935619,2.773971105194839,1.0,0.6584057446074215,0.13334320857744614,0.6615115969531448
corn_starch,mp5_rep6,mp5_rep6,G-U-A,0.2,3,2,3.719329833984375e-05,20,0.9,1.9867147664351705,1.9867147664351705,2.380342935815005,1.0,0.6584057446074215,0.13334320857744614,0.6615115969531448
corn_starch,mp5_rep6,mp5_rep6,G-W-A,0.05,3,2,0.0001049041748046875,20,0.95,2.661748883223494,2.6617488832234883,3.110892960737472,1.0,0.6584057446074215,0.13334320857744614,0.6615115969531448
corn_starch,mp5_rep6,mp5_rep6,G-W-A,0.1,3,2,8.320808410644531e-05,20,0.9,2.334442069935619,2.334442069935619,2.773971105194839,1.0,0.6584057446074215,0.13334320857744614,0.6615115969531448
corn_starch,mp5_rep6,mp5_rep6,G-W-A,0.2,3,2,6.866455078125e-05,20,0.9,1.9867147664351705,1.9867147664351705,2.380342935815005,1.0,0.6584057446074215,0.13334320857744614,0.6615115969531448
corn_starch,mp5_rep6,mp5_rep6,G-U-D,0.05,3,2,0.0032796859741210938,20,1.0,3.2011421607113393,3.0584198581344317,3.2011421607113393,1.0,0.6584057446074215,0.13334320857744614,0.6615115969531448
corn_starch,mp5_rep6,mp5_rep6,G-U-D,0.1,3,2,0.00038695335388183594,20,1.0,2.9982592761380578,2.8645824676335856,2.9982592761380578,1.0,0.6584057446074215,0.13334320857744614,0.6615115969531448
corn_starch,mp5_rep6,mp5_rep6,G-U-D,0.2,3,2,0.0003345012664794922,20,0.9,2.574795748308427,2.4599989790883576,2.6653998108152934,1.0,0.6584057446074215,0.13334320857744614,0.6615115969531448
corn_starch,mp5_rep6,mp5_rep6,GC-D,0.05,3,2,0.00041413307189941406,20,1.0,3.2011421607113393,3.0584198581344317,3.2011421607113393,1.0,0.6584057446074215,0.13334320857744614,0.6615115969531448
corn_starch,mp5_rep6,mp5_rep6,GC-D,0.1,3,2,0.00037097930908203125,20,1.0,2.9982592761380578,2.8645824676335856,2.9982592761380578,1.0,0.6584057446074215,0.13334320857744614,0.6615115969531448
corn_starch,mp5_rep6,mp5_rep6,GC-D,0.2,3,2,0.00039505958557128906,20,0.9,2.574795748308427,2.4599989790883576,2.6653998108152934,1.0,0.6584057446074215,0.13334320857744614,0.6615115969531448
corn_starch,mp5_rep6,mp5_rep6,GC-D+,0.05,3,2,0.0003809928894042969,20,1.0,inf,inf,inf,0.0,0.6584057446074215,0.13334320857744614,0.6615115969531448
corn_starch,mp5_rep6,mp5_rep6,GC-D+,0.1,3,2,0.00039005279541015625,20,1.0,inf,inf,inf,0.0,0.6584057446074215,0.13334320857744614,0.6615115969531448
corn_starch,mp5_rep6,mp5_rep6,GC-D+,0.2,3,2,0.0004718303680419922,20,1.0,inf,inf,inf,0.0,0.6584057446074215,0.13334320857744614,0.6615115969531448
corn_starch,mp5_rep6,mp5_rep6,HJ+,0.05,3,2,0.0014848709106445312,20,1.0,inf,inf,inf,0.0,0.6584057446074215,0.13334320857744614,0.6615115969531448
corn_starch,mp5_rep6,mp5_rep6,HJ+,0.1,3,2,0.0004048347473144531,20,1.0,inf,inf,inf,0.0,0.6584057446074215,0.13334320857744614,0.6615115969531448
corn_starch,mp5_rep6,mp5_rep6,HJ+,0.2,3,2,0.0003337860107421875,20,1.0,inf,inf,inf,0.0,0.6584057446074215,0.13334320857744614,0.6615115969531448
corn_starch,mp5_rep6,mp5_rep6,HJ+-D,0.05,3,2,0.0021636486053466797,20,1.0,inf,inf,inf,0.0,0.6584057446074215,0.13334320857744614,0.6615115969531448
corn_starch,mp5_rep6,mp5_rep6,HJ+-D,0.1,3,2,0.0020210742950439453,20,1.0,inf,inf,inf,0.0,0.6584057446074215,0.13334320857744614,0.6615115969531448
corn_starch,mp5_rep6,mp5_rep6,HJ+-D,0.2,3,2,0.002026081085205078,20,1.0,inf,inf,inf,0.0,0.6584057446074215,0.13334320857744614,0.6615115969531448
corn_starch,mp5_rep6,mp5_rep6,HCP-D,0.05,3,2,0.0002696514129638672,20,1.0,inf,inf,inf,0.0,0.6584057446074215,0.13334320857744614,0.6615115969531448
corn_starch,mp5_rep6,mp5_rep6,HCP-D,0.1,3,2,0.00015807151794433594,20,1.0,inf,inf,inf,0.0,0.6584057446074215,0.13334320857744614,0.6615115969531448
corn_starch,mp5_rep6,mp5_rep6,HCP-D,0.2,3,2,0.00014925003051757812,20,1.0,inf,inf,inf,0.0,0.6584057446074215,0.13334320857744614,0.6615115969531448
corn_starch,mp5_rep6,mp5_rep6,HCP-A,0.05,3,2,0.00013494491577148438,20,1.0,inf,inf,inf,0.0,0.6584057446074215,0.13334320857744614,0.6615115969531448
corn_starch,mp5_rep6,mp5_rep6,HCP-A,0.1,3,2,0.0001277923583984375,20,1.0,inf,inf,inf,0.0,0.6584057446074215,0.13334320857744614,0.6615115969531448
corn_starch,mp5_rep6,mp5_rep6,HCP-A,0.2,3,2,0.00012612342834472656,20,1.0,inf,inf,inf,0.0,0.6584057446074215,0.13334320857744614,0.6615115969531448
corn_starch,mp5_rep6,mp5_rep6,ORACLE,0.05,3,2,0.00012755393981933594,20,1.0,inf,inf,inf,0.0,0.6584057446074215,0.13334320857744614,0.6615115969531448
corn_starch,mp5_rep6,mp5_rep6,ORACLE,0.1,3,2,0.00010251998901367188,20,0.95,2.77397110519484,2.7739711051948355,3.1108929607374742,1.0,0.6584057446074215,0.13334320857744614,0.6615115969531448
corn_starch,mp5_rep6,mp5_rep6,ORACLE,0.2,3,2,8.916854858398438e-05,20,0.75,1.5113644719311086,1.5113644719311026,2.2530744300479517,1.0,0.6584057446074215,0.13334320857744614,0.6615115969531448
corn_starch,mp5_rep7,mp5_rep7,ASTM-R,0.05,3,1,0.013937711715698242,20,1.0,3.2596778987422197,3.254044157981113,3.2596778987422197,1.0,0.7203569565943567,0.4255865072424001,0.5962958200574596
corn_starch,mp5_rep7,mp5_rep7,ASTM-R,0.1,3,1,0.0001456737518310547,20,1.0,2.7289786251393364,2.7242620983553287,2.7289786251393364,1.0,0.7203569565943567,0.4255865072424001,0.5962958200574596
corn_starch,mp5_rep7,mp5_rep7,ASTM-R,0.2,3,1,0.00014662742614746094,20,0.9,2.1214082381370316,2.1177417826057194,2.257441618838377,1.0,0.7203569565943567,0.4255865072424001,0.5962958200574596
corn_starch,mp5_rep7,mp5_rep7,ASTM-G,0.05,3,1,0.00011014938354492188,20,1.0,3.550698949474392,3.544562233509353,3.550698949474392,1.0,0.7203569565943567,0.4255865072424001,0.5962958200574596
corn_starch,mp5_rep7,mp5_rep7,ASTM-G,0.1,3,1,0.0001423358917236328,20,1.0,2.972619331854605,2.967481717888635,2.972619331854605,1.0,0.7203569565943567,0.4255865072424001,0.5962958200574596
corn_starch,mp5_rep7,mp5_rep7,ASTM-G,0.2,3,1,0.0001201629638671875,20,0.95,2.310805618391304,2.3068118250755987,2.3624362922603814,1.0,0.7203569565943567,0.4255865072424001,0.5962958200574596
corn_starch,mp5_rep7,mp5_rep7,GPR,0.05,3,1,0.027280807495117188,20,1.0,2.4416409788241706,2.4339186975938,2.4416409788241706,1.0,0.7203569565943567,0.4255865072424001,0.5962958200574596
corn_starch,mp5_rep7,mp5_rep7,GPR,0.1,3,1,9.72747802734375e-05,20,0.8,2.049089703387966,2.0426089606853886,2.45542772528363,1.0,0.7203569565943567,0.4255865072424001,0.5962958200574596
corn_starch,mp5_rep7,mp5_rep7,GPR,0.2,3,1,9.012222290039062e-05,20,0.65,1.5965032233203371,1.5914538950273567,2.3385684413998864,1.0,0.7203569565943567,0.4255865072424001,0.5962958200574596
corn_starch,mp5_rep7,mp5_rep7,BAG,0.05,3,1,0.02005290985107422,20,1.0,3.1632875938609772,3.1397197584275425,3.1632875938609772,1.0,0.7203569565943567,0.4255865072424001,0.5962958200574596
corn_starch,mp5_rep7,mp5_rep7,BAG,0.1,3,1,9.918212890625e-05,20,0.8,2.654714633990507,2.634935883004335,3.217546895038899,1.0,0.7203569565943567,0.4255865072424001,0.5962958200574596
corn_starch,mp5_rep7,mp5_rep7,BAG,0.2,3,1,8.344650268554688e-05,20,0.7,2.0683625822500415,2.0529524029638573,3.0822510329057122,1.0,0.7203569565943567,0.4255865072424001,0.5962958200574596
corn_starch,mp5_rep7,mp5_rep7,QGB,0.05,3,1,0.02969217300415039,20,0.85,2.1140727497682925,2.152427637014103,3.5757349655823374,1.0,0.7203569565943567,0.4255865072424001,0.5962958200574596
corn_starch,mp5_rep7,mp5_rep7,QGB,0.1,3,1,0.026851654052734375,20,0.65,1.7968281579574685,1.7989781097418174,3.766686659819276,1.0,0.7203569565943567,0.4255865072424001,0.5962958200574596
corn_starch,mp5_rep7,mp5_rep7,QGB,0.2,3,1,0.026811599731445312,20,0.6,1.4005072365215514,1.4497094423579533,3.442909756308815,1.0,0.7203569565943567,0.4255865072424001,0.5962958200574596
corn_starch,mp5_rep7,mp5_rep7,SCP,0.05,3,1,2.9802322387695312e-05,20,1.0,4.3071081126097805,4.307108112609775,4.3071081126097805,1.0,0.7203569565943567,0.4255865072424001,0.5962958200574596
corn_starch,mp5_rep7,mp5_rep7,SCP,0.1,3,1,1.0251998901367188e-05,20,1.0,3.366506418216219,3.3665064182162254,3.366506418216219,1.0,0.7203569565943567,0.4255865072424001,0.5962958200574596
corn_starch,mp5_rep7,mp5_rep7,SCP,0.2,3,1,8.58306884765625e-06,20,0.65,1.7957467002147212,1.7957467002147212,3.051903167671906,1.0,0.7203569565943567,0.4255865072424001,0.5962958200574596
corn_starch,mp5_rep7,mp5_rep7,NCP-kNN,0.05,3,1,0.004713296890258789,20,1.0,4.020584364211581,4.044959729688202,4.020584364211581,1.0,0.7203569565943567,0.4255865072424001,0.5962958200574596
corn_starch,mp5_rep7,mp5_rep7,NCP-kNN,0.1,3,1,1.6927719116210938e-05,20,1.0,3.1899996727140114,3.209339500174128,3.1899996727140114,1.0,0.7203569565943567,0.4255865072424001,0.5962958200574596
corn_starch,mp5_rep7,mp5_rep7,NCP-kNN,0.2,3,1,2.2411346435546875e-05,20,0.6,1.625532869737448,1.6353878943320836,3.2220170868581377,1.0,0.7203569565943567,0.4255865072424001,0.5962958200574596
corn_starch,mp5_rep7,mp5_rep7,CV+,0.05,3,1,0.005093097686767578,20,1.0,3.5877662412843088,3.5524990117734134,3.5877662412843088,1.0,0.7203569565943567,0.4255865072424001,0.5962958200574596
corn_starch,mp5_rep7,mp5_rep7,CV+,0.1,3,1,0.0044171810150146484,20,0.95,2.8025272638217187,2.793813321345766,2.8514707738297203,1.0,0.7203569565943567,0.4255865072424001,0.5962958200574596
corn_starch,mp5_rep7,mp5_rep7,CV+,0.2,3,1,0.0044329166412353516,20,0.75,2.1479364001491787,2.1443117086159518,2.826745838081313,1.0,0.7203569565943567,0.4255865072424001,0.5962958200574596
corn_starch,mp5_rep7,mp5_rep7,CQR,0.05,3,1,2.7894973754882812e-05,20,1.0,4.099409731657029,4.137764618902839,4.099409731657029,1.0,0.7203569565943567,0.4255865072424001,0.5962958200574596
corn_starch,mp5_rep7,mp5_rep7,CQR,0.1,3,1,1.239776611328125e-05,20,0.95,3.1398106732008157,3.141960624985167,3.1831257834315876,1.0,0.7203569565943567,0.4255865072424001,0.5962958200574596
corn_starch,mp5_rep7,mp5_rep7,CQR,0.2,3,1,1.1444091796875e-05,20,0.7,1.812051382311981,1.861253588148383,3.0924096975456474,1.0,0.7203569565943567,0.4255865072424001,0.5962958200574596
corn_starch,mp5_rep7,mp5_rep7,WCP,0.05,3,1,0.0028367042541503906,20,1.0,inf,4.307108112609789,inf,0.6,0.7203569565943567,0.4255865072424001,0.5962958200574596
corn_starch,mp5_rep7,mp5_rep7,WCP,0.1,3,1,0.0001475811004638672,20,1.0,inf,3.3665064182162183,inf,0.85,0.7203569565943567,0.4255865072424001,0.5962958200574596
corn_starch,mp5_rep7,mp5_rep7,WCP,0.2,3,1,8.368492126464844e-05,20,0.7,2.0750109873580405,1.7957467002147212,3.0997835813563617,1.0,0.7203569565943567,0.4255865072424001,0.5962958200574596
corn_starch,mp5_rep7,mp5_rep7,R-U-A,0.05,3,1,5.1021575927734375e-05,20,1.0,3.4911302177821426,3.4911302177821426,3.4911302177821426,1.0,0.7203569565943567,0.4255865072424001,0.5962958200574596
corn_starch,mp5_rep7,mp5_rep7,R-U-A,0.1,3,1,3.5762786865234375e-05,20,0.95,2.4935873525850805,2.493587352585081,2.5050970488951303,1.0,0.7203569565943567,0.4255865072424001,0.5962958200574596
corn_starch,mp5_rep7,mp5_rep7,R-U-A,0.2,3,1,3.528594970703125e-05,20,0.9,2.0932991821911746,2.093299182191174,2.241435039754919,1.0,0.7203569565943567,0.4255865072424001,0.5962958200574596
corn_starch,mp5_rep7,mp5_rep7,R-U-D,0.05,3,1,0.002964019775390625,20,1.0,3.5519483010504005,3.575410605320304,3.5519483010504005,1.0,0.7203569565943567,0.4255865072424001,0.5962958200574596
corn_starch,mp5_rep7,mp5_rep7,R-U-D,0.1,3,1,0.0004138946533203125,20,0.95,2.4626460869099747,2.4789130330767044,2.572122206816265,1.0,0.7203569565943567,0.4255865072424001,0.5962958200574596
corn_starch,mp5_rep7,mp5_rep7,R-U-D,0.2,3,1,0.0003516674041748047,20,0.85,1.974824659219302,1.9878693133378924,2.245634725406,1.0,0.7203569565943567,0.4255865072424001,0.5962958200574596
corn_starch,mp5_rep7,mp5_rep7,G-U-A,0.05,3,1,3.838539123535156e-05,20,1.0,3.742119832697938,3.742119832697938,3.742119832697938,1.0,0.7203569565943567,0.4255865072424001,0.5962958200574596
corn_starch,mp5_rep7,mp5_rep7,G-U-A,0.1,3,1,3.8623809814453125e-05,20,1.0,3.0080539982621697,3.00805399826217,3.0080539982621697,1.0,0.7203569565943567,0.4255865072424001,0.5962958200574596
corn_starch,mp5_rep7,mp5_rep7,G-U-A,0.2,3,1,3.457069396972656e-05,20,0.9,2.157518338298758,2.1575183382987575,2.2735446178087106,1.0,0.7203569565943567,0.4255865072424001,0.5962958200574596
corn_starch,mp5_rep7,mp5_rep7,G-W-A,0.05,3,1,9.679794311523438e-05,20,1.0,3.742119832697938,3.742119832697938,3.742119832697938,1.0,0.7203569565943567,0.4255865072424001,0.5962958200574596
corn_starch,mp5_rep7,mp5_rep7,G-W-A,0.1,3,1,7.367134094238281e-05,20,1.0,3.0080539982621697,3.00805399826217,3.0080539982621697,1.0,0.7203569565943567,0.4255865072424001,0.5962958200574596
corn_starch,mp5_rep7,mp5_rep7,G-W-A,0.2,3,1,7.152557373046875e-05,20,0.9,2.157518338298758,2.1575183382987575,2.2735446178087106,1.0,0.7203569565943567,0.4255865072424001,0.5962958200574596
corn_starch,mp5_rep7,mp5_rep7,G-U-D,0.05,3,1,0.002995729446411133,20,1.0,6.43881510674319,6.341157646564124,6.43881510674319,1.0,0.7203569565943567,0.4255865072424001,0.5962958200574596
corn_starch,mp5_rep7,mp5_rep7,G-U-D,0.1,3,1,0.00038123130798339844,20,1.0,4.691347433663611,4.620193802507256,4.691347433663611,1.0,0.7203569565943567,0.4255865072424001,0.5962958200574596
corn_starch,mp5_rep7,mp5_rep7,G-U-D,0.2,3,1,0.00036072731018066406,20,0.95,3.789052043103388,3.731583519332883,3.8992101195643882,1.0,0.7203569565943567,0.4255865072424001,0.5962958200574596
corn_starch,mp5_rep7,mp5_rep7,GC-D,0.05,3,1,0.0004220008850097656,20,1.0,6.43881510674319,6.341157646564124,6.43881510674319,1.0,0.7203569565943567,0.4255865072424001,0.5962958200574596
corn_starch,mp5_rep7,mp5_rep7,GC-D,0.1,3,1,0.0004754066467285156,20,1.0,4.691347433663611,4.620193802507256,4.691347433663611,1.0,0.7203569565943567,0.4255865072424001,0.5962958200574596
corn_starch,mp5_rep7,mp5_rep7,GC-D,0.2,3,1,0.00038814544677734375,20,0.95,3.789052043103388,3.731583519332883,3.8992101195643882,1.0,0.7203569565943567,0.4255865072424001,0.5962958200574596
corn_starch,mp5_rep7,mp5_rep7,GC-D+,0.05,3,1,0.0004372596740722656,20,1.0,inf,inf,inf,0.0,0.7203569565943567,0.4255865072424001,0.5962958200574596
corn_starch,mp5_rep7,mp5_rep7,GC-D+,0.1,3,1,0.0003974437713623047,20,1.0,inf,inf,inf,0.0,0.7203569565943567,0.4255865072424001,0.5962958200574596
corn_starch,mp5_rep7,mp5_rep7,GC-D+,0.2,3,1,0.0004076957702636719,20,1.0,inf,inf,inf,0.0,0.7203569565943567,0.4255865072424001,0.5962958200574596
corn_starch,mp5_rep7,mp5_rep7,HJ+,0.05,3,1,0.0016858577728271484,20,1.0,inf,inf,inf,0.0,0.7203569565943567,0.4255865072424001,0.5962958200574596
corn_starch,mp5_rep7,mp5_rep7,HJ+,0.1,3,1,0.00045013427734375,20,1.0,inf,inf,inf,0.0,0.7203569565943567,0.4255865072424001,0.5962958200574596
corn_starch,mp5_rep7,mp5_rep7,HJ+,0.2,3,1,0.0004467964172363281,20,1.0,inf,inf,inf,0.0,0.7203569565943567,0.4255865072424001,0.5962958200574596
corn_starch,mp5_rep7,mp5_rep7,HJ+-D,0.05,3,1,0.00266265869140625,20,1.0,inf,inf,inf,0.0,0.7203569565943567,0.4255865072424001,0.5962958200574596
corn_starch,mp5_rep7,mp5_rep7,HJ+-D,0.1,3,1,0.0024077892303466797,20,1.0,inf,inf,inf,0.0,0.7203569565943567,0.4255865072424001,0.5962958200574596
corn_starch,mp5_rep7,mp5_rep7,HJ+-D,0.2,3,1,0.0025823116302490234,20,1.0,inf,inf,inf,0.0,0.7203569565943567,0.4255865072424001,0.5962958200574596
corn_starch,mp5_rep7,mp5_rep7,HCP-D,0.05,3,1,0.000255584716796875,20,1.0,inf,inf,inf,0.0,0.7203569565943567,0.4255865072424001,0.5962958200574596
corn_starch,mp5_rep7,mp5_rep7,HCP-D,0.1,3,1,0.00018525123596191406,20,1.0,inf,inf,inf,0.0,0.7203569565943567,0.4255865072424001,0.5962958200574596
corn_starch,mp5_rep7,mp5_rep7,HCP-D,0.2,3,1,0.00016021728515625,20,1.0,inf,inf,inf,0.0,0.7203569565943567,0.4255865072424001,0.5962958200574596
corn_starch,mp5_rep7,mp5_rep7,HCP-A,0.05,3,1,0.00013685226440429688,20,1.0,inf,inf,inf,0.0,0.7203569565943567,0.4255865072424001,0.5962958200574596
corn_starch,mp5_rep7,mp5_rep7,HCP-A,0.1,3,1,0.0001354217529296875,20,1.0,inf,inf,inf,0.0,0.7203569565943567,0.4255865072424001,0.5962958200574596
corn_starch,mp5_rep7,mp5_rep7,HCP-A,0.2,3,1,0.0001544952392578125,20,1.0,inf,inf,inf,0.0,0.7203569565943567,0.4255865072424001,0.5962958200574596
corn_starch,mp5_rep7,mp5_rep7,ORACLE,0.05,3,1,0.00012135505676269531,20,1.0,inf,inf,inf,0.0,0.7203569565943567,0.4255865072424001,0.5962958200574596
corn_starch,mp5_rep7,mp5_rep7,ORACLE,0.1,3,1,9.608268737792969e-05,20,0.95,2.3895708973186665,2.3895708973186665,2.516606745205184,1.0,0.7203569565943567,0.4255865072424001,0.5962958200574596
corn_starch,mp5_rep7,mp5_rep7,ORACLE,0.2,3,1,8.7738037109375e-05,20,0.85,2.006299603289843,2.006299603289847,2.2304486121483396,1.0,0.7203569565943567,0.4255865072424001,0.5962958200574596
corn_starch,mp5_rep8,mp5_rep8,ASTM-R,0.05,3,1,0.016204833984375,20,1.0,3.61438564697512,3.606817355327834,3.61438564697512,1.0,0.6475702681304172,0.36262051074416063,0.5504578164956918
corn_starch,mp5_rep8,mp5_rep8,ASTM-R,0.1,3,1,0.00011944770812988281,20,0.95,3.0259373717297295,3.019601253016212,3.2741498489047034,1.0,0.6475702681304172,0.36262051074416063,0.5504578164956918
corn_starch,mp5_rep8,mp5_rep8,ASTM-R,0.2,3,1,9.489059448242188e-05,20,0.95,2.352253113798721,2.3473276466980053,2.644314061804515,1.0,0.6475702681304172,0.36262051074416063,0.5504578164956918
corn_starch,mp5_rep8,mp5_rep8,ASTM-G,0.05,3,1,0.00010132789611816406,20,1.0,3.615333933315907,3.607763656017866,3.615333933315907,1.0,0.6475702681304172,0.36262051074416063,0.5504578164956918
corn_starch,mp5_rep8,mp5_rep8,ASTM-G,0.1,3,1,9.608268737792969e-05,20,0.95,3.02673127015617,3.020393489070287,3.2745478972635467,1.0,0.6475702681304172,0.36262051074416063,0.5504578164956918
corn_starch,mp5_rep8,mp5_rep8,ASTM-G,0.2,3,1,9.799003601074219e-05,20,0.95,2.352870261418192,2.3479435020499615,2.6447773497369367,1.0,0.6475702681304172,0.36262051074416063,0.5504578164956918
corn_starch,mp5_rep8,mp5_rep8,GPR,0.05,3,1,0.027646541595458984,20,0.95,2.2497116231193948,2.2409864213281594,3.713861059139858,1.0,0.6475702681304172,0.36262051074416063,0.5504578164956918
corn_starch,mp5_rep8,mp5_rep8,GPR,0.1,3,1,0.000102996826171875,20,0.9,1.8880175105621682,1.8806950903925177,2.8676762248009986,1.0,0.6475702681304172,0.36262051074416063,0.5504578164956918
corn_starch,mp5_rep8,mp5_rep8,GPR,0.2,3,1,8.320808410644531e-05,20,0.8,1.4710073630812797,1.4653022602817032,2.2525554428576724,1.0,0.6475702681304172,0.36262051074416063,0.5504578164956918
corn_starch,mp5_rep8,mp5_rep8,BAG,0.05,3,1,0.017499685287475586,20,0.95,3.3560489478096436,3.22826907572351,3.595172475749126,1.0,0.6475702681304172,0.36262051074416063,0.5504578164956918
corn_starch,mp5_rep8,mp5_rep8,BAG,0.1,3,1,9.775161743164062e-05,20,0.95,2.816485061753211,2.7092488126638727,3.215677107958973,1.0,0.6475702681304172,0.36262051074416063,0.5504578164956918
corn_starch,mp5_rep8,mp5_rep8,BAG,0.2,3,1,7.581710815429688e-05,20,0.8,2.1944024568997706,2.1108516894322236,2.7468536094322547,1.0,0.6475702681304172,0.36262051074416063,0.5504578164956918
corn_starch,mp5_rep8,mp5_rep8,QGB,0.05,3,1,0.03042745590209961,20,0.85,2.3271605984126564,2.342272936437258,3.95590123609811,1.0,0.6475702681304172,0.36262051074416063,0.5504578164956918
corn_starch,mp5_rep8,mp5_rep8,QGB,0.1,3,1,0.025853633880615234,20,0.85,2.175648026068731,2.1793619166923612,3.2459616441678945,1.0,0.6475702681304172,0.36262051074416063,0.5504578164956918
corn_starch,mp5_rep8,mp5_rep8,QGB,0.2,3,1,0.025973081588745117,20,0.75,1.8373504175498478,1.8476720994273705,2.6994974449192686,1.0,0.6475702681304172,0.36262051074416063,0.5504578164956918
corn_starch,mp5_rep8,mp5_rep8,SCP,0.05,3,1,2.86102294921875e-05,20,1.0,5.338774995063498,5.3387749950634955,5.338774995063498,1.0,0.6475702681304172,0.36262051074416063,0.5504578164956918
corn_starch,mp5_rep8,mp5_rep8,SCP,0.1,3,1,1.1444091796875e-05,20,1.0,4.095500533422684,4.095500533422687,4.095500533422684,1.0,0.6475702681304172,0.36262051074416063,0.5504578164956918
corn_starch,mp5_rep8,mp5_rep8,SCP,0.2,3,1,9.059906005859375e-06,20,0.85,2.499078338480018,2.499078338480018,2.8080862535810844,1.0,0.6475702681304172,0.36262051074416063,0.5504578164956918
corn_starch,mp5_rep8,mp5_rep8,NCP-kNN,0.05,3,1,0.004183292388916016,20,1.0,5.111187323273144,5.279236780065986,5.111187323273144,1.0,0.6475702681304172,0.36262051074416063,0.5504578164956918
corn_starch,mp5_rep8,mp5_rep8,NCP-kNN,0.1,3,1,1.6927719116210938e-05,20,1.0,3.920912649108452,4.049827360923967,3.920912649108452,1.0,0.6475702681304172,0.36262051074416063,0.5504578164956918
corn_starch,mp5_rep8,mp5_rep8,NCP-kNN,0.2,3,1,1.239776611328125e-05,20,0.9,2.638303894562255,2.7250480321360833,2.839442235783543,1.0,0.6475702681304172,0.36262051074416063,0.5504578164956918
corn_starch,mp5_rep8,mp5_rep8,CV+,0.05,3,1,0.005039215087890625,20,1.0,3.6374320247692267,3.5945264995173716,3.6374320247692267,1.0,0.6475702681304172,0.36262051074416063,0.5504578164956918
corn_starch,mp5_rep8,mp5_rep8,CV+,0.1,3,1,0.004271268844604492,20,0.95,3.1244577340737942,3.057453916413884,3.466571013047742,1.0,0.6475702681304172,0.36262051074416063,0.5504578164956918
corn_starch,mp5_rep8,mp5_rep8,CV+,0.2,3,1,0.004273176193237305,20,0.9,2.537419550382144,2.4578532283494745,3.0657570423629474,1.0,0.6475702681304172,0.36262051074416063,0.5504578164956918
corn_starch,mp5_rep8,mp5_rep8,CQR,0.05,3,1,2.4080276489257812e-05,20,1.0,4.089416508105269,4.10452884612987,4.089416508105269,1.0,0.6475702681304172,0.36262051074416063,0.5504578164956918
corn_starch,mp5_rep8,mp5_rep8,CQR,0.1,3,1,1.5020370483398438e-05,20,0.95,3.2935254405685184,3.2972393311921486,3.365304112701021,1.0,0.6475702681304172,0.36262051074416063,0.5504578164956918
corn_starch,mp5_rep8,mp5_rep8,CQR,0.2,3,1,1.1920928955078125e-05,20,0.85,2.119045909121686,2.129367590999209,2.715735531699865,1.0,0.6475702681304172,0.36262051074416063,0.5504578164956918
corn_starch,mp5_rep8,mp5_rep8,WCP,0.05,3,1,0.002597808837890625,20,1.0,inf,4.95909383605829,inf,0.8,0.6475702681304172,0.36262051074416063,0.5504578164956918
corn_starch,mp5_rep8,mp5_rep8,WCP,0.1,3,1,0.00010967254638671875,20,1.0,4.171137587620883,4.095500533422687,4.171137587620883,1.0,0.6475702681304172,0.36262051074416063,0.5504578164956918
corn_starch,mp5_rep8,mp5_rep8,WCP,0.2,3,1,8.034706115722656e-05,20,0.85,2.6473607409188915,2.499078338480018,2.956368656019958,1.0,0.6475702681304172,0.36262051074416063,0.5504578164956918
corn_starch,mp5_rep8,mp5_rep8,R-U-A,0.05,3,1,5.1021575927734375e-05,20,0.95,3.275572819856251,3.275572819856251,3.5139835569374185,1.0,0.6475702681304172,0.36262051074416063,0.5504578164956918
corn_starch,mp5_rep8,mp5_rep8,R-U-A,0.1,3,1,3.457069396972656e-05,20,0.95,2.6872341241230515,2.6872341241230515,3.100608840530235,1.0,0.6475702681304172,0.36262051074416063,0.5504578164956918
corn_starch,mp5_rep8,mp5_rep8,R-U-A,0.2,3,1,3.314018249511719e-05,20,0.95,2.3586330902833197,2.3586330902833197,2.6474707069468444,1.0,0.6475702681304172,0.36262051074416063,0.5504578164956918
corn_starch,mp5_rep8,mp5_rep8,R-U-D,0.05,3,1,0.0028066635131835938,20,0.95,3.382255068493426,3.3894123406890806,3.4144956682586,1.0,0.6475702681304172,0.36262051074416063,0.5504578164956918
corn_starch,mp5_rep8,mp5_rep8,R-U-D,0.1,3,1,0.00041103363037109375,20,0.95,2.8778655260975023,2.8839554473174154,3.1535988210595187,1.0,0.6475702681304172,0.36262051074416063,0.5504578164956918
corn_starch,mp5_rep8,mp5_rep8,R-U-D,0.2,3,1,0.00034117698669433594,20,0.95,2.4127631954734223,2.417868902341759,2.6703256325401714,1.0,0.6475702681304172,0.36262051074416063,0.5504578164956918
corn_starch,mp5_rep8,mp5_rep8,G-U-A,0.05,3,1,4.00543212890625e-05,20,0.95,3.208289787775115,3.208289787775122,3.5139835569374185,1.0,0.6475702681304172,0.36262051074416063,0.5504578164956918
corn_starch,mp5_rep8,mp5_rep8,G-U-A,0.1,3,1,3.6716461181640625e-05,20,0.95,2.837624482623852,2.837624482623852,3.175804019780635,1.0,0.6475702681304172,0.36262051074416063,0.5504578164956918
corn_starch,mp5_rep8,mp5_rep8,G-U-A,0.2,3,1,3.218650817871094e-05,20,0.95,2.377698342418938,2.377698342418938,2.6617696460485583,1.0,0.6475702681304172,0.36262051074416063,0.5504578164956918
corn_starch,mp5_rep8,mp5_rep8,G-W-A,0.05,3,1,9.918212890625e-05,20,0.95,3.208289787775115,3.208289787775122,3.5139835569374185,1.0,0.6475702681304172,0.36262051074416063,0.5504578164956918
corn_starch,mp5_rep8,mp5_rep8,G-W-A,0.1,3,1,7.390975952148438e-05,20,0.95,2.837624482623852,2.837624482623852,3.175804019780635,1.0,0.6475702681304172,0.36262051074416063,0.5504578164956918
corn_starch,mp5_rep8,mp5_rep8,G-W-A,0.2,3,1,6.794929504394531e-05,20,0.95,2.377698342418938,2.377698342418938,2.6617696460485583,1.0,0.6475702681304172,0.36262051074416063,0.5504578164956918
corn_starch,mp5_rep8,mp5_rep8,G-U-D,0.05,3,1,0.003309965133666992,20,0.95,3.1248800289135916,3.1132232918706677,3.4540899970940275,1.0,0.6475702681304172,0.36262051074416063,0.5504578164956918
corn_starch,mp5_rep8,mp5_rep8,G-U-D,0.1,3,1,0.00035381317138671875,20,0.95,2.7193161789459275,2.7091723163524044,3.0905897432665164,1.0,0.6475702681304172,0.36262051074416063,0.5504578164956918
corn_starch,mp5_rep8,mp5_rep8,G-U-D,0.2,3,1,0.0003612041473388672,20,0.95,2.355331706547334,2.346545614890033,2.633708699826686,1.0,0.6475702681304172,0.36262051074416063,0.5504578164956918
corn_starch,mp5_rep8,mp5_rep8,GC-D,0.05,3,1,0.0004153251647949219,20,0.95,3.1248800289135916,3.1132232918706677,3.4540899970940275,1.0,0.6475702681304172,0.36262051074416063,0.5504578164956918
corn_starch,mp5_rep8,mp5_rep8,GC-D,0.1,3,1,0.0004684925079345703,20,0.95,2.7193161789459275,2.7091723163524044,3.0905897432665164,1.0,0.6475702681304172,0.36262051074416063,0.5504578164956918
corn_starch,mp5_rep8,mp5_rep8,GC-D,0.2,3,1,0.0004591941833496094,20,0.95,2.355331706547334,2.346545614890033,2.633708699826686,1.0,0.6475702681304172,0.36262051074416063,0.5504578164956918
corn_starch,mp5_rep8,mp5_rep8,GC-D+,0.05,3,1,0.0006508827209472656,20,1.0,inf,inf,inf,0.0,0.6475702681304172,0.36262051074416063,0.5504578164956918
corn_starch,mp5_rep8,mp5_rep8,GC-D+,0.1,3,1,0.0005080699920654297,20,1.0,inf,inf,inf,0.0,0.6475702681304172,0.36262051074416063,0.5504578164956918
corn_starch,mp5_rep8,mp5_rep8,GC-D+,0.2,3,1,0.00038886070251464844,20,1.0,inf,inf,inf,0.0,0.6475702681304172,0.36262051074416063,0.5504578164956918
corn_starch,mp5_rep8,mp5_rep8,HJ+,0.05,3,1,0.001722097396850586,20,1.0,inf,inf,inf,0.0,0.6475702681304172,0.36262051074416063,0.5504578164956918
corn_starch,mp5_rep8,mp5_rep8,HJ+,0.1,3,1,0.00044035911560058594,20,1.0,inf,inf,inf,0.0,0.6475702681304172,0.36262051074416063,0.5504578164956918
corn_starch,mp5_rep8,mp5_rep8,HJ+,0.2,3,1,0.0003387928009033203,20,1.0,inf,inf,inf,0.0,0.6475702681304172,0.36262051074416063,0.5504578164956918
corn_starch,mp5_rep8,mp5_rep8,HJ+-D,0.05,3,1,0.0027785301208496094,20,1.0,inf,inf,inf,0.0,0.6475702681304172,0.36262051074416063,0.5504578164956918
corn_starch,mp5_rep8,mp5_rep8,HJ+-D,0.1,3,1,0.002168893814086914,20,1.0,inf,inf,inf,0.0,0.6475702681304172,0.36262051074416063,0.5504578164956918
corn_starch,mp5_rep8,mp5_rep8,HJ+-D,0.2,3,1,0.00225830078125,20,1.0,inf,inf,inf,0.0,0.6475702681304172,0.36262051074416063,0.5504578164956918
corn_starch,mp5_rep8,mp5_rep8,HCP-D,0.05,3,1,0.00027441978454589844,20,1.0,inf,inf,inf,0.0,0.6475702681304172,0.36262051074416063,0.5504578164956918
corn_starch,mp5_rep8,mp5_rep8,HCP-D,0.1,3,1,0.0002865791320800781,20,1.0,inf,inf,inf,0.0,0.6475702681304172,0.36262051074416063,0.5504578164956918
corn_starch,mp5_rep8,mp5_rep8,HCP-D,0.2,3,1,0.00016832351684570312,20,1.0,inf,inf,inf,0.0,0.6475702681304172,0.36262051074416063,0.5504578164956918
corn_starch,mp5_rep8,mp5_rep8,HCP-A,0.05,3,1,0.0001430511474609375,20,1.0,inf,inf,inf,0.0,0.6475702681304172,0.36262051074416063,0.5504578164956918
corn_starch,mp5_rep8,mp5_rep8,HCP-A,0.1,3,1,0.0003418922424316406,20,1.0,inf,inf,inf,0.0,0.6475702681304172,0.36262051074416063,0.5504578164956918
corn_starch,mp5_rep8,mp5_rep8,HCP-A,0.2,3,1,0.0001666545867919922,20,1.0,inf,inf,inf,0.0,0.6475702681304172,0.36262051074416063,0.5504578164956918
corn_starch,mp5_rep8,mp5_rep8,ORACLE,0.05,3,1,0.0001354217529296875,20,1.0,inf,inf,inf,0.0,0.6475702681304172,0.36262051074416063,0.5504578164956918
corn_starch,mp5_rep8,mp5_rep8,ORACLE,0.1,3,1,0.00010776519775390625,20,0.95,2.9297212400118644,2.929721240011858,3.5139835569374176,1.0,0.6475702681304172,0.36262051074416063,0.5504578164956918
corn_starch,mp5_rep8,mp5_rep8,ORACLE,0.2,3,1,9.72747802734375e-05,20,0.75,1.49930987114582,1.4993098711458117,2.718896043330237,1.0,0.6475702681304172,0.36262051074416063,0.5504578164956918
corn_starch,mp5_rep9,mp5_rep9,ASTM-R,0.05,3,1,0.018674612045288086,20,0.95,3.1253104755951684,3.1184422344999376,3.6549228051678258,1.0,0.8898652547794202,0.6763849026747693,0.5932636186005655
corn_starch,mp5_rep9,mp5_rep9,ASTM-R,0.1,3,1,0.0002357959747314453,20,0.85,2.6164871959018514,2.6107371544181746,3.253998242793327,1.0,0.8898652547794202,0.6763849026747693,0.5932636186005655
corn_starch,mp5_rep9,mp5_rep9,ASTM-R,0.2,3,1,0.0002117156982421875,20,0.65,2.0339615126457216,2.029491640562174,3.001535153150517,1.0,0.8898652547794202,0.6763849026747693,0.5932636186005655
corn_starch,mp5_rep9,mp5_rep9,ASTM-G,0.05,3,1,0.0002474784851074219,20,0.95,3.4345543820308038,3.4270065407092254,3.6556408494764767,1.0,0.8898652547794202,0.6763849026747693,0.5932636186005655
corn_starch,mp5_rep9,mp5_rep9,ASTM-G,0.1,3,1,0.0002529621124267578,20,0.95,2.875383944854583,2.869064947004979,3.264863218407882,1.0,0.8898652547794202,0.6763849026747693,0.5932636186005655
corn_starch,mp5_rep9,mp5_rep9,ASTM-G,0.2,3,1,0.00023031234741210938,20,0.75,2.2352183825221474,2.2303062245552674,2.889841710095729,1.0,0.8898652547794202,0.6763849026747693,0.5932636186005655
corn_starch,mp5_rep9,mp5_rep9,GPR,0.05,3,1,0.030236005783081055,20,0.7,2.3818351423980046,2.3709433958423745,5.707340258919503,1.0,0.8898652547794202,0.6763849026747693,0.5932636186005655
corn_starch,mp5_rep9,mp5_rep9,GPR,0.1,3,1,0.00010514259338378906,20,0.65,1.9988990632872348,1.9897584214350417,4.915049077327575,1.0,0.8898652547794202,0.6763849026747693,0.5932636186005655
corn_starch,mp5_rep9,mp5_rep9,GPR,0.2,3,1,8.559226989746094e-05,20,0.55,1.5573982887882614,1.550276558511598,3.8865896838769323,1.0,0.8898652547794202,0.6763849026747693,0.5932636186005655
corn_starch,mp5_rep9,mp5_rep9,BAG,0.05,3,1,0.01822805404663086,20,0.95,3.1336164492842005,3.107312030406643,3.8478559094834948,1.0,0.8898652547794202,0.6763849026747693,0.5932636186005655
corn_starch,mp5_rep9,mp5_rep9,BAG,0.1,3,1,0.00010395050048828125,20,0.85,2.629813824507332,2.6077384602981475,3.526037737284349,1.0,0.8898652547794202,0.6763849026747693,0.5932636186005655
corn_starch,mp5_rep9,mp5_rep9,BAG,0.2,3,1,9.059906005859375e-05,20,0.7,2.0489616636189827,2.0317621285973324,3.2579286402920786,1.0,0.8898652547794202,0.6763849026747693,0.5932636186005655
corn_starch,mp5_rep9,mp5_rep9,QGB,0.05,3,1,0.029860258102416992,20,0.65,1.9359038583307917,1.9500417274249529,7.798184710471662,1.0,0.8898652547794202,0.6763849026747693,0.5932636186005655
corn_starch,mp5_rep9,mp5_rep9,QGB,0.1,3,1,0.02588677406311035,20,0.55,1.7469990552492551,1.752494687605978,5.728635703411143,1.0,0.8898652547794202,0.6763849026747693,0.5932636186005655
corn_starch,mp5_rep9,mp5_rep9,QGB,0.2,3,1,0.02567005157470703,20,0.55,1.4876858186446769,1.5292614681365109,4.0288782312783145,1.0,0.8898652547794202,0.6763849026747693,0.5932636186005655
corn_starch,mp5_rep9,mp5_rep9,SCP,0.05,3,1,3.218650817871094e-05,20,0.95,3.5991541086976495,3.599154108697654,3.7665252036513293,1.0,0.8898652547794202,0.6763849026747693,0.5932636186005655
corn_starch,mp5_rep9,mp5_rep9,SCP,0.1,3,1,1.1205673217773438e-05,20,0.9,3.1864364143553585,3.186436414355363,3.5456233334904708,1.0,0.8898652547794202,0.6763849026747693,0.5932636186005655
corn_starch,mp5_rep9,mp5_rep9,SCP,0.2,3,1,8.821487426757812e-06,20,0.6,1.8726313849906546,1.8726313849906546,3.714117743379539,1.0,0.8898652547794202,0.6763849026747693,0.5932636186005655
corn_starch,mp5_rep9,mp5_rep9,NCP-kNN,0.05,3,1,0.0042836666107177734,20,0.95,4.0737227625333485,4.024601401224736,4.202625962871606,1.0,0.8898652547794202,0.6763849026747693,0.5932636186005655
corn_starch,mp5_rep9,mp5_rep9,NCP-kNN,0.1,3,1,1.8596649169921875e-05,20,0.95,3.6544817636622513,3.6104156527428657,3.906113539199528,1.0,0.8898652547794202,0.6763849026747693,0.5932636186005655
corn_starch,mp5_rep9,mp5_rep9,NCP-kNN,0.2,3,1,1.2874603271484375e-05,20,0.6,1.805094776614914,1.7833287611329922,3.711542280296554,1.0,0.8898652547794202,0.6763849026747693,0.5932636186005655
corn_starch,mp5_rep9,mp5_rep9,CV+,0.05,3,1,0.0050506591796875,20,0.95,3.325587790698903,3.3246202152660302,3.7349542498675263,1.0,0.8898652547794202,0.6763849026747693,0.5932636186005655
corn_starch,mp5_rep9,mp5_rep9,CV+,0.1,3,1,0.004361629486083984,20,0.9,2.7284670799656086,2.698942789842466,3.1694389489277954,1.0,0.8898652547794202,0.6763849026747693,0.5932636186005655
corn_starch,mp5_rep9,mp5_rep9,CV+,0.2,3,1,0.00435185432434082,20,0.7,2.133855373076349,2.128243428872402,2.985029521233974,1.0,0.8898652547794202,0.6763849026747693,0.5932636186005655
corn_starch,mp5_rep9,mp5_rep9,CQR,0.05,3,1,2.1219253540039062e-05,20,1.0,3.3605669268476417,3.3747047959418026,3.3605669268476417,1.0,0.8898652547794202,0.6763849026747693,0.5932636186005655
corn_starch,mp5_rep9,mp5_rep9,CQR,0.1,3,1,1.1920928955078125e-05,20,0.75,2.9097400762452357,2.9152357086019585,3.5674494544873596,1.0,0.8898652547794202,0.6763849026747693,0.5932636186005655
corn_starch,mp5_rep9,mp5_rep9,CQR,0.2,3,1,1.3589859008789062e-05,20,0.75,2.3105178514415727,2.3520935009334067,3.431306735135115,1.0,0.8898652547794202,0.6763849026747693,0.5932636186005655
corn_starch,mp5_rep9,mp5_rep9,WCP,0.05,3,1,0.002452373504638672,20,1.0,inf,3.599154108697654,inf,0.65,0.8898652547794202,0.6763849026747693,0.5932636186005655
corn_starch,mp5_rep9,mp5_rep9,WCP,0.1,3,1,0.00010323524475097656,20,0.95,3.4610231401175695,3.3866449262667615,3.5447086875944094,1.0,0.8898652547794202,0.6763849026747693,0.5932636186005655
corn_starch,mp5_rep9,mp5_rep9,WCP,0.2,3,1,7.677078247070312e-05,20,0.9,3.1813590600086856,3.186436414355363,3.3609525195762417,1.0,0.8898652547794202,0.6763849026747693,0.5932636186005655
corn_starch,mp5_rep9,mp5_rep9,R-U-A,0.05,3,1,5.125999450683594e-05,20,0.95,3.208051079434756,3.2080510794347603,3.647666036794848,1.0,0.8898652547794202,0.6763849026747693,0.5932636186005655
corn_starch,mp5_rep9,mp5_rep9,R-U-A,0.1,3,1,4.9591064453125e-05,20,0.85,2.48469874716983,2.48469874716983,3.3098327723290097,1.0,0.8898652547794202,0.6763849026747693,0.5932636186005655
corn_starch,mp5_rep9,mp5_rep9,R-U-A,0.2,3,1,3.528594970703125e-05,20,0.6,1.9777178195003557,1.9777178195003557,3.0435953532651396,1.0,0.8898652547794202,0.6763849026747693,0.5932636186005655
corn_starch,mp5_rep9,mp5_rep9,R-U-D,0.05,3,1,0.0029420852661132812,20,0.9,3.120462557552004,3.094689653809187,3.8433736561786858,1.0,0.8898652547794202,0.6763849026747693,0.5932636186005655
corn_starch,mp5_rep9,mp5_rep9,R-U-D,0.1,3,1,0.0003802776336669922,20,0.85,2.408918334299734,2.389022303115528,3.5559695203187474,1.0,0.8898652547794202,0.6763849026747693,0.5932636186005655
corn_starch,mp5_rep9,mp5_rep9,R-U-D,0.2,3,1,0.00036144256591796875,20,0.65,1.9190113676877254,1.9031616356853078,3.109587725021163,1.0,0.8898652547794202,0.6763849026747693,0.5932636186005655
corn_starch,mp5_rep9,mp5_rep9,G-U-A,0.05,3,1,3.814697265625e-05,20,0.95,3.147942525049064,3.147942525049068,3.647666036794848,1.0,0.8898652547794202,0.6763849026747693,0.5932636186005655
corn_starch,mp5_rep9,mp5_rep9,G-U-A,0.1,3,1,7.343292236328125e-05,20,0.85,2.601421445961961,2.601421445961961,3.251471422932944,1.0,0.8898652547794202,0.6763849026747693,0.5932636186005655
corn_starch,mp5_rep9,mp5_rep9,G-U-A,0.2,3,1,3.528594970703125e-05,20,0.7,2.127698930174489,2.127698930174489,2.9367681472926783,1.0,0.8898652547794202,0.6763849026747693,0.5932636186005655
corn_starch,mp5_rep9,mp5_rep9,G-W-A,0.05,3,1,0.00010418891906738281,20,0.95,3.147942525049064,3.147942525049068,3.647666036794848,1.0,0.8898652547794202,0.6763849026747693,0.5932636186005655
corn_starch,mp5_rep9,mp5_rep9,G-W-A,0.1,3,1,8.392333984375e-05,20,0.85,2.601421445961961,2.601421445961961,3.251471422932944,1.0,0.8898652547794202,0.6763849026747693,0.5932636186005655
corn_starch,mp5_rep9,mp5_rep9,G-W-A,0.2,3,1,6.914138793945312e-05,20,0.7,2.127698930174489,2.127698930174489,2.9367681472926783,1.0,0.8898652547794202,0.6763849026747693,0.5932636186005655
corn_starch,mp5_rep9,mp5_rep9,G-U-D,0.05,3,1,0.0029163360595703125,20,0.95,3.2650256085613334,3.1709059202470655,3.8954654775939472,1.0,0.8898652547794202,0.6763849026747693,0.5932636186005655
corn_starch,mp5_rep9,mp5_rep9,G-U-D,0.1,3,1,0.00044536590576171875,20,0.85,2.6829222437444273,2.6055826343121105,3.5452829166503492,1.0,0.8898652547794202,0.6763849026747693,0.5932636186005655
corn_starch,mp5_rep9,mp5_rep9,G-U-D,0.2,3,1,0.00034999847412109375,20,0.75,2.3003068909514486,2.2339967930962246,3.0307704797440653,1.0,0.8898652547794202,0.6763849026747693,0.5932636186005655
corn_starch,mp5_rep9,mp5_rep9,GC-D,0.05,3,1,0.00042057037353515625,20,0.95,3.2650256085613334,3.1709059202470655,3.8954654775939472,1.0,0.8898652547794202,0.6763849026747693,0.5932636186005655
corn_starch,mp5_rep9,mp5_rep9,GC-D,0.1,3,1,0.0003802776336669922,20,0.85,2.6829222437444273,2.6055826343121105,3.5452829166503492,1.0,0.8898652547794202,0.6763849026747693,0.5932636186005655
corn_starch,mp5_rep9,mp5_rep9,GC-D,0.2,3,1,0.0004112720489501953,20,0.75,2.3003068909514486,2.2339967930962246,3.0307704797440653,1.0,0.8898652547794202,0.6763849026747693,0.5932636186005655
corn_starch,mp5_rep9,mp5_rep9,GC-D+,0.05,3,1,0.0003972053527832031,20,1.0,inf,inf,inf,0.0,0.8898652547794202,0.6763849026747693,0.5932636186005655
corn_starch,mp5_rep9,mp5_rep9,GC-D+,0.1,3,1,0.0004107952117919922,20,1.0,inf,inf,inf,0.0,0.8898652547794202,0.6763849026747693,0.5932636186005655
corn_starch,mp5_rep9,mp5_rep9,GC-D+,0.2,3,1,0.00037217140197753906,20,1.0,inf,inf,inf,0.0,0.8898652547794202,0.6763849026747693,0.5932636186005655
corn_starch,mp5_rep9,mp5_rep9,HJ+,0.05,3,1,0.001598358154296875,20,1.0,inf,inf,inf,0.0,0.8898652547794202,0.6763849026747693,0.5932636186005655
corn_starch,mp5_rep9,mp5_rep9,HJ+,0.1,3,1,0.00034928321838378906,20,1.0,inf,inf,inf,0.0,0.8898652547794202,0.6763849026747693,0.5932636186005655
corn_starch,mp5_rep9,mp5_rep9,HJ+,0.2,3,1,0.00034999847412109375,20,1.0,inf,inf,inf,0.0,0.8898652547794202,0.6763849026747693,0.5932636186005655
corn_starch,mp5_rep9,mp5_rep9,HJ+-D,0.05,3,1,0.0021448135375976562,20,1.0,inf,inf,inf,0.0,0.8898652547794202,0.6763849026747693,0.5932636186005655
corn_starch,mp5_rep9,mp5_rep9,HJ+-D,0.1,3,1,0.0019693374633789062,20,1.0,inf,inf,inf,0.0,0.8898652547794202,0.6763849026747693,0.5932636186005655
corn_starch,mp5_rep9,mp5_rep9,HJ+-D,0.2,3,1,0.002024412155151367,20,1.0,inf,inf,inf,0.0,0.8898652547794202,0.6763849026747693,0.5932636186005655
corn_starch,mp5_rep9,mp5_rep9,HCP-D,0.05,3,1,0.000278472900390625,20,1.0,inf,inf,inf,0.0,0.8898652547794202,0.6763849026747693,0.5932636186005655
corn_starch,mp5_rep9,mp5_rep9,HCP-D,0.1,3,1,0.0001552104949951172,20,1.0,inf,inf,inf,0.0,0.8898652547794202,0.6763849026747693,0.5932636186005655
corn_starch,mp5_rep9,mp5_rep9,HCP-D,0.2,3,1,0.0001468658447265625,20,1.0,inf,inf,inf,0.0,0.8898652547794202,0.6763849026747693,0.5932636186005655
corn_starch,mp5_rep9,mp5_rep9,HCP-A,0.05,3,1,0.00014710426330566406,20,1.0,inf,inf,inf,0.0,0.8898652547794202,0.6763849026747693,0.5932636186005655
corn_starch,mp5_rep9,mp5_rep9,HCP-A,0.1,3,1,0.0001304149627685547,20,1.0,inf,inf,inf,0.0,0.8898652547794202,0.6763849026747693,0.5932636186005655
corn_starch,mp5_rep9,mp5_rep9,HCP-A,0.2,3,1,0.00012564659118652344,20,1.0,inf,inf,inf,0.0,0.8898652547794202,0.6763849026747693,0.5932636186005655
corn_starch,mp5_rep9,mp5_rep9,ORACLE,0.05,3,1,0.00013971328735351562,20,1.0,inf,inf,inf,0.0,0.8898652547794202,0.6763849026747693,0.5932636186005655
corn_starch,mp5_rep9,mp5_rep9,ORACLE,0.1,3,1,0.00010275840759277344,20,0.95,3.2331980548060955,3.2331980548060955,3.6476660367948455,1.0,0.8898652547794202,0.6763849026747693,0.5932636186005655
corn_starch,mp5_rep9,mp5_rep9,ORACLE,0.2,3,1,9.298324584960938e-05,20,0.8,2.483594753127153,2.4835947531271536,2.938776032584428,1.0,0.8898652547794202,0.6763849026747693,0.5932636186005655
corn_starch,mp6_rep0,mp6_rep0,ASTM-R,0.05,3,2,0.01421976089477539,20,0.95,2.4274615234733643,2.423441464560991,2.53303013863606,1.0,0.5672222781019065,0.13655847445658367,0.5648408213863695
corn_starch,mp6_rep0,mp6_rep0,ASTM-R,0.1,3,2,0.00010991096496582031,20,0.95,2.0322106405778273,2.028845146864132,2.2826693954974333,1.0,0.5672222781019065,0.13655847445658367,0.5648408213863695
corn_starch,mp6_rep0,mp6_rep0,ASTM-R,0.2,3,2,0.00010275840759277344,20,0.85,1.5797354560410373,1.5771192952748017,1.867868859466265,1.0,0.5672222781019065,0.13655847445658367,0.5648408213863695
corn_starch,mp6_rep0,mp6_rep0,ASTM-G,0.05,3,2,0.00014448165893554688,20,1.0,2.872647389245242,2.8678900690456963,2.872647389245242,1.0,0.5672222781019065,0.13655847445658367,0.5648408213863695
corn_starch,mp6_rep0,mp6_rep0,ASTM-G,0.1,3,2,0.00010061264038085938,20,0.95,2.404909216727428,2.400926506131743,2.468972473869992,1.0,0.5672222781019065,0.13655847445658367,0.5648408213863695
corn_starch,mp6_rep0,mp6_rep0,ASTM-G,0.2,3,2,9.465217590332031e-05,20,0.95,1.8694520550015354,1.8663561017506538,2.0353811688131644,1.0,0.5672222781019065,0.13655847445658367,0.5648408213863695
corn_starch,mp6_rep0,mp6_rep0,GPR,0.05,3,2,0.03310799598693848,20,0.95,1.9600472854475774,1.9000636016690073,2.4445264632672568,1.0,0.5672222781019065,0.13655847445658367,0.5648408213863695
corn_starch,mp6_rep0,mp6_rep0,GPR,0.1,3,2,0.0001323223114013672,20,0.8,1.644923535276804,1.594583640972953,2.151888631873512,1.0,0.5672222781019065,0.13655847445658367,0.5648408213863695
corn_starch,mp6_rep0,mp6_rep0,GPR,0.2,3,2,8.940696716308594e-05,20,0.8,1.281606033080377,1.242384810415107,1.9044751288593755,1.0,0.5672222781019065,0.13655847445658367,0.5648408213863695
corn_starch,mp6_rep0,mp6_rep0,BAG,0.05,3,2,0.021605491638183594,20,1.0,2.6253579098728212,2.5586776589543554,2.6253579098728212,1.0,0.5672222781019065,0.13655847445658367,0.5648408213863695
corn_starch,mp6_rep0,mp6_rep0,BAG,0.1,3,2,0.000110626220703125,20,0.95,2.2032698121814893,2.147309981575205,2.2338064938542463,1.0,0.5672222781019065,0.13655847445658367,0.5648408213863695
corn_starch,mp6_rep0,mp6_rep0,BAG,0.2,3,2,8.130073547363281e-05,20,0.85,1.7166292677066572,1.673029395142919,2.003787854370258,1.0,0.5672222781019065,0.13655847445658367,0.5648408213863695
corn_starch,mp6_rep0,mp6_rep0,QGB,0.05,3,2,0.03145313262939453,20,0.8,1.511101761107558,1.6121409160117715,4.897313583738242,1.0,0.5672222781019065,0.13655847445658367,0.5648408213863695
corn_starch,mp6_rep0,mp6_rep0,QGB,0.1,3,2,0.027639389038085938,20,0.55,1.1361652100691682,1.2572106248385992,4.380645723327193,1.0,0.5672222781019065,0.13655847445658367,0.5648408213863695
corn_starch,mp6_rep0,mp6_rep0,QGB,0.2,3,2,0.02710700035095215,20,0.45,0.9754448487393358,0.9808671369389792,2.78268524060736,1.0,0.5672222781019065,0.13655847445658367,0.5648408213863695
corn_starch,mp6_rep0,mp6_rep0,SCP,0.05,3,2,2.8371810913085938e-05,20,1.0,3.2217858620140154,3.2217858620140127,3.2217858620140154,1.0,0.5672222781019065,0.13655847445658367,0.5648408213863695
corn_starch,mp6_rep0,mp6_rep0,SCP,0.1,3,2,1.3589859008789062e-05,20,0.95,2.7569673827388366,2.7569673827388392,2.805094009365889,1.0,0.5672222781019065,0.13655847445658367,0.5648408213863695
corn_starch,mp6_rep0,mp6_rep0,SCP,0.2,3,2,9.059906005859375e-06,20,0.85,1.7193307043978905,1.7193307043978905,2.1105335022179332,1.0,0.5672222781019065,0.13655847445658367,0.5648408213863695
corn_starch,mp6_rep0,mp6_rep0,NCP-kNN,0.05,3,2,0.005222797393798828,20,0.95,2.5533401056348026,2.514790415529877,2.579870840034303,1.0,0.5672222781019065,0.13655847445658367,0.5648408213863695
corn_starch,mp6_rep0,mp6_rep0,NCP-kNN,0.1,3,2,1.5974044799804688e-05,20,0.95,2.212522116536273,2.1791180111628705,2.4144397447372468,1.0,0.5672222781019065,0.13655847445658367,0.5648408213863695
corn_starch,mp6_rep0,mp6_rep0,NCP-kNN,0.2,3,2,1.1682510375976562e-05,20,0.9,1.6888730499757076,1.6633748671995647,2.028153367707279,1.0,0.5672222781019065,0.13655847445658367,0.5648408213863695
corn_starch,mp6_rep0,mp6_rep0,CV+,0.05,3,2,0.004935026168823242,20,0.95,2.5302275293519925,2.493921634344364,2.823443006182674,1.0,0.5672222781019065,0.13655847445658367,0.5648408213863695
corn_starch,mp6_rep0,mp6_rep0,CV+,0.1,3,2,0.0046918392181396484,20,0.95,2.181213530100235,2.1579661153368903,2.4495598122189626,1.0,0.5672222781019065,0.13655847445658367,0.5648408213863695
corn_starch,mp6_rep0,mp6_rep0,CV+,0.2,3,2,0.004339456558227539,20,0.95,1.6751406811873075,1.6624176480071426,1.9125106218455408,1.0,0.5672222781019065,0.13655847445658367,0.5648408213863695
corn_starch,mp6_rep0,mp6_rep0,CQR,0.05,3,2,2.574920654296875e-05,20,1.0,3.597711481121422,3.6987506360256397,3.597711481121422,1.0,0.5672222781019065,0.13655847445658367,0.5648408213863695
corn_starch,mp6_rep0,mp6_rep0,CQR,0.1,3,2,1.2636184692382812e-05,20,0.9,2.0204831526542533,2.141528567423684,2.531917259316134,1.0,0.5672222781019065,0.13655847445658367,0.5648408213863695
corn_starch,mp6_rep0,mp6_rep0,CQR,0.2,3,2,1.1444091796875e-05,20,0.7,1.6733467316662778,1.6787690198659213,2.142850303419738,1.0,0.5672222781019065,0.13655847445658367,0.5648408213863695
corn_starch,mp6_rep0,mp6_rep0,WCP,0.05,3,2,0.0027954578399658203,20,0.95,inf,inf,inf,0.4,0.5672222781019065,0.13655847445658367,0.5648408213863695
corn_starch,mp6_rep0,mp6_rep0,WCP,0.1,3,2,0.0001347064971923828,20,0.9,inf,1.9377351863588217,inf,0.9,0.5672222781019065,0.13655847445658367,0.5648408213863695
corn_starch,mp6_rep0,mp6_rep0,WCP,0.2,3,2,8.058547973632812e-05,20,0.7,inf,1.3503452964637006,inf,0.95,0.5672222781019065,0.13655847445658367,0.5648408213863695
corn_starch,mp6_rep0,mp6_rep0,R-U-A,0.05,3,2,5.817413330078125e-05,20,0.95,2.3824487566218697,2.3824487566218693,2.533632084988341,1.0,0.5672222781019065,0.13655847445658367,0.5648408213863695
corn_starch,mp6_rep0,mp6_rep0,R-U-A,0.1,3,2,3.4809112548828125e-05,20,0.95,1.8983557040939558,1.8983557040939516,2.215993894541154,1.0,0.5672222781019065,0.13655847445658367,0.5648408213863695
corn_starch,mp6_rep0,mp6_rep0,R-U-A,0.2,3,2,3.5762786865234375e-05,20,0.9,1.6143624056434647,1.614362405643469,1.8782149147406202,1.0,0.5672222781019065,0.13655847445658367,0.5648408213863695
corn_starch,mp6_rep0,mp6_rep0,R-U-D,0.05,3,2,0.0028607845306396484,20,0.95,2.334340062244629,2.325174223334077,2.571004906487283,1.0,0.5672222781019065,0.13655847445658367,0.5648408213863695
corn_starch,mp6_rep0,mp6_rep0,R-U-D,0.1,3,2,0.00037741661071777344,20,0.95,1.9399739416029163,1.9323565901608504,2.252332520115304,1.0,0.5672222781019065,0.13655847445658367,0.5648408213863695
corn_starch,mp6_rep0,mp6_rep0,R-U-D,0.2,3,2,0.0003941059112548828,20,0.85,1.5834473120393144,1.57722987045047,1.8692630099079497,1.0,0.5672222781019065,0.13655847445658367,0.5648408213863695
corn_starch,mp6_rep0,mp6_rep0,G-U-A,0.05,3,2,4.076957702636719e-05,20,1.0,2.822333880772391,2.8223338807723906,2.822333880772391,1.0,0.5672222781019065,0.13655847445658367,0.5648408213863695
corn_starch,mp6_rep0,mp6_rep0,G-U-A,0.1,3,2,3.4332275390625e-05,20,0.95,2.5161518422291915,2.516151842229192,2.524891963608766,1.0,0.5672222781019065,0.13655847445658367,0.5648408213863695
corn_starch,mp6_rep0,mp6_rep0,G-U-A,0.2,3,2,7.796287536621094e-05,20,0.95,1.8905302820693346,1.890530282069335,2.051305732799086,1.0,0.5672222781019065,0.13655847445658367,0.5648408213863695
corn_starch,mp6_rep0,mp6_rep0,G-W-A,0.05,3,2,0.0001232624053955078,20,1.0,2.822333880772391,2.8223338807723906,2.822333880772391,1.0,0.5672222781019065,0.13655847445658367,0.5648408213863695
corn_starch,mp6_rep0,mp6_rep0,G-W-A,0.1,3,2,7.510185241699219e-05,20,0.95,2.5161518422291915,2.516151842229192,2.524891963608766,1.0,0.5672222781019065,0.13655847445658367,0.5648408213863695
corn_starch,mp6_rep0,mp6_rep0,G-W-A,0.2,3,2,7.152557373046875e-05,20,0.95,1.8905302820693346,1.890530282069335,2.051305732799086,1.0,0.5672222781019065,0.13655847445658367,0.5648408213863695
corn_starch,mp6_rep0,mp6_rep0,G-U-D,0.05,3,2,0.0030624866485595703,20,1.0,3.9531103797904863,3.988943774685467,3.9531103797904863,1.0,0.5672222781019065,0.13655847445658367,0.5648408213863695
corn_starch,mp6_rep0,mp6_rep0,G-U-D,0.1,3,2,0.00044536590576171875,20,1.0,3.568479038602001,3.6008259012695376,3.568479038602001,1.0,0.5672222781019065,0.13655847445658367,0.5648408213863695
corn_starch,mp6_rep0,mp6_rep0,G-U-D,0.2,3,2,0.0003516674041748047,20,1.0,2.662578948019131,2.686714181725531,2.662578948019131,1.0,0.5672222781019065,0.13655847445658367,0.5648408213863695
corn_starch,mp6_rep0,mp6_rep0,GC-D,0.05,3,2,0.00044655799865722656,20,1.0,3.9531103797904863,3.988943774685467,3.9531103797904863,1.0,0.5672222781019065,0.13655847445658367,0.5648408213863695
corn_starch,mp6_rep0,mp6_rep0,GC-D,0.1,3,2,0.00037741661071777344,20,1.0,3.568479038602001,3.6008259012695376,3.568479038602001,1.0,0.5672222781019065,0.13655847445658367,0.5648408213863695
corn_starch,mp6_rep0,mp6_rep0,GC-D,0.2,3,2,0.00042819976806640625,20,1.0,2.662578948019131,2.686714181725531,2.662578948019131,1.0,0.5672222781019065,0.13655847445658367,0.5648408213863695
corn_starch,mp6_rep0,mp6_rep0,GC-D+,0.05,3,2,0.0003745555877685547,20,1.0,inf,inf,inf,0.0,0.5672222781019065,0.13655847445658367,0.5648408213863695
corn_starch,mp6_rep0,mp6_rep0,GC-D+,0.1,3,2,0.000392913818359375,20,1.0,inf,inf,inf,0.0,0.5672222781019065,0.13655847445658367,0.5648408213863695
corn_starch,mp6_rep0,mp6_rep0,GC-D+,0.2,3,2,0.0003559589385986328,20,1.0,inf,inf,inf,0.0,0.5672222781019065,0.13655847445658367,0.5648408213863695
corn_starch,mp6_rep0,mp6_rep0,HJ+,0.05,3,2,0.0015490055084228516,20,1.0,inf,inf,inf,0.0,0.5672222781019065,0.13655847445658367,0.5648408213863695
corn_starch,mp6_rep0,mp6_rep0,HJ+,0.1,3,2,0.0003771781921386719,20,1.0,inf,inf,inf,0.0,0.5672222781019065,0.13655847445658367,0.5648408213863695
corn_starch,mp6_rep0,mp6_rep0,HJ+,0.2,3,2,0.0003457069396972656,20,1.0,inf,inf,inf,0.0,0.5672222781019065,0.13655847445658367,0.5648408213863695
corn_starch,mp6_rep0,mp6_rep0,HJ+-D,0.05,3,2,0.0021445751190185547,20,1.0,inf,inf,inf,0.0,0.5672222781019065,0.13655847445658367,0.5648408213863695
corn_starch,mp6_rep0,mp6_rep0,HJ+-D,0.1,3,2,0.002096891403198242,20,1.0,inf,inf,inf,0.0,0.5672222781019065,0.13655847445658367,0.5648408213863695
corn_starch,mp6_rep0,mp6_rep0,HJ+-D,0.2,3,2,0.0020904541015625,20,1.0,inf,inf,inf,0.0,0.5672222781019065,0.13655847445658367,0.5648408213863695
corn_starch,mp6_rep0,mp6_rep0,HCP-D,0.05,3,2,0.00026345252990722656,20,1.0,inf,inf,inf,0.0,0.5672222781019065,0.13655847445658367,0.5648408213863695
corn_starch,mp6_rep0,mp6_rep0,HCP-D,0.1,3,2,0.00015306472778320312,20,1.0,inf,inf,inf,0.0,0.5672222781019065,0.13655847445658367,0.5648408213863695
corn_starch,mp6_rep0,mp6_rep0,HCP-D,0.2,3,2,0.00017786026000976562,20,1.0,inf,inf,inf,0.0,0.5672222781019065,0.13655847445658367,0.5648408213863695
corn_starch,mp6_rep0,mp6_rep0,HCP-A,0.05,3,2,0.0001480579376220703,20,1.0,inf,inf,inf,0.0,0.5672222781019065,0.13655847445658367,0.5648408213863695
corn_starch,mp6_rep0,mp6_rep0,HCP-A,0.1,3,2,0.0001442432403564453,20,1.0,inf,inf,inf,0.0,0.5672222781019065,0.13655847445658367,0.5648408213863695
corn_starch,mp6_rep0,mp6_rep0,HCP-A,0.2,3,2,0.00012731552124023438,20,1.0,inf,inf,inf,0.0,0.5672222781019065,0.13655847445658367,0.5648408213863695
corn_starch,mp6_rep0,mp6_rep0,ORACLE,0.05,3,2,0.00013899803161621094,20,1.0,inf,inf,inf,0.0,0.5672222781019065,0.13655847445658367,0.5648408213863695
corn_starch,mp6_rep0,mp6_rep0,ORACLE,0.1,3,2,9.989738464355469e-05,20,0.9,2.069495106574579,2.0694951065745784,2.60620440225155,1.0,0.5672222781019065,0.13655847445658367,0.5648408213863695
corn_starch,mp6_rep0,mp6_rep0,ORACLE,0.2,3,2,9.441375732421875e-05,20,0.85,1.6009167601023688,1.6009167601023755,1.9619618863481176,1.0,0.5672222781019065,0.13655847445658367,0.5648408213863695
corn_starch,mp6_rep1,mp6_rep1,ASTM-R,0.05,3,2,0.015012264251708984,20,0.95,2.207885645983974,2.1963914243436307,2.5076009694019303,1.0,0.6239694608315183,0.23223922912960723,0.594184827264398
corn_starch,mp6_rep1,mp6_rep1,ASTM-R,0.1,3,2,0.0001595020294189453,20,0.85,1.8483871565253747,1.8387644789682653,2.407901661927921,1.0,0.6239694608315183,0.23223922912960723,0.594184827264398
corn_starch,mp6_rep1,mp6_rep1,ASTM-R,0.2,3,2,0.00012040138244628906,20,0.7,1.4368405859855973,1.429360414090283,2.1996916111067906,1.0,0.6239694608315183,0.23223922912960723,0.594184827264398
corn_starch,mp6_rep1,mp6_rep1,ASTM-G,0.05,3,2,0.00010633468627929688,20,1.0,2.518916156229261,2.5058027141242256,2.518916156229261,1.0,0.6239694608315183,0.23223922912960723,0.594184827264398
corn_starch,mp6_rep1,mp6_rep1,ASTM-G,0.1,3,2,9.179115295410156e-05,20,0.95,2.1087741930870942,2.097795944277479,2.308574941663246,1.0,0.6239694608315183,0.23223922912960723,0.594184827264398
corn_starch,mp6_rep1,mp6_rep1,ASTM-G,0.2,3,2,9.036064147949219e-05,20,0.75,1.6392520022711874,1.630718079387652,2.144433200158825,1.0,0.6239694608315183,0.23223922912960723,0.594184827264398
corn_starch,mp6_rep1,mp6_rep1,GPR,0.05,3,2,0.029998064041137695,20,0.85,1.8631333104310506,1.7570314845430914,2.5891515708371435,1.0,0.6239694608315183,0.23223922912960723,0.594184827264398
corn_starch,mp6_rep1,mp6_rep1,GPR,0.1,3,2,0.00010561943054199219,20,0.7,1.5635907635699637,1.4745473043459292,2.6801424733079613,1.0,0.6239694608315183,0.23223922912960723,0.594184827264398
corn_starch,mp6_rep1,mp6_rep1,GPR,0.2,3,2,8.58306884765625e-05,20,0.6,1.218237390908755,1.148861135964065,2.406007637391341,1.0,0.6239694608315183,0.23223922912960723,0.594184827264398
corn_starch,mp6_rep1,mp6_rep1,BAG,0.05,3,2,0.024965763092041016,20,1.0,2.634748850253316,2.6142990071407723,2.634748850253316,1.0,0.6239694608315183,0.23223922912960723,0.594184827264398
corn_starch,mp6_rep1,mp6_rep1,BAG,0.1,3,2,0.00012993812561035156,20,0.95,2.21115093778746,2.1939888884439114,2.3871948188318104,1.0,0.6239694608315183,0.23223922912960723,0.594184827264398
corn_starch,mp6_rep1,mp6_rep1,BAG,0.2,3,2,8.463859558105469e-05,20,0.9,1.722769673572013,1.7093982398810112,1.946285817745799,1.0,0.6239694608315183,0.23223922912960723,0.594184827264398
corn_starch,mp6_rep1,mp6_rep1,QGB,0.05,3,2,0.03225827217102051,20,0.7,1.545599471056359,1.5236099279605533,5.843777365214972,1.0,0.6239694608315183,0.23223922912960723,0.594184827264398
corn_starch,mp6_rep1,mp6_rep1,QGB,0.1,3,2,0.027692079544067383,20,0.6,1.3961631116495272,1.3301414932377433,4.166559002807281,1.0,0.6239694608315183,0.23223922912960723,0.594184827264398
corn_starch,mp6_rep1,mp6_rep1,QGB,0.2,3,2,0.02689814567565918,20,0.55,1.1142468990748278,1.0876382485560612,2.898789862167358,1.0,0.6239694608315183,0.23223922912960723,0.594184827264398
corn_starch,mp6_rep1,mp6_rep1,SCP,0.05,3,2,3.647804260253906e-05,20,1.0,3.295880922756441,3.295880922756446,3.295880922756441,1.0,0.6239694608315183,0.23223922912960723,0.594184827264398
corn_starch,mp6_rep1,mp6_rep1,SCP,0.1,3,2,1.1682510375976562e-05,20,0.7,1.4674065681767559,1.4674065681767559,2.520606490071998,1.0,0.6239694608315183,0.23223922912960723,0.594184827264398
corn_starch,mp6_rep1,mp6_rep1,SCP,0.2,3,2,8.821487426757812e-06,20,0.6,1.234933323461462,1.234933323461462,2.147612155424163,1.0,0.6239694608315183,0.23223922912960723,0.594184827264398
corn_starch,mp6_rep1,mp6_rep1,NCP-kNN,0.05,3,2,0.0053136348724365234,20,0.95,2.8172025619847476,2.7010678333056894,3.081435652747108,1.0,0.6239694608315183,0.23223922912960723,0.594184827264398
corn_starch,mp6_rep1,mp6_rep1,NCP-kNN,0.1,3,2,1.9550323486328125e-05,20,0.95,1.901539816255165,1.8231518389001984,2.368650323297614,1.0,0.6239694608315183,0.23223922912960723,0.594184827264398
corn_starch,mp6_rep1,mp6_rep1,NCP-kNN,0.2,3,2,1.239776611328125e-05,20,0.6,1.336301491224678,1.2812145715935088,2.0881485841408822,1.0,0.6239694608315183,0.23223922912960723,0.594184827264398
corn_starch,mp6_rep1,mp6_rep1,CV+,0.05,3,2,0.004913330078125,20,0.95,2.3701226622991274,2.3270882899075076,2.655410077454451,1.0,0.6239694608315183,0.23223922912960723,0.594184827264398
corn_starch,mp6_rep1,mp6_rep1,CV+,0.1,3,2,0.004305601119995117,20,0.9,1.8883111008484028,1.834209769348604,2.275043479369477,1.0,0.6239694608315183,0.23223922912960723,0.594184827264398
corn_starch,mp6_rep1,mp6_rep1,CV+,0.2,3,2,0.004415988922119141,20,0.7,1.4536359627140996,1.426301594986196,2.0272217916969426,1.0,0.6239694608315183,0.23223922912960723,0.594184827264398
corn_starch,mp6_rep1,mp6_rep1,CQR,0.05,3,2,2.6941299438476562e-05,20,0.95,2.5977829341605303,2.5757933910647246,2.838425520692279,1.0,0.6239694608315183,0.23223922912960723,0.594184827264398
corn_starch,mp6_rep1,mp6_rep1,CQR,0.1,3,2,1.4066696166992188e-05,20,0.85,2.346663642743734,2.28064202433195,2.7503596892552116,1.0,0.6239694608315183,0.23223922912960723,0.594184827264398
corn_starch,mp6_rep1,mp6_rep1,CQR,0.2,3,2,1.239776611328125e-05,20,0.7,1.6155992616772032,1.5889906111584366,2.627002112353888,1.0,0.6239694608315183,0.23223922912960723,0.594184827264398
corn_starch,mp6_rep1,mp6_rep1,WCP,0.05,3,2,0.0028967857360839844,20,1.0,inf,inf,inf,0.35,0.6239694608315183,0.23223922912960723,0.594184827264398
corn_starch,mp6_rep1,mp6_rep1,WCP,0.1,3,2,0.0001068115234375,20,0.8,inf,3.149381676984298,inf,0.75,0.6239694608315183,0.23223922912960723,0.594184827264398
corn_starch,mp6_rep1,mp6_rep1,WCP,0.2,3,2,8.273124694824219e-05,20,0.55,1.2773308250838498,1.1286678835507757,2.332156216833012,1.0,0.6239694608315183,0.23223922912960723,0.594184827264398
corn_starch,mp6_rep1,mp6_rep1,R-U-A,0.05,3,2,5.269050598144531e-05,20,0.95,2.1597430816234175,2.159743081623418,2.5248592676781523,1.0,0.6239694608315183,0.23223922912960723,0.594184827264398
corn_starch,mp6_rep1,mp6_rep1,R-U-A,0.1,3,2,3.600120544433594e-05,20,0.75,1.7405775474907004,1.7405775474906982,2.5070537480757182,1.0,0.6239694608315183,0.23223922912960723,0.594184827264398
corn_starch,mp6_rep1,mp6_rep1,R-U-A,0.2,3,2,3.3855438232421875e-05,20,0.65,1.339659319862847,1.3396593198628466,2.2608528715923772,1.0,0.6239694608315183,0.23223922912960723,0.594184827264398
corn_starch,mp6_rep1,mp6_rep1,R-U-D,0.05,3,2,0.0029287338256835938,20,0.9,2.0935086906751508,2.084749433752478,2.4828356038966604,1.0,0.6239694608315183,0.23223922912960723,0.594184827264398
corn_starch,mp6_rep1,mp6_rep1,R-U-D,0.1,3,2,0.00038933753967285156,20,0.8,1.7533183560388053,1.7459824581673544,2.476716923538349,1.0,0.6239694608315183,0.23223922912960723,0.594184827264398
corn_starch,mp6_rep1,mp6_rep1,R-U-D,0.2,3,2,0.0003604888916015625,20,0.65,1.2900153868150313,1.2846179522318195,2.2932160687143144,1.0,0.6239694608315183,0.23223922912960723,0.594184827264398
corn_starch,mp6_rep1,mp6_rep1,G-U-A,0.05,3,2,3.9577484130859375e-05,20,0.95,2.48716167541015,2.487161675410146,2.524859267678139,1.0,0.6239694608315183,0.23223922912960723,0.594184827264398
corn_starch,mp6_rep1,mp6_rep1,G-U-A,0.1,3,2,6.341934204101562e-05,20,0.85,1.9990026941825074,1.9990026941825079,2.341494700180817,1.0,0.6239694608315183,0.23223922912960723,0.594184827264398
corn_starch,mp6_rep1,mp6_rep1,G-U-A,0.2,3,2,3.600120544433594e-05,20,0.75,1.5354621249990426,1.535462124999043,2.1750945034061355,1.0,0.6239694608315183,0.23223922912960723,0.594184827264398
corn_starch,mp6_rep1,mp6_rep1,G-W-A,0.05,3,2,0.00010728836059570312,20,0.95,2.48716167541015,2.487161675410146,2.524859267678139,1.0,0.6239694608315183,0.23223922912960723,0.594184827264398
corn_starch,mp6_rep1,mp6_rep1,G-W-A,0.1,3,2,7.200241088867188e-05,20,0.85,1.9990026941825074,1.9990026941825079,2.341494700180817,1.0,0.6239694608315183,0.23223922912960723,0.594184827264398
corn_starch,mp6_rep1,mp6_rep1,G-W-A,0.2,3,2,6.914138793945312e-05,20,0.75,1.5354621249990426,1.535462124999043,2.1750945034061355,1.0,0.6239694608315183,0.23223922912960723,0.594184827264398
corn_starch,mp6_rep1,mp6_rep1,G-U-D,0.05,3,2,0.002942800521850586,20,1.0,3.2177116454470833,3.151746674274122,3.2177116454470833,1.0,0.6239694608315183,0.23223922912960723,0.594184827264398
corn_starch,mp6_rep1,mp6_rep1,G-U-D,0.1,3,2,0.00042057037353515625,20,1.0,2.6605845591905615,2.6060410192190524,2.6605845591905615,1.0,0.6239694608315183,0.23223922912960723,0.594184827264398
corn_starch,mp6_rep1,mp6_rep1,G-U-D,0.2,3,2,0.00038743019104003906,20,0.85,1.9805422516147235,1.9399399767901713,2.1257541855654924,1.0,0.6239694608315183,0.23223922912960723,0.594184827264398
corn_starch,mp6_rep1,mp6_rep1,GC-D,0.05,3,2,0.00041794776916503906,20,1.0,3.2177116454470833,3.151746674274122,3.2177116454470833,1.0,0.6239694608315183,0.23223922912960723,0.594184827264398
corn_starch,mp6_rep1,mp6_rep1,GC-D,0.1,3,2,0.0003714561462402344,20,1.0,2.6605845591905615,2.6060410192190524,2.6605845591905615,1.0,0.6239694608315183,0.23223922912960723,0.594184827264398
corn_starch,mp6_rep1,mp6_rep1,GC-D,0.2,3,2,0.0006978511810302734,20,0.85,1.9805422516147235,1.9399399767901713,2.1257541855654924,1.0,0.6239694608315183,0.23223922912960723,0.594184827264398
corn_starch,mp6_rep1,mp6_rep1,GC-D+,0.05,3,2,0.0004367828369140625,20,1.0,inf,inf,inf,0.0,0.6239694608315183,0.23223922912960723,0.594184827264398
corn_starch,mp6_rep1,mp6_rep1,GC-D+,0.1,3,2,0.0003819465637207031,20,1.0,inf,inf,inf,0.0,0.6239694608315183,0.23223922912960723,0.594184827264398
corn_starch,mp6_rep1,mp6_rep1,GC-D+,0.2,3,2,0.0004589557647705078,20,1.0,inf,inf,inf,0.0,0.6239694608315183,0.23223922912960723,0.594184827264398
corn_starch,mp6_rep1,mp6_rep1,HJ+,0.05,3,2,0.0017566680908203125,20,1.0,inf,inf,inf,0.0,0.6239694608315183,0.23223922912960723,0.594184827264398
corn_starch,mp6_rep1,mp6_rep1,HJ+,0.1,3,2,0.000377655029296875,20,1.0,inf,inf,inf,0.0,0.6239694608315183,0.23223922912960723,0.594184827264398
corn_starch,mp6_rep1,mp6_rep1,HJ+,0.2,3,2,0.00038170814514160156,20,1.0,inf,inf,inf,0.0,0.6239694608315183,0.23223922912960723,0.594184827264398
corn_starch,mp6_rep1,mp6_rep1,HJ+-D,0.05,3,2,0.0022552013397216797,20,1.0,inf,inf,inf,0.0,0.6239694608315183,0.23223922912960723,0.594184827264398
corn_starch,mp6_rep1,mp6_rep1,HJ+-D,0.1,3,2,0.0021469593048095703,20,1.0,inf,inf,inf,0.0,0.6239694608315183,0.23223922912960723,0.594184827264398
corn_starch,mp6_rep1,mp6_rep1,HJ+-D,0.2,3,2,0.0020804405212402344,20,1.0,inf,inf,inf,0.0,0.6239694608315183,0.23223922912960723,0.594184827264398
corn_starch,mp6_rep1,mp6_rep1,HCP-D,0.05,3,2,0.0002627372741699219,20,1.0,inf,inf,inf,0.0,0.6239694608315183,0.23223922912960723,0.594184827264398
corn_starch,mp6_rep1,mp6_rep1,HCP-D,0.1,3,2,0.000152587890625,20,1.0,inf,inf,inf,0.0,0.6239694608315183,0.23223922912960723,0.594184827264398
corn_starch,mp6_rep1,mp6_rep1,HCP-D,0.2,3,2,0.0001461505889892578,20,1.0,inf,inf,inf,0.0,0.6239694608315183,0.23223922912960723,0.594184827264398
corn_starch,mp6_rep1,mp6_rep1,HCP-A,0.05,3,2,0.00014448165893554688,20,1.0,inf,inf,inf,0.0,0.6239694608315183,0.23223922912960723,0.594184827264398
corn_starch,mp6_rep1,mp6_rep1,HCP-A,0.1,3,2,0.00015234947204589844,20,1.0,inf,inf,inf,0.0,0.6239694608315183,0.23223922912960723,0.594184827264398
corn_starch,mp6_rep1,mp6_rep1,HCP-A,0.2,3,2,0.0001270771026611328,20,1.0,inf,inf,inf,0.0,0.6239694608315183,0.23223922912960723,0.594184827264398
corn_starch,mp6_rep1,mp6_rep1,ORACLE,0.05,3,2,0.0001354217529296875,20,1.0,inf,inf,inf,0.0,0.6239694608315183,0.23223922912960723,0.594184827264398
corn_starch,mp6_rep1,mp6_rep1,ORACLE,0.1,3,2,0.00010561943054199219,20,0.95,2.3123936701740466,2.312393670174046,2.524859267678153,1.0,0.6239694608315183,0.23223922912960723,0.594184827264398
corn_starch,mp6_rep1,mp6_rep1,ORACLE,0.2,3,2,8.916854858398438e-05,20,0.75,1.7577740015446888,1.7577740015446892,2.3440895987582446,1.0,0.6239694608315183,0.23223922912960723,0.594184827264398
corn_starch,mp6_rep2,mp6_rep2,ASTM-R,0.05,3,2,0.016304969787597656,20,1.0,2.425239143006295,2.423163955087613,2.425239143006295,1.0,0.4330315344364909,-0.04297654870658256,0.4420875432210856
corn_starch,mp6_rep2,mp6_rep2,ASTM-R,0.1,3,2,0.00011587142944335938,20,1.0,2.0303501187162385,2.0286128228090554,2.0303501187162385,1.0,0.4330315344364909,-0.04297654870658256,0.4420875432210856
corn_starch,mp6_rep2,mp6_rep2,ASTM-R,0.2,3,2,0.0001621246337890625,20,0.9,1.5782891825628849,1.5769386985690481,1.5974019235459604,1.0,0.4330315344364909,-0.04297654870658256,0.4420875432210856
corn_starch,mp6_rep2,mp6_rep2,ASTM-G,0.05,3,2,0.00012111663818359375,20,1.0,3.2175787791650636,3.2148256153670935,3.2175787791650636,1.0,0.4330315344364909,-0.04297654870658256,0.4420875432210856
corn_starch,mp6_rep2,mp6_rep2,ASTM-G,0.1,3,2,9.918212890625e-05,20,1.0,2.693677229767391,2.6913723492527453,2.693677229767391,1.0,0.4330315344364909,-0.04297654870658256,0.4420875432210856
corn_starch,mp6_rep2,mp6_rep2,ASTM-G,0.2,3,2,9.822845458984375e-05,20,1.0,2.0939253746767235,2.0921336797617336,2.0939253746767235,1.0,0.4330315344364909,-0.04297654870658256,0.4420875432210856
corn_starch,mp6_rep2,mp6_rep2,GPR,0.05,3,2,0.034999847412109375,20,1.0,1.8126918371949265,1.77042711289808,1.8126918371949265,1.0,0.4330315344364909,-0.04297654870658256,0.4420875432210856
corn_starch,mp6_rep2,mp6_rep2,GPR,0.1,3,2,0.00011324882507324219,20,1.0,1.5212589447938794,1.4857892700446769,1.5212589447938794,1.0,0.4330315344364909,-0.04297654870658256,0.4420875432210856
corn_starch,mp6_rep2,mp6_rep2,GPR,0.2,3,2,8.320808410644531e-05,20,0.9,1.1852554843512764,1.1576200665491143,1.3114062936105697,1.0,0.4330315344364909,-0.04297654870658256,0.4420875432210856
corn_starch,mp6_rep2,mp6_rep2,BAG,0.05,3,2,0.022323131561279297,20,1.0,2.7790465688017556,2.7577204357692047,2.7790465688017556,1.0,0.4330315344364909,-0.04297654870658256,0.4420875432210856
corn_starch,mp6_rep2,mp6_rep2,BAG,0.1,3,2,0.00012230873107910156,20,1.0,2.3322494006099412,2.3143519455831445,2.3322494006099412,1.0,0.4330315344364909,-0.04297654870658256,0.4420875432210856
corn_starch,mp6_rep2,mp6_rep2,BAG,0.2,3,2,7.605552673339844e-05,20,1.0,1.817120880313021,1.8031764714409917,1.817120880313021,1.0,0.4330315344364909,-0.04297654870658256,0.4420875432210856
corn_starch,mp6_rep2,mp6_rep2,QGB,0.05,3,2,0.030237674713134766,20,1.0,1.7253040697032165,1.6294845919390752,1.7253040697032165,1.0,0.4330315344364909,-0.04297654870658256,0.4420875432210856
corn_starch,mp6_rep2,mp6_rep2,QGB,0.1,3,2,0.026821613311767578,20,0.9,1.4323781340318724,1.2763925682484754,1.7044674821586703,1.0,0.4330315344364909,-0.04297654870658256,0.4420875432210856
corn_starch,mp6_rep2,mp6_rep2,QGB,0.2,3,2,0.027414798736572266,20,0.8,1.1349504574275027,1.0565687864112725,1.4291199350431139,1.0,0.4330315344364909,-0.04297654870658256,0.4420875432210856
corn_starch,mp6_rep2,mp6_rep2,SCP,0.05,3,2,3.147125244140625e-05,20,1.0,2.85718732283398,2.8571873228339832,2.85718732283398,1.0,0.4330315344364909,-0.04297654870658256,0.4420875432210856
corn_starch,mp6_rep2,mp6_rep2,SCP,0.1,3,2,1.1682510375976562e-05,20,1.0,2.511652653054681,2.511652653054682,2.511652653054681,1.0,0.4330315344364909,-0.04297654870658256,0.4420875432210856
corn_starch,mp6_rep2,mp6_rep2,SCP,0.2,3,2,9.059906005859375e-06,20,1.0,2.1412071072811605,2.1412071072811614,2.1412071072811605,1.0,0.4330315344364909,-0.04297654870658256,0.4420875432210856
corn_starch,mp6_rep2,mp6_rep2,NCP-kNN,0.05,3,2,0.005427360534667969,20,1.0,2.521229334640206,2.5085252474373867,2.521229334640206,1.0,0.4330315344364909,-0.04297654870658256,0.4420875432210856
corn_starch,mp6_rep2,mp6_rep2,NCP-kNN,0.1,3,2,1.7404556274414062e-05,20,1.0,2.075419516780837,2.0649617967466583,2.075419516780837,1.0,0.4330315344364909,-0.04297654870658256,0.4420875432210856
corn_starch,mp6_rep2,mp6_rep2,NCP-kNN,0.2,3,2,1.33514404296875e-05,20,1.0,1.708894866820207,1.7002840081766628,1.708894866820207,1.0,0.4330315344364909,-0.04297654870658256,0.4420875432210856
corn_starch,mp6_rep2,mp6_rep2,CV+,0.05,3,2,0.004940032958984375,20,1.0,2.3874203283951,2.3698719841910574,2.3874203283951,1.0,0.4330315344364909,-0.04297654870658256,0.4420875432210856
corn_starch,mp6_rep2,mp6_rep2,CV+,0.1,3,2,0.004366397857666016,20,1.0,2.0450563394483217,2.0265772218475924,2.0450563394483217,1.0,0.4330315344364909,-0.04297654870658256,0.4420875432210856
corn_starch,mp6_rep2,mp6_rep2,CV+,0.2,3,2,0.004323244094848633,20,0.95,1.551640929239289,1.5434783410808492,1.556034729786914,1.0,0.4330315344364909,-0.04297654870658256,0.4420875432210856
corn_starch,mp6_rep2,mp6_rep2,CQR,0.05,3,2,2.3365020751953125e-05,20,1.0,3.635070148989545,3.5392506712254033,3.635070148989545,1.0,0.4330315344364909,-0.04297654870658256,0.4420875432210856
corn_starch,mp6_rep2,mp6_rep2,CQR,0.1,3,2,1.239776611328125e-05,20,1.0,1.9089665608324615,1.7529809950490645,1.9089665608324615,1.0,0.4330315344364909,-0.04297654870658256,0.4420875432210856
corn_starch,mp6_rep2,mp6_rep2,CQR,0.2,3,2,1.0728836059570312e-05,20,1.0,1.7604781747686207,1.682096503752394,1.7604781747686207,1.0,0.4330315344364909,-0.04297654870658256,0.4420875432210856
corn_starch,mp6_rep2,mp6_rep2,WCP,0.05,3,2,0.002677440643310547,20,1.0,inf,inf,inf,0.25,0.4330315344364909,-0.04297654870658256,0.4420875432210856
corn_starch,mp6_rep2,mp6_rep2,WCP,0.1,3,2,0.00010609626770019531,20,1.0,inf,inf,inf,0.5,0.4330315344364909,-0.04297654870658256,0.4420875432210856
corn_starch,mp6_rep2,mp6_rep2,WCP,0.2,3,2,7.62939453125e-05,20,1.0,inf,2.6844199879443273,inf,0.8,0.4330315344364909,-0.04297654870658256,0.4420875432210856
corn_starch,mp6_rep2,mp6_rep2,R-U-A,0.05,3,2,5.221366882324219e-05,20,1.0,2.2222443764229913,2.222244376422992,2.2222443764229913,1.0,0.4330315344364909,-0.04297654870658256,0.4420875432210856
corn_starch,mp6_rep2,mp6_rep2,R-U-A,0.1,3,2,3.3855438232421875e-05,20,1.0,1.9213682530705125,1.9213682530705114,1.9213682530705125,1.0,0.4330315344364909,-0.04297654870658256,0.4420875432210856
corn_starch,mp6_rep2,mp6_rep2,R-U-A,0.2,3,2,3.4332275390625e-05,20,0.9,1.501298845552186,1.501298845552185,1.555373456329691,1.0,0.4330315344364909,-0.04297654870658256,0.4420875432210856
corn_starch,mp6_rep2,mp6_rep2,R-U-D,0.05,3,2,0.002835512161254883,20,1.0,2.213950261175111,2.224927497417493,2.213950261175111,1.0,0.4330315344364909,-0.04297654870658256,0.4420875432210856
corn_starch,mp6_rep2,mp6_rep2,R-U-D,0.1,3,2,0.0003769397735595703,20,1.0,1.9691462049041555,1.9789096505723371,1.9691462049041555,1.0,0.4330315344364909,-0.04297654870658256,0.4420875432210856
corn_starch,mp6_rep2,mp6_rep2,R-U-D,0.2,3,2,0.00039315223693847656,20,0.9,1.5234257318034217,1.5309792005732419,1.5893345640425671,1.0,0.4330315344364909,-0.04297654870658256,0.4420875432210856
corn_starch,mp6_rep2,mp6_rep2,G-U-A,0.05,3,2,3.9577484130859375e-05,20,1.0,3.1024282671018124,3.102428267101807,3.1024282671018124,1.0,0.4330315344364909,-0.04297654870658256,0.4420875432210856
corn_starch,mp6_rep2,mp6_rep2,G-U-A,0.1,3,2,3.2901763916015625e-05,20,1.0,2.7310199609044323,2.731019960904433,2.7310199609044323,1.0,0.4330315344364909,-0.04297654870658256,0.4420875432210856
corn_starch,mp6_rep2,mp6_rep2,G-U-A,0.2,3,2,3.886222839355469e-05,20,1.0,1.8652714946114781,1.865271494611477,1.8652714946114781,1.0,0.4330315344364909,-0.04297654870658256,0.4420875432210856
corn_starch,mp6_rep2,mp6_rep2,G-W-A,0.05,3,2,0.00013065338134765625,20,1.0,3.1024282671018124,3.102428267101807,3.1024282671018124,1.0,0.4330315344364909,-0.04297654870658256,0.4420875432210856
corn_starch,mp6_rep2,mp6_rep2,G-W-A,0.1,3,2,7.724761962890625e-05,20,1.0,2.7310199609044323,2.731019960904433,2.7310199609044323,1.0,0.4330315344364909,-0.04297654870658256,0.4420875432210856
corn_starch,mp6_rep2,mp6_rep2,G-W-A,0.2,3,2,6.842613220214844e-05,20,1.0,1.8652714946114781,1.865271494611477,1.8652714946114781,1.0,0.4330315344364909,-0.04297654870658256,0.4420875432210856
corn_starch,mp6_rep2,mp6_rep2,G-U-D,0.05,3,2,0.0030541419982910156,20,1.0,3.4978121688384554,3.4764851470602345,3.4978121688384554,1.0,0.4330315344364909,-0.04297654870658256,0.4420875432210856
corn_starch,mp6_rep2,mp6_rep2,G-U-D,0.1,3,2,0.0004324913024902344,20,1.0,3.1132014637067176,3.094219508069429,3.1132014637067176,1.0,0.4330315344364909,-0.04297654870658256,0.4420875432210856
corn_starch,mp6_rep2,mp6_rep2,G-U-D,0.2,3,2,0.0003306865692138672,20,1.0,2.4875765703214645,2.4724092036564222,2.4875765703214645,1.0,0.4330315344364909,-0.04297654870658256,0.4420875432210856
corn_starch,mp6_rep2,mp6_rep2,GC-D,0.05,3,2,0.00042319297790527344,20,1.0,3.4978121688384554,3.4764851470602345,3.4978121688384554,1.0,0.4330315344364909,-0.04297654870658256,0.4420875432210856
corn_starch,mp6_rep2,mp6_rep2,GC-D,0.1,3,2,0.0004029273986816406,20,1.0,3.1132014637067176,3.094219508069429,3.1132014637067176,1.0,0.4330315344364909,-0.04297654870658256,0.4420875432210856
corn_starch,mp6_rep2,mp6_rep2,GC-D,0.2,3,2,0.00040721893310546875,20,1.0,2.4875765703214645,2.4724092036564222,2.4875765703214645,1.0,0.4330315344364909,-0.04297654870658256,0.4420875432210856
corn_starch,mp6_rep2,mp6_rep2,GC-D+,0.05,3,2,0.0003695487976074219,20,1.0,inf,inf,inf,0.0,0.4330315344364909,-0.04297654870658256,0.4420875432210856
corn_starch,mp6_rep2,mp6_rep2,GC-D+,0.1,3,2,0.0004220008850097656,20,1.0,inf,inf,inf,0.0,0.4330315344364909,-0.04297654870658256,0.4420875432210856
corn_starch,mp6_rep2,mp6_rep2,GC-D+,0.2,3,2,0.00036716461181640625,20,1.0,inf,inf,inf,0.0,0.4330315344364909,-0.04297654870658256,0.4420875432210856
corn_starch,mp6_rep2,mp6_rep2,HJ+,0.05,3,2,0.0014348030090332031,20,1.0,inf,inf,inf,0.0,0.4330315344364909,-0.04297654870658256,0.4420875432210856
corn_starch,mp6_rep2,mp6_rep2,HJ+,0.1,3,2,0.0003521442413330078,20,1.0,inf,inf,inf,0.0,0.4330315344364909,-0.04297654870658256,0.4420875432210856
corn_starch,mp6_rep2,mp6_rep2,HJ+,0.2,3,2,0.00035691261291503906,20,1.0,inf,inf,inf,0.0,0.4330315344364909,-0.04297654870658256,0.4420875432210856
corn_starch,mp6_rep2,mp6_rep2,HJ+-D,0.05,3,2,0.0021469593048095703,20,1.0,inf,inf,inf,0.0,0.4330315344364909,-0.04297654870658256,0.4420875432210856
corn_starch,mp6_rep2,mp6_rep2,HJ+-D,0.1,3,2,0.002009868621826172,20,1.0,inf,inf,inf,0.0,0.4330315344364909,-0.04297654870658256,0.4420875432210856
corn_starch,mp6_rep2,mp6_rep2,HJ+-D,0.2,3,2,0.0020020008087158203,20,1.0,inf,inf,inf,0.0,0.4330315344364909,-0.04297654870658256,0.4420875432210856
corn_starch,mp6_rep2,mp6_rep2,HCP-D,0.05,3,2,0.0002884864807128906,20,1.0,inf,inf,inf,0.0,0.4330315344364909,-0.04297654870658256,0.4420875432210856
corn_starch,mp6_rep2,mp6_rep2,HCP-D,0.1,3,2,0.0001723766326904297,20,1.0,inf,inf,inf,0.0,0.4330315344364909,-0.04297654870658256,0.4420875432210856
corn_starch,mp6_rep2,mp6_rep2,HCP-D,0.2,3,2,0.0005156993865966797,20,1.0,inf,inf,inf,0.0,0.4330315344364909,-0.04297654870658256,0.4420875432210856
corn_starch,mp6_rep2,mp6_rep2,HCP-A,0.05,3,2,0.0001614093780517578,20,1.0,inf,inf,inf,0.0,0.4330315344364909,-0.04297654870658256,0.4420875432210856
corn_starch,mp6_rep2,mp6_rep2,HCP-A,0.1,3,2,0.0001552104949951172,20,1.0,inf,inf,inf,0.0,0.4330315344364909,-0.04297654870658256,0.4420875432210856
corn_starch,mp6_rep2,mp6_rep2,HCP-A,0.2,3,2,0.00013065338134765625,20,1.0,inf,inf,inf,0.0,0.4330315344364909,-0.04297654870658256,0.4420875432210856
corn_starch,mp6_rep2,mp6_rep2,ORACLE,0.05,3,2,0.00013518333435058594,20,1.0,inf,inf,inf,0.0,0.4330315344364909,-0.04297654870658256,0.4420875432210856
corn_starch,mp6_rep2,mp6_rep2,ORACLE,0.1,3,2,9.560585021972656e-05,20,0.9,1.5449964216103365,1.544996421610339,1.6904041238871355,1.0,0.4330315344364909,-0.04297654870658256,0.4420875432210856
corn_starch,mp6_rep2,mp6_rep2,ORACLE,0.2,3,2,8.96453857421875e-05,20,0.7,1.2158747583403915,1.2158747583403944,1.733456290901121,1.0,0.4330315344364909,-0.04297654870658256,0.4420875432210856
corn_starch,mp6_rep3,mp6_rep3,ASTM-R,0.05,3,2,0.015372037887573242,20,0.95,2.3099639056131926,2.3005530568881483,3.0067895385937837,1.0,0.6857998426095017,0.03714396186751508,0.7025830164246949
corn_starch,mp6_rep3,mp6_rep3,ASTM-R,0.1,3,2,0.0001552104949951172,20,0.85,1.9338445462241154,1.9259660168505413,2.6781667866757246,1.0,0.6857998426095017,0.03714396186751508,0.7025830164246949
corn_starch,mp6_rep3,mp6_rep3,ASTM-R,0.2,3,2,0.00013589859008789062,20,0.7,1.5032707413013067,1.4971463800050948,2.4958121368452093,1.0,0.6857998426095017,0.03714396186751508,0.7025830164246949
corn_starch,mp6_rep3,mp6_rep3,ASTM-G,0.05,3,2,0.00017023086547851562,20,1.0,3.0300646123542765,3.017720055963295,3.0300646123542765,1.0,0.6857998426095017,0.03714396186751508,0.7025830164246949
corn_starch,mp6_rep3,mp6_rep3,ASTM-G,0.1,3,2,0.00010228157043457031,20,0.95,2.5366950154801344,2.52636045873912,2.77164434211862,1.0,0.6857998426095017,0.03714396186751508,0.7025830164246949
corn_starch,mp6_rep3,mp6_rep3,ASTM-G,0.2,3,2,0.0001049041748046875,20,0.85,1.9718955196382209,1.9638619696802238,2.3154381836188986,1.0,0.6857998426095017,0.03714396186751508,0.7025830164246949
corn_starch,mp6_rep3,mp6_rep3,GPR,0.05,3,2,0.035765886306762695,20,0.9,2.1317315526648444,2.067899637794138,3.3185153488610823,1.0,0.6857998426095017,0.03714396186751508,0.7025830164246949
corn_starch,mp6_rep3,mp6_rep3,GPR,0.1,3,2,0.00010371208190917969,20,0.75,1.7890055142571968,1.7354360826153297,3.0020942806975044,1.0,0.6857998426095017,0.03714396186751508,0.7025830164246949
corn_starch,mp6_rep3,mp6_rep3,GPR,0.2,3,2,8.106231689453125e-05,20,0.75,1.3938643414815377,1.3521268957531838,2.4845111421790937,1.0,0.6857998426095017,0.03714396186751508,0.7025830164246949
corn_starch,mp6_rep3,mp6_rep3,BAG,0.05,3,2,0.022344350814819336,20,0.95,2.538440158646127,2.538439718528128,2.8197921999649527,1.0,0.6857998426095017,0.03714396186751508,0.7025830164246949
corn_starch,mp6_rep3,mp6_rep3,BAG,0.1,3,2,0.00010776519775390625,20,0.95,2.1303261359305976,2.1303257665719286,2.4873171616503766,1.0,0.6857998426095017,0.03714396186751508,0.7025830164246949
corn_starch,mp6_rep3,mp6_rep3,BAG,0.2,3,2,7.867813110351562e-05,20,0.75,1.6597968049487608,1.659796517171074,2.2795867756472523,1.0,0.6857998426095017,0.03714396186751508,0.7025830164246949
corn_starch,mp6_rep3,mp6_rep3,QGB,0.05,3,2,0.029985427856445312,20,0.7,1.2199172313166287,1.1750429355560996,5.67889896343091,1.0,0.6857998426095017,0.03714396186751508,0.7025830164246949
corn_starch,mp6_rep3,mp6_rep3,QGB,0.1,3,2,0.02717900276184082,20,0.6,1.0961681417562619,1.0260063101056147,3.72054974716875,1.0,0.6857998426095017,0.03714396186751508,0.7025830164246949
corn_starch,mp6_rep3,mp6_rep3,QGB,0.2,3,2,0.026853322982788086,20,0.45,0.898304855523525,0.7963942986172121,2.4508847419293054,1.0,0.6857998426095017,0.03714396186751508,0.7025830164246949
corn_starch,mp6_rep3,mp6_rep3,SCP,0.05,3,2,2.8133392333984375e-05,20,1.0,2.97953891602829,2.9795389160282895,2.97953891602829,1.0,0.6857998426095017,0.03714396186751508,0.7025830164246949
corn_starch,mp6_rep3,mp6_rep3,SCP,0.1,3,2,1.0013580322265625e-05,20,0.95,2.016997918986732,2.016997918986732,2.2290008633529226,1.0,0.6857998426095017,0.03714396186751508,0.7025830164246949
corn_starch,mp6_rep3,mp6_rep3,SCP,0.2,3,2,8.821487426757812e-06,20,0.6,1.2248172763899845,1.2248172763899845,2.4935206386487323,1.0,0.6857998426095017,0.03714396186751508,0.7025830164246949
corn_starch,mp6_rep3,mp6_rep3,NCP-kNN,0.05,3,2,0.004989147186279297,20,1.0,2.8191089778657963,2.906703340077989,2.8191089778657963,1.0,0.6857998426095017,0.03714396186751508,0.7025830164246949
corn_starch,mp6_rep3,mp6_rep3,NCP-kNN,0.1,3,2,1.6927719116210938e-05,20,1.0,2.289781204011462,2.3609284798867947,2.289781204011462,1.0,0.6857998426095017,0.03714396186751508,0.7025830164246949
corn_starch,mp6_rep3,mp6_rep3,NCP-kNN,0.2,3,2,1.2636184692382812e-05,20,0.75,1.6416899288701927,1.6926999406854968,2.0188754631977126,1.0,0.6857998426095017,0.03714396186751508,0.7025830164246949
corn_starch,mp6_rep3,mp6_rep3,CV+,0.05,3,2,0.004914999008178711,20,0.95,2.3229795814872922,2.3028013692875504,2.96983506123917,1.0,0.6857998426095017,0.03714396186751508,0.7025830164246949
corn_starch,mp6_rep3,mp6_rep3,CV+,0.1,3,2,0.004637479782104492,20,0.85,1.9733162782334617,1.9686003180249365,2.5999933348609616,1.0,0.6857998426095017,0.03714396186751508,0.7025830164246949
corn_starch,mp6_rep3,mp6_rep3,CV+,0.2,3,2,0.0046689510345458984,20,0.7,1.5413957098084652,1.517106136427408,2.3863983001641094,1.0,0.6857998426095017,0.03714396186751508,0.7025830164246949
corn_starch,mp6_rep3,mp6_rep3,CQR,0.05,3,2,2.4318695068359375e-05,20,1.0,3.462241300313167,3.417367004552638,3.462241300313167,1.0,0.6857998426095017,0.03714396186751508,0.7025830164246949
corn_starch,mp6_rep3,mp6_rep3,CQR,0.1,3,2,1.2874603271484375e-05,20,0.9,1.885545737253064,1.8153839056024168,2.6838383509479757,1.0,0.6857998426095017,0.03714396186751508,0.7025830164246949
corn_starch,mp6_rep3,mp6_rep3,CQR,0.2,3,2,1.1444091796875e-05,20,0.85,1.6262410717756999,1.524330514869387,2.1199880812792364,1.0,0.6857998426095017,0.03714396186751508,0.7025830164246949
corn_starch,mp6_rep3,mp6_rep3,WCP,0.05,3,2,0.0027916431427001953,20,1.0,inf,2.614862927613835,inf,0.65,0.6857998426095017,0.03714396186751508,0.7025830164246949
corn_starch,mp6_rep3,mp6_rep3,WCP,0.1,3,2,0.00010633468627929688,20,0.9,1.9687500592485876,1.790391114187571,2.359345900856918,1.0,0.6857998426095017,0.03714396186751508,0.7025830164246949
corn_starch,mp6_rep3,mp6_rep3,WCP,0.2,3,2,7.557868957519531e-05,20,0.6,1.2647303999477386,1.2248172763899845,2.55937269985168,1.0,0.6857998426095017,0.03714396186751508,0.7025830164246949
corn_starch,mp6_rep3,mp6_rep3,R-U-A,0.05,3,2,5.030632019042969e-05,20,0.9,2.207299771726355,2.2072997717263547,3.096445459707468,1.0,0.6857998426095017,0.03714396186751508,0.7025830164246949
corn_starch,mp6_rep3,mp6_rep3,R-U-A,0.1,3,2,6.341934204101562e-05,20,0.7,1.8241633005555111,1.8241633005555116,2.8490407115812526,1.0,0.6857998426095017,0.03714396186751508,0.7025830164246949
corn_starch,mp6_rep3,mp6_rep3,R-U-A,0.2,3,2,3.3855438232421875e-05,20,0.65,1.4635899860066242,1.463589986006621,2.5228039283925088,1.0,0.6857998426095017,0.03714396186751508,0.7025830164246949
corn_starch,mp6_rep3,mp6_rep3,R-U-D,0.05,3,2,0.0026972293853759766,20,0.85,2.119063006719356,2.1056442279840546,3.258597452077678,1.0,0.6857998426095017,0.03714396186751508,0.7025830164246949
corn_starch,mp6_rep3,mp6_rep3,R-U-D,0.1,3,2,0.0003647804260253906,20,0.7,1.8791305457919152,1.8672311181067727,2.8844981328797332,1.0,0.6857998426095017,0.03714396186751508,0.7025830164246949
corn_starch,mp6_rep3,mp6_rep3,R-U-D,0.2,3,2,0.0003261566162109375,20,0.65,1.4537899314818734,1.4445839355505115,2.5845097365522154,1.0,0.6857998426095017,0.03714396186751508,0.7025830164246949
corn_starch,mp6_rep3,mp6_rep3,G-U-A,0.05,3,2,4.1961669921875e-05,20,0.95,2.8335627304618636,2.833562730461864,3.008785084124184,1.0,0.6857998426095017,0.03714396186751508,0.7025830164246949
corn_starch,mp6_rep3,mp6_rep3,G-U-A,0.1,3,2,3.4332275390625e-05,20,0.95,2.4933468090802653,2.493346809080265,2.751065946602225,1.0,0.6857998426095017,0.03714396186751508,0.7025830164246949
corn_starch,mp6_rep3,mp6_rep3,G-U-A,0.2,3,2,3.457069396972656e-05,20,0.9,2.072872197201647,2.0728721972016437,2.362372406459279,1.0,0.6857998426095017,0.03714396186751508,0.7025830164246949
corn_starch,mp6_rep3,mp6_rep3,G-W-A,0.05,3,2,9.751319885253906e-05,20,0.95,2.8335627304618636,2.833562730461864,3.008785084124184,1.0,0.6857998426095017,0.03714396186751508,0.7025830164246949
corn_starch,mp6_rep3,mp6_rep3,G-W-A,0.1,3,2,7.2479248046875e-05,20,0.95,2.4933468090802653,2.493346809080265,2.751065946602225,1.0,0.6857998426095017,0.03714396186751508,0.7025830164246949
corn_starch,mp6_rep3,mp6_rep3,G-W-A,0.2,3,2,6.794929504394531e-05,20,0.9,2.072872197201647,2.0728721972016437,2.362372406459279,1.0,0.6857998426095017,0.03714396186751508,0.7025830164246949
corn_starch,mp6_rep3,mp6_rep3,G-U-D,0.05,3,2,0.003009796142578125,20,1.0,3.9436989004947423,3.865504818352452,3.9436989004947423,1.0,0.6857998426095017,0.03714396186751508,0.7025830164246949
corn_starch,mp6_rep3,mp6_rep3,G-U-D,0.1,3,2,0.00045180320739746094,20,1.0,3.683323900237636,3.610292429306707,3.683323900237636,1.0,0.6857998426095017,0.03714396186751508,0.7025830164246949
corn_starch,mp6_rep3,mp6_rep3,G-U-D,0.2,3,2,0.0004410743713378906,20,1.0,3.1170678116344095,3.055263839613257,3.1170678116344095,1.0,0.6857998426095017,0.03714396186751508,0.7025830164246949
corn_starch,mp6_rep3,mp6_rep3,GC-D,0.05,3,2,0.00045180320739746094,20,1.0,3.9436989004947423,3.865504818352452,3.9436989004947423,1.0,0.6857998426095017,0.03714396186751508,0.7025830164246949
corn_starch,mp6_rep3,mp6_rep3,GC-D,0.1,3,2,0.00045680999755859375,20,1.0,3.683323900237636,3.610292429306707,3.683323900237636,1.0,0.6857998426095017,0.03714396186751508,0.7025830164246949
corn_starch,mp6_rep3,mp6_rep3,GC-D,0.2,3,2,0.00037479400634765625,20,1.0,3.1170678116344095,3.055263839613257,3.1170678116344095,1.0,0.6857998426095017,0.03714396186751508,0.7025830164246949
corn_starch,mp6_rep3,mp6_rep3,GC-D+,0.05,3,2,0.00039458274841308594,20,1.0,inf,inf,inf,0.0,0.6857998426095017,0.03714396186751508,0.7025830164246949
corn_starch,mp6_rep3,mp6_rep3,GC-D+,0.1,3,2,0.00035500526428222656,20,1.0,inf,inf,inf,0.0,0.6857998426095017,0.03714396186751508,0.7025830164246949
corn_starch,mp6_rep3,mp6_rep3,GC-D+,0.2,3,2,0.0003833770751953125,20,1.0,inf,inf,inf,0.0,0.6857998426095017,0.03714396186751508,0.7025830164246949
corn_starch,mp6_rep3,mp6_rep3,HJ+,0.05,3,2,0.0015747547149658203,20,1.0,inf,inf,inf,0.0,0.6857998426095017,0.03714396186751508,0.7025830164246949
corn_starch,mp6_rep3,mp6_rep3,HJ+,0.1,3,2,0.0003643035888671875,20,1.0,inf,inf,inf,0.0,0.6857998426095017,0.03714396186751508,0.7025830164246949
corn_starch,mp6_rep3,mp6_rep3,HJ+,0.2,3,2,0.0003654956817626953,20,1.0,inf,inf,inf,0.0,0.6857998426095017,0.03714396186751508,0.7025830164246949
corn_starch,mp6_rep3,mp6_rep3,HJ+-D,0.05,3,2,0.002141237258911133,20,1.0,inf,inf,inf,0.0,0.6857998426095017,0.03714396186751508,0.7025830164246949
corn_starch,mp6_rep3,mp6_rep3,HJ+-D,0.1,3,2,0.0021190643310546875,20,1.0,inf,inf,inf,0.0,0.6857998426095017,0.03714396186751508,0.7025830164246949
corn_starch,mp6_rep3,mp6_rep3,HJ+-D,0.2,3,2,0.0020732879638671875,20,1.0,inf,inf,inf,0.0,0.6857998426095017,0.03714396186751508,0.7025830164246949
corn_starch,mp6_rep3,mp6_rep3,HCP-D,0.05,3,2,0.0002777576446533203,20,1.0,inf,inf,inf,0.0,0.6857998426095017,0.03714396186751508,0.7025830164246949
corn_starch,mp6_rep3,mp6_rep3,HCP-D,0.1,3,2,0.00015735626220703125,20,1.0,inf,inf,inf,0.0,0.6857998426095017,0.03714396186751508,0.7025830164246949
corn_starch,mp6_rep3,mp6_rep3,HCP-D,0.2,3,2,0.0001475811004638672,20,1.0,inf,inf,inf,0.0,0.6857998426095017,0.03714396186751508,0.7025830164246949
corn_starch,mp6_rep3,mp6_rep3,HCP-A,0.05,3,2,0.00016760826110839844,20,1.0,inf,inf,inf,0.0,0.6857998426095017,0.03714396186751508,0.7025830164246949
corn_starch,mp6_rep3,mp6_rep3,HCP-A,0.1,3,2,0.0001430511474609375,20,1.0,inf,inf,inf,0.0,0.6857998426095017,0.03714396186751508,0.7025830164246949
corn_starch,mp6_rep3,mp6_rep3,HCP-A,0.2,3,2,0.0001270771026611328,20,1.0,inf,inf,inf,0.0,0.6857998426095017,0.03714396186751508,0.7025830164246949
corn_starch,mp6_rep3,mp6_rep3,ORACLE,0.05,3,2,0.00010752677917480469,20,1.0,inf,inf,inf,0.0,0.6857998426095017,0.03714396186751508,0.7025830164246949
corn_starch,mp6_rep3,mp6_rep3,ORACLE,0.1,3,2,9.655952453613281e-05,20,0.95,2.651872615716911,2.6518726157169077,3.008785084124184,1.0,0.6857998426095017,0.03714396186751508,0.7025830164246949
corn_starch,mp6_rep3,mp6_rep3,ORACLE,0.2,3,2,9.608268737792969e-05,20,0.8,1.9473947022870484,1.9473947022870561,2.332265255670726,1.0,0.6857998426095017,0.03714396186751508,0.7025830164246949
corn_starch,mp6_rep4,mp6_rep4,ASTM-R,0.05,3,2,0.014497995376586914,20,0.85,2.49483398868838,2.4936947620922965,3.3231569581072007,1.0,0.6894037816041461,0.03172973183518657,0.7065638111070136
corn_starch,mp6_rep4,mp6_rep4,ASTM-R,0.1,3,2,0.0001304149627685547,20,0.8,2.0886131991221992,2.087659466843352,3.1267143950444938,1.0,0.6894037816041461,0.03172973183518657,0.7065638111070136
corn_starch,mp6_rep4,mp6_rep4,ASTM-R,0.2,3,2,9.560585021972656e-05,20,0.75,1.6235798881903754,1.6228385060391446,2.658355143232599,1.0,0.6894037816041461,0.03172973183518657,0.7065638111070136
corn_starch,mp6_rep4,mp6_rep4,ASTM-G,0.05,3,2,0.00010180473327636719,20,1.0,3.1410341318007093,3.139599828100188,3.1410341318007093,1.0,0.6894037816041461,0.03172973183518657,0.7065638111070136
corn_starch,mp6_rep4,mp6_rep4,ASTM-G,0.1,3,2,9.059906005859375e-05,20,0.9,2.629595947593022,2.6283951840736712,2.853677945451314,1.0,0.6894037816041461,0.03172973183518657,0.7065638111070136
corn_starch,mp6_rep4,mp6_rep4,ASTM-G,0.2,3,2,9.274482727050781e-05,20,0.8,2.0441118998832657,2.0431784884209065,2.607698713784078,1.0,0.6894037816041461,0.03172973183518657,0.7065638111070136
corn_starch,mp6_rep4,mp6_rep4,GPR,0.05,3,2,0.03336763381958008,20,0.8,1.9134061433046168,1.8989902298028447,4.624916238041071,1.0,0.6894037816041461,0.03172973183518657,0.7065638111070136
corn_starch,mp6_rep4,mp6_rep4,GPR,0.1,3,2,9.250640869140625e-05,20,0.75,1.605781054892395,1.5936828389066662,3.627586312230241,1.0,0.6894037816041461,0.03172973183518657,0.7065638111070136
corn_starch,mp6_rep4,mp6_rep4,GPR,0.2,3,2,9.226799011230469e-05,20,0.7,1.2511090294601164,1.2416829702760275,2.7125907936724714,1.0,0.6894037816041461,0.03172973183518657,0.7065638111070136
corn_starch,mp6_rep4,mp6_rep4,BAG,0.05,3,2,0.020911455154418945,20,0.95,2.541023100882039,2.507406827050339,3.1049506984378143,1.0,0.6894037816041461,0.03172973183518657,0.7065638111070136
corn_starch,mp6_rep4,mp6_rep4,BAG,0.1,3,2,8.916854858398438e-05,20,0.85,2.132493809387079,2.1042821430642107,2.8438182674062706,1.0,0.6894037816041461,0.03172973183518657,0.7065638111070136
corn_starch,mp6_rep4,mp6_rep4,BAG,0.2,3,2,7.43865966796875e-05,20,0.75,1.6614857000979868,1.6395052001007322,2.5089844893441002,1.0,0.6894037816041461,0.03172973183518657,0.7065638111070136
corn_starch,mp6_rep4,mp6_rep4,QGB,0.05,3,2,0.04598522186279297,20,0.65,1.4563005143000016,1.3856803006713179,6.353869085479792,1.0,0.6894037816041461,0.03172973183518657,0.7065638111070136
corn_starch,mp6_rep4,mp6_rep4,QGB,0.1,3,2,0.030797958374023438,20,0.65,1.3320608022461804,1.324334476732023,3.981429489055548,1.0,0.6894037816041461,0.03172973183518657,0.7065638111070136
corn_starch,mp6_rep4,mp6_rep4,QGB,0.2,3,2,0.02876138687133789,20,0.6,1.151860113321327,1.1349557620491701,2.5511231141472384,1.0,0.6894037816041461,0.03172973183518657,0.7065638111070136
corn_starch,mp6_rep4,mp6_rep4,SCP,0.05,3,2,2.8133392333984375e-05,20,0.85,2.0610653368673018,2.0610653368673013,3.5131578243868518,1.0,0.6894037816041461,0.03172973183518657,0.7065638111070136
corn_starch,mp6_rep4,mp6_rep4,SCP,0.1,3,2,1.0728836059570312e-05,20,0.8,1.887769950931101,1.8877699509311014,2.925870485999162,1.0,0.6894037816041461,0.03172973183518657,0.7065638111070136
corn_starch,mp6_rep4,mp6_rep4,SCP,0.2,3,2,8.344650268554688e-06,20,0.75,1.4534706572690772,1.4534706572690723,2.4228598156791548,1.0,0.6894037816041461,0.03172973183518657,0.7065638111070136
corn_starch,mp6_rep4,mp6_rep4,NCP-kNN,0.05,3,2,0.005914926528930664,20,0.85,2.2167134132466018,2.1678057009714067,3.587228526225779,1.0,0.6894037816041461,0.03172973183518657,0.7065638111070136
corn_starch,mp6_rep4,mp6_rep4,NCP-kNN,0.1,3,2,1.9788742065429688e-05,20,0.8,1.747640573861236,1.7090820927169936,3.146001683134496,1.0,0.6894037816041461,0.03172973183518657,0.7065638111070136
corn_starch,mp6_rep4,mp6_rep4,NCP-kNN,0.2,3,2,1.2159347534179688e-05,20,0.8,1.5801870453545033,1.545323118924788,2.4429883646969768,1.0,0.6894037816041461,0.03172973183518657,0.7065638111070136
corn_starch,mp6_rep4,mp6_rep4,CV+,0.05,3,2,0.005156278610229492,20,0.85,2.4039979635005846,2.4072340811957176,3.5525457822146342,1.0,0.6894037816041461,0.03172973183518657,0.7065638111070136
corn_starch,mp6_rep4,mp6_rep4,CV+,0.1,3,2,0.004891157150268555,20,0.85,2.0944271434723403,2.082219221257258,3.0271010904388858,1.0,0.6894037816041461,0.03172973183518657,0.7065638111070136
corn_starch,mp6_rep4,mp6_rep4,CV+,0.2,3,2,0.0053479671478271484,20,0.75,1.7326622537969762,1.744913086994746,2.586241436859583,1.0,0.6894037816041461,0.03172973183518657,0.7065638111070136
corn_starch,mp6_rep4,mp6_rep4,CQR,0.05,3,2,3.147125244140625e-05,20,0.9,2.1992396539555217,2.128619440326844,3.220055210311392,1.0,0.6894037816041461,0.03172973183518657,0.7065638111070136
corn_starch,mp6_rep4,mp6_rep4,CQR,0.1,3,2,1.3828277587890625e-05,20,0.7,1.8366702285996914,1.8289439030855341,2.8296668644481193,1.0,0.6894037816041461,0.03172973183518657,0.7065638111070136
corn_starch,mp6_rep4,mp6_rep4,CQR,0.2,3,2,1.3113021850585938e-05,20,0.7,1.605533941784112,1.5886295905119496,2.206279412539138,1.0,0.6894037816041461,0.03172973183518657,0.7065638111070136
corn_starch,mp6_rep4,mp6_rep4,WCP,0.05,3,2,0.003112316131591797,20,0.95,inf,inf,inf,0.4,0.6894037816041461,0.03172973183518657,0.7065638111070136
corn_starch,mp6_rep4,mp6_rep4,WCP,0.1,3,2,0.00014448165893554688,20,0.85,inf,2.0610653368673013,inf,0.85,0.6894037816041461,0.03172973183518657,0.7065638111070136
corn_starch,mp6_rep4,mp6_rep4,WCP,0.2,3,2,8.797645568847656e-05,20,0.8,inf,1.4534706572690723,inf,0.9,0.6894037816041461,0.03172973183518657,0.7065638111070136
corn_starch,mp6_rep4,mp6_rep4,R-U-A,0.05,3,2,5.2928924560546875e-05,20,0.85,2.202333530217402,2.202333530217402,3.897149772511156,1.0,0.6894037816041461,0.03172973183518657,0.7065638111070136
corn_starch,mp6_rep4,mp6_rep4,R-U-A,0.1,3,2,3.504753112792969e-05,20,0.8,1.9867880994874838,1.9867880994874838,3.2318170386280727,1.0,0.6894037816041461,0.03172973183518657,0.7065638111070136
corn_starch,mp6_rep4,mp6_rep4,R-U-A,0.2,3,2,3.147125244140625e-05,20,0.75,1.630433255545796,1.630433255545796,2.6589528599535477,1.0,0.6894037816041461,0.03172973183518657,0.7065638111070136
corn_starch,mp6_rep4,mp6_rep4,R-U-D,0.05,3,2,0.002962827682495117,20,0.85,2.2898166616518085,2.297745667841326,3.739415569742614,1.0,0.6894037816041461,0.03172973183518657,0.7065638111070136
corn_starch,mp6_rep4,mp6_rep4,R-U-D,0.1,3,2,0.00041413307189941406,20,0.8,2.005883204430787,2.012829027041718,3.17660850941403,1.0,0.6894037816041461,0.03172973183518657,0.7065638111070136
corn_starch,mp6_rep4,mp6_rep4,R-U-D,0.2,3,2,0.0003521442413330078,20,0.75,1.6260769376329196,1.6317075954576445,2.636432773786669,1.0,0.6894037816041461,0.03172973183518657,0.7065638111070136
corn_starch,mp6_rep4,mp6_rep4,G-U-A,0.05,3,2,6.771087646484375e-05,20,0.95,2.9974219337422596,2.9974219337422596,3.005789164510489,1.0,0.6894037816041461,0.03172973183518657,0.7065638111070136
corn_starch,mp6_rep4,mp6_rep4,G-U-A,0.1,3,2,3.62396240234375e-05,20,0.85,2.5640125212295573,2.5640125212295573,2.8689021558582013,1.0,0.6894037816041461,0.03172973183518657,0.7065638111070136
corn_starch,mp6_rep4,mp6_rep4,G-U-A,0.2,3,2,3.337860107421875e-05,20,0.8,1.9784895432011638,1.9784895432011638,2.6093025690577782,1.0,0.6894037816041461,0.03172973183518657,0.7065638111070136
corn_starch,mp6_rep4,mp6_rep4,G-W-A,0.05,3,2,0.00010204315185546875,20,0.95,2.9974219337422596,2.9974219337422596,3.005789164510489,1.0,0.6894037816041461,0.03172973183518657,0.7065638111070136
corn_starch,mp6_rep4,mp6_rep4,G-W-A,0.1,3,2,7.581710815429688e-05,20,0.85,2.5640125212295573,2.5640125212295573,2.8689021558582013,1.0,0.6894037816041461,0.03172973183518657,0.7065638111070136
corn_starch,mp6_rep4,mp6_rep4,G-W-A,0.2,3,2,6.67572021484375e-05,20,0.8,1.9784895432011638,1.9784895432011638,2.6093025690577782,1.0,0.6894037816041461,0.03172973183518657,0.7065638111070136
corn_starch,mp6_rep4,mp6_rep4,G-U-D,0.05,3,2,0.0035245418548583984,20,1.0,3.059833721773969,3.003989498183696,3.059833721773969,1.0,0.6894037816041461,0.03172973183518657,0.7065638111070136
corn_starch,mp6_rep4,mp6_rep4,G-U-D,0.1,3,2,0.00036334991455078125,20,0.9,2.715408286746391,2.6658500815325326,2.8819180186505333,1.0,0.6894037816041461,0.03172973183518657,0.7065638111070136
corn_starch,mp6_rep4,mp6_rep4,G-U-D,0.2,3,2,0.0004181861877441406,20,0.85,2.147016379691178,2.1078317462562772,2.6429541259063827,1.0,0.6894037816041461,0.03172973183518657,0.7065638111070136
corn_starch,mp6_rep4,mp6_rep4,GC-D,0.05,3,2,0.0004849433898925781,20,1.0,3.059833721773969,3.003989498183696,3.059833721773969,1.0,0.6894037816041461,0.03172973183518657,0.7065638111070136
corn_starch,mp6_rep4,mp6_rep4,GC-D,0.1,3,2,0.0003809928894042969,20,0.9,2.715408286746391,2.6658500815325326,2.8819180186505333,1.0,0.6894037816041461,0.03172973183518657,0.7065638111070136
corn_starch,mp6_rep4,mp6_rep4,GC-D,0.2,3,2,0.00043511390686035156,20,0.85,2.147016379691178,2.1078317462562772,2.6429541259063827,1.0,0.6894037816041461,0.03172973183518657,0.7065638111070136
corn_starch,mp6_rep4,mp6_rep4,GC-D+,0.05,3,2,0.00037598609924316406,20,1.0,inf,inf,inf,0.0,0.6894037816041461,0.03172973183518657,0.7065638111070136
corn_starch,mp6_rep4,mp6_rep4,GC-D+,0.1,3,2,0.00043272972106933594,20,1.0,inf,inf,inf,0.0,0.6894037816041461,0.03172973183518657,0.7065638111070136
corn_starch,mp6_rep4,mp6_rep4,GC-D+,0.2,3,2,0.0004227161407470703,20,1.0,inf,inf,inf,0.0,0.6894037816041461,0.03172973183518657,0.7065638111070136
corn_starch,mp6_rep4,mp6_rep4,HJ+,0.05,3,2,0.0015168190002441406,20,1.0,inf,inf,inf,0.0,0.6894037816041461,0.03172973183518657,0.7065638111070136
corn_starch,mp6_rep4,mp6_rep4,HJ+,0.1,3,2,0.00041484832763671875,20,1.0,inf,inf,inf,0.0,0.6894037816041461,0.03172973183518657,0.7065638111070136
corn_starch,mp6_rep4,mp6_rep4,HJ+,0.2,3,2,0.00034880638122558594,20,1.0,inf,inf,inf,0.0,0.6894037816041461,0.03172973183518657,0.7065638111070136
corn_starch,mp6_rep4,mp6_rep4,HJ+-D,0.05,3,2,0.002171039581298828,20,1.0,inf,inf,inf,0.0,0.6894037816041461,0.03172973183518657,0.7065638111070136
corn_starch,mp6_rep4,mp6_rep4,HJ+-D,0.1,3,2,0.0028336048126220703,20,1.0,inf,inf,inf,0.0,0.6894037816041461,0.03172973183518657,0.7065638111070136
corn_starch,mp6_rep4,mp6_rep4,HJ+-D,0.2,3,2,0.0024476051330566406,20,1.0,inf,inf,inf,0.0,0.6894037816041461,0.03172973183518657,0.7065638111070136
corn_starch,mp6_rep4,mp6_rep4,HCP-D,0.05,3,2,0.00036025047302246094,20,1.0,inf,inf,inf,0.0,0.6894037816041461,0.03172973183518657,0.7065638111070136
corn_starch,mp6_rep4,mp6_rep4,HCP-D,0.1,3,2,0.0001842975616455078,20,1.0,inf,inf,inf,0.0,0.6894037816041461,0.03172973183518657,0.7065638111070136
corn_starch,mp6_rep4,mp6_rep4,HCP-D,0.2,3,2,0.00014925003051757812,20,1.0,inf,inf,inf,0.0,0.6894037816041461,0.03172973183518657,0.7065638111070136
corn_starch,mp6_rep4,mp6_rep4,HCP-A,0.05,3,2,0.00019359588623046875,20,1.0,inf,inf,inf,0.0,0.6894037816041461,0.03172973183518657,0.7065638111070136
corn_starch,mp6_rep4,mp6_rep4,HCP-A,0.1,3,2,0.00016808509826660156,20,1.0,inf,inf,inf,0.0,0.6894037816041461,0.03172973183518657,0.7065638111070136
corn_starch,mp6_rep4,mp6_rep4,HCP-A,0.2,3,2,0.00016045570373535156,20,1.0,inf,inf,inf,0.0,0.6894037816041461,0.03172973183518657,0.7065638111070136
corn_starch,mp6_rep4,mp6_rep4,ORACLE,0.05,3,2,0.0001513957977294922,20,1.0,inf,inf,inf,0.0,0.6894037816041461,0.03172973183518657,0.7065638111070136
corn_starch,mp6_rep4,mp6_rep4,ORACLE,0.1,3,2,0.00014495849609375,20,0.85,2.570591303897823,2.5705913038978174,3.5184095554430734,1.0,0.6894037816041461,0.03172973183518657,0.7065638111070136
corn_starch,mp6_rep4,mp6_rep4,ORACLE,0.2,3,2,9.393692016601562e-05,20,0.55,1.7590725100237705,1.7590725100237705,3.6339064688644704,1.0,0.6894037816041461,0.03172973183518657,0.7065638111070136
corn_starch,mp6_rep5,mp6_rep5,ASTM-R,0.05,3,1,0.015468835830688477,20,0.9,3.3823249433831792,3.369939040002322,3.837272173488016,1.0,0.7713302352737065,0.2730497998776361,0.7401238435731189
corn_starch,mp6_rep5,mp6_rep5,ASTM-R,0.1,3,1,0.00012683868408203125,20,0.9,2.8316578387483973,2.821288450536006,3.6066141054463956,1.0,0.7713302352737065,0.2730497998776361,0.7401238435731189
corn_starch,mp6_rep5,mp6_rep5,ASTM-R,0.2,3,1,9.989738464355469e-05,20,0.85,2.2012273058384393,2.193166522446596,2.9362977347079235,1.0,0.7713302352737065,0.2730497998776361,0.7401238435731189
corn_starch,mp6_rep5,mp6_rep5,ASTM-G,0.05,3,1,0.00014352798461914062,20,0.95,3.7926024663634963,3.778714147382704,3.7930466314861264,1.0,0.7713302352737065,0.2730497998776361,0.7401238435731189
corn_starch,mp6_rep5,mp6_rep5,ASTM-G,0.1,3,1,9.799003601074219e-05,20,0.9,3.1751391965293054,3.163511996905587,3.608600423908695,1.0,0.7713302352737065,0.2730497998776361,0.7401238435731189
corn_starch,mp6_rep5,mp6_rep5,ASTM-G,0.2,3,1,9.942054748535156e-05,20,0.9,2.4682371590232406,2.4591985990136536,3.036374819447795,1.0,0.7713302352737065,0.2730497998776361,0.7401238435731189
corn_starch,mp6_rep5,mp6_rep5,GPR,0.05,3,1,0.030035972595214844,20,0.9,3.0794816712676405,3.053333492107626,4.182691755379548,1.0,0.7713302352737065,0.2730497998776361,0.7401238435731189
corn_starch,mp6_rep5,mp6_rep5,GPR,0.1,3,1,0.0002815723419189453,20,0.9,2.5843824866526006,2.5624382429477244,3.626259744937805,1.0,0.7713302352737065,0.2730497998776361,0.7401238435731189
corn_starch,mp6_rep5,mp6_rep5,GPR,0.2,3,1,0.0001761913299560547,20,0.8,2.013564834868677,1.9964674595072012,2.9408033779487814,1.0,0.7713302352737065,0.2730497998776361,0.7401238435731189
corn_starch,mp6_rep5,mp6_rep5,BAG,0.05,3,1,0.020298480987548828,20,0.95,3.510274916040609,3.470069888761458,4.011384956423522,1.0,0.7713302352737065,0.2730497998776361,0.7401238435731189
corn_starch,mp6_rep5,mp6_rep5,BAG,0.1,3,1,9.083747863769531e-05,20,0.9,2.9459155743625205,2.9121744518401513,3.502693344847164,1.0,0.7713302352737065,0.2730497998776361,0.7401238435731189
corn_starch,mp6_rep5,mp6_rep5,BAG,0.2,3,1,0.00011420249938964844,20,0.9,2.29524539717472,2.268956742863324,2.8849698966779718,1.0,0.7713302352737065,0.2730497998776361,0.7401238435731189
corn_starch,mp6_rep5,mp6_rep5,QGB,0.05,3,1,0.03908419609069824,20,0.8,2.023789695468996,2.0613113540076426,3.4306215790109933,1.0,0.7713302352737065,0.2730497998776361,0.7401238435731189
corn_starch,mp6_rep5,mp6_rep5,QGB,0.1,3,1,0.026853084564208984,20,0.8,1.7988233771555013,1.8246575399127138,3.0127175570044082,1.0,0.7713302352737065,0.2730497998776361,0.7401238435731189
corn_starch,mp6_rep5,mp6_rep5,QGB,0.2,3,1,0.027210474014282227,20,0.7,1.6071653569661162,1.703729276145932,2.392197366366168,1.0,0.7713302352737065,0.2730497998776361,0.7401238435731189
corn_starch,mp6_rep5,mp6_rep5,SCP,0.05,3,1,2.8371810913085938e-05,20,1.0,4.319489671860664,4.319489671860659,4.319489671860664,1.0,0.7713302352737065,0.2730497998776361,0.7401238435731189
corn_starch,mp6_rep5,mp6_rep5,SCP,0.1,3,1,1.0967254638671875e-05,20,1.0,2.645782791832488,2.645782791832488,2.645782791832488,1.0,0.7713302352737065,0.2730497998776361,0.7401238435731189
corn_starch,mp6_rep5,mp6_rep5,SCP,0.2,3,1,1.1682510375976562e-05,20,0.9,2.1378288847687372,2.1378288847687372,2.274580915430704,1.0,0.7713302352737065,0.2730497998776361,0.7401238435731189
corn_starch,mp6_rep5,mp6_rep5,NCP-kNN,0.05,3,1,0.004761934280395508,20,1.0,4.549735367917061,4.577103990169839,4.549735367917061,1.0,0.7713302352737065,0.2730497998776361,0.7401238435731189
corn_starch,mp6_rep5,mp6_rep5,NCP-kNN,0.1,3,1,1.7881393432617188e-05,20,1.0,2.5791025558980474,2.5946169711102627,2.5791025558980474,1.0,0.7713302352737065,0.2730497998776361,0.7401238435731189
corn_starch,mp6_rep5,mp6_rep5,NCP-kNN,0.2,3,1,1.4543533325195312e-05,20,0.9,1.9903042204869599,2.0022767595411537,2.190622226198348,1.0,0.7713302352737065,0.2730497998776361,0.7401238435731189
corn_starch,mp6_rep5,mp6_rep5,CV+,0.05,3,1,0.00521397590637207,20,1.0,3.635619760028034,3.656243023467404,3.635619760028034,1.0,0.7713302352737065,0.2730497998776361,0.7401238435731189
corn_starch,mp6_rep5,mp6_rep5,CV+,0.1,3,1,0.00469517707824707,20,0.95,3.052703201951158,3.0003143407204718,3.4798142572016646,1.0,0.7713302352737065,0.2730497998776361,0.7401238435731189
corn_starch,mp6_rep5,mp6_rep5,CV+,0.2,3,1,0.005055427551269531,20,0.9,2.3504380288241364,2.3327197086938476,2.8276777365784653,1.0,0.7713302352737065,0.2730497998776361,0.7401238435731189
corn_starch,mp6_rep5,mp6_rep5,CQR,0.05,3,1,2.8371810913085938e-05,20,1.0,4.9566581087473125,4.994179767285949,4.9566581087473125,1.0,0.7713302352737065,0.2730497998776361,0.7401238435731189
corn_starch,mp6_rep5,mp6_rep5,CQR,0.1,3,1,1.3113021850585938e-05,20,1.0,3.140834073139346,3.1666682358965588,3.140834073139346,1.0,0.7713302352737065,0.2730497998776361,0.7401238435731189
corn_starch,mp6_rep5,mp6_rep5,CQR,0.2,3,1,1.239776611328125e-05,20,0.95,2.601919661751559,2.69848358093137,2.6702907125953885,1.0,0.7713302352737065,0.2730497998776361,0.7401238435731189
corn_starch,mp6_rep5,mp6_rep5,WCP,0.05,3,1,0.0028896331787109375,20,1.0,inf,inf,inf,0.2,0.7713302352737065,0.2730497998776361,0.7401238435731189
corn_starch,mp6_rep5,mp6_rep5,WCP,0.1,3,1,0.00012493133544921875,20,1.0,inf,inf,inf,0.5,0.7713302352737065,0.2730497998776361,0.7401238435731189
corn_starch,mp6_rep5,mp6_rep5,WCP,0.2,3,1,8.106231689453125e-05,20,0.9,inf,2.772863272733378,inf,0.65,0.7713302352737065,0.2730497998776361,0.7401238435731189
corn_starch,mp6_rep5,mp6_rep5,R-U-A,0.05,3,1,5.459785461425781e-05,20,0.9,3.1363469636713432,3.1363469636713432,4.044130857037956,1.0,0.7713302352737065,0.2730497998776361,0.7401238435731189
corn_starch,mp6_rep5,mp6_rep5,R-U-A,0.1,3,1,4.0531158447265625e-05,20,0.9,2.640926464238987,2.640926464238987,3.5902389103546497,1.0,0.7713302352737065,0.2730497998776361,0.7401238435731189
corn_starch,mp6_rep5,mp6_rep5,R-U-A,0.2,3,1,3.3855438232421875e-05,20,0.85,2.063520397992562,2.063520397992562,2.8921457774542,1.0,0.7713302352737065,0.2730497998776361,0.7401238435731189
corn_starch,mp6_rep5,mp6_rep5,R-U-D,0.05,3,1,0.0030298233032226562,20,0.95,3.5422587112390516,3.430359686958944,4.099373666056502,1.0,0.7713302352737065,0.2730497998776361,0.7401238435731189
corn_starch,mp6_rep5,mp6_rep5,R-U-D,0.1,3,1,0.0005161762237548828,20,0.9,2.882569079162453,2.7915094774583586,3.7682890649307077,1.0,0.7713302352737065,0.2730497998776361,0.7401238435731189
corn_starch,mp6_rep5,mp6_rep5,R-U-D,0.2,3,1,0.0004203319549560547,20,0.85,2.2251709439951295,2.1548783770802764,3.008935921386213,1.0,0.7713302352737065,0.2730497998776361,0.7401238435731189
corn_starch,mp6_rep5,mp6_rep5,G-U-A,0.05,3,1,4.220008850097656e-05,20,0.95,3.5997009483285467,3.5997009483285467,3.766810378046131,1.0,0.7713302352737065,0.2730497998776361,0.7401238435731189
corn_starch,mp6_rep5,mp6_rep5,G-U-A,0.1,3,1,3.5762786865234375e-05,20,0.9,2.9815093882425856,2.9815093882425856,3.5902389103546497,1.0,0.7713302352737065,0.2730497998776361,0.7401238435731189
corn_starch,mp6_rep5,mp6_rep5,G-U-A,0.2,3,1,3.528594970703125e-05,20,0.85,2.2468015828761168,2.2468015828761168,2.9379660736750886,1.0,0.7713302352737065,0.2730497998776361,0.7401238435731189
corn_starch,mp6_rep5,mp6_rep5,G-W-A,0.05,3,1,0.00013256072998046875,20,0.95,3.5997009483285467,3.5997009483285467,3.766810378046131,1.0,0.7713302352737065,0.2730497998776361,0.7401238435731189
corn_starch,mp6_rep5,mp6_rep5,G-W-A,0.1,3,1,7.62939453125e-05,20,0.9,2.9815093882425856,2.9815093882425856,3.5902389103546497,1.0,0.7713302352737065,0.2730497998776361,0.7401238435731189
corn_starch,mp6_rep5,mp6_rep5,G-W-A,0.2,3,1,6.866455078125e-05,20,0.85,2.2468015828761168,2.2468015828761168,2.9379660736750886,1.0,0.7713302352737065,0.2730497998776361,0.7401238435731189
corn_starch,mp6_rep5,mp6_rep5,G-U-D,0.05,3,1,0.0034360885620117188,20,0.85,4.705982583578512,4.399825028269756,5.724058172001913,1.0,0.7713302352737065,0.2730497998776361,0.7401238435731189
corn_starch,mp6_rep5,mp6_rep5,G-U-D,0.1,3,1,0.0003840923309326172,20,0.85,4.160628995777017,3.889950560557395,5.1614247592513465,1.0,0.7713302352737065,0.2730497998776361,0.7401238435731189
corn_starch,mp6_rep5,mp6_rep5,G-U-D,0.2,3,1,0.00035452842712402344,20,0.8,3.3236719011672675,3.107443463038198,4.290614042000419,1.0,0.7713302352737065,0.2730497998776361,0.7401238435731189
corn_starch,mp6_rep5,mp6_rep5,GC-D,0.05,3,1,0.0004990100860595703,20,0.85,4.705982583578512,4.399825028269756,5.724058172001913,1.0,0.7713302352737065,0.2730497998776361,0.7401238435731189
corn_starch,mp6_rep5,mp6_rep5,GC-D,0.1,3,1,0.0005474090576171875,20,0.85,4.160628995777017,3.889950560557395,5.1614247592513465,1.0,0.7713302352737065,0.2730497998776361,0.7401238435731189
corn_starch,mp6_rep5,mp6_rep5,GC-D,0.2,3,1,0.0004093647003173828,20,0.8,3.3236719011672675,3.107443463038198,4.290614042000419,1.0,0.7713302352737065,0.2730497998776361,0.7401238435731189
corn_starch,mp6_rep5,mp6_rep5,GC-D+,0.05,3,1,0.00037550926208496094,20,1.0,inf,inf,inf,0.0,0.7713302352737065,0.2730497998776361,0.7401238435731189
corn_starch,mp6_rep5,mp6_rep5,GC-D+,0.1,3,1,0.0004417896270751953,20,1.0,inf,inf,inf,0.0,0.7713302352737065,0.2730497998776361,0.7401238435731189
corn_starch,mp6_rep5,mp6_rep5,GC-D+,0.2,3,1,0.00038123130798339844,20,1.0,inf,inf,inf,0.0,0.7713302352737065,0.2730497998776361,0.7401238435731189
corn_starch,mp6_rep5,mp6_rep5,HJ+,0.05,3,1,0.003131389617919922,20,1.0,inf,inf,inf,0.0,0.7713302352737065,0.2730497998776361,0.7401238435731189
corn_starch,mp6_rep5,mp6_rep5,HJ+,0.1,3,1,0.0004978179931640625,20,1.0,inf,inf,inf,0.0,0.7713302352737065,0.2730497998776361,0.7401238435731189
corn_starch,mp6_rep5,mp6_rep5,HJ+,0.2,3,1,0.0003898143768310547,20,1.0,inf,inf,inf,0.0,0.7713302352737065,0.2730497998776361,0.7401238435731189
corn_starch,mp6_rep5,mp6_rep5,HJ+-D,0.05,3,1,0.002533435821533203,20,1.0,inf,inf,inf,0.0,0.7713302352737065,0.2730497998776361,0.7401238435731189
corn_starch,mp6_rep5,mp6_rep5,HJ+-D,0.1,3,1,0.002506732940673828,20,1.0,inf,inf,inf,0.0,0.7713302352737065,0.2730497998776361,0.7401238435731189
corn_starch,mp6_rep5,mp6_rep5,HJ+-D,0.2,3,1,0.002380847930908203,20,1.0,inf,inf,inf,0.0,0.7713302352737065,0.2730497998776361,0.7401238435731189
corn_starch,mp6_rep5,mp6_rep5,HCP-D,0.05,3,1,0.0002999305725097656,20,1.0,inf,inf,inf,0.0,0.7713302352737065,0.2730497998776361,0.7401238435731189
corn_starch,mp6_rep5,mp6_rep5,HCP-D,0.1,3,1,0.00022459030151367188,20,1.0,inf,inf,inf,0.0,0.7713302352737065,0.2730497998776361,0.7401238435731189
corn_starch,mp6_rep5,mp6_rep5,HCP-D,0.2,3,1,0.0001990795135498047,20,1.0,inf,inf,inf,0.0,0.7713302352737065,0.2730497998776361,0.7401238435731189
corn_starch,mp6_rep5,mp6_rep5,HCP-A,0.05,3,1,0.00016069412231445312,20,1.0,inf,inf,inf,0.0,0.7713302352737065,0.2730497998776361,0.7401238435731189
corn_starch,mp6_rep5,mp6_rep5,HCP-A,0.1,3,1,0.0001494884490966797,20,1.0,inf,inf,inf,0.0,0.7713302352737065,0.2730497998776361,0.7401238435731189
corn_starch,mp6_rep5,mp6_rep5,HCP-A,0.2,3,1,0.00015306472778320312,20,1.0,inf,inf,inf,0.0,0.7713302352737065,0.2730497998776361,0.7401238435731189
corn_starch,mp6_rep5,mp6_rep5,ORACLE,0.05,3,1,0.00014257431030273438,20,1.0,inf,inf,inf,0.0,0.7713302352737065,0.2730497998776361,0.7401238435731189
corn_starch,mp6_rep5,mp6_rep5,ORACLE,0.1,3,1,0.00010943412780761719,20,0.9,3.0456976345805344,3.0456976345805344,4.311351653820246,1.0,0.7713302352737065,0.2730497998776361,0.7401238435731189
corn_starch,mp6_rep5,mp6_rep5,ORACLE,0.2,3,1,0.00010156631469726562,20,0.9,2.718938792590129,2.7189387925901265,3.5019531765089082,1.0,0.7713302352737065,0.2730497998776361,0.7401238435731189
corn_starch,mp6_rep6,mp6_rep6,ASTM-R,0.05,3,2,0.017056703567504883,20,0.95,2.1616169325819103,2.1570953300604145,3.6451070859716763,1.0,0.7309695723201772,0.3416702551223487,0.6629899994661917
corn_starch,mp6_rep6,mp6_rep6,ASTM-R,0.1,3,2,0.00016117095947265625,20,0.75,1.8096521360967166,1.8058667625005569,3.023611752241103,1.0,0.7309695723201772,0.3416702551223487,0.6629899994661917
corn_starch,mp6_rep6,mp6_rep6,ASTM-R,0.2,3,2,9.584426879882812e-05,20,0.6,1.406729984289197,1.403787430616461,2.6721495018635872,1.0,0.7309695723201772,0.3416702551223487,0.6629899994661917
corn_starch,mp6_rep6,mp6_rep6,ASTM-G,0.05,3,2,0.0001049041748046875,20,0.95,2.501476715768733,2.496244205209152,3.648063886455874,1.0,0.7309695723201772,0.3416702551223487,0.6629899994661917
corn_starch,mp6_rep6,mp6_rep6,ASTM-G,0.1,3,2,0.00011229515075683594,20,0.9,2.094174325642481,2.089793797451506,2.8877103586527935,1.0,0.7309695723201772,0.3416702551223487,0.6629899994661917
corn_starch,mp6_rep6,mp6_rep6,ASTM-G,0.2,3,2,0.00011348724365234375,20,0.7,1.627902820353118,1.6244976242768274,2.4739724402485668,1.0,0.7309695723201772,0.3416702551223487,0.6629899994661917
corn_starch,mp6_rep6,mp6_rep6,GPR,0.05,3,2,0.04038381576538086,20,0.85,1.8736497175636735,1.8515068563287684,4.131005567985945,1.0,0.7309695723201772,0.3416702551223487,0.6629899994661917
corn_starch,mp6_rep6,mp6_rep6,GPR,0.1,3,2,0.00015044212341308594,20,0.7,1.5724164106487089,1.553833535707838,3.3948499422752882,1.0,0.7309695723201772,0.3416702551223487,0.6629899994661917
corn_starch,mp6_rep6,mp6_rep6,GPR,0.2,3,2,0.0001125335693359375,20,0.7,1.2251136999282213,1.2106352611890117,2.6532854153764047,1.0,0.7309695723201772,0.3416702551223487,0.6629899994661917
corn_starch,mp6_rep6,mp6_rep6,BAG,0.05,3,2,0.021519899368286133,20,0.95,2.4942608293312616,2.4561566735590326,3.8436235824046405,1.0,0.7309695723201772,0.3416702551223487,0.6629899994661917
corn_starch,mp6_rep6,mp6_rep6,BAG,0.1,3,2,0.00013375282287597656,20,0.9,2.0932496739991366,2.061271658424232,3.1144618047611674,1.0,0.7309695723201772,0.3416702551223487,0.6629899994661917
corn_starch,mp6_rep6,mp6_rep6,BAG,0.2,3,2,8.416175842285156e-05,20,0.7,1.6309094942151134,1.605994525945885,2.593655091397898,1.0,0.7309695723201772,0.3416702551223487,0.6629899994661917
corn_starch,mp6_rep6,mp6_rep6,QGB,0.05,3,2,0.03193521499633789,20,0.8,1.3967309329386108,1.516337970104015,6.773140456718041,1.0,0.7309695723201772,0.3416702551223487,0.6629899994661917
corn_starch,mp6_rep6,mp6_rep6,QGB,0.1,3,2,0.03379940986633301,20,0.75,1.2068289215015855,1.2774629504591672,4.477994265461322,1.0,0.7309695723201772,0.3416702551223487,0.6629899994661917
corn_starch,mp6_rep6,mp6_rep6,QGB,0.2,3,2,0.026665210723876953,20,0.7,0.95521687939337,0.9519670617017724,2.8373878574617217,1.0,0.7309695723201772,0.3416702551223487,0.6629899994661917
corn_starch,mp6_rep6,mp6_rep6,SCP,0.05,3,2,3.0040740966796875e-05,20,0.55,1.454611408326696,1.454611408326688,6.565052833474437,1.0,0.7309695723201772,0.3416702551223487,0.6629899994661917
corn_starch,mp6_rep6,mp6_rep6,SCP,0.1,3,2,1.3113021850585938e-05,20,0.55,1.36976089714409,1.36976089714409,4.306808910039678,1.0,0.7309695723201772,0.3416702551223487,0.6629899994661917
corn_starch,mp6_rep6,mp6_rep6,SCP,0.2,3,2,8.821487426757812e-06,20,0.5,1.1049601002157772,1.1049601002157772,3.2153342160671343,1.0,0.7309695723201772,0.3416702551223487,0.6629899994661917
corn_starch,mp6_rep6,mp6_rep6,NCP-kNN,0.05,3,2,0.005086421966552734,20,0.8,1.772058538265521,1.8317033317234035,4.888400997145888,1.0,0.7309695723201772,0.3416702551223487,0.6629899994661917
corn_starch,mp6_rep6,mp6_rep6,NCP-kNN,0.1,3,2,1.5497207641601562e-05,20,0.6,1.3155214154891035,1.3597998642095774,4.220544559303322,1.0,0.7309695723201772,0.3416702551223487,0.6629899994661917
corn_starch,mp6_rep6,mp6_rep6,NCP-kNN,0.2,3,2,1.2159347534179688e-05,20,0.55,1.2333600316713231,1.2748730532559591,2.8629149782857106,1.0,0.7309695723201772,0.3416702551223487,0.6629899994661917
corn_starch,mp6_rep6,mp6_rep6,CV+,0.05,3,2,0.004945516586303711,20,0.95,2.2092857227721354,2.180728630049707,3.537943460526107,1.0,0.7309695723201772,0.3416702551223487,0.6629899994661917
corn_starch,mp6_rep6,mp6_rep6,CV+,0.1,3,2,0.004795074462890625,20,0.85,1.9161197470798785,1.8952446851568183,2.8425409466570133,1.0,0.7309695723201772,0.3416702551223487,0.6629899994661917
corn_starch,mp6_rep6,mp6_rep6,CV+,0.2,3,2,0.004386425018310547,20,0.75,1.548370244369065,1.5303033206605718,2.341206761869288,1.0,0.7309695723201772,0.3416702551223487,0.6629899994661917
corn_starch,mp6_rep6,mp6_rep6,CQR,0.05,3,2,2.3603439331054688e-05,20,0.85,1.849959889690186,1.9695669268555882,5.537373143625774,1.0,0.7309695723201772,0.3416702551223487,0.6629899994661917
corn_starch,mp6_rep6,mp6_rep6,CQR,0.1,3,2,1.1682510375976562e-05,20,0.85,1.7880967805537469,1.8587308095113286,4.019161231043387,1.0,0.7309695723201772,0.3416702551223487,0.6629899994661917
corn_starch,mp6_rep6,mp6_rep6,CQR,0.2,3,2,1.0728836059570312e-05,20,0.7,1.0669943971662772,1.0637445794746796,2.781499098575268,1.0,0.7309695723201772,0.3416702551223487,0.6629899994661917
corn_starch,mp6_rep6,mp6_rep6,WCP,0.05,3,2,0.0028448104858398438,20,0.8,inf,inf,inf,0.25,0.7309695723201772,0.3416702551223487,0.6629899994661917
corn_starch,mp6_rep6,mp6_rep6,WCP,0.1,3,2,0.0001671314239501953,20,0.8,inf,inf,inf,0.35,0.7309695723201772,0.3416702551223487,0.6629899994661917
corn_starch,mp6_rep6,mp6_rep6,WCP,0.2,3,2,0.00010704994201660156,20,0.75,inf,1.1609421684480168,inf,0.6,0.7309695723201772,0.3416702551223487,0.6629899994661917
corn_starch,mp6_rep6,mp6_rep6,R-U-A,0.05,3,2,5.435943603515625e-05,20,0.85,1.9039138612776298,1.9039138612776298,3.954937356305777,1.0,0.7309695723201772,0.3416702551223487,0.6629899994661917
corn_starch,mp6_rep6,mp6_rep6,R-U-A,0.1,3,2,3.6716461181640625e-05,20,0.75,1.7094629885142372,1.7094629885142396,3.164477830070358,1.0,0.7309695723201772,0.3416702551223487,0.6629899994661917
corn_starch,mp6_rep6,mp6_rep6,R-U-A,0.2,3,2,3.2901763916015625e-05,20,0.6,1.4257267815217745,1.4257267815217745,2.654303722363135,1.0,0.7309695723201772,0.3416702551223487,0.6629899994661917
corn_starch,mp6_rep6,mp6_rep6,R-U-D,0.05,3,2,0.002768993377685547,20,0.9,2.0697960352873963,2.0650619077324954,4.1375193298617035,1.0,0.7309695723201772,0.3416702551223487,0.6629899994661917
corn_starch,mp6_rep6,mp6_rep6,R-U-D,0.1,3,2,0.0004420280456542969,20,0.8,1.776946198587678,1.7728818899220506,3.1678297558991253,1.0,0.7309695723201772,0.3416702551223487,0.6629899994661917
corn_starch,mp6_rep6,mp6_rep6,R-U-D,0.2,3,2,0.0003540515899658203,20,0.65,1.4820248039780826,1.4786350523591132,2.578524422862814,1.0,0.7309695723201772,0.3416702551223487,0.6629899994661917
corn_starch,mp6_rep6,mp6_rep6,G-U-A,0.05,3,2,3.910064697265625e-05,20,0.95,2.306428291979927,2.306428291979927,3.626300889095475,1.0,0.7309695723201772,0.3416702551223487,0.6629899994661917
corn_starch,mp6_rep6,mp6_rep6,G-U-A,0.1,3,2,3.409385681152344e-05,20,0.85,2.0240333254028826,2.0240333254028826,2.869365876729077,1.0,0.7309695723201772,0.3416702551223487,0.6629899994661917
corn_starch,mp6_rep6,mp6_rep6,G-U-A,0.2,3,2,4.100799560546875e-05,20,0.7,1.6521558577082658,1.6521558577082658,2.461046119946957,1.0,0.7309695723201772,0.3416702551223487,0.6629899994661917
corn_starch,mp6_rep6,mp6_rep6,G-W-A,0.05,3,2,0.00012755393981933594,20,0.95,2.306428291979927,2.306428291979927,3.626300889095475,1.0,0.7309695723201772,0.3416702551223487,0.6629899994661917
corn_starch,mp6_rep6,mp6_rep6,G-W-A,0.1,3,2,7.82012939453125e-05,20,0.85,2.0240333254028826,2.0240333254028826,2.869365876729077,1.0,0.7309695723201772,0.3416702551223487,0.6629899994661917
corn_starch,mp6_rep6,mp6_rep6,G-W-A,0.2,3,2,6.794929504394531e-05,20,0.7,1.6521558577082658,1.6521558577082658,2.461046119946957,1.0,0.7309695723201772,0.3416702551223487,0.6629899994661917
corn_starch,mp6_rep6,mp6_rep6,G-U-D,0.05,3,2,0.0029997825622558594,20,0.95,2.9181994290719135,3.0036816172004848,3.8050644468035215,1.0,0.7309695723201772,0.3416702551223487,0.6629899994661917
corn_starch,mp6_rep6,mp6_rep6,G-U-D,0.1,3,2,0.00040984153747558594,20,0.9,2.2990173477496283,2.366361968365112,3.0890613572822714,1.0,0.7309695723201772,0.3416702551223487,0.6629899994661917
corn_starch,mp6_rep6,mp6_rep6,G-U-D,0.2,3,2,0.0003323554992675781,20,0.85,1.8189728596263985,1.8722556403158563,2.43654731032673,1.0,0.7309695723201772,0.3416702551223487,0.6629899994661917
corn_starch,mp6_rep6,mp6_rep6,GC-D,0.05,3,2,0.00041294097900390625,20,0.95,2.9181994290719135,3.0036816172004848,3.8050644468035215,1.0,0.7309695723201772,0.3416702551223487,0.6629899994661917
corn_starch,mp6_rep6,mp6_rep6,GC-D,0.1,3,2,0.0003635883331298828,20,0.9,2.2990173477496283,2.366361968365112,3.0890613572822714,1.0,0.7309695723201772,0.3416702551223487,0.6629899994661917
corn_starch,mp6_rep6,mp6_rep6,GC-D,0.2,3,2,0.00042700767517089844,20,0.85,1.8189728596263985,1.8722556403158563,2.43654731032673,1.0,0.7309695723201772,0.3416702551223487,0.6629899994661917
corn_starch,mp6_rep6,mp6_rep6,GC-D+,0.05,3,2,0.00037169456481933594,20,1.0,inf,inf,inf,0.0,0.7309695723201772,0.3416702551223487,0.6629899994661917
corn_starch,mp6_rep6,mp6_rep6,GC-D+,0.1,3,2,0.0004494190216064453,20,1.0,inf,inf,inf,0.0,0.7309695723201772,0.3416702551223487,0.6629899994661917
corn_starch,mp6_rep6,mp6_rep6,GC-D+,0.2,3,2,0.00037360191345214844,20,1.0,inf,inf,inf,0.0,0.7309695723201772,0.3416702551223487,0.6629899994661917
corn_starch,mp6_rep6,mp6_rep6,HJ+,0.05,3,2,0.0014622211456298828,20,1.0,inf,inf,inf,0.0,0.7309695723201772,0.3416702551223487,0.6629899994661917
corn_starch,mp6_rep6,mp6_rep6,HJ+,0.1,3,2,0.00036072731018066406,20,1.0,inf,inf,inf,0.0,0.7309695723201772,0.3416702551223487,0.6629899994661917
corn_starch,mp6_rep6,mp6_rep6,HJ+,0.2,3,2,0.0003695487976074219,20,1.0,inf,inf,inf,0.0,0.7309695723201772,0.3416702551223487,0.6629899994661917
corn_starch,mp6_rep6,mp6_rep6,HJ+-D,0.05,3,2,0.0021185874938964844,20,1.0,inf,inf,inf,0.0,0.7309695723201772,0.3416702551223487,0.6629899994661917
corn_starch,mp6_rep6,mp6_rep6,HJ+-D,0.1,3,2,0.002018451690673828,20,1.0,inf,inf,inf,0.0,0.7309695723201772,0.3416702551223487,0.6629899994661917
corn_starch,mp6_rep6,mp6_rep6,HJ+-D,0.2,3,2,0.002087116241455078,20,1.0,inf,inf,inf,0.0,0.7309695723201772,0.3416702551223487,0.6629899994661917
corn_starch,mp6_rep6,mp6_rep6,HCP-D,0.05,3,2,0.0003008842468261719,20,1.0,inf,inf,inf,0.0,0.7309695723201772,0.3416702551223487,0.6629899994661917
corn_starch,mp6_rep6,mp6_rep6,HCP-D,0.1,3,2,0.00016021728515625,20,1.0,inf,inf,inf,0.0,0.7309695723201772,0.3416702551223487,0.6629899994661917
corn_starch,mp6_rep6,mp6_rep6,HCP-D,0.2,3,2,0.00014209747314453125,20,1.0,inf,inf,inf,0.0,0.7309695723201772,0.3416702551223487,0.6629899994661917
corn_starch,mp6_rep6,mp6_rep6,HCP-A,0.05,3,2,0.00014328956604003906,20,1.0,inf,inf,inf,0.0,0.7309695723201772,0.3416702551223487,0.6629899994661917
corn_starch,mp6_rep6,mp6_rep6,HCP-A,0.1,3,2,0.0001621246337890625,20,1.0,inf,inf,inf,0.0,0.7309695723201772,0.3416702551223487,0.6629899994661917
corn_starch,mp6_rep6,mp6_rep6,HCP-A,0.2,3,2,0.00012946128845214844,20,1.0,inf,inf,inf,0.0,0.7309695723201772,0.3416702551223487,0.6629899994661917
corn_starch,mp6_rep6,mp6_rep6,ORACLE,0.05,3,2,0.00010943412780761719,20,1.0,inf,inf,inf,0.0,0.7309695723201772,0.3416702551223487,0.6629899994661917
corn_starch,mp6_rep6,mp6_rep6,ORACLE,0.1,3,2,9.679794311523438e-05,20,0.95,2.8678931525209905,2.867893152520992,3.6263008890954738,1.0,0.7309695723201772,0.3416702551223487,0.6629899994661917
corn_starch,mp6_rep6,mp6_rep6,ORACLE,0.2,3,2,9.679794311523438e-05,20,0.75,1.8590651716700108,1.8590651716700108,2.5255050651151265,1.0,0.7309695723201772,0.3416702551223487,0.6629899994661917
corn_starch,mp6_rep7,mp6_rep7,ASTM-R,0.05,3,2,0.014049291610717773,20,1.0,2.530481564334038,2.5261685474468116,2.530481564334038,1.0,0.7103675493824168,0.573940218492195,0.42946071545444525
corn_starch,mp6_rep7,mp6_rep7,ASTM-R,0.1,3,2,0.00011157989501953125,20,0.9,2.1184564661883862,2.1148457153169815,2.2717762143301194,1.0,0.7103675493824168,0.573940218492195,0.42946071545444525
corn_starch,mp6_rep7,mp6_rep7,ASTM-R,0.2,3,2,9.72747802734375e-05,20,0.6,1.6467785006605642,1.6439716896634096,2.1866547066862276,1.0,0.7103675493824168,0.573940218492195,0.42946071545444525
corn_starch,mp6_rep7,mp6_rep7,ASTM-G,0.05,3,2,9.989738464355469e-05,20,1.0,2.9182248605130434,2.913250964128462,2.9182248605130434,1.0,0.7103675493824168,0.573940218492195,0.42946071545444525
corn_starch,mp6_rep7,mp6_rep7,ASTM-G,0.1,3,2,9.250640869140625e-05,20,1.0,2.4430655463686617,2.438901523557128,2.4430655463686617,1.0,0.7103675493824168,0.573940218492195,0.42946071545444525
corn_starch,mp6_rep7,mp6_rep7,ASTM-G,0.2,3,2,0.00014591217041015625,20,0.85,1.8991128124068333,1.8958759164159247,2.1313791428880675,1.0,0.7103675493824168,0.573940218492195,0.42946071545444525
corn_starch,mp6_rep7,mp6_rep7,GPR,0.05,3,2,0.03890109062194824,20,0.8,1.904839827293241,1.881179431972658,2.8255408353450626,1.0,0.7103675493824168,0.573940218492195,0.42946071545444525
corn_starch,mp6_rep7,mp6_rep7,GPR,0.1,3,2,0.00010609626770019531,20,0.65,1.5985919758725398,1.5787355461803863,2.9728254506627705,1.0,0.7103675493824168,0.573940218492195,0.42946071545444525
corn_starch,mp6_rep7,mp6_rep7,GPR,0.2,3,2,8.273124694824219e-05,20,0.5,1.2455078164878723,1.230037115544551,2.709285929910443,1.0,0.7103675493824168,0.573940218492195,0.42946071545444525
corn_starch,mp6_rep7,mp6_rep7,BAG,0.05,3,2,0.02287149429321289,20,1.0,2.5561871380149537,2.535418615916104,2.5561871380149537,1.0,0.7103675493824168,0.573940218492195,0.42946071545444525
corn_starch,mp6_rep7,mp6_rep7,BAG,0.1,3,2,8.988380432128906e-05,20,0.9,2.145219870515776,2.127790377336215,2.2752615289535374,1.0,0.7103675493824168,0.573940218492195,0.42946071545444525
corn_starch,mp6_rep7,mp6_rep7,BAG,0.2,3,2,7.700920104980469e-05,20,0.55,1.6714009310312865,1.6578211243512833,2.3339749168025077,1.0,0.7103675493824168,0.573940218492195,0.42946071545444525
corn_starch,mp6_rep7,mp6_rep7,QGB,0.05,3,2,0.03148245811462402,20,0.5,1.239789686465182,1.2784185310036413,10.442901751632215,1.0,0.7103675493824168,0.573940218492195,0.42946071545444525
corn_starch,mp6_rep7,mp6_rep7,QGB,0.1,3,2,0.02721261978149414,20,0.5,1.118905029755212,1.1858369279307652,5.850891669995606,1.0,0.7103675493824168,0.573940218492195,0.42946071545444525
corn_starch,mp6_rep7,mp6_rep7,QGB,0.2,3,2,0.028258085250854492,20,0.4,0.9084676664818992,0.8260054140535118,4.253530785715226,1.0,0.7103675493824168,0.573940218492195,0.42946071545444525
corn_starch,mp6_rep7,mp6_rep7,SCP,0.05,3,2,2.86102294921875e-05,20,1.0,3.4802855884224897,3.4802855884224897,3.4802855884224897,1.0,0.7103675493824168,0.573940218492195,0.42946071545444525
corn_starch,mp6_rep7,mp6_rep7,SCP,0.1,3,2,1.0251998901367188e-05,20,0.55,1.7106870607894678,1.7106870607894678,3.9071963561123013,1.0,0.7103675493824168,0.573940218492195,0.42946071545444525
corn_starch,mp6_rep7,mp6_rep7,SCP,0.2,3,2,8.106231689453125e-06,20,0.5,1.3955385955682402,1.3955385955682402,3.244290403978294,1.0,0.7103675493824168,0.573940218492195,0.42946071545444525
corn_starch,mp6_rep7,mp6_rep7,NCP-kNN,0.05,3,2,0.005410194396972656,20,1.0,3.1741689040626917,3.0798730805710512,3.1741689040626917,1.0,0.7103675493824168,0.573940218492195,0.42946071545444525
corn_starch,mp6_rep7,mp6_rep7,NCP-kNN,0.1,3,2,1.8358230590820312e-05,20,0.75,1.8625889195665901,1.80725652822089,3.1331796451613694,1.0,0.7103675493824168,0.573940218492195,0.42946071545444525
corn_starch,mp6_rep7,mp6_rep7,NCP-kNN,0.2,3,2,1.1920928955078125e-05,20,0.45,1.1599082105236906,1.1254505294135129,3.3549524836300164,1.0,0.7103675493824168,0.573940218492195,0.42946071545444525
corn_starch,mp6_rep7,mp6_rep7,CV+,0.05,3,2,0.005792856216430664,20,1.0,2.8225287872369926,2.78565428386646,2.8225287872369926,1.0,0.7103675493824168,0.573940218492195,0.42946071545444525
corn_starch,mp6_rep7,mp6_rep7,CV+,0.1,3,2,0.004566669464111328,20,1.0,2.241342854478164,2.2158816125073457,2.241342854478164,1.0,0.7103675493824168,0.573940218492195,0.42946071545444525
corn_starch,mp6_rep7,mp6_rep7,CV+,0.2,3,2,0.00451207160949707,20,0.75,1.7781957944417037,1.7299013499970926,2.0791988067298384,1.0,0.7103675493824168,0.573940218492195,0.42946071545444525
corn_starch,mp6_rep7,mp6_rep7,CQR,0.05,3,2,2.5272369384765625e-05,20,0.9,2.580184309468673,2.6188131540071318,3.0637806286194644,1.0,0.7103675493824168,0.573940218492195,0.42946071545444525
corn_starch,mp6_rep7,mp6_rep7,CQR,0.1,3,2,1.2874603271484375e-05,20,0.65,1.6996283027046963,1.7665602008802495,3.9238532488378794,1.0,0.7103675493824168,0.573940218492195,0.42946071545444525
corn_starch,mp6_rep7,mp6_rep7,CQR,0.2,3,2,1.2159347534179688e-05,20,0.5,1.343421538996099,1.2609592865677115,3.496354313377742,1.0,0.7103675493824168,0.573940218492195,0.42946071545444525
corn_starch,mp6_rep7,mp6_rep7,WCP,0.05,3,2,0.0030541419982910156,20,0.95,inf,inf,inf,0.2,0.7103675493824168,0.573940218492195,0.42946071545444525
corn_starch,mp6_rep7,mp6_rep7,WCP,0.1,3,2,0.0001316070556640625,20,0.75,inf,inf,inf,0.3,0.7103675493824168,0.573940218492195,0.42946071545444525
corn_starch,mp6_rep7,mp6_rep7,WCP,0.2,3,2,8.726119995117188e-05,20,0.55,inf,1.5031806622835973,inf,0.7,0.7103675493824168,0.573940218492195,0.42946071545444525
corn_starch,mp6_rep7,mp6_rep7,R-U-A,0.05,3,2,6.175041198730469e-05,20,1.0,2.672306566911175,2.6723065669111747,2.672306566911175,1.0,0.7103675493824168,0.573940218492195,0.42946071545444525
corn_starch,mp6_rep7,mp6_rep7,R-U-A,0.1,3,2,7.653236389160156e-05,20,0.85,1.959902642290245,1.9599026422902455,2.330125531562714,1.0,0.7103675493824168,0.573940218492195,0.42946071545444525
corn_starch,mp6_rep7,mp6_rep7,R-U-A,0.2,3,2,3.790855407714844e-05,20,0.6,1.5780342909736196,1.5780342909736191,2.252126017621063,1.0,0.7103675493824168,0.573940218492195,0.42946071545444525
corn_starch,mp6_rep7,mp6_rep7,R-U-D,0.05,3,2,0.0032808780670166016,20,1.0,2.7014842827867467,2.7008384895165847,2.7014842827867467,1.0,0.7103675493824168,0.573940218492195,0.42946071545444525
corn_starch,mp6_rep7,mp6_rep7,R-U-D,0.1,3,2,0.00041675567626953125,20,0.85,1.9546713502274493,1.9542040835432033,2.3631916013410352,1.0,0.7103675493824168,0.573940218492195,0.42946071545444525
corn_starch,mp6_rep7,mp6_rep7,R-U-D,0.2,3,2,0.0004792213439941406,20,0.6,1.6186201483078775,1.6182332150929,2.237538340615044,1.0,0.7103675493824168,0.573940218492195,0.42946071545444525
corn_starch,mp6_rep7,mp6_rep7,G-U-A,0.05,3,2,0.00010132789611816406,20,1.0,2.977470436107438,2.9774704361074384,2.977470436107438,1.0,0.7103675493824168,0.573940218492195,0.42946071545444525
corn_starch,mp6_rep7,mp6_rep7,G-U-A,0.1,3,2,4.1961669921875e-05,20,1.0,2.491274900824038,2.4912749008240382,2.491274900824038,1.0,0.7103675493824168,0.573940218492195,0.42946071545444525
corn_starch,mp6_rep7,mp6_rep7,G-U-A,0.2,3,2,4.601478576660156e-05,20,0.8,1.7623416179785072,1.7623416179785067,2.1124279667141086,1.0,0.7103675493824168,0.573940218492195,0.42946071545444525
corn_starch,mp6_rep7,mp6_rep7,G-W-A,0.05,3,2,9.989738464355469e-05,20,1.0,2.977470436107438,2.9774704361074384,2.977470436107438,1.0,0.7103675493824168,0.573940218492195,0.42946071545444525
corn_starch,mp6_rep7,mp6_rep7,G-W-A,0.1,3,2,7.2479248046875e-05,20,1.0,2.491274900824038,2.4912749008240382,2.491274900824038,1.0,0.7103675493824168,0.573940218492195,0.42946071545444525
corn_starch,mp6_rep7,mp6_rep7,G-W-A,0.2,3,2,7.2479248046875e-05,20,0.8,1.7623416179785072,1.7623416179785067,2.1124279667141086,1.0,0.7103675493824168,0.573940218492195,0.42946071545444525
corn_starch,mp6_rep7,mp6_rep7,G-U-D,0.05,3,2,0.0031354427337646484,20,1.0,4.251909965656236,4.203967845402701,4.251909965656236,1.0,0.7103675493824168,0.573940218492195,0.42946071545444525
corn_starch,mp6_rep7,mp6_rep7,G-U-D,0.1,3,2,0.00034236907958984375,20,1.0,3.658090874663781,3.6168443209907153,3.658090874663781,1.0,0.7103675493824168,0.573940218492195,0.42946071545444525
corn_starch,mp6_rep7,mp6_rep7,G-U-D,0.2,3,2,0.0003662109375,20,1.0,2.5006449595271607,2.472449108173439,2.5006449595271607,1.0,0.7103675493824168,0.573940218492195,0.42946071545444525
corn_starch,mp6_rep7,mp6_rep7,GC-D,0.05,3,2,0.000385284423828125,20,1.0,4.251909965656236,4.203967845402701,4.251909965656236,1.0,0.7103675493824168,0.573940218492195,0.42946071545444525
corn_starch,mp6_rep7,mp6_rep7,GC-D,0.1,3,2,0.0004391670227050781,20,1.0,3.658090874663781,3.6168443209907153,3.658090874663781,1.0,0.7103675493824168,0.573940218492195,0.42946071545444525
corn_starch,mp6_rep7,mp6_rep7,GC-D,0.2,3,2,0.0003886222839355469,20,1.0,2.5006449595271607,2.472449108173439,2.5006449595271607,1.0,0.7103675493824168,0.573940218492195,0.42946071545444525
corn_starch,mp6_rep7,mp6_rep7,GC-D+,0.05,3,2,0.00040030479431152344,20,1.0,inf,inf,inf,0.0,0.7103675493824168,0.573940218492195,0.42946071545444525
corn_starch,mp6_rep7,mp6_rep7,GC-D+,0.1,3,2,0.0003540515899658203,20,1.0,inf,inf,inf,0.0,0.7103675493824168,0.573940218492195,0.42946071545444525
corn_starch,mp6_rep7,mp6_rep7,GC-D+,0.2,3,2,0.0004267692565917969,20,1.0,inf,inf,inf,0.0,0.7103675493824168,0.573940218492195,0.42946071545444525
corn_starch,mp6_rep7,mp6_rep7,HJ+,0.05,3,2,0.0014710426330566406,20,1.0,inf,inf,inf,0.0,0.7103675493824168,0.573940218492195,0.42946071545444525
corn_starch,mp6_rep7,mp6_rep7,HJ+,0.1,3,2,0.0003886222839355469,20,1.0,inf,inf,inf,0.0,0.7103675493824168,0.573940218492195,0.42946071545444525
corn_starch,mp6_rep7,mp6_rep7,HJ+,0.2,3,2,0.0003421306610107422,20,1.0,inf,inf,inf,0.0,0.7103675493824168,0.573940218492195,0.42946071545444525
corn_starch,mp6_rep7,mp6_rep7,HJ+-D,0.05,3,2,0.0036373138427734375,20,1.0,inf,inf,inf,0.0,0.7103675493824168,0.573940218492195,0.42946071545444525
corn_starch,mp6_rep7,mp6_rep7,HJ+-D,0.1,3,2,0.002443552017211914,20,1.0,inf,inf,inf,0.0,0.7103675493824168,0.573940218492195,0.42946071545444525
corn_starch,mp6_rep7,mp6_rep7,HJ+-D,0.2,3,2,0.002042531967163086,20,1.0,inf,inf,inf,0.0,0.7103675493824168,0.573940218492195,0.42946071545444525
corn_starch,mp6_rep7,mp6_rep7,HCP-D,0.05,3,2,0.0002720355987548828,20,1.0,inf,inf,inf,0.0,0.7103675493824168,0.573940218492195,0.42946071545444525
corn_starch,mp6_rep7,mp6_rep7,HCP-D,0.1,3,2,0.0001671314239501953,20,1.0,inf,inf,inf,0.0,0.7103675493824168,0.573940218492195,0.42946071545444525
corn_starch,mp6_rep7,mp6_rep7,HCP-D,0.2,3,2,0.00014662742614746094,20,1.0,inf,inf,inf,0.0,0.7103675493824168,0.573940218492195,0.42946071545444525
corn_starch,mp6_rep7,mp6_rep7,HCP-A,0.05,3,2,0.00013256072998046875,20,1.0,inf,inf,inf,0.0,0.7103675493824168,0.573940218492195,0.42946071545444525
corn_starch,mp6_rep7,mp6_rep7,HCP-A,0.1,3,2,0.000133514404296875,20,1.0,inf,inf,inf,0.0,0.7103675493824168,0.573940218492195,0.42946071545444525
corn_starch,mp6_rep7,mp6_rep7,HCP-A,0.2,3,2,0.00013709068298339844,20,1.0,inf,inf,inf,0.0,0.7103675493824168,0.573940218492195,0.42946071545444525
corn_starch,mp6_rep7,mp6_rep7,ORACLE,0.05,3,2,0.00010967254638671875,20,1.0,inf,inf,inf,0.0,0.7103675493824168,0.573940218492195,0.42946071545444525
corn_starch,mp6_rep7,mp6_rep7,ORACLE,0.1,3,2,8.893013000488281e-05,20,0.9,2.229551970453279,2.2295519704532865,2.438078127540798,1.0,0.7103675493824168,0.573940218492195,0.42946071545444525
corn_starch,mp6_rep7,mp6_rep7,ORACLE,0.2,3,2,0.00013899803161621094,20,0.85,1.959235595027317,1.9592355950273088,2.2366723766455694,1.0,0.7103675493824168,0.573940218492195,0.42946071545444525
corn_starch,mp6_rep8,mp6_rep8,ASTM-R,0.05,3,2,0.01456594467163086,20,0.95,2.5671503913875484,2.5622570859505913,3.379179441175714,1.0,0.5669048420269724,0.15653895315027277,0.5590185535573114
corn_starch,mp6_rep8,mp6_rep8,ASTM-R,0.1,3,2,0.00018024444580078125,20,0.95,2.1491546996289848,2.1450581455619435,2.7621034510579654,1.0,0.5669048420269724,0.15653895315027277,0.5590185535573114
corn_starch,mp6_rep8,mp6_rep8,ASTM-R,0.2,3,2,0.00011157989501953125,20,0.9,1.6706417197755592,1.6674572704974686,2.1714735304934356,1.0,0.5669048420269724,0.15653895315027277,0.5590185535573114
corn_starch,mp6_rep8,mp6_rep8,ASTM-G,0.05,3,2,0.00010538101196289062,20,0.95,3.027454842708474,3.0216841401848917,3.3837244314173858,1.0,0.5669048420269724,0.15653895315027277,0.5590185535573114
corn_starch,mp6_rep8,mp6_rep8,ASTM-G,0.1,3,2,0.00010251998901367188,20,0.95,2.5345101809967128,2.529679091828612,2.956683668349826,1.0,0.5669048420269724,0.15653895315027277,0.5590185535573114
corn_starch,mp6_rep8,mp6_rep8,ASTM-G,0.2,3,2,0.00013637542724609375,20,0.9,1.9701971422997115,1.9664417034206245,2.32143185265931,1.0,0.5669048420269724,0.15653895315027277,0.5590185535573114
corn_starch,mp6_rep8,mp6_rep8,GPR,0.05,3,2,0.03166341781616211,20,0.95,1.913290233749133,1.8979084286448398,3.546018401902127,1.0,0.5669048420269724,0.15653895315027277,0.5590185535573114
corn_starch,mp6_rep8,mp6_rep8,GPR,0.1,3,2,0.0001125335693359375,20,0.95,1.6056837805270283,1.5927749627556729,2.5730061850067876,1.0,0.5669048420269724,0.15653895315027277,0.5590185535573114
corn_starch,mp6_rep8,mp6_rep8,GPR,0.2,3,2,8.320808410644531e-05,20,0.9,1.2510332402754867,1.2409756185192684,1.830251852554547,1.0,0.5669048420269724,0.15653895315027277,0.5590185535573114
corn_starch,mp6_rep8,mp6_rep8,BAG,0.05,3,2,0.02201390266418457,20,0.95,2.708571615188446,2.681597620680524,3.5304205268792677,1.0,0.5669048420269724,0.15653895315027277,0.5590185535573114
corn_starch,mp6_rep8,mp6_rep8,BAG,0.1,3,2,0.00010704994201660156,20,0.95,2.273104955112747,2.250467665320844,2.8945293994155863,1.0,0.5669048420269724,0.15653895315027277,0.5590185535573114
corn_starch,mp6_rep8,mp6_rep8,BAG,0.2,3,2,8.559226989746094e-05,20,0.85,1.7710397850239095,1.753402438030136,2.238172116232541,1.0,0.5669048420269724,0.15653895315027277,0.5590185535573114
corn_starch,mp6_rep8,mp6_rep8,QGB,0.05,3,2,0.03102898597717285,20,0.65,1.4774492903683618,1.571646284085645,7.768288596684222,1.0,0.5669048420269724,0.15653895315027277,0.5590185535573114
corn_starch,mp6_rep8,mp6_rep8,QGB,0.1,3,2,0.027550935745239258,20,0.45,1.1607403807083496,1.1472369579841484,6.342443199872046,1.0,0.5669048420269724,0.15653895315027277,0.5590185535573114
corn_starch,mp6_rep8,mp6_rep8,QGB,0.2,3,2,0.028659820556640625,20,0.35,0.9346888141162978,0.8942263448105052,4.2234948212314105,1.0,0.5669048420269724,0.15653895315027277,0.5590185535573114
corn_starch,mp6_rep8,mp6_rep8,SCP,0.05,3,2,2.8371810913085938e-05,20,1.0,4.013337365736362,4.013337365736362,4.013337365736362,1.0,0.5669048420269724,0.15653895315027277,0.5590185535573114
corn_starch,mp6_rep8,mp6_rep8,SCP,0.1,3,2,9.775161743164062e-06,20,0.9,2.645032936726936,2.645032936726942,3.272851895567983,1.0,0.5669048420269724,0.15653895315027277,0.5590185535573114
corn_starch,mp6_rep8,mp6_rep8,SCP,0.2,3,2,1.0013580322265625e-05,20,0.7,1.6603472265296375,1.6603472265296375,2.8513803546893755,1.0,0.5669048420269724,0.15653895315027277,0.5590185535573114
corn_starch,mp6_rep8,mp6_rep8,NCP-kNN,0.05,3,2,0.00536656379699707,20,0.95,2.578836585541788,2.328062068151681,3.1387304440859736,1.0,0.5669048420269724,0.15653895315027277,0.5590185535573114
corn_starch,mp6_rep8,mp6_rep8,NCP-kNN,0.1,3,2,1.621246337890625e-05,20,0.75,2.0265476959841506,1.8294795594152475,3.024244748592794,1.0,0.5669048420269724,0.15653895315027277,0.5590185535573114
corn_starch,mp6_rep8,mp6_rep8,NCP-kNN,0.2,3,2,1.1444091796875e-05,20,0.5,1.4025233624970916,1.2661373963096878,2.8659996086133495,1.0,0.5669048420269724,0.15653895315027277,0.5590185535573114
corn_starch,mp6_rep8,mp6_rep8,CV+,0.05,3,2,0.005202531814575195,20,0.95,2.5455286879529426,2.5524479711270267,3.5487454506030973,1.0,0.5669048420269724,0.15653895315027277,0.5590185535573114
corn_starch,mp6_rep8,mp6_rep8,CV+,0.1,3,2,0.004441738128662109,20,0.95,2.197465036239438,2.1689153686953553,2.885216971938997,1.0,0.5669048420269724,0.15653895315027277,0.5590185535573114
corn_starch,mp6_rep8,mp6_rep8,CV+,0.2,3,2,0.004427909851074219,20,0.85,1.7300589625657026,1.7336112854992152,2.2823513424082575,1.0,0.5669048420269724,0.15653895315027277,0.5590185535573114
corn_starch,mp6_rep8,mp6_rep8,CQR,0.05,3,2,2.4318695068359375e-05,20,0.9,3.0010768218122403,3.0952738155295236,3.890567668183813,1.0,0.5669048420269724,0.15653895315027277,0.5590185535573114
corn_starch,mp6_rep8,mp6_rep8,CQR,0.1,3,2,1.239776611328125e-05,20,0.7,1.933159835732712,1.9196564130085108,4.119339690957939,1.0,0.5669048420269724,0.15653895315027277,0.5590185535573114
corn_starch,mp6_rep8,mp6_rep8,CQR,0.2,3,2,1.0728836059570312e-05,20,0.7,1.5695501779198922,1.5290877086140995,3.2710597248357467,1.0,0.5669048420269724,0.15653895315027277,0.5590185535573114
corn_starch,mp6_rep8,mp6_rep8,WCP,0.05,3,2,0.0029146671295166016,20,1.0,inf,inf,inf,0.2,0.5669048420269724,0.15653895315027277,0.5590185535573114
corn_starch,mp6_rep8,mp6_rep8,WCP,0.1,3,2,0.00010919570922851562,20,0.95,inf,inf,inf,0.35,0.5669048420269724,0.15653895315027277,0.5590185535573114
corn_starch,mp6_rep8,mp6_rep8,WCP,0.2,3,2,7.963180541992188e-05,20,0.85,inf,2.2953276475296605,inf,0.6,0.5669048420269724,0.15653895315027277,0.5590185535573114
corn_starch,mp6_rep8,mp6_rep8,R-U-A,0.05,3,2,5.7220458984375e-05,20,0.95,2.255079863723694,2.2550798637236937,3.3538317100288992,1.0,0.5669048420269724,0.15653895315027277,0.5590185535573114
corn_starch,mp6_rep8,mp6_rep8,R-U-A,0.1,3,2,3.528594970703125e-05,20,0.95,2.0435877375902867,2.0435877375902862,2.698709723809593,1.0,0.5669048420269724,0.15653895315027277,0.5590185535573114
corn_starch,mp6_rep8,mp6_rep8,R-U-A,0.2,3,2,3.24249267578125e-05,20,0.9,1.707865803878207,1.7078658038782066,2.1890782927953762,1.0,0.5669048420269724,0.15653895315027277,0.5590185535573114
corn_starch,mp6_rep8,mp6_rep8,R-U-D,0.05,3,2,0.0030736923217773438,20,0.95,2.5248854594704224,2.4712872507821046,3.603101331054117,1.0,0.5669048420269724,0.15653895315027277,0.5590185535573114
corn_starch,mp6_rep8,mp6_rep8,R-U-D,0.1,3,2,0.0004115104675292969,20,0.95,2.194423680680405,2.1478405067995787,2.882450066415135,1.0,0.5669048420269724,0.15653895315027277,0.5590185535573114
corn_starch,mp6_rep8,mp6_rep8,R-U-D,0.2,3,2,0.00034332275390625,20,0.9,1.7622852428589475,1.7248754934935668,2.2136217335167565,1.0,0.5669048420269724,0.15653895315027277,0.5590185535573114
corn_starch,mp6_rep8,mp6_rep8,G-U-A,0.05,3,2,3.981590270996094e-05,20,0.95,2.794325600195236,2.7943256001952363,3.3538317100288992,1.0,0.5669048420269724,0.15653895315027277,0.5590185535573114
corn_starch,mp6_rep8,mp6_rep8,G-U-A,0.1,3,2,3.504753112792969e-05,20,0.95,2.3198196079173106,2.31981960791731,2.836825658973105,1.0,0.5669048420269724,0.15653895315027277,0.5590185535573114
corn_starch,mp6_rep8,mp6_rep8,G-U-A,0.2,3,2,3.790855407714844e-05,20,0.9,1.7764095896658314,1.7764095896658318,2.223350185689188,1.0,0.5669048420269724,0.15653895315027277,0.5590185535573114
corn_starch,mp6_rep8,mp6_rep8,G-W-A,0.05,3,2,0.00010037422180175781,20,0.95,2.794325600195236,2.7943256001952363,3.3538317100288992,1.0,0.5669048420269724,0.15653895315027277,0.5590185535573114
corn_starch,mp6_rep8,mp6_rep8,G-W-A,0.1,3,2,9.489059448242188e-05,20,0.95,2.3198196079173106,2.31981960791731,2.836825658973105,1.0,0.5669048420269724,0.15653895315027277,0.5590185535573114
corn_starch,mp6_rep8,mp6_rep8,G-W-A,0.2,3,2,7.2479248046875e-05,20,0.9,1.7764095896658314,1.7764095896658318,2.223350185689188,1.0,0.5669048420269724,0.15653895315027277,0.5590185535573114
corn_starch,mp6_rep8,mp6_rep8,G-U-D,0.05,3,2,0.0031898021697998047,20,1.0,4.195710069986522,4.095990983349839,4.195710069986522,1.0,0.5669048420269724,0.15653895315027277,0.5590185535573114
corn_starch,mp6_rep8,mp6_rep8,G-U-D,0.1,3,2,0.0004515647888183594,20,0.95,3.5540136743486714,3.4695457317147174,3.6005409435385305,1.0,0.5669048420269724,0.15653895315027277,0.5590185535573114
corn_starch,mp6_rep8,mp6_rep8,G-U-D,0.2,3,2,0.0004227161407470703,20,0.9,2.5079067438371547,2.448301536209872,2.8067411699975553,1.0,0.5669048420269724,0.15653895315027277,0.5590185535573114
corn_starch,mp6_rep8,mp6_rep8,GC-D,0.05,3,2,0.0003924369812011719,20,1.0,4.195710069986522,4.095990983349839,4.195710069986522,1.0,0.5669048420269724,0.15653895315027277,0.5590185535573114
corn_starch,mp6_rep8,mp6_rep8,GC-D,0.1,3,2,0.00045037269592285156,20,0.95,3.5540136743486714,3.4695457317147174,3.6005409435385305,1.0,0.5669048420269724,0.15653895315027277,0.5590185535573114
corn_starch,mp6_rep8,mp6_rep8,GC-D,0.2,3,2,0.0003895759582519531,20,0.9,2.5079067438371547,2.448301536209872,2.8067411699975553,1.0,0.5669048420269724,0.15653895315027277,0.5590185535573114
corn_starch,mp6_rep8,mp6_rep8,GC-D+,0.05,3,2,0.00040078163146972656,20,1.0,inf,inf,inf,0.0,0.5669048420269724,0.15653895315027277,0.5590185535573114
corn_starch,mp6_rep8,mp6_rep8,GC-D+,0.1,3,2,0.00035858154296875,20,1.0,inf,inf,inf,0.0,0.5669048420269724,0.15653895315027277,0.5590185535573114
corn_starch,mp6_rep8,mp6_rep8,GC-D+,0.2,3,2,0.0006566047668457031,20,1.0,inf,inf,inf,0.0,0.5669048420269724,0.15653895315027277,0.5590185535573114
corn_starch,mp6_rep8,mp6_rep8,HJ+,0.05,3,2,0.0016658306121826172,20,1.0,inf,inf,inf,0.0,0.5669048420269724,0.15653895315027277,0.5590185535573114
corn_starch,mp6_rep8,mp6_rep8,HJ+,0.1,3,2,0.00036525726318359375,20,1.0,inf,inf,inf,0.0,0.5669048420269724,0.15653895315027277,0.5590185535573114
corn_starch,mp6_rep8,mp6_rep8,HJ+,0.2,3,2,0.00034236907958984375,20,1.0,inf,inf,inf,0.0,0.5669048420269724,0.15653895315027277,0.5590185535573114
corn_starch,mp6_rep8,mp6_rep8,HJ+-D,0.05,3,2,0.002099752426147461,20,1.0,inf,inf,inf,0.0,0.5669048420269724,0.15653895315027277,0.5590185535573114
corn_starch,mp6_rep8,mp6_rep8,HJ+-D,0.1,3,2,0.0023431777954101562,20,1.0,inf,inf,inf,0.0,0.5669048420269724,0.15653895315027277,0.5590185535573114
corn_starch,mp6_rep8,mp6_rep8,HJ+-D,0.2,3,2,0.0022912025451660156,20,1.0,inf,inf,inf,0.0,0.5669048420269724,0.15653895315027277,0.5590185535573114
corn_starch,mp6_rep8,mp6_rep8,HCP-D,0.05,3,2,0.00027489662170410156,20,1.0,inf,inf,inf,0.0,0.5669048420269724,0.15653895315027277,0.5590185535573114
corn_starch,mp6_rep8,mp6_rep8,HCP-D,0.1,3,2,0.0001690387725830078,20,1.0,inf,inf,inf,0.0,0.5669048420269724,0.15653895315027277,0.5590185535573114
corn_starch,mp6_rep8,mp6_rep8,HCP-D,0.2,3,2,0.00014495849609375,20,1.0,inf,inf,inf,0.0,0.5669048420269724,0.15653895315027277,0.5590185535573114
corn_starch,mp6_rep8,mp6_rep8,HCP-A,0.05,3,2,0.00013518333435058594,20,1.0,inf,inf,inf,0.0,0.5669048420269724,0.15653895315027277,0.5590185535573114
corn_starch,mp6_rep8,mp6_rep8,HCP-A,0.1,3,2,0.00014019012451171875,20,1.0,inf,inf,inf,0.0,0.5669048420269724,0.15653895315027277,0.5590185535573114
corn_starch,mp6_rep8,mp6_rep8,HCP-A,0.2,3,2,0.0001385211944580078,20,1.0,inf,inf,inf,0.0,0.5669048420269724,0.15653895315027277,0.5590185535573114
corn_starch,mp6_rep8,mp6_rep8,ORACLE,0.05,3,2,0.00010991096496582031,20,1.0,inf,inf,inf,0.0,0.5669048420269724,0.15653895315027277,0.5590185535573114
corn_starch,mp6_rep8,mp6_rep8,ORACLE,0.1,3,2,9.179115295410156e-05,20,0.95,2.6702907817125454,2.6702907817125414,3.3538317100288992,1.0,0.5669048420269724,0.15653895315027277,0.5590185535573114
corn_starch,mp6_rep8,mp6_rep8,ORACLE,0.2,3,2,0.000102996826171875,20,0.7,1.19461269587589,1.1946126958758931,2.283858064831396,1.0,0.5669048420269724,0.15653895315027277,0.5590185535573114
corn_starch,mp6_rep9,mp6_rep9,ASTM-R,0.05,3,2,0.013705968856811523,20,1.0,2.592128970290303,2.5889897129578223,2.592128970290303,1.0,0.5787438498082689,0.21687476439726402,0.5505115135834341
corn_starch,mp6_rep9,mp6_rep9,ASTM-R,0.1,3,2,0.0007357597351074219,20,0.9,2.170066146975041,2.1674380385198155,2.391115818141787,1.0,0.5787438498082689,0.21687476439726402,0.5505115135834341
corn_starch,mp6_rep9,mp6_rep9,ASTM-R,0.2,3,2,0.00017833709716796875,20,0.9,1.686897197505127,1.6848542419048762,2.039196098455312,1.0,0.5787438498082689,0.21687476439726402,0.5505115135834341
corn_starch,mp6_rep9,mp6_rep9,ASTM-G,0.05,3,2,0.00012612342834472656,20,1.0,2.774599783038916,2.7712395402371683,2.774599783038916,1.0,0.5787438498082689,0.21687476439726402,0.5505115135834341
corn_starch,mp6_rep9,mp6_rep9,ASTM-G,0.1,3,2,0.00010061264038085938,20,0.95,2.3228261902040797,2.32001307818949,2.406686304238374,1.0,0.5787438498082689,0.21687476439726402,0.5505115135834341
corn_starch,mp6_rep9,mp6_rep9,ASTM-G,0.2,3,2,9.894371032714844e-05,20,0.9,1.8056449551128995,1.8034581873130868,2.0985233818345104,1.0,0.5787438498082689,0.21687476439726402,0.5505115135834341
corn_starch,mp6_rep9,mp6_rep9,GPR,0.05,3,2,0.039335012435913086,20,0.95,2.0622411074007787,2.043998961348251,2.513021251880643,1.0,0.5787438498082689,0.21687476439726402,0.5505115135834341
corn_starch,mp6_rep9,mp6_rep9,GPR,0.1,3,2,0.00012063980102539062,20,0.95,1.7306872942119937,1.7153780026461476,2.1201128139675705,1.0,0.5787438498082689,0.21687476439726402,0.5505115135834341
corn_starch,mp6_rep9,mp6_rep9,GPR,0.2,3,2,8.177757263183594e-05,20,0.85,1.3484269816009387,1.3364990834268298,1.8089980520094335,1.0,0.5787438498082689,0.21687476439726402,0.5505115135834341
corn_starch,mp6_rep9,mp6_rep9,BAG,0.05,3,2,0.025125503540039062,20,1.0,2.557257702011605,2.5429732371806324,2.557257702011605,1.0,0.5787438498082689,0.21687476439726402,0.5505115135834341
corn_starch,mp6_rep9,mp6_rep9,BAG,0.1,3,2,0.00017452239990234375,20,1.0,2.146118316143688,2.134130415359987,2.146118316143688,1.0,0.5787438498082689,0.21687476439726402,0.5505115135834341
corn_starch,mp6_rep9,mp6_rep9,BAG,0.2,3,2,9.441375732421875e-05,20,0.9,1.672100935203171,1.6627608256850834,1.8702483972197175,1.0,0.5787438498082689,0.21687476439726402,0.5505115135834341
corn_starch,mp6_rep9,mp6_rep9,QGB,0.05,3,2,0.03233528137207031,20,0.75,1.6528280379430254,1.8300438040334583,4.312119639727713,1.0,0.5787438498082689,0.21687476439726402,0.5505115135834341
corn_starch,mp6_rep9,mp6_rep9,QGB,0.1,3,2,0.03224921226501465,20,0.75,1.4803666062668785,1.57223785224895,3.103810357169495,1.0,0.5787438498082689,0.21687476439726402,0.5505115135834341
corn_starch,mp6_rep9,mp6_rep9,QGB,0.2,3,2,0.029140710830688477,20,0.65,1.1691553211035142,1.2467963349891455,2.041209940462953,1.0,0.5787438498082689,0.21687476439726402,0.5505115135834341
corn_starch,mp6_rep9,mp6_rep9,SCP,0.05,3,2,4.124641418457031e-05,20,0.95,1.8632646739811924,1.8632646739811953,2.5758782955194457,1.0,0.5787438498082689,0.21687476439726402,0.5505115135834341
corn_starch,mp6_rep9,mp6_rep9,SCP,0.1,3,2,1.9550323486328125e-05,20,0.95,1.7944200919759505,1.794420091975951,2.1851491937476903,1.0,0.5787438498082689,0.21687476439726402,0.5505115135834341
corn_starch,mp6_rep9,mp6_rep9,SCP,0.2,3,2,1.52587890625e-05,20,0.9,1.5685344971635113,1.5685344971635118,1.829303329684279,1.0,0.5787438498082689,0.21687476439726402,0.5505115135834341
corn_starch,mp6_rep9,mp6_rep9,NCP-kNN,0.05,3,2,0.005445003509521484,20,0.95,2.066386985803077,2.0431326475805953,2.3943670643261745,1.0,0.5787438498082689,0.21687476439726402,0.5505115135834341
corn_starch,mp6_rep9,mp6_rep9,NCP-kNN,0.1,3,2,1.6927719116210938e-05,20,0.95,1.9820678146362891,1.9597623725007622,2.1919207333649036,1.0,0.5787438498082689,0.21687476439726402,0.5505115135834341
corn_starch,mp6_rep9,mp6_rep9,NCP-kNN,0.2,3,2,1.1682510375976562e-05,20,0.9,1.6044587796342498,1.5864028068750429,1.8157560847933638,1.0,0.5787438498082689,0.21687476439726402,0.5505115135834341
corn_starch,mp6_rep9,mp6_rep9,CV+,0.05,3,2,0.004967689514160156,20,1.0,2.583952795841266,2.5378051983587895,2.583952795841266,1.0,0.5787438498082689,0.21687476439726402,0.5505115135834341
corn_starch,mp6_rep9,mp6_rep9,CV+,0.1,3,2,0.0048732757568359375,20,0.9,2.267651568782799,2.222206179048001,2.46997158482819,1.0,0.5787438498082689,0.21687476439726402,0.5505115135834341
corn_starch,mp6_rep9,mp6_rep9,CV+,0.2,3,2,0.004499912261962891,20,0.9,1.7771524983834024,1.7704922797452873,2.0263791347587707,1.0,0.5787438498082689,0.21687476439726402,0.5505115135834341
corn_starch,mp6_rep9,mp6_rep9,CQR,0.05,3,2,2.5033950805664062e-05,20,0.9,2.23652073162235,2.413736497712783,2.9123558030898247,1.0,0.5787438498082689,0.21687476439726402,0.5505115135834341
corn_starch,mp6_rep9,mp6_rep9,CQR,0.1,3,2,1.33514404296875e-05,20,0.85,1.8921912574008193,1.9840625033828907,2.5690907776737593,1.0,0.5787438498082689,0.21687476439726402,0.5505115135834341
corn_starch,mp6_rep9,mp6_rep9,CQR,0.2,3,2,1.1205673217773438e-05,20,0.85,1.6017728543558831,1.6794138682415145,1.9570240867314694,1.0,0.5787438498082689,0.21687476439726402,0.5505115135834341
corn_starch,mp6_rep9,mp6_rep9,WCP,0.05,3,2,0.0029523372650146484,20,1.0,inf,inf,inf,0.25,0.5787438498082689,0.21687476439726402,0.5505115135834341
corn_starch,mp6_rep9,mp6_rep9,WCP,0.1,3,2,0.00010728836059570312,20,0.95,inf,1.8632646739812024,inf,0.55,0.5787438498082689,0.21687476439726402,0.5505115135834341
corn_starch,mp6_rep9,mp6_rep9,WCP,0.2,3,2,7.891654968261719e-05,20,0.95,inf,1.844586947180563,inf,0.75,0.5787438498082689,0.21687476439726402,0.5505115135834341
corn_starch,mp6_rep9,mp6_rep9,R-U-A,0.05,3,2,5.507469177246094e-05,20,0.9,2.260185463671348,2.2601854636713483,2.5254522210547914,1.0,0.5787438498082689,0.21687476439726402,0.5505115135834341
corn_starch,mp6_rep9,mp6_rep9,R-U-A,0.1,3,2,3.62396240234375e-05,20,0.9,2.1038027273257573,2.103802727325757,2.3928188423630705,1.0,0.5787438498082689,0.21687476439726402,0.5505115135834341
corn_starch,mp6_rep9,mp6_rep9,R-U-A,0.2,3,2,3.337860107421875e-05,20,0.9,1.7570773412184342,1.7570773412184337,2.0749480917907523,1.0,0.5787438498082689,0.21687476439726402,0.5505115135834341
corn_starch,mp6_rep9,mp6_rep9,R-U-D,0.05,3,2,0.0029506683349609375,20,0.9,2.2341320997691945,2.2287381615781072,2.635646351065102,1.0,0.5787438498082689,0.21687476439726402,0.5505115135834341
corn_starch,mp6_rep9,mp6_rep9,R-U-D,0.1,3,2,0.0003840923309326172,20,0.9,1.9765301066348382,1.9717581053601094,2.4300383866830497,1.0,0.5787438498082689,0.21687476439726402,0.5505115135834341
corn_starch,mp6_rep9,mp6_rep9,R-U-D,0.2,3,2,0.0003466606140136719,20,0.9,1.685997359723719,1.6819268011611257,2.055282398440373,1.0,0.5787438498082689,0.21687476439726402,0.5505115135834341
corn_starch,mp6_rep9,mp6_rep9,G-U-A,0.05,3,2,6.365776062011719e-05,20,1.0,2.561436061552411,2.5614360615524063,2.561436061552411,1.0,0.5787438498082689,0.21687476439726402,0.5505115135834341
corn_starch,mp6_rep9,mp6_rep9,G-U-A,0.1,3,2,4.1484832763671875e-05,20,0.9,2.1691776606904516,2.169177660690451,2.3928188423630705,1.0,0.5787438498082689,0.21687476439726402,0.5505115135834341
corn_starch,mp6_rep9,mp6_rep9,G-U-A,0.2,3,2,4.076957702636719e-05,20,0.9,1.7780191450203797,1.7780191450203802,2.0854189936917247,1.0,0.5787438498082689,0.21687476439726402,0.5505115135834341
corn_starch,mp6_rep9,mp6_rep9,G-W-A,0.05,3,2,0.00010585784912109375,20,1.0,2.561436061552411,2.5614360615524063,2.561436061552411,1.0,0.5787438498082689,0.21687476439726402,0.5505115135834341
corn_starch,mp6_rep9,mp6_rep9,G-W-A,0.1,3,2,7.62939453125e-05,20,0.9,2.1691776606904516,2.169177660690451,2.3928188423630705,1.0,0.5787438498082689,0.21687476439726402,0.5505115135834341
corn_starch,mp6_rep9,mp6_rep9,G-W-A,0.2,3,2,7.104873657226562e-05,20,0.9,1.7780191450203797,1.7780191450203802,2.0854189936917247,1.0,0.5787438498082689,0.21687476439726402,0.5505115135834341
corn_starch,mp6_rep9,mp6_rep9,G-U-D,0.05,3,2,0.00336456298828125,20,1.0,3.4071811234689684,3.515819018814568,3.4071811234689684,1.0,0.5787438498082689,0.21687476439726402,0.5505115135834341
corn_starch,mp6_rep9,mp6_rep9,G-U-D,0.1,3,2,0.0003566741943359375,20,0.95,3.0186323073906136,3.1148813322628968,3.063583569171487,1.0,0.5787438498082689,0.21687476439726402,0.5505115135834341
corn_starch,mp6_rep9,mp6_rep9,G-U-D,0.2,3,2,0.0003829002380371094,20,0.95,2.606475499638754,2.689582913741333,2.7043362089674927,1.0,0.5787438498082689,0.21687476439726402,0.5505115135834341
corn_starch,mp6_rep9,mp6_rep9,GC-D,0.05,3,2,0.00039577484130859375,20,1.0,3.4071811234689684,3.515819018814568,3.4071811234689684,1.0,0.5787438498082689,0.21687476439726402,0.5505115135834341
corn_starch,mp6_rep9,mp6_rep9,GC-D,0.1,3,2,0.00044274330139160156,20,0.95,3.0186323073906136,3.1148813322628968,3.063583569171487,1.0,0.5787438498082689,0.21687476439726402,0.5505115135834341
corn_starch,mp6_rep9,mp6_rep9,GC-D,0.2,3,2,0.0003707408905029297,20,0.95,2.606475499638754,2.689582913741333,2.7043362089674927,1.0,0.5787438498082689,0.21687476439726402,0.5505115135834341
corn_starch,mp6_rep9,mp6_rep9,GC-D+,0.05,3,2,0.00040984153747558594,20,1.0,inf,inf,inf,0.0,0.5787438498082689,0.21687476439726402,0.5505115135834341
corn_starch,mp6_rep9,mp6_rep9,GC-D+,0.1,3,2,0.00038051605224609375,20,1.0,inf,inf,inf,0.0,0.5787438498082689,0.21687476439726402,0.5505115135834341
corn_starch,mp6_rep9,mp6_rep9,GC-D+,0.2,3,2,0.0008256435394287109,20,1.0,inf,inf,inf,0.0,0.5787438498082689,0.21687476439726402,0.5505115135834341
corn_starch,mp6_rep9,mp6_rep9,HJ+,0.05,3,2,0.0014576911926269531,20,1.0,inf,inf,inf,0.0,0.5787438498082689,0.21687476439726402,0.5505115135834341
corn_starch,mp6_rep9,mp6_rep9,HJ+,0.1,3,2,0.00036072731018066406,20,1.0,inf,inf,inf,0.0,0.5787438498082689,0.21687476439726402,0.5505115135834341
corn_starch,mp6_rep9,mp6_rep9,HJ+,0.2,3,2,0.0003662109375,20,1.0,inf,inf,inf,0.0,0.5787438498082689,0.21687476439726402,0.5505115135834341
corn_starch,mp6_rep9,mp6_rep9,HJ+-D,0.05,3,2,0.002154111862182617,20,1.0,inf,inf,inf,0.0,0.5787438498082689,0.21687476439726402,0.5505115135834341
corn_starch,mp6_rep9,mp6_rep9,HJ+-D,0.1,3,2,0.0020313262939453125,20,1.0,inf,inf,inf,0.0,0.5787438498082689,0.21687476439726402,0.5505115135834341
corn_starch,mp6_rep9,mp6_rep9,HJ+-D,0.2,3,2,0.002530813217163086,20,1.0,inf,inf,inf,0.0,0.5787438498082689,0.21687476439726402,0.5505115135834341
corn_starch,mp6_rep9,mp6_rep9,HCP-D,0.05,3,2,0.000270843505859375,20,1.0,inf,inf,inf,0.0,0.5787438498082689,0.21687476439726402,0.5505115135834341
corn_starch,mp6_rep9,mp6_rep9,HCP-D,0.1,3,2,0.00022268295288085938,20,1.0,inf,inf,inf,0.0,0.5787438498082689,0.21687476439726402,0.5505115135834341
corn_starch,mp6_rep9,mp6_rep9,HCP-D,0.2,3,2,0.00015592575073242188,20,1.0,inf,inf,inf,0.0,0.5787438498082689,0.21687476439726402,0.5505115135834341
corn_starch,mp6_rep9,mp6_rep9,HCP-A,0.05,3,2,0.0001392364501953125,20,1.0,inf,inf,inf,0.0,0.5787438498082689,0.21687476439726402,0.5505115135834341
corn_starch,mp6_rep9,mp6_rep9,HCP-A,0.1,3,2,0.00015234947204589844,20,1.0,inf,inf,inf,0.0,0.5787438498082689,0.21687476439726402,0.5505115135834341
corn_starch,mp6_rep9,mp6_rep9,HCP-A,0.2,3,2,0.00013685226440429688,20,1.0,inf,inf,inf,0.0,0.5787438498082689,0.21687476439726402,0.5505115135834341
corn_starch,mp6_rep9,mp6_rep9,ORACLE,0.05,3,2,0.00011563301086425781,20,1.0,inf,inf,inf,0.0,0.5787438498082689,0.21687476439726402,0.5505115135834341
corn_starch,mp6_rep9,mp6_rep9,ORACLE,0.1,3,2,9.131431579589844e-05,20,0.9,2.036727715126887,2.03672771512689,2.8433480685669257,1.0,0.5787438498082689,0.21687476439726402,0.5505115135834341
corn_starch,mp6_rep9,mp6_rep9,ORACLE,0.2,3,2,8.7738037109375e-05,20,0.9,1.91648902058838,1.9164890205883829,2.3455997928792387,1.0,0.5787438498082689,0.21687476439726402,0.5505115135834341
