task,fold,group,method,alpha,seed,A,time_s,n,coverage,width_mean,width_median,interval_score,finite_frac,rmse,bias,sep
corn_oil,m5_rep0,m5_rep0,ASTM-R,0.05,3,9,0.013882637023925781,20,0.05,0.5166731985910331,0.5081405376012857,6.789550480675862,1.0,0.4232665911808244,-0.4120834373121899,0.09916412712375619
corn_oil,m5_rep0,m5_rep0,ASTM-R,0.1,3,9,0.00013065338134765625,20,0.05,0.4324780570831305,0.4253358467717421,4.3658131292326985,1.0,0.4232665911808244,-0.4120834373121899,0.09916412712375619
corn_oil,m5_rep0,m5_rep0,ASTM-R,0.2,3,9,0.00011420249938964844,20,0.0,0.33613680869810897,0.3305856373917244,2.7762871383294625,1.0,0.4232665911808244,-0.4120834373121899,0.09916412712375619
corn_oil,m5_rep0,m5_rep0,ASTM-G,0.05,3,9,0.00016307830810546875,20,0.1,0.5958903176754987,0.5860494161507757,5.387316168581022,1.0,0.4232665911808244,-0.4120834373121899,0.09916412712375619
corn_oil,m5_rep0,m5_rep0,ASTM-G,0.1,3,9,0.00011086463928222656,20,0.05,0.4987862492688267,0.49054898443108286,3.8045226172700226,1.0,0.4232665911808244,-0.4120834373121899,0.09916412712375619
corn_oil,m5_rep0,m5_rep0,ASTM-G,0.2,3,9,0.00011587142944335938,20,0.0,0.38767381444163146,0.38127152912423323,2.570139115355372,1.0,0.4232665911808244,-0.4120834373121899,0.09916412712375619
corn_oil,m5_rep0,m5_rep0,GPR,0.05,3,9,0.09138321876525879,20,1.0,0.8782727477770322,0.876703012503059,0.8782727477770322,1.0,0.4232665911808244,-0.4120834373121899,0.09916412712375619
corn_oil,m5_rep0,m5_rep0,GPR,0.1,3,9,0.0001304149627685547,20,0.9,0.7370697247647122,0.7357523613952246,0.766163012108926,1.0,0.4232665911808244,-0.4120834373121899,0.09916412712375619
corn_oil,m5_rep0,m5_rep0,GPR,0.2,3,9,8.678436279296875e-05,20,0.85,0.5742716824222397,0.5732452876957455,0.6795947992711733,1.0,0.4232665911808244,-0.4120834373121899,0.09916412712375619
corn_oil,m5_rep0,m5_rep0,BAG,0.05,3,9,0.052405357360839844,20,0.7,0.7825178243294604,0.8068935208983778,1.6021131770274224,1.0,0.4232665911808244,-0.4120834373121899,0.09916412712375619
corn_oil,m5_rep0,m5_rep0,BAG,0.1,3,9,0.00010991096496582031,20,0.4,0.6567096597974164,0.6771663892205653,1.567726000522486,1.0,0.4232665911808244,-0.4120834373121899,0.09916412712375619
corn_oil,m5_rep0,m5_rep0,BAG,0.2,3,9,8.225440979003906e-05,20,0.2,0.5116609033360939,0.5275993146260687,1.4660143642522054,1.0,0.4232665911808244,-0.4120834373121899,0.09916412712375619
corn_oil,m5_rep0,m5_rep0,QGB,0.05,3,9,0.051282405853271484,20,0.7,0.41731579300936883,0.41797302713012985,0.9637537901232403,1.0,0.4232665911808244,-0.4120834373121899,0.09916412712375619
corn_oil,m5_rep0,m5_rep0,QGB,0.1,3,9,0.029741764068603516,20,0.55,0.29051723104637395,0.26154080357903475,1.118920232986786,1.0,0.4232665911808244,-0.4120834373121899,0.09916412712375619
corn_oil,m5_rep0,m5_rep0,QGB,0.2,3,9,0.030113697052001953,20,0.5,0.22046676071971666,0.19501986078924705,0.8492552114674169,1.0,0.4232665911808244,-0.4120834373121899,0.09916412712375619
corn_oil,m5_rep0,m5_rep0,SCP,0.05,3,9,3.0040740966796875e-05,20,0.05,0.44503620702358937,0.44503620702358937,8.088053826503236,1.0,0.4232665911808244,-0.4120834373121899,0.09916412712375619
corn_oil,m5_rep0,m5_rep0,SCP,0.1,3,9,1.239776611328125e-05,20,0.05,0.37108280854601805,0.37108280854601805,4.895148903822769,1.0,0.4232665911808244,-0.4120834373121899,0.09916412712375619
corn_oil,m5_rep0,m5_rep0,SCP,0.2,3,9,9.5367431640625e-06,20,0.0,0.2922306168837707,0.2922306168837707,2.947829712958501,1.0,0.4232665911808244,-0.4120834373121899,0.09916412712375619
corn_oil,m5_rep0,m5_rep0,NCP-kNN,0.05,3,9,0.009788036346435547,20,0.2,0.6491353379176473,0.6551797116374183,4.752202023871578,1.0,0.4232665911808244,-0.4120834373121899,0.09916412712375619
corn_oil,m5_rep0,m5_rep0,NCP-kNN,0.1,3,9,2.09808349609375e-05,20,0.05,0.416267473730621,0.4201435162623435,4.555994213177626,1.0,0.4232665911808244,-0.4120834373121899,0.09916412712375619
corn_oil,m5_rep0,m5_rep0,NCP-kNN,0.2,3,9,1.3589859008789062e-05,20,0.05,0.3547010858308094,0.35800385768181897,2.7136833134139002,1.0,0.4232665911808244,-0.4120834373121899,0.09916412712375619
corn_oil,m5_rep0,m5_rep0,CV+,0.05,3,9,0.005459785461425781,20,0.4,0.6817559084338999,0.6794290619067584,3.3187860036543313,1.0,0.4232665911808244,-0.4120834373121899,0.09916412712375619
corn_oil,m5_rep0,m5_rep0,CV+,0.1,3,9,0.004386425018310547,20,0.1,0.5769014396420895,0.5625226723081795,2.911102275258383,1.0,0.4232665911808244,-0.4120834373121899,0.09916412712375619
corn_oil,m5_rep0,m5_rep0,CV+,0.2,3,9,0.0043125152587890625,20,0.05,0.4778863722789536,0.4655980213897928,2.0908442875208646,1.0,0.4232665911808244,-0.4120834373121899,0.09916412712375619
corn_oil,m5_rep0,m5_rep0,CQR,0.05,3,9,2.574920654296875e-05,20,1.0,0.7941251068841497,0.7947823410049109,0.7941251068841497,1.0,0.4232665911808244,-0.4120834373121899,0.09916412712375619
corn_oil,m5_rep0,m5_rep0,CQR,0.1,3,9,1.6450881958007812e-05,20,0.65,0.4189510230478599,0.3899745955805207,0.7385997436613341,1.0,0.4232665911808244,-0.4120834373121899,0.09916412712375619
corn_oil,m5_rep0,m5_rep0,CQR,0.2,3,9,1.71661376953125e-05,20,0.5,0.3197874081568948,0.2943405082264252,0.7002742403116494,1.0,0.4232665911808244,-0.4120834373121899,0.09916412712375619
corn_oil,m5_rep0,m5_rep0,WCP,0.05,3,9,0.004197835922241211,20,1.0,inf,inf,inf,0.0,0.4232665911808244,-0.4120834373121899,0.09916412712375619
corn_oil,m5_rep0,m5_rep0,WCP,0.1,3,9,0.000141143798828125,20,1.0,inf,inf,inf,0.0,0.4232665911808244,-0.4120834373121899,0.09916412712375619
corn_oil,m5_rep0,m5_rep0,WCP,0.2,3,9,8.606910705566406e-05,20,1.0,inf,inf,inf,0.0,0.4232665911808244,-0.4120834373121899,0.09916412712375619
corn_oil,m5_rep0,m5_rep0,R-U-A,0.05,3,9,6.508827209472656e-05,20,0.05,0.43274212723943695,0.43274212723943695,8.264012750248337,1.0,0.4232665911808244,-0.4120834373121899,0.09916412712375619
corn_oil,m5_rep0,m5_rep0,R-U-A,0.1,3,9,3.8623809814453125e-05,20,0.0,0.3887494538656373,0.3887494538656373,4.7429236614530605,1.0,0.4232665911808244,-0.4120834373121899,0.09916412712375619
corn_oil,m5_rep0,m5_rep0,R-U-A,0.2,3,9,3.3855438232421875e-05,20,0.0,0.2520646314954469,0.2520646314954469,3.1125758471401106,1.0,0.4232665911808244,-0.4120834373121899,0.09916412712375619
corn_oil,m5_rep0,m5_rep0,R-U-D,0.05,3,9,0.0037479400634765625,20,1.0,1.8271918015530921,1.760487630717111,1.8271918015530921,1.0,0.4232665911808244,-0.4120834373121899,0.09916412712375619
corn_oil,m5_rep0,m5_rep0,R-U-D,0.1,3,9,0.00043845176696777344,20,1.0,1.520019647474473,1.4645292221381707,1.520019647474473,1.0,0.4232665911808244,-0.4120834373121899,0.09916412712375619
corn_oil,m5_rep0,m5_rep0,R-U-D,0.2,3,9,0.0003674030303955078,20,0.85,1.090721691051689,1.0509033830051115,1.1524360359004284,1.0,0.4232665911808244,-0.4120834373121899,0.09916412712375619
corn_oil,m5_rep0,m5_rep0,G-U-A,0.05,3,9,4.1961669921875e-05,20,0.05,0.5322482149070951,0.5322482149070948,6.472903172230495,1.0,0.4232665911808244,-0.4120834373121899,0.09916412712375619
corn_oil,m5_rep0,m5_rep0,G-U-A,0.1,3,9,4.2438507080078125e-05,20,0.05,0.43387956864236976,0.43387956864236976,4.338709186818958,1.0,0.4232665911808244,-0.4120834373121899,0.09916412712375619
corn_oil,m5_rep0,m5_rep0,G-U-A,0.2,3,9,6.127357482910156e-05,20,0.0,0.30584307412023115,0.30584307412023115,2.8974620766409735,1.0,0.4232665911808244,-0.4120834373121899,0.09916412712375619
corn_oil,m5_rep0,m5_rep0,G-W-A,0.05,3,9,0.00010323524475097656,20,0.05,0.5322482149070951,0.5322482149070948,6.472903172230495,1.0,0.4232665911808244,-0.4120834373121899,0.09916412712375619
corn_oil,m5_rep0,m5_rep0,G-W-A,0.1,3,9,8.249282836914062e-05,20,0.05,0.43387956864236976,0.43387956864236976,4.338709186818958,1.0,0.4232665911808244,-0.4120834373121899,0.09916412712375619
corn_oil,m5_rep0,m5_rep0,G-W-A,0.2,3,9,7.271766662597656e-05,20,0.0,0.30584307412023115,0.30584307412023115,2.8974620766409735,1.0,0.4232665911808244,-0.4120834373121899,0.09916412712375619
corn_oil,m5_rep0,m5_rep0,G-U-D,0.05,3,9,0.004538774490356445,20,0.05,0.5674951169084158,0.5632766552170914,5.864339403822996,1.0,0.4232665911808244,-0.4120834373121899,0.09916412712375619
corn_oil,m5_rep0,m5_rep0,G-U-D,0.1,3,9,0.0003726482391357422,20,0.05,0.49411058584283774,0.49043762634847,3.8380124331703116,1.0,0.4232665911808244,-0.4120834373121899,0.09916412712375619
corn_oil,m5_rep0,m5_rep0,G-U-D,0.2,3,9,0.0003838539123535156,20,0.0,0.32663870244645626,0.324210641284131,2.814279563336073,1.0,0.4232665911808244,-0.4120834373121899,0.09916412712375619
corn_oil,m5_rep0,m5_rep0,GC-D,0.05,3,9,0.0004336833953857422,20,0.05,0.5674951169084158,0.5632766552170914,5.864339403822996,1.0,0.4232665911808244,-0.4120834373121899,0.09916412712375619
corn_oil,m5_rep0,m5_rep0,GC-D,0.1,3,9,0.00043201446533203125,20,0.05,0.49411058584283774,0.49043762634847,3.8380124331703116,1.0,0.4232665911808244,-0.4120834373121899,0.09916412712375619
corn_oil,m5_rep0,m5_rep0,GC-D,0.2,3,9,0.00038909912109375,20,0.0,0.32663870244645626,0.324210641284131,2.814279563336073,1.0,0.4232665911808244,-0.4120834373121899,0.09916412712375619
corn_oil,m5_rep0,m5_rep0,GC-D+,0.05,3,9,0.0003972053527832031,20,1.0,inf,inf,inf,0.0,0.4232665911808244,-0.4120834373121899,0.09916412712375619
corn_oil,m5_rep0,m5_rep0,GC-D+,0.1,3,9,0.00037169456481933594,20,1.0,inf,inf,inf,0.0,0.4232665911808244,-0.4120834373121899,0.09916412712375619
corn_oil,m5_rep0,m5_rep0,GC-D+,0.2,3,9,0.0004000663757324219,20,1.0,inf,inf,inf,0.0,0.4232665911808244,-0.4120834373121899,0.09916412712375619
corn_oil,m5_rep0,m5_rep0,HJ+,0.05,3,9,0.001909017562866211,20,1.0,inf,inf,inf,0.0,0.4232665911808244,-0.4120834373121899,0.09916412712375619
corn_oil,m5_rep0,m5_rep0,HJ+,0.1,3,9,0.00042557716369628906,20,1.0,inf,inf,inf,0.0,0.4232665911808244,-0.4120834373121899,0.09916412712375619
corn_oil,m5_rep0,m5_rep0,HJ+,0.2,3,9,0.00038695335388183594,20,1.0,inf,inf,inf,0.0,0.4232665911808244,-0.4120834373121899,0.09916412712375619
corn_oil,m5_rep0,m5_rep0,HJ+-D,0.05,3,9,0.002239704132080078,20,1.0,inf,inf,inf,0.0,0.4232665911808244,-0.4120834373121899,0.09916412712375619
corn_oil,m5_rep0,m5_rep0,HJ+-D,0.1,3,9,0.002069711685180664,20,1.0,inf,inf,inf,0.0,0.4232665911808244,-0.4120834373121899,0.09916412712375619
corn_oil,m5_rep0,m5_rep0,HJ+-D,0.2,3,9,0.002128124237060547,20,1.0,inf,inf,inf,0.0,0.4232665911808244,-0.4120834373121899,0.09916412712375619
corn_oil,m5_rep0,m5_rep0,HCP-D,0.05,3,9,0.0002703666687011719,20,1.0,inf,inf,inf,0.0,0.4232665911808244,-0.4120834373121899,0.09916412712375619
corn_oil,m5_rep0,m5_rep0,HCP-D,0.1,3,9,0.00019311904907226562,20,1.0,inf,inf,inf,0.0,0.4232665911808244,-0.4120834373121899,0.09916412712375619
corn_oil,m5_rep0,m5_rep0,HCP-D,0.2,3,9,0.0001537799835205078,20,1.0,inf,inf,inf,0.0,0.4232665911808244,-0.4120834373121899,0.09916412712375619
corn_oil,m5_rep0,m5_rep0,HCP-A,0.05,3,9,0.00014090538024902344,20,1.0,inf,inf,inf,0.0,0.4232665911808244,-0.4120834373121899,0.09916412712375619
corn_oil,m5_rep0,m5_rep0,HCP-A,0.1,3,9,0.00013494491577148438,20,1.0,inf,inf,inf,0.0,0.4232665911808244,-0.4120834373121899,0.09916412712375619
corn_oil,m5_rep0,m5_rep0,HCP-A,0.2,3,9,0.00016427040100097656,20,1.0,inf,inf,inf,0.0,0.4232665911808244,-0.4120834373121899,0.09916412712375619
corn_oil,m5_rep0,m5_rep0,ORACLE,0.05,3,9,0.00011348724365234375,20,1.0,inf,inf,inf,0.0,0.4232665911808244,-0.4120834373121899,0.09916412712375619
corn_oil,m5_rep0,m5_rep0,ORACLE,0.1,3,9,0.00010371208190917969,20,0.95,1.0924846638159362,1.0924846638159362,1.0958002233205653,1.0,0.4232665911808244,-0.4120834373121899,0.09916412712375619
corn_oil,m5_rep0,m5_rep0,ORACLE,0.2,3,9,9.632110595703125e-05,20,0.85,1.0609997964590374,1.0609997964590372,1.0799766926169152,1.0,0.4232665911808244,-0.4120834373121899,0.09916412712375619
corn_oil,m5_rep1,m5_rep1,ASTM-R,0.05,3,2,0.014099597930908203,20,1.0,0.5260988890813951,0.5214102289213423,0.5260988890813951,1.0,0.09038971466716586,-0.0426059312399125,0.08178942886777837
corn_oil,m5_rep1,m5_rep1,ASTM-R,0.1,3,2,0.00013113021850585938,20,1.0,0.4404369544270216,0.4365117243151637,0.4404369544270216,1.0,0.09038971466716586,-0.0426059312399125,0.08178942886777837
corn_oil,m5_rep1,m5_rep1,ASTM-R,0.2,3,2,0.00011181831359863281,20,0.95,0.34237291113743246,0.3393216402420798,0.35727079831625747,1.0,0.09038971466716586,-0.0426059312399125,0.08178942886777837
corn_oil,m5_rep1,m5_rep1,ASTM-G,0.05,3,2,0.00011897087097167969,20,1.0,0.6140489424025267,0.6085764601899286,0.6140489424025267,1.0,0.09038971466716586,-0.0426059312399125,0.08178942886777837
corn_oil,m5_rep1,m5_rep1,ASTM-G,0.1,3,2,0.00012731552124023438,20,1.0,0.5140665598688614,0.5094851333559083,0.5140665598688614,1.0,0.09038971466716586,-0.0426059312399125,0.08178942886777837
corn_oil,m5_rep1,m5_rep1,ASTM-G,0.2,3,2,9.489059448242188e-05,20,0.95,0.3996087586466819,0.39604739460436944,0.4001864232894306,1.0,0.09038971466716586,-0.0426059312399125,0.08178942886777837
corn_oil,m5_rep1,m5_rep1,GPR,0.05,3,2,0.04893231391906738,20,1.0,0.4792690195024177,0.46604388979431155,0.4792690195024177,1.0,0.09038971466716586,-0.0426059312399125,0.08178942886777837
corn_oil,m5_rep1,m5_rep1,GPR,0.1,3,2,0.00010514259338378906,20,0.9,0.4022152402963798,0.3911163615726534,0.43695067955795264,1.0,0.09038971466716586,-0.0426059312399125,0.08178942886777837
corn_oil,m5_rep1,m5_rep1,GPR,0.2,3,2,0.0001285076141357422,20,0.85,0.3133771676955001,0.30472972018338096,0.383395903821345,1.0,0.09038971466716586,-0.0426059312399125,0.08178942886777837
corn_oil,m5_rep1,m5_rep1,BAG,0.05,3,2,0.020538330078125,20,1.0,0.6502928668331635,0.6558193534494419,0.6502928668331635,1.0,0.09038971466716586,-0.0426059312399125,0.08178942886777837
corn_oil,m5_rep1,m5_rep1,BAG,0.1,3,2,9.417533874511719e-05,20,1.0,0.5457429774365019,0.5503809512088713,0.5457429774365019,1.0,0.09038971466716586,-0.0426059312399125,0.08178942886777837
corn_oil,m5_rep1,m5_rep1,BAG,0.2,3,2,0.00011181831359863281,20,0.95,0.42520365074366273,0.4288172261108216,0.43398713858185056,1.0,0.09038971466716586,-0.0426059312399125,0.08178942886777837
corn_oil,m5_rep1,m5_rep1,QGB,0.05,3,2,0.029447317123413086,20,0.85,0.3852667538722979,0.36611776923102024,0.7967521662284355,1.0,0.09038971466716586,-0.0426059312399125,0.08178942886777837
corn_oil,m5_rep1,m5_rep1,QGB,0.1,3,2,0.025955915451049805,20,0.7,0.3484601966887838,0.3379785542305327,0.6752727845605039,1.0,0.09038971466716586,-0.0426059312399125,0.08178942886777837
corn_oil,m5_rep1,m5_rep1,QGB,0.2,3,2,0.02659440040588379,20,0.7,0.29236752277504535,0.2956105386087102,0.548207771309548,1.0,0.09038971466716586,-0.0426059312399125,0.08178942886777837
corn_oil,m5_rep1,m5_rep1,SCP,0.05,3,2,3.0279159545898438e-05,20,1.0,0.5084645658541085,0.5084645658541085,0.5084645658541085,1.0,0.09038971466716586,-0.0426059312399125,0.08178942886777837
corn_oil,m5_rep1,m5_rep1,SCP,0.1,3,2,1.0013580322265625e-05,20,0.95,0.3965927363293691,0.3965927363293691,0.41215132686307143,1.0,0.09038971466716586,-0.0426059312399125,0.08178942886777837
corn_oil,m5_rep1,m5_rep1,SCP,0.2,3,2,9.298324584960938e-06,20,0.95,0.36948057748387253,0.36948057748387253,0.38403791246209784,1.0,0.09038971466716586,-0.0426059312399125,0.08178942886777837
corn_oil,m5_rep1,m5_rep1,NCP-kNN,0.05,3,2,0.005721569061279297,20,1.0,0.4939465864872174,0.48250866310862817,0.4939465864872174,1.0,0.09038971466716586,-0.0426059312399125,0.08178942886777837
corn_oil,m5_rep1,m5_rep1,NCP-kNN,0.1,3,2,1.7881393432617188e-05,20,0.95,0.4074807087402911,0.3980450060705545,0.43542505987707714,1.0,0.09038971466716586,-0.0426059312399125,0.08178942886777837
corn_oil,m5_rep1,m5_rep1,NCP-kNN,0.2,3,2,1.1920928955078125e-05,20,0.95,0.3495503313786243,0.3414560758120406,0.3767376990046671,1.0,0.09038971466716586,-0.0426059312399125,0.08178942886777837
corn_oil,m5_rep1,m5_rep1,CV+,0.05,3,2,0.004947185516357422,20,1.0,0.5154048318637403,0.5078563597716093,0.5154048318637403,1.0,0.09038971466716586,-0.0426059312399125,0.08178942886777837
corn_oil,m5_rep1,m5_rep1,CV+,0.1,3,2,0.0043413639068603516,20,1.0,0.452645311468849,0.4498752618595667,0.452645311468849,1.0,0.09038971466716586,-0.0426059312399125,0.08178942886777837
corn_oil,m5_rep1,m5_rep1,CV+,0.2,3,2,0.004305124282836914,20,0.95,0.37204489650068534,0.36985326681422825,0.3787278866964364,1.0,0.09038971466716586,-0.0426059312399125,0.08178942886777837
corn_oil,m5_rep1,m5_rep1,CQR,0.05,3,2,2.5510787963867188e-05,20,0.9,0.5126411003251825,0.49349211568390494,0.6582597889392814,1.0,0.09038971466716586,-0.0426059312399125,0.08178942886777837
corn_oil,m5_rep1,m5_rep1,CQR,0.1,3,2,1.1444091796875e-05,20,0.9,0.4818428208584181,0.471361178400167,0.5981016109691876,1.0,0.09038971466716586,-0.0426059312399125,0.08178942886777837
corn_oil,m5_rep1,m5_rep1,CQR,0.2,3,2,1.0728836059570312e-05,20,0.9,0.4526965176068905,0.4559395334405554,0.5420753616138279,1.0,0.09038971466716586,-0.0426059312399125,0.08178942886777837
corn_oil,m5_rep1,m5_rep1,WCP,0.05,3,2,0.0034852027893066406,20,1.0,inf,inf,inf,0.0,0.09038971466716586,-0.0426059312399125,0.08178942886777837
corn_oil,m5_rep1,m5_rep1,WCP,0.1,3,2,0.00011277198791503906,20,1.0,inf,inf,inf,0.0,0.09038971466716586,-0.0426059312399125,0.08178942886777837
corn_oil,m5_rep1,m5_rep1,WCP,0.2,3,2,0.00010347366333007812,20,1.0,inf,inf,inf,0.0,0.09038971466716586,-0.0426059312399125,0.08178942886777837
corn_oil,m5_rep1,m5_rep1,R-U-A,0.05,3,2,5.650520324707031e-05,20,1.0,0.4649789394413748,0.4649789394413748,0.4649789394413748,1.0,0.09038971466716586,-0.0426059312399125,0.08178942886777837
corn_oil,m5_rep1,m5_rep1,R-U-A,0.1,3,2,3.5762786865234375e-05,20,1.0,0.4194670236366269,0.4194670236366269,0.4194670236366269,1.0,0.09038971466716586,-0.0426059312399125,0.08178942886777837
corn_oil,m5_rep1,m5_rep1,R-U-A,0.2,3,2,3.4332275390625e-05,20,0.95,0.365914708392852,0.365914708392852,0.37499450517168675,1.0,0.09038971466716586,-0.0426059312399125,0.08178942886777837
corn_oil,m5_rep1,m5_rep1,R-U-D,0.05,3,2,0.00299835205078125,20,1.0,0.8138384723497369,0.7359432536984234,0.8138384723497369,1.0,0.09038971466716586,-0.0426059312399125,0.08178942886777837
corn_oil,m5_rep1,m5_rep1,R-U-D,0.1,3,2,0.0004038810729980469,20,1.0,0.7540049284174997,0.6818365795881891,0.7540049284174997,1.0,0.09038971466716586,-0.0426059312399125,0.08178942886777837
corn_oil,m5_rep1,m5_rep1,R-U-D,0.2,3,2,0.0003509521484375,20,1.0,0.6010444183553979,0.5435164346367496,0.6010444183553979,1.0,0.09038971466716586,-0.0426059312399125,0.08178942886777837
corn_oil,m5_rep1,m5_rep1,G-U-A,0.05,3,2,3.886222839355469e-05,20,1.0,0.5361824647944022,0.5361824647944022,0.5361824647944022,1.0,0.09038971466716586,-0.0426059312399125,0.08178942886777837
corn_oil,m5_rep1,m5_rep1,G-U-A,0.1,3,2,3.337860107421875e-05,20,1.0,0.4763922241037726,0.4763922241037726,0.4763922241037726,1.0,0.09038971466716586,-0.0426059312399125,0.08178942886777837
corn_oil,m5_rep1,m5_rep1,G-U-A,0.2,3,2,3.409385681152344e-05,20,0.95,0.39405888561308355,0.39405888561308355,0.3961026380868604,1.0,0.09038971466716586,-0.0426059312399125,0.08178942886777837
corn_oil,m5_rep1,m5_rep1,G-W-A,0.05,3,2,0.00010371208190917969,20,1.0,0.5361824647944022,0.5361824647944022,0.5361824647944022,1.0,0.09038971466716586,-0.0426059312399125,0.08178942886777837
corn_oil,m5_rep1,m5_rep1,G-W-A,0.1,3,2,8.368492126464844e-05,20,1.0,0.4763922241037726,0.4763922241037726,0.4763922241037726,1.0,0.09038971466716586,-0.0426059312399125,0.08178942886777837
corn_oil,m5_rep1,m5_rep1,G-W-A,0.2,3,2,6.914138793945312e-05,20,0.95,0.39405888561308355,0.39405888561308355,0.3961026380868604,1.0,0.09038971466716586,-0.0426059312399125,0.08178942886777837
corn_oil,m5_rep1,m5_rep1,G-U-D,0.05,3,2,0.0035262107849121094,20,1.0,0.6202546963500982,0.5752079306765263,0.6202546963500982,1.0,0.09038971466716586,-0.0426059312399125,0.08178942886777837
corn_oil,m5_rep1,m5_rep1,G-U-D,0.1,3,2,0.00036907196044921875,20,1.0,0.5690026955871315,0.5276781699582647,0.5690026955871315,1.0,0.09038971466716586,-0.0426059312399125,0.08178942886777837
corn_oil,m5_rep1,m5_rep1,G-U-D,0.2,3,2,0.0003752708435058594,20,1.0,0.4530637549105368,0.42015943846965964,0.4530637549105368,1.0,0.09038971466716586,-0.0426059312399125,0.08178942886777837
corn_oil,m5_rep1,m5_rep1,GC-D,0.05,3,2,0.0004069805145263672,20,1.0,0.6202546963500982,0.5752079306765263,0.6202546963500982,1.0,0.09038971466716586,-0.0426059312399125,0.08178942886777837
corn_oil,m5_rep1,m5_rep1,GC-D,0.1,3,2,0.0004589557647705078,20,1.0,0.5690026955871315,0.5276781699582647,0.5690026955871315,1.0,0.09038971466716586,-0.0426059312399125,0.08178942886777837
corn_oil,m5_rep1,m5_rep1,GC-D,0.2,3,2,0.0003879070281982422,20,1.0,0.4530637549105368,0.42015943846965964,0.4530637549105368,1.0,0.09038971466716586,-0.0426059312399125,0.08178942886777837
corn_oil,m5_rep1,m5_rep1,GC-D+,0.05,3,2,0.0004048347473144531,20,1.0,inf,inf,inf,0.0,0.09038971466716586,-0.0426059312399125,0.08178942886777837
corn_oil,m5_rep1,m5_rep1,GC-D+,0.1,3,2,0.0004038810729980469,20,1.0,inf,inf,inf,0.0,0.09038971466716586,-0.0426059312399125,0.08178942886777837
corn_oil,m5_rep1,m5_rep1,GC-D+,0.2,3,2,0.0004229545593261719,20,1.0,inf,inf,inf,0.0,0.09038971466716586,-0.0426059312399125,0.08178942886777837
corn_oil,m5_rep1,m5_rep1,HJ+,0.05,3,2,0.0015568733215332031,20,1.0,inf,inf,inf,0.0,0.09038971466716586,-0.0426059312399125,0.08178942886777837
corn_oil,m5_rep1,m5_rep1,HJ+,0.1,3,2,0.0003952980041503906,20,1.0,inf,inf,inf,0.0,0.09038971466716586,-0.0426059312399125,0.08178942886777837
corn_oil,m5_rep1,m5_rep1,HJ+,0.2,3,2,0.0003781318664550781,20,1.0,inf,inf,inf,0.0,0.09038971466716586,-0.0426059312399125,0.08178942886777837
corn_oil,m5_rep1,m5_rep1,HJ+-D,0.05,3,2,0.0022001266479492188,20,1.0,inf,inf,inf,0.0,0.09038971466716586,-0.0426059312399125,0.08178942886777837
corn_oil,m5_rep1,m5_rep1,HJ+-D,0.1,3,2,0.0021266937255859375,20,1.0,inf,inf,inf,0.0,0.09038971466716586,-0.0426059312399125,0.08178942886777837
corn_oil,m5_rep1,m5_rep1,HJ+-D,0.2,3,2,0.002101898193359375,20,1.0,inf,inf,inf,0.0,0.09038971466716586,-0.0426059312399125,0.08178942886777837
corn_oil,m5_rep1,m5_rep1,HCP-D,0.05,3,2,0.0002732276916503906,20,1.0,inf,inf,inf,0.0,0.09038971466716586,-0.0426059312399125,0.08178942886777837
corn_oil,m5_rep1,m5_rep1,HCP-D,0.1,3,2,0.0001697540283203125,20,1.0,inf,inf,inf,0.0,0.09038971466716586,-0.0426059312399125,0.08178942886777837
corn_oil,m5_rep1,m5_rep1,HCP-D,0.2,3,2,0.00014209747314453125,20,1.0,inf,inf,inf,0.0,0.09038971466716586,-0.0426059312399125,0.08178942886777837
corn_oil,m5_rep1,m5_rep1,HCP-A,0.05,3,2,0.00016689300537109375,20,1.0,inf,inf,inf,0.0,0.09038971466716586,-0.0426059312399125,0.08178942886777837
corn_oil,m5_rep1,m5_rep1,HCP-A,0.1,3,2,0.0001392364501953125,20,1.0,inf,inf,inf,0.0,0.09038971466716586,-0.0426059312399125,0.08178942886777837
corn_oil,m5_rep1,m5_rep1,HCP-A,0.2,3,2,0.0001354217529296875,20,1.0,inf,inf,inf,0.0,0.09038971466716586,-0.0426059312399125,0.08178942886777837
corn_oil,m5_rep1,m5_rep1,ORACLE,0.05,3,2,0.00010895729064941406,20,1.0,inf,inf,inf,0.0,0.09038971466716586,-0.0426059312399125,0.08178942886777837
corn_oil,m5_rep1,m5_rep1,ORACLE,0.1,3,2,0.00011396408081054688,20,0.95,0.35297240064060187,0.35297240064060187,0.402233895508191,1.0,0.09038971466716586,-0.0426059312399125,0.08178942886777837
corn_oil,m5_rep1,m5_rep1,ORACLE,0.2,3,2,9.369850158691406e-05,20,0.85,0.2533467781294889,0.2533467781294889,0.3097809884244085,1.0,0.09038971466716586,-0.0426059312399125,0.08178942886777837
corn_oil,m5_rep2,m5_rep2,ASTM-R,0.05,3,9,0.015631914138793945,20,0.1,0.5381814321966598,0.5294534968901328,5.2351788506264905,1.0,0.3931365679883766,-0.38016341180494334,0.1027625849099427
corn_oil,m5_rep2,m5_rep2,ASTM-R,0.1,3,9,0.00016999244689941406,20,0.1,0.45048138898890305,0.44317572553663265,3.5901247093221285,1.0,0.3931365679883766,-0.38016341180494334,0.1027625849099427
corn_oil,m5_rep2,m5_rep2,ASTM-R,0.2,3,9,0.00013637542724609375,20,0.0,0.35012961696578004,0.34445140426099874,2.401115650186313,1.0,0.3931365679883766,-0.38016341180494334,0.1027625849099427
corn_oil,m5_rep2,m5_rep2,ASTM-G,0.05,3,9,0.0001227855682373047,20,0.3,0.6421148128744777,0.6317013422289808,3.605273652373268,1.0,0.3931365679883766,-0.38016341180494334,0.1027625849099427
corn_oil,m5_rep2,m5_rep2,ASTM-G,0.1,3,9,9.989738464355469e-05,20,0.1,0.5374781727667333,0.5287616425411708,2.8923210055174424,1.0,0.3931365679883766,-0.38016341180494334,0.1027625849099427
corn_oil,m5_rep2,m5_rep2,ASTM-G,0.2,3,9,0.00010514259338378906,20,0.05,0.41774650708804195,0.4109717202405836,2.1425863973578285,1.0,0.3931365679883766,-0.38016341180494334,0.1027625849099427
corn_oil,m5_rep2,m5_rep2,GPR,0.05,3,9,0.05717658996582031,20,0.75,0.6484383041982379,0.6247851540996998,1.105618531752354,1.0,0.3931365679883766,-0.38016341180494334,0.1027625849099427
corn_oil,m5_rep2,m5_rep2,GPR,0.1,3,9,0.00010538101196289062,20,0.65,0.5441865794105547,0.5243362301004177,1.0025298301416412,1.0,0.3931365679883766,-0.38016341180494334,0.1027625849099427
corn_oil,m5_rep2,m5_rep2,GPR,0.2,3,9,8.249282836914062e-05,20,0.6,0.42399101741624623,0.40852505386898397,0.8389501359426378,1.0,0.3931365679883766,-0.38016341180494334,0.1027625849099427
corn_oil,m5_rep2,m5_rep2,BAG,0.05,3,9,0.0507960319519043,20,0.85,0.8758397154111097,0.8908448249380987,1.491973505597923,1.0,0.3931365679883766,-0.38016341180494334,0.1027625849099427
corn_oil,m5_rep2,m5_rep2,BAG,0.1,3,9,0.00011181831359863281,20,0.5,0.7350278596370139,0.7476205445143655,1.4850122860076993,1.0,0.3931365679883766,-0.38016341180494334,0.1027625849099427
corn_oil,m5_rep2,m5_rep2,BAG,0.2,3,9,0.00013399124145507812,20,0.35,0.5726808080683418,0.5824921218257186,1.4061366408349645,1.0,0.3931365679883766,-0.38016341180494334,0.1027625849099427
corn_oil,m5_rep2,m5_rep2,QGB,0.05,3,9,0.03390669822692871,20,0.95,0.41806217713833665,0.42588307731441044,0.5569049208955927,1.0,0.3931365679883766,-0.38016341180494334,0.1027625849099427
corn_oil,m5_rep2,m5_rep2,QGB,0.1,3,9,0.032640695571899414,20,0.95,0.3971059191838177,0.39708199663354105,0.4769274738168837,1.0,0.3931365679883766,-0.38016341180494334,0.1027625849099427
corn_oil,m5_rep2,m5_rep2,QGB,0.2,3,9,0.03205752372741699,20,0.65,0.23866613273234866,0.24148564336573575,0.5159401900899361,1.0,0.3931365679883766,-0.38016341180494334,0.1027625849099427
corn_oil,m5_rep2,m5_rep2,SCP,0.05,3,9,2.9087066650390625e-05,20,0.35,0.5830142958650448,0.5830142958650448,2.615471383527404,1.0,0.3931365679883766,-0.38016341180494334,0.1027625849099427
corn_oil,m5_rep2,m5_rep2,SCP,0.1,3,9,1.4066696166992188e-05,20,0.1,0.40929743811283714,0.40929743811283714,2.8431451815993007,1.0,0.3931365679883766,-0.38016341180494334,0.1027625849099427
corn_oil,m5_rep2,m5_rep2,SCP,0.2,3,9,1.0251998901367188e-05,20,0.05,0.3162406696984421,0.3162406696984421,1.9590136952311024,1.0,0.3931365679883766,-0.38016341180494334,0.1027625849099427
corn_oil,m5_rep2,m5_rep2,NCP-kNN,0.05,3,9,0.009415388107299805,20,0.1,0.4565557279768175,0.4651833591400041,4.392384994850518,1.0,0.3931365679883766,-0.38016341180494334,0.1027625849099427
corn_oil,m5_rep2,m5_rep2,NCP-kNN,0.1,3,9,4.6253204345703125e-05,20,0.1,0.4048756791076862,0.4125267013427272,2.8425074515246314,1.0,0.3931365679883766,-0.38016341180494334,0.1027625849099427
corn_oil,m5_rep2,m5_rep2,NCP-kNN,0.2,3,9,1.3589859008789062e-05,20,0.05,0.32817087152125696,0.33437238661457025,1.9030238615038662,1.0,0.3931365679883766,-0.38016341180494334,0.1027625849099427
corn_oil,m5_rep2,m5_rep2,CV+,0.05,3,9,0.0052835941314697266,20,0.45,0.7077912637114039,0.7062859970051387,2.7537725136694498,1.0,0.3931365679883766,-0.38016341180494334,0.1027625849099427
corn_oil,m5_rep2,m5_rep2,CV+,0.1,3,9,0.004389524459838867,20,0.15,0.583628761761882,0.5801775926161288,2.597662060138698,1.0,0.3931365679883766,-0.38016341180494334,0.1027625849099427
corn_oil,m5_rep2,m5_rep2,CV+,0.2,3,9,0.004544496536254883,20,0.0,0.4680982199821817,0.46442316603482103,2.159556818149672,1.0,0.3931365679883766,-0.38016341180494334,0.1027625849099427
corn_oil,m5_rep2,m5_rep2,CQR,0.05,3,9,4.124641418457031e-05,20,1.0,0.7037133320453879,0.7115342322214617,0.7037133320453879,1.0,0.3931365679883766,-0.38016341180494334,0.1027625849099427
corn_oil,m5_rep2,m5_rep2,CQR,0.1,3,9,1.6927719116210938e-05,20,1.0,0.5895254721567065,0.58950154960643,0.5895254721567065,1.0,0.3931365679883766,-0.38016341180494334,0.1027625849099427
corn_oil,m5_rep2,m5_rep2,CQR,0.2,3,9,1.3828277587890625e-05,20,0.9,0.4232016915424725,0.4260212021758596,0.4909007525748764,1.0,0.3931365679883766,-0.38016341180494334,0.1027625849099427
corn_oil,m5_rep2,m5_rep2,WCP,0.05,3,9,0.0041277408599853516,20,1.0,inf,inf,inf,0.0,0.3931365679883766,-0.38016341180494334,0.1027625849099427
corn_oil,m5_rep2,m5_rep2,WCP,0.1,3,9,0.0001633167266845703,20,1.0,inf,inf,inf,0.0,0.3931365679883766,-0.38016341180494334,0.1027625849099427
corn_oil,m5_rep2,m5_rep2,WCP,0.2,3,9,0.00011467933654785156,20,1.0,inf,inf,inf,0.0,0.3931365679883766,-0.38016341180494334,0.1027625849099427
corn_oil,m5_rep2,m5_rep2,R-U-A,0.05,3,9,5.507469177246094e-05,20,0.1,0.49589746063021495,0.4958974606302151,5.976640932409804,1.0,0.3931365679883766,-0.38016341180494334,0.1027625849099427
corn_oil,m5_rep2,m5_rep2,R-U-A,0.1,3,9,3.719329833984375e-05,20,0.05,0.3872907916632089,0.3872907916632089,4.130826011297007,1.0,0.3931365679883766,-0.38016341180494334,0.1027625849099427
corn_oil,m5_rep2,m5_rep2,R-U-A,0.2,3,9,3.361701965332031e-05,20,0.0,0.2453688370644942,0.2453688370644942,2.8201587697914565,1.0,0.3931365679883766,-0.38016341180494334,0.1027625849099427
corn_oil,m5_rep2,m5_rep2,R-U-D,0.05,3,9,0.003468036651611328,20,1.0,2.672799644053482,2.6293840905209143,2.672799644053482,1.0,0.3931365679883766,-0.38016341180494334,0.1027625849099427
corn_oil,m5_rep2,m5_rep2,R-U-D,0.1,3,9,0.0003924369812011719,20,1.0,2.024896219491226,1.9920048688765981,2.024896219491226,1.0,0.3931365679883766,-0.38016341180494334,0.1027625849099427
corn_oil,m5_rep2,m5_rep2,R-U-D,0.2,3,9,0.000438690185546875,20,1.0,1.7249886446832474,1.6969688351876355,1.7249886446832474,1.0,0.3931365679883766,-0.38016341180494334,0.1027625849099427
corn_oil,m5_rep2,m5_rep2,G-U-A,0.05,3,9,4.5299530029296875e-05,20,0.1,0.550997212207152,0.550997212207152,5.039945155601876,1.0,0.3931365679883766,-0.38016341180494334,0.1027625849099427
corn_oil,m5_rep2,m5_rep2,G-U-A,0.1,3,9,3.337860107421875e-05,20,0.1,0.48662613032653185,0.486626130326532,3.310439838949474,1.0,0.3931365679883766,-0.38016341180494334,0.1027625849099427
corn_oil,m5_rep2,m5_rep2,G-U-A,0.2,3,9,3.1948089599609375e-05,20,0.0,0.2984206661995241,0.2984206661995241,2.607951453251337,1.0,0.3931365679883766,-0.38016341180494334,0.1027625849099427
corn_oil,m5_rep2,m5_rep2,G-W-A,0.05,3,9,9.822845458984375e-05,20,0.1,0.550997212207152,0.550997212207152,5.039945155601876,1.0,0.3931365679883766,-0.38016341180494334,0.1027625849099427
corn_oil,m5_rep2,m5_rep2,G-W-A,0.1,3,9,8.344650268554688e-05,20,0.1,0.48662613032653185,0.486626130326532,3.310439838949474,1.0,0.3931365679883766,-0.38016341180494334,0.1027625849099427
corn_oil,m5_rep2,m5_rep2,G-W-A,0.2,3,9,8.082389831542969e-05,20,0.0,0.2984206661995241,0.2984206661995241,2.607951453251337,1.0,0.3931365679883766,-0.38016341180494334,0.1027625849099427
corn_oil,m5_rep2,m5_rep2,G-U-D,0.05,3,9,0.004541873931884766,20,0.85,1.0506387523232528,0.9853488438359026,1.3597808694614069,1.0,0.3931365679883766,-0.38016341180494334,0.1027625849099427
corn_oil,m5_rep2,m5_rep2,G-U-D,0.1,3,9,0.0004436969757080078,20,0.65,0.8800717173241915,0.8253813665643874,1.348341810835948,1.0,0.3931365679883766,-0.38016341180494334,0.1027625849099427
corn_oil,m5_rep2,m5_rep2,G-U-D,0.2,3,9,0.0003979206085205078,20,0.25,0.6018205363735072,0.5644215658341594,1.501207797909218,1.0,0.3931365679883766,-0.38016341180494334,0.1027625849099427
corn_oil,m5_rep2,m5_rep2,GC-D,0.05,3,9,0.0004248619079589844,20,0.85,1.0506387523232528,0.9853488438359026,1.3597808694614069,1.0,0.3931365679883766,-0.38016341180494334,0.1027625849099427
corn_oil,m5_rep2,m5_rep2,GC-D,0.1,3,9,0.0004372596740722656,20,0.65,0.8800717173241915,0.8253813665643874,1.348341810835948,1.0,0.3931365679883766,-0.38016341180494334,0.1027625849099427
corn_oil,m5_rep2,m5_rep2,GC-D,0.2,3,9,0.00039505958557128906,20,0.25,0.6018205363735072,0.5644215658341594,1.501207797909218,1.0,0.3931365679883766,-0.38016341180494334,0.1027625849099427
corn_oil,m5_rep2,m5_rep2,GC-D+,0.05,3,9,0.00040841102600097656,20,1.0,inf,inf,inf,0.0,0.3931365679883766,-0.38016341180494334,0.1027625849099427
corn_oil,m5_rep2,m5_rep2,GC-D+,0.1,3,9,0.0003814697265625,20,1.0,inf,inf,inf,0.0,0.3931365679883766,-0.38016341180494334,0.1027625849099427
corn_oil,m5_rep2,m5_rep2,GC-D+,0.2,3,9,0.00047278404235839844,20,1.0,inf,inf,inf,0.0,0.3931365679883766,-0.38016341180494334,0.1027625849099427
corn_oil,m5_rep2,m5_rep2,HJ+,0.05,3,9,0.002146482467651367,20,1.0,inf,inf,inf,0.0,0.3931365679883766,-0.38016341180494334,0.1027625849099427
corn_oil,m5_rep2,m5_rep2,HJ+,0.1,3,9,0.00044846534729003906,20,1.0,inf,inf,inf,0.0,0.3931365679883766,-0.38016341180494334,0.1027625849099427
corn_oil,m5_rep2,m5_rep2,HJ+,0.2,3,9,0.0003719329833984375,20,1.0,inf,inf,inf,0.0,0.3931365679883766,-0.38016341180494334,0.1027625849099427
corn_oil,m5_rep2,m5_rep2,HJ+-D,0.05,3,9,0.0022623538970947266,20,1.0,inf,inf,inf,0.0,0.3931365679883766,-0.38016341180494334,0.1027625849099427
corn_oil,m5_rep2,m5_rep2,HJ+-D,0.1,3,9,0.002075672149658203,20,1.0,inf,inf,inf,0.0,0.3931365679883766,-0.38016341180494334,0.1027625849099427
corn_oil,m5_rep2,m5_rep2,HJ+-D,0.2,3,9,0.0021255016326904297,20,1.0,inf,inf,inf,0.0,0.3931365679883766,-0.38016341180494334,0.1027625849099427
corn_oil,m5_rep2,m5_rep2,HCP-D,0.05,3,9,0.0002636909484863281,20,1.0,inf,inf,inf,0.0,0.3931365679883766,-0.38016341180494334,0.1027625849099427
corn_oil,m5_rep2,m5_rep2,HCP-D,0.1,3,9,0.00020432472229003906,20,1.0,inf,inf,inf,0.0,0.3931365679883766,-0.38016341180494334,0.1027625849099427
corn_oil,m5_rep2,m5_rep2,HCP-D,0.2,3,9,0.00015211105346679688,20,1.0,inf,inf,inf,0.0,0.3931365679883766,-0.38016341180494334,0.1027625849099427
corn_oil,m5_rep2,m5_rep2,HCP-A,0.05,3,9,0.00013780593872070312,20,1.0,inf,inf,inf,0.0,0.3931365679883766,-0.38016341180494334,0.1027625849099427
corn_oil,m5_rep2,m5_rep2,HCP-A,0.1,3,9,0.00013136863708496094,20,1.0,inf,inf,inf,0.0,0.3931365679883766,-0.38016341180494334,0.1027625849099427
corn_oil,m5_rep2,m5_rep2,HCP-A,0.2,3,9,0.000164031982421875,20,1.0,inf,inf,inf,0.0,0.3931365679883766,-0.38016341180494334,0.1027625849099427
corn_oil,m5_rep2,m5_rep2,ORACLE,0.05,3,9,0.00014495849609375,20,1.0,inf,inf,inf,0.0,0.3931365679883766,-0.38016341180494334,0.1027625849099427
corn_oil,m5_rep2,m5_rep2,ORACLE,0.1,3,9,9.775161743164062e-05,20,0.85,1.1086668990506516,1.1086668990506516,1.228088192253264,1.0,0.3931365679883766,-0.38016341180494334,0.1027625849099427
corn_oil,m5_rep2,m5_rep2,ORACLE,0.2,3,9,0.0001327991485595703,20,0.8,0.9382222237710373,0.9382222237710374,1.1166824091050414,1.0,0.3931365679883766,-0.38016341180494334,0.1027625849099427
corn_oil,m5_rep3,m5_rep3,ASTM-R,0.05,3,7,0.014425277709960938,20,0.35,0.4408346728292877,0.43463593811953505,4.402921040750868,1.0,0.336197871581049,-0.3098733354371472,0.13380081362621304
corn_oil,m5_rep3,m5_rep3,ASTM-R,0.1,3,7,0.00011754035949707031,20,0.1,0.3690152028437055,0.36382634750341936,2.9623878387698515,1.0,0.336197871581049,-0.3098733354371472,0.13380081362621304
corn_oil,m5_rep3,m5_rep3,ASTM-R,0.2,3,7,0.000102996826171875,20,0.05,0.2868238474025758,0.28279071423936974,1.9707920404518675,1.0,0.336197871581049,-0.3098733354371472,0.13380081362621304
corn_oil,m5_rep3,m5_rep3,ASTM-G,0.05,3,7,0.00011587142944335938,20,0.55,0.6177237076456061,0.609037672667812,2.7758219694568758,1.0,0.336197871581049,-0.3098733354371472,0.13380081362621304
corn_oil,m5_rep3,m5_rep3,ASTM-G,0.1,3,7,0.00010204315185546875,20,0.55,0.5170860037283911,0.5098150716606691,2.060939101172658,1.0,0.336197871581049,-0.3098733354371472,0.13380081362621304
corn_oil,m5_rep3,m5_rep3,ASTM-G,0.2,3,7,9.417533874511719e-05,20,0.1,0.4019145983267709,0.396263132767098,1.54975557010666,1.0,0.336197871581049,-0.3098733354371472,0.13380081362621304
corn_oil,m5_rep3,m5_rep3,GPR,0.05,3,7,0.060320377349853516,20,0.6,0.4867837613501731,0.4818947864378367,2.435893952509219,1.0,0.336197871581049,-0.3098733354371472,0.13380081362621304
corn_oil,m5_rep3,m5_rep3,GPR,0.1,3,7,0.0001087188720703125,20,0.55,0.4085218104585785,0.4044188533736204,1.717000048611625,1.0,0.336197871581049,-0.3098733354371472,0.13380081362621304
corn_oil,m5_rep3,m5_rep3,GPR,0.2,3,7,8.416175842285156e-05,20,0.35,0.3182907932802654,0.31509406441063614,1.2269831693835374,1.0,0.336197871581049,-0.3098733354371472,0.13380081362621304
corn_oil,m5_rep3,m5_rep3,BAG,0.05,3,7,0.04254937171936035,20,0.55,0.6522506517905444,0.6292178553337768,2.8555940497888646,1.0,0.336197871581049,-0.3098733354371472,0.13380081362621304
corn_oil,m5_rep3,m5_rep3,BAG,0.1,3,7,0.00010251998901367188,20,0.4,0.5473860023662155,0.5280562702437956,2.2010469350606887,1.0,0.336197871581049,-0.3098733354371472,0.13380081362621304
corn_oil,m5_rep3,m5_rep3,BAG,0.2,3,7,9.131431579589844e-05,20,0.05,0.4264837775199313,0.41142344141637377,1.727188693988418,1.0,0.336197871581049,-0.3098733354371472,0.13380081362621304
corn_oil,m5_rep3,m5_rep3,QGB,0.05,3,7,0.03296160697937012,20,0.8,0.43381435308215577,0.4326336299231559,0.7770074930732281,1.0,0.336197871581049,-0.3098733354371472,0.13380081362621304
corn_oil,m5_rep3,m5_rep3,QGB,0.1,3,7,0.029364585876464844,20,0.75,0.4106142152096849,0.4114459114136422,0.7740257705053922,1.0,0.336197871581049,-0.3098733354371472,0.13380081362621304
corn_oil,m5_rep3,m5_rep3,QGB,0.2,3,7,0.02970409393310547,20,0.6,0.35065455088511766,0.38261075209492135,0.6324793315291802,1.0,0.336197871581049,-0.3098733354371472,0.13380081362621304
corn_oil,m5_rep3,m5_rep3,SCP,0.05,3,7,2.8848648071289062e-05,20,0.05,0.3718186909011534,0.3718186909011534,7.0129995705685015,1.0,0.336197871581049,-0.3098733354371472,0.13380081362621304
corn_oil,m5_rep3,m5_rep3,SCP,0.1,3,7,1.0728836059570312e-05,20,0.05,0.3397416794988919,0.3397416794988919,3.9650637276540506,1.0,0.336197871581049,-0.3098733354371472,0.13380081362621304
corn_oil,m5_rep3,m5_rep3,SCP,0.2,3,7,9.775161743164062e-06,20,0.05,0.2797317142104774,0.2797317142104774,2.3774400734080254,1.0,0.336197871581049,-0.3098733354371472,0.13380081362621304
corn_oil,m5_rep3,m5_rep3,NCP-kNN,0.05,3,7,0.008295059204101562,20,0.1,0.4325162182992234,0.4454762908856824,5.958706470172411,1.0,0.336197871581049,-0.3098733354371472,0.13380081362621304
corn_oil,m5_rep3,m5_rep3,NCP-kNN,0.1,3,7,1.8596649169921875e-05,20,0.05,0.3326568490174343,0.3426246993019899,4.031772242440679,1.0,0.336197871581049,-0.3098733354371472,0.13380081362621304
corn_oil,m5_rep3,m5_rep3,NCP-kNN,0.2,3,7,1.4781951904296875e-05,20,0.05,0.2815265799298756,0.28996234431636747,2.3734544849503254,1.0,0.336197871581049,-0.3098733354371472,0.13380081362621304
corn_oil,m5_rep3,m5_rep3,CV+,0.05,3,7,0.005139350891113281,20,0.3,0.4544786331271643,0.45055019449066847,4.039368226804561,1.0,0.336197871581049,-0.3098733354371472,0.13380081362621304
corn_oil,m5_rep3,m5_rep3,CV+,0.1,3,7,0.004412174224853516,20,0.1,0.4038786859564546,0.41042343459069386,2.6577317936071014,1.0,0.336197871581049,-0.3098733354371472,0.13380081362621304
corn_oil,m5_rep3,m5_rep3,CV+,0.2,3,7,0.004365682601928711,20,0.05,0.325361780306208,0.32669778946650907,1.8233964968702068,1.0,0.336197871581049,-0.3098733354371472,0.13380081362621304
corn_oil,m5_rep3,m5_rep3,CQR,0.05,3,7,2.47955322265625e-05,20,0.95,0.6462769594253487,0.6450962362663488,0.6680677475510496,1.0,0.336197871581049,-0.3098733354371472,0.13380081362621304
corn_oil,m5_rep3,m5_rep3,CQR,0.1,3,7,3.600120544433594e-05,20,0.9,0.5679173652133963,0.5687490614173536,0.658653231837944,1.0,0.336197871581049,-0.3098733354371472,0.13380081362621304
corn_oil,m5_rep3,m5_rep3,CQR,0.2,3,7,1.3589859008789062e-05,20,0.8,0.4878584645437699,0.5198146657535736,0.5770947518481975,1.0,0.336197871581049,-0.3098733354371472,0.13380081362621304
corn_oil,m5_rep3,m5_rep3,WCP,0.05,3,7,0.0037550926208496094,20,1.0,inf,inf,inf,0.0,0.336197871581049,-0.3098733354371472,0.13380081362621304
corn_oil,m5_rep3,m5_rep3,WCP,0.1,3,7,0.00011491775512695312,20,1.0,inf,inf,inf,0.0,0.336197871581049,-0.3098733354371472,0.13380081362621304
corn_oil,m5_rep3,m5_rep3,WCP,0.2,3,7,9.059906005859375e-05,20,1.0,inf,inf,inf,0.0,0.336197871581049,-0.3098733354371472,0.13380081362621304
corn_oil,m5_rep3,m5_rep3,R-U-A,0.05,3,7,5.412101745605469e-05,20,0.05,0.3331009512617751,0.3331009512617751,6.202404431798152,1.0,0.336197871581049,-0.3098733354371472,0.13380081362621304
corn_oil,m5_rep3,m5_rep3,R-U-A,0.1,3,7,3.719329833984375e-05,20,0.05,0.3182362283818163,0.3182362283818163,3.3941028360096133,1.0,0.336197871581049,-0.3098733354371472,0.13380081362621304
corn_oil,m5_rep3,m5_rep3,R-U-A,0.2,3,7,3.4809112548828125e-05,20,0.05,0.24950252984080556,0.24950252984080556,2.113920901724505,1.0,0.336197871581049,-0.3098733354371472,0.13380081362621304
corn_oil,m5_rep3,m5_rep3,R-U-D,0.05,3,7,0.0035331249237060547,20,1.0,1.0747724170185038,1.0728541210842293,1.0747724170185038,1.0,0.336197871581049,-0.3098733354371472,0.13380081362621304
corn_oil,m5_rep3,m5_rep3,R-U-D,0.1,3,7,0.0004620552062988281,20,0.85,0.9018181823940379,0.9002085819564494,1.0420220168945808,1.0,0.336197871581049,-0.3098733354371472,0.13380081362621304
corn_oil,m5_rep3,m5_rep3,R-U-D,0.2,3,7,0.0003581047058105469,20,0.75,0.7983027230701882,0.7968778810815618,0.9681097371735451,1.0,0.336197871581049,-0.3098733354371472,0.13380081362621304
corn_oil,m5_rep3,m5_rep3,G-U-A,0.05,3,7,4.076957702636719e-05,20,0.55,0.5218385535724124,0.5218385535724126,3.6894109041183634,1.0,0.336197871581049,-0.3098733354371472,0.13380081362621304
corn_oil,m5_rep3,m5_rep3,G-U-A,0.1,3,7,4.220008850097656e-05,20,0.35,0.44954013088239364,0.44954013088239364,2.410516422825201,1.0,0.336197871581049,-0.3098733354371472,0.13380081362621304
corn_oil,m5_rep3,m5_rep3,G-U-A,0.2,3,7,3.4809112548828125e-05,20,0.1,0.36167023975871704,0.36167023975871704,1.7003603835852004,1.0,0.336197871581049,-0.3098733354371472,0.13380081362621304
corn_oil,m5_rep3,m5_rep3,G-W-A,0.05,3,7,0.00012946128845214844,20,0.55,0.5218385535724124,0.5218385535724126,3.6894109041183634,1.0,0.336197871581049,-0.3098733354371472,0.13380081362621304
corn_oil,m5_rep3,m5_rep3,G-W-A,0.1,3,7,7.367134094238281e-05,20,0.35,0.44954013088239364,0.44954013088239364,2.410516422825201,1.0,0.336197871581049,-0.3098733354371472,0.13380081362621304
corn_oil,m5_rep3,m5_rep3,G-W-A,0.2,3,7,7.486343383789062e-05,20,0.1,0.36167023975871704,0.36167023975871704,1.7003603835852004,1.0,0.336197871581049,-0.3098733354371472,0.13380081362621304
corn_oil,m5_rep3,m5_rep3,G-U-D,0.05,3,7,0.003985166549682617,20,0.5,0.47522660047011434,0.4740406686564915,4.223986407548932,1.0,0.336197871581049,-0.3098733354371472,0.13380081362621304
corn_oil,m5_rep3,m5_rep3,G-U-D,0.1,3,7,0.0003933906555175781,20,0.25,0.4140220480510893,0.41298885269157193,2.648461273602012,1.0,0.336197871581049,-0.3098733354371472,0.13380081362621304
corn_oil,m5_rep3,m5_rep3,G-U-D,0.2,3,7,0.0003533363342285156,20,0.05,0.32307171399428336,0.32226548592681326,1.840310944390388,1.0,0.336197871581049,-0.3098733354371472,0.13380081362621304
corn_oil,m5_rep3,m5_rep3,GC-D,0.05,3,7,0.0004172325134277344,20,0.5,0.47522660047011434,0.4740406686564915,4.223986407548932,1.0,0.336197871581049,-0.3098733354371472,0.13380081362621304
corn_oil,m5_rep3,m5_rep3,GC-D,0.1,3,7,0.0004143714904785156,20,0.25,0.4140220480510893,0.41298885269157193,2.648461273602012,1.0,0.336197871581049,-0.3098733354371472,0.13380081362621304
corn_oil,m5_rep3,m5_rep3,GC-D,0.2,3,7,0.00046634674072265625,20,0.05,0.32307171399428336,0.32226548592681326,1.840310944390388,1.0,0.336197871581049,-0.3098733354371472,0.13380081362621304
corn_oil,m5_rep3,m5_rep3,GC-D+,0.05,3,7,0.0004227161407470703,20,1.0,inf,inf,inf,0.0,0.336197871581049,-0.3098733354371472,0.13380081362621304
corn_oil,m5_rep3,m5_rep3,GC-D+,0.1,3,7,0.0004303455352783203,20,1.0,inf,inf,inf,0.0,0.336197871581049,-0.3098733354371472,0.13380081362621304
corn_oil,m5_rep3,m5_rep3,GC-D+,0.2,3,7,0.0003783702850341797,20,1.0,inf,inf,inf,0.0,0.336197871581049,-0.3098733354371472,0.13380081362621304
corn_oil,m5_rep3,m5_rep3,HJ+,0.05,3,7,0.001789093017578125,20,1.0,inf,inf,inf,0.0,0.336197871581049,-0.3098733354371472,0.13380081362621304
corn_oil,m5_rep3,m5_rep3,HJ+,0.1,3,7,0.0004324913024902344,20,1.0,inf,inf,inf,0.0,0.336197871581049,-0.3098733354371472,0.13380081362621304
corn_oil,m5_rep3,m5_rep3,HJ+,0.2,3,7,0.00036263465881347656,20,1.0,inf,inf,inf,0.0,0.336197871581049,-0.3098733354371472,0.13380081362621304
corn_oil,m5_rep3,m5_rep3,HJ+-D,0.05,3,7,0.002157926559448242,20,1.0,inf,inf,inf,0.0,0.336197871581049,-0.3098733354371472,0.13380081362621304
corn_oil,m5_rep3,m5_rep3,HJ+-D,0.1,3,7,0.0020971298217773438,20,1.0,inf,inf,inf,0.0,0.336197871581049,-0.3098733354371472,0.13380081362621304
corn_oil,m5_rep3,m5_rep3,HJ+-D,0.2,3,7,0.002007722854614258,20,1.0,inf,inf,inf,0.0,0.336197871581049,-0.3098733354371472,0.13380081362621304
corn_oil,m5_rep3,m5_rep3,HCP-D,0.05,3,7,0.0003399848937988281,20,1.0,inf,inf,inf,0.0,0.336197871581049,-0.3098733354371472,0.13380081362621304
corn_oil,m5_rep3,m5_rep3,HCP-D,0.1,3,7,0.00018143653869628906,20,1.0,inf,inf,inf,0.0,0.336197871581049,-0.3098733354371472,0.13380081362621304
corn_oil,m5_rep3,m5_rep3,HCP-D,0.2,3,7,0.00015974044799804688,20,1.0,inf,inf,inf,0.0,0.336197871581049,-0.3098733354371472,0.13380081362621304
corn_oil,m5_rep3,m5_rep3,HCP-A,0.05,3,7,0.00014925003051757812,20,1.0,inf,inf,inf,0.0,0.336197871581049,-0.3098733354371472,0.13380081362621304
corn_oil,m5_rep3,m5_rep3,HCP-A,0.1,3,7,0.00016450881958007812,20,1.0,inf,inf,inf,0.0,0.336197871581049,-0.3098733354371472,0.13380081362621304
corn_oil,m5_rep3,m5_rep3,HCP-A,0.2,3,7,0.0001385211944580078,20,1.0,inf,inf,inf,0.0,0.336197871581049,-0.3098733354371472,0.13380081362621304
corn_oil,m5_rep3,m5_rep3,ORACLE,0.05,3,7,0.00012111663818359375,20,1.0,inf,inf,inf,0.0,0.336197871581049,-0.3098733354371472,0.13380081362621304
corn_oil,m5_rep3,m5_rep3,ORACLE,0.1,3,7,9.250640869140625e-05,20,0.85,1.0211275219385247,1.0211275219385247,1.1987216360076625,1.0,0.336197871581049,-0.3098733354371472,0.13380081362621304
corn_oil,m5_rep3,m5_rep3,ORACLE,0.2,3,7,8.535385131835938e-05,20,0.85,0.9764241654436461,0.9764241654436461,1.1075085597404393,1.0,0.336197871581049,-0.3098733354371472,0.13380081362621304
corn_oil,m5_rep4,m5_rep4,ASTM-R,0.05,3,2,0.014978170394897461,20,1.0,0.5073596725090017,0.5057785786601463,0.5073596725090017,1.0,0.1080401711599484,-0.052863574519444526,0.09667156046879384
corn_oil,m5_rep4,m5_rep4,ASTM-R,0.1,3,2,0.00012254714965820312,20,1.0,0.42474894662699664,0.42342529403257867,0.42474894662699664,1.0,0.1080401711599484,-0.052863574519444526,0.09667156046879384
corn_oil,m5_rep4,m5_rep4,ASTM-R,0.2,3,2,0.00010037422180175781,20,0.8,0.3301778651803356,0.32914892610624014,0.3619671382128716,1.0,0.1080401711599484,-0.052863574519444526,0.09667156046879384
corn_oil,m5_rep4,m5_rep4,ASTM-G,0.05,3,2,0.00011181831359863281,20,1.0,0.5407596656802142,0.5390744868466499,0.5407596656802142,1.0,0.1080401711599484,-0.052863574519444526,0.09667156046879384
corn_oil,m5_rep4,m5_rep4,ASTM-G,0.1,3,2,0.00010371208190917969,20,1.0,0.4527105933354658,0.4512998033708344,0.4527105933354658,1.0,0.1080401711599484,-0.052863574519444526,0.09667156046879384
corn_oil,m5_rep4,m5_rep4,ASTM-G,0.2,3,2,0.00010538101196289062,20,0.9,0.35191380329258876,0.350817128133206,0.36379579081308283,1.0,0.1080401711599484,-0.052863574519444526,0.09667156046879384
corn_oil,m5_rep4,m5_rep4,GPR,0.05,3,2,0.03803682327270508,20,1.0,0.44435796462220534,0.4398630505701746,0.44435796462220534,1.0,0.1080401711599484,-0.052863574519444526,0.09667156046879384
corn_oil,m5_rep4,m5_rep4,GPR,0.1,3,2,0.00010657310485839844,20,0.9,0.37291695946399245,0.3691447086779389,0.40604186068254017,1.0,0.1080401711599484,-0.052863574519444526,0.09667156046879384
corn_oil,m5_rep4,m5_rep4,GPR,0.2,3,2,8.797645568847656e-05,20,0.75,0.2905500558763771,0.287610989553829,0.38071425411315446,1.0,0.1080401711599484,-0.052863574519444526,0.09667156046879384
corn_oil,m5_rep4,m5_rep4,BAG,0.05,3,2,0.022047996520996094,20,1.0,0.5418457097599522,0.5358011802235003,0.5418457097599522,1.0,0.1080401711599484,-0.052863574519444526,0.09667156046879384
corn_oil,m5_rep4,m5_rep4,BAG,0.1,3,2,9.655952453613281e-05,20,0.95,0.4547312542357269,0.4496585251398497,0.45961825722775196,1.0,0.1080401711599484,-0.052863574519444526,0.09667156046879384
corn_oil,m5_rep4,m5_rep4,BAG,0.2,3,2,7.605552673339844e-05,20,0.8,0.3542938661648152,0.3503415607390403,0.40738063644428574,1.0,0.1080401711599484,-0.052863574519444526,0.09667156046879384
corn_oil,m5_rep4,m5_rep4,QGB,0.05,3,2,0.03215312957763672,20,0.7,0.34572447593990324,0.3486696434265415,0.7907607055230531,1.0,0.1080401711599484,-0.052863574519444526,0.09667156046879384
corn_oil,m5_rep4,m5_rep4,QGB,0.1,3,2,0.026732921600341797,20,0.6,0.3196101245369478,0.3215869621983036,0.6356673384043618,1.0,0.1080401711599484,-0.052863574519444526,0.09667156046879384
corn_oil,m5_rep4,m5_rep4,QGB,0.2,3,2,0.02677607536315918,20,0.5,0.2809297900194488,0.2820898099001985,0.5819769633498248,1.0,0.1080401711599484,-0.052863574519444526,0.09667156046879384
corn_oil,m5_rep4,m5_rep4,SCP,0.05,3,2,2.765655517578125e-05,20,1.0,0.5635496167040479,0.5635496167040479,0.5635496167040479,1.0,0.1080401711599484,-0.052863574519444526,0.09667156046879384
corn_oil,m5_rep4,m5_rep4,SCP,0.1,3,2,1.0251998901367188e-05,20,1.0,0.4873112766010557,0.4873112766010559,0.4873112766010557,1.0,0.1080401711599484,-0.052863574519444526,0.09667156046879384
corn_oil,m5_rep4,m5_rep4,SCP,0.2,3,2,8.821487426757812e-06,20,1.0,0.39005597332326936,0.39005597332326936,0.39005597332326936,1.0,0.1080401711599484,-0.052863574519444526,0.09667156046879384
corn_oil,m5_rep4,m5_rep4,NCP-kNN,0.05,3,2,0.005410432815551758,20,1.0,0.5756328259295256,0.6061067232526995,0.5756328259295256,1.0,0.1080401711599484,-0.052863574519444526,0.09667156046879384
corn_oil,m5_rep4,m5_rep4,NCP-kNN,0.1,3,2,1.7642974853515625e-05,20,1.0,0.4971188202987954,0.5234362004147406,0.4971188202987954,1.0,0.1080401711599484,-0.052863574519444526,0.09667156046879384
corn_oil,m5_rep4,m5_rep4,NCP-kNN,0.2,3,2,1.239776611328125e-05,20,0.95,0.3675370734321423,0.38699441938899426,0.3695067106528395,1.0,0.1080401711599484,-0.052863574519444526,0.09667156046879384
corn_oil,m5_rep4,m5_rep4,CV+,0.05,3,2,0.005110740661621094,20,1.0,0.5360277353449321,0.5347395556436858,0.5360277353449321,1.0,0.1080401711599484,-0.052863574519444526,0.09667156046879384
corn_oil,m5_rep4,m5_rep4,CV+,0.1,3,2,0.004438161849975586,20,1.0,0.4532200770333656,0.4523299251230828,0.4532200770333656,1.0,0.1080401711599484,-0.052863574519444526,0.09667156046879384
corn_oil,m5_rep4,m5_rep4,CV+,0.2,3,2,0.00445556640625,20,0.85,0.35777802883722865,0.35705281937783573,0.3797954690644402,1.0,0.1080401711599484,-0.052863574519444526,0.09667156046879384
corn_oil,m5_rep4,m5_rep4,CQR,0.05,3,2,2.8133392333984375e-05,20,1.0,0.5918533885385475,0.5947985560251858,0.5918533885385475,1.0,0.1080401711599484,-0.052863574519444526,0.09667156046879384
corn_oil,m5_rep4,m5_rep4,CQR,0.1,3,2,1.3589859008789062e-05,20,1.0,0.5070295165098875,0.5090063541712433,0.5070295165098875,1.0,0.1080401711599484,-0.052863574519444526,0.09667156046879384
corn_oil,m5_rep4,m5_rep4,CQR,0.2,3,2,1.1682510375976562e-05,20,0.9,0.4721789509683244,0.47333897084907406,0.49907127558661946,1.0,0.1080401711599484,-0.052863574519444526,0.09667156046879384
corn_oil,m5_rep4,m5_rep4,WCP,0.05,3,2,0.003629446029663086,20,1.0,inf,inf,inf,0.0,0.1080401711599484,-0.052863574519444526,0.09667156046879384
corn_oil,m5_rep4,m5_rep4,WCP,0.1,3,2,0.00011420249938964844,20,1.0,inf,inf,inf,0.0,0.1080401711599484,-0.052863574519444526,0.09667156046879384
corn_oil,m5_rep4,m5_rep4,WCP,0.2,3,2,7.963180541992188e-05,20,1.0,inf,inf,inf,0.0,0.1080401711599484,-0.052863574519444526,0.09667156046879384
corn_oil,m5_rep4,m5_rep4,R-U-A,0.05,3,2,6.103515625e-05,20,1.0,0.4886384179723855,0.4886384179723855,0.4886384179723855,1.0,0.1080401711599484,-0.052863574519444526,0.09667156046879384
corn_oil,m5_rep4,m5_rep4,R-U-A,0.1,3,2,4.744529724121094e-05,20,1.0,0.4258602012059418,0.4258602012059418,0.4258602012059418,1.0,0.1080401711599484,-0.052863574519444526,0.09667156046879384
corn_oil,m5_rep4,m5_rep4,R-U-A,0.2,3,2,3.600120544433594e-05,20,0.8,0.3222597520118775,0.3222597520118775,0.36169921646607395,1.0,0.1080401711599484,-0.052863574519444526,0.09667156046879384
corn_oil,m5_rep4,m5_rep4,R-U-D,0.05,3,2,0.0031516551971435547,20,1.0,0.7306660501745077,0.6846999628466013,0.7306660501745077,1.0,0.1080401711599484,-0.052863574519444526,0.09667156046879384
corn_oil,m5_rep4,m5_rep4,R-U-D,0.1,3,2,0.0004210472106933594,20,1.0,0.6416488615679052,0.601282831700173,0.6416488615679052,1.0,0.1080401711599484,-0.052863574519444526,0.09667156046879384
corn_oil,m5_rep4,m5_rep4,R-U-D,0.2,3,2,0.00039577484130859375,20,0.95,0.5412083438006243,0.5071610112500156,0.5446881768902855,1.0,0.1080401711599484,-0.052863574519444526,0.09667156046879384
corn_oil,m5_rep4,m5_rep4,G-U-A,0.05,3,2,4.124641418457031e-05,20,1.0,0.5103308462966023,0.5103308462966023,0.5103308462966023,1.0,0.1080401711599484,-0.052863574519444526,0.09667156046879384
corn_oil,m5_rep4,m5_rep4,G-U-A,0.1,3,2,3.695487976074219e-05,20,1.0,0.46371259349504435,0.46371259349504435,0.46371259349504435,1.0,0.1080401711599484,-0.052863574519444526,0.09667156046879384
corn_oil,m5_rep4,m5_rep4,G-U-A,0.2,3,2,4.506111145019531e-05,20,0.8,0.34237702517669977,0.34237702517669977,0.36169921646607395,1.0,0.1080401711599484,-0.052863574519444526,0.09667156046879384
corn_oil,m5_rep4,m5_rep4,G-W-A,0.05,3,2,0.00010037422180175781,20,1.0,0.5103308462966023,0.5103308462966023,0.5103308462966023,1.0,0.1080401711599484,-0.052863574519444526,0.09667156046879384
corn_oil,m5_rep4,m5_rep4,G-W-A,0.1,3,2,7.271766662597656e-05,20,1.0,0.46371259349504435,0.46371259349504435,0.46371259349504435,1.0,0.1080401711599484,-0.052863574519444526,0.09667156046879384
corn_oil,m5_rep4,m5_rep4,G-W-A,0.2,3,2,7.009506225585938e-05,20,0.8,0.34237702517669977,0.34237702517669977,0.36169921646607395,1.0,0.1080401711599484,-0.052863574519444526,0.09667156046879384
corn_oil,m5_rep4,m5_rep4,G-U-D,0.05,3,2,0.003225564956665039,20,0.9,0.3821394477980688,0.3670100556271154,0.433132219009265,1.0,0.1080401711599484,-0.052863574519444526,0.09667156046879384
corn_oil,m5_rep4,m5_rep4,G-U-D,0.1,3,2,0.00037097930908203125,20,0.85,0.3175750439626302,0.3050018395695644,0.427692632546378,1.0,0.1080401711599484,-0.052863574519444526,0.09667156046879384
corn_oil,m5_rep4,m5_rep4,G-U-D,0.2,3,2,0.0004012584686279297,20,0.75,0.25359527313874153,0.24355511015079623,0.3674307536247209,1.0,0.1080401711599484,-0.052863574519444526,0.09667156046879384
corn_oil,m5_rep4,m5_rep4,GC-D,0.05,3,2,0.00043320655822753906,20,0.9,0.3821394477980688,0.3670100556271154,0.433132219009265,1.0,0.1080401711599484,-0.052863574519444526,0.09667156046879384
corn_oil,m5_rep4,m5_rep4,GC-D,0.1,3,2,0.00040459632873535156,20,0.85,0.3175750439626302,0.3050018395695644,0.427692632546378,1.0,0.1080401711599484,-0.052863574519444526,0.09667156046879384
corn_oil,m5_rep4,m5_rep4,GC-D,0.2,3,2,0.00046539306640625,20,0.75,0.25359527313874153,0.24355511015079623,0.3674307536247209,1.0,0.1080401711599484,-0.052863574519444526,0.09667156046879384
corn_oil,m5_rep4,m5_rep4,GC-D+,0.05,3,2,0.0003876686096191406,20,1.0,inf,inf,inf,0.0,0.1080401711599484,-0.052863574519444526,0.09667156046879384
corn_oil,m5_rep4,m5_rep4,GC-D+,0.1,3,2,0.0004878044128417969,20,1.0,inf,inf,inf,0.0,0.1080401711599484,-0.052863574519444526,0.09667156046879384
corn_oil,m5_rep4,m5_rep4,GC-D+,0.2,3,2,0.00041365623474121094,20,1.0,inf,inf,inf,0.0,0.1080401711599484,-0.052863574519444526,0.09667156046879384
corn_oil,m5_rep4,m5_rep4,HJ+,0.05,3,2,0.0018787384033203125,20,1.0,inf,inf,inf,0.0,0.1080401711599484,-0.052863574519444526,0.09667156046879384
corn_oil,m5_rep4,m5_rep4,HJ+,0.1,3,2,0.00044274330139160156,20,1.0,inf,inf,inf,0.0,0.1080401711599484,-0.052863574519444526,0.09667156046879384
corn_oil,m5_rep4,m5_rep4,HJ+,0.2,3,2,0.00041794776916503906,20,1.0,inf,inf,inf,0.0,0.1080401711599484,-0.052863574519444526,0.09667156046879384
corn_oil,m5_rep4,m5_rep4,HJ+-D,0.05,3,2,0.0021605491638183594,20,1.0,inf,inf,inf,0.0,0.1080401711599484,-0.052863574519444526,0.09667156046879384
corn_oil,m5_rep4,m5_rep4,HJ+-D,0.1,3,2,0.0021371841430664062,20,1.0,inf,inf,inf,0.0,0.1080401711599484,-0.052863574519444526,0.09667156046879384
corn_oil,m5_rep4,m5_rep4,HJ+-D,0.2,3,2,0.0020563602447509766,20,1.0,inf,inf,inf,0.0,0.1080401711599484,-0.052863574519444526,0.09667156046879384
corn_oil,m5_rep4,m5_rep4,HCP-D,0.05,3,2,0.00030422210693359375,20,1.0,inf,inf,inf,0.0,0.1080401711599484,-0.052863574519444526,0.09667156046879384
corn_oil,m5_rep4,m5_rep4,HCP-D,0.1,3,2,0.000164031982421875,20,1.0,inf,inf,inf,0.0,0.1080401711599484,-0.052863574519444526,0.09667156046879384
corn_oil,m5_rep4,m5_rep4,HCP-D,0.2,3,2,0.00014162063598632812,20,1.0,inf,inf,inf,0.0,0.1080401711599484,-0.052863574519444526,0.09667156046879384
corn_oil,m5_rep4,m5_rep4,HCP-A,0.05,3,2,0.00018215179443359375,20,1.0,inf,inf,inf,0.0,0.1080401711599484,-0.052863574519444526,0.09667156046879384
corn_oil,m5_rep4,m5_rep4,HCP-A,0.1,3,2,0.00014662742614746094,20,1.0,inf,inf,inf,0.0,0.1080401711599484,-0.052863574519444526,0.09667156046879384
corn_oil,m5_rep4,m5_rep4,HCP-A,0.2,3,2,0.0001316070556640625,20,1.0,inf,inf,inf,0.0,0.1080401711599484,-0.052863574519444526,0.09667156046879384
corn_oil,m5_rep4,m5_rep4,ORACLE,0.05,3,2,0.00010919570922851562,20,1.0,inf,inf,inf,0.0,0.1080401711599484,-0.052863574519444526,0.09667156046879384
corn_oil,m5_rep4,m5_rep4,ORACLE,0.1,3,2,9.083747863769531e-05,20,0.95,0.3762647346546233,0.3762647346546233,0.3963580633193029,1.0,0.1080401711599484,-0.052863574519444526,0.09667156046879384
corn_oil,m5_rep4,m5_rep4,ORACLE,0.2,3,2,0.00010538101196289062,20,0.6,0.2669864391437362,0.2669864391437362,0.45197326153061645,1.0,0.1080401711599484,-0.052863574519444526,0.09667156046879384
corn_oil,m5_rep5,m5_rep5,ASTM-R,0.05,3,2,0.014197587966918945,20,0.95,0.465378751246584,0.4610449872705855,0.49993696246616326,1.0,0.12572794183154848,-0.07718525890368981,0.10182519161555677
corn_oil,m5_rep5,m5_rep5,ASTM-R,0.1,3,2,0.00011658668518066406,20,0.85,0.38960355953609327,0.3859754397160211,0.47198565480718785,1.0,0.12572794183154848,-0.07718525890368981,0.10182519161555677
corn_oil,m5_rep5,m5_rep5,ASTM-R,0.2,3,2,0.00010037422180175781,20,0.75,0.30285765880251614,0.3000373460829131,0.4307875632229311,1.0,0.12572794183154848,-0.07718525890368981,0.10182519161555677
corn_oil,m5_rep5,m5_rep5,ASTM-G,0.05,3,2,0.00011420249938964844,20,1.0,0.5325818135692899,0.5276222319989325,0.5325818135692899,1.0,0.12572794183154848,-0.07718525890368981,0.10182519161555677
corn_oil,m5_rep5,m5_rep5,ASTM-G,0.1,3,2,0.00013256072998046875,20,0.95,0.445864298176434,0.4417122593726748,0.47281163479043187,1.0,0.12572794183154848,-0.07718525890368981,0.10182519161555677
corn_oil,m5_rep5,m5_rep5,ASTM-G,0.2,3,2,0.00011157989501953125,20,0.8,0.3465918474926873,0.34336426724968083,0.4212894881579878,1.0,0.12572794183154848,-0.07718525890368981,0.10182519161555677
corn_oil,m5_rep5,m5_rep5,GPR,0.05,3,2,0.04729580879211426,20,0.9,0.45820377169493715,0.4296135460018973,0.574651441949318,1.0,0.12572794183154848,-0.07718525890368981,0.10182519161555677
corn_oil,m5_rep5,m5_rep5,GPR,0.1,3,2,0.00011157989501953125,20,0.8,0.3845367270522207,0.3605430532921421,0.5442976756761324,1.0,0.12572794183154848,-0.07718525890368981,0.10182519161555677
corn_oil,m5_rep5,m5_rep5,GPR,0.2,3,2,9.107589721679688e-05,20,0.8,0.29960334250319837,0.28090919874076237,0.4593822676710465,1.0,0.12572794183154848,-0.07718525890368981,0.10182519161555677
corn_oil,m5_rep5,m5_rep5,BAG,0.05,3,2,0.022613525390625,20,0.95,0.5518206997404416,0.5512029779454903,0.5632726562924055,1.0,0.12572794183154848,-0.07718525890368981,0.10182519161555677
corn_oil,m5_rep5,m5_rep5,BAG,0.1,3,2,0.00010657310485839844,20,0.9,0.46310252971712995,0.4625841212448889,0.5217230431527466,1.0,0.12572794183154848,-0.07718525890368981,0.10182519161555677
corn_oil,m5_rep5,m5_rep5,BAG,0.2,3,2,8.58306884765625e-05,20,0.8,0.36081616153688445,0.3604122549653175,0.4612656964448921,1.0,0.12572794183154848,-0.07718525890368981,0.10182519161555677
corn_oil,m5_rep5,m5_rep5,QGB,0.05,3,2,0.03136610984802246,20,0.75,0.4058734678609846,0.4109842177838787,0.8332003164261927,1.0,0.12572794183154848,-0.07718525890368981,0.10182519161555677
corn_oil,m5_rep5,m5_rep5,QGB,0.1,3,2,0.02701592445373535,20,0.75,0.3421309746302493,0.35043188337687825,0.7595064127546401,1.0,0.12572794183154848,-0.07718525890368981,0.10182519161555677
corn_oil,m5_rep5,m5_rep5,QGB,0.2,3,2,0.027367353439331055,20,0.7,0.2832225302470829,0.3128401865126429,0.5489110585655228,1.0,0.12572794183154848,-0.07718525890368981,0.10182519161555677
corn_oil,m5_rep5,m5_rep5,SCP,0.05,3,2,2.765655517578125e-05,20,1.0,0.564695865679198,0.564695865679198,0.564695865679198,1.0,0.12572794183154848,-0.07718525890368981,0.10182519161555677
corn_oil,m5_rep5,m5_rep5,SCP,0.1,3,2,5.125999450683594e-05,20,0.9,0.39420616553454213,0.39420616553454213,0.46217036307217396,1.0,0.12572794183154848,-0.07718525890368981,0.10182519161555677
corn_oil,m5_rep5,m5_rep5,SCP,0.2,3,2,8.58306884765625e-06,20,0.9,0.375330695498878,0.375330695498878,0.418750529285526,1.0,0.12572794183154848,-0.07718525890368981,0.10182519161555677
corn_oil,m5_rep5,m5_rep5,NCP-kNN,0.05,3,2,0.005384683609008789,20,1.0,0.5931223244074998,0.5848824525714416,0.5931223244074998,1.0,0.12572794183154848,-0.07718525890368981,0.10182519161555677
corn_oil,m5_rep5,m5_rep5,NCP-kNN,0.1,3,2,1.71661376953125e-05,20,0.95,0.4276565493050021,0.42171538841606715,0.4359955824124321,1.0,0.12572794183154848,-0.07718525890368981,0.10182519161555677
corn_oil,m5_rep5,m5_rep5,NCP-kNN,0.2,3,2,1.239776611328125e-05,20,0.8,0.3370199724969014,0.3323379680177405,0.3921044328120813,1.0,0.12572794183154848,-0.07718525890368981,0.10182519161555677
corn_oil,m5_rep5,m5_rep5,CV+,0.05,3,2,0.00510406494140625,20,0.95,0.4731649701656256,0.47251596314975375,0.5227554207262182,1.0,0.12572794183154848,-0.07718525890368981,0.10182519161555677
corn_oil,m5_rep5,m5_rep5,CV+,0.1,3,2,0.004625558853149414,20,0.9,0.41493184383198206,0.41763106362369284,0.48869441237721195,1.0,0.12572794183154848,-0.07718525890368981,0.10182519161555677
corn_oil,m5_rep5,m5_rep5,CV+,0.2,3,2,0.004451751708984375,20,0.75,0.32389787841895135,0.321401505990474,0.4332487729173863,1.0,0.12572794183154848,-0.07718525890368981,0.10182519161555677
corn_oil,m5_rep5,m5_rep5,CQR,0.05,3,2,2.4318695068359375e-05,20,1.0,0.7991780208774096,0.8042887708003039,0.7991780208774096,1.0,0.12572794183154848,-0.07718525890368981,0.10182519161555677
corn_oil,m5_rep5,m5_rep5,CQR,0.1,3,2,1.33514404296875e-05,20,0.9,0.5026514126611302,0.5109523214077591,0.6169698685258185,1.0,0.12572794183154848,-0.07718525890368981,0.10182519161555677
corn_oil,m5_rep5,m5_rep5,CQR,0.2,3,2,1.1682510375976562e-05,20,0.85,0.4078116050259898,0.4374292612915498,0.5212813137143896,1.0,0.12572794183154848,-0.07718525890368981,0.10182519161555677
corn_oil,m5_rep5,m5_rep5,WCP,0.05,3,2,0.003438234329223633,20,1.0,inf,inf,inf,0.0,0.12572794183154848,-0.07718525890368981,0.10182519161555677
corn_oil,m5_rep5,m5_rep5,WCP,0.1,3,2,0.00011324882507324219,20,1.0,inf,inf,inf,0.0,0.12572794183154848,-0.07718525890368981,0.10182519161555677
corn_oil,m5_rep5,m5_rep5,WCP,0.2,3,2,8.0108642578125e-05,20,1.0,inf,inf,inf,0.0,0.12572794183154848,-0.07718525890368981,0.10182519161555677
corn_oil,m5_rep5,m5_rep5,R-U-A,0.05,3,2,5.221366882324219e-05,20,0.9,0.4218028518073389,0.4218028518073389,0.5028796215836886,1.0,0.12572794183154848,-0.07718525890368981,0.10182519161555677
corn_oil,m5_rep5,m5_rep5,R-U-A,0.1,3,2,4.100799560546875e-05,20,0.85,0.37504324482580653,0.37504324482580653,0.4725476552522828,1.0,0.12572794183154848,-0.07718525890368981,0.10182519161555677
corn_oil,m5_rep5,m5_rep5,R-U-A,0.2,3,2,3.600120544433594e-05,20,0.75,0.30874254453455663,0.30874254453455663,0.43151197398687025,1.0,0.12572794183154848,-0.07718525890368981,0.10182519161555677
corn_oil,m5_rep5,m5_rep5,R-U-D,0.05,3,2,0.003168344497680664,20,0.95,0.4526528223518812,0.4456759187271344,0.5023331541629561,1.0,0.12572794183154848,-0.07718525890368981,0.10182519161555677
corn_oil,m5_rep5,m5_rep5,R-U-D,0.1,3,2,0.00046825408935546875,20,0.85,0.3950779516084303,0.38898847053922436,0.479427799642892,1.0,0.12572794183154848,-0.07718525890368981,0.10182519161555677
corn_oil,m5_rep5,m5_rep5,R-U-D,0.2,3,2,0.0003712177276611328,20,0.8,0.3293433900751371,0.3242670998621149,0.42330835487706864,1.0,0.12572794183154848,-0.07718525890368981,0.10182519161555677
corn_oil,m5_rep5,m5_rep5,G-U-A,0.05,3,2,4.124641418457031e-05,20,1.0,0.501312417926421,0.501312417926421,0.501312417926421,1.0,0.12572794183154848,-0.07718525890368981,0.10182519161555677
corn_oil,m5_rep5,m5_rep5,G-U-A,0.1,3,2,3.5762786865234375e-05,20,0.95,0.4529214621664064,0.4529214621664064,0.47430685567771835,1.0,0.12572794183154848,-0.07718525890368981,0.10182519161555677
corn_oil,m5_rep5,m5_rep5,G-U-A,0.2,3,2,3.528594970703125e-05,20,0.75,0.35273901111467065,0.35273901111467065,0.4205128573418418,1.0,0.12572794183154848,-0.07718525890368981,0.10182519161555677
corn_oil,m5_rep5,m5_rep5,G-W-A,0.05,3,2,0.00010418891906738281,20,1.0,0.501312417926421,0.501312417926421,0.501312417926421,1.0,0.12572794183154848,-0.07718525890368981,0.10182519161555677
corn_oil,m5_rep5,m5_rep5,G-W-A,0.1,3,2,8.177757263183594e-05,20,0.95,0.4529214621664064,0.4529214621664064,0.47430685567771835,1.0,0.12572794183154848,-0.07718525890368981,0.10182519161555677
corn_oil,m5_rep5,m5_rep5,G-W-A,0.2,3,2,7.05718994140625e-05,20,0.75,0.35273901111467065,0.35273901111467065,0.4205128573418418,1.0,0.12572794183154848,-0.07718525890368981,0.10182519161555677
corn_oil,m5_rep5,m5_rep5,G-U-D,0.05,3,2,0.004282712936401367,20,0.85,0.396891913761367,0.3907715620523855,0.4766939860512343,1.0,0.12572794183154848,-0.07718525890368981,0.10182519161555677
corn_oil,m5_rep5,m5_rep5,G-U-D,0.1,3,2,0.00041413307189941406,20,0.85,0.358893399600728,0.3533590116340606,0.45816947184567863,1.0,0.12572794183154848,-0.07718525890368981,0.10182519161555677
corn_oil,m5_rep5,m5_rep5,G-U-D,0.2,3,2,0.0004050731658935547,20,0.7,0.2840276047580817,0.2796476998623012,0.42170355213020994,1.0,0.12572794183154848,-0.07718525890368981,0.10182519161555677
corn_oil,m5_rep5,m5_rep5,GC-D,0.05,3,2,0.0004477500915527344,20,0.85,0.396891913761367,0.3907715620523855,0.4766939860512343,1.0,0.12572794183154848,-0.07718525890368981,0.10182519161555677
corn_oil,m5_rep5,m5_rep5,GC-D,0.1,3,2,0.0004391670227050781,20,0.85,0.358893399600728,0.3533590116340606,0.45816947184567863,1.0,0.12572794183154848,-0.07718525890368981,0.10182519161555677
corn_oil,m5_rep5,m5_rep5,GC-D,0.2,3,2,0.0003809928894042969,20,0.7,0.2840276047580817,0.2796476998623012,0.42170355213020994,1.0,0.12572794183154848,-0.07718525890368981,0.10182519161555677
corn_oil,m5_rep5,m5_rep5,GC-D+,0.05,3,2,0.0004050731658935547,20,1.0,inf,inf,inf,0.0,0.12572794183154848,-0.07718525890368981,0.10182519161555677
corn_oil,m5_rep5,m5_rep5,GC-D+,0.1,3,2,0.0003762245178222656,20,1.0,inf,inf,inf,0.0,0.12572794183154848,-0.07718525890368981,0.10182519161555677
corn_oil,m5_rep5,m5_rep5,GC-D+,0.2,3,2,0.0004248619079589844,20,1.0,inf,inf,inf,0.0,0.12572794183154848,-0.07718525890368981,0.10182519161555677
corn_oil,m5_rep5,m5_rep5,HJ+,0.05,3,2,0.0015110969543457031,20,1.0,inf,inf,inf,0.0,0.12572794183154848,-0.07718525890368981,0.10182519161555677
corn_oil,m5_rep5,m5_rep5,HJ+,0.1,3,2,0.0003833770751953125,20,1.0,inf,inf,inf,0.0,0.12572794183154848,-0.07718525890368981,0.10182519161555677
corn_oil,m5_rep5,m5_rep5,HJ+,0.2,3,2,0.0003685951232910156,20,1.0,inf,inf,inf,0.0,0.12572794183154848,-0.07718525890368981,0.10182519161555677
corn_oil,m5_rep5,m5_rep5,HJ+-D,0.05,3,2,0.0021839141845703125,20,1.0,inf,inf,inf,0.0,0.12572794183154848,-0.07718525890368981,0.10182519161555677
corn_oil,m5_rep5,m5_rep5,HJ+-D,0.1,3,2,0.002045154571533203,20,1.0,inf,inf,inf,0.0,0.12572794183154848,-0.07718525890368981,0.10182519161555677
corn_oil,m5_rep5,m5_rep5,HJ+-D,0.2,3,2,0.0021178722381591797,20,1.0,inf,inf,inf,0.0,0.12572794183154848,-0.07718525890368981,0.10182519161555677
corn_oil,m5_rep5,m5_rep5,HCP-D,0.05,3,2,0.0002715587615966797,20,1.0,inf,inf,inf,0.0,0.12572794183154848,-0.07718525890368981,0.10182519161555677
corn_oil,m5_rep5,m5_rep5,HCP-D,0.1,3,2,0.00016021728515625,20,1.0,inf,inf,inf,0.0,0.12572794183154848,-0.07718525890368981,0.10182519161555677
corn_oil,m5_rep5,m5_rep5,HCP-D,0.2,3,2,0.00014162063598632812,20,1.0,inf,inf,inf,0.0,0.12572794183154848,-0.07718525890368981,0.10182519161555677
corn_oil,m5_rep5,m5_rep5,HCP-A,0.05,3,2,0.00016832351684570312,20,1.0,inf,inf,inf,0.0,0.12572794183154848,-0.07718525890368981,0.10182519161555677
corn_oil,m5_rep5,m5_rep5,HCP-A,0.1,3,2,0.00013637542724609375,20,1.0,inf,inf,inf,0.0,0.12572794183154848,-0.07718525890368981,0.10182519161555677
corn_oil,m5_rep5,m5_rep5,HCP-A,0.2,3,2,0.00013756752014160156,20,1.0,inf,inf,inf,0.0,0.12572794183154848,-0.07718525890368981,0.10182519161555677
corn_oil,m5_rep5,m5_rep5,ORACLE,0.05,3,2,0.00011444091796875,20,1.0,inf,inf,inf,0.0,0.12572794183154848,-0.07718525890368981,0.10182519161555677
corn_oil,m5_rep5,m5_rep5,ORACLE,0.1,3,2,9.179115295410156e-05,20,0.95,0.46234123669551364,0.46234123669551375,0.4956922491890303,1.0,0.12572794183154848,-0.07718525890368981,0.10182519161555677
corn_oil,m5_rep5,m5_rep5,ORACLE,0.2,3,2,9.34600830078125e-05,20,0.65,0.30162587082549885,0.30162587082549885,0.5355546324850192,1.0,0.12572794183154848,-0.07718525890368981,0.10182519161555677
corn_oil,m5_rep6,m5_rep6,ASTM-R,0.05,3,3,0.01499629020690918,20,0.65,0.4412150009067185,0.4380318662147924,1.0131960154926547,1.0,0.1762986090826074,-0.1512639444057517,0.09290866305580178
corn_oil,m5_rep6,m5_rep6,ASTM-R,0.1,3,3,0.00011110305786132812,20,0.65,0.3693664096112366,0.36670162480099755,0.9047346455151206,1.0,0.1762986090826074,-0.1512639444057517,0.09290866305580178
corn_oil,m5_rep6,m5_rep6,ASTM-R,0.2,3,3,0.0001010894775390625,20,0.55,0.28712064655538355,0.28504922176488323,0.7201571140301344,1.0,0.1762986090826074,-0.1512639444057517,0.09290866305580178
corn_oil,m5_rep6,m5_rep6,ASTM-G,0.05,3,3,0.0001087188720703125,20,1.0,0.6003712938149798,0.5960399299913299,0.6003712938149798,1.0,0.1762986090826074,-0.1512639444057517,0.09290866305580178
corn_oil,m5_rep6,m5_rep6,ASTM-G,0.1,3,3,0.00010561943054199219,20,0.8,0.5026052803607548,0.4989792470187928,0.6280597655285577,1.0,0.1762986090826074,-0.1512639444057517,0.09290866305580178
corn_oil,m5_rep6,m5_rep6,ASTM-G,0.2,3,3,0.00010156631469726562,20,0.65,0.3906915986519088,0.3878729637937166,0.6213671468513103,1.0,0.1762986090826074,-0.1512639444057517,0.09290866305580178
corn_oil,m5_rep6,m5_rep6,GPR,0.05,3,3,0.038228750228881836,20,0.6,0.4251316960973872,0.3904869940210469,1.6537838002123177,1.0,0.1762986090826074,-0.1512639444057517,0.09290866305580178
corn_oil,m5_rep6,m5_rep6,GPR,0.1,3,3,0.00010418891906738281,20,0.55,0.35678176628430175,0.3277070157713253,1.2606506120357701,1.0,0.1762986090826074,-0.1512639444057517,0.09290866305580178
corn_oil,m5_rep6,m5_rep6,GPR,0.2,3,3,8.130073547363281e-05,20,0.5,0.27797867460513215,0.2553257215233544,0.9102009868521407,1.0,0.1762986090826074,-0.1512639444057517,0.09290866305580178
corn_oil,m5_rep6,m5_rep6,BAG,0.05,3,3,0.030023574829101562,20,0.85,0.5464469410010679,0.5451216963066687,0.6335715512255862,1.0,0.1762986090826074,-0.1512639444057517,0.09290866305580178
corn_oil,m5_rep6,m5_rep6,BAG,0.1,3,3,0.00010180473327636719,20,0.7,0.458592729219497,0.4574805488124203,0.6857196809802742,1.0,0.1762986090826074,-0.1512639444057517,0.09290866305580178
corn_oil,m5_rep6,m5_rep6,BAG,0.2,3,3,8.988380432128906e-05,20,0.6,0.3573024495607333,0.3564359186314747,0.627504296467885,1.0,0.1762986090826074,-0.1512639444057517,0.09290866305580178
corn_oil,m5_rep6,m5_rep6,QGB,0.05,3,3,0.03310513496398926,20,0.85,0.43154141872441293,0.4781132720614707,0.992655946234103,1.0,0.1762986090826074,-0.1512639444057517,0.09290866305580178
corn_oil,m5_rep6,m5_rep6,QGB,0.1,3,3,0.02708745002746582,20,0.65,0.3266903275564129,0.37601733654690483,0.9552129072006796,1.0,0.1762986090826074,-0.1512639444057517,0.09290866305580178
corn_oil,m5_rep6,m5_rep6,QGB,0.2,3,3,0.027333736419677734,20,0.45,0.2644391217373896,0.2707406492048585,0.836103990308515,1.0,0.1762986090826074,-0.1512639444057517,0.09290866305580178
corn_oil,m5_rep6,m5_rep6,SCP,0.05,3,3,3.218650817871094e-05,20,0.65,0.42227090668363587,0.42227090668363587,0.9642982146675196,1.0,0.1762986090826074,-0.1512639444057517,0.09290866305580178
corn_oil,m5_rep6,m5_rep6,SCP,0.1,3,3,1.049041748046875e-05,20,0.65,0.3706984851254296,0.3706984851254296,0.8222156145710937,1.0,0.1762986090826074,-0.1512639444057517,0.09290866305580178
corn_oil,m5_rep6,m5_rep6,SCP,0.2,3,3,9.298324584960938e-06,20,0.55,0.2970007414313045,0.2970007414313045,0.6646933285650681,1.0,0.1762986090826074,-0.1512639444057517,0.09290866305580178
corn_oil,m5_rep6,m5_rep6,NCP-kNN,0.05,3,3,0.006174564361572266,20,0.85,0.5230386461065532,0.5121109063518721,0.6346458704469929,1.0,0.1762986090826074,-0.1512639444057517,0.09290866305580178
corn_oil,m5_rep6,m5_rep6,NCP-kNN,0.1,3,3,1.8358230590820312e-05,20,0.7,0.4213184514805465,0.4125159310054407,0.7149797533062582,1.0,0.1762986090826074,-0.1512639444057517,0.09290866305580178
corn_oil,m5_rep6,m5_rep6,NCP-kNN,0.2,3,3,1.8835067749023438e-05,20,0.5,0.28813374418029897,0.28211382463060186,0.6855152528000972,1.0,0.1762986090826074,-0.1512639444057517,0.09290866305580178
corn_oil,m5_rep6,m5_rep6,CV+,0.05,3,3,0.0054473876953125,20,0.7,0.48455883833516944,0.47133528408553116,0.8890338530233001,1.0,0.1762986090826074,-0.1512639444057517,0.09290866305580178
corn_oil,m5_rep6,m5_rep6,CV+,0.1,3,3,0.004636526107788086,20,0.65,0.4090220336554736,0.40751936104767617,0.8614277554628392,1.0,0.1762986090826074,-0.1512639444057517,0.09290866305580178
corn_oil,m5_rep6,m5_rep6,CV+,0.2,3,3,0.004445314407348633,20,0.6,0.3085918694346009,0.3104297919261749,0.697024589079793,1.0,0.1762986090826074,-0.1512639444057517,0.09290866305580178
corn_oil,m5_rep6,m5_rep6,CQR,0.05,3,3,2.7179718017578125e-05,20,0.95,0.756744081511034,0.8033159348480918,0.7950161301690353,1.0,0.1762986090826074,-0.1512639444057517,0.09290866305580178
corn_oil,m5_rep6,m5_rep6,CQR,0.1,3,3,1.2636184692382812e-05,20,0.85,0.4402004932153455,0.4895275022058374,0.7480026135738107,1.0,0.1762986090826074,-0.1512639444057517,0.09290866305580178
corn_oil,m5_rep6,m5_rep6,CQR,0.2,3,3,1.1682510375976562e-05,20,0.65,0.3746714109104456,0.38097293837791457,0.697597928926835,1.0,0.1762986090826074,-0.1512639444057517,0.09290866305580178
corn_oil,m5_rep6,m5_rep6,WCP,0.05,3,3,0.00341796875,20,1.0,inf,inf,inf,0.0,0.1762986090826074,-0.1512639444057517,0.09290866305580178
corn_oil,m5_rep6,m5_rep6,WCP,0.1,3,3,0.00010776519775390625,20,1.0,inf,inf,inf,0.0,0.1762986090826074,-0.1512639444057517,0.09290866305580178
corn_oil,m5_rep6,m5_rep6,WCP,0.2,3,3,7.43865966796875e-05,20,1.0,inf,inf,inf,0.0,0.1762986090826074,-0.1512639444057517,0.09290866305580178
corn_oil,m5_rep6,m5_rep6,R-U-A,0.05,3,3,5.7697296142578125e-05,20,0.65,0.43088622020658107,0.43088622020658107,1.049470987721329,1.0,0.1762986090826074,-0.1512639444057517,0.09290866305580178
corn_oil,m5_rep6,m5_rep6,R-U-A,0.1,3,3,3.743171691894531e-05,20,0.6,0.3572860513074696,0.3572860513074696,0.9268435524698105,1.0,0.1762986090826074,-0.1512639444057517,0.09290866305580178
corn_oil,m5_rep6,m5_rep6,R-U-A,0.2,3,3,3.337860107421875e-05,20,0.55,0.28207907082289996,0.28207907082289996,0.7222130255251203,1.0,0.1762986090826074,-0.1512639444057517,0.09290866305580178
corn_oil,m5_rep6,m5_rep6,R-U-D,0.05,3,3,0.0032045841217041016,20,1.0,0.968314477412013,0.957331064829273,0.968314477412013,1.0,0.1762986090826074,-0.1512639444057517,0.09290866305580178
corn_oil,m5_rep6,m5_rep6,R-U-D,0.1,3,3,0.00042176246643066406,20,1.0,0.840455993349568,0.8309228559774344,0.840455993349568,1.0,0.1762986090826074,-0.1512639444057517,0.09290866305580178
corn_oil,m5_rep6,m5_rep6,R-U-D,0.2,3,3,0.00035452842712402344,20,1.0,0.6720739887638795,0.6644507774240576,0.6720739887638795,1.0,0.1762986090826074,-0.1512639444057517,0.09290866305580178
corn_oil,m5_rep6,m5_rep6,G-U-A,0.05,3,3,3.933906555175781e-05,20,0.85,0.5366528716035319,0.5366528716035317,0.6662583861107321,1.0,0.1762986090826074,-0.1512639444057517,0.09290866305580178
corn_oil,m5_rep6,m5_rep6,G-U-A,0.1,3,3,3.3855438232421875e-05,20,0.7,0.46556645930714424,0.46556645930714424,0.6647000745925729,1.0,0.1762986090826074,-0.1512639444057517,0.09290866305580178
corn_oil,m5_rep6,m5_rep6,G-U-A,0.2,3,3,3.552436828613281e-05,20,0.65,0.3711957312879077,0.3711957312879077,0.6303002787742731,1.0,0.1762986090826074,-0.1512639444057517,0.09290866305580178
corn_oil,m5_rep6,m5_rep6,G-W-A,0.05,3,3,0.00011944770812988281,20,0.85,0.5366528716035319,0.5366528716035317,0.6662583861107321,1.0,0.1762986090826074,-0.1512639444057517,0.09290866305580178
corn_oil,m5_rep6,m5_rep6,G-W-A,0.1,3,3,0.00010633468627929688,20,0.7,0.46556645930714424,0.46556645930714424,0.6647000745925729,1.0,0.1762986090826074,-0.1512639444057517,0.09290866305580178
corn_oil,m5_rep6,m5_rep6,G-W-A,0.2,3,3,0.00011801719665527344,20,0.65,0.3711957312879077,0.3711957312879077,0.6303002787742731,1.0,0.1762986090826074,-0.1512639444057517,0.09290866305580178
corn_oil,m5_rep6,m5_rep6,G-U-D,0.05,3,3,0.0032663345336914062,20,1.0,0.7352269628813944,0.7296795474464055,0.7352269628813944,1.0,0.1762986090826074,-0.1512639444057517,0.09290866305580178
corn_oil,m5_rep6,m5_rep6,G-U-D,0.1,3,3,0.0003743171691894531,20,1.0,0.6651549900303433,0.6601362798297634,0.6651549900303433,1.0,0.1762986090826074,-0.1512639444057517,0.09290866305580178
corn_oil,m5_rep6,m5_rep6,G-U-D,0.2,3,3,0.00037288665771484375,20,0.8,0.543448251070964,0.5393478394044853,0.5976675576258224,1.0,0.1762986090826074,-0.1512639444057517,0.09290866305580178
corn_oil,m5_rep6,m5_rep6,GC-D,0.05,3,3,0.0004477500915527344,20,1.0,0.7352269628813944,0.7296795474464055,0.7352269628813944,1.0,0.1762986090826074,-0.1512639444057517,0.09290866305580178
corn_oil,m5_rep6,m5_rep6,GC-D,0.1,3,3,0.0004298686981201172,20,1.0,0.6651549900303433,0.6601362798297634,0.6651549900303433,1.0,0.1762986090826074,-0.1512639444057517,0.09290866305580178
corn_oil,m5_rep6,m5_rep6,GC-D,0.2,3,3,0.0003857612609863281,20,0.8,0.543448251070964,0.5393478394044853,0.5976675576258224,1.0,0.1762986090826074,-0.1512639444057517,0.09290866305580178
corn_oil,m5_rep6,m5_rep6,GC-D+,0.05,3,3,0.0004048347473144531,20,1.0,inf,inf,inf,0.0,0.1762986090826074,-0.1512639444057517,0.09290866305580178
corn_oil,m5_rep6,m5_rep6,GC-D+,0.1,3,3,0.00037026405334472656,20,1.0,inf,inf,inf,0.0,0.1762986090826074,-0.1512639444057517,0.09290866305580178
corn_oil,m5_rep6,m5_rep6,GC-D+,0.2,3,3,0.00039768218994140625,20,1.0,inf,inf,inf,0.0,0.1762986090826074,-0.1512639444057517,0.09290866305580178
corn_oil,m5_rep6,m5_rep6,HJ+,0.05,3,3,0.00558161735534668,20,1.0,inf,inf,inf,0.0,0.1762986090826074,-0.1512639444057517,0.09290866305580178
corn_oil,m5_rep6,m5_rep6,HJ+,0.1,3,3,0.00040221214294433594,20,1.0,inf,inf,inf,0.0,0.1762986090826074,-0.1512639444057517,0.09290866305580178
corn_oil,m5_rep6,m5_rep6,HJ+,0.2,3,3,0.0017735958099365234,20,1.0,inf,inf,inf,0.0,0.1762986090826074,-0.1512639444057517,0.09290866305580178
corn_oil,m5_rep6,m5_rep6,HJ+-D,0.05,3,3,0.0035963058471679688,20,1.0,inf,inf,inf,0.0,0.1762986090826074,-0.1512639444057517,0.09290866305580178
corn_oil,m5_rep6,m5_rep6,HJ+-D,0.1,3,3,0.004015207290649414,20,1.0,inf,inf,inf,0.0,0.1762986090826074,-0.1512639444057517,0.09290866305580178
corn_oil,m5_rep6,m5_rep6,HJ+-D,0.2,3,3,0.0037627220153808594,20,1.0,inf,inf,inf,0.0,0.1762986090826074,-0.1512639444057517,0.09290866305580178
corn_oil,m5_rep6,m5_rep6,HCP-D,0.05,3,3,0.0004730224609375,20,1.0,inf,inf,inf,0.0,0.1762986090826074,-0.1512639444057517,0.09290866305580178
corn_oil,m5_rep6,m5_rep6,HCP-D,0.1,3,3,0.0003724098205566406,20,1.0,inf,inf,inf,0.0,0.1762986090826074,-0.1512639444057517,0.09290866305580178
corn_oil,m5_rep6,m5_rep6,HCP-D,0.2,3,3,0.0002963542938232422,20,1.0,inf,inf,inf,0.0,0.1762986090826074,-0.1512639444057517,0.09290866305580178
corn_oil,m5_rep6,m5_rep6,HCP-A,0.05,3,3,0.0002753734588623047,20,1.0,inf,inf,inf,0.0,0.1762986090826074,-0.1512639444057517,0.09290866305580178
corn_oil,m5_rep6,m5_rep6,HCP-A,0.1,3,3,0.0002827644348144531,20,1.0,inf,inf,inf,0.0,0.1762986090826074,-0.1512639444057517,0.09290866305580178
corn_oil,m5_rep6,m5_rep6,HCP-A,0.2,3,3,0.0002751350402832031,20,1.0,inf,inf,inf,0.0,0.1762986090826074,-0.1512639444057517,0.09290866305580178
corn_oil,m5_rep6,m5_rep6,ORACLE,0.05,3,3,0.0002048015594482422,20,1.0,inf,inf,inf,0.0,0.1762986090826074,-0.1512639444057517,0.09290866305580178
corn_oil,m5_rep6,m5_rep6,ORACLE,0.1,3,3,0.00017976760864257812,20,0.95,0.5846273981214342,0.5846273981214343,0.5960716542495534,1.0,0.1762986090826074,-0.1512639444057517,0.09290866305580178
corn_oil,m5_rep6,m5_rep6,ORACLE,0.2,3,3,0.0001480579376220703,20,0.8,0.5235772514716835,0.5235772514716834,0.5839403879135201,1.0,0.1762986090826074,-0.1512639444057517,0.09290866305580178
corn_oil,m5_rep7,m5_rep7,ASTM-R,0.05,3,2,0.016913652420043945,20,1.0,0.5175977949895415,0.5173308694023948,0.5175977949895415,1.0,0.09382750973083477,0.05970075500806209,0.07426426096438697
corn_oil,m5_rep7,m5_rep7,ASTM-R,0.1,3,2,0.00013327598571777344,20,0.95,0.43332004909074306,0.4330965856029816,0.4417659783462352,1.0,0.09382750973083477,0.05970075500806209,0.07426426096438697
corn_oil,m5_rep7,m5_rep7,ASTM-R,0.2,3,2,0.00013518333435058594,20,0.95,0.3368405969803674,0.33666688802141476,0.36517618529220375,1.0,0.09382750973083477,0.05970075500806209,0.07426426096438697
corn_oil,m5_rep7,m5_rep7,ASTM-G,0.05,3,2,0.0001914501190185547,20,1.0,0.5723234639196729,0.572028316262315,0.5723234639196729,1.0,0.09382750973083477,0.05970075500806209,0.07426426096438697
corn_oil,m5_rep7,m5_rep7,ASTM-G,0.1,3,2,0.00013399124145507812,20,1.0,0.4791350231437283,0.4788879328380635,0.4791350231437283,1.0,0.09382750973083477,0.05970075500806209,0.07426426096438697
corn_oil,m5_rep7,m5_rep7,ASTM-G,0.2,3,2,0.0001087188720703125,20,0.95,0.3724547884839225,0.37226271325859495,0.39188950123361416,1.0,0.09382750973083477,0.05970075500806209,0.07426426096438697
corn_oil,m5_rep7,m5_rep7,GPR,0.05,3,2,0.05165719985961914,20,1.0,0.4706391549286878,0.4703429540897477,0.4706391549286878,1.0,0.09382750973083477,0.05970075500806209,0.07426426096438697
corn_oil,m5_rep7,m5_rep7,GPR,0.1,3,2,0.00010061264038085938,20,0.95,0.3949728296418132,0.3947242500617394,0.42744174602457896,1.0,0.09382750973083477,0.05970075500806209,0.07426426096438697
corn_oil,m5_rep7,m5_rep7,GPR,0.2,3,2,8.392333984375e-05,20,0.9,0.3077344025517842,0.3075407272333326,0.3537394196410545,1.0,0.09382750973083477,0.05970075500806209,0.07426426096438697
corn_oil,m5_rep7,m5_rep7,BAG,0.05,3,2,0.02436375617980957,20,1.0,0.715724081622945,0.6999452116294664,0.715724081622945,1.0,0.09382750973083477,0.05970075500806209,0.07426426096438697
corn_oil,m5_rep7,m5_rep7,BAG,0.1,3,2,9.298324584960938e-05,20,1.0,0.6006545838801631,0.58741253874939,0.6006545838801631,1.0,0.09382750973083477,0.05970075500806209,0.07426426096438697
corn_oil,m5_rep7,m5_rep7,BAG,0.2,3,2,7.939338684082031e-05,20,1.0,0.4679868224808761,0.4576695739486727,0.4679868224808761,1.0,0.09382750973083477,0.05970075500806209,0.07426426096438697
corn_oil,m5_rep7,m5_rep7,QGB,0.05,3,2,0.03240036964416504,20,0.9,0.3282774361637312,0.3054518113674174,0.5450708868104662,1.0,0.09382750973083477,0.05970075500806209,0.07426426096438697
corn_oil,m5_rep7,m5_rep7,QGB,0.1,3,2,0.026787281036376953,20,0.9,0.3057449576907237,0.2910129569867308,0.4029787495364279,1.0,0.09382750973083477,0.05970075500806209,0.07426426096438697
corn_oil,m5_rep7,m5_rep7,QGB,0.2,3,2,0.027029752731323242,20,0.85,0.2632845892695321,0.27048787875889513,0.3215407952005877,1.0,0.09382750973083477,0.05970075500806209,0.07426426096438697
corn_oil,m5_rep7,m5_rep7,SCP,0.05,3,2,2.956390380859375e-05,20,1.0,0.5540239018447064,0.5540239018447064,0.5540239018447064,1.0,0.09382750973083477,0.05970075500806209,0.07426426096438697
corn_oil,m5_rep7,m5_rep7,SCP,0.1,3,2,1.8835067749023438e-05,20,1.0,0.4598543053131321,0.4598543053131321,0.4598543053131321,1.0,0.09382750973083477,0.05970075500806209,0.07426426096438697
corn_oil,m5_rep7,m5_rep7,SCP,0.2,3,2,9.059906005859375e-06,20,0.95,0.3846511980208014,0.3846511980208014,0.38836261661555427,1.0,0.09382750973083477,0.05970075500806209,0.07426426096438697
corn_oil,m5_rep7,m5_rep7,NCP-kNN,0.05,3,2,0.005208730697631836,20,1.0,0.5373733030840784,0.5245209544679073,0.5373733030840784,1.0,0.09382750973083477,0.05970075500806209,0.07426426096438697
corn_oil,m5_rep7,m5_rep7,NCP-kNN,0.1,3,2,1.71661376953125e-05,20,1.0,0.441308809262069,0.43075403359407094,0.441308809262069,1.0,0.09382750973083477,0.05970075500806209,0.07426426096438697
corn_oil,m5_rep7,m5_rep7,NCP-kNN,0.2,3,2,1.71661376953125e-05,20,1.0,0.39232020036775717,0.38293708446796426,0.39232020036775717,1.0,0.09382750973083477,0.05970075500806209,0.07426426096438697
corn_oil,m5_rep7,m5_rep7,CV+,0.05,3,2,0.0051021575927734375,20,1.0,0.5396221665139614,0.5358223282329972,0.5396221665139614,1.0,0.09382750973083477,0.05970075500806209,0.07426426096438697
corn_oil,m5_rep7,m5_rep7,CV+,0.1,3,2,0.004687309265136719,20,1.0,0.4643446120941335,0.4667414691569527,0.4643446120941335,1.0,0.09382750973083477,0.05970075500806209,0.07426426096438697
corn_oil,m5_rep7,m5_rep7,CV+,0.2,3,2,0.0044672489166259766,20,0.95,0.367258009366619,0.3650809712587124,0.3804408647777958,1.0,0.09382750973083477,0.05970075500806209,0.07426426096438697
corn_oil,m5_rep7,m5_rep7,CQR,0.05,3,2,2.7179718017578125e-05,20,1.0,0.5498606676732626,0.5270350428769488,0.5498606676732626,1.0,0.09382750973083477,0.05970075500806209,0.07426426096438697
corn_oil,m5_rep7,m5_rep7,CQR,0.1,3,2,1.9073486328125e-05,20,1.0,0.5114867783693888,0.496754777665396,0.5114867783693888,1.0,0.09382750973083477,0.05970075500806209,0.07426426096438697
corn_oil,m5_rep7,m5_rep7,CQR,0.2,3,2,1.7881393432617188e-05,20,1.0,0.481986593868127,0.4891898833574899,0.481986593868127,1.0,0.09382750973083477,0.05970075500806209,0.07426426096438697
corn_oil,m5_rep7,m5_rep7,WCP,0.05,3,2,0.0035333633422851562,20,1.0,inf,inf,inf,0.0,0.09382750973083477,0.05970075500806209,0.07426426096438697
corn_oil,m5_rep7,m5_rep7,WCP,0.1,3,2,0.00012373924255371094,20,1.0,inf,inf,inf,0.0,0.09382750973083477,0.05970075500806209,0.07426426096438697
corn_oil,m5_rep7,m5_rep7,WCP,0.2,3,2,7.843971252441406e-05,20,1.0,inf,inf,inf,0.0,0.09382750973083477,0.05970075500806209,0.07426426096438697
corn_oil,m5_rep7,m5_rep7,R-U-A,0.05,3,2,5.1975250244140625e-05,20,1.0,0.4955860024200458,0.4955860024200458,0.4955860024200458,1.0,0.09382750973083477,0.05970075500806209,0.07426426096438697
corn_oil,m5_rep7,m5_rep7,R-U-A,0.1,3,2,4.076957702636719e-05,20,0.95,0.4249712967080983,0.4249712967080983,0.4375265737449512,1.0,0.09382750973083477,0.05970075500806209,0.07426426096438697
corn_oil,m5_rep7,m5_rep7,R-U-A,0.2,3,2,3.337860107421875e-05,20,0.95,0.3514621832955074,0.3514621832955074,0.37611710016708155,1.0,0.09382750973083477,0.05970075500806209,0.07426426096438697
corn_oil,m5_rep7,m5_rep7,R-U-D,0.05,3,2,0.0029714107513427734,20,1.0,0.608194864303344,0.6065193329185141,0.608194864303344,1.0,0.09382750973083477,0.05970075500806209,0.07426426096438697
corn_oil,m5_rep7,m5_rep7,R-U-D,0.1,3,2,0.0004029273986816406,20,1.0,0.5679531045771306,0.5663884362320264,0.5679531045771306,1.0,0.09382750973083477,0.05970075500806209,0.07426426096438697
corn_oil,m5_rep7,m5_rep7,R-U-D,0.2,3,2,0.0003962516784667969,20,1.0,0.4778106931486684,0.4764943604083469,0.4778106931486684,1.0,0.09382750973083477,0.05970075500806209,0.07426426096438697
corn_oil,m5_rep7,m5_rep7,G-U-A,0.05,3,2,4.029273986816406e-05,20,1.0,0.5276020948432123,0.5276020948432123,0.5276020948432123,1.0,0.09382750973083477,0.05970075500806209,0.07426426096438697
corn_oil,m5_rep7,m5_rep7,G-U-A,0.1,3,2,3.647804260253906e-05,20,1.0,0.47049219961520716,0.47049219961520716,0.47049219961520716,1.0,0.09382750973083477,0.05970075500806209,0.07426426096438697
corn_oil,m5_rep7,m5_rep7,G-U-A,0.2,3,2,3.266334533691406e-05,20,0.95,0.36956040025050463,0.36956040025050463,0.3896907628833295,1.0,0.09382750973083477,0.05970075500806209,0.07426426096438697
corn_oil,m5_rep7,m5_rep7,G-W-A,0.05,3,2,0.00014495849609375,20,1.0,0.5276020948432123,0.5276020948432123,0.5276020948432123,1.0,0.09382750973083477,0.05970075500806209,0.07426426096438697
corn_oil,m5_rep7,m5_rep7,G-W-A,0.1,3,2,0.00010704994201660156,20,1.0,0.47049219961520716,0.47049219961520716,0.47049219961520716,1.0,0.09382750973083477,0.05970075500806209,0.07426426096438697
corn_oil,m5_rep7,m5_rep7,G-W-A,0.2,3,2,7.367134094238281e-05,20,0.95,0.36956040025050463,0.36956040025050463,0.3896907628833295,1.0,0.09382750973083477,0.05970075500806209,0.07426426096438697
corn_oil,m5_rep7,m5_rep7,G-U-D,0.05,3,2,0.00304412841796875,20,0.95,0.3870326460597243,0.38153516774600016,0.46538463073951675,1.0,0.09382750973083477,0.05970075500806209,0.07426426096438697
corn_oil,m5_rep7,m5_rep7,G-U-D,0.1,3,2,0.00044918060302734375,20,0.9,0.340730707957399,0.3358909103411363,0.4060352350457935,1.0,0.09382750973083477,0.05970075500806209,0.07426426096438697
corn_oil,m5_rep7,m5_rep7,G-U-D,0.2,3,2,0.00036525726318359375,20,0.85,0.2816318797795486,0.27763153208975044,0.34394199609198284,1.0,0.09382750973083477,0.05970075500806209,0.07426426096438697
corn_oil,m5_rep7,m5_rep7,GC-D,0.05,3,2,0.00042366981506347656,20,0.95,0.3870326460597243,0.38153516774600016,0.46538463073951675,1.0,0.09382750973083477,0.05970075500806209,0.07426426096438697
corn_oil,m5_rep7,m5_rep7,GC-D,0.1,3,2,0.0004239082336425781,20,0.9,0.340730707957399,0.3358909103411363,0.4060352350457935,1.0,0.09382750973083477,0.05970075500806209,0.07426426096438697
corn_oil,m5_rep7,m5_rep7,GC-D,0.2,3,2,0.0004181861877441406,20,0.85,0.2816318797795486,0.27763153208975044,0.34394199609198284,1.0,0.09382750973083477,0.05970075500806209,0.07426426096438697
corn_oil,m5_rep7,m5_rep7,GC-D+,0.05,3,2,0.0003883838653564453,20,1.0,inf,inf,inf,0.0,0.09382750973083477,0.05970075500806209,0.07426426096438697
corn_oil,m5_rep7,m5_rep7,GC-D+,0.1,3,2,0.0004150867462158203,20,1.0,inf,inf,inf,0.0,0.09382750973083477,0.05970075500806209,0.07426426096438697
corn_oil,m5_rep7,m5_rep7,GC-D+,0.2,3,2,0.00039696693420410156,20,1.0,inf,inf,inf,0.0,0.09382750973083477,0.05970075500806209,0.07426426096438697
corn_oil,m5_rep7,m5_rep7,HJ+,0.05,3,2,0.001440286636352539,20,1.0,inf,inf,inf,0.0,0.09382750973083477,0.05970075500806209,0.07426426096438697
corn_oil,m5_rep7,m5_rep7,HJ+,0.1,3,2,0.0003669261932373047,20,1.0,inf,inf,inf,0.0,0.09382750973083477,0.05970075500806209,0.07426426096438697
corn_oil,m5_rep7,m5_rep7,HJ+,0.2,3,2,0.0003724098205566406,20,1.0,inf,inf,inf,0.0,0.09382750973083477,0.05970075500806209,0.07426426096438697
corn_oil,m5_rep7,m5_rep7,HJ+-D,0.05,3,2,0.0022003650665283203,20,1.0,inf,inf,inf,0.0,0.09382750973083477,0.05970075500806209,0.07426426096438697
corn_oil,m5_rep7,m5_rep7,HJ+-D,0.1,3,2,0.002137899398803711,20,1.0,inf,inf,inf,0.0,0.09382750973083477,0.05970075500806209,0.07426426096438697
corn_oil,m5_rep7,m5_rep7,HJ+-D,0.2,3,2,0.002142667770385742,20,1.0,inf,inf,inf,0.0,0.09382750973083477,0.05970075500806209,0.07426426096438697
corn_oil,m5_rep7,m5_rep7,HCP-D,0.05,3,2,0.0002741813659667969,20,1.0,inf,inf,inf,0.0,0.09382750973083477,0.05970075500806209,0.07426426096438697
corn_oil,m5_rep7,m5_rep7,HCP-D,0.1,3,2,0.00015354156494140625,20,1.0,inf,inf,inf,0.0,0.09382750973083477,0.05970075500806209,0.07426426096438697
corn_oil,m5_rep7,m5_rep7,HCP-D,0.2,3,2,0.0001723766326904297,20,1.0,inf,inf,inf,0.0,0.09382750973083477,0.05970075500806209,0.07426426096438697
corn_oil,m5_rep7,m5_rep7,HCP-A,0.05,3,2,0.00013828277587890625,20,1.0,inf,inf,inf,0.0,0.09382750973083477,0.05970075500806209,0.07426426096438697
corn_oil,m5_rep7,m5_rep7,HCP-A,0.1,3,2,0.00013828277587890625,20,1.0,inf,inf,inf,0.0,0.09382750973083477,0.05970075500806209,0.07426426096438697
corn_oil,m5_rep7,m5_rep7,HCP-A,0.2,3,2,0.00012803077697753906,20,1.0,inf,inf,inf,0.0,0.09382750973083477,0.05970075500806209,0.07426426096438697
corn_oil,m5_rep7,m5_rep7,ORACLE,0.05,3,2,0.00011014938354492188,20,1.0,inf,inf,inf,0.0,0.09382750973083477,0.05970075500806209,0.07426426096438697
corn_oil,m5_rep7,m5_rep7,ORACLE,0.1,3,2,9.465217590332031e-05,20,0.95,0.3928562121786374,0.3928562121786374,0.45008185078180407,1.0,0.09382750973083477,0.05970075500806209,0.07426426096438697
corn_oil,m5_rep7,m5_rep7,ORACLE,0.2,3,2,0.00010561943054199219,20,0.8,0.27027975223440537,0.27027975223440537,0.34671167564678296,1.0,0.09382750973083477,0.05970075500806209,0.07426426096438697
corn_oil,m5_rep8,m5_rep8,ASTM-R,0.05,3,2,0.014622688293457031,20,0.9,0.46124013556197,0.45951085532444447,0.5092315002930647,1.0,0.1295341356755121,0.025880893404552796,0.13021953795431757
corn_oil,m5_rep8,m5_rep8,ASTM-R,0.1,3,2,0.00010919570922851562,20,0.85,0.38613881303024533,0.384691102462948,0.5172730009482526,1.0,0.1295341356755121,0.025880893404552796,0.13021953795431757
corn_oil,m5_rep8,m5_rep8,ASTM-R,0.2,3,2,0.00010561943054199219,20,0.75,0.3001643440485268,0.29903896872198343,0.45925186711730853,1.0,0.1295341356755121,0.025880893404552796,0.13021953795431757
corn_oil,m5_rep8,m5_rep8,ASTM-G,0.05,3,2,0.00012302398681640625,20,1.0,0.5287641855971253,0.5267817443784089,0.5287641855971253,1.0,0.1295341356755121,0.025880893404552796,0.13021953795431757
corn_oil,m5_rep8,m5_rep8,ASTM-G,0.1,3,2,9.393692016601562e-05,20,0.85,0.4426682746301164,0.4410086239621087,0.4866751924436664,1.0,0.1295341356755121,0.025880893404552796,0.13021953795431757
corn_oil,m5_rep8,m5_rep8,ASTM-G,0.2,3,2,9.179115295410156e-05,20,0.8,0.34410742407040623,0.34281729747007095,0.4482493898414203,1.0,0.1295341356755121,0.025880893404552796,0.13021953795431757
corn_oil,m5_rep8,m5_rep8,GPR,0.05,3,2,0.03698396682739258,20,0.85,0.430491419207449,0.4222154375204177,0.6788851833632454,1.0,0.1295341356755121,0.025880893404552796,0.13021953795431757
corn_oil,m5_rep8,m5_rep8,GPR,0.1,3,2,0.00010561943054199219,20,0.8,0.3612797877105013,0.3543343649364745,0.6182377920530685,1.0,0.1295341356755121,0.025880893404552796,0.13021953795431757
corn_oil,m5_rep8,m5_rep8,GPR,0.2,3,2,8.273124694824219e-05,20,0.65,0.28148320917656566,0.2760718356150651,0.5234401239660353,1.0,0.1295341356755121,0.025880893404552796,0.13021953795431757
corn_oil,m5_rep8,m5_rep8,BAG,0.05,3,2,0.022176504135131836,20,1.0,0.5255802789455627,0.522528892937618,0.5255802789455627,1.0,0.1295341356755121,0.025880893404552796,0.13021953795431757
corn_oil,m5_rep8,m5_rep8,BAG,0.1,3,2,0.00012493133544921875,20,0.95,0.44108087439201016,0.43852007052929265,0.4710522767375405,1.0,0.1295341356755121,0.025880893404552796,0.13021953795431757
corn_oil,m5_rep8,m5_rep8,BAG,0.2,3,2,9.107589721679688e-05,20,0.75,0.3436584726122494,0.3416632785441913,0.44131020231205687,1.0,0.1295341356755121,0.025880893404552796,0.13021953795431757
corn_oil,m5_rep8,m5_rep8,QGB,0.05,3,2,0.03159809112548828,20,0.9,0.395632975174092,0.3870143842657796,0.5134100705445176,1.0,0.1295341356755121,0.025880893404552796,0.13021953795431757
corn_oil,m5_rep8,m5_rep8,QGB,0.1,3,2,0.027354955673217773,20,0.7,0.32325594492002435,0.31343695227597546,0.6483938179613344,1.0,0.1295341356755121,0.025880893404552796,0.13021953795431757
corn_oil,m5_rep8,m5_rep8,QGB,0.2,3,2,0.027827739715576172,20,0.7,0.27530232765192253,0.2752045209937004,0.5678817769796121,1.0,0.1295341356755121,0.025880893404552796,0.13021953795431757
corn_oil,m5_rep8,m5_rep8,SCP,0.05,3,2,2.8848648071289062e-05,20,1.0,0.48974114220887444,0.48974114220887444,0.48974114220887444,1.0,0.1295341356755121,0.025880893404552796,0.13021953795431757
corn_oil,m5_rep8,m5_rep8,SCP,0.1,3,2,1.0251998901367188e-05,20,0.8,0.3301383866219627,0.3301383866219627,0.5362241860238091,1.0,0.1295341356755121,0.025880893404552796,0.13021953795431757
corn_oil,m5_rep8,m5_rep8,SCP,0.2,3,2,9.059906005859375e-06,20,0.7,0.27692857227611345,0.27692857227611345,0.4476023275109123,1.0,0.1295341356755121,0.025880893404552796,0.13021953795431757
corn_oil,m5_rep8,m5_rep8,NCP-kNN,0.05,3,2,0.006553173065185547,20,1.0,0.5782322326635834,0.5495144370318581,0.5782322326635834,1.0,0.1295341356755121,0.025880893404552796,0.13021953795431757
corn_oil,m5_rep8,m5_rep8,NCP-kNN,0.1,3,2,1.7642974853515625e-05,20,0.8,0.3352773992065884,0.318625909914823,0.5492596158271956,1.0,0.1295341356755121,0.025880893404552796,0.13021953795431757
corn_oil,m5_rep8,m5_rep8,NCP-kNN,0.2,3,2,1.2636184692382812e-05,20,0.75,0.2957724571512815,0.2810829734142075,0.4446486944200698,1.0,0.1295341356755121,0.025880893404552796,0.13021953795431757
corn_oil,m5_rep8,m5_rep8,CV+,0.05,3,2,0.005333900451660156,20,0.95,0.4807840840922206,0.4796852320762437,0.5229894998275495,1.0,0.1295341356755121,0.025880893404552796,0.13021953795431757
corn_oil,m5_rep8,m5_rep8,CV+,0.1,3,2,0.005179405212402344,20,0.85,0.41417956379672755,0.4158428960888596,0.5233667844523937,1.0,0.1295341356755121,0.025880893404552796,0.13021953795431757
corn_oil,m5_rep8,m5_rep8,CV+,0.2,3,2,0.004856109619140625,20,0.75,0.31186612452089824,0.3109685066159811,0.4606213315643153,1.0,0.1295341356755121,0.025880893404552796,0.13021953795431757
corn_oil,m5_rep8,m5_rep8,CQR,0.05,3,2,2.574920654296875e-05,20,1.0,0.6541077659851384,0.6454891750768261,0.6541077659851384,1.0,0.1295341356755121,0.025880893404552796,0.13021953795431757
corn_oil,m5_rep8,m5_rep8,CQR,0.1,3,2,1.4781951904296875e-05,20,1.0,0.5546732690627758,0.5448542764187267,0.5546732690627758,1.0,0.1295341356755121,0.025880893404552796,0.13021953795431757
corn_oil,m5_rep8,m5_rep8,CQR,0.2,3,2,1.1444091796875e-05,20,0.7,0.3460591135057217,0.3459613068474996,0.5325033840527125,1.0,0.1295341356755121,0.025880893404552796,0.13021953795431757
corn_oil,m5_rep8,m5_rep8,WCP,0.05,3,2,0.003350496292114258,20,1.0,inf,inf,inf,0.0,0.1295341356755121,0.025880893404552796,0.13021953795431757
corn_oil,m5_rep8,m5_rep8,WCP,0.1,3,2,0.00012564659118652344,20,1.0,inf,inf,inf,0.0,0.1295341356755121,0.025880893404552796,0.13021953795431757
corn_oil,m5_rep8,m5_rep8,WCP,0.2,3,2,7.700920104980469e-05,20,1.0,inf,inf,inf,0.0,0.1295341356755121,0.025880893404552796,0.13021953795431757
corn_oil,m5_rep8,m5_rep8,R-U-A,0.05,3,2,5.7697296142578125e-05,20,0.9,0.4629369991574732,0.4629369991574732,0.5468878250079268,1.0,0.1295341356755121,0.025880893404552796,0.13021953795431757
corn_oil,m5_rep8,m5_rep8,R-U-A,0.1,3,2,3.361701965332031e-05,20,0.85,0.37598116087478406,0.37598116087478406,0.5382885055310425,1.0,0.1295341356755121,0.025880893404552796,0.13021953795431757
corn_oil,m5_rep8,m5_rep8,R-U-A,0.2,3,2,3.314018249511719e-05,20,0.65,0.27990636638369537,0.27990636638369537,0.47572660501616876,1.0,0.1295341356755121,0.025880893404552796,0.13021953795431757
corn_oil,m5_rep8,m5_rep8,R-U-D,0.05,3,2,0.0031316280364990234,20,1.0,0.599896845686175,0.6005838804926769,0.599896845686175,1.0,0.1295341356755121,0.025880893404552796,0.13021953795431757
corn_oil,m5_rep8,m5_rep8,R-U-D,0.1,3,2,0.0004191398620605469,20,1.0,0.5024260849078096,0.5030014908471943,0.5024260849078096,1.0,0.1295341356755121,0.025880893404552796,0.13021953795431757
corn_oil,m5_rep8,m5_rep8,R-U-D,0.2,3,2,0.0003635883331298828,20,0.8,0.35909407750873207,0.3595053317632444,0.45684150554840225,1.0,0.1295341356755121,0.025880893404552796,0.13021953795431757
corn_oil,m5_rep8,m5_rep8,G-U-A,0.05,3,2,4.100799560546875e-05,20,0.95,0.5148405560545057,0.514840556054506,0.5456279159306987,1.0,0.1295341356755121,0.025880893404552796,0.13021953795431757
corn_oil,m5_rep8,m5_rep8,G-U-A,0.1,3,2,4.3392181396484375e-05,20,0.85,0.4408021054132938,0.4408021054132938,0.5058780332617876,1.0,0.1295341356755121,0.025880893404552796,0.13021953795431757
corn_oil,m5_rep8,m5_rep8,G-U-A,0.2,3,2,3.790855407714844e-05,20,0.75,0.3227412930731637,0.3227412930731637,0.4591574902309105,1.0,0.1295341356755121,0.025880893404552796,0.13021953795431757
corn_oil,m5_rep8,m5_rep8,G-W-A,0.05,3,2,0.0001010894775390625,20,0.95,0.5148405560545057,0.514840556054506,0.5456279159306987,1.0,0.1295341356755121,0.025880893404552796,0.13021953795431757
corn_oil,m5_rep8,m5_rep8,G-W-A,0.1,3,2,0.0001163482666015625,20,0.85,0.4408021054132938,0.4408021054132938,0.5058780332617876,1.0,0.1295341356755121,0.025880893404552796,0.13021953795431757
corn_oil,m5_rep8,m5_rep8,G-W-A,0.2,3,2,0.0001595020294189453,20,0.75,0.3227412930731637,0.3227412930731637,0.4591574902309105,1.0,0.1295341356755121,0.025880893404552796,0.13021953795431757
corn_oil,m5_rep8,m5_rep8,G-U-D,0.05,3,2,0.0032105445861816406,20,0.85,0.352717605822957,0.3450373134748608,0.5413628163101377,1.0,0.1295341356755121,0.025880893404552796,0.13021953795431757
corn_oil,m5_rep8,m5_rep8,G-U-D,0.1,3,2,0.0004146099090576172,20,0.7,0.30010148659565944,0.29356689032628625,0.5333976648448834,1.0,0.1295341356755121,0.025880893404552796,0.13021953795431757
corn_oil,m5_rep8,m5_rep8,G-U-D,0.2,3,2,0.0003910064697265625,20,0.55,0.22258676604914132,0.21774002347703147,0.49243050406666355,1.0,0.1295341356755121,0.025880893404552796,0.13021953795431757
corn_oil,m5_rep8,m5_rep8,GC-D,0.05,3,2,0.0004088878631591797,20,0.85,0.352717605822957,0.3450373134748608,0.5413628163101377,1.0,0.1295341356755121,0.025880893404552796,0.13021953795431757
corn_oil,m5_rep8,m5_rep8,GC-D,0.1,3,2,0.00044536590576171875,20,0.7,0.30010148659565944,0.29356689032628625,0.5333976648448834,1.0,0.1295341356755121,0.025880893404552796,0.13021953795431757
corn_oil,m5_rep8,m5_rep8,GC-D,0.2,3,2,0.0003859996795654297,20,0.55,0.22258676604914132,0.21774002347703147,0.49243050406666355,1.0,0.1295341356755121,0.025880893404552796,0.13021953795431757
corn_oil,m5_rep8,m5_rep8,GC-D+,0.05,3,2,0.0003838539123535156,20,1.0,inf,inf,inf,0.0,0.1295341356755121,0.025880893404552796,0.13021953795431757
corn_oil,m5_rep8,m5_rep8,GC-D+,0.1,3,2,0.0004100799560546875,20,1.0,inf,inf,inf,0.0,0.1295341356755121,0.025880893404552796,0.13021953795431757
corn_oil,m5_rep8,m5_rep8,GC-D+,0.2,3,2,0.00040650367736816406,20,1.0,inf,inf,inf,0.0,0.1295341356755121,0.025880893404552796,0.13021953795431757
corn_oil,m5_rep8,m5_rep8,HJ+,0.05,3,2,0.001592397689819336,20,1.0,inf,inf,inf,0.0,0.1295341356755121,0.025880893404552796,0.13021953795431757
corn_oil,m5_rep8,m5_rep8,HJ+,0.1,3,2,0.00040149688720703125,20,1.0,inf,inf,inf,0.0,0.1295341356755121,0.025880893404552796,0.13021953795431757
corn_oil,m5_rep8,m5_rep8,HJ+,0.2,3,2,0.0003802776336669922,20,1.0,inf,inf,inf,0.0,0.1295341356755121,0.025880893404552796,0.13021953795431757
corn_oil,m5_rep8,m5_rep8,HJ+-D,0.05,3,2,0.0022127628326416016,20,1.0,inf,inf,inf,0.0,0.1295341356755121,0.025880893404552796,0.13021953795431757
corn_oil,m5_rep8,m5_rep8,HJ+-D,0.1,3,2,0.00209808349609375,20,1.0,inf,inf,inf,0.0,0.1295341356755121,0.025880893404552796,0.13021953795431757
corn_oil,m5_rep8,m5_rep8,HJ+-D,0.2,3,2,0.002077817916870117,20,1.0,inf,inf,inf,0.0,0.1295341356755121,0.025880893404552796,0.13021953795431757
corn_oil,m5_rep8,m5_rep8,HCP-D,0.05,3,2,0.0002570152282714844,20,1.0,inf,inf,inf,0.0,0.1295341356755121,0.025880893404552796,0.13021953795431757
corn_oil,m5_rep8,m5_rep8,HCP-D,0.1,3,2,0.00015687942504882812,20,1.0,inf,inf,inf,0.0,0.1295341356755121,0.025880893404552796,0.13021953795431757
corn_oil,m5_rep8,m5_rep8,HCP-D,0.2,3,2,0.00014138221740722656,20,1.0,inf,inf,inf,0.0,0.1295341356755121,0.025880893404552796,0.13021953795431757
corn_oil,m5_rep8,m5_rep8,HCP-A,0.05,3,2,0.00015974044799804688,20,1.0,inf,inf,inf,0.0,0.1295341356755121,0.025880893404552796,0.13021953795431757
corn_oil,m5_rep8,m5_rep8,HCP-A,0.1,3,2,0.00016427040100097656,20,1.0,inf,inf,inf,0.0,0.1295341356755121,0.025880893404552796,0.13021953795431757
corn_oil,m5_rep8,m5_rep8,HCP-A,0.2,3,2,0.00017523765563964844,20,1.0,inf,inf,inf,0.0,0.1295341356755121,0.025880893404552796,0.13021953795431757
corn_oil,m5_rep8,m5_rep8,ORACLE,0.05,3,2,0.00011324882507324219,20,1.0,inf,inf,inf,0.0,0.1295341356755121,0.025880893404552796,0.13021953795431757
corn_oil,m5_rep8,m5_rep8,ORACLE,0.1,3,2,0.00010967254638671875,20,0.9,0.49418063185108385,0.49418063185108396,0.5563596961623148,1.0,0.1295341356755121,0.025880893404552796,0.13021953795431757
corn_oil,m5_rep8,m5_rep8,ORACLE,0.2,3,2,8.916854858398438e-05,20,0.9,0.41589414987675477,0.41589414987675477,0.48455466015870047,1.0,0.1295341356755121,0.025880893404552796,0.13021953795431757
corn_oil,m5_rep9,m5_rep9,ASTM-R,0.05,3,2,0.013267278671264648,20,1.0,0.4968595437789805,0.49609386498663843,0.4968595437789805,1.0,0.09407455890890115,-0.00517884915459359,0.09637209770543316
corn_oil,m5_rep9,m5_rep9,ASTM-R,0.1,3,2,0.00011920928955078125,20,1.0,0.41595849902309234,0.41531749170989096,0.41595849902309234,1.0,0.09407455890890115,-0.00517884915459359,0.09637209770543316
corn_oil,m5_rep9,m5_rep9,ASTM-R,0.2,3,2,9.775161743164062e-05,20,0.85,0.3233446258117977,0.322846339876262,0.34106711735651574,1.0,0.09407455890890115,-0.00517884915459359,0.09637209770543316
corn_oil,m5_rep9,m5_rep9,ASTM-G,0.05,3,2,0.0001277923583984375,20,1.0,0.5249571548858116,0.5241481766435356,0.5249571548858116,1.0,0.09407455890890115,-0.00517884915459359,0.09637209770543316
corn_oil,m5_rep9,m5_rep9,ASTM-G,0.1,3,2,0.00011539459228515625,20,1.0,0.43948112284800783,0.4388038663081817,0.43948112284800783,1.0,0.09407455890890115,-0.00517884915459359,0.09637209770543316
corn_oil,m5_rep9,m5_rep9,ASTM-G,0.2,3,2,9.894371032714844e-05,20,0.9,0.3416298970988175,0.3411034328891356,0.3493009210380985,1.0,0.09407455890890115,-0.00517884915459359,0.09637209770543316
corn_oil,m5_rep9,m5_rep9,GPR,0.05,3,2,0.03965902328491211,20,1.0,0.44119428700858504,0.43979512620204675,0.44119428700858504,1.0,0.09407455890890115,-0.00517884915459359,0.09637209770543316
corn_oil,m5_rep9,m5_rep9,GPR,0.1,3,2,0.00010442733764648438,20,1.0,0.3702619175151018,0.3690877047512573,0.3702619175151018,1.0,0.09407455890890115,-0.00517884915459359,0.09637209770543316
corn_oil,m5_rep9,m5_rep9,GPR,0.2,3,2,0.00012445449829101562,20,0.75,0.2884814382739137,0.2875665761967472,0.336316612261382,1.0,0.09407455890890115,-0.00517884915459359,0.09637209770543316
corn_oil,m5_rep9,m5_rep9,BAG,0.05,3,2,0.022466421127319336,20,1.0,0.5393870886851417,0.5393872324157365,0.5393870886851417,1.0,0.09407455890890115,-0.00517884915459359,0.09637209770543316
corn_oil,m5_rep9,m5_rep9,BAG,0.1,3,2,9.393692016601562e-05,20,1.0,0.45266791438657644,0.4526680350090939,0.45266791438657644,1.0,0.09407455890890115,-0.00517884915459359,0.09637209770543316
corn_oil,m5_rep9,m5_rep9,BAG,0.2,3,2,9.274482727050781e-05,20,0.9,0.35268626025350364,0.3526863542338883,0.3745009404337715,1.0,0.09407455890890115,-0.00517884915459359,0.09637209770543316
corn_oil,m5_rep9,m5_rep9,QGB,0.05,3,2,0.030237674713134766,20,0.85,0.39739382863253353,0.3867260870353655,0.4558276814696384,1.0,0.09407455890890115,-0.00517884915459359,0.09637209770543316
corn_oil,m5_rep9,m5_rep9,QGB,0.1,3,2,0.03843402862548828,20,0.8,0.3673995793157398,0.3564094249064844,0.45601812249740875,1.0,0.09407455890890115,-0.00517884915459359,0.09637209770543316
corn_oil,m5_rep9,m5_rep9,QGB,0.2,3,2,0.038243770599365234,20,0.75,0.31394887813404143,0.3242422108371412,0.4101899804668946,1.0,0.09407455890890115,-0.00517884915459359,0.09637209770543316
corn_oil,m5_rep9,m5_rep9,SCP,0.05,3,2,3.528594970703125e-05,20,1.0,0.5265443798948362,0.5265443798948359,0.5265443798948362,1.0,0.09407455890890115,-0.00517884915459359,0.09637209770543316
corn_oil,m5_rep9,m5_rep9,SCP,0.1,3,2,1.430511474609375e-05,20,1.0,0.468386425076889,0.468386425076889,0.468386425076889,1.0,0.09407455890890115,-0.00517884915459359,0.09637209770543316
corn_oil,m5_rep9,m5_rep9,SCP,0.2,3,2,1.2874603271484375e-05,20,1.0,0.4204261836525376,0.4204261836525376,0.4204261836525376,1.0,0.09407455890890115,-0.00517884915459359,0.09637209770543316
corn_oil,m5_rep9,m5_rep9,NCP-kNN,0.05,3,2,0.00671076774597168,20,1.0,0.665179683170915,0.6586198785957786,0.665179683170915,1.0,0.09407455890890115,-0.00517884915459359,0.09637209770543316
corn_oil,m5_rep9,m5_rep9,NCP-kNN,0.1,3,2,2.2172927856445312e-05,20,1.0,0.4899848122774932,0.48515272751206107,0.4899848122774932,1.0,0.09407455890890115,-0.00517884915459359,0.09637209770543316
corn_oil,m5_rep9,m5_rep9,NCP-kNN,0.2,3,2,1.9073486328125e-05,20,1.0,0.35936226964101986,0.3558183456154316,0.35936226964101986,1.0,0.09407455890890115,-0.00517884915459359,0.09637209770543316
corn_oil,m5_rep9,m5_rep9,CV+,0.05,3,2,0.008066892623901367,20,1.0,0.5428314613447178,0.5387586634132806,0.5428314613447178,1.0,0.09407455890890115,-0.00517884915459359,0.09637209770543316
corn_oil,m5_rep9,m5_rep9,CV+,0.1,3,2,0.007218599319458008,20,1.0,0.45555057066198595,0.45223131039428455,0.45555057066198595,1.0,0.09407455890890115,-0.00517884915459359,0.09637209770543316
corn_oil,m5_rep9,m5_rep9,CV+,0.2,3,2,0.007309436798095703,20,1.0,0.3674390515138345,0.3667392161331493,0.3674390515138345,1.0,0.09407455890890115,-0.00517884915459359,0.09637209770543316
corn_oil,m5_rep9,m5_rep9,CQR,0.05,3,2,3.504753112792969e-05,20,1.0,0.5161692129318702,0.5055014713347021,0.5161692129318702,1.0,0.09407455890890115,-0.00517884915459359,0.09637209770543316
corn_oil,m5_rep9,m5_rep9,CQR,0.1,3,2,1.7642974853515625e-05,20,0.95,0.47533009657921604,0.46433994216996055,0.4900027224944587,1.0,0.09407455890890115,-0.00517884915459359,0.09637209770543316
corn_oil,m5_rep9,m5_rep9,CQR,0.2,3,2,1.9073486328125e-05,20,0.75,0.3252832036015084,0.33557653630460815,0.40735639910002786,1.0,0.09407455890890115,-0.00517884915459359,0.09637209770543316
corn_oil,m5_rep9,m5_rep9,WCP,0.05,3,2,0.004728794097900391,20,1.0,inf,inf,inf,0.0,0.09407455890890115,-0.00517884915459359,0.09637209770543316
corn_oil,m5_rep9,m5_rep9,WCP,0.1,3,2,0.00016045570373535156,20,1.0,inf,inf,inf,0.0,0.09407455890890115,-0.00517884915459359,0.09637209770543316
corn_oil,m5_rep9,m5_rep9,WCP,0.2,3,2,0.00010824203491210938,20,1.0,inf,inf,inf,0.0,0.09407455890890115,-0.00517884915459359,0.09637209770543316
corn_oil,m5_rep9,m5_rep9,R-U-A,0.05,3,2,7.891654968261719e-05,20,1.0,0.4732485302226131,0.47324853022261326,0.4732485302226131,1.0,0.09407455890890115,-0.00517884915459359,0.09637209770543316
corn_oil,m5_rep9,m5_rep9,R-U-A,0.1,3,2,5.817413330078125e-05,20,1.0,0.39408228897290787,0.39408228897290787,0.39408228897290787,1.0,0.09407455890890115,-0.00517884915459359,0.09637209770543316
corn_oil,m5_rep9,m5_rep9,R-U-A,0.2,3,2,5.269050598144531e-05,20,0.9,0.3369389947286283,0.3369389947286283,0.34743611830762866,1.0,0.09407455890890115,-0.00517884915459359,0.09637209770543316
corn_oil,m5_rep9,m5_rep9,R-U-D,0.05,3,2,0.00386810302734375,20,1.0,0.6719697230956957,0.6516297213229425,0.6719697230956957,1.0,0.09407455890890115,-0.00517884915459359,0.09637209770543316
corn_oil,m5_rep9,m5_rep9,R-U-D,0.1,3,2,0.0005528926849365234,20,1.0,0.6019734988364351,0.5837522284240184,0.6019734988364351,1.0,0.09407455890890115,-0.00517884915459359,0.09637209770543316
corn_oil,m5_rep9,m5_rep9,R-U-D,0.2,3,2,0.0005183219909667969,20,1.0,0.5265200246938267,0.5105826723584781,0.5265200246938267,1.0,0.09407455890890115,-0.00517884915459359,0.09637209770543316
corn_oil,m5_rep9,m5_rep9,G-U-A,0.05,3,2,5.7697296142578125e-05,20,1.0,0.49813508847780064,0.49813508847780064,0.49813508847780064,1.0,0.09407455890890115,-0.00517884915459359,0.09637209770543316
corn_oil,m5_rep9,m5_rep9,G-U-A,0.1,3,2,5.5789947509765625e-05,20,1.0,0.42194085830126404,0.42194085830126404,0.42194085830126404,1.0,0.09407455890890115,-0.00517884915459359,0.09637209770543316
corn_oil,m5_rep9,m5_rep9,G-U-A,0.2,3,2,5.173683166503906e-05,20,0.9,0.3468046017290254,0.3468046017290254,0.3523689218078272,1.0,0.09407455890890115,-0.00517884915459359,0.09637209770543316
corn_oil,m5_rep9,m5_rep9,G-W-A,0.05,3,2,0.0001423358917236328,20,1.0,0.49813508847780064,0.49813508847780064,0.49813508847780064,1.0,0.09407455890890115,-0.00517884915459359,0.09637209770543316
corn_oil,m5_rep9,m5_rep9,G-W-A,0.1,3,2,0.00010752677917480469,20,1.0,0.42194085830126404,0.42194085830126404,0.42194085830126404,1.0,0.09407455890890115,-0.00517884915459359,0.09637209770543316
corn_oil,m5_rep9,m5_rep9,G-W-A,0.2,3,2,0.00011491775512695312,20,0.9,0.3468046017290254,0.3468046017290254,0.3523689218078272,1.0,0.09407455890890115,-0.00517884915459359,0.09637209770543316
corn_oil,m5_rep9,m5_rep9,G-U-D,0.05,3,2,0.0043179988861083984,20,1.0,0.44750487676829787,0.43999353589818924,0.44750487676829787,1.0,0.09407455890890115,-0.00517884915459359,0.09637209770543316
corn_oil,m5_rep9,m5_rep9,G-U-D,0.1,3,2,0.0005612373352050781,20,1.0,0.3861077604246838,0.37962696624409764,0.3861077604246838,1.0,0.09407455890890115,-0.00517884915459359,0.09637209770543316
corn_oil,m5_rep9,m5_rep9,G-U-D,0.2,3,2,0.0005288124084472656,20,0.85,0.3120718031194616,0.30683369776939795,0.3322773641700465,1.0,0.09407455890890115,-0.00517884915459359,0.09637209770543316
corn_oil,m5_rep9,m5_rep9,GC-D,0.05,3,2,0.0005612373352050781,20,1.0,0.44750487676829787,0.43999353589818924,0.44750487676829787,1.0,0.09407455890890115,-0.00517884915459359,0.09637209770543316
corn_oil,m5_rep9,m5_rep9,GC-D,0.1,3,2,0.0005574226379394531,20,1.0,0.3861077604246838,0.37962696624409764,0.3861077604246838,1.0,0.09407455890890115,-0.00517884915459359,0.09637209770543316
corn_oil,m5_rep9,m5_rep9,GC-D,0.2,3,2,0.0006146430969238281,20,0.85,0.3120718031194616,0.30683369776939795,0.3322773641700465,1.0,0.09407455890890115,-0.00517884915459359,0.09637209770543316
corn_oil,m5_rep9,m5_rep9,GC-D+,0.05,3,2,0.0006735324859619141,20,1.0,inf,inf,inf,0.0,0.09407455890890115,-0.00517884915459359,0.09637209770543316
corn_oil,m5_rep9,m5_rep9,GC-D+,0.1,3,2,0.0009062290191650391,20,1.0,inf,inf,inf,0.0,0.09407455890890115,-0.00517884915459359,0.09637209770543316
corn_oil,m5_rep9,m5_rep9,GC-D+,0.2,3,2,0.0005962848663330078,20,1.0,inf,inf,inf,0.0,0.09407455890890115,-0.00517884915459359,0.09637209770543316
corn_oil,m5_rep9,m5_rep9,HJ+,0.05,3,2,0.0021805763244628906,20,1.0,inf,inf,inf,0.0,0.09407455890890115,-0.00517884915459359,0.09637209770543316
corn_oil,m5_rep9,m5_rep9,HJ+,0.1,3,2,0.0014476776123046875,20,1.0,inf,inf,inf,0.0,0.09407455890890115,-0.00517884915459359,0.09637209770543316
corn_oil,m5_rep9,m5_rep9,HJ+,0.2,3,2,0.0006330013275146484,20,1.0,inf,inf,inf,0.0,0.09407455890890115,-0.00517884915459359,0.09637209770543316
corn_oil,m5_rep9,m5_rep9,HJ+-D,0.05,3,2,0.0031478404998779297,20,1.0,inf,inf,inf,0.0,0.09407455890890115,-0.00517884915459359,0.09637209770543316
corn_oil,m5_rep9,m5_rep9,HJ+-D,0.1,3,2,0.003098726272583008,20,1.0,inf,inf,inf,0.0,0.09407455890890115,-0.00517884915459359,0.09637209770543316
corn_oil,m5_rep9,m5_rep9,HJ+-D,0.2,3,2,0.0031235218048095703,20,1.0,inf,inf,inf,0.0,0.09407455890890115,-0.00517884915459359,0.09637209770543316
corn_oil,m5_rep9,m5_rep9,HCP-D,0.05,3,2,0.0003371238708496094,20,1.0,inf,inf,inf,0.0,0.09407455890890115,-0.00517884915459359,0.09637209770543316
corn_oil,m5_rep9,m5_rep9,HCP-D,0.1,3,2,0.00020956993103027344,20,1.0,inf,inf,inf,0.0,0.09407455890890115,-0.00517884915459359,0.09637209770543316
corn_oil,m5_rep9,m5_rep9,HCP-D,0.2,3,2,0.00022125244140625,20,1.0,inf,inf,inf,0.0,0.09407455890890115,-0.00517884915459359,0.09637209770543316
corn_oil,m5_rep9,m5_rep9,HCP-A,0.05,3,2,0.00020813941955566406,20,1.0,inf,inf,inf,0.0,0.09407455890890115,-0.00517884915459359,0.09637209770543316
corn_oil,m5_rep9,m5_rep9,HCP-A,0.1,3,2,0.0002486705780029297,20,1.0,inf,inf,inf,0.0,0.09407455890890115,-0.00517884915459359,0.09637209770543316
corn_oil,m5_rep9,m5_rep9,HCP-A,0.2,3,2,0.00022077560424804688,20,1.0,inf,inf,inf,0.0,0.09407455890890115,-0.00517884915459359,0.09637209770543316
corn_oil,m5_rep9,m5_rep9,ORACLE,0.05,3,2,0.00015497207641601562,20,1.0,inf,inf,inf,0.0,0.09407455890890115,-0.00517884915459359,0.09637209770543316
corn_oil,m5_rep9,m5_rep9,ORACLE,0.1,3,2,0.00018644332885742188,20,0.9,0.3430983363712974,0.3430983363712974,0.3751184162972736,1.0,0.09407455890890115,-0.00517884915459359,0.09637209770543316
corn_oil,m5_rep9,m5_rep9,ORACLE,0.2,3,2,0.0001647472381591797,20,0.9,0.32854924617665615,0.32854924617665615,0.3567581074389725,1.0,0.09407455890890115,-0.00517884915459359,0.09637209770543316
corn_oil,mp5_rep0,mp5_rep0,ASTM-R,0.05,3,1,0.01760101318359375,20,0.85,0.5954783978325227,0.59358003447577,1.5572117077494803,1.0,0.23455204359793305,0.10178066884775269,0.21680783779984275
corn_oil,mp5_rep0,mp5_rep0,ASTM-R,0.1,3,1,0.00019288063049316406,20,0.8,0.49853018301109275,0.496940887017975,1.1585184571361526,1.0,0.23455204359793305,0.10178066884775269,0.21680783779984275
corn_oil,mp5_rep0,mp5_rep0,ASTM-R,0.2,3,1,0.0001468658447265625,20,0.65,0.387539142834325,0.3863036822185548,0.8592225390701259,1.0,0.23455204359793305,0.10178066884775269,0.21680783779984275
corn_oil,mp5_rep0,mp5_rep0,ASTM-G,0.05,3,1,0.00016164779663085938,20,0.85,0.6037897700725615,0.6018649103650389,1.5404433590003859,1.0,0.23455204359793305,0.10178066884775269,0.21680783779984275
corn_oil,mp5_rep0,mp5_rep0,ASTM-G,0.1,3,1,0.0001690387725830078,20,0.8,0.5054884033915155,0.5038769248462742,1.1514993889633758,1.0,0.23455204359793305,0.10178066884775269,0.21680783779984275
corn_oil,mp5_rep0,mp5_rep0,ASTM-G,0.2,3,1,0.000156402587890625,20,0.65,0.3929482090328734,0.39169550451186197,0.8551482672427084,1.0,0.23455204359793305,0.10178066884775269,0.21680783779984275
corn_oil,mp5_rep0,mp5_rep0,GPR,0.05,3,1,0.05913949012756348,20,0.8,0.5545292589790685,0.5461151156123845,1.1228424426848735,1.0,0.23455204359793305,0.10178066884775269,0.21680783779984275
corn_oil,mp5_rep0,mp5_rep0,GPR,0.1,3,1,0.0002841949462890625,20,0.7,0.4653756242855048,0.45831425257482605,0.9605874000032312,1.0,0.23455204359793305,0.10178066884775269,0.21680783779984275
corn_oil,mp5_rep0,mp5_rep0,GPR,0.2,3,1,0.00021409988403320312,20,0.55,0.36258719322930966,0.35708548060124734,0.7950740525493946,1.0,0.23455204359793305,0.10178066884775269,0.21680783779984275
corn_oil,mp5_rep0,mp5_rep0,BAG,0.05,3,1,0.019744157791137695,20,0.8,0.5959690473698398,0.5929321215571162,1.6629716593326418,1.0,0.23455204359793305,0.10178066884775269,0.21680783779984275
corn_oil,mp5_rep0,mp5_rep0,BAG,0.1,3,1,9.369850158691406e-05,20,0.8,0.5001529909985252,0.49760432251418374,1.227252430605985,1.0,0.23455204359793305,0.10178066884775269,0.21680783779984275
corn_oil,mp5_rep0,mp5_rep0,BAG,0.2,3,1,8.320808410644531e-05,20,0.65,0.3896832144352773,0.38769747538066257,0.910653750976721,1.0,0.23455204359793305,0.10178066884775269,0.21680783779984275
corn_oil,mp5_rep0,mp5_rep0,QGB,0.05,3,1,0.030966758728027344,20,0.7,0.42338813212355697,0.41378923340234497,1.134668160393899,1.0,0.23455204359793305,0.10178066884775269,0.21680783779984275
corn_oil,mp5_rep0,mp5_rep0,QGB,0.1,3,1,0.026210784912109375,20,0.7,0.4126217242337929,0.3945870653845034,0.7486168287485289,1.0,0.23455204359793305,0.10178066884775269,0.21680783779984275
corn_oil,mp5_rep0,mp5_rep0,QGB,0.2,3,1,0.026465892791748047,20,0.5,0.32148526597282656,0.3168387993807211,0.7212143306119507,1.0,0.23455204359793305,0.10178066884775269,0.21680783779984275
corn_oil,mp5_rep0,mp5_rep0,SCP,0.05,3,1,2.7179718017578125e-05,20,0.9,0.7104342874453486,0.7104342874453486,1.5029237355564673,1.0,0.23455204359793305,0.10178066884775269,0.21680783779984275
corn_oil,mp5_rep0,mp5_rep0,SCP,0.1,3,1,1.0728836059570312e-05,20,0.8,0.5328425974831894,0.5328425974831896,1.2214454939136916,1.0,0.23455204359793305,0.10178066884775269,0.21680783779984275
corn_oil,mp5_rep0,mp5_rep0,SCP,0.2,3,1,1.0013580322265625e-05,20,0.7,0.39259309154913513,0.39259309154913513,0.9228808651939486,1.0,0.23455204359793305,0.10178066884775269,0.21680783779984275
corn_oil,mp5_rep0,mp5_rep0,NCP-kNN,0.05,3,1,0.0049970149993896484,20,0.9,0.8567130581101552,0.9041487077764714,1.4468127320744024,1.0,0.23455204359793305,0.10178066884775269,0.21680783779984275
corn_oil,mp5_rep0,mp5_rep0,NCP-kNN,0.1,3,1,1.8358230590820312e-05,20,0.7,0.4764177647411595,0.5027967092070265,1.4433132227498686,1.0,0.23455204359793305,0.10178066884775269,0.21680783779984275
corn_oil,mp5_rep0,mp5_rep0,NCP-kNN,0.2,3,1,1.239776611328125e-05,20,0.65,0.42644960936513543,0.45006184928453763,0.9793318360172721,1.0,0.23455204359793305,0.10178066884775269,0.21680783779984275
corn_oil,mp5_rep0,mp5_rep0,CV+,0.05,3,1,0.005321979522705078,20,0.85,0.6198126918856623,0.6181613422080581,1.5934784611036623,1.0,0.23455204359793305,0.10178066884775269,0.21680783779984275
corn_oil,mp5_rep0,mp5_rep0,CV+,0.1,3,1,0.0051114559173583984,20,0.8,0.5087771427591454,0.507843007858356,1.1445099392011362,1.0,0.23455204359793305,0.10178066884775269,0.21680783779984275
corn_oil,mp5_rep0,mp5_rep0,CV+,0.2,3,1,0.004393100738525391,20,0.65,0.38984720289753183,0.3890127225295352,0.8419038231453657,1.0,0.23455204359793305,0.10178066884775269,0.21680783779984275
corn_oil,mp5_rep0,mp5_rep0,CQR,0.05,3,1,2.6464462280273438e-05,20,1.0,0.7422117895915694,0.7326128908703575,0.7422117895915694,1.0,0.23455204359793305,0.10178066884775269,0.21680783779984275
corn_oil,mp5_rep0,mp5_rep0,CQR,0.1,3,1,1.3113021850585938e-05,20,0.9,0.5321488188815826,0.5141141600322932,0.669967045584598,1.0,0.23455204359793305,0.10178066884775269,0.21680783779984275
corn_oil,mp5_rep0,mp5_rep0,CQR,0.2,3,1,1.1920928955078125e-05,20,0.75,0.44537235364099875,0.44072588704889326,0.6154129558649475,1.0,0.23455204359793305,0.10178066884775269,0.21680783779984275
corn_oil,mp5_rep0,mp5_rep0,WCP,0.05,3,1,0.0025818347930908203,20,0.95,inf,0.7104342874453486,inf,0.75,0.23455204359793305,0.10178066884775269,0.21680783779984275
corn_oil,mp5_rep0,mp5_rep0,WCP,0.1,3,1,0.00011682510375976562,20,0.95,inf,0.631674323870886,inf,0.95,0.23455204359793305,0.10178066884775269,0.21680783779984275
corn_oil,mp5_rep0,mp5_rep0,WCP,0.2,3,1,7.748603820800781e-05,20,0.65,0.40267182813491986,0.39259309154913513,0.8429011915462168,1.0,0.23455204359793305,0.10178066884775269,0.21680783779984275
corn_oil,mp5_rep0,mp5_rep0,R-U-A,0.05,3,1,5.173683166503906e-05,20,0.85,0.601936498506328,0.601936498506328,1.5547275017845852,1.0,0.23455204359793305,0.10178066884775269,0.21680783779984275
corn_oil,mp5_rep0,mp5_rep0,R-U-A,0.1,3,1,3.3855438232421875e-05,20,0.8,0.5052702955229842,0.5052702955229842,1.1561378588965554,1.0,0.23455204359793305,0.10178066884775269,0.21680783779984275
corn_oil,mp5_rep0,mp5_rep0,R-U-A,0.2,3,1,3.361701965332031e-05,20,0.65,0.372869407401331,0.372869407401331,0.8714766561770144,1.0,0.23455204359793305,0.10178066884775269,0.21680783779984275
corn_oil,mp5_rep0,mp5_rep0,R-U-D,0.05,3,1,0.003280162811279297,20,0.95,0.6683647258405507,0.5893275978480532,0.8523880033227786,1.0,0.23455204359793305,0.10178066884775269,0.21680783779984275
corn_oil,mp5_rep0,mp5_rep0,R-U-D,0.1,3,1,0.0003631114959716797,20,0.9,0.5927711431598344,0.522673295531412,0.7268354637271022,1.0,0.23455204359793305,0.10178066884775269,0.21680783779984275
corn_oil,mp5_rep0,mp5_rep0,R-U-D,0.2,3,1,0.00040340423583984375,20,0.55,0.3683776745837565,0.32481536153822743,0.7654801567847958,1.0,0.23455204359793305,0.10178066884775269,0.21680783779984275
corn_oil,mp5_rep0,mp5_rep0,G-U-A,0.05,3,1,4.1961669921875e-05,20,0.85,0.6009223190923842,0.6009223190923842,1.5567558606124727,1.0,0.23455204359793305,0.10178066884775269,0.21680783779984275
corn_oil,mp5_rep0,mp5_rep0,G-U-A,0.1,3,1,3.600120544433594e-05,20,0.8,0.49638297667056364,0.49638297667056364,1.165025177748976,1.0,0.23455204359793305,0.10178066884775269,0.21680783779984275
corn_oil,mp5_rep0,mp5_rep0,G-U-A,0.2,3,1,3.4332275390625e-05,20,0.6,0.366543573279845,0.366543573279845,0.8764510023921043,1.0,0.23455204359793305,0.10178066884775269,0.21680783779984275
corn_oil,mp5_rep0,mp5_rep0,G-W-A,0.05,3,1,9.679794311523438e-05,20,0.85,0.6009223190923842,0.6009223190923842,1.5567558606124727,1.0,0.23455204359793305,0.10178066884775269,0.21680783779984275
corn_oil,mp5_rep0,mp5_rep0,G-W-A,0.1,3,1,0.00010967254638671875,20,0.8,0.49638297667056364,0.49638297667056364,1.165025177748976,1.0,0.23455204359793305,0.10178066884775269,0.21680783779984275
corn_oil,mp5_rep0,mp5_rep0,G-W-A,0.2,3,1,7.891654968261719e-05,20,0.6,0.366543573279845,0.366543573279845,0.8764510023921043,1.0,0.23455204359793305,0.10178066884775269,0.21680783779984275
corn_oil,mp5_rep0,mp5_rep0,G-U-D,0.05,3,1,0.003511667251586914,20,0.65,0.3834042119723426,0.33049758137703567,1.5867879928451576,1.0,0.23455204359793305,0.10178066884775269,0.21680783779984275
corn_oil,mp5_rep0,mp5_rep0,G-U-D,0.1,3,1,0.00039649009704589844,20,0.3,0.29959943978013687,0.258257179074477,1.362948502728736,1.0,0.23455204359793305,0.10178066884775269,0.21680783779984275
corn_oil,mp5_rep0,mp5_rep0,G-U-D,0.2,3,1,0.0004038810729980469,20,0.2,0.2147717313407398,0.18513499732077365,1.0872183917266027,1.0,0.23455204359793305,0.10178066884775269,0.21680783779984275
corn_oil,mp5_rep0,mp5_rep0,GC-D,0.05,3,1,0.0004088878631591797,20,0.65,0.3834042119723426,0.33049758137703567,1.5867879928451576,1.0,0.23455204359793305,0.10178066884775269,0.21680783779984275
corn_oil,mp5_rep0,mp5_rep0,GC-D,0.1,3,1,0.0006842613220214844,20,0.3,0.29959943978013687,0.258257179074477,1.362948502728736,1.0,0.23455204359793305,0.10178066884775269,0.21680783779984275
corn_oil,mp5_rep0,mp5_rep0,GC-D,0.2,3,1,0.0006959438323974609,20,0.2,0.2147717313407398,0.18513499732077365,1.0872183917266027,1.0,0.23455204359793305,0.10178066884775269,0.21680783779984275
corn_oil,mp5_rep0,mp5_rep0,GC-D+,0.05,3,1,0.0005099773406982422,20,1.0,inf,inf,inf,0.0,0.23455204359793305,0.10178066884775269,0.21680783779984275
corn_oil,mp5_rep0,mp5_rep0,GC-D+,0.1,3,1,0.00041604042053222656,20,1.0,inf,inf,inf,0.0,0.23455204359793305,0.10178066884775269,0.21680783779984275
corn_oil,mp5_rep0,mp5_rep0,GC-D+,0.2,3,1,0.00044226646423339844,20,1.0,inf,inf,inf,0.0,0.23455204359793305,0.10178066884775269,0.21680783779984275
corn_oil,mp5_rep0,mp5_rep0,HJ+,0.05,3,1,0.0016345977783203125,20,1.0,inf,inf,inf,0.0,0.23455204359793305,0.10178066884775269,0.21680783779984275
corn_oil,mp5_rep0,mp5_rep0,HJ+,0.1,3,1,0.000385284423828125,20,1.0,inf,inf,inf,0.0,0.23455204359793305,0.10178066884775269,0.21680783779984275
corn_oil,mp5_rep0,mp5_rep0,HJ+,0.2,3,1,0.00037598609924316406,20,1.0,inf,inf,inf,0.0,0.23455204359793305,0.10178066884775269,0.21680783779984275
corn_oil,mp5_rep0,mp5_rep0,HJ+-D,0.05,3,1,0.0021953582763671875,20,1.0,inf,inf,inf,0.0,0.23455204359793305,0.10178066884775269,0.21680783779984275
corn_oil,mp5_rep0,mp5_rep0,HJ+-D,0.1,3,1,0.002067089080810547,20,1.0,inf,inf,inf,0.0,0.23455204359793305,0.10178066884775269,0.21680783779984275
corn_oil,mp5_rep0,mp5_rep0,HJ+-D,0.2,3,1,0.0020699501037597656,20,1.0,inf,inf,inf,0.0,0.23455204359793305,0.10178066884775269,0.21680783779984275
corn_oil,mp5_rep0,mp5_rep0,HCP-D,0.05,3,1,0.0002675056457519531,20,1.0,inf,inf,inf,0.0,0.23455204359793305,0.10178066884775269,0.21680783779984275
corn_oil,mp5_rep0,mp5_rep0,HCP-D,0.1,3,1,0.00016450881958007812,20,1.0,inf,inf,inf,0.0,0.23455204359793305,0.10178066884775269,0.21680783779984275
corn_oil,mp5_rep0,mp5_rep0,HCP-D,0.2,3,1,0.00015306472778320312,20,1.0,inf,inf,inf,0.0,0.23455204359793305,0.10178066884775269,0.21680783779984275
corn_oil,mp5_rep0,mp5_rep0,HCP-A,0.05,3,1,0.00016570091247558594,20,1.0,inf,inf,inf,0.0,0.23455204359793305,0.10178066884775269,0.21680783779984275
corn_oil,mp5_rep0,mp5_rep0,HCP-A,0.1,3,1,0.00013375282287597656,20,1.0,inf,inf,inf,0.0,0.23455204359793305,0.10178066884775269,0.21680783779984275
corn_oil,mp5_rep0,mp5_rep0,HCP-A,0.2,3,1,0.00014829635620117188,20,1.0,inf,inf,inf,0.0,0.23455204359793305,0.10178066884775269,0.21680783779984275
corn_oil,mp5_rep0,mp5_rep0,ORACLE,0.05,3,1,0.000152587890625,20,1.0,inf,inf,inf,0.0,0.23455204359793305,0.10178066884775269,0.21680783779984275
corn_oil,mp5_rep0,mp5_rep0,ORACLE,0.1,3,1,0.00011587142944335938,20,0.85,0.9282506354745392,0.928250635474539,1.4612271698104027,1.0,0.23455204359793305,0.10178066884775269,0.21680783779984275
corn_oil,mp5_rep0,mp5_rep0,ORACLE,0.2,3,1,9.274482727050781e-05,20,0.85,0.629958904504587,0.629958904504587,0.9860325982384914,1.0,0.23455204359793305,0.10178066884775269,0.21680783779984275
corn_oil,mp5_rep1,mp5_rep1,ASTM-R,0.05,3,1,0.015357255935668945,20,0.9,0.6238333322622218,0.6228991688165664,1.1947535498397048,1.0,0.19808435646480205,0.0458841682999771,0.19770274170953603
corn_oil,mp5_rep1,mp5_rep1,ASTM-R,0.1,3,1,0.00012087821960449219,20,0.9,0.5222687278549666,0.5214866530135955,0.9101461243922323,1.0,0.19808435646480205,0.0458841682999771,0.19770274170953603
corn_oil,mp5_rep1,mp5_rep1,ASTM-R,0.2,3,1,9.989738464355469e-05,20,0.8,0.40599261994450486,0.40538466354791014,0.6838785788901196,1.0,0.19808435646480205,0.0458841682999771,0.19770274170953603
corn_oil,mp5_rep1,mp5_rep1,ASTM-G,0.05,3,1,0.000148773193359375,20,0.9,0.6315719867119453,0.6306262349658072,1.1868849559928532,1.0,0.19808435646480205,0.0458841682999771,0.19770274170953603
corn_oil,mp5_rep1,mp5_rep1,ASTM-G,0.1,3,1,0.00011324882507324219,20,0.9,0.5287474730674255,0.5279556965851864,0.9100917322331996,1.0,0.19808435646480205,0.0458841682999771,0.19770274170953603
corn_oil,mp5_rep1,mp5_rep1,ASTM-G,0.2,3,1,0.00011277198791503906,20,0.8,0.4110289596724499,0.41041346157484204,0.6838602091953296,1.0,0.19808435646480205,0.0458841682999771,0.19770274170953603
corn_oil,mp5_rep1,mp5_rep1,GPR,0.05,3,1,0.03424835205078125,20,0.9,0.599161994821149,0.5974173525861248,1.0738979387998904,1.0,0.19808435646480205,0.0458841682999771,0.19770274170953603
corn_oil,mp5_rep1,mp5_rep1,GPR,0.1,3,1,0.00010609626770019531,20,0.9,0.5028325969695417,0.5013684470511515,0.8380175883492889,1.0,0.19808435646480205,0.0458841682999771,0.19770274170953603
corn_oil,mp5_rep1,mp5_rep1,GPR,0.2,3,1,0.00010204315185546875,20,0.65,0.3917709705559016,0.3906302103147712,0.6857371625458519,1.0,0.19808435646480205,0.0458841682999771,0.19770274170953603
corn_oil,mp5_rep1,mp5_rep1,BAG,0.05,3,1,0.020673036575317383,20,0.9,0.6259625295440164,0.6249705080103607,1.2209866993349903,1.0,0.19808435646480205,0.0458841682999771,0.19770274170953603
corn_oil,mp5_rep1,mp5_rep1,BAG,0.1,3,1,9.322166442871094e-05,20,0.9,0.525324314720923,0.5244917840058085,0.9248169481528012,1.0,0.19808435646480205,0.0458841682999771,0.19770274170953603
corn_oil,mp5_rep1,mp5_rep1,BAG,0.2,3,1,0.00012612342834472656,20,0.75,0.40929489829255505,0.4086462502768069,0.7000293728659389,1.0,0.19808435646480205,0.0458841682999771,0.19770274170953603
corn_oil,mp5_rep1,mp5_rep1,QGB,0.05,3,1,0.030596494674682617,20,0.7,0.4643530289903081,0.47685106902163565,0.7419996559270123,1.0,0.19808435646480205,0.0458841682999771,0.19770274170953603
corn_oil,mp5_rep1,mp5_rep1,QGB,0.1,3,1,0.02826237678527832,20,0.65,0.4169626819353794,0.4377717201163931,0.8540756703106014,1.0,0.19808435646480205,0.0458841682999771,0.19770274170953603
corn_oil,mp5_rep1,mp5_rep1,QGB,0.2,3,1,0.026850223541259766,20,0.55,0.3212951544669608,0.34959749953382624,0.708193341057571,1.0,0.19808435646480205,0.0458841682999771,0.19770274170953603
corn_oil,mp5_rep1,mp5_rep1,SCP,0.05,3,1,3.0279159545898438e-05,20,0.9,0.5603640578554809,0.5603640578554812,1.3711997053419969,1.0,0.19808435646480205,0.0458841682999771,0.19770274170953603
corn_oil,mp5_rep1,mp5_rep1,SCP,0.1,3,1,1.0728836059570312e-05,20,0.85,0.48797461196836345,0.48797461196836345,0.9825747220387949,1.0,0.19808435646480205,0.0458841682999771,0.19770274170953603
corn_oil,mp5_rep1,mp5_rep1,SCP,0.2,3,1,1.3113021850585938e-05,20,0.65,0.33789462570015694,0.33789462570015694,0.7350581850602995,1.0,0.19808435646480205,0.0458841682999771,0.19770274170953603
corn_oil,mp5_rep1,mp5_rep1,NCP-kNN,0.05,3,1,0.004971504211425781,20,0.9,0.8052569028916887,0.8191639386339142,1.1599584369352203,1.0,0.19808435646480205,0.0458841682999771,0.19770274170953603
corn_oil,mp5_rep1,mp5_rep1,NCP-kNN,0.1,3,1,2.7179718017578125e-05,20,0.85,0.42538988745705686,0.43273650236715877,1.0245102957315093,1.0,0.19808435646480205,0.0458841682999771,0.19770274170953603
corn_oil,mp5_rep1,mp5_rep1,NCP-kNN,0.2,3,1,1.239776611328125e-05,20,0.6,0.32818110079019697,0.333848889892312,0.7348511964558322,1.0,0.19808435646480205,0.0458841682999771,0.19770274170953603
corn_oil,mp5_rep1,mp5_rep1,CV+,0.05,3,1,0.005421876907348633,20,0.9,0.5801972729438774,0.5761229661641238,1.2905677356327923,1.0,0.19808435646480205,0.0458841682999771,0.19770274170953603
corn_oil,mp5_rep1,mp5_rep1,CV+,0.1,3,1,0.004477024078369141,20,0.9,0.5301073778183835,0.5327087616839605,0.9355897375411957,1.0,0.19808435646480205,0.0458841682999771,0.19770274170953603
corn_oil,mp5_rep1,mp5_rep1,CV+,0.2,3,1,0.006335735321044922,20,0.8,0.4272427632125792,0.4262361281970508,0.679211323883661,1.0,0.19808435646480205,0.0458841682999771,0.19770274170953603
corn_oil,mp5_rep1,mp5_rep1,CQR,0.05,3,1,2.86102294921875e-05,20,0.8,0.49746369020342324,0.5099617302347508,0.5991324168556258,1.0,0.19808435646480205,0.0458841682999771,0.19770274170953603
corn_oil,mp5_rep1,mp5_rep1,CQR,0.1,3,1,1.33514404296875e-05,20,0.75,0.4691232097893166,0.4899322479703303,0.7525216509974373,1.0,0.19808435646480205,0.0458841682999771,0.19770274170953603
corn_oil,mp5_rep1,mp5_rep1,CQR,0.2,3,1,1.0967254638671875e-05,20,0.55,0.314061950383295,0.34236429545016045,0.7172348461621533,1.0,0.19808435646480205,0.0458841682999771,0.19770274170953603
corn_oil,mp5_rep1,mp5_rep1,WCP,0.05,3,1,0.002892732620239258,20,0.95,inf,0.5603640578554812,inf,0.55,0.19808435646480205,0.0458841682999771,0.19770274170953603
corn_oil,mp5_rep1,mp5_rep1,WCP,0.1,3,1,0.00010824203491210938,20,0.95,inf,0.5493468479339167,inf,0.95,0.19808435646480205,0.0458841682999771,0.19770274170953603
corn_oil,mp5_rep1,mp5_rep1,WCP,0.2,3,1,9.012222290039062e-05,20,0.75,0.38083318556058865,0.3751941631180742,0.6968388321605317,1.0,0.19808435646480205,0.0458841682999771,0.19770274170953603
corn_oil,mp5_rep1,mp5_rep1,R-U-A,0.05,3,1,5.245208740234375e-05,20,0.9,0.5579656180044281,0.5579656180044283,1.2710960213862739,1.0,0.19808435646480205,0.0458841682999771,0.19770274170953603
corn_oil,mp5_rep1,mp5_rep1,R-U-A,0.1,3,1,3.528594970703125e-05,20,0.9,0.5174816020927366,0.5174816020927366,0.9145308196953511,1.0,0.19808435646480205,0.0458841682999771,0.19770274170953603
corn_oil,mp5_rep1,mp5_rep1,R-U-A,0.2,3,1,3.24249267578125e-05,20,0.8,0.42348525067940823,0.42348525067940823,0.6853594084048484,1.0,0.19808435646480205,0.0458841682999771,0.19770274170953603
corn_oil,mp5_rep1,mp5_rep1,R-U-D,0.05,3,1,0.003395557403564453,20,0.9,0.5828770120777568,0.5445343397139171,0.7636382191909868,1.0,0.19808435646480205,0.0458841682999771,0.19770274170953603
corn_oil,mp5_rep1,mp5_rep1,R-U-D,0.1,3,1,0.0003948211669921875,20,0.9,0.5185493614077166,0.48443827475144285,0.6998850826047207,1.0,0.19808435646480205,0.0458841682999771,0.19770274170953603
corn_oil,mp5_rep1,mp5_rep1,R-U-D,0.2,3,1,0.0003879070281982422,20,0.85,0.4519184092593944,0.42219042352248426,0.5940492941751072,1.0,0.19808435646480205,0.0458841682999771,0.19770274170953603
corn_oil,mp5_rep1,mp5_rep1,G-U-A,0.05,3,1,4.100799560546875e-05,20,0.9,0.5705472854899647,0.5705472854899645,1.2585143539007382,1.0,0.19808435646480205,0.0458841682999771,0.19770274170953603
corn_oil,mp5_rep1,mp5_rep1,G-U-A,0.1,3,1,5.245208740234375e-05,20,0.9,0.49242078271800693,0.49242078271800693,0.9145308196953511,1.0,0.19808435646480205,0.0458841682999771,0.19770274170953603
corn_oil,mp5_rep1,mp5_rep1,G-U-A,0.2,3,1,3.600120544433594e-05,20,0.8,0.4077486563271444,0.4077486563271444,0.6853594084048484,1.0,0.19808435646480205,0.0458841682999771,0.19770274170953603
corn_oil,mp5_rep1,mp5_rep1,G-W-A,0.05,3,1,0.00010752677917480469,20,0.9,0.5705472854899647,0.5705472854899645,1.2585143539007382,1.0,0.19808435646480205,0.0458841682999771,0.19770274170953603
corn_oil,mp5_rep1,mp5_rep1,G-W-A,0.1,3,1,0.0001347064971923828,20,0.9,0.49242078271800693,0.49242078271800693,0.9145308196953511,1.0,0.19808435646480205,0.0458841682999771,0.19770274170953603
corn_oil,mp5_rep1,mp5_rep1,G-W-A,0.2,3,1,8.320808410644531e-05,20,0.8,0.4077486563271444,0.4077486563271444,0.6853594084048484,1.0,0.19808435646480205,0.0458841682999771,0.19770274170953603
corn_oil,mp5_rep1,mp5_rep1,G-U-D,0.05,3,1,0.003899812698364258,20,0.75,0.37127901578672634,0.3446323460496772,1.1935750931279216,1.0,0.19808435646480205,0.0458841682999771,0.19770274170953603
corn_oil,mp5_rep1,mp5_rep1,G-U-D,0.1,3,1,0.0005629062652587891,20,0.75,0.35624101417380166,0.3306736207907788,0.8127945865823843,1.0,0.19808435646480205,0.0458841682999771,0.19770274170953603
corn_oil,mp5_rep1,mp5_rep1,G-U-D,0.2,3,1,0.00042057037353515625,20,0.5,0.26393107331638765,0.24498875811684906,0.7078494406348858,1.0,0.19808435646480205,0.0458841682999771,0.19770274170953603
corn_oil,mp5_rep1,mp5_rep1,GC-D,0.05,3,1,0.0005800724029541016,20,0.75,0.37127901578672634,0.3446323460496772,1.1935750931279216,1.0,0.19808435646480205,0.0458841682999771,0.19770274170953603
corn_oil,mp5_rep1,mp5_rep1,GC-D,0.1,3,1,0.0008780956268310547,20,0.75,0.35624101417380166,0.3306736207907788,0.8127945865823843,1.0,0.19808435646480205,0.0458841682999771,0.19770274170953603
corn_oil,mp5_rep1,mp5_rep1,GC-D,0.2,3,1,0.0006010532379150391,20,0.5,0.26393107331638765,0.24498875811684906,0.7078494406348858,1.0,0.19808435646480205,0.0458841682999771,0.19770274170953603
corn_oil,mp5_rep1,mp5_rep1,GC-D+,0.05,3,1,0.0006589889526367188,20,1.0,inf,inf,inf,0.0,0.19808435646480205,0.0458841682999771,0.19770274170953603
corn_oil,mp5_rep1,mp5_rep1,GC-D+,0.1,3,1,0.00045299530029296875,20,1.0,inf,inf,inf,0.0,0.19808435646480205,0.0458841682999771,0.19770274170953603
corn_oil,mp5_rep1,mp5_rep1,GC-D+,0.2,3,1,0.00044345855712890625,20,1.0,inf,inf,inf,0.0,0.19808435646480205,0.0458841682999771,0.19770274170953603
corn_oil,mp5_rep1,mp5_rep1,HJ+,0.05,3,1,0.0017774105072021484,20,1.0,inf,inf,inf,0.0,0.19808435646480205,0.0458841682999771,0.19770274170953603
corn_oil,mp5_rep1,mp5_rep1,HJ+,0.1,3,1,0.0007159709930419922,20,1.0,inf,inf,inf,0.0,0.19808435646480205,0.0458841682999771,0.19770274170953603
corn_oil,mp5_rep1,mp5_rep1,HJ+,0.2,3,1,0.0005590915679931641,20,1.0,inf,inf,inf,0.0,0.19808435646480205,0.0458841682999771,0.19770274170953603
corn_oil,mp5_rep1,mp5_rep1,HJ+-D,0.05,3,1,0.0032303333282470703,20,1.0,inf,inf,inf,0.0,0.19808435646480205,0.0458841682999771,0.19770274170953603
corn_oil,mp5_rep1,mp5_rep1,HJ+-D,0.1,3,1,0.0022666454315185547,20,1.0,inf,inf,inf,0.0,0.19808435646480205,0.0458841682999771,0.19770274170953603
corn_oil,mp5_rep1,mp5_rep1,HJ+-D,0.2,3,1,0.0022046566009521484,20,1.0,inf,inf,inf,0.0,0.19808435646480205,0.0458841682999771,0.19770274170953603
corn_oil,mp5_rep1,mp5_rep1,HCP-D,0.05,3,1,0.0002701282501220703,20,1.0,inf,inf,inf,0.0,0.19808435646480205,0.0458841682999771,0.19770274170953603
corn_oil,mp5_rep1,mp5_rep1,HCP-D,0.1,3,1,0.00016307830810546875,20,1.0,inf,inf,inf,0.0,0.19808435646480205,0.0458841682999771,0.19770274170953603
corn_oil,mp5_rep1,mp5_rep1,HCP-D,0.2,3,1,0.00017523765563964844,20,1.0,inf,inf,inf,0.0,0.19808435646480205,0.0458841682999771,0.19770274170953603
corn_oil,mp5_rep1,mp5_rep1,HCP-A,0.05,3,1,0.0001506805419921875,20,1.0,inf,inf,inf,0.0,0.19808435646480205,0.0458841682999771,0.19770274170953603
corn_oil,mp5_rep1,mp5_rep1,HCP-A,0.1,3,1,0.00017333030700683594,20,1.0,inf,inf,inf,0.0,0.19808435646480205,0.0458841682999771,0.19770274170953603
corn_oil,mp5_rep1,mp5_rep1,HCP-A,0.2,3,1,0.00013828277587890625,20,1.0,inf,inf,inf,0.0,0.19808435646480205,0.0458841682999771,0.19770274170953603
corn_oil,mp5_rep1,mp5_rep1,ORACLE,0.05,3,1,0.00015974044799804688,20,1.0,inf,inf,inf,0.0,0.19808435646480205,0.0458841682999771,0.19770274170953603
corn_oil,mp5_rep1,mp5_rep1,ORACLE,0.1,3,1,0.00010776519775390625,20,0.95,0.9145308196953511,0.914530819695351,1.1328826685297297,1.0,0.19808435646480205,0.0458841682999771,0.19770274170953603
corn_oil,mp5_rep1,mp5_rep1,ORACLE,0.2,3,1,9.322166442871094e-05,20,0.85,0.45618799711434566,0.45618799711434566,0.6968265111266809,1.0,0.19808435646480205,0.0458841682999771,0.19770274170953603
corn_oil,mp5_rep2,mp5_rep2,ASTM-R,0.05,3,1,0.014811038970947266,20,1.0,0.6541410803961538,0.6538548320464663,0.6541410803961538,1.0,0.1491734756995577,0.06039574046735743,0.13994389998434198
corn_oil,mp5_rep2,mp5_rep2,ASTM-R,0.1,3,1,0.0001590251922607422,20,0.95,0.5476421541267834,0.5474025090906651,0.5777609892631641,1.0,0.1491734756995577,0.06039574046735743,0.13994389998434198
corn_oil,mp5_rep2,mp5_rep2,ASTM-R,0.2,3,1,0.00011372566223144531,20,0.95,0.42571699412132613,0.4255307028293509,0.47124924724948747,1.0,0.1491734756995577,0.06039574046735743,0.13994389998434198
corn_oil,mp5_rep2,mp5_rep2,ASTM-G,0.05,3,1,0.00010395050048828125,20,1.0,0.7108526855950157,0.7105416205752202,0.7108526855950157,1.0,0.1491734756995577,0.06039574046735743,0.13994389998434198
corn_oil,mp5_rep2,mp5_rep2,ASTM-G,0.1,3,1,9.34600830078125e-05,20,0.95,0.5951206974652993,0.5948602760934891,0.6015068453742564,1.0,0.1491734756995577,0.06039574046735743,0.13994389998434198
corn_oil,mp5_rep2,mp5_rep2,ASTM-G,0.2,3,1,8.988380432128906e-05,20,0.95,0.46262507835666183,0.4624226363007016,0.49893286967819855,1.0,0.1491734756995577,0.06039574046735743,0.13994389998434198
corn_oil,mp5_rep2,mp5_rep2,GPR,0.05,3,1,0.030599117279052734,20,0.95,0.5995551109817465,0.5985277318705955,0.6129846899459594,1.0,0.1491734756995577,0.06039574046735743,0.13994389998434198
corn_oil,mp5_rep2,mp5_rep2,GPR,0.1,3,1,0.00013518333435058594,20,0.95,0.5031625104514591,0.5023003067219212,0.5580140960408709,1.0,0.1491734756995577,0.06039574046735743,0.13994389998434198
corn_oil,mp5_rep2,mp5_rep2,GPR,0.2,3,1,9.72747802734375e-05,20,0.8,0.392028015397046,0.3913562483040338,0.4646632863358128,1.0,0.1491734756995577,0.06039574046735743,0.13994389998434198
corn_oil,mp5_rep2,mp5_rep2,BAG,0.05,3,1,0.02249908447265625,20,1.0,0.7150635758336519,0.7018343932867812,0.7150635758336519,1.0,0.1491734756995577,0.06039574046735743,0.13994389998434198
corn_oil,mp5_rep2,mp5_rep2,BAG,0.1,3,1,0.0001266002655029297,20,1.0,0.6001002699480138,0.5889979899747777,0.6001002699480138,1.0,0.1491734756995577,0.06039574046735743,0.13994389998434198
corn_oil,mp5_rep2,mp5_rep2,BAG,0.2,3,1,8.463859558105469e-05,20,0.9,0.467554940959074,0.458904843438126,0.49426509181028566,1.0,0.1491734756995577,0.06039574046735743,0.13994389998434198
corn_oil,mp5_rep2,mp5_rep2,QGB,0.05,3,1,0.03229975700378418,20,0.65,0.4186445356296016,0.38447455496797245,1.2817432762324568,1.0,0.1491734756995577,0.06039574046735743,0.13994389998434198
corn_oil,mp5_rep2,mp5_rep2,QGB,0.1,3,1,0.026697874069213867,20,0.65,0.3956920794010691,0.3581663560715864,0.9033935906932431,1.0,0.1491734756995577,0.06039574046735743,0.13994389998434198
corn_oil,mp5_rep2,mp5_rep2,QGB,0.2,3,1,0.0279085636138916,20,0.65,0.34713461491157227,0.3017648630001475,0.6763535981644303,1.0,0.1491734756995577,0.06039574046735743,0.13994389998434198
corn_oil,mp5_rep2,mp5_rep2,SCP,0.05,3,1,2.7894973754882812e-05,20,1.0,1.3928254023465179,1.392825402346518,1.3928254023465179,1.0,0.1491734756995577,0.06039574046735743,0.13994389998434198
corn_oil,mp5_rep2,mp5_rep2,SCP,0.1,3,1,9.775161743164062e-06,20,0.95,0.5697819907148649,0.5697819907148647,0.6217197508820356,1.0,0.1491734756995577,0.06039574046735743,0.13994389998434198
corn_oil,mp5_rep2,mp5_rep2,SCP,0.2,3,1,8.344650268554688e-06,20,0.85,0.46330559870806365,0.46330559870806365,0.5362582408030522,1.0,0.1491734756995577,0.06039574046735743,0.13994389998434198
corn_oil,mp5_rep2,mp5_rep2,NCP-kNN,0.05,3,1,0.0057697296142578125,20,1.0,1.5328794824109466,1.3928254023465179,1.5328794824109466,1.0,0.1491734756995577,0.06039574046735743,0.13994389998434198
corn_oil,mp5_rep2,mp5_rep2,NCP-kNN,0.1,3,1,2.384185791015625e-05,20,0.9,0.6097041015407401,0.5539974735685975,0.789383868243462,1.0,0.1491734756995577,0.06039574046735743,0.13994389998434198
corn_oil,mp5_rep2,mp5_rep2,NCP-kNN,0.2,3,1,1.6927719116210938e-05,20,0.75,0.4375402180252134,0.397563629239297,0.6387080778937402,1.0,0.1491734756995577,0.06039574046735743,0.13994389998434198
corn_oil,mp5_rep2,mp5_rep2,CV+,0.05,3,1,0.005528926849365234,20,1.0,0.6672942801610862,0.6740237493308381,0.6672942801610862,1.0,0.1491734756995577,0.06039574046735743,0.13994389998434198
corn_oil,mp5_rep2,mp5_rep2,CV+,0.1,3,1,0.004447460174560547,20,0.95,0.5288062932690972,0.5284049493432477,0.5347653217135558,1.0,0.1491734756995577,0.06039574046735743,0.13994389998434198
corn_oil,mp5_rep2,mp5_rep2,CV+,0.2,3,1,0.004617452621459961,20,0.85,0.40279032485294797,0.39664149940644,0.45669981970853757,1.0,0.1491734756995577,0.06039574046735743,0.13994389998434198
corn_oil,mp5_rep2,mp5_rep2,CQR,0.05,3,1,2.956390380859375e-05,20,0.95,0.630760161014474,0.5965901803528451,0.7760515448421248,1.0,0.1491734756995577,0.06039574046735743,0.13994389998434198
corn_oil,mp5_rep2,mp5_rep2,CQR,0.1,3,1,1.4066696166992188e-05,20,0.9,0.5441368902540759,0.506611166924593,0.6587744417814414,1.0,0.1491734756995577,0.06039574046735743,0.13994389998434198
corn_oil,mp5_rep2,mp5_rep2,CQR,0.2,3,1,1.2159347534179688e-05,20,0.75,0.48944977256549854,0.4440800206540738,0.5816917865386849,1.0,0.1491734756995577,0.06039574046735743,0.13994389998434198
corn_oil,mp5_rep2,mp5_rep2,WCP,0.05,3,1,0.0029032230377197266,20,1.0,inf,1.3928254023465183,inf,0.7,0.1491734756995577,0.06039574046735743,0.13994389998434198
corn_oil,mp5_rep2,mp5_rep2,WCP,0.1,3,1,0.00021147727966308594,20,1.0,1.082768200493046,1.2438306181385768,1.082768200493046,1.0,0.1491734756995577,0.06039574046735743,0.13994389998434198
corn_oil,mp5_rep2,mp5_rep2,WCP,0.2,3,1,8.988380432128906e-05,20,0.95,0.5578304615272455,0.5572014336752655,0.5869444808707306,1.0,0.1491734756995577,0.06039574046735743,0.13994389998434198
corn_oil,mp5_rep2,mp5_rep2,R-U-A,0.05,3,1,5.4836273193359375e-05,20,1.0,0.6151649577549048,0.6151649577549048,0.6151649577549048,1.0,0.1491734756995577,0.06039574046735743,0.13994389998434198
corn_oil,mp5_rep2,mp5_rep2,R-U-A,0.1,3,1,3.4809112548828125e-05,20,0.95,0.5265002391378737,0.5265002391378735,0.5671140834001133,1.0,0.1491734756995577,0.06039574046735743,0.13994389998434198
corn_oil,mp5_rep2,mp5_rep2,R-U-A,0.2,3,1,3.528594970703125e-05,20,0.75,0.37599362791331803,0.37599362791331803,0.4696813225752844,1.0,0.1491734756995577,0.06039574046735743,0.13994389998434198
corn_oil,mp5_rep2,mp5_rep2,R-U-D,0.05,3,1,0.003057718276977539,20,0.95,0.5892478132220891,0.5914974659203813,0.6028705157384096,1.0,0.1491734756995577,0.06039574046735743,0.13994389998434198
corn_oil,mp5_rep2,mp5_rep2,R-U-D,0.1,3,1,0.0004153251647949219,20,0.9,0.5208825575990893,0.5228712028259399,0.5812031109205854,1.0,0.1491734756995577,0.06039574046735743,0.13994389998434198
corn_oil,mp5_rep2,mp5_rep2,R-U-D,0.2,3,1,0.0004334449768066406,20,0.75,0.36291342763874856,0.3642989723169201,0.507002255375582,1.0,0.1491734756995577,0.06039574046735743,0.13994389998434198
corn_oil,mp5_rep2,mp5_rep2,G-U-A,0.05,3,1,4.315376281738281e-05,20,1.0,0.6361956790741434,0.6361956790741434,0.6361956790741434,1.0,0.1491734756995577,0.06039574046735743,0.13994389998434198
corn_oil,mp5_rep2,mp5_rep2,G-U-A,0.1,3,1,3.62396240234375e-05,20,0.95,0.4898108942358263,0.48981089423582613,0.5487694109490896,1.0,0.1491734756995577,0.06039574046735743,0.13994389998434198
corn_oil,mp5_rep2,mp5_rep2,G-U-A,0.2,3,1,3.266334533691406e-05,20,0.75,0.3778965307120714,0.3778965307120714,0.46920559687559615,1.0,0.1491734756995577,0.06039574046735743,0.13994389998434198
corn_oil,mp5_rep2,mp5_rep2,G-W-A,0.05,3,1,0.00014781951904296875,20,1.0,0.6361956790741434,0.6361956790741434,0.6361956790741434,1.0,0.1491734756995577,0.06039574046735743,0.13994389998434198
corn_oil,mp5_rep2,mp5_rep2,G-W-A,0.1,3,1,0.0001163482666015625,20,0.95,0.4898108942358263,0.48981089423582613,0.5487694109490896,1.0,0.1491734756995577,0.06039574046735743,0.13994389998434198
corn_oil,mp5_rep2,mp5_rep2,G-W-A,0.2,3,1,7.796287536621094e-05,20,0.75,0.3778965307120714,0.3778965307120714,0.46920559687559615,1.0,0.1491734756995577,0.06039574046735743,0.13994389998434198
corn_oil,mp5_rep2,mp5_rep2,G-U-D,0.05,3,1,0.0032019615173339844,20,0.75,0.38368957725870845,0.3721198813916202,0.9476560291050401,1.0,0.1491734756995577,0.06039574046735743,0.13994389998434198
corn_oil,mp5_rep2,mp5_rep2,G-U-D,0.1,3,1,0.00046133995056152344,20,0.7,0.33281813928144405,0.3227824101953236,0.7257084486864368,1.0,0.1491734756995577,0.06039574046735743,0.13994389998434198
corn_oil,mp5_rep2,mp5_rep2,G-U-D,0.2,3,1,0.0003299713134765625,20,0.45,0.2409494004013657,0.23368386219749215,0.6054394307787998,1.0,0.1491734756995577,0.06039574046735743,0.13994389998434198
corn_oil,mp5_rep2,mp5_rep2,GC-D,0.05,3,1,0.00042700767517089844,20,0.75,0.38368957725870845,0.3721198813916202,0.9476560291050401,1.0,0.1491734756995577,0.06039574046735743,0.13994389998434198
corn_oil,mp5_rep2,mp5_rep2,GC-D,0.1,3,1,0.0003857612609863281,20,0.7,0.33281813928144405,0.3227824101953236,0.7257084486864368,1.0,0.1491734756995577,0.06039574046735743,0.13994389998434198
corn_oil,mp5_rep2,mp5_rep2,GC-D,0.2,3,1,0.0004200935363769531,20,0.45,0.2409494004013657,0.23368386219749215,0.6054394307787998,1.0,0.1491734756995577,0.06039574046735743,0.13994389998434198
corn_oil,mp5_rep2,mp5_rep2,GC-D+,0.05,3,1,0.00038623809814453125,20,1.0,inf,inf,inf,0.0,0.1491734756995577,0.06039574046735743,0.13994389998434198
corn_oil,mp5_rep2,mp5_rep2,GC-D+,0.1,3,1,0.00040912628173828125,20,1.0,inf,inf,inf,0.0,0.1491734756995577,0.06039574046735743,0.13994389998434198
corn_oil,mp5_rep2,mp5_rep2,GC-D+,0.2,3,1,0.0004372596740722656,20,1.0,inf,inf,inf,0.0,0.1491734756995577,0.06039574046735743,0.13994389998434198
corn_oil,mp5_rep2,mp5_rep2,HJ+,0.05,3,1,0.0016360282897949219,20,1.0,inf,inf,inf,0.0,0.1491734756995577,0.06039574046735743,0.13994389998434198
corn_oil,mp5_rep2,mp5_rep2,HJ+,0.1,3,1,0.00041484832763671875,20,1.0,inf,inf,inf,0.0,0.1491734756995577,0.06039574046735743,0.13994389998434198
corn_oil,mp5_rep2,mp5_rep2,HJ+,0.2,3,1,0.00035881996154785156,20,1.0,inf,inf,inf,0.0,0.1491734756995577,0.06039574046735743,0.13994389998434198
corn_oil,mp5_rep2,mp5_rep2,HJ+-D,0.05,3,1,0.00220489501953125,20,1.0,inf,inf,inf,0.0,0.1491734756995577,0.06039574046735743,0.13994389998434198
corn_oil,mp5_rep2,mp5_rep2,HJ+-D,0.1,3,1,0.0020253658294677734,20,1.0,inf,inf,inf,0.0,0.1491734756995577,0.06039574046735743,0.13994389998434198
corn_oil,mp5_rep2,mp5_rep2,HJ+-D,0.2,3,1,0.002233743667602539,20,1.0,inf,inf,inf,0.0,0.1491734756995577,0.06039574046735743,0.13994389998434198
corn_oil,mp5_rep2,mp5_rep2,HCP-D,0.05,3,1,0.00026345252990722656,20,1.0,inf,inf,inf,0.0,0.1491734756995577,0.06039574046735743,0.13994389998434198
corn_oil,mp5_rep2,mp5_rep2,HCP-D,0.1,3,1,0.00019931793212890625,20,1.0,inf,inf,inf,0.0,0.1491734756995577,0.06039574046735743,0.13994389998434198
corn_oil,mp5_rep2,mp5_rep2,HCP-D,0.2,3,1,0.00015854835510253906,20,1.0,inf,inf,inf,0.0,0.1491734756995577,0.06039574046735743,0.13994389998434198
corn_oil,mp5_rep2,mp5_rep2,HCP-A,0.05,3,1,0.00013566017150878906,20,1.0,inf,inf,inf,0.0,0.1491734756995577,0.06039574046735743,0.13994389998434198
corn_oil,mp5_rep2,mp5_rep2,HCP-A,0.1,3,1,0.0001277923583984375,20,1.0,inf,inf,inf,0.0,0.1491734756995577,0.06039574046735743,0.13994389998434198
corn_oil,mp5_rep2,mp5_rep2,HCP-A,0.2,3,1,0.00017023086547851562,20,1.0,inf,inf,inf,0.0,0.1491734756995577,0.06039574046735743,0.13994389998434198
corn_oil,mp5_rep2,mp5_rep2,ORACLE,0.05,3,1,0.00011920928955078125,20,1.0,inf,inf,inf,0.0,0.1491734756995577,0.06039574046735743,0.13994389998434198
corn_oil,mp5_rep2,mp5_rep2,ORACLE,0.1,3,1,9.417533874511719e-05,20,0.9,0.5137146979034842,0.5137146979034841,0.6104284206347282,1.0,0.1491734756995577,0.06039574046735743,0.13994389998434198
corn_oil,mp5_rep2,mp5_rep2,ORACLE,0.2,3,1,8.797645568847656e-05,20,0.9,0.4178139724776391,0.4178139724776391,0.4707588224826127,1.0,0.1491734756995577,0.06039574046735743,0.13994389998434198
corn_oil,mp5_rep3,mp5_rep3,ASTM-R,0.05,3,1,0.014679670333862305,20,1.0,0.6094771654692499,0.607883242185602,0.6094771654692499,1.0,0.10121055499354326,0.01732629914441188,0.10230694682417012
corn_oil,mp5_rep3,mp5_rep3,ASTM-R,0.1,3,1,0.00013256072998046875,20,1.0,0.5102498494461296,0.508915428467644,0.5102498494461296,1.0,0.10121055499354326,0.01732629914441188,0.10230694682417012
corn_oil,mp5_rep3,mp5_rep3,ASTM-R,0.2,3,1,9.512901306152344e-05,20,0.9,0.3966495831633459,0.39561225306818715,0.40774408812680935,1.0,0.10121055499354326,0.01732629914441188,0.10230694682417012
corn_oil,mp5_rep3,mp5_rep3,ASTM-G,0.05,3,1,0.00015306472778320312,20,1.0,0.7444939293983676,0.7425469061531422,0.7444939293983676,1.0,0.10121055499354326,0.01732629914441188,0.10230694682417012
corn_oil,mp5_rep3,mp5_rep3,ASTM-G,0.1,3,1,9.942054748535156e-05,20,1.0,0.6232849020628988,0.6216548683651157,0.6232849020628988,1.0,0.10121055499354326,0.01732629914441188,0.10230694682417012
corn_oil,mp5_rep3,mp5_rep3,ASTM-G,0.2,3,1,9.059906005859375e-05,20,1.0,0.48451890160010114,0.4832517729817005,0.48451890160010114,1.0,0.10121055499354326,0.01732629914441188,0.10230694682417012
corn_oil,mp5_rep3,mp5_rep3,GPR,0.05,3,1,0.027859210968017578,20,1.0,0.5657788564939727,0.5478370194648225,0.5657788564939727,1.0,0.10121055499354326,0.01732629914441188,0.10230694682417012
corn_oil,mp5_rep3,mp5_rep3,GPR,0.1,3,1,9.775161743164062e-05,20,1.0,0.47481658412971156,0.45975931984100304,0.47481658412971156,1.0,0.10121055499354326,0.01732629914441188,0.10230694682417012
corn_oil,mp5_rep3,mp5_rep3,GPR,0.2,3,1,0.00011181831359863281,20,0.9,0.3699429096713929,0.3582113730131571,0.3911599470358998,1.0,0.10121055499354326,0.01732629914441188,0.10230694682417012
corn_oil,mp5_rep3,mp5_rep3,BAG,0.05,3,1,0.018754005432128906,20,1.0,0.7298196000099284,0.690040806011988,0.7298196000099284,1.0,0.10121055499354326,0.01732629914441188,0.10230694682417012
corn_oil,mp5_rep3,mp5_rep3,BAG,0.1,3,1,9.870529174804688e-05,20,1.0,0.6124839158094597,0.5791004995327453,0.6124839158094597,1.0,0.10121055499354326,0.01732629914441188,0.10230694682417012
corn_oil,mp5_rep3,mp5_rep3,BAG,0.2,3,1,8.082389831542969e-05,20,0.95,0.47720338655985345,0.4511934312108523,0.48108879513533037,1.0,0.10121055499354326,0.01732629914441188,0.10230694682417012
corn_oil,mp5_rep3,mp5_rep3,QGB,0.05,3,1,0.030008316040039062,20,0.75,0.40386514545298563,0.38186034249082734,0.8902582534682096,1.0,0.10121055499354326,0.01732629914441188,0.10230694682417012
corn_oil,mp5_rep3,mp5_rep3,QGB,0.1,3,1,0.026331424713134766,20,0.65,0.37460262371015396,0.3606736654313738,0.7583700957409757,1.0,0.10121055499354326,0.01732629914441188,0.10230694682417012
corn_oil,mp5_rep3,mp5_rep3,QGB,0.2,3,1,0.026337385177612305,20,0.65,0.3438744194996419,0.3439058986127286,0.578827310663996,1.0,0.10121055499354326,0.01732629914441188,0.10230694682417012
corn_oil,mp5_rep3,mp5_rep3,SCP,0.05,3,1,2.9802322387695312e-05,20,1.0,1.5709381395063524,1.5709381395063522,1.5709381395063524,1.0,0.10121055499354326,0.01732629914441188,0.10230694682417012
corn_oil,mp5_rep3,mp5_rep3,SCP,0.1,3,1,1.049041748046875e-05,20,1.0,0.7461953278897528,0.7461953278897528,0.7461953278897528,1.0,0.10121055499354326,0.01732629914441188,0.10230694682417012
corn_oil,mp5_rep3,mp5_rep3,SCP,0.2,3,1,9.059906005859375e-06,20,0.9,0.5726080481954536,0.5726080481954536,0.6007257779185629,1.0,0.10121055499354326,0.01732629914441188,0.10230694682417012
corn_oil,mp5_rep3,mp5_rep3,NCP-kNN,0.05,3,1,0.005918025970458984,20,1.0,1.8056836554960718,1.5709381395063522,1.8056836554960718,1.0,0.10121055499354326,0.01732629914441188,0.10230694682417012
corn_oil,mp5_rep3,mp5_rep3,NCP-kNN,0.1,3,1,2.5987625122070312e-05,20,1.0,0.857699404892837,0.7461953278897531,0.857699404892837,1.0,0.10121055499354326,0.01732629914441188,0.10230694682417012
corn_oil,mp5_rep3,mp5_rep3,NCP-kNN,0.2,3,1,1.9788742065429688e-05,20,0.85,0.5631983585301187,0.4899805006427169,0.6500208311738597,1.0,0.10121055499354326,0.01732629914441188,0.10230694682417012
corn_oil,mp5_rep3,mp5_rep3,CV+,0.05,3,1,0.008661746978759766,20,1.0,0.6051542003442516,0.5950264407587629,0.6051542003442516,1.0,0.10121055499354326,0.01732629914441188,0.10230694682417012
corn_oil,mp5_rep3,mp5_rep3,CV+,0.1,3,1,0.007607460021972656,20,1.0,0.4868355458776644,0.46640603135438896,0.4868355458776644,1.0,0.10121055499354326,0.01732629914441188,0.10230694682417012
corn_oil,mp5_rep3,mp5_rep3,CV+,0.2,3,1,0.005383014678955078,20,0.95,0.389797580619445,0.3804739809695865,0.3973639317803676,1.0,0.10121055499354326,0.01732629914441188,0.10230694682417012
corn_oil,mp5_rep3,mp5_rep3,CQR,0.05,3,1,3.695487976074219e-05,20,1.0,0.7628788073657432,0.7408740044035853,0.7628788073657432,1.0,0.10121055499354326,0.01732629914441188,0.10230694682417012
corn_oil,mp5_rep3,mp5_rep3,CQR,0.1,3,1,1.5497207641601562e-05,20,1.0,0.6273963383608183,0.6134673800820383,0.6273963383608183,1.0,0.10121055499354326,0.01732629914441188,0.10230694682417012
corn_oil,mp5_rep3,mp5_rep3,CQR,0.2,3,1,1.5497207641601562e-05,20,0.8,0.44417952246435827,0.444211001577445,0.5236483740418845,1.0,0.10121055499354326,0.01732629914441188,0.10230694682417012
corn_oil,mp5_rep3,mp5_rep3,WCP,0.05,3,1,0.0028481483459472656,20,1.0,inf,1.5709381395063522,inf,0.8,0.10121055499354326,0.01732629914441188,0.10230694682417012
corn_oil,mp5_rep3,mp5_rep3,WCP,0.1,3,1,0.00012230873107910156,20,1.0,1.560980043204961,1.5709381395063522,1.560980043204961,1.0,0.10121055499354326,0.01732629914441188,0.10230694682417012
corn_oil,mp5_rep3,mp5_rep3,WCP,0.2,3,1,0.0001163482666015625,20,1.0,0.7774743721691915,0.7461953278897528,0.7774743721691915,1.0,0.10121055499354326,0.01732629914441188,0.10230694682417012
corn_oil,mp5_rep3,mp5_rep3,R-U-A,0.05,3,1,5.793571472167969e-05,20,1.0,0.48828287525507436,0.4882828752550745,0.48828287525507436,1.0,0.10121055499354326,0.01732629914441188,0.10230694682417012
corn_oil,mp5_rep3,mp5_rep3,R-U-A,0.1,3,1,3.3855438232421875e-05,20,1.0,0.4427733746453315,0.4427733746453315,0.4427733746453315,1.0,0.10121055499354326,0.01732629914441188,0.10230694682417012
corn_oil,mp5_rep3,mp5_rep3,R-U-A,0.2,3,1,3.838539123535156e-05,20,0.9,0.35120298033988817,0.35120298033988817,0.384518402954908,1.0,0.10121055499354326,0.01732629914441188,0.10230694682417012
corn_oil,mp5_rep3,mp5_rep3,R-U-D,0.05,3,1,0.003033876419067383,20,1.0,0.564825041459472,0.49394266498684924,0.564825041459472,1.0,0.10121055499354326,0.01732629914441188,0.10230694682417012
corn_oil,mp5_rep3,mp5_rep3,R-U-D,0.1,3,1,0.0003635883331298828,20,1.0,0.5271745248374369,0.46101707714399165,0.5271745248374369,1.0,0.10121055499354326,0.01732629914441188,0.10230694682417012
corn_oil,mp5_rep3,mp5_rep3,R-U-D,0.2,3,1,0.0003771781921386719,20,0.9,0.3753890315625071,0.32827981241359616,0.4056017534123759,1.0,0.10121055499354326,0.01732629914441188,0.10230694682417012
corn_oil,mp5_rep3,mp5_rep3,G-U-A,0.05,3,1,4.220008850097656e-05,20,1.0,0.6979429136540325,0.6979429136540327,0.6979429136540325,1.0,0.10121055499354326,0.01732629914441188,0.10230694682417012
corn_oil,mp5_rep3,mp5_rep3,G-U-A,0.1,3,1,3.361701965332031e-05,20,1.0,0.5759979721013309,0.5759979721013311,0.5759979721013309,1.0,0.10121055499354326,0.01732629914441188,0.10230694682417012
corn_oil,mp5_rep3,mp5_rep3,G-U-A,0.2,3,1,3.24249267578125e-05,20,0.9,0.4118897283229179,0.4118897283229179,0.4148617769464229,1.0,0.10121055499354326,0.01732629914441188,0.10230694682417012
corn_oil,mp5_rep3,mp5_rep3,G-W-A,0.05,3,1,0.00010418891906738281,20,1.0,0.6979429136540325,0.6979429136540327,0.6979429136540325,1.0,0.10121055499354326,0.01732629914441188,0.10230694682417012
corn_oil,mp5_rep3,mp5_rep3,G-W-A,0.1,3,1,7.772445678710938e-05,20,1.0,0.5759979721013309,0.5759979721013311,0.5759979721013309,1.0,0.10121055499354326,0.01732629914441188,0.10230694682417012
corn_oil,mp5_rep3,mp5_rep3,G-W-A,0.2,3,1,8.082389831542969e-05,20,0.9,0.4118897283229179,0.4118897283229179,0.4148617769464229,1.0,0.10121055499354326,0.01732629914441188,0.10230694682417012
corn_oil,mp5_rep3,mp5_rep3,G-U-D,0.05,3,1,0.003219127655029297,20,1.0,0.5114232241088913,0.4723658741858956,0.5114232241088913,1.0,0.10121055499354326,0.01732629914441188,0.10230694682417012
corn_oil,mp5_rep3,mp5_rep3,G-U-D,0.1,3,1,0.0005133152008056641,20,0.95,0.4213036850662494,0.38912875699146054,0.43988059136899144,1.0,0.10121055499354326,0.01732629914441188,0.10230694682417012
corn_oil,mp5_rep3,mp5_rep3,G-U-D,0.2,3,1,0.0005638599395751953,20,0.9,0.31515232563546974,0.2910841682246721,0.3703945266247561,1.0,0.10121055499354326,0.01732629914441188,0.10230694682417012
corn_oil,mp5_rep3,mp5_rep3,GC-D,0.05,3,1,0.0004558563232421875,20,1.0,0.5114232241088913,0.4723658741858956,0.5114232241088913,1.0,0.10121055499354326,0.01732629914441188,0.10230694682417012
corn_oil,mp5_rep3,mp5_rep3,GC-D,0.1,3,1,0.00042891502380371094,20,0.95,0.4213036850662494,0.38912875699146054,0.43988059136899144,1.0,0.10121055499354326,0.01732629914441188,0.10230694682417012
corn_oil,mp5_rep3,mp5_rep3,GC-D,0.2,3,1,0.000438690185546875,20,0.9,0.31515232563546974,0.2910841682246721,0.3703945266247561,1.0,0.10121055499354326,0.01732629914441188,0.10230694682417012
corn_oil,mp5_rep3,mp5_rep3,GC-D+,0.05,3,1,0.0004355907440185547,20,1.0,inf,inf,inf,0.0,0.10121055499354326,0.01732629914441188,0.10230694682417012
corn_oil,mp5_rep3,mp5_rep3,GC-D+,0.1,3,1,0.0008141994476318359,20,1.0,inf,inf,inf,0.0,0.10121055499354326,0.01732629914441188,0.10230694682417012
corn_oil,mp5_rep3,mp5_rep3,GC-D+,0.2,3,1,0.000446319580078125,20,1.0,inf,inf,inf,0.0,0.10121055499354326,0.01732629914441188,0.10230694682417012
corn_oil,mp5_rep3,mp5_rep3,HJ+,0.05,3,1,0.0017213821411132812,20,1.0,inf,inf,inf,0.0,0.10121055499354326,0.01732629914441188,0.10230694682417012
corn_oil,mp5_rep3,mp5_rep3,HJ+,0.1,3,1,0.00040149688720703125,20,1.0,inf,inf,inf,0.0,0.10121055499354326,0.01732629914441188,0.10230694682417012
corn_oil,mp5_rep3,mp5_rep3,HJ+,0.2,3,1,0.0004360675811767578,20,1.0,inf,inf,inf,0.0,0.10121055499354326,0.01732629914441188,0.10230694682417012
corn_oil,mp5_rep3,mp5_rep3,HJ+-D,0.05,3,1,0.002342700958251953,20,1.0,inf,inf,inf,0.0,0.10121055499354326,0.01732629914441188,0.10230694682417012
corn_oil,mp5_rep3,mp5_rep3,HJ+-D,0.1,3,1,0.002714395523071289,20,1.0,inf,inf,inf,0.0,0.10121055499354326,0.01732629914441188,0.10230694682417012
corn_oil,mp5_rep3,mp5_rep3,HJ+-D,0.2,3,1,0.002289295196533203,20,1.0,inf,inf,inf,0.0,0.10121055499354326,0.01732629914441188,0.10230694682417012
corn_oil,mp5_rep3,mp5_rep3,HCP-D,0.05,3,1,0.0003018379211425781,20,1.0,inf,inf,inf,0.0,0.10121055499354326,0.01732629914441188,0.10230694682417012
corn_oil,mp5_rep3,mp5_rep3,HCP-D,0.1,3,1,0.00016427040100097656,20,1.0,inf,inf,inf,0.0,0.10121055499354326,0.01732629914441188,0.10230694682417012
corn_oil,mp5_rep3,mp5_rep3,HCP-D,0.2,3,1,0.00014591217041015625,20,1.0,inf,inf,inf,0.0,0.10121055499354326,0.01732629914441188,0.10230694682417012
corn_oil,mp5_rep3,mp5_rep3,HCP-A,0.05,3,1,0.00018644332885742188,20,1.0,inf,inf,inf,0.0,0.10121055499354326,0.01732629914441188,0.10230694682417012
corn_oil,mp5_rep3,mp5_rep3,HCP-A,0.1,3,1,0.0001499652862548828,20,1.0,inf,inf,inf,0.0,0.10121055499354326,0.01732629914441188,0.10230694682417012
corn_oil,mp5_rep3,mp5_rep3,HCP-A,0.2,3,1,0.00013256072998046875,20,1.0,inf,inf,inf,0.0,0.10121055499354326,0.01732629914441188,0.10230694682417012
corn_oil,mp5_rep3,mp5_rep3,ORACLE,0.05,3,1,0.00010824203491210938,20,1.0,inf,inf,inf,0.0,0.10121055499354326,0.01732629914441188,0.10230694682417012
corn_oil,mp5_rep3,mp5_rep3,ORACLE,0.1,3,1,9.465217590332031e-05,20,0.95,0.4178338255699279,0.4178338255699279,0.4220642344510752,1.0,0.10121055499354326,0.01732629914441188,0.10230694682417012
corn_oil,mp5_rep3,mp5_rep3,ORACLE,0.2,3,1,0.00010085105895996094,20,0.85,0.2962180957628604,0.2962180957628604,0.3573676572415483,1.0,0.10121055499354326,0.01732629914441188,0.10230694682417012
corn_oil,mp5_rep4,mp5_rep4,ASTM-R,0.05,3,1,0.01475667953491211,20,1.0,0.6361326706248327,0.6339136887496672,0.6361326706248327,1.0,0.12590715396507074,-0.03346170860544362,0.12453249618933082
corn_oil,mp5_rep4,mp5_rep4,ASTM-R,0.1,3,1,0.0001380443572998047,20,1.0,0.5325656444637739,0.530707928979298,0.5325656444637739,1.0,0.12590715396507074,-0.03346170860544362,0.12453249618933082
corn_oil,mp5_rep4,mp5_rep4,ASTM-R,0.2,3,1,0.0001628398895263672,20,0.9,0.4139970665605789,0.4125529464430451,0.4470526853835163,1.0,0.12590715396507074,-0.03346170860544362,0.12453249618933082
corn_oil,mp5_rep4,mp5_rep4,ASTM-G,0.05,3,1,0.00016498565673828125,20,1.0,0.7902789527182804,0.7875222719920978,0.7902789527182804,1.0,0.12590715396507074,-0.03346170860544362,0.12453249618933082
corn_oil,mp5_rep4,mp5_rep4,ASTM-G,0.1,3,1,0.00010991096496582031,20,1.0,0.6616157905349652,0.659307917483769,0.6616157905349652,1.0,0.12590715396507074,-0.03346170860544362,0.12453249618933082
corn_oil,mp5_rep4,mp5_rep4,ASTM-G,0.2,3,1,9.250640869140625e-05,20,1.0,0.5143159332919862,0.5125218771354887,0.5143159332919862,1.0,0.12590715396507074,-0.03346170860544362,0.12453249618933082
corn_oil,mp5_rep4,mp5_rep4,GPR,0.05,3,1,0.03946805000305176,20,0.95,0.5322591008142885,0.5220477497899885,0.5590556480591886,1.0,0.12590715396507074,-0.03346170860544362,0.12453249618933082
corn_oil,mp5_rep4,mp5_rep4,GPR,0.1,3,1,0.00010585784912109375,20,0.95,0.4466859183934256,0.4381162824710918,0.5019710404626385,1.0,0.12590715396507074,-0.03346170860544362,0.12453249618933082
corn_oil,mp5_rep4,mp5_rep4,GPR,0.2,3,1,8.058547973632812e-05,20,0.75,0.3480255195015665,0.3413486759499804,0.45442663831235974,1.0,0.12590715396507074,-0.03346170860544362,0.12453249618933082
corn_oil,mp5_rep4,mp5_rep4,BAG,0.05,3,1,0.02162337303161621,20,1.0,0.6244627220422267,0.6183288017627815,0.6244627220422267,1.0,0.12590715396507074,-0.03346170860544362,0.12453249618933082
corn_oil,mp5_rep4,mp5_rep4,BAG,0.1,3,1,9.274482727050781e-05,20,0.95,0.5240656365878008,0.5189178884155585,0.5441518737633441,1.0,0.12590715396507074,-0.03346170860544362,0.12453249618933082
corn_oil,mp5_rep4,mp5_rep4,BAG,0.2,3,1,8.320808410644531e-05,20,0.75,0.4083142268786437,0.4043034719877099,0.4855656567013775,1.0,0.12590715396507074,-0.03346170860544362,0.12453249618933082
corn_oil,mp5_rep4,mp5_rep4,QGB,0.05,3,1,0.03084731101989746,20,0.65,0.43164675534498154,0.4571666737270388,1.4287078400894937,1.0,0.12590715396507074,-0.03346170860544362,0.12453249618933082
corn_oil,mp5_rep4,mp5_rep4,QGB,0.1,3,1,0.026457548141479492,20,0.6,0.38688888773816166,0.40923677733096486,1.0774939157212235,1.0,0.12590715396507074,-0.03346170860544362,0.12453249618933082
corn_oil,mp5_rep4,mp5_rep4,QGB,0.2,3,1,0.02607560157775879,20,0.5,0.32905430565098875,0.3840161775688482,0.8448210053507733,1.0,0.12590715396507074,-0.03346170860544362,0.12453249618933082
corn_oil,mp5_rep4,mp5_rep4,SCP,0.05,3,1,2.8848648071289062e-05,20,0.95,0.7566623229945808,0.7566623229945808,0.7766152673285278,1.0,0.12590715396507074,-0.03346170860544362,0.12453249618933082
corn_oil,mp5_rep4,mp5_rep4,SCP,0.1,3,1,9.775161743164062e-06,20,0.95,0.6204349841953096,0.6204349841953096,0.6985251257619187,1.0,0.12590715396507074,-0.03346170860544362,0.12453249618933082
corn_oil,mp5_rep4,mp5_rep4,SCP,0.2,3,1,1.0013580322265625e-05,20,0.85,0.5760273753302669,0.5760273753302672,0.6347967531897624,1.0,0.12590715396507074,-0.03346170860544362,0.12453249618933082
corn_oil,mp5_rep4,mp5_rep4,NCP-kNN,0.05,3,1,0.004898548126220703,20,1.0,0.8979937176251997,0.9198774590284282,0.8979937176251997,1.0,0.12590715396507074,-0.03346170860544362,0.12453249618933082
corn_oil,mp5_rep4,mp5_rep4,NCP-kNN,0.1,3,1,1.9550323486328125e-05,20,0.9,0.6880187277587463,0.7047854641215223,0.7345592058625579,1.0,0.12590715396507074,-0.03346170860544362,0.12453249618933082
corn_oil,mp5_rep4,mp5_rep4,NCP-kNN,0.2,3,1,1.2874603271484375e-05,20,0.55,0.41686067237159097,0.4270193972894898,0.6872856225942282,1.0,0.12590715396507074,-0.03346170860544362,0.12453249618933082
corn_oil,mp5_rep4,mp5_rep4,CV+,0.05,3,1,0.00526118278503418,20,1.0,0.623704863752026,0.6227523582008321,0.623704863752026,1.0,0.12590715396507074,-0.03346170860544362,0.12453249618933082
corn_oil,mp5_rep4,mp5_rep4,CV+,0.1,3,1,0.004745960235595703,20,1.0,0.5229229507780936,0.5217835378106288,0.5229229507780936,1.0,0.12590715396507074,-0.03346170860544362,0.12453249618933082
corn_oil,mp5_rep4,mp5_rep4,CV+,0.2,3,1,0.00501704216003418,20,0.8,0.4093923470140547,0.4078513537198747,0.4513720685570112,1.0,0.12590715396507074,-0.03346170860544362,0.12453249618933082
corn_oil,mp5_rep4,mp5_rep4,CQR,0.05,3,1,2.9802322387695312e-05,20,1.0,0.8717680709137682,0.8972879892958254,0.8717680709137682,1.0,0.12590715396507074,-0.03346170860544362,0.12453249618933082
corn_oil,mp5_rep4,mp5_rep4,CQR,0.1,3,1,1.4066696166992188e-05,20,0.9,0.6051913514765628,0.6275392410693659,0.681377029879797,1.0,0.12590715396507074,-0.03346170860544362,0.12453249618933082
corn_oil,mp5_rep4,mp5_rep4,CQR,0.2,3,1,1.2636184692382812e-05,20,0.75,0.48905370494088957,0.5440155768587489,0.6802851789086938,1.0,0.12590715396507074,-0.03346170860544362,0.12453249618933082
corn_oil,mp5_rep4,mp5_rep4,WCP,0.05,3,1,0.003042459487915039,20,1.0,inf,0.7566623229945808,inf,0.85,0.12590715396507074,-0.03346170860544362,0.12453249618933082
corn_oil,mp5_rep4,mp5_rep4,WCP,0.1,3,1,0.00011181831359863281,20,0.95,0.713205433134029,0.7135499430880063,0.7447380952542897,1.0,0.12590715396507074,-0.03346170860544362,0.12453249618933082
corn_oil,mp5_rep4,mp5_rep4,WCP,0.2,3,1,8.058547973632812e-05,20,0.95,0.5950088808582403,0.5886902374291996,0.6384797808724942,1.0,0.12590715396507074,-0.03346170860544362,0.12453249618933082
corn_oil,mp5_rep4,mp5_rep4,R-U-A,0.05,3,1,5.841255187988281e-05,20,1.0,0.5736194040369433,0.5736194040369433,0.5736194040369433,1.0,0.12590715396507074,-0.03346170860544362,0.12453249618933082
corn_oil,mp5_rep4,mp5_rep4,R-U-A,0.1,3,1,3.4332275390625e-05,20,0.95,0.4966991125755644,0.4966991125755644,0.5019233068187501,1.0,0.12590715396507074,-0.03346170860544362,0.12453249618933082
corn_oil,mp5_rep4,mp5_rep4,R-U-A,0.2,3,1,4.267692565917969e-05,20,0.85,0.37645108465396326,0.37645108465396326,0.42942088697634667,1.0,0.12590715396507074,-0.03346170860544362,0.12453249618933082
corn_oil,mp5_rep4,mp5_rep4,R-U-D,0.05,3,1,0.0030279159545898438,20,0.95,0.604068188845338,0.555915449918118,0.6934506689438052,1.0,0.12590715396507074,-0.03346170860544362,0.12453249618933082
corn_oil,mp5_rep4,mp5_rep4,R-U-D,0.1,3,1,0.0004191398620605469,20,0.95,0.5383613875361711,0.4954464057158616,0.602540629086178,1.0,0.12590715396507074,-0.03346170860544362,0.12453249618933082
corn_oil,mp5_rep4,mp5_rep4,R-U-D,0.2,3,1,0.00037217140197753906,20,0.9,0.43239310367208195,0.39792528593307663,0.4926700531801994,1.0,0.12590715396507074,-0.03346170860544362,0.12453249618933082
corn_oil,mp5_rep4,mp5_rep4,G-U-A,0.05,3,1,4.172325134277344e-05,20,1.0,0.7223611184327232,0.7223611184327234,0.7223611184327232,1.0,0.12590715396507074,-0.03346170860544362,0.12453249618933082
corn_oil,mp5_rep4,mp5_rep4,G-U-A,0.1,3,1,3.4809112548828125e-05,20,1.0,0.6349872474676914,0.6349872474676914,0.6349872474676914,1.0,0.12590715396507074,-0.03346170860544362,0.12453249618933082
corn_oil,mp5_rep4,mp5_rep4,G-U-A,0.2,3,1,3.24249267578125e-05,20,0.95,0.47823588128306227,0.47823588128306227,0.4854637862277807,1.0,0.12590715396507074,-0.03346170860544362,0.12453249618933082
corn_oil,mp5_rep4,mp5_rep4,G-W-A,0.05,3,1,0.00010800361633300781,20,1.0,0.7223611184327232,0.7223611184327234,0.7223611184327232,1.0,0.12590715396507074,-0.03346170860544362,0.12453249618933082
corn_oil,mp5_rep4,mp5_rep4,G-W-A,0.1,3,1,8.916854858398438e-05,20,1.0,0.6349872474676914,0.6349872474676914,0.6349872474676914,1.0,0.12590715396507074,-0.03346170860544362,0.12453249618933082
corn_oil,mp5_rep4,mp5_rep4,G-W-A,0.2,3,1,7.05718994140625e-05,20,0.95,0.47823588128306227,0.47823588128306227,0.4854637862277807,1.0,0.12590715396507074,-0.03346170860544362,0.12453249618933082
corn_oil,mp5_rep4,mp5_rep4,G-U-D,0.05,3,1,0.0036172866821289062,20,1.0,0.7032733993338717,0.6517160532967825,0.7032733993338717,1.0,0.12590715396507074,-0.03346170860544362,0.12453249618933082
corn_oil,mp5_rep4,mp5_rep4,G-U-D,0.1,3,1,0.00037932395935058594,20,1.0,0.6097351635835301,0.5650351552373687,0.6097351635835301,1.0,0.12590715396507074,-0.03346170860544362,0.12453249618933082
corn_oil,mp5_rep4,mp5_rep4,G-U-D,0.2,3,1,0.0003974437713623047,20,0.9,0.45658013997871516,0.42310800767164647,0.511580214924319,1.0,0.12590715396507074,-0.03346170860544362,0.12453249618933082
corn_oil,mp5_rep4,mp5_rep4,GC-D,0.05,3,1,0.00048804283142089844,20,1.0,0.7032733993338717,0.6517160532967825,0.7032733993338717,1.0,0.12590715396507074,-0.03346170860544362,0.12453249618933082
corn_oil,mp5_rep4,mp5_rep4,GC-D,0.1,3,1,0.0004134178161621094,20,1.0,0.6097351635835301,0.5650351552373687,0.6097351635835301,1.0,0.12590715396507074,-0.03346170860544362,0.12453249618933082
corn_oil,mp5_rep4,mp5_rep4,GC-D,0.2,3,1,0.0003693103790283203,20,0.9,0.45658013997871516,0.42310800767164647,0.511580214924319,1.0,0.12590715396507074,-0.03346170860544362,0.12453249618933082
corn_oil,mp5_rep4,mp5_rep4,GC-D+,0.05,3,1,0.00040650367736816406,20,1.0,inf,inf,inf,0.0,0.12590715396507074,-0.03346170860544362,0.12453249618933082
corn_oil,mp5_rep4,mp5_rep4,GC-D+,0.1,3,1,0.0004241466522216797,20,1.0,inf,inf,inf,0.0,0.12590715396507074,-0.03346170860544362,0.12453249618933082
corn_oil,mp5_rep4,mp5_rep4,GC-D+,0.2,3,1,0.0003952980041503906,20,1.0,inf,inf,inf,0.0,0.12590715396507074,-0.03346170860544362,0.12453249618933082
corn_oil,mp5_rep4,mp5_rep4,HJ+,0.05,3,1,0.003129243850708008,20,1.0,inf,inf,inf,0.0,0.12590715396507074,-0.03346170860544362,0.12453249618933082
corn_oil,mp5_rep4,mp5_rep4,HJ+,0.1,3,1,0.0004246234893798828,20,1.0,inf,inf,inf,0.0,0.12590715396507074,-0.03346170860544362,0.12453249618933082
corn_oil,mp5_rep4,mp5_rep4,HJ+,0.2,3,1,0.0003688335418701172,20,1.0,inf,inf,inf,0.0,0.12590715396507074,-0.03346170860544362,0.12453249618933082
corn_oil,mp5_rep4,mp5_rep4,HJ+-D,0.05,3,1,0.0023691654205322266,20,1.0,inf,inf,inf,0.0,0.12590715396507074,-0.03346170860544362,0.12453249618933082
corn_oil,mp5_rep4,mp5_rep4,HJ+-D,0.1,3,1,0.0021474361419677734,20,1.0,inf,inf,inf,0.0,0.12590715396507074,-0.03346170860544362,0.12453249618933082
corn_oil,mp5_rep4,mp5_rep4,HJ+-D,0.2,3,1,0.00402522087097168,20,1.0,inf,inf,inf,0.0,0.12590715396507074,-0.03346170860544362,0.12453249618933082
corn_oil,mp5_rep4,mp5_rep4,HCP-D,0.05,3,1,0.0002875328063964844,20,1.0,inf,inf,inf,0.0,0.12590715396507074,-0.03346170860544362,0.12453249618933082
corn_oil,mp5_rep4,mp5_rep4,HCP-D,0.1,3,1,0.00016164779663085938,20,1.0,inf,inf,inf,0.0,0.12590715396507074,-0.03346170860544362,0.12453249618933082
corn_oil,mp5_rep4,mp5_rep4,HCP-D,0.2,3,1,0.00014662742614746094,20,1.0,inf,inf,inf,0.0,0.12590715396507074,-0.03346170860544362,0.12453249618933082
corn_oil,mp5_rep4,mp5_rep4,HCP-A,0.05,3,1,0.00014734268188476562,20,1.0,inf,inf,inf,0.0,0.12590715396507074,-0.03346170860544362,0.12453249618933082
corn_oil,mp5_rep4,mp5_rep4,HCP-A,0.1,3,1,0.00014448165893554688,20,1.0,inf,inf,inf,0.0,0.12590715396507074,-0.03346170860544362,0.12453249618933082
corn_oil,mp5_rep4,mp5_rep4,HCP-A,0.2,3,1,0.0001266002655029297,20,1.0,inf,inf,inf,0.0,0.12590715396507074,-0.03346170860544362,0.12453249618933082
corn_oil,mp5_rep4,mp5_rep4,ORACLE,0.05,3,1,0.00011181831359863281,20,1.0,inf,inf,inf,0.0,0.12590715396507074,-0.03346170860544362,0.12453249618933082
corn_oil,mp5_rep4,mp5_rep4,ORACLE,0.1,3,1,0.00012183189392089844,20,0.9,0.44676421162317315,0.44676421162317315,0.5378090599722694,1.0,0.12590715396507074,-0.03346170860544362,0.12453249618933082
corn_oil,mp5_rep4,mp5_rep4,ORACLE,0.2,3,1,9.083747863769531e-05,20,0.65,0.33296950988083873,0.33296950988083873,0.5742035344712793,1.0,0.12590715396507074,-0.03346170860544362,0.12453249618933082
corn_oil,mp5_rep5,mp5_rep5,ASTM-R,0.05,3,1,0.014414548873901367,20,0.9,0.6251328913523998,0.6233645410583364,1.270666441300903,1.0,0.19619588268200158,0.033049187310018845,0.19841629707980146
corn_oil,mp5_rep5,mp5_rep5,ASTM-R,0.1,3,1,0.00011014938354492188,20,0.9,0.5233567092719553,0.5218762592691744,0.9485949901797388,1.0,0.19619588268200158,0.033049187310018845,0.19841629707980146
corn_oil,mp5_rep5,mp5_rep5,ASTM-R,0.2,3,1,0.00010061264038085938,20,0.8,0.40683837693200164,0.40568752921076356,0.7107106322924921,1.0,0.19619588268200158,0.033049187310018845,0.19841629707980146
corn_oil,mp5_rep5,mp5_rep5,ASTM-G,0.05,3,1,0.00011086463928222656,20,0.9,0.630707496709185,0.6289233772000338,1.2650156657440403,1.0,0.19619588268200158,0.033049187310018845,0.19841629707980146
corn_oil,mp5_rep5,mp5_rep5,ASTM-G,0.1,3,1,9.751319885253906e-05,20,0.9,0.5280237283256245,0.5265300764506815,0.9485631056110269,1.0,0.19619588268200158,0.033049187310018845,0.19841629707980146
corn_oil,mp5_rep5,mp5_rep5,ASTM-G,0.2,3,1,9.560585021972656e-05,20,0.8,0.41046634696327666,0.4093052365891521,0.7106848089734553,1.0,0.19619588268200158,0.033049187310018845,0.19841629707980146
corn_oil,mp5_rep5,mp5_rep5,GPR,0.05,3,1,0.026248693466186523,20,0.9,0.604093330495939,0.5955292812447825,1.1630028441740603,1.0,0.19619588268200158,0.033049187310018845,0.19841629707980146
corn_oil,mp5_rep5,mp5_rep5,GPR,0.1,3,1,0.00010395050048828125,20,0.9,0.5069711043270109,0.4997839276323015,0.8875355505953545,1.0,0.19619588268200158,0.033049187310018845,0.19841629707980146
corn_oil,mp5_rep5,mp5_rep5,GPR,0.2,3,1,8.320808410644531e-05,20,0.85,0.39499539763930847,0.3893956668219096,0.6544173214130736,1.0,0.19619588268200158,0.033049187310018845,0.19841629707980146
corn_oil,mp5_rep5,mp5_rep5,BAG,0.05,3,1,0.020220518112182617,20,0.9,0.6268310273859554,0.6201126460318025,1.237477064028742,1.0,0.19619588268200158,0.033049187310018845,0.19841629707980146
corn_oil,mp5_rep5,mp5_rep5,BAG,0.1,3,1,0.00010657310485839844,20,0.9,0.5260531810861121,0.5204149377179745,0.9373157648375032,1.0,0.19619588268200158,0.033049187310018845,0.19841629707980146
corn_oil,mp5_rep5,mp5_rep5,BAG,0.2,3,1,8.320808410644531e-05,20,0.8,0.40986277850759406,0.4054698650610944,0.7021780810080087,1.0,0.19619588268200158,0.033049187310018845,0.19841629707980146
corn_oil,mp5_rep5,mp5_rep5,QGB,0.05,3,1,0.031759023666381836,20,0.8,0.45488105071478324,0.41210000995094487,0.6979820217579829,1.0,0.19619588268200158,0.033049187310018845,0.19841629707980146
corn_oil,mp5_rep5,mp5_rep5,QGB,0.1,3,1,0.026082754135131836,20,0.75,0.41337916650676776,0.382698604042252,0.6539748645949828,1.0,0.19619588268200158,0.033049187310018845,0.19841629707980146
corn_oil,mp5_rep5,mp5_rep5,QGB,0.2,3,1,0.037816762924194336,20,0.7,0.3657600633307972,0.3546967877345315,0.5770591857843714,1.0,0.19619588268200158,0.033049187310018845,0.19841629707980146
corn_oil,mp5_rep5,mp5_rep5,SCP,0.05,3,1,2.765655517578125e-05,20,0.9,0.6938221083961773,0.6938221083961773,1.3727809458306552,1.0,0.19619588268200158,0.033049187310018845,0.19841629707980146
corn_oil,mp5_rep5,mp5_rep5,SCP,0.1,3,1,1.1205673217773438e-05,20,0.9,0.5860840645129031,0.5860840645129031,1.0333015271134163,1.0,0.19619588268200158,0.033049187310018845,0.19841629707980146
corn_oil,mp5_rep5,mp5_rep5,SCP,0.2,3,1,8.58306884765625e-06,20,0.85,0.4455882403040716,0.4455882403040716,0.7739654194174508,1.0,0.19619588268200158,0.033049187310018845,0.19841629707980146
corn_oil,mp5_rep5,mp5_rep5,NCP-kNN,0.05,3,1,0.004717588424682617,20,0.95,0.8832542087724091,0.8778477290454514,1.352552753308223,1.0,0.19619588268200158,0.033049187310018845,0.19841629707980146
corn_oil,mp5_rep5,mp5_rep5,NCP-kNN,0.1,3,1,1.6450881958007812e-05,20,0.85,0.5507068850535324,0.5473359578844719,0.9782684531690704,1.0,0.19619588268200158,0.033049187310018845,0.19841629707980146
corn_oil,mp5_rep5,mp5_rep5,NCP-kNN,0.2,3,1,1.1920928955078125e-05,20,0.85,0.4549877213378638,0.45220269991708073,0.7467729258196834,1.0,0.19619588268200158,0.033049187310018845,0.19841629707980146
corn_oil,mp5_rep5,mp5_rep5,CV+,0.05,3,1,0.005223751068115234,20,0.9,0.5867438688722201,0.5860593836563033,1.3033626715517068,1.0,0.19619588268200158,0.033049187310018845,0.19841629707980146
corn_oil,mp5_rep5,mp5_rep5,CV+,0.1,3,1,0.0053670406341552734,20,0.9,0.5218691553074947,0.5232245185221323,0.9573439445915511,1.0,0.19619588268200158,0.033049187310018845,0.19841629707980146
corn_oil,mp5_rep5,mp5_rep5,CV+,0.2,3,1,0.004426002502441406,20,0.8,0.40572718928647084,0.40881284029519205,0.7046577871542785,1.0,0.19619588268200158,0.033049187310018845,0.19841629707980146
corn_oil,mp5_rep5,mp5_rep5,CQR,0.05,3,1,2.3603439331054688e-05,20,1.0,0.7836368573480288,0.7408558165841905,0.7836368573480288,1.0,0.19619588268200158,0.033049187310018845,0.19841629707980146
corn_oil,mp5_rep5,mp5_rep5,CQR,0.1,3,1,1.2636184692382812e-05,20,0.9,0.5421347923045069,0.5114542298399909,0.6088028879803412,1.0,0.19619588268200158,0.033049187310018845,0.19841629707980146
corn_oil,mp5_rep5,mp5_rep5,CQR,0.2,3,1,1.1205673217773438e-05,20,0.85,0.4528607572261388,0.4417974816298731,0.5752844205835533,1.0,0.19619588268200158,0.033049187310018845,0.19841629707980146
corn_oil,mp5_rep5,mp5_rep5,WCP,0.05,3,1,0.002645730972290039,20,0.9,0.6938221083961773,0.6938221083961773,1.3727809458306552,1.0,0.19619588268200158,0.033049187310018845,0.19841629707980146
corn_oil,mp5_rep5,mp5_rep5,WCP,0.1,3,1,0.00015473365783691406,20,0.9,0.5892178216283996,0.5860840645129031,1.0364352842289128,1.0,0.19619588268200158,0.033049187310018845,0.19841629707980146
corn_oil,mp5_rep5,mp5_rep5,WCP,0.2,3,1,0.00011014938354492188,20,0.85,0.5109853470289714,0.5225260129216007,0.7816591966792038,1.0,0.19619588268200158,0.033049187310018845,0.19841629707980146
corn_oil,mp5_rep5,mp5_rep5,R-U-A,0.05,3,1,5.054473876953125e-05,20,0.9,0.57127539101647,0.5712753910164698,1.3330656220540327,1.0,0.19619588268200158,0.033049187310018845,0.19841629707980146
corn_oil,mp5_rep5,mp5_rep5,R-U-A,0.1,3,1,4.172325134277344e-05,20,0.9,0.5150046945948112,0.5150046945948112,0.9521705065352511,1.0,0.19619588268200158,0.033049187310018845,0.19841629707980146
corn_oil,mp5_rep5,mp5_rep5,R-U-A,0.2,3,1,3.266334533691406e-05,20,0.75,0.390938715016258,0.390938715016258,0.7144102173726325,1.0,0.19619588268200158,0.033049187310018845,0.19841629707980146
corn_oil,mp5_rep5,mp5_rep5,R-U-D,0.05,3,1,0.002980470657348633,20,0.9,0.6814549266076873,0.5868615670477286,0.8164614362382017,1.0,0.19619588268200158,0.033049187310018845,0.19841629707980146
corn_oil,mp5_rep5,mp5_rep5,R-U-D,0.1,3,1,0.0004787445068359375,20,0.85,0.5718704291574749,0.49248859036692005,0.7070058115954376,1.0,0.19619588268200158,0.033049187310018845,0.19841629707980146
corn_oil,mp5_rep5,mp5_rep5,R-U-D,0.2,3,1,0.00037169456481933594,20,0.8,0.4461557325076262,0.3842244616678645,0.6414650928140502,1.0,0.19619588268200158,0.033049187310018845,0.19841629707980146
corn_oil,mp5_rep5,mp5_rep5,G-U-A,0.05,3,1,5.3882598876953125e-05,20,0.9,0.5689857204504377,0.5689857204504376,1.3353552926200651,1.0,0.19619588268200158,0.033049187310018845,0.19841629707980146
corn_oil,mp5_rep5,mp5_rep5,G-U-A,0.1,3,1,6.413459777832031e-05,20,0.9,0.5176366762900393,0.5176366762900395,0.9521705065352511,1.0,0.19619588268200158,0.033049187310018845,0.19841629707980146
corn_oil,mp5_rep5,mp5_rep5,G-U-A,0.2,3,1,3.4332275390625e-05,20,0.8,0.4043055531487818,0.4043055531487818,0.7136064437554476,1.0,0.19619588268200158,0.033049187310018845,0.19841629707980146
corn_oil,mp5_rep5,mp5_rep5,G-W-A,0.05,3,1,0.00011301040649414062,20,0.9,0.5689857204504377,0.5689857204504376,1.3353552926200651,1.0,0.19619588268200158,0.033049187310018845,0.19841629707980146
corn_oil,mp5_rep5,mp5_rep5,G-W-A,0.1,3,1,7.462501525878906e-05,20,0.9,0.5176366762900393,0.5176366762900395,0.9521705065352511,1.0,0.19619588268200158,0.033049187310018845,0.19841629707980146
corn_oil,mp5_rep5,mp5_rep5,G-W-A,0.2,3,1,6.890296936035156e-05,20,0.8,0.4043055531487818,0.4043055531487818,0.7136064437554476,1.0,0.19619588268200158,0.033049187310018845,0.19841629707980146
corn_oil,mp5_rep5,mp5_rep5,G-U-D,0.05,3,1,0.0032193660736083984,20,0.7,0.33643645380872833,0.24315037548741936,1.4121081854547466,1.0,0.19619588268200158,0.033049187310018845,0.19841629707980146
corn_oil,mp5_rep5,mp5_rep5,G-U-D,0.1,3,1,0.0003905296325683594,20,0.65,0.28793965950579176,0.20810062504807103,0.9916507610051457,1.0,0.19619588268200158,0.033049187310018845,0.19841629707980146
corn_oil,mp5_rep5,mp5_rep5,G-U-D,0.2,3,1,0.00036406517028808594,20,0.4,0.20811393968801947,0.15040873843022062,0.7302933790722419,1.0,0.19619588268200158,0.033049187310018845,0.19841629707980146
corn_oil,mp5_rep5,mp5_rep5,GC-D,0.05,3,1,0.0004010200500488281,20,0.7,0.33643645380872833,0.24315037548741936,1.4121081854547466,1.0,0.19619588268200158,0.033049187310018845,0.19841629707980146
corn_oil,mp5_rep5,mp5_rep5,GC-D,0.1,3,1,0.0004048347473144531,20,0.65,0.28793965950579176,0.20810062504807103,0.9916507610051457,1.0,0.19619588268200158,0.033049187310018845,0.19841629707980146
corn_oil,mp5_rep5,mp5_rep5,GC-D,0.2,3,1,0.0004119873046875,20,0.4,0.20811393968801947,0.15040873843022062,0.7302933790722419,1.0,0.19619588268200158,0.033049187310018845,0.19841629707980146
corn_oil,mp5_rep5,mp5_rep5,GC-D+,0.05,3,1,0.0004425048828125,20,1.0,inf,inf,inf,0.0,0.19619588268200158,0.033049187310018845,0.19841629707980146
corn_oil,mp5_rep5,mp5_rep5,GC-D+,0.1,3,1,0.0003876686096191406,20,1.0,inf,inf,inf,0.0,0.19619588268200158,0.033049187310018845,0.19841629707980146
corn_oil,mp5_rep5,mp5_rep5,GC-D+,0.2,3,1,0.0004050731658935547,20,1.0,inf,inf,inf,0.0,0.19619588268200158,0.033049187310018845,0.19841629707980146
corn_oil,mp5_rep5,mp5_rep5,HJ+,0.05,3,1,0.0015132427215576172,20,1.0,inf,inf,inf,0.0,0.19619588268200158,0.033049187310018845,0.19841629707980146
corn_oil,mp5_rep5,mp5_rep5,HJ+,0.1,3,1,0.00047206878662109375,20,1.0,inf,inf,inf,0.0,0.19619588268200158,0.033049187310018845,0.19841629707980146
corn_oil,mp5_rep5,mp5_rep5,HJ+,0.2,3,1,0.000453948974609375,20,1.0,inf,inf,inf,0.0,0.19619588268200158,0.033049187310018845,0.19841629707980146
corn_oil,mp5_rep5,mp5_rep5,HJ+-D,0.05,3,1,0.0021448135375976562,20,1.0,inf,inf,inf,0.0,0.19619588268200158,0.033049187310018845,0.19841629707980146
corn_oil,mp5_rep5,mp5_rep5,HJ+-D,0.1,3,1,0.0022733211517333984,20,1.0,inf,inf,inf,0.0,0.19619588268200158,0.033049187310018845,0.19841629707980146
corn_oil,mp5_rep5,mp5_rep5,HJ+-D,0.2,3,1,0.0024895668029785156,20,1.0,inf,inf,inf,0.0,0.19619588268200158,0.033049187310018845,0.19841629707980146
corn_oil,mp5_rep5,mp5_rep5,HCP-D,0.05,3,1,0.0003364086151123047,20,1.0,inf,inf,inf,0.0,0.19619588268200158,0.033049187310018845,0.19841629707980146
corn_oil,mp5_rep5,mp5_rep5,HCP-D,0.1,3,1,0.00018715858459472656,20,1.0,inf,inf,inf,0.0,0.19619588268200158,0.033049187310018845,0.19841629707980146
corn_oil,mp5_rep5,mp5_rep5,HCP-D,0.2,3,1,0.00014781951904296875,20,1.0,inf,inf,inf,0.0,0.19619588268200158,0.033049187310018845,0.19841629707980146
corn_oil,mp5_rep5,mp5_rep5,HCP-A,0.05,3,1,0.00013971328735351562,20,1.0,inf,inf,inf,0.0,0.19619588268200158,0.033049187310018845,0.19841629707980146
corn_oil,mp5_rep5,mp5_rep5,HCP-A,0.1,3,1,0.00015974044799804688,20,1.0,inf,inf,inf,0.0,0.19619588268200158,0.033049187310018845,0.19841629707980146
corn_oil,mp5_rep5,mp5_rep5,HCP-A,0.2,3,1,0.00014662742614746094,20,1.0,inf,inf,inf,0.0,0.19619588268200158,0.033049187310018845,0.19841629707980146
corn_oil,mp5_rep5,mp5_rep5,ORACLE,0.05,3,1,0.000118255615234375,20,1.0,inf,inf,inf,0.0,0.19619588268200158,0.033049187310018845,0.19841629707980146
corn_oil,mp5_rep5,mp5_rep5,ORACLE,0.1,3,1,9.679794311523438e-05,20,0.95,0.9521705065352514,0.952170506535251,1.240989242103054,1.0,0.19619588268200158,0.033049187310018845,0.19841629707980146
corn_oil,mp5_rep5,mp5_rep5,ORACLE,0.2,3,1,8.869171142578125e-05,20,0.65,0.36089373220488286,0.36089373220488286,0.8532317515987555,1.0,0.19619588268200158,0.033049187310018845,0.19841629707980146
corn_oil,mp5_rep6,mp5_rep6,ASTM-R,0.05,3,1,0.029477357864379883,20,0.85,0.6246240950765471,0.6229443568802502,1.4042300897742073,1.0,0.21912626492244755,0.12119356908948506,0.18730340933254425
corn_oil,mp5_rep6,mp5_rep6,ASTM-R,0.1,3,1,0.00017786026000976562,20,0.8,0.522930748730919,0.5215244841318021,1.0837004697432304,1.0,0.21912626492244755,0.12119356908948506,0.18730340933254425
corn_oil,mp5_rep6,mp5_rep6,ASTM-R,0.2,3,1,0.00010824203491210938,20,0.75,0.4065072507763946,0.40541407207646474,0.8132766511406448,1.0,0.21912626492244755,0.12119356908948506,0.18730340933254425
corn_oil,mp5_rep6,mp5_rep6,ASTM-G,0.05,3,1,0.00010561943054199219,20,0.85,0.6338583700186493,0.632153799023782,1.3856156585129877,1.0,0.21912626492244755,0.12119356908948506,0.18730340933254425
corn_oil,mp5_rep6,mp5_rep6,ASTM-G,0.1,3,1,0.00011968612670898438,20,0.8,0.5306616165400915,0.5292345621026513,1.0759108552126584,1.0,0.21912626492244755,0.12119356908948506,0.18730340933254425
corn_oil,mp5_rep6,mp5_rep6,ASTM-G,0.2,3,1,0.0001270771026611328,20,0.75,0.41251694484554075,0.4114076048851736,0.8117580489845351,1.0,0.21912626492244755,0.12119356908948506,0.18730340933254425
corn_oil,mp5_rep6,mp5_rep6,GPR,0.05,3,1,0.02721381187438965,20,0.85,0.5984418484075871,0.5930138446230351,1.0927667089915205,1.0,0.21912626492244755,0.12119356908948506,0.18730340933254425
corn_oil,mp5_rep6,mp5_rep6,GPR,0.1,3,1,9.846687316894531e-05,20,0.8,0.5022282310477049,0.49767290667309805,0.9175228472771078,1.0,0.21912626492244755,0.12119356908948506,0.18730340933254425
corn_oil,mp5_rep6,mp5_rep6,GPR,0.2,3,1,8.392333984375e-05,20,0.75,0.391300092125991,0.3877509112212678,0.7214215942945764,1.0,0.21912626492244755,0.12119356908948506,0.18730340933254425
corn_oil,mp5_rep6,mp5_rep6,BAG,0.05,3,1,0.017938613891601562,20,0.85,0.6152786943275054,0.6139106521866862,1.4234708125089797,1.0,0.21912626492244755,0.12119356908948506,0.18730340933254425
corn_oil,mp5_rep6,mp5_rep6,BAG,0.1,3,1,9.72747802734375e-05,20,0.8,0.5163581575648493,0.515210060408525,1.0925861799385344,1.0,0.21912626492244755,0.12119356908948506,0.18730340933254425
corn_oil,mp5_rep6,mp5_rep6,BAG,0.2,3,1,9.036064147949219e-05,20,0.75,0.402309113933383,0.40141459925804845,0.8166253769070426,1.0,0.21912626492244755,0.12119356908948506,0.18730340933254425
corn_oil,mp5_rep6,mp5_rep6,QGB,0.05,3,1,0.02972698211669922,20,0.8,0.45137025176142603,0.4118191538694749,0.8768104119237174,1.0,0.21912626492244755,0.12119356908948506,0.18730340933254425
corn_oil,mp5_rep6,mp5_rep6,QGB,0.1,3,1,0.04754924774169922,20,0.75,0.40442775235400086,0.37406391463137023,0.7819699733762056,1.0,0.21912626492244755,0.12119356908948506,0.18730340933254425
corn_oil,mp5_rep6,mp5_rep6,QGB,0.2,3,1,0.026034116744995117,20,0.6,0.32667183579158476,0.32557053594125396,0.8367213139793901,1.0,0.21912626492244755,0.12119356908948506,0.18730340933254425
corn_oil,mp5_rep6,mp5_rep6,SCP,0.05,3,1,5.6743621826171875e-05,20,0.9,0.6857285008720198,0.6857285008720195,1.4343420575783823,1.0,0.21912626492244755,0.12119356908948506,0.18730340933254425
corn_oil,mp5_rep6,mp5_rep6,SCP,0.1,3,1,1.049041748046875e-05,20,0.75,0.4608720018147787,0.4608720018147787,1.2470021750521785,1.0,0.21912626492244755,0.12119356908948506,0.18730340933254425
corn_oil,mp5_rep6,mp5_rep6,SCP,0.2,3,1,9.059906005859375e-06,20,0.6,0.3449743861897945,0.3449743861897945,0.8995783696533218,1.0,0.21912626492244755,0.12119356908948506,0.18730340933254425
corn_oil,mp5_rep6,mp5_rep6,NCP-kNN,0.05,3,1,0.0049359798431396484,20,0.85,0.7118968562948538,0.6848245656735452,1.47447787843888,1.0,0.21912626492244755,0.12119356908948506,0.18730340933254425
corn_oil,mp5_rep6,mp5_rep6,NCP-kNN,0.1,3,1,1.7404556274414062e-05,20,0.75,0.4452374991485816,0.42830583430714775,1.3334732749877778,1.0,0.21912626492244755,0.12119356908948506,0.18730340933254425
corn_oil,mp5_rep6,mp5_rep6,NCP-kNN,0.2,3,1,1.2159347534179688e-05,20,0.65,0.3310031882826866,0.31841567025878703,0.9371905558798488,1.0,0.21912626492244755,0.12119356908948506,0.18730340933254425
corn_oil,mp5_rep6,mp5_rep6,CV+,0.05,3,1,0.005074977874755859,20,0.85,0.6323115371583216,0.6349918645593962,1.5168863468117757,1.0,0.21912626492244755,0.12119356908948506,0.18730340933254425
corn_oil,mp5_rep6,mp5_rep6,CV+,0.1,3,1,0.004370212554931641,20,0.8,0.4876733553299273,0.48577963977529803,1.1263222076827315,1.0,0.21912626492244755,0.12119356908948506,0.18730340933254425
corn_oil,mp5_rep6,mp5_rep6,CV+,0.2,3,1,0.004326820373535156,20,0.75,0.4139116778007841,0.41414019290019954,0.8053175779790855,1.0,0.21912626492244755,0.12119356908948506,0.18730340933254425
corn_oil,mp5_rep6,mp5_rep6,CQR,0.05,3,1,2.3365020751953125e-05,20,1.0,0.716522855738509,0.6769717578465579,0.716522855738509,1.0,0.21912626492244755,0.12119356908948506,0.18730340933254425
corn_oil,mp5_rep6,mp5_rep6,CQR,0.1,3,1,1.4543533325195312e-05,20,0.75,0.46390982419465965,0.433545986472029,0.6927468656152174,1.0,0.21912626492244755,0.12119356908948506,0.18730340933254425
corn_oil,mp5_rep6,mp5_rep6,CQR,0.2,3,1,1.1205673217773438e-05,20,0.6,0.368289751659747,0.36718845180941617,0.7951033981112279,1.0,0.21912626492244755,0.12119356908948506,0.18730340933254425
corn_oil,mp5_rep6,mp5_rep6,WCP,0.05,3,1,0.0027022361755371094,20,1.0,inf,inf,inf,0.4,0.21912626492244755,0.12119356908948506,0.18730340933254425
corn_oil,mp5_rep6,mp5_rep6,WCP,0.1,3,1,0.00010752677917480469,20,1.0,inf,0.6857285008720195,inf,0.75,0.21912626492244755,0.12119356908948506,0.18730340933254425
corn_oil,mp5_rep6,mp5_rep6,WCP,0.2,3,1,8.749961853027344e-05,20,0.9,inf,0.4608720018147787,inf,0.95,0.21912626492244755,0.12119356908948506,0.18730340933254425
corn_oil,mp5_rep6,mp5_rep6,R-U-A,0.05,3,1,5.2928924560546875e-05,20,0.85,0.5882736059557494,0.5882736059557496,1.4867987645785898,1.0,0.21912626492244755,0.12119356908948506,0.18730340933254425
corn_oil,mp5_rep6,mp5_rep6,R-U-A,0.1,3,1,3.528594970703125e-05,20,0.8,0.4941171806237243,0.4941171806237241,1.1164877789316743,1.0,0.21912626492244755,0.12119356908948506,0.18730340933254425
corn_oil,mp5_rep6,mp5_rep6,R-U-A,0.2,3,1,3.6716461181640625e-05,20,0.75,0.40630420728558825,0.40630420728558825,0.8144217662206739,1.0,0.21912626492244755,0.12119356908948506,0.18730340933254425
corn_oil,mp5_rep6,mp5_rep6,R-U-D,0.05,3,1,0.002994060516357422,20,0.95,0.6711682350833791,0.6566926979096412,0.7960329203330073,1.0,0.21912626492244755,0.12119356908948506,0.18730340933254425
corn_oil,mp5_rep6,mp5_rep6,R-U-D,0.1,3,1,0.00039696693420410156,20,0.85,0.5501710508560459,0.5383051414129514,0.8011433065172444,1.0,0.21912626492244755,0.12119356908948506,0.18730340933254425
corn_oil,mp5_rep6,mp5_rep6,R-U-D,0.2,3,1,0.00036525726318359375,20,0.85,0.45646593700941623,0.4466210288413408,0.6739845200403911,1.0,0.21912626492244755,0.12119356908948506,0.18730340933254425
corn_oil,mp5_rep6,mp5_rep6,G-U-A,0.05,3,1,4.649162292480469e-05,20,0.85,0.6474221846222239,0.6474221846222239,1.3685016072456413,1.0,0.21912626492244755,0.12119356908948506,0.18730340933254425
corn_oil,mp5_rep6,mp5_rep6,G-U-A,0.1,3,1,3.4809112548828125e-05,20,0.8,0.4750764900164846,0.4750764900164848,1.1355284695389132,1.0,0.21912626492244755,0.12119356908948506,0.18730340933254425
corn_oil,mp5_rep6,mp5_rep6,G-U-A,0.2,3,1,3.528594970703125e-05,20,0.75,0.39887009302751864,0.39887009302751864,0.8162802947851914,1.0,0.21912626492244755,0.12119356908948506,0.18730340933254425
corn_oil,mp5_rep6,mp5_rep6,G-W-A,0.05,3,1,9.965896606445312e-05,20,0.85,0.6474221846222239,0.6474221846222239,1.3685016072456413,1.0,0.21912626492244755,0.12119356908948506,0.18730340933254425
corn_oil,mp5_rep6,mp5_rep6,G-W-A,0.1,3,1,7.390975952148438e-05,20,0.8,0.4750764900164846,0.4750764900164848,1.1355284695389132,1.0,0.21912626492244755,0.12119356908948506,0.18730340933254425
corn_oil,mp5_rep6,mp5_rep6,G-W-A,0.2,3,1,9.441375732421875e-05,20,0.75,0.39887009302751864,0.39887009302751864,0.8162802947851914,1.0,0.21912626492244755,0.12119356908948506,0.18730340933254425
corn_oil,mp5_rep6,mp5_rep6,G-U-D,0.05,3,1,0.0031175613403320312,20,0.7,0.40508619311320493,0.3616139981581381,1.267110969924993,1.0,0.21912626492244755,0.12119356908948506,0.18730340933254425
corn_oil,mp5_rep6,mp5_rep6,G-U-D,0.1,3,1,0.00045609474182128906,20,0.5,0.30584970019226254,0.27302716015078765,1.183682243517494,1.0,0.21912626492244755,0.12119356908948506,0.18730340933254425
corn_oil,mp5_rep6,mp5_rep6,G-U-D,0.2,3,1,0.00038552284240722656,20,0.4,0.2678390907352351,0.23909569397923658,0.825480435854403,1.0,0.21912626492244755,0.12119356908948506,0.18730340933254425
corn_oil,mp5_rep6,mp5_rep6,GC-D,0.05,3,1,0.0005009174346923828,20,0.7,0.40508619311320493,0.3616139981581381,1.267110969924993,1.0,0.21912626492244755,0.12119356908948506,0.18730340933254425
corn_oil,mp5_rep6,mp5_rep6,GC-D,0.1,3,1,0.0004477500915527344,20,0.5,0.30584970019226254,0.27302716015078765,1.183682243517494,1.0,0.21912626492244755,0.12119356908948506,0.18730340933254425
corn_oil,mp5_rep6,mp5_rep6,GC-D,0.2,3,1,0.0004253387451171875,20,0.4,0.2678390907352351,0.23909569397923658,0.825480435854403,1.0,0.21912626492244755,0.12119356908948506,0.18730340933254425
corn_oil,mp5_rep6,mp5_rep6,GC-D+,0.05,3,1,0.0003948211669921875,20,1.0,inf,inf,inf,0.0,0.21912626492244755,0.12119356908948506,0.18730340933254425
corn_oil,mp5_rep6,mp5_rep6,GC-D+,0.1,3,1,0.00044846534729003906,20,1.0,inf,inf,inf,0.0,0.21912626492244755,0.12119356908948506,0.18730340933254425
corn_oil,mp5_rep6,mp5_rep6,GC-D+,0.2,3,1,0.0003921985626220703,20,1.0,inf,inf,inf,0.0,0.21912626492244755,0.12119356908948506,0.18730340933254425
corn_oil,mp5_rep6,mp5_rep6,HJ+,0.05,3,1,0.0016913414001464844,20,1.0,inf,inf,inf,0.0,0.21912626492244755,0.12119356908948506,0.18730340933254425
corn_oil,mp5_rep6,mp5_rep6,HJ+,0.1,3,1,0.00040459632873535156,20,1.0,inf,inf,inf,0.0,0.21912626492244755,0.12119356908948506,0.18730340933254425
corn_oil,mp5_rep6,mp5_rep6,HJ+,0.2,3,1,0.0003554821014404297,20,1.0,inf,inf,inf,0.0,0.21912626492244755,0.12119356908948506,0.18730340933254425
corn_oil,mp5_rep6,mp5_rep6,HJ+-D,0.05,3,1,0.002312183380126953,20,1.0,inf,inf,inf,0.0,0.21912626492244755,0.12119356908948506,0.18730340933254425
corn_oil,mp5_rep6,mp5_rep6,HJ+-D,0.1,3,1,0.0021457672119140625,20,1.0,inf,inf,inf,0.0,0.21912626492244755,0.12119356908948506,0.18730340933254425
corn_oil,mp5_rep6,mp5_rep6,HJ+-D,0.2,3,1,0.002288341522216797,20,1.0,inf,inf,inf,0.0,0.21912626492244755,0.12119356908948506,0.18730340933254425
corn_oil,mp5_rep6,mp5_rep6,HCP-D,0.05,3,1,0.0002865791320800781,20,1.0,inf,inf,inf,0.0,0.21912626492244755,0.12119356908948506,0.18730340933254425
corn_oil,mp5_rep6,mp5_rep6,HCP-D,0.1,3,1,0.0001652240753173828,20,1.0,inf,inf,inf,0.0,0.21912626492244755,0.12119356908948506,0.18730340933254425
corn_oil,mp5_rep6,mp5_rep6,HCP-D,0.2,3,1,0.00013947486877441406,20,1.0,inf,inf,inf,0.0,0.21912626492244755,0.12119356908948506,0.18730340933254425
corn_oil,mp5_rep6,mp5_rep6,HCP-A,0.05,3,1,0.0001327991485595703,20,1.0,inf,inf,inf,0.0,0.21912626492244755,0.12119356908948506,0.18730340933254425
corn_oil,mp5_rep6,mp5_rep6,HCP-A,0.1,3,1,0.0001373291015625,20,1.0,inf,inf,inf,0.0,0.21912626492244755,0.12119356908948506,0.18730340933254425
corn_oil,mp5_rep6,mp5_rep6,HCP-A,0.2,3,1,0.0001544952392578125,20,1.0,inf,inf,inf,0.0,0.21912626492244755,0.12119356908948506,0.18730340933254425
corn_oil,mp5_rep6,mp5_rep6,ORACLE,0.05,3,1,0.00016760826110839844,20,1.0,inf,inf,inf,0.0,0.21912626492244755,0.12119356908948506,0.18730340933254425
corn_oil,mp5_rep6,mp5_rep6,ORACLE,0.1,3,1,0.00016117095947265625,20,0.95,1.0061802974222822,1.006180297422282,1.258811486602322,1.0,0.21912626492244755,0.12119356908948506,0.18730340933254425
corn_oil,mp5_rep6,mp5_rep6,ORACLE,0.2,3,1,0.00013709068298339844,20,0.85,0.6044246621331162,0.6044246621331164,0.8285828395339037,1.0,0.21912626492244755,0.12119356908948506,0.18730340933254425
corn_oil,mp5_rep7,mp5_rep7,ASTM-R,0.05,3,1,0.013813018798828125,20,1.0,0.6646258090828947,0.663474548106628,0.6646258090828947,1.0,0.1139709803654524,0.04977197544836607,0.10519222917782263
corn_oil,mp5_rep7,mp5_rep7,ASTM-R,0.1,3,1,0.00014710426330566406,20,0.95,0.5564198927148636,0.5554560654000844,0.5727145617102718,1.0,0.1139709803654524,0.04977197544836607,0.10519222917782263
corn_oil,mp5_rep7,mp5_rep7,ASTM-R,0.2,3,1,9.655952453613281e-05,20,0.95,0.4325404872705317,0.4317912431442208,0.47160091440589885,1.0,0.1139709803654524,0.04977197544836607,0.10519222917782263
corn_oil,mp5_rep7,mp5_rep7,ASTM-G,0.05,3,1,0.00011682510375976562,20,1.0,0.6890867615306229,0.6878931294342299,0.6890867615306229,1.0,0.1139709803654524,0.04977197544836607,0.10519222917782263
corn_oil,mp5_rep7,mp5_rep7,ASTM-G,0.1,3,1,0.00010037422180175781,20,0.95,0.5768984241692005,0.5758991240608697,0.5829725930312643,1.0,0.1139709803654524,0.04977197544836607,0.10519222917782263
corn_oil,mp5_rep7,mp5_rep7,ASTM-G,0.2,3,1,9.489059448242188e-05,20,0.95,0.44845974912622333,0.4476829297467475,0.48354765464104277,1.0,0.1139709803654524,0.04977197544836607,0.10519222917782263
corn_oil,mp5_rep7,mp5_rep7,GPR,0.05,3,1,0.025748491287231445,20,1.0,0.630355765691773,0.6290298559203298,0.630355765691773,1.0,0.1139709803654524,0.04977197544836607,0.10519222917782263
corn_oil,mp5_rep7,mp5_rep7,GPR,0.1,3,1,0.00010371208190917969,20,0.95,0.5290112347198063,0.52789849616248,0.5685218778790109,1.0,0.1139709803654524,0.04977197544836607,0.10519222917782263
corn_oil,mp5_rep7,mp5_rep7,GPR,0.2,3,1,8.726119995117188e-05,20,0.9,0.4121674810070205,0.4113005152072571,0.4633580418750477,1.0,0.1139709803654524,0.04977197544836607,0.10519222917782263
corn_oil,mp5_rep7,mp5_rep7,BAG,0.05,3,1,0.018695831298828125,20,1.0,0.705709602614688,0.6980263612910855,0.705709602614688,1.0,0.1139709803654524,0.04977197544836607,0.10519222917782263
corn_oil,mp5_rep7,mp5_rep7,BAG,0.1,3,1,9.226799011230469e-05,20,1.0,0.59225016816197,0.5858021887819631,0.59225016816197,1.0,0.1139709803654524,0.04977197544836607,0.10519222917782263
corn_oil,mp5_rep7,mp5_rep7,BAG,0.2,3,1,7.891654968261719e-05,20,0.95,0.46143870662141173,0.45641490515139127,0.46355633455278544,1.0,0.1139709803654524,0.04977197544836607,0.10519222917782263
corn_oil,mp5_rep7,mp5_rep7,QGB,0.05,3,1,0.031239986419677734,20,0.85,0.4193997297708302,0.4401834599712504,0.6021855720437251,1.0,0.1139709803654524,0.04977197544836607,0.10519222917782263
corn_oil,mp5_rep7,mp5_rep7,QGB,0.1,3,1,0.025843143463134766,20,0.85,0.3923116347091982,0.4221036526020374,0.5447658028922528,1.0,0.1139709803654524,0.04977197544836607,0.10519222917782263
corn_oil,mp5_rep7,mp5_rep7,QGB,0.2,3,1,0.02626347541809082,20,0.8,0.3386258443277293,0.35600713965462694,0.4548937053423098,1.0,0.1139709803654524,0.04977197544836607,0.10519222917782263
corn_oil,mp5_rep7,mp5_rep7,SCP,0.05,3,1,3.600120544433594e-05,20,1.0,1.3076666654562679,1.307666665456268,1.3076666654562679,1.0,0.1139709803654524,0.04977197544836607,0.10519222917782263
corn_oil,mp5_rep7,mp5_rep7,SCP,0.1,3,1,1.049041748046875e-05,20,0.95,0.5853769791345009,0.5853769791345007,0.6623998763905148,1.0,0.1139709803654524,0.04977197544836607,0.10519222917782263
corn_oil,mp5_rep7,mp5_rep7,SCP,0.2,3,1,1.1682510375976562e-05,20,0.95,0.46233244793815054,0.46233244793815054,0.531605029365245,1.0,0.1139709803654524,0.04977197544836607,0.10519222917782263
corn_oil,mp5_rep7,mp5_rep7,NCP-kNN,0.05,3,1,0.005352973937988281,20,1.0,1.1426305034330047,1.1230660274753224,1.1426305034330047,1.0,0.1139709803654524,0.04977197544836607,0.10519222917782263
corn_oil,mp5_rep7,mp5_rep7,NCP-kNN,0.1,3,1,2.4557113647460938e-05,20,0.95,0.6256348149960405,0.6149225005081078,0.7248003564136252,1.0,0.1139709803654524,0.04977197544836607,0.10519222917782263
corn_oil,mp5_rep7,mp5_rep7,NCP-kNN,0.2,3,1,1.52587890625e-05,20,0.9,0.455777078592952,0.44797312125993516,0.5498323984788852,1.0,0.1139709803654524,0.04977197544836607,0.10519222917782263
corn_oil,mp5_rep7,mp5_rep7,CV+,0.05,3,1,0.0059587955474853516,20,1.0,0.6466950735673919,0.6430672646161761,0.6466950735673919,1.0,0.1139709803654524,0.04977197544836607,0.10519222917782263
corn_oil,mp5_rep7,mp5_rep7,CV+,0.1,3,1,0.004920005798339844,20,1.0,0.5055583046774117,0.4913074546331857,0.5055583046774117,1.0,0.1139709803654524,0.04977197544836607,0.10519222917782263
corn_oil,mp5_rep7,mp5_rep7,CV+,0.2,3,1,0.0052642822265625,20,0.95,0.41876822624325943,0.4132274671457996,0.4295919552151643,1.0,0.1139709803654524,0.04977197544836607,0.10519222917782263
corn_oil,mp5_rep7,mp5_rep7,CQR,0.05,3,1,7.05718994140625e-05,20,1.0,0.6443916064080341,0.6651753366084543,0.6443916064080341,1.0,0.1139709803654524,0.04977197544836607,0.10519222917782263
corn_oil,mp5_rep7,mp5_rep7,CQR,0.1,3,1,1.6689300537109375e-05,20,1.0,0.5564662359714994,0.5862582538643386,0.5564662359714994,1.0,0.1139709803654524,0.04977197544836607,0.10519222917782263
corn_oil,mp5_rep7,mp5_rep7,CQR,0.2,3,1,1.2159347534179688e-05,20,0.9,0.4395531076681493,0.45693440299504706,0.4845960102783473,1.0,0.1139709803654524,0.04977197544836607,0.10519222917782263
corn_oil,mp5_rep7,mp5_rep7,WCP,0.05,3,1,0.003431081771850586,20,1.0,inf,1.1765011108242212,inf,0.9,0.1139709803654524,0.04977197544836607,0.10519222917782263
corn_oil,mp5_rep7,mp5_rep7,WCP,0.1,3,1,0.00016427040100097656,20,0.95,0.5712480677886245,0.5665384306733321,0.6576902392752226,1.0,0.1139709803654524,0.04977197544836607,0.10519222917782263
corn_oil,mp5_rep7,mp5_rep7,WCP,0.2,3,1,8.7738037109375e-05,20,0.95,0.43960226159203125,0.4298607531579801,0.5169927667141684,1.0,0.1139709803654524,0.04977197544836607,0.10519222917782263
corn_oil,mp5_rep7,mp5_rep7,R-U-A,0.05,3,1,5.6743621826171875e-05,20,0.95,0.5685568144294664,0.5685568144294662,0.5879894749946282,1.0,0.1139709803654524,0.04977197544836607,0.10519222917782263
corn_oil,mp5_rep7,mp5_rep7,R-U-A,0.1,3,1,4.315376281738281e-05,20,0.95,0.4658523730362827,0.4658523730362827,0.5269209240154553,1.0,0.1139709803654524,0.04977197544836607,0.10519222917782263
corn_oil,mp5_rep7,mp5_rep7,R-U-A,0.2,3,1,3.528594970703125e-05,20,0.95,0.40302603240420076,0.40302603240420076,0.4492668930518075,1.0,0.1139709803654524,0.04977197544836607,0.10519222917782263
corn_oil,mp5_rep7,mp5_rep7,R-U-D,0.05,3,1,0.00556492805480957,20,1.0,0.5328723476264858,0.5213246320277336,0.5328723476264858,1.0,0.1139709803654524,0.04977197544836607,0.10519222917782263
corn_oil,mp5_rep7,mp5_rep7,R-U-D,0.1,3,1,0.0004398822784423828,20,1.0,0.4837598514396616,0.47327643790281293,0.4837598514396616,1.0,0.1139709803654524,0.04977197544836607,0.10519222917782263
corn_oil,mp5_rep7,mp5_rep7,R-U-D,0.2,3,1,0.00036835670471191406,20,0.95,0.3825848958107867,0.37429401415990027,0.39938753063697896,1.0,0.1139709803654524,0.04977197544836607,0.10519222917782263
corn_oil,mp5_rep7,mp5_rep7,G-U-A,0.05,3,1,4.100799560546875e-05,20,1.0,0.6825505875472466,0.6825505875472464,0.6825505875472466,1.0,0.1139709803654524,0.04977197544836607,0.10519222917782263
corn_oil,mp5_rep7,mp5_rep7,G-U-A,0.1,3,1,3.3855438232421875e-05,20,0.95,0.5235396833365815,0.5235396833365815,0.5557645791656047,1.0,0.1139709803654524,0.04977197544836607,0.10519222917782263
corn_oil,mp5_rep7,mp5_rep7,G-U-A,0.2,3,1,6.532669067382812e-05,20,0.95,0.3816982232546007,0.3816982232546007,0.43327103618960744,1.0,0.1139709803654524,0.04977197544836607,0.10519222917782263
corn_oil,mp5_rep7,mp5_rep7,G-W-A,0.05,3,1,9.846687316894531e-05,20,1.0,0.6825505875472466,0.6825505875472464,0.6825505875472466,1.0,0.1139709803654524,0.04977197544836607,0.10519222917782263
corn_oil,mp5_rep7,mp5_rep7,G-W-A,0.1,3,1,7.343292236328125e-05,20,0.95,0.5235396833365815,0.5235396833365815,0.5557645791656047,1.0,0.1139709803654524,0.04977197544836607,0.10519222917782263
corn_oil,mp5_rep7,mp5_rep7,G-W-A,0.2,3,1,6.628036499023438e-05,20,0.95,0.3816982232546007,0.3816982232546007,0.43327103618960744,1.0,0.1139709803654524,0.04977197544836607,0.10519222917782263
corn_oil,mp5_rep7,mp5_rep7,G-U-D,0.05,3,1,0.003197908401489258,20,1.0,0.5116608100188215,0.5045205739490948,0.5116608100188215,1.0,0.1139709803654524,0.04977197544836607,0.10519222917782263
corn_oil,mp5_rep7,mp5_rep7,G-U-D,0.1,3,1,0.0003781318664550781,20,0.95,0.37989721541136406,0.37459574274205965,0.440190712023556,1.0,0.1139709803654524,0.04977197544836607,0.10519222917782263
corn_oil,mp5_rep7,mp5_rep7,G-U-D,0.2,3,1,0.0003414154052734375,20,0.9,0.30139588537866774,0.2971899002222731,0.36707283906160176,1.0,0.1139709803654524,0.04977197544836607,0.10519222917782263
corn_oil,mp5_rep7,mp5_rep7,GC-D,0.05,3,1,0.0004611015319824219,20,1.0,0.5116608100188215,0.5045205739490948,0.5116608100188215,1.0,0.1139709803654524,0.04977197544836607,0.10519222917782263
corn_oil,mp5_rep7,mp5_rep7,GC-D,0.1,3,1,0.0004856586456298828,20,0.95,0.37989721541136406,0.37459574274205965,0.440190712023556,1.0,0.1139709803654524,0.04977197544836607,0.10519222917782263
corn_oil,mp5_rep7,mp5_rep7,GC-D,0.2,3,1,0.0004029273986816406,20,0.9,0.30139588537866774,0.2971899002222731,0.36707283906160176,1.0,0.1139709803654524,0.04977197544836607,0.10519222917782263
corn_oil,mp5_rep7,mp5_rep7,GC-D+,0.05,3,1,0.00044465065002441406,20,1.0,inf,inf,inf,0.0,0.1139709803654524,0.04977197544836607,0.10519222917782263
corn_oil,mp5_rep7,mp5_rep7,GC-D+,0.1,3,1,0.0003991127014160156,20,1.0,inf,inf,inf,0.0,0.1139709803654524,0.04977197544836607,0.10519222917782263
corn_oil,mp5_rep7,mp5_rep7,GC-D+,0.2,3,1,0.0004134178161621094,20,1.0,inf,inf,inf,0.0,0.1139709803654524,0.04977197544836607,0.10519222917782263
corn_oil,mp5_rep7,mp5_rep7,HJ+,0.05,3,1,0.0018177032470703125,20,1.0,inf,inf,inf,0.0,0.1139709803654524,0.04977197544836607,0.10519222917782263
corn_oil,mp5_rep7,mp5_rep7,HJ+,0.1,3,1,0.00038933753967285156,20,1.0,inf,inf,inf,0.0,0.1139709803654524,0.04977197544836607,0.10519222917782263
corn_oil,mp5_rep7,mp5_rep7,HJ+,0.2,3,1,0.00038433074951171875,20,1.0,inf,inf,inf,0.0,0.1139709803654524,0.04977197544836607,0.10519222917782263
corn_oil,mp5_rep7,mp5_rep7,HJ+-D,0.05,3,1,0.0022759437561035156,20,1.0,inf,inf,inf,0.0,0.1139709803654524,0.04977197544836607,0.10519222917782263
corn_oil,mp5_rep7,mp5_rep7,HJ+-D,0.1,3,1,0.002123594284057617,20,1.0,inf,inf,inf,0.0,0.1139709803654524,0.04977197544836607,0.10519222917782263
corn_oil,mp5_rep7,mp5_rep7,HJ+-D,0.2,3,1,0.0021238327026367188,20,1.0,inf,inf,inf,0.0,0.1139709803654524,0.04977197544836607,0.10519222917782263
corn_oil,mp5_rep7,mp5_rep7,HCP-D,0.05,3,1,0.0002586841583251953,20,1.0,inf,inf,inf,0.0,0.1139709803654524,0.04977197544836607,0.10519222917782263
corn_oil,mp5_rep7,mp5_rep7,HCP-D,0.1,3,1,0.0001595020294189453,20,1.0,inf,inf,inf,0.0,0.1139709803654524,0.04977197544836607,0.10519222917782263
corn_oil,mp5_rep7,mp5_rep7,HCP-D,0.2,3,1,0.00015926361083984375,20,1.0,inf,inf,inf,0.0,0.1139709803654524,0.04977197544836607,0.10519222917782263
corn_oil,mp5_rep7,mp5_rep7,HCP-A,0.05,3,1,0.00014328956604003906,20,1.0,inf,inf,inf,0.0,0.1139709803654524,0.04977197544836607,0.10519222917782263
corn_oil,mp5_rep7,mp5_rep7,HCP-A,0.1,3,1,0.0001323223114013672,20,1.0,inf,inf,inf,0.0,0.1139709803654524,0.04977197544836607,0.10519222917782263
corn_oil,mp5_rep7,mp5_rep7,HCP-A,0.2,3,1,0.00013065338134765625,20,1.0,inf,inf,inf,0.0,0.1139709803654524,0.04977197544836607,0.10519222917782263
corn_oil,mp5_rep7,mp5_rep7,ORACLE,0.05,3,1,0.00011587142944335938,20,1.0,inf,inf,inf,0.0,0.1139709803654524,0.04977197544836607,0.10519222917782263
corn_oil,mp5_rep7,mp5_rep7,ORACLE,0.1,3,1,9.918212890625e-05,20,0.8,0.424235667525076,0.424235667525076,0.69535887741372,1.0,0.1139709803654524,0.04977197544836607,0.10519222917782263
corn_oil,mp5_rep7,mp5_rep7,ORACLE,0.2,3,1,8.678436279296875e-05,20,0.8,0.2962893341710813,0.2962893341710813,0.4685477855117634,1.0,0.1139709803654524,0.04977197544836607,0.10519222917782263
corn_oil,mp5_rep8,mp5_rep8,ASTM-R,0.05,3,1,0.01401972770690918,20,0.95,0.6637446630974105,0.6631761537862859,1.2647865623114272,1.0,0.18985453703910968,0.05509137622115865,0.18640557225800727
corn_oil,mp5_rep8,mp5_rep8,ASTM-R,0.1,3,1,0.00014138221740722656,20,0.95,0.5556822037054857,0.5552062518456871,0.9113359949537514,1.0,0.18985453703910968,0.05509137622115865,0.18640557225800727
corn_oil,mp5_rep8,mp5_rep8,ASTM-R,0.2,3,1,0.00010418891906738281,20,0.85,0.4319670347974117,0.4315970472177977,0.6674263374676866,1.0,0.18985453703910968,0.05509137622115865,0.18640557225800727
corn_oil,mp5_rep8,mp5_rep8,ASTM-G,0.05,3,1,0.00011444091796875,20,0.95,0.6818316865325924,0.6812476853587004,1.2644177962999343,1.0,0.18985453703910968,0.05509137622115865,0.18640557225800727
corn_oil,mp5_rep8,mp5_rep8,ASTM-G,0.1,3,1,0.00011801719665527344,20,0.95,0.5708245281560245,0.5703356066214083,0.918752793067857,1.0,0.18985453703910968,0.05509137622115865,0.18640557225800727
corn_oil,mp5_rep8,mp5_rep8,ASTM-G,0.2,3,1,0.00010442733764648438,20,0.9,0.44373812436843274,0.4433580546376614,0.6708522508052234,1.0,0.18985453703910968,0.05509137622115865,0.18640557225800727
corn_oil,mp5_rep8,mp5_rep8,GPR,0.05,3,1,0.029005765914916992,20,0.95,0.6328998395837745,0.6315206512946698,1.1000154978596908,1.0,0.18985453703910968,0.05509137622115865,0.18640557225800727
corn_oil,mp5_rep8,mp5_rep8,GPR,0.1,3,1,9.751319885253906e-05,20,0.9,0.5311462888338099,0.5299888375349715,0.8228390990206448,1.0,0.18985453703910968,0.05509137622115865,0.18640557225800727
corn_oil,mp5_rep8,mp5_rep8,GPR,0.2,3,1,8.511543273925781e-05,20,0.85,0.41383096151220994,0.4129291587622492,0.6230945306577177,1.0,0.18985453703910968,0.05509137622115865,0.18640557225800727
corn_oil,mp5_rep8,mp5_rep8,BAG,0.05,3,1,0.027960777282714844,20,0.95,0.6391558796019619,0.630634135116797,1.1401653661676905,1.0,0.18985453703910968,0.05509137622115865,0.18640557225800727
corn_oil,mp5_rep8,mp5_rep8,BAG,0.1,3,1,0.00010585784912109375,20,0.95,0.5363965231214994,0.5292448497055888,0.8464205180001019,1.0,0.18985453703910968,0.05509137622115865,0.18640557225800727
corn_oil,mp5_rep8,mp5_rep8,BAG,0.2,3,1,8.130073547363281e-05,20,0.85,0.4179215662083463,0.4123494969906063,0.6282181416509693,1.0,0.18985453703910968,0.05509137622115865,0.18640557225800727
corn_oil,mp5_rep8,mp5_rep8,QGB,0.05,3,1,0.030269145965576172,20,0.95,0.48171490279013246,0.47835999358528625,0.4876440830535927,1.0,0.18985453703910968,0.05509137622115865,0.18640557225800727
corn_oil,mp5_rep8,mp5_rep8,QGB,0.1,3,1,0.026148080825805664,20,0.95,0.424878700382064,0.4251423245068304,0.49997069263057936,1.0,0.18985453703910968,0.05509137622115865,0.18640557225800727
corn_oil,mp5_rep8,mp5_rep8,QGB,0.2,3,1,0.026340007781982422,20,0.75,0.3504640691938922,0.33345934312579795,0.4624856345476186,1.0,0.18985453703910968,0.05509137622115865,0.18640557225800727
corn_oil,mp5_rep8,mp5_rep8,SCP,0.05,3,1,2.7894973754882812e-05,20,0.95,0.5964259223756685,0.5964259223756683,1.3617628484839062,1.0,0.18985453703910968,0.05509137622115865,0.18640557225800727
corn_oil,mp5_rep8,mp5_rep8,SCP,0.1,3,1,1.0013580322265625e-05,20,0.9,0.5368184045223838,0.5368184045223838,0.9577707882926975,1.0,0.18985453703910968,0.05509137622115865,0.18640557225800727
corn_oil,mp5_rep8,mp5_rep8,SCP,0.2,3,1,8.58306884765625e-06,20,0.85,0.42758343881352623,0.42758343881352623,0.7120330231666625,1.0,0.18985453703910968,0.05509137622115865,0.18640557225800727
corn_oil,mp5_rep8,mp5_rep8,NCP-kNN,0.05,3,1,0.006324052810668945,20,0.9,0.5866261485986073,0.5926359911825076,1.3857779319711432,1.0,0.18985453703910968,0.05509137622115865,0.18640557225800727
corn_oil,mp5_rep8,mp5_rep8,NCP-kNN,0.1,3,1,1.6689300537109375e-05,20,0.9,0.5095566207567357,0.5147769047240423,0.9824668110043107,1.0,0.18985453703910968,0.05509137622115865,0.18640557225800727
corn_oil,mp5_rep8,mp5_rep8,NCP-kNN,0.2,3,1,1.2874603271484375e-05,20,0.85,0.4426131151211868,0.44714757911295133,0.724667723657354,1.0,0.18985453703910968,0.05509137622115865,0.18640557225800727
corn_oil,mp5_rep8,mp5_rep8,CV+,0.05,3,1,0.005093812942504883,20,0.95,0.6484561851976111,0.649431638953013,1.2854199385074279,1.0,0.18985453703910968,0.05509137622115865,0.18640557225800727
corn_oil,mp5_rep8,mp5_rep8,CV+,0.1,3,1,0.0043942928314208984,20,0.95,0.5645656654082031,0.5661509082914868,0.9329754297370589,1.0,0.18985453703910968,0.05509137622115865,0.18640557225800727
corn_oil,mp5_rep8,mp5_rep8,CV+,0.2,3,1,0.004695415496826172,20,0.9,0.4640979850615697,0.463529405234701,0.6844569380100041,1.0,0.18985453703910968,0.05509137622115865,0.18640557225800727
corn_oil,mp5_rep8,mp5_rep8,CQR,0.05,3,1,2.5033950805664062e-05,20,1.0,0.5124945462288737,0.5091396370240275,0.5124945462288737,1.0,0.18985453703910968,0.05509137622115865,0.18640557225800727
corn_oil,mp5_rep8,mp5_rep8,CQR,0.1,3,1,1.52587890625e-05,20,0.95,0.5165376099304461,0.5168012340552126,0.5458001474047703,1.0,0.18985453703910968,0.05509137622115865,0.18640557225800727
corn_oil,mp5_rep8,mp5_rep8,CQR,0.2,3,1,1.2636184692382812e-05,20,0.95,0.4636934378854775,0.44668871181738323,0.504689552427707,1.0,0.18985453703910968,0.05509137622115865,0.18640557225800727
corn_oil,mp5_rep8,mp5_rep8,WCP,0.05,3,1,0.0027313232421875,20,0.95,inf,0.5964259223756683,inf,0.75,0.18985453703910968,0.05509137622115865,0.18640557225800727
corn_oil,mp5_rep8,mp5_rep8,WCP,0.1,3,1,0.00011086463928222656,20,0.9,0.5390223002969642,0.5408254877488936,0.9579711424540228,1.0,0.18985453703910968,0.05509137622115865,0.18640557225800727
corn_oil,mp5_rep8,mp5_rep8,WCP,0.2,3,1,7.843971252441406e-05,20,0.85,0.4331893556131008,0.42758343881352623,0.7176389399662371,1.0,0.18985453703910968,0.05509137622115865,0.18640557225800727
corn_oil,mp5_rep8,mp5_rep8,R-U-A,0.05,3,1,5.507469177246094e-05,20,0.95,0.6328554266506465,0.6328554266506465,1.2783192739229987,1.0,0.18985453703910968,0.05509137622115865,0.18640557225800727
corn_oil,mp5_rep8,mp5_rep8,R-U-A,0.1,3,1,3.814697265625e-05,20,0.95,0.5648653288416847,0.5648653288416847,0.9215923013823417,1.0,0.18985453703910968,0.05509137622115865,0.18640557225800727
corn_oil,mp5_rep8,mp5_rep8,R-U-A,0.2,3,1,3.3855438232421875e-05,20,0.9,0.45050667556177615,0.45050667556177615,0.676326804414557,1.0,0.18985453703910968,0.05509137622115865,0.18640557225800727
corn_oil,mp5_rep8,mp5_rep8,R-U-D,0.05,3,1,0.0029799938201904297,20,0.95,0.617630268927369,0.5455953232484623,0.7662871891987658,1.0,0.18985453703910968,0.05509137622115865,0.18640557225800727
corn_oil,mp5_rep8,mp5_rep8,R-U-D,0.1,3,1,0.0004181861877441406,20,0.95,0.5295956819222758,0.4678283138084871,0.6844329543378784,1.0,0.18985453703910968,0.05509137622115865,0.18640557225800727
corn_oil,mp5_rep8,mp5_rep8,R-U-D,0.2,3,1,0.0003674030303955078,20,0.9,0.4450443323983526,0.3931382877598719,0.5701680920856192,1.0,0.18985453703910968,0.05509137622115865,0.18640557225800727
corn_oil,mp5_rep8,mp5_rep8,G-U-A,0.05,3,1,4.1484832763671875e-05,20,0.95,0.6776825681950607,0.6776825681950607,1.2783192739229985,1.0,0.18985453703910968,0.05509137622115865,0.18640557225800727
corn_oil,mp5_rep8,mp5_rep8,G-U-A,0.1,3,1,3.552436828613281e-05,20,0.95,0.548991741606204,0.548991741606204,0.9136555077646014,1.0,0.18985453703910968,0.05509137622115865,0.18640557225800727
corn_oil,mp5_rep8,mp5_rep8,G-U-A,0.2,3,1,3.314018249511719e-05,20,0.85,0.4265080625933271,0.4265080625933271,0.6684237321779394,1.0,0.18985453703910968,0.05509137622115865,0.18640557225800727
corn_oil,mp5_rep8,mp5_rep8,G-W-A,0.05,3,1,0.00013208389282226562,20,0.95,0.6776825681950607,0.6776825681950607,1.2783192739229985,1.0,0.18985453703910968,0.05509137622115865,0.18640557225800727
corn_oil,mp5_rep8,mp5_rep8,G-W-A,0.1,3,1,7.534027099609375e-05,20,0.95,0.548991741606204,0.548991741606204,0.9136555077646014,1.0,0.18985453703910968,0.05509137622115865,0.18640557225800727
corn_oil,mp5_rep8,mp5_rep8,G-W-A,0.2,3,1,6.961822509765625e-05,20,0.85,0.4265080625933271,0.4265080625933271,0.6684237321779394,1.0,0.18985453703910968,0.05509137622115865,0.18640557225800727
corn_oil,mp5_rep8,mp5_rep8,G-U-D,0.05,3,1,0.0032503604888916016,20,0.65,0.2598356991185568,0.18953385624067476,1.5676511608347141,1.0,0.18985453703910968,0.05509137622115865,0.18640557225800727
corn_oil,mp5_rep8,mp5_rep8,G-U-D,0.1,3,1,0.00042247772216796875,20,0.55,0.2346318282503843,0.17114921219814416,0.9983110178681901,1.0,0.18985453703910968,0.05509137622115865,0.18640557225800727
corn_oil,mp5_rep8,mp5_rep8,G-U-D,0.2,3,1,0.0003325939178466797,20,0.4,0.19549663442364373,0.1426025412600449,0.6928888509262469,1.0,0.18985453703910968,0.05509137622115865,0.18640557225800727
corn_oil,mp5_rep8,mp5_rep8,GC-D,0.05,3,1,0.00047969818115234375,20,0.65,0.2598356991185568,0.18953385624067476,1.5676511608347141,1.0,0.18985453703910968,0.05509137622115865,0.18640557225800727
corn_oil,mp5_rep8,mp5_rep8,GC-D,0.1,3,1,0.0003829002380371094,20,0.55,0.2346318282503843,0.17114921219814416,0.9983110178681901,1.0,0.18985453703910968,0.05509137622115865,0.18640557225800727
corn_oil,mp5_rep8,mp5_rep8,GC-D,0.2,3,1,0.0004215240478515625,20,0.4,0.19549663442364373,0.1426025412600449,0.6928888509262469,1.0,0.18985453703910968,0.05509137622115865,0.18640557225800727
corn_oil,mp5_rep8,mp5_rep8,GC-D+,0.05,3,1,0.0005164146423339844,20,1.0,inf,inf,inf,0.0,0.18985453703910968,0.05509137622115865,0.18640557225800727
corn_oil,mp5_rep8,mp5_rep8,GC-D+,0.1,3,1,0.0006272792816162109,20,1.0,inf,inf,inf,0.0,0.18985453703910968,0.05509137622115865,0.18640557225800727
corn_oil,mp5_rep8,mp5_rep8,GC-D+,0.2,3,1,0.0006127357482910156,20,1.0,inf,inf,inf,0.0,0.18985453703910968,0.05509137622115865,0.18640557225800727
corn_oil,mp5_rep8,mp5_rep8,HJ+,0.05,3,1,0.0017654895782470703,20,1.0,inf,inf,inf,0.0,0.18985453703910968,0.05509137622115865,0.18640557225800727
corn_oil,mp5_rep8,mp5_rep8,HJ+,0.1,3,1,0.0004456043243408203,20,1.0,inf,inf,inf,0.0,0.18985453703910968,0.05509137622115865,0.18640557225800727
corn_oil,mp5_rep8,mp5_rep8,HJ+,0.2,3,1,0.0003788471221923828,20,1.0,inf,inf,inf,0.0,0.18985453703910968,0.05509137622115865,0.18640557225800727
corn_oil,mp5_rep8,mp5_rep8,HJ+-D,0.05,3,1,0.002167940139770508,20,1.0,inf,inf,inf,0.0,0.18985453703910968,0.05509137622115865,0.18640557225800727
corn_oil,mp5_rep8,mp5_rep8,HJ+-D,0.1,3,1,0.002114534378051758,20,1.0,inf,inf,inf,0.0,0.18985453703910968,0.05509137622115865,0.18640557225800727
corn_oil,mp5_rep8,mp5_rep8,HJ+-D,0.2,3,1,0.002068042755126953,20,1.0,inf,inf,inf,0.0,0.18985453703910968,0.05509137622115865,0.18640557225800727
corn_oil,mp5_rep8,mp5_rep8,HCP-D,0.05,3,1,0.0003287792205810547,20,1.0,inf,inf,inf,0.0,0.18985453703910968,0.05509137622115865,0.18640557225800727
corn_oil,mp5_rep8,mp5_rep8,HCP-D,0.1,3,1,0.00018930435180664062,20,1.0,inf,inf,inf,0.0,0.18985453703910968,0.05509137622115865,0.18640557225800727
corn_oil,mp5_rep8,mp5_rep8,HCP-D,0.2,3,1,0.00014328956604003906,20,1.0,inf,inf,inf,0.0,0.18985453703910968,0.05509137622115865,0.18640557225800727
corn_oil,mp5_rep8,mp5_rep8,HCP-A,0.05,3,1,0.00013637542724609375,20,1.0,inf,inf,inf,0.0,0.18985453703910968,0.05509137622115865,0.18640557225800727
corn_oil,mp5_rep8,mp5_rep8,HCP-A,0.1,3,1,0.0001609325408935547,20,1.0,inf,inf,inf,0.0,0.18985453703910968,0.05509137622115865,0.18640557225800727
corn_oil,mp5_rep8,mp5_rep8,HCP-A,0.2,3,1,0.0001418590545654297,20,1.0,inf,inf,inf,0.0,0.18985453703910968,0.05509137622115865,0.18640557225800727
corn_oil,mp5_rep8,mp5_rep8,ORACLE,0.05,3,1,0.00011348724365234375,20,1.0,inf,inf,inf,0.0,0.18985453703910968,0.05509137622115865,0.18640557225800727
corn_oil,mp5_rep8,mp5_rep8,ORACLE,0.1,3,1,9.274482727050781e-05,20,0.85,0.8168319369199122,0.8168319369199122,1.4074084701038883,1.0,0.18985453703910968,0.05509137622115865,0.18640557225800727
corn_oil,mp5_rep8,mp5_rep8,ORACLE,0.2,3,1,9.083747863769531e-05,20,0.85,0.43641510169202036,0.43641510169202036,0.738070110142355,1.0,0.18985453703910968,0.05509137622115865,0.18640557225800727
corn_oil,mp5_rep9,mp5_rep9,ASTM-R,0.05,3,1,0.013679027557373047,20,0.95,0.6498666080698445,0.6487466918774363,0.6520740809542271,1.0,0.14619625955321747,0.017854010592370063,0.14887147622987548
corn_oil,mp5_rep9,mp5_rep9,ASTM-R,0.1,3,1,0.00011491775512695312,20,0.9,0.5440635969887457,0.543126011299004,0.5998672084574432,1.0,0.14619625955321747,0.017854010592370063,0.14887147622987548
corn_oil,mp5_rep9,mp5_rep9,ASTM-R,0.2,3,1,9.751319885253906e-05,20,0.85,0.4229351545996298,0.42220630975348294,0.521744132568236,1.0,0.14619625955321747,0.017854010592370063,0.14887147622987548
corn_oil,mp5_rep9,mp5_rep9,ASTM-G,0.05,3,1,0.00016427040100097656,20,1.0,0.7255300278913783,0.7242797208033944,0.7255300278913783,1.0,0.14619625955321747,0.017854010592370063,0.14887147622987548
corn_oil,mp5_rep9,mp5_rep9,ASTM-G,0.1,3,1,0.0001163482666015625,20,0.95,0.6074084616692664,0.606361713670243,0.6296551723204941,1.0,0.14619625955321747,0.017854010592370063,0.14887147622987548
corn_oil,mp5_rep9,mp5_rep9,ASTM-G,0.2,3,1,0.00010967254638671875,20,0.9,0.47217713712709325,0.47136343349162857,0.5358897132992236,1.0,0.14619625955321747,0.017854010592370063,0.14887147622987548
corn_oil,mp5_rep9,mp5_rep9,GPR,0.05,3,1,0.029094219207763672,20,0.9,0.6088062610717978,0.6068878767876171,0.7701792321228677,1.0,0.14619625955321747,0.017854010592370063,0.14887147622987548
corn_oil,mp5_rep9,mp5_rep9,GPR,0.1,3,1,0.00011301040649414062,20,0.8,0.5109263203475191,0.509316361505106,0.7396823045529037,1.0,0.14619625955321747,0.017854010592370063,0.14887147622987548
corn_oil,mp5_rep9,mp5_rep9,GPR,0.2,3,1,8.535385131835938e-05,20,0.8,0.39807701730448436,0.3968226532436647,0.6261254408865883,1.0,0.14619625955321747,0.017854010592370063,0.14887147622987548
corn_oil,mp5_rep9,mp5_rep9,BAG,0.05,3,1,0.01975560188293457,20,1.0,0.6817912741757975,0.6754065433489447,0.6817912741757975,1.0,0.14619625955321747,0.017854010592370063,0.14887147622987548
corn_oil,mp5_rep9,mp5_rep9,BAG,0.1,3,1,9.679794311523438e-05,20,0.95,0.5721772741732788,0.566819039154423,0.5899819527512171,1.0,0.14619625955321747,0.017854010592370063,0.14887147622987548
corn_oil,mp5_rep9,mp5_rep9,BAG,0.2,3,1,7.748603820800781e-05,20,0.9,0.44579935227722317,0.4416246011842051,0.48715509257992384,1.0,0.14619625955321747,0.017854010592370063,0.14887147622987548
corn_oil,mp5_rep9,mp5_rep9,QGB,0.05,3,1,0.03245234489440918,20,0.85,0.48026402333035384,0.48742866478577174,0.5826612117477297,1.0,0.14619625955321747,0.017854010592370063,0.14887147622987548
corn_oil,mp5_rep9,mp5_rep9,QGB,0.1,3,1,0.03214621543884277,20,0.85,0.45899059408282056,0.4775084657681459,0.5384060602259313,1.0,0.14619625955321747,0.017854010592370063,0.14887147622987548
corn_oil,mp5_rep9,mp5_rep9,QGB,0.2,3,1,0.037153005599975586,20,0.75,0.4005529250376876,0.398523483467045,0.49894409451318456,1.0,0.14619625955321747,0.017854010592370063,0.14887147622987548
corn_oil,mp5_rep9,mp5_rep9,SCP,0.05,3,1,6.914138793945312e-05,20,0.8,0.3991209895596537,0.3991209895596537,0.8797046026033826,1.0,0.14619625955321747,0.017854010592370063,0.14887147622987548
corn_oil,mp5_rep9,mp5_rep9,SCP,0.1,3,1,1.33514404296875e-05,20,0.8,0.37509322455373173,0.37509322455373173,0.6634405610874401,1.0,0.14619625955321747,0.017854010592370063,0.14887147622987548
corn_oil,mp5_rep9,mp5_rep9,SCP,0.2,3,1,2.6702880859375e-05,20,0.8,0.359795762876729,0.359795762876729,0.5192668928205859,1.0,0.14619625955321747,0.017854010592370063,0.14887147622987548
corn_oil,mp5_rep9,mp5_rep9,NCP-kNN,0.05,3,1,0.005200624465942383,20,0.85,0.4312450128106633,0.40139243300689387,0.9858601469004311,1.0,0.14619625955321747,0.017854010592370063,0.14887147622987548
corn_oil,mp5_rep9,mp5_rep9,NCP-kNN,0.1,3,1,2.3603439331054688e-05,20,0.85,0.396857187982813,0.3693850769484346,0.7187011588797638,1.0,0.14619625955321747,0.017854010592370063,0.14887147622987548
corn_oil,mp5_rep9,mp5_rep9,NCP-kNN,0.2,3,1,1.811981201171875e-05,20,0.85,0.34784008655456466,0.3237611438784693,0.5405036176779235,1.0,0.14619625955321747,0.017854010592370063,0.14887147622987548
corn_oil,mp5_rep9,mp5_rep9,CV+,0.05,3,1,0.00634455680847168,20,0.95,0.5930453303610148,0.5878249279818177,0.6348391393897905,1.0,0.14619625955321747,0.017854010592370063,0.14887147622987548
corn_oil,mp5_rep9,mp5_rep9,CV+,0.1,3,1,0.005831718444824219,20,0.95,0.5185916349082773,0.5196147968605107,0.5763832952719579,1.0,0.14619625955321747,0.017854010592370063,0.14887147622987548
corn_oil,mp5_rep9,mp5_rep9,CV+,0.2,3,1,0.005155801773071289,20,0.85,0.4104009818994019,0.4090794108507654,0.49882976741636487,1.0,0.14619625955321747,0.017854010592370063,0.14887147622987548
corn_oil,mp5_rep9,mp5_rep9,CQR,0.05,3,1,2.6702880859375e-05,20,0.85,0.482823253670942,0.4899878951263599,0.5775427510665534,1.0,0.14619625955321747,0.017854010592370063,0.14887147622987548
corn_oil,mp5_rep9,mp5_rep9,CQR,0.1,3,1,1.5497207641601562e-05,20,0.85,0.4436248644482215,0.46214273613354684,0.5460889250432308,1.0,0.14619625955321747,0.017854010592370063,0.14887147622987548
corn_oil,mp5_rep9,mp5_rep9,CQR,0.2,3,1,1.4066696166992188e-05,20,0.65,0.336756162603181,0.3347267210325384,0.5279867225896338,1.0,0.14619625955321747,0.017854010592370063,0.14887147622987548
corn_oil,mp5_rep9,mp5_rep9,WCP,0.05,3,1,0.0025696754455566406,20,0.85,inf,0.3991209895596537,inf,0.65,0.14619625955321747,0.017854010592370063,0.14887147622987548
corn_oil,mp5_rep9,mp5_rep9,WCP,0.1,3,1,0.0001354217529296875,20,0.8,0.3883418783065865,0.3811836233042065,0.6585849335868591,1.0,0.14619625955321747,0.017854010592370063,0.14887147622987548
corn_oil,mp5_rep9,mp5_rep9,WCP,0.2,3,1,7.748603820800781e-05,20,0.8,0.3642878189973774,0.3625711877562381,0.5196203623101445,1.0,0.14619625955321747,0.017854010592370063,0.14887147622987548
corn_oil,mp5_rep9,mp5_rep9,R-U-A,0.05,3,1,5.078315734863281e-05,20,0.9,0.5362081916934205,0.5362081916934205,0.6595162134122932,1.0,0.14619625955321747,0.017854010592370063,0.14887147622987548
corn_oil,mp5_rep9,mp5_rep9,R-U-A,0.1,3,1,3.3855438232421875e-05,20,0.9,0.5128212623648387,0.5128212623648389,0.5978622025528567,1.0,0.14619625955321747,0.017854010592370063,0.14887147622987548
corn_oil,mp5_rep9,mp5_rep9,R-U-A,0.2,3,1,3.266334533691406e-05,20,0.85,0.38837543627125903,0.38837543627125903,0.5118959093098153,1.0,0.14619625955321747,0.017854010592370063,0.14887147622987548
corn_oil,mp5_rep9,mp5_rep9,R-U-D,0.05,3,1,0.0029213428497314453,20,0.95,0.5489426249430955,0.5455690963260897,0.6504924711648437,1.0,0.14619625955321747,0.017854010592370063,0.14887147622987548
corn_oil,mp5_rep9,mp5_rep9,R-U-D,0.1,3,1,0.00043010711669921875,20,0.9,0.5027014246398811,0.4996120714638401,0.5805305253242307,1.0,0.14619625955321747,0.017854010592370063,0.14887147622987548
corn_oil,mp5_rep9,mp5_rep9,R-U-D,0.2,3,1,0.00035381317138671875,20,0.85,0.391115849645668,0.3887122459694532,0.5013644261997185,1.0,0.14619625955321747,0.017854010592370063,0.14887147622987548
corn_oil,mp5_rep9,mp5_rep9,G-U-A,0.05,3,1,3.910064697265625e-05,20,0.95,0.6266161516323308,0.626616151632331,0.6494384096332995,1.0,0.14619625955321747,0.017854010592370063,0.14887147622987548
corn_oil,mp5_rep9,mp5_rep9,G-U-A,0.1,3,1,3.814697265625e-05,20,0.95,0.547684195358281,0.547684195358281,0.5985613024957903,1.0,0.14619625955321747,0.017854010592370063,0.14887147622987548
corn_oil,mp5_rep9,mp5_rep9,G-U-A,0.2,3,1,3.552436828613281e-05,20,0.85,0.43841333039740604,0.43841333039740604,0.5244053828413522,1.0,0.14619625955321747,0.017854010592370063,0.14887147622987548
corn_oil,mp5_rep9,mp5_rep9,G-W-A,0.05,3,1,0.00010585784912109375,20,0.95,0.6266161516323308,0.626616151632331,0.6494384096332995,1.0,0.14619625955321747,0.017854010592370063,0.14887147622987548
corn_oil,mp5_rep9,mp5_rep9,G-W-A,0.1,3,1,7.295608520507812e-05,20,0.95,0.547684195358281,0.547684195358281,0.5985613024957903,1.0,0.14619625955321747,0.017854010592370063,0.14887147622987548
corn_oil,mp5_rep9,mp5_rep9,G-W-A,0.2,3,1,6.699562072753906e-05,20,0.85,0.43841333039740604,0.43841333039740604,0.5244053828413522,1.0,0.14619625955321747,0.017854010592370063,0.14887147622987548
corn_oil,mp5_rep9,mp5_rep9,G-U-D,0.05,3,1,0.0031845569610595703,20,0.7,0.3064170685032114,0.29242254481313745,1.0872003436605264,1.0,0.14619625955321747,0.017854010592370063,0.14887147622987548
corn_oil,mp5_rep9,mp5_rep9,G-U-D,0.1,3,1,0.00038313865661621094,20,0.6,0.25639773371169106,0.244687667506708,0.8052910893995231,1.0,0.14619625955321747,0.017854010592370063,0.14887147622987548
corn_oil,mp5_rep9,mp5_rep9,G-U-D,0.2,3,1,0.00036406517028808594,20,0.35,0.20703410044590792,0.197578544861174,0.60741670458005,1.0,0.14619625955321747,0.017854010592370063,0.14887147622987548
corn_oil,mp5_rep9,mp5_rep9,GC-D,0.05,3,1,0.0004029273986816406,20,0.7,0.3064170685032114,0.29242254481313745,1.0872003436605264,1.0,0.14619625955321747,0.017854010592370063,0.14887147622987548
corn_oil,mp5_rep9,mp5_rep9,GC-D,0.1,3,1,0.00040912628173828125,20,0.6,0.25639773371169106,0.244687667506708,0.8052910893995231,1.0,0.14619625955321747,0.017854010592370063,0.14887147622987548
corn_oil,mp5_rep9,mp5_rep9,GC-D,0.2,3,1,0.00038933753967285156,20,0.35,0.20703410044590792,0.197578544861174,0.60741670458005,1.0,0.14619625955321747,0.017854010592370063,0.14887147622987548
corn_oil,mp5_rep9,mp5_rep9,GC-D+,0.05,3,1,0.0004284381866455078,20,1.0,inf,inf,inf,0.0,0.14619625955321747,0.017854010592370063,0.14887147622987548
corn_oil,mp5_rep9,mp5_rep9,GC-D+,0.1,3,1,0.00037169456481933594,20,1.0,inf,inf,inf,0.0,0.14619625955321747,0.017854010592370063,0.14887147622987548
corn_oil,mp5_rep9,mp5_rep9,GC-D+,0.2,3,1,0.0004048347473144531,20,1.0,inf,inf,inf,0.0,0.14619625955321747,0.017854010592370063,0.14887147622987548
corn_oil,mp5_rep9,mp5_rep9,HJ+,0.05,3,1,0.0018427371978759766,20,1.0,inf,inf,inf,0.0,0.14619625955321747,0.017854010592370063,0.14887147622987548
corn_oil,mp5_rep9,mp5_rep9,HJ+,0.1,3,1,0.00043463706970214844,20,1.0,inf,inf,inf,0.0,0.14619625955321747,0.017854010592370063,0.14887147622987548
corn_oil,mp5_rep9,mp5_rep9,HJ+,0.2,3,1,0.0004134178161621094,20,1.0,inf,inf,inf,0.0,0.14619625955321747,0.017854010592370063,0.14887147622987548
corn_oil,mp5_rep9,mp5_rep9,HJ+-D,0.05,3,1,0.002173900604248047,20,1.0,inf,inf,inf,0.0,0.14619625955321747,0.017854010592370063,0.14887147622987548
corn_oil,mp5_rep9,mp5_rep9,HJ+-D,0.1,3,1,0.0021467208862304688,20,1.0,inf,inf,inf,0.0,0.14619625955321747,0.017854010592370063,0.14887147622987548
corn_oil,mp5_rep9,mp5_rep9,HJ+-D,0.2,3,1,0.0020949840545654297,20,1.0,inf,inf,inf,0.0,0.14619625955321747,0.017854010592370063,0.14887147622987548
corn_oil,mp5_rep9,mp5_rep9,HCP-D,0.05,3,1,0.00027251243591308594,20,1.0,inf,inf,inf,0.0,0.14619625955321747,0.017854010592370063,0.14887147622987548
corn_oil,mp5_rep9,mp5_rep9,HCP-D,0.1,3,1,0.00020813941955566406,20,1.0,inf,inf,inf,0.0,0.14619625955321747,0.017854010592370063,0.14887147622987548
corn_oil,mp5_rep9,mp5_rep9,HCP-D,0.2,3,1,0.0001773834228515625,20,1.0,inf,inf,inf,0.0,0.14619625955321747,0.017854010592370063,0.14887147622987548
corn_oil,mp5_rep9,mp5_rep9,HCP-A,0.05,3,1,0.00014781951904296875,20,1.0,inf,inf,inf,0.0,0.14619625955321747,0.017854010592370063,0.14887147622987548
corn_oil,mp5_rep9,mp5_rep9,HCP-A,0.1,3,1,0.0001327991485595703,20,1.0,inf,inf,inf,0.0,0.14619625955321747,0.017854010592370063,0.14887147622987548
corn_oil,mp5_rep9,mp5_rep9,HCP-A,0.2,3,1,0.00013136863708496094,20,1.0,inf,inf,inf,0.0,0.14619625955321747,0.017854010592370063,0.14887147622987548
corn_oil,mp5_rep9,mp5_rep9,ORACLE,0.05,3,1,0.0001366138458251953,20,1.0,inf,inf,inf,0.0,0.14619625955321747,0.017854010592370063,0.14887147622987548
corn_oil,mp5_rep9,mp5_rep9,ORACLE,0.1,3,1,9.1552734375e-05,20,0.8,0.5091199719664656,0.5091199719664656,0.789384729896073,1.0,0.14619625955321747,0.017854010592370063,0.14887147622987548
corn_oil,mp5_rep9,mp5_rep9,ORACLE,0.2,3,1,9.131431579589844e-05,20,0.65,0.3785302597828082,0.3785302597828082,0.7359916796981079,1.0,0.14619625955321747,0.017854010592370063,0.14887147622987548
corn_oil,mp6_rep0,mp6_rep0,ASTM-R,0.05,3,1,0.014034509658813477,20,0.9,0.5974405137220737,0.5963840434952896,1.3080045269018656,1.0,0.21978733788734459,0.047161993386498645,0.22024441034885156
corn_oil,mp6_rep0,mp6_rep0,ASTM-R,0.1,3,1,0.00019288063049316406,20,0.85,0.5001728521609179,0.49928838297207534,0.9696229827793493,1.0,0.21978733788734459,0.047161993386498645,0.22024441034885156
corn_oil,mp6_rep0,mp6_rep0,ASTM-R,0.2,3,1,0.00011181831359863281,20,0.65,0.38881609379131354,0.3881285397715408,0.7758052616667342,1.0,0.21978733788734459,0.047161993386498645,0.22024441034885156
corn_oil,mp6_rep0,mp6_rep0,ASTM-G,0.05,3,1,0.0001246929168701172,20,0.9,0.6060636761939122,0.6049919573955922,1.2992455895224666,1.0,0.21978733788734459,0.047161993386498645,0.22024441034885156
corn_oil,mp6_rep0,mp6_rep0,ASTM-G,0.1,3,1,0.0001125335693359375,20,0.85,0.5073921010553659,0.5064948658733543,0.9659727363943912,1.0,0.21978733788734459,0.047161993386498645,0.22024441034885156
corn_oil,mp6_rep0,mp6_rep0,ASTM-G,0.2,3,1,9.393692016601562e-05,20,0.65,0.3944280740159889,0.39373059617972794,0.7715870276125297,1.0,0.21978733788734459,0.047161993386498645,0.22024441034885156
corn_oil,mp6_rep0,mp6_rep0,GPR,0.05,3,1,0.032739877700805664,20,0.9,0.5591492316214011,0.555910692903204,1.2242223902346163,1.0,0.21978733788734459,0.047161993386498645,0.22024441034885156
corn_oil,mp6_rep0,mp6_rep0,GPR,0.1,3,1,0.00014162063598632812,20,0.85,0.46925282754898223,0.4665349601806694,0.917126454967273,1.0,0.21978733788734459,0.047161993386498645,0.22024441034885156
corn_oil,mp6_rep0,mp6_rep0,GPR,0.2,3,1,9.489059448242188e-05,20,0.6,0.36560803096880723,0.3634904643210932,0.706281159596454,1.0,0.21978733788734459,0.047161993386498645,0.22024441034885156
corn_oil,mp6_rep0,mp6_rep0,BAG,0.05,3,1,0.018831729888916016,20,0.9,0.59498798434935,0.5936121282122122,1.3582004239107799,1.0,0.21978733788734459,0.047161993386498645,0.22024441034885156
corn_oil,mp6_rep0,mp6_rep0,BAG,0.1,3,1,9.107589721679688e-05,20,0.85,0.49932965695756854,0.49817500208881293,0.9994367489931941,1.0,0.21978733788734459,0.047161993386498645,0.22024441034885156
corn_oil,mp6_rep0,mp6_rep0,BAG,0.2,3,1,7.700920104980469e-05,20,0.65,0.3890417318061454,0.3881421078332452,0.8001596306525682,1.0,0.21978733788734459,0.047161993386498645,0.22024441034885156
corn_oil,mp6_rep0,mp6_rep0,QGB,0.05,3,1,0.032915353775024414,20,0.75,0.5034248556450567,0.5349398897198696,1.0581509456053142,1.0,0.21978733788734459,0.047161993386498645,0.22024441034885156
corn_oil,mp6_rep0,mp6_rep0,QGB,0.1,3,1,0.026070356369018555,20,0.7,0.46920373504082136,0.5103399950561776,0.8732603911590978,1.0,0.21978733788734459,0.047161993386498645,0.22024441034885156
corn_oil,mp6_rep0,mp6_rep0,QGB,0.2,3,1,0.026020050048828125,20,0.65,0.3843738378087105,0.4140888805755356,0.7572861789874856,1.0,0.21978733788734459,0.047161993386498645,0.22024441034885156
corn_oil,mp6_rep0,mp6_rep0,SCP,0.05,3,1,3.0279159545898438e-05,20,0.9,0.6778884004741919,0.6778884004741919,1.3067367738170237,1.0,0.21978733788734459,0.047161993386498645,0.22024441034885156
corn_oil,mp6_rep0,mp6_rep0,SCP,0.1,3,1,1.0251998901367188e-05,20,0.8,0.5004274339820853,0.5004274339820851,1.014053897840728,1.0,0.21978733788734459,0.047161993386498645,0.22024441034885156
corn_oil,mp6_rep0,mp6_rep0,SCP,0.2,3,1,1.6689300537109375e-05,20,0.5,0.3561573401114595,0.3561573401114595,0.8575650772252367,1.0,0.21978733788734459,0.047161993386498645,0.22024441034885156
corn_oil,mp6_rep0,mp6_rep0,NCP-kNN,0.05,3,1,0.004703044891357422,20,0.95,0.7774856385963661,0.8219094023263585,1.2566754767971084,1.0,0.21978733788734459,0.047161993386498645,0.22024441034885156
corn_oil,mp6_rep0,mp6_rep0,NCP-kNN,0.1,3,1,2.5510787963867188e-05,20,0.75,0.48399888149231424,0.51165347842585,1.0452742220823998,1.0,0.21978733788734459,0.047161993386498645,0.22024441034885156
corn_oil,mp6_rep0,mp6_rep0,NCP-kNN,0.2,3,1,1.2636184692382812e-05,20,0.65,0.4271445163315133,0.45155058395525804,0.7930957592697142,1.0,0.21978733788734459,0.047161993386498645,0.22024441034885156
corn_oil,mp6_rep0,mp6_rep0,CV+,0.05,3,1,0.005031108856201172,20,0.9,0.6131496057650078,0.6079096812116509,1.3030513186073402,1.0,0.21978733788734459,0.047161993386498645,0.22024441034885156
corn_oil,mp6_rep0,mp6_rep0,CV+,0.1,3,1,0.005522966384887695,20,0.85,0.51387575866425,0.5149148913848984,0.9574771162777529,1.0,0.21978733788734459,0.047161993386498645,0.22024441034885156
corn_oil,mp6_rep0,mp6_rep0,CV+,0.2,3,1,0.009250402450561523,20,0.65,0.3927026943813868,0.39408835267253206,0.7736629995266626,1.0,0.21978733788734459,0.047161993386498645,0.22024441034885156
corn_oil,mp6_rep0,mp6_rep0,CQR,0.05,3,1,3.743171691894531e-05,20,1.0,0.8134237154744414,0.8449387495492544,0.8134237154744414,1.0,0.21978733788734459,0.047161993386498645,0.22024441034885156
corn_oil,mp6_rep0,mp6_rep0,CQR,0.1,3,1,1.4543533325195312e-05,20,0.85,0.5857124250312981,0.6268486850466544,0.7396480550953171,1.0,0.21978733788734459,0.047161993386498645,0.22024441034885156
corn_oil,mp6_rep0,mp6_rep0,CQR,0.2,3,1,1.1920928955078125e-05,20,0.75,0.5050733244255019,0.534788367192327,0.7035049257617585,1.0,0.21978733788734459,0.047161993386498645,0.22024441034885156
corn_oil,mp6_rep0,mp6_rep0,WCP,0.05,3,1,0.00612330436706543,20,1.0,inf,inf,inf,0.25,0.21978733788734459,0.047161993386498645,0.22024441034885156
corn_oil,mp6_rep0,mp6_rep0,WCP,0.1,3,1,0.0004982948303222656,20,0.85,inf,0.5817936787631872,inf,0.7,0.21978733788734459,0.047161993386498645,0.22024441034885156
corn_oil,mp6_rep0,mp6_rep0,WCP,0.2,3,1,0.0005028247833251953,20,0.7,inf,0.3561573401114595,inf,0.9,0.21978733788734459,0.047161993386498645,0.22024441034885156
corn_oil,mp6_rep0,mp6_rep0,R-U-A,0.05,3,1,0.0004146099090576172,20,0.9,0.572493425710703,0.5724934257107028,1.3423585385086725,1.0,0.21978733788734459,0.047161993386498645,0.22024441034885156
corn_oil,mp6_rep0,mp6_rep0,R-U-A,0.1,3,1,0.0001404285430908203,20,0.85,0.5025663191767016,0.5025663191767018,0.9712406681609881,1.0,0.21978733788734459,0.047161993386498645,0.22024441034885156
corn_oil,mp6_rep0,mp6_rep0,R-U-A,0.2,3,1,9.012222290039062e-05,20,0.65,0.3917153129924289,0.3917153129924289,0.7742716399032608,1.0,0.21978733788734459,0.047161993386498645,0.22024441034885156
corn_oil,mp6_rep0,mp6_rep0,R-U-D,0.05,3,1,0.005445957183837891,20,0.95,0.7177869669998305,0.6987074089318437,0.7275062734849003,1.0,0.21978733788734459,0.047161993386498645,0.22024441034885156
corn_oil,mp6_rep0,mp6_rep0,R-U-D,0.1,3,1,0.0004324913024902344,20,0.85,0.585648723049427,0.5700815431860642,0.7669974421422838,1.0,0.21978733788734459,0.047161993386498645,0.22024441034885156
corn_oil,mp6_rep0,mp6_rep0,R-U-D,0.2,3,1,0.0003726482391357422,20,0.6,0.41826309294579467,0.4071452051372284,0.703541636309774,1.0,0.21978733788734459,0.047161993386498645,0.22024441034885156
corn_oil,mp6_rep0,mp6_rep0,G-U-A,0.05,3,1,4.1484832763671875e-05,20,0.9,0.5921484839470335,0.5921484839470335,1.322703480272342,1.0,0.21978733788734459,0.047161993386498645,0.22024441034885156
corn_oil,mp6_rep0,mp6_rep0,G-U-A,0.1,3,1,4.363059997558594e-05,20,0.85,0.4948904659431399,0.4948904659431399,0.9750785947777691,1.0,0.21978733788734459,0.047161993386498645,0.22024441034885156
corn_oil,mp6_rep0,mp6_rep0,G-U-A,0.2,3,1,4.863739013671875e-05,20,0.65,0.39113402038508926,0.39113402038508926,0.7747076093587655,1.0,0.21978733788734459,0.047161993386498645,0.22024441034885156
corn_oil,mp6_rep0,mp6_rep0,G-W-A,0.05,3,1,0.00010418891906738281,20,0.9,0.5921484839470335,0.5921484839470335,1.322703480272342,1.0,0.21978733788734459,0.047161993386498645,0.22024441034885156
corn_oil,mp6_rep0,mp6_rep0,G-W-A,0.1,3,1,7.486343383789062e-05,20,0.85,0.4948904659431399,0.4948904659431399,0.9750785947777691,1.0,0.21978733788734459,0.047161993386498645,0.22024441034885156
corn_oil,mp6_rep0,mp6_rep0,G-W-A,0.2,3,1,6.818771362304688e-05,20,0.65,0.39113402038508926,0.39113402038508926,0.7747076093587655,1.0,0.21978733788734459,0.047161993386498645,0.22024441034885156
corn_oil,mp6_rep0,mp6_rep0,G-U-D,0.05,3,1,0.0033440589904785156,20,0.85,0.536209007094406,0.5270186651478577,1.0732488164740723,1.0,0.21978733788734459,0.047161993386498645,0.22024441034885156
corn_oil,mp6_rep0,mp6_rep0,G-U-D,0.1,3,1,0.00038886070251464844,20,0.6,0.4073889362940978,0.4004065029887127,1.0207840223827205,1.0,0.21978733788734459,0.047161993386498645,0.22024441034885156
corn_oil,mp6_rep0,mp6_rep0,G-U-D,0.2,3,1,0.00037932395935058594,20,0.4,0.30625963953167734,0.3010105094826043,0.8627206069678991,1.0,0.21978733788734459,0.047161993386498645,0.22024441034885156
corn_oil,mp6_rep0,mp6_rep0,GC-D,0.05,3,1,0.001024007797241211,20,0.85,0.536209007094406,0.5270186651478577,1.0732488164740723,1.0,0.21978733788734459,0.047161993386498645,0.22024441034885156
corn_oil,mp6_rep0,mp6_rep0,GC-D,0.1,3,1,0.0009968280792236328,20,0.6,0.4073889362940978,0.4004065029887127,1.0207840223827205,1.0,0.21978733788734459,0.047161993386498645,0.22024441034885156
corn_oil,mp6_rep0,mp6_rep0,GC-D,0.2,3,1,0.0009338855743408203,20,0.4,0.30625963953167734,0.3010105094826043,0.8627206069678991,1.0,0.21978733788734459,0.047161993386498645,0.22024441034885156
corn_oil,mp6_rep0,mp6_rep0,GC-D+,0.05,3,1,0.0006797313690185547,20,1.0,inf,inf,inf,0.0,0.21978733788734459,0.047161993386498645,0.22024441034885156
corn_oil,mp6_rep0,mp6_rep0,GC-D+,0.1,3,1,0.0005462169647216797,20,1.0,inf,inf,inf,0.0,0.21978733788734459,0.047161993386498645,0.22024441034885156
corn_oil,mp6_rep0,mp6_rep0,GC-D+,0.2,3,1,0.0005519390106201172,20,1.0,inf,inf,inf,0.0,0.21978733788734459,0.047161993386498645,0.22024441034885156
corn_oil,mp6_rep0,mp6_rep0,HJ+,0.05,3,1,0.001710653305053711,20,1.0,inf,inf,inf,0.0,0.21978733788734459,0.047161993386498645,0.22024441034885156
corn_oil,mp6_rep0,mp6_rep0,HJ+,0.1,3,1,0.00042438507080078125,20,1.0,inf,inf,inf,0.0,0.21978733788734459,0.047161993386498645,0.22024441034885156
corn_oil,mp6_rep0,mp6_rep0,HJ+,0.2,3,1,0.00035452842712402344,20,1.0,inf,inf,inf,0.0,0.21978733788734459,0.047161993386498645,0.22024441034885156
corn_oil,mp6_rep0,mp6_rep0,HJ+-D,0.05,3,1,0.0024008750915527344,20,1.0,inf,inf,inf,0.0,0.21978733788734459,0.047161993386498645,0.22024441034885156
corn_oil,mp6_rep0,mp6_rep0,HJ+-D,0.1,3,1,0.0020842552185058594,20,1.0,inf,inf,inf,0.0,0.21978733788734459,0.047161993386498645,0.22024441034885156
corn_oil,mp6_rep0,mp6_rep0,HJ+-D,0.2,3,1,0.002228260040283203,20,1.0,inf,inf,inf,0.0,0.21978733788734459,0.047161993386498645,0.22024441034885156
corn_oil,mp6_rep0,mp6_rep0,HCP-D,0.05,3,1,0.0002732276916503906,20,1.0,inf,inf,inf,0.0,0.21978733788734459,0.047161993386498645,0.22024441034885156
corn_oil,mp6_rep0,mp6_rep0,HCP-D,0.1,3,1,0.0001614093780517578,20,1.0,inf,inf,inf,0.0,0.21978733788734459,0.047161993386498645,0.22024441034885156
corn_oil,mp6_rep0,mp6_rep0,HCP-D,0.2,3,1,0.00014138221740722656,20,1.0,inf,inf,inf,0.0,0.21978733788734459,0.047161993386498645,0.22024441034885156
corn_oil,mp6_rep0,mp6_rep0,HCP-A,0.05,3,1,0.00014138221740722656,20,1.0,inf,inf,inf,0.0,0.21978733788734459,0.047161993386498645,0.22024441034885156
corn_oil,mp6_rep0,mp6_rep0,HCP-A,0.1,3,1,0.00013828277587890625,20,1.0,inf,inf,inf,0.0,0.21978733788734459,0.047161993386498645,0.22024441034885156
corn_oil,mp6_rep0,mp6_rep0,HCP-A,0.2,3,1,0.00013589859008789062,20,1.0,inf,inf,inf,0.0,0.21978733788734459,0.047161993386498645,0.22024441034885156
corn_oil,mp6_rep0,mp6_rep0,ORACLE,0.05,3,1,0.00012159347534179688,20,1.0,inf,inf,inf,0.0,0.21978733788734459,0.047161993386498645,0.22024441034885156
corn_oil,mp6_rep0,mp6_rep0,ORACLE,0.1,3,1,0.00012445449829101562,20,0.85,0.8451632978967503,0.8451632978967503,1.3474390932013365,1.0,0.21978733788734459,0.047161993386498645,0.22024441034885156
corn_oil,mp6_rep0,mp6_rep0,ORACLE,0.2,3,1,0.00010251998901367188,20,0.85,0.587923659427329,0.5879236594273292,0.8458181267027871,1.0,0.21978733788734459,0.047161993386498645,0.22024441034885156
corn_oil,mp6_rep1,mp6_rep1,ASTM-R,0.05,3,1,0.016617536544799805,20,0.95,0.6265156686187042,0.6245265023233983,1.0692421155774556,1.0,0.19504661384654132,0.00975772500882166,0.1998630277692938
corn_oil,mp6_rep1,mp6_rep1,ASTM-R,0.1,3,1,0.00016832351684570312,20,0.9,0.5245143603406484,0.5228490447878964,0.8465234149195332,1.0,0.19504661384654132,0.00975772500882166,0.1998630277692938
corn_oil,mp6_rep1,mp6_rep1,ASTM-R,0.2,3,1,0.00010180473327636719,20,0.75,0.4077382925602846,0.4064437371173941,0.6621259741198477,1.0,0.19504661384654132,0.00975772500882166,0.1998630277692938
corn_oil,mp6_rep1,mp6_rep1,ASTM-G,0.05,3,1,0.00010848045349121094,20,0.95,0.6349686840514192,0.6329526797148084,1.0691086081042533,1.0,0.19504661384654132,0.00975772500882166,0.1998630277692938
corn_oil,mp6_rep1,mp6_rep1,ASTM-G,0.1,3,1,9.584426879882812e-05,20,0.9,0.5315911633716326,0.5299033792059267,0.846483260179,1.0,0.19504661384654132,0.00975772500882166,0.1998630277692938
corn_oil,mp6_rep1,mp6_rep1,ASTM-G,0.2,3,1,9.34600830078125e-05,20,0.75,0.41323954057714546,0.4119275188557796,0.6607301626871843,1.0,0.19504661384654132,0.00975772500882166,0.1998630277692938
corn_oil,mp6_rep1,mp6_rep1,GPR,0.05,3,1,0.029486656188964844,20,0.9,0.601062032099048,0.598689374711781,1.0011284201444792,1.0,0.19504661384654132,0.00975772500882166,0.1998630277692938
corn_oil,mp6_rep1,mp6_rep1,GPR,0.1,3,1,0.0001010894775390625,20,0.9,0.5044271585189103,0.5024359616705278,0.8018210144935015,1.0,0.19504661384654132,0.00975772500882166,0.1998630277692938
corn_oil,mp6_rep1,mp6_rep1,GPR,0.2,3,1,0.000118255615234375,20,0.75,0.39301333815412864,0.39146194087686403,0.6585535446583016,1.0,0.19504661384654132,0.00975772500882166,0.1998630277692938
corn_oil,mp6_rep1,mp6_rep1,BAG,0.05,3,1,0.03200078010559082,20,0.9,0.6261985695665443,0.6258947274889168,1.1061712552250478,1.0,0.19504661384654132,0.00975772500882166,0.1998630277692938
corn_oil,mp6_rep1,mp6_rep1,BAG,0.1,3,1,0.00015425682067871094,20,0.9,0.5255224057523009,0.5252674134425703,0.8666927710764499,1.0,0.19504661384654132,0.00975772500882166,0.1998630277692938
corn_oil,mp6_rep1,mp6_rep1,BAG,0.2,3,1,0.00013113021850585938,20,0.75,0.4094492365675377,0.4092505649116638,0.6652395409508394,1.0,0.19504661384654132,0.00975772500882166,0.1998630277692938
corn_oil,mp6_rep1,mp6_rep1,QGB,0.05,3,1,0.04073476791381836,20,0.75,0.5307092046685463,0.5385687104243413,0.6893270061892828,1.0,0.19504661384654132,0.00975772500882166,0.1998630277692938
corn_oil,mp6_rep1,mp6_rep1,QGB,0.1,3,1,0.02634572982788086,20,0.75,0.4849697665431044,0.5205122469568559,0.6918427351565596,1.0,0.19504661384654132,0.00975772500882166,0.1998630277692938
corn_oil,mp6_rep1,mp6_rep1,QGB,0.2,3,1,0.02622079849243164,20,0.65,0.3658473074156303,0.3712073336358823,0.6633718542928279,1.0,0.19504661384654132,0.00975772500882166,0.1998630277692938
corn_oil,mp6_rep1,mp6_rep1,SCP,0.05,3,1,3.3855438232421875e-05,20,0.9,0.5880033457931682,0.5880033457931679,1.188464114816709,1.0,0.19504661384654132,0.00975772500882166,0.1998630277692938
corn_oil,mp6_rep1,mp6_rep1,SCP,0.1,3,1,1.3113021850585938e-05,20,0.9,0.46744894161548434,0.46744894161548434,0.8882337303049382,1.0,0.19504661384654132,0.00975772500882166,0.1998630277692938
corn_oil,mp6_rep1,mp6_rep1,SCP,0.2,3,1,9.298324584960938e-06,20,0.7,0.3431723328232126,0.3431723328232126,0.7050986266875585,1.0,0.19504661384654132,0.00975772500882166,0.1998630277692938
corn_oil,mp6_rep1,mp6_rep1,NCP-kNN,0.05,3,1,0.004782915115356445,20,1.0,0.9991738114927815,1.0985177066436895,0.9991738114927815,1.0,0.19504661384654132,0.00975772500882166,0.1998630277692938
corn_oil,mp6_rep1,mp6_rep1,NCP-kNN,0.1,3,1,1.7404556274414062e-05,20,0.7,0.38056412600477324,0.41840210994425586,0.9223634074902872,1.0,0.19504661384654132,0.00975772500882166,0.1998630277692938
corn_oil,mp6_rep1,mp6_rep1,NCP-kNN,0.2,3,1,1.3113021850585938e-05,20,0.65,0.32522404462931254,0.3575597834352955,0.6834930739342772,1.0,0.19504661384654132,0.00975772500882166,0.1998630277692938
corn_oil,mp6_rep1,mp6_rep1,CV+,0.05,3,1,0.005007743835449219,20,0.9,0.5908723377423677,0.5864773027933268,1.1224518759378512,1.0,0.19504661384654132,0.00975772500882166,0.1998630277692938
corn_oil,mp6_rep1,mp6_rep1,CV+,0.1,3,1,0.0043642520904541016,20,0.9,0.528374179993752,0.5290836581606073,0.8584956332901832,1.0,0.19504661384654132,0.00975772500882166,0.1998630277692938
corn_oil,mp6_rep1,mp6_rep1,CV+,0.2,3,1,0.004381656646728516,20,0.8,0.43069966490569217,0.42948192666828255,0.6567257259316668,1.0,0.19504661384654132,0.00975772500882166,0.1998630277692938
corn_oil,mp6_rep1,mp6_rep1,CQR,0.05,3,1,2.2172927856445312e-05,20,0.75,0.5367197894839316,0.5445792952397266,0.6652846669277416,1.0,0.19504661384654132,0.00975772500882166,0.1998630277692938
corn_oil,mp6_rep1,mp6_rep1,CQR,0.1,3,1,1.2636184692382812e-05,20,0.75,0.5014302480987304,0.5369727285124819,0.6671520128231206,1.0,0.19504661384654132,0.00975772500882166,0.1998630277692938
corn_oil,mp6_rep1,mp6_rep1,CQR,0.2,3,1,1.1920928955078125e-05,20,0.75,0.44160442555887247,0.44696445177912447,0.6315908728040343,1.0,0.19504661384654132,0.00975772500882166,0.1998630277692938
corn_oil,mp6_rep1,mp6_rep1,WCP,0.05,3,1,0.0026700496673583984,20,1.0,inf,inf,inf,0.3,0.19504661384654132,0.00975772500882166,0.1998630277692938
corn_oil,mp6_rep1,mp6_rep1,WCP,0.1,3,1,0.0001068115234375,20,1.0,inf,0.5880033457931679,inf,0.65,0.19504661384654132,0.00975772500882166,0.1998630277692938
corn_oil,mp6_rep1,mp6_rep1,WCP,0.2,3,1,0.00012254714965820312,20,1.0,inf,0.5276546561408324,inf,0.8,0.19504661384654132,0.00975772500882166,0.1998630277692938
corn_oil,mp6_rep1,mp6_rep1,R-U-A,0.05,3,1,8.130073547363281e-05,20,0.9,0.5760622974421299,0.5760622974421299,1.1229368636836252,1.0,0.19504661384654132,0.00975772500882166,0.1998630277692938
corn_oil,mp6_rep1,mp6_rep1,R-U-A,0.1,3,1,3.647804260253906e-05,20,0.9,0.5187355340110162,0.5187355340110162,0.8494995805628776,1.0,0.19504661384654132,0.00975772500882166,0.1998630277692938
corn_oil,mp6_rep1,mp6_rep1,R-U-A,0.2,3,1,3.3855438232421875e-05,20,0.75,0.4179191280971777,0.4179191280971777,0.6611001299194438,1.0,0.19504661384654132,0.00975772500882166,0.1998630277692938
corn_oil,mp6_rep1,mp6_rep1,R-U-D,0.05,3,1,0.0028388500213623047,20,0.95,0.6660807650116759,0.659484328960732,0.8395876208589594,1.0,0.19504661384654132,0.00975772500882166,0.1998630277692938
corn_oil,mp6_rep1,mp6_rep1,R-U-D,0.1,3,1,0.0003528594970703125,20,0.9,0.5920592447867319,0.5861958703256223,0.7368092495864788,1.0,0.19504661384654132,0.00975772500882166,0.1998630277692938
corn_oil,mp6_rep1,mp6_rep1,R-U-D,0.2,3,1,0.00042057037353515625,20,0.85,0.4849288854373133,0.48012646124182323,0.6221131321532687,1.0,0.19504661384654132,0.00975772500882166,0.1998630277692938
corn_oil,mp6_rep1,mp6_rep1,G-U-A,0.05,3,1,4.076957702636719e-05,20,0.9,0.5843630337841972,0.5843630337841974,1.1146361273415575,1.0,0.19504661384654132,0.00975772500882166,0.1998630277692938
corn_oil,mp6_rep1,mp6_rep1,G-U-A,0.1,3,1,3.409385681152344e-05,20,0.9,0.5027116910469225,0.5027116910469225,0.8494995805628776,1.0,0.19504661384654132,0.00975772500882166,0.1998630277692938
corn_oil,mp6_rep1,mp6_rep1,G-U-A,0.2,3,1,3.1948089599609375e-05,20,0.75,0.4148499554122447,0.4148499554122447,0.6618674230906771,1.0,0.19504661384654132,0.00975772500882166,0.1998630277692938
corn_oil,mp6_rep1,mp6_rep1,G-W-A,0.05,3,1,0.00010347366333007812,20,0.9,0.5843630337841972,0.5843630337841974,1.1146361273415575,1.0,0.19504661384654132,0.00975772500882166,0.1998630277692938
corn_oil,mp6_rep1,mp6_rep1,G-W-A,0.1,3,1,8.177757263183594e-05,20,0.9,0.5027116910469225,0.5027116910469225,0.8494995805628776,1.0,0.19504661384654132,0.00975772500882166,0.1998630277692938
corn_oil,mp6_rep1,mp6_rep1,G-W-A,0.2,3,1,7.581710815429688e-05,20,0.75,0.4148499554122447,0.4148499554122447,0.6618674230906771,1.0,0.19504661384654132,0.00975772500882166,0.1998630277692938
corn_oil,mp6_rep1,mp6_rep1,G-U-D,0.05,3,1,0.0029976367950439453,20,0.9,0.5197460948105378,0.5158989801874441,1.0009209913988084,1.0,0.19504661384654132,0.00975772500882166,0.1998630277692938
corn_oil,mp6_rep1,mp6_rep1,G-U-D,0.1,3,1,0.0003521442413330078,20,0.85,0.46574548342063127,0.4622980765467797,0.7857321628183203,1.0,0.19504661384654132,0.00975772500882166,0.1998630277692938
corn_oil,mp6_rep1,mp6_rep1,G-U-D,0.2,3,1,0.0003788471221923828,20,0.7,0.3653806716356075,0.3626761562214851,0.6398040014153207,1.0,0.19504661384654132,0.00975772500882166,0.1998630277692938
corn_oil,mp6_rep1,mp6_rep1,GC-D,0.05,3,1,0.00041222572326660156,20,0.9,0.5197460948105378,0.5158989801874441,1.0009209913988084,1.0,0.19504661384654132,0.00975772500882166,0.1998630277692938
corn_oil,mp6_rep1,mp6_rep1,GC-D,0.1,3,1,0.00038504600524902344,20,0.85,0.46574548342063127,0.4622980765467797,0.7857321628183203,1.0,0.19504661384654132,0.00975772500882166,0.1998630277692938
corn_oil,mp6_rep1,mp6_rep1,GC-D,0.2,3,1,0.0004451274871826172,20,0.7,0.3653806716356075,0.3626761562214851,0.6398040014153207,1.0,0.19504661384654132,0.00975772500882166,0.1998630277692938
corn_oil,mp6_rep1,mp6_rep1,GC-D+,0.05,3,1,0.00040841102600097656,20,1.0,inf,inf,inf,0.0,0.19504661384654132,0.00975772500882166,0.1998630277692938
corn_oil,mp6_rep1,mp6_rep1,GC-D+,0.1,3,1,0.0004868507385253906,20,1.0,inf,inf,inf,0.0,0.19504661384654132,0.00975772500882166,0.1998630277692938
corn_oil,mp6_rep1,mp6_rep1,GC-D+,0.2,3,1,0.00037217140197753906,20,1.0,inf,inf,inf,0.0,0.19504661384654132,0.00975772500882166,0.1998630277692938
corn_oil,mp6_rep1,mp6_rep1,HJ+,0.05,3,1,0.002822399139404297,20,1.0,inf,inf,inf,0.0,0.19504661384654132,0.00975772500882166,0.1998630277692938
corn_oil,mp6_rep1,mp6_rep1,HJ+,0.1,3,1,0.00044274330139160156,20,1.0,inf,inf,inf,0.0,0.19504661384654132,0.00975772500882166,0.1998630277692938
corn_oil,mp6_rep1,mp6_rep1,HJ+,0.2,3,1,0.0003726482391357422,20,1.0,inf,inf,inf,0.0,0.19504661384654132,0.00975772500882166,0.1998630277692938
corn_oil,mp6_rep1,mp6_rep1,HJ+-D,0.05,3,1,0.002265453338623047,20,1.0,inf,inf,inf,0.0,0.19504661384654132,0.00975772500882166,0.1998630277692938
corn_oil,mp6_rep1,mp6_rep1,HJ+-D,0.1,3,1,0.002224445343017578,20,1.0,inf,inf,inf,0.0,0.19504661384654132,0.00975772500882166,0.1998630277692938
corn_oil,mp6_rep1,mp6_rep1,HJ+-D,0.2,3,1,0.002163410186767578,20,1.0,inf,inf,inf,0.0,0.19504661384654132,0.00975772500882166,0.1998630277692938
corn_oil,mp6_rep1,mp6_rep1,HCP-D,0.05,3,1,0.0002810955047607422,20,1.0,inf,inf,inf,0.0,0.19504661384654132,0.00975772500882166,0.1998630277692938
corn_oil,mp6_rep1,mp6_rep1,HCP-D,0.1,3,1,0.0001728534698486328,20,1.0,inf,inf,inf,0.0,0.19504661384654132,0.00975772500882166,0.1998630277692938
corn_oil,mp6_rep1,mp6_rep1,HCP-D,0.2,3,1,0.0001633167266845703,20,1.0,inf,inf,inf,0.0,0.19504661384654132,0.00975772500882166,0.1998630277692938
corn_oil,mp6_rep1,mp6_rep1,HCP-A,0.05,3,1,0.00017786026000976562,20,1.0,inf,inf,inf,0.0,0.19504661384654132,0.00975772500882166,0.1998630277692938
corn_oil,mp6_rep1,mp6_rep1,HCP-A,0.1,3,1,0.00014519691467285156,20,1.0,inf,inf,inf,0.0,0.19504661384654132,0.00975772500882166,0.1998630277692938
corn_oil,mp6_rep1,mp6_rep1,HCP-A,0.2,3,1,0.0001418590545654297,20,1.0,inf,inf,inf,0.0,0.19504661384654132,0.00975772500882166,0.1998630277692938
corn_oil,mp6_rep1,mp6_rep1,ORACLE,0.05,3,1,0.00011205673217773438,20,1.0,inf,inf,inf,0.0,0.19504661384654132,0.00975772500882166,0.1998630277692938
corn_oil,mp6_rep1,mp6_rep1,ORACLE,0.1,3,1,0.0001220703125,20,0.95,0.8494995805628776,0.8494995805628773,1.0791373446237982,1.0,0.19504661384654132,0.00975772500882166,0.1998630277692938
corn_oil,mp6_rep1,mp6_rep1,ORACLE,0.2,3,1,0.00010275840759277344,20,0.7,0.41776139552933733,0.41776139552933733,0.7175349093116956,1.0,0.19504661384654132,0.00975772500882166,0.1998630277692938
corn_oil,mp6_rep2,mp6_rep2,ASTM-R,0.05,3,2,0.01454019546508789,20,0.7,0.4183106662668424,0.41866667874247865,1.2042728447581208,1.0,0.16806684914239198,0.11334704594590235,0.12731607148720794
corn_oil,mp6_rep2,mp6_rep2,ASTM-R,0.1,3,2,0.00012373924255371094,20,0.65,0.3501993250291803,0.35049736985261815,0.9571595215057711,1.0,0.16806684914239198,0.11334704594590235,0.12731607148720794
corn_oil,mp6_rep2,mp6_rep2,ASTM-R,0.2,3,2,0.0001087188720703125,20,0.6,0.27222684469014297,0.2724585293224706,0.7299660811007247,1.0,0.16806684914239198,0.11334704594590235,0.12731607148720794
corn_oil,mp6_rep2,mp6_rep2,ASTM-G,0.05,3,2,0.00010347366333007812,20,0.9,0.5740732043352027,0.5745617819382933,0.6531518480832815,1.0,0.16806684914239198,0.11334704594590235,0.12731607148720794
corn_oil,mp6_rep2,mp6_rep2,ASTM-G,0.1,3,2,9.655952453613281e-05,20,0.7,0.4805998624650953,0.48100888752858095,0.686655573617317,1.0,0.16806684914239198,0.11334704594590235,0.12731607148720794
corn_oil,mp6_rep2,mp6_rep2,ASTM-G,0.2,3,2,9.393692016601562e-05,20,0.7,0.3735934788180645,0.37391143374965274,0.6371805480495241,1.0,0.16806684914239198,0.11334704594590235,0.12731607148720794
corn_oil,mp6_rep2,mp6_rep2,GPR,0.05,3,2,0.03723001480102539,20,0.7,0.375710505585778,0.3607704126521525,1.5504105067260876,1.0,0.16806684914239198,0.11334704594590235,0.12731607148720794
corn_oil,mp6_rep2,mp6_rep2,GPR,0.1,3,2,0.0001087188720703125,20,0.65,0.3153061957623483,0.30276807453016996,1.1107767838754705,1.0,0.16806684914239198,0.11334704594590235,0.12731607148720794
corn_oil,mp6_rep2,mp6_rep2,GPR,0.2,3,2,0.00011706352233886719,20,0.6,0.24566389506284692,0.2358950933708286,0.774678654334935,1.0,0.16806684914239198,0.11334704594590235,0.12731607148720794
corn_oil,mp6_rep2,mp6_rep2,BAG,0.05,3,2,0.022120952606201172,20,0.7,0.4437350771287911,0.44104369603668037,1.085610877172903,1.0,0.16806684914239198,0.11334704594590235,0.12731607148720794
corn_oil,mp6_rep2,mp6_rep2,BAG,0.1,3,2,9.632110595703125e-05,20,0.65,0.3723942158009421,0.3701355375875739,0.9095234753617891,1.0,0.16806684914239198,0.11334704594590235,0.12731607148720794
corn_oil,mp6_rep2,mp6_rep2,BAG,0.2,3,2,8.916854858398438e-05,20,0.6,0.29014277163613605,0.28838297212998265,0.7168150384972647,1.0,0.16806684914239198,0.11334704594590235,0.12731607148720794
corn_oil,mp6_rep2,mp6_rep2,QGB,0.05,3,2,0.0317535400390625,20,0.7,0.32981527716843173,0.31733133681647185,1.7041476739988695,1.0,0.16806684914239198,0.11334704594590235,0.12731607148720794
corn_oil,mp6_rep2,mp6_rep2,QGB,0.1,3,2,0.026364803314208984,20,0.65,0.3044428009156971,0.28868727601225297,1.0486402407279747,1.0,0.16806684914239198,0.11334704594590235,0.12731607148720794
corn_oil,mp6_rep2,mp6_rep2,QGB,0.2,3,2,0.026923418045043945,20,0.55,0.27551094395395626,0.2540230052396819,0.7071077295060844,1.0,0.16806684914239198,0.11334704594590235,0.12731607148720794
corn_oil,mp6_rep2,mp6_rep2,SCP,0.05,3,2,3.0040740966796875e-05,20,0.75,0.4434394517022717,0.4434394517022717,0.924063263541103,1.0,0.16806684914239198,0.11334704594590235,0.12731607148720794
corn_oil,mp6_rep2,mp6_rep2,SCP,0.1,3,2,1.0251998901367188e-05,20,0.7,0.3648919433876685,0.3648919433876685,0.8383317305666074,1.0,0.16806684914239198,0.11334704594590235,0.12731607148720794
corn_oil,mp6_rep2,mp6_rep2,SCP,0.2,3,2,9.298324584960938e-06,20,0.7,0.3051331799658028,0.3051331799658028,0.631491218688071,1.0,0.16806684914239198,0.11334704594590235,0.12731607148720794
corn_oil,mp6_rep2,mp6_rep2,NCP-kNN,0.05,3,2,0.005204677581787109,20,0.7,0.4036555691462545,0.41368982234130014,1.033135000658144,1.0,0.16806684914239198,0.11334704594590235,0.12731607148720794
corn_oil,mp6_rep2,mp6_rep2,NCP-kNN,0.1,3,2,1.6689300537109375e-05,20,0.7,0.36091907875189666,0.3698909688877836,0.8083582820732953,1.0,0.16806684914239198,0.11334704594590235,0.12731607148720794
corn_oil,mp6_rep2,mp6_rep2,NCP-kNN,0.2,3,2,1.1444091796875e-05,20,0.7,0.31712027113103186,0.32500339064438455,0.6088388974382892,1.0,0.16806684914239198,0.11334704594590235,0.12731607148720794
corn_oil,mp6_rep2,mp6_rep2,CV+,0.05,3,2,0.004988908767700195,20,0.7,0.41368392282860134,0.41452800681882773,1.1571799574420294,1.0,0.16806684914239198,0.11334704594590235,0.12731607148720794
corn_oil,mp6_rep2,mp6_rep2,CV+,0.1,3,2,0.004501819610595703,20,0.6,0.33495314135390264,0.3335486177225917,1.0299025830335764,1.0,0.16806684914239198,0.11334704594590235,0.12731607148720794
corn_oil,mp6_rep2,mp6_rep2,CV+,0.2,3,2,0.004937171936035156,20,0.6,0.279049637525841,0.27809895612312663,0.7171270194580568,1.0,0.16806684914239198,0.11334704594590235,0.12731607148720794
corn_oil,mp6_rep2,mp6_rep2,CQR,0.05,3,2,2.9802322387695312e-05,20,0.9,0.5857318471087598,0.5732479067567997,0.8762531572115696,1.0,0.16806684914239198,0.11334704594590235,0.12731607148720794
corn_oil,mp6_rep2,mp6_rep2,CQR,0.1,3,2,1.33514404296875e-05,20,0.8,0.44630633877152787,0.4305508138680838,0.8031219201641449,1.0,0.16806684914239198,0.11334704594590235,0.12731607148720794
corn_oil,mp6_rep2,mp6_rep2,CQR,0.2,3,2,1.1682510375976562e-05,20,0.75,0.42880479709386404,0.40731685837958964,0.6249257140555009,1.0,0.16806684914239198,0.11334704594590235,0.12731607148720794
corn_oil,mp6_rep2,mp6_rep2,WCP,0.05,3,2,0.002911806106567383,20,0.85,inf,inf,inf,0.2,0.16806684914239198,0.11334704594590235,0.12731607148720794
corn_oil,mp6_rep2,mp6_rep2,WCP,0.1,3,2,0.00011134147644042969,20,0.8,inf,inf,inf,0.4,0.16806684914239198,0.11334704594590235,0.12731607148720794
corn_oil,mp6_rep2,mp6_rep2,WCP,0.2,3,2,0.0001289844512939453,20,0.8,inf,inf,inf,0.5,0.16806684914239198,0.11334704594590235,0.12731607148720794
corn_oil,mp6_rep2,mp6_rep2,R-U-A,0.05,3,2,5.650520324707031e-05,20,0.7,0.38889922615271555,0.38889922615271555,1.352106230130046,1.0,0.16806684914239198,0.11334704594590235,0.12731607148720794
corn_oil,mp6_rep2,mp6_rep2,R-U-A,0.1,3,2,3.695487976074219e-05,20,0.6,0.3154302877812576,0.3154302877812576,1.058880663745612,1.0,0.16806684914239198,0.11334704594590235,0.12731607148720794
corn_oil,mp6_rep2,mp6_rep2,R-U-A,0.2,3,2,3.3855438232421875e-05,20,0.6,0.2717296790068211,0.2717296790068211,0.7308560845378713,1.0,0.16806684914239198,0.11334704594590235,0.12731607148720794
corn_oil,mp6_rep2,mp6_rep2,R-U-D,0.05,3,2,0.0030155181884765625,20,0.7,0.42922939784458664,0.43959491907913284,1.2021276188530983,1.0,0.16806684914239198,0.11334704594590235,0.12731607148720794
corn_oil,mp6_rep2,mp6_rep2,R-U-D,0.1,3,2,0.00042510032653808594,20,0.65,0.3787582822394973,0.3879049693886736,0.9241129202191173,1.0,0.16806684914239198,0.11334704594590235,0.12731607148720794
corn_oil,mp6_rep2,mp6_rep2,R-U-D,0.2,3,2,0.0003693103790283203,20,0.65,0.2975023664562253,0.3046867930409727,0.708215322938311,1.0,0.16806684914239198,0.11334704594590235,0.12731607148720794
corn_oil,mp6_rep2,mp6_rep2,G-U-A,0.05,3,2,4.00543212890625e-05,20,0.8,0.5149037554626581,0.5149037554626581,0.7703123520596993,1.0,0.16806684914239198,0.11334704594590235,0.12731607148720794
corn_oil,mp6_rep2,mp6_rep2,G-U-A,0.1,3,2,3.62396240234375e-05,20,0.7,0.4622221807706195,0.4622221807706195,0.7238568189055729,1.0,0.16806684914239198,0.11334704594590235,0.12731607148720794
corn_oil,mp6_rep2,mp6_rep2,G-U-A,0.2,3,2,3.24249267578125e-05,20,0.7,0.3688680506590991,0.3688680506590991,0.6397165648938563,1.0,0.16806684914239198,0.11334704594590235,0.12731607148720794
corn_oil,mp6_rep2,mp6_rep2,G-W-A,0.05,3,2,0.00010919570922851562,20,0.8,0.5149037554626581,0.5149037554626581,0.7703123520596993,1.0,0.16806684914239198,0.11334704594590235,0.12731607148720794
corn_oil,mp6_rep2,mp6_rep2,G-W-A,0.1,3,2,7.343292236328125e-05,20,0.7,0.4622221807706195,0.4622221807706195,0.7238568189055729,1.0,0.16806684914239198,0.11334704594590235,0.12731607148720794
corn_oil,mp6_rep2,mp6_rep2,G-W-A,0.2,3,2,6.914138793945312e-05,20,0.7,0.3688680506590991,0.3688680506590991,0.6397165648938563,1.0,0.16806684914239198,0.11334704594590235,0.12731607148720794
corn_oil,mp6_rep2,mp6_rep2,G-U-D,0.05,3,2,0.0032608509063720703,20,0.65,0.32573337216936804,0.31275600148149874,2.248284242480591,1.0,0.16806684914239198,0.11334704594590235,0.12731607148720794
corn_oil,mp6_rep2,mp6_rep2,G-U-D,0.1,3,2,0.0004150867462158203,20,0.6,0.2620233656572108,0.2515842315814778,1.4223909400029466,1.0,0.16806684914239198,0.11334704594590235,0.12731607148720794
corn_oil,mp6_rep2,mp6_rep2,G-U-D,0.2,3,2,0.0003533363342285156,20,0.6,0.2160616058243788,0.20745360986889727,0.870339312607126,1.0,0.16806684914239198,0.11334704594590235,0.12731607148720794
corn_oil,mp6_rep2,mp6_rep2,GC-D,0.05,3,2,0.0004372596740722656,20,0.65,0.32573337216936804,0.31275600148149874,2.248284242480591,1.0,0.16806684914239198,0.11334704594590235,0.12731607148720794
corn_oil,mp6_rep2,mp6_rep2,GC-D,0.1,3,2,0.000408172607421875,20,0.6,0.2620233656572108,0.2515842315814778,1.4223909400029466,1.0,0.16806684914239198,0.11334704594590235,0.12731607148720794
corn_oil,mp6_rep2,mp6_rep2,GC-D,0.2,3,2,0.0004715919494628906,20,0.6,0.2160616058243788,0.20745360986889727,0.870339312607126,1.0,0.16806684914239198,0.11334704594590235,0.12731607148720794
corn_oil,mp6_rep2,mp6_rep2,GC-D+,0.05,3,2,0.0004374980926513672,20,1.0,inf,inf,inf,0.0,0.16806684914239198,0.11334704594590235,0.12731607148720794
corn_oil,mp6_rep2,mp6_rep2,GC-D+,0.1,3,2,0.00038552284240722656,20,1.0,inf,inf,inf,0.0,0.16806684914239198,0.11334704594590235,0.12731607148720794
corn_oil,mp6_rep2,mp6_rep2,GC-D+,0.2,3,2,0.0004119873046875,20,1.0,inf,inf,inf,0.0,0.16806684914239198,0.11334704594590235,0.12731607148720794
corn_oil,mp6_rep2,mp6_rep2,HJ+,0.05,3,2,0.00152587890625,20,1.0,inf,inf,inf,0.0,0.16806684914239198,0.11334704594590235,0.12731607148720794
corn_oil,mp6_rep2,mp6_rep2,HJ+,0.1,3,2,0.000377655029296875,20,1.0,inf,inf,inf,0.0,0.16806684914239198,0.11334704594590235,0.12731607148720794
corn_oil,mp6_rep2,mp6_rep2,HJ+,0.2,3,2,0.00041103363037109375,20,1.0,inf,inf,inf,0.0,0.16806684914239198,0.11334704594590235,0.12731607148720794
corn_oil,mp6_rep2,mp6_rep2,HJ+-D,0.05,3,2,0.0021462440490722656,20,1.0,inf,inf,inf,0.0,0.16806684914239198,0.11334704594590235,0.12731607148720794
corn_oil,mp6_rep2,mp6_rep2,HJ+-D,0.1,3,2,0.002138853073120117,20,1.0,inf,inf,inf,0.0,0.16806684914239198,0.11334704594590235,0.12731607148720794
corn_oil,mp6_rep2,mp6_rep2,HJ+-D,0.2,3,2,0.0020987987518310547,20,1.0,inf,inf,inf,0.0,0.16806684914239198,0.11334704594590235,0.12731607148720794
corn_oil,mp6_rep2,mp6_rep2,HCP-D,0.05,3,2,0.0002930164337158203,20,1.0,inf,inf,inf,0.0,0.16806684914239198,0.11334704594590235,0.12731607148720794
corn_oil,mp6_rep2,mp6_rep2,HCP-D,0.1,3,2,0.0001556873321533203,20,1.0,inf,inf,inf,0.0,0.16806684914239198,0.11334704594590235,0.12731607148720794
corn_oil,mp6_rep2,mp6_rep2,HCP-D,0.2,3,2,0.0001385211944580078,20,1.0,inf,inf,inf,0.0,0.16806684914239198,0.11334704594590235,0.12731607148720794
corn_oil,mp6_rep2,mp6_rep2,HCP-A,0.05,3,2,0.0001971721649169922,20,1.0,inf,inf,inf,0.0,0.16806684914239198,0.11334704594590235,0.12731607148720794
corn_oil,mp6_rep2,mp6_rep2,HCP-A,0.1,3,2,0.0001366138458251953,20,1.0,inf,inf,inf,0.0,0.16806684914239198,0.11334704594590235,0.12731607148720794
corn_oil,mp6_rep2,mp6_rep2,HCP-A,0.2,3,2,0.00012731552124023438,20,1.0,inf,inf,inf,0.0,0.16806684914239198,0.11334704594590235,0.12731607148720794
corn_oil,mp6_rep2,mp6_rep2,ORACLE,0.05,3,2,0.00010895729064941406,20,1.0,inf,inf,inf,0.0,0.16806684914239198,0.11334704594590235,0.12731607148720794
corn_oil,mp6_rep2,mp6_rep2,ORACLE,0.1,3,2,9.775161743164062e-05,20,0.95,0.6124497864280958,0.6124497864280956,0.6289662160216247,1.0,0.16806684914239198,0.11334704594590235,0.12731607148720794
corn_oil,mp6_rep2,mp6_rep2,ORACLE,0.2,3,2,0.0001163482666015625,20,0.85,0.5450620227957412,0.545062022795741,0.5898366661196347,1.0,0.16806684914239198,0.11334704594590235,0.12731607148720794
corn_oil,mp6_rep3,mp6_rep3,ASTM-R,0.05,3,1,0.01367330551147461,20,1.0,0.6035122671346362,0.6014372288667769,0.6035122671346362,1.0,0.10368657340163893,0.015427518143901708,0.10519604349020298
corn_oil,mp6_rep3,mp6_rep3,ASTM-R,0.1,3,1,0.00011467933654785156,20,1.0,0.5052560799505086,0.5035188730069882,0.5052560799505086,1.0,0.10368657340163893,0.015427518143901708,0.10519604349020298
corn_oil,mp6_rep3,mp6_rep3,ASTM-R,0.2,3,1,0.00015497207641601562,20,0.9,0.3927676092813309,0.3914171680989109,0.4062595849517475,1.0,0.10368657340163893,0.015427518143901708,0.10519604349020298
corn_oil,mp6_rep3,mp6_rep3,ASTM-G,0.05,3,1,0.0001354217529296875,20,1.0,0.6723589939532157,0.6700472420333807,0.6723589939532157,1.0,0.10368657340163893,0.015427518143901708,0.10519604349020298
corn_oil,mp6_rep3,mp6_rep3,ASTM-G,0.1,3,1,9.965896606445312e-05,20,1.0,0.5628940588352338,0.5609586769441925,0.5628940588352338,1.0,0.10368657340163893,0.015427518143901708,0.10519604349020298
corn_oil,mp6_rep3,mp6_rep3,ASTM-G,0.2,3,1,9.012222290039062e-05,20,1.0,0.4375732673796537,0.43606877223638874,0.4375732673796537,1.0,0.10368657340163893,0.015427518143901708,0.10519604349020298
corn_oil,mp6_rep3,mp6_rep3,GPR,0.05,3,1,0.027948617935180664,20,1.0,0.5839493847511552,0.5672968024315321,0.5839493847511552,1.0,0.10368657340163893,0.015427518143901708,0.10519604349020298
corn_oil,mp6_rep3,mp6_rep3,GPR,0.1,3,1,9.608268737792969e-05,20,1.0,0.4900657721470438,0.47609048451798675,0.4900657721470438,1.0,0.10368657340163893,0.015427518143901708,0.10519604349020298
corn_oil,mp6_rep3,mp6_rep3,GPR,0.2,3,1,9.250640869140625e-05,20,0.9,0.38182397948616764,0.3709354411709693,0.40556660573373443,1.0,0.10368657340163893,0.015427518143901708,0.10519604349020298
corn_oil,mp6_rep3,mp6_rep3,BAG,0.05,3,1,0.020111083984375,20,1.0,0.7195214577458187,0.7107396693871797,0.7195214577458187,1.0,0.10368657340163893,0.015427518143901708,0.10519604349020298
corn_oil,mp6_rep3,mp6_rep3,BAG,0.1,3,1,9.298324584960938e-05,20,1.0,0.6038414423826032,0.5964715332685753,0.6038414423826032,1.0,0.10368657340163893,0.015427518143901708,0.10519604349020298
corn_oil,mp6_rep3,mp6_rep3,BAG,0.2,3,1,7.557868957519531e-05,20,1.0,0.4704697932668786,0.46472769049965024,0.4704697932668786,1.0,0.10368657340163893,0.015427518143901708,0.10519604349020298
corn_oil,mp6_rep3,mp6_rep3,QGB,0.05,3,1,0.033924102783203125,20,0.85,0.4940095253827952,0.5782417299407703,0.601043583694711,1.0,0.10368657340163893,0.015427518143901708,0.10519604349020298
corn_oil,mp6_rep3,mp6_rep3,QGB,0.1,3,1,0.025989055633544922,20,0.8,0.4599607686876318,0.5178780822478228,0.522969231703718,1.0,0.10368657340163893,0.015427518143901708,0.10519604349020298
corn_oil,mp6_rep3,mp6_rep3,QGB,0.2,3,1,0.02671337127685547,20,0.8,0.4014994110607847,0.437549138862084,0.4872491561841323,1.0,0.10368657340163893,0.015427518143901708,0.10519604349020298
corn_oil,mp6_rep3,mp6_rep3,SCP,0.05,3,1,2.86102294921875e-05,20,1.0,1.5259173231875807,1.5259173231875804,1.5259173231875807,1.0,0.10368657340163893,0.015427518143901708,0.10519604349020298
corn_oil,mp6_rep3,mp6_rep3,SCP,0.1,3,1,1.0013580322265625e-05,20,1.0,0.7063709993024938,0.7063709993024938,0.7063709993024938,1.0,0.10368657340163893,0.015427518143901708,0.10519604349020298
corn_oil,mp6_rep3,mp6_rep3,SCP,0.2,3,1,7.867813110351562e-06,20,1.0,0.5521348130690571,0.5521348130690571,0.5521348130690571,1.0,0.10368657340163893,0.015427518143901708,0.10519604349020298
corn_oil,mp6_rep3,mp6_rep3,NCP-kNN,0.05,3,1,0.00511622428894043,20,1.0,1.851308792942455,1.678927249815728,1.851308792942455,1.0,0.10368657340163893,0.015427518143901708,0.10519604349020298
corn_oil,mp6_rep3,mp6_rep3,NCP-kNN,0.1,3,1,1.6450881958007812e-05,20,1.0,0.8469104350169495,0.7680517766262493,0.8469104350169495,1.0,0.10368657340163893,0.015427518143901708,0.10519604349020298
corn_oil,mp6_rep3,mp6_rep3,NCP-kNN,0.2,3,1,1.2159347534179688e-05,20,0.95,0.6203486920584099,0.5625859540314861,0.625194549576681,1.0,0.10368657340163893,0.015427518143901708,0.10519604349020298
corn_oil,mp6_rep3,mp6_rep3,CV+,0.05,3,1,0.005095243453979492,20,1.0,0.600316634331054,0.576538012541467,0.600316634331054,1.0,0.10368657340163893,0.015427518143901708,0.10519604349020298
corn_oil,mp6_rep3,mp6_rep3,CV+,0.1,3,1,0.004380226135253906,20,1.0,0.49315106351596005,0.47391094262540756,0.49315106351596005,1.0,0.10368657340163893,0.015427518143901708,0.10519604349020298
corn_oil,mp6_rep3,mp6_rep3,CV+,0.2,3,1,0.0043489933013916016,20,0.95,0.3846831547787758,0.37012003697810725,0.4137779722201082,1.0,0.10368657340163893,0.015427518143901708,0.10519604349020298
corn_oil,mp6_rep3,mp6_rep3,CQR,0.05,3,1,2.288818359375e-05,20,1.0,0.8083153296207441,0.8925475341787195,0.8083153296207441,1.0,0.10368657340163893,0.015427518143901708,0.10519604349020298
corn_oil,mp6_rep3,mp6_rep3,CQR,0.1,3,1,1.2636184692382812e-05,20,1.0,0.6385222070642017,0.6964395206243927,0.6385222070642017,1.0,0.10368657340163893,0.015427518143901708,0.10519604349020298
corn_oil,mp6_rep3,mp6_rep3,CQR,0.2,3,1,1.5020370483398438e-05,20,0.85,0.455672035072255,0.4917217628735544,0.4901028968762938,1.0,0.10368657340163893,0.015427518143901708,0.10519604349020298
corn_oil,mp6_rep3,mp6_rep3,WCP,0.05,3,1,0.0026433467864990234,20,1.0,inf,1.5259173231875807,inf,0.7,0.10368657340163893,0.015427518143901708,0.10519604349020298
corn_oil,mp6_rep3,mp6_rep3,WCP,0.1,3,1,0.00011396408081054688,20,1.0,1.5259173231875807,1.5259173231875804,1.5259173231875807,1.0,0.10368657340163893,0.015427518143901708,0.10519604349020298
corn_oil,mp6_rep3,mp6_rep3,WCP,0.2,3,1,7.843971252441406e-05,20,1.0,1.4086460168799775,1.3793281903030765,1.4086460168799775,1.0,0.10368657340163893,0.015427518143901708,0.10519604349020298
corn_oil,mp6_rep3,mp6_rep3,R-U-A,0.05,3,1,5.1975250244140625e-05,20,1.0,0.5023371313245804,0.5023371313245804,0.5023371313245804,1.0,0.10368657340163893,0.015427518143901708,0.10519604349020298
corn_oil,mp6_rep3,mp6_rep3,R-U-A,0.1,3,1,3.552436828613281e-05,20,1.0,0.4423519098365478,0.4423519098365478,0.4423519098365478,1.0,0.10368657340163893,0.015427518143901708,0.10519604349020298
corn_oil,mp6_rep3,mp6_rep3,R-U-A,0.2,3,1,3.337860107421875e-05,20,0.9,0.33235809906252634,0.33235809906252634,0.3756332123294419,1.0,0.10368657340163893,0.015427518143901708,0.10519604349020298
corn_oil,mp6_rep3,mp6_rep3,R-U-D,0.05,3,1,0.003011941909790039,20,1.0,0.719565449324671,0.6449948384791742,0.719565449324671,1.0,0.10368657340163893,0.015427518143901708,0.10519604349020298
corn_oil,mp6_rep3,mp6_rep3,R-U-D,0.1,3,1,0.0003712177276611328,20,1.0,0.5708250170122131,0.5116687995417362,0.5708250170122131,1.0,0.10368657340163893,0.015427518143901708,0.10519604349020298
corn_oil,mp6_rep3,mp6_rep3,R-U-D,0.2,3,1,0.0003879070281982422,20,0.95,0.4223358951725952,0.3785680270591971,0.44089710437981317,1.0,0.10368657340163893,0.015427518143901708,0.10519604349020298
corn_oil,mp6_rep3,mp6_rep3,G-U-A,0.05,3,1,4.696846008300781e-05,20,1.0,0.6329891331081061,0.6329891331081061,0.6329891331081061,1.0,0.10368657340163893,0.015427518143901708,0.10519604349020298
corn_oil,mp6_rep3,mp6_rep3,G-U-A,0.1,3,1,3.409385681152344e-05,20,1.0,0.5107013275852488,0.5107013275852488,0.5107013275852488,1.0,0.10368657340163893,0.015427518143901708,0.10519604349020298
corn_oil,mp6_rep3,mp6_rep3,G-U-A,0.2,3,1,3.266334533691406e-05,20,0.9,0.3953358783629275,0.3953358783629275,0.40712210197964255,1.0,0.10368657340163893,0.015427518143901708,0.10519604349020298
corn_oil,mp6_rep3,mp6_rep3,G-W-A,0.05,3,1,9.751319885253906e-05,20,1.0,0.6329891331081061,0.6329891331081061,0.6329891331081061,1.0,0.10368657340163893,0.015427518143901708,0.10519604349020298
corn_oil,mp6_rep3,mp6_rep3,G-W-A,0.1,3,1,7.677078247070312e-05,20,1.0,0.5107013275852488,0.5107013275852488,0.5107013275852488,1.0,0.10368657340163893,0.015427518143901708,0.10519604349020298
corn_oil,mp6_rep3,mp6_rep3,G-W-A,0.2,3,1,7.963180541992188e-05,20,0.9,0.3953358783629275,0.3953358783629275,0.40712210197964255,1.0,0.10368657340163893,0.015427518143901708,0.10519604349020298
corn_oil,mp6_rep3,mp6_rep3,G-U-D,0.05,3,1,0.0031566619873046875,20,0.95,0.5090281437192641,0.47240499335070485,0.5538482821871364,1.0,0.10368657340163893,0.015427518143901708,0.10519604349020298
corn_oil,mp6_rep3,mp6_rep3,G-U-D,0.1,3,1,0.0003712177276611328,20,0.95,0.42227849290477576,0.3918967371337443,0.476383967604077,1.0,0.10368657340163893,0.015427518143901708,0.10519604349020298
corn_oil,mp6_rep3,mp6_rep3,G-U-D,0.2,3,1,0.0003871917724609375,20,0.85,0.31109029502853236,0.2887082189221215,0.38569118443160466,1.0,0.10368657340163893,0.015427518143901708,0.10519604349020298
corn_oil,mp6_rep3,mp6_rep3,GC-D,0.05,3,1,0.0004482269287109375,20,0.95,0.5090281437192641,0.47240499335070485,0.5538482821871364,1.0,0.10368657340163893,0.015427518143901708,0.10519604349020298
corn_oil,mp6_rep3,mp6_rep3,GC-D,0.1,3,1,0.00045299530029296875,20,0.95,0.42227849290477576,0.3918967371337443,0.476383967604077,1.0,0.10368657340163893,0.015427518143901708,0.10519604349020298
corn_oil,mp6_rep3,mp6_rep3,GC-D,0.2,3,1,0.00039124488830566406,20,0.85,0.31109029502853236,0.2887082189221215,0.38569118443160466,1.0,0.10368657340163893,0.015427518143901708,0.10519604349020298
corn_oil,mp6_rep3,mp6_rep3,GC-D+,0.05,3,1,0.0003814697265625,20,1.0,inf,inf,inf,0.0,0.10368657340163893,0.015427518143901708,0.10519604349020298
corn_oil,mp6_rep3,mp6_rep3,GC-D+,0.1,3,1,0.0003695487976074219,20,1.0,inf,inf,inf,0.0,0.10368657340163893,0.015427518143901708,0.10519604349020298
corn_oil,mp6_rep3,mp6_rep3,GC-D+,0.2,3,1,0.00040721893310546875,20,1.0,inf,inf,inf,0.0,0.10368657340163893,0.015427518143901708,0.10519604349020298
corn_oil,mp6_rep3,mp6_rep3,HJ+,0.05,3,1,0.0016984939575195312,20,1.0,inf,inf,inf,0.0,0.10368657340163893,0.015427518143901708,0.10519604349020298
corn_oil,mp6_rep3,mp6_rep3,HJ+,0.1,3,1,0.0003807544708251953,20,1.0,inf,inf,inf,0.0,0.10368657340163893,0.015427518143901708,0.10519604349020298
corn_oil,mp6_rep3,mp6_rep3,HJ+,0.2,3,1,0.0003800392150878906,20,1.0,inf,inf,inf,0.0,0.10368657340163893,0.015427518143901708,0.10519604349020298
corn_oil,mp6_rep3,mp6_rep3,HJ+-D,0.05,3,1,0.00213623046875,20,1.0,inf,inf,inf,0.0,0.10368657340163893,0.015427518143901708,0.10519604349020298
corn_oil,mp6_rep3,mp6_rep3,HJ+-D,0.1,3,1,0.002113819122314453,20,1.0,inf,inf,inf,0.0,0.10368657340163893,0.015427518143901708,0.10519604349020298
corn_oil,mp6_rep3,mp6_rep3,HJ+-D,0.2,3,1,0.0021135807037353516,20,1.0,inf,inf,inf,0.0,0.10368657340163893,0.015427518143901708,0.10519604349020298
corn_oil,mp6_rep3,mp6_rep3,HCP-D,0.05,3,1,0.00026106834411621094,20,1.0,inf,inf,inf,0.0,0.10368657340163893,0.015427518143901708,0.10519604349020298
corn_oil,mp6_rep3,mp6_rep3,HCP-D,0.1,3,1,0.00015997886657714844,20,1.0,inf,inf,inf,0.0,0.10368657340163893,0.015427518143901708,0.10519604349020298
corn_oil,mp6_rep3,mp6_rep3,HCP-D,0.2,3,1,0.0001819133758544922,20,1.0,inf,inf,inf,0.0,0.10368657340163893,0.015427518143901708,0.10519604349020298
corn_oil,mp6_rep3,mp6_rep3,HCP-A,0.05,3,1,0.00014281272888183594,20,1.0,inf,inf,inf,0.0,0.10368657340163893,0.015427518143901708,0.10519604349020298
corn_oil,mp6_rep3,mp6_rep3,HCP-A,0.1,3,1,0.00013065338134765625,20,1.0,inf,inf,inf,0.0,0.10368657340163893,0.015427518143901708,0.10519604349020298
corn_oil,mp6_rep3,mp6_rep3,HCP-A,0.2,3,1,0.00012683868408203125,20,1.0,inf,inf,inf,0.0,0.10368657340163893,0.015427518143901708,0.10519604349020298
corn_oil,mp6_rep3,mp6_rep3,ORACLE,0.05,3,1,0.00010895729064941406,20,1.0,inf,inf,inf,0.0,0.10368657340163893,0.015427518143901708,0.10519604349020298
corn_oil,mp6_rep3,mp6_rep3,ORACLE,0.1,3,1,0.00010609626770019531,20,0.95,0.4189083255963575,0.4189083255963575,0.4210329772642556,1.0,0.10368657340163893,0.015427518143901708,0.10519604349020298
corn_oil,mp6_rep3,mp6_rep3,ORACLE,0.2,3,1,8.96453857421875e-05,20,0.85,0.3040905257556661,0.3040905257556661,0.3731694026079906,1.0,0.10368657340163893,0.015427518143901708,0.10519604349020298
corn_oil,mp6_rep4,mp6_rep4,ASTM-R,0.05,3,1,0.013895750045776367,20,1.0,0.6077860380741484,0.6055543480143295,0.6077860380741484,1.0,0.1274161135697571,-0.030933024855870506,0.12681529863913912
corn_oil,mp6_rep4,mp6_rep4,ASTM-R,0.1,3,1,0.0001277923583984375,20,0.95,0.5088340498926215,0.5069656952083959,0.5200755668534135,1.0,0.1274161135697571,-0.030933024855870506,0.12681529863913912
corn_oil,mp6_rep4,mp6_rep4,ASTM-R,0.2,3,1,0.00010275840759277344,20,0.9,0.3955489923383778,0.3940966016958254,0.4417340081385138,1.0,0.1274161135697571,-0.030933024855870506,0.12681529863913912
corn_oil,mp6_rep4,mp6_rep4,ASTM-G,0.05,3,1,0.00011277198791503906,20,1.0,0.68722596555608,0.6847025851884747,0.68722596555608,1.0,0.1274161135697571,-0.030933024855870506,0.12681529863913912
corn_oil,mp6_rep4,mp6_rep4,ASTM-G,0.1,3,1,9.679794311523438e-05,20,1.0,0.5753405793151944,0.5732280236271161,0.5753405793151944,1.0,0.1274161135697571,-0.030933024855870506,0.12681529863913912
corn_oil,mp6_rep4,mp6_rep4,ASTM-G,0.2,3,1,9.918212890625e-05,20,0.95,0.44724873747644944,0.445606513899127,0.4681658981733781,1.0,0.1274161135697571,-0.030933024855870506,0.12681529863913912
corn_oil,mp6_rep4,mp6_rep4,GPR,0.05,3,1,0.05045151710510254,20,0.95,0.5433184767359238,0.5317312835600894,0.590334483942982,1.0,0.1274161135697571,-0.030933024855870506,0.12681529863913912
corn_oil,mp6_rep4,mp6_rep4,GPR,0.1,3,1,0.00015306472778320312,20,0.95,0.4559672392442219,0.44624296019022136,0.5221226995707151,1.0,0.1274161135697571,-0.030933024855870506,0.12681529863913912
corn_oil,mp6_rep4,mp6_rep4,GPR,0.2,3,1,0.0001316070556640625,20,0.75,0.35525685672924723,0.34768039834945563,0.463610897771163,1.0,0.1274161135697571,-0.030933024855870506,0.12681529863913912
corn_oil,mp6_rep4,mp6_rep4,BAG,0.05,3,1,0.022474288940429688,20,1.0,0.642727167660399,0.6490172466900948,0.642727167660399,1.0,0.1274161135697571,-0.030933024855870506,0.12681529863913912
corn_oil,mp6_rep4,mp6_rep4,BAG,0.1,3,1,0.00017261505126953125,20,0.95,0.5393936425390724,0.5446724432657266,0.5800211708620673,1.0,0.1274161135697571,-0.030933024855870506,0.12681529863913912
corn_oil,mp6_rep4,mp6_rep4,BAG,0.2,3,1,0.00014472007751464844,20,0.9,0.42025670595499565,0.42436956756443855,0.47547091204645986,1.0,0.1274161135697571,-0.030933024855870506,0.12681529863913912
corn_oil,mp6_rep4,mp6_rep4,QGB,0.05,3,1,0.03925776481628418,20,0.65,0.380631189815624,0.41700112364366504,1.3226114542105498,1.0,0.1274161135697571,-0.030933024855870506,0.12681529863913912
corn_oil,mp6_rep4,mp6_rep4,QGB,0.1,3,1,0.027631044387817383,20,0.65,0.3268164864844249,0.36063092929300145,0.9413856212473851,1.0,0.1274161135697571,-0.030933024855870506,0.12681529863913912
corn_oil,mp6_rep4,mp6_rep4,QGB,0.2,3,1,0.02894425392150879,20,0.6,0.29195825402961234,0.3366639651063028,0.6633669559284605,1.0,0.1274161135697571,-0.030933024855870506,0.12681529863913912
corn_oil,mp6_rep4,mp6_rep4,SCP,0.05,3,1,2.6941299438476562e-05,20,1.0,0.7977032768973924,0.7977032768973924,0.7977032768973924,1.0,0.1274161135697571,-0.030933024855870506,0.12681529863913912
corn_oil,mp6_rep4,mp6_rep4,SCP,0.1,3,1,1.71661376953125e-05,20,0.95,0.6603077844646927,0.6603077844646927,0.682599665497771,1.0,0.1274161135697571,-0.030933024855870506,0.12681529863913912
corn_oil,mp6_rep4,mp6_rep4,SCP,0.2,3,1,1.0013580322265625e-05,20,0.85,0.5020039729651422,0.5020039729651424,0.6004398090190677,1.0,0.1274161135697571,-0.030933024855870506,0.12681529863913912
corn_oil,mp6_rep4,mp6_rep4,NCP-kNN,0.05,3,1,0.005625247955322266,20,1.0,1.0537636022512218,1.0716921816567866,1.0537636022512218,1.0,0.1274161135697571,-0.030933024855870506,0.12681529863913912
corn_oil,mp6_rep4,mp6_rep4,NCP-kNN,0.1,3,1,2.0742416381835938e-05,20,1.0,0.8777443080534502,0.8926781209988768,0.8777443080534502,1.0,0.1274161135697571,-0.030933024855870506,0.12681529863913912
corn_oil,mp6_rep4,mp6_rep4,NCP-kNN,0.2,3,1,1.3113021850585938e-05,20,0.85,0.5216728577966318,0.5305485233014506,0.5808433363528731,1.0,0.1274161135697571,-0.030933024855870506,0.12681529863913912
corn_oil,mp6_rep4,mp6_rep4,CV+,0.05,3,1,0.006162166595458984,20,0.95,0.6703004152963293,0.6705454646344027,0.6795928908016785,1.0,0.1274161135697571,-0.030933024855870506,0.12681529863913912
corn_oil,mp6_rep4,mp6_rep4,CV+,0.1,3,1,0.0045244693756103516,20,0.95,0.5409460109817654,0.5378570627590467,0.5924135258807113,1.0,0.1274161135697571,-0.030933024855870506,0.12681529863913912
corn_oil,mp6_rep4,mp6_rep4,CV+,0.2,3,1,0.00449371337890625,20,0.95,0.40258375552252446,0.3945017565155928,0.44790688431226816,1.0,0.1274161135697571,-0.030933024855870506,0.12681529863913912
corn_oil,mp6_rep4,mp6_rep4,CQR,0.05,3,1,2.5033950805664062e-05,20,1.0,0.7382930319034282,0.7746629657314692,0.7382930319034282,1.0,0.1274161135697571,-0.030933024855870506,0.12681529863913912
corn_oil,mp6_rep4,mp6_rep4,CQR,0.1,3,1,1.3589859008789062e-05,20,0.95,0.6671754772552887,0.7009899200638652,0.6769708815822446,1.0,0.1274161135697571,-0.030933024855870506,0.12681529863913912
corn_oil,mp6_rep4,mp6_rep4,CQR,0.2,3,1,1.5974044799804688e-05,20,0.85,0.49720895660457004,0.5419146676812605,0.5880809788919303,1.0,0.1274161135697571,-0.030933024855870506,0.12681529863913912
corn_oil,mp6_rep4,mp6_rep4,WCP,0.05,3,1,0.0027878284454345703,20,1.0,inf,inf,inf,0.15,0.1274161135697571,-0.030933024855870506,0.12681529863913912
corn_oil,mp6_rep4,mp6_rep4,WCP,0.1,3,1,0.00010418891906738281,20,1.0,inf,inf,inf,0.3,0.1274161135697571,-0.030933024855870506,0.12681529863913912
corn_oil,mp6_rep4,mp6_rep4,WCP,0.2,3,1,9.1552734375e-05,20,0.85,inf,0.6203486836938117,inf,0.55,0.1274161135697571,-0.030933024855870506,0.12681529863913912
corn_oil,mp6_rep4,mp6_rep4,R-U-A,0.05,3,1,5.650520324707031e-05,20,1.0,0.5403760739948773,0.5403760739948771,0.5403760739948773,1.0,0.1274161135697571,-0.030933024855870506,0.12681529863913912
corn_oil,mp6_rep4,mp6_rep4,R-U-A,0.1,3,1,3.552436828613281e-05,20,0.95,0.4760712113086729,0.4760712113086729,0.5020429196294462,1.0,0.1274161135697571,-0.030933024855870506,0.12681529863913912
corn_oil,mp6_rep4,mp6_rep4,R-U-A,0.2,3,1,3.266334533691406e-05,20,0.85,0.36084892635578036,0.36084892635578036,0.42760325557105744,1.0,0.1274161135697571,-0.030933024855870506,0.12681529863913912
corn_oil,mp6_rep4,mp6_rep4,R-U-D,0.05,3,1,0.003371715545654297,20,1.0,0.7560300280418673,0.7039731382495611,0.7560300280418673,1.0,0.1274161135697571,-0.030933024855870506,0.12681529863913912
corn_oil,mp6_rep4,mp6_rep4,R-U-D,0.1,3,1,0.0003800392150878906,20,0.95,0.6707427760238187,0.624558389854803,0.6892392083175309,1.0,0.1274161135697571,-0.030933024855870506,0.12681529863913912
corn_oil,mp6_rep4,mp6_rep4,R-U-D,0.2,3,1,0.00042057037353515625,20,0.9,0.5129147000717842,0.47759765838807455,0.571337929959638,1.0,0.1274161135697571,-0.030933024855870506,0.12681529863913912
corn_oil,mp6_rep4,mp6_rep4,G-U-A,0.05,3,1,4.7206878662109375e-05,20,1.0,0.6382970959672469,0.6382970959672472,0.6382970959672469,1.0,0.1274161135697571,-0.030933024855870506,0.12681529863913912
corn_oil,mp6_rep4,mp6_rep4,G-U-A,0.1,3,1,3.910064697265625e-05,20,1.0,0.5353191907530555,0.5353191907530555,0.5353191907530555,1.0,0.1274161135697571,-0.030933024855870506,0.12681529863913912
corn_oil,mp6_rep4,mp6_rep4,G-U-A,0.2,3,1,3.4809112548828125e-05,20,0.9,0.4029652904624035,0.4029652904624035,0.44407825298438636,1.0,0.1274161135697571,-0.030933024855870506,0.12681529863913912
corn_oil,mp6_rep4,mp6_rep4,G-W-A,0.05,3,1,0.00010228157043457031,20,1.0,0.6382970959672469,0.6382970959672472,0.6382970959672469,1.0,0.1274161135697571,-0.030933024855870506,0.12681529863913912
corn_oil,mp6_rep4,mp6_rep4,G-W-A,0.1,3,1,7.534027099609375e-05,20,1.0,0.5353191907530555,0.5353191907530555,0.5353191907530555,1.0,0.1274161135697571,-0.030933024855870506,0.12681529863913912
corn_oil,mp6_rep4,mp6_rep4,G-W-A,0.2,3,1,0.0001049041748046875,20,0.9,0.4029652904624035,0.4029652904624035,0.44407825298438636,1.0,0.1274161135697571,-0.030933024855870506,0.12681529863913912
corn_oil,mp6_rep4,mp6_rep4,G-U-D,0.05,3,1,0.003910064697265625,20,1.0,0.6659816796294704,0.6431334138888944,0.6659816796294704,1.0,0.1274161135697571,-0.030933024855870506,0.12681529863913912
corn_oil,mp6_rep4,mp6_rep4,G-U-D,0.1,3,1,0.0003745555877685547,20,0.95,0.5412823876287576,0.5227122614353221,0.5643574416464976,1.0,0.1274161135697571,-0.030933024855870506,0.12681529863913912
corn_oil,mp6_rep4,mp6_rep4,G-U-D,0.2,3,1,0.0004596710205078125,20,0.9,0.41069138566076246,0.3966015297323482,0.47105456978712723,1.0,0.1274161135697571,-0.030933024855870506,0.12681529863913912
corn_oil,mp6_rep4,mp6_rep4,GC-D,0.05,3,1,0.0004229545593261719,20,1.0,0.6659816796294704,0.6431334138888944,0.6659816796294704,1.0,0.1274161135697571,-0.030933024855870506,0.12681529863913912
corn_oil,mp6_rep4,mp6_rep4,GC-D,0.1,3,1,0.0005362033843994141,20,0.95,0.5412823876287576,0.5227122614353221,0.5643574416464976,1.0,0.1274161135697571,-0.030933024855870506,0.12681529863913912
corn_oil,mp6_rep4,mp6_rep4,GC-D,0.2,3,1,0.00039958953857421875,20,0.9,0.41069138566076246,0.3966015297323482,0.47105456978712723,1.0,0.1274161135697571,-0.030933024855870506,0.12681529863913912
corn_oil,mp6_rep4,mp6_rep4,GC-D+,0.05,3,1,0.00048160552978515625,20,1.0,inf,inf,inf,0.0,0.1274161135697571,-0.030933024855870506,0.12681529863913912
corn_oil,mp6_rep4,mp6_rep4,GC-D+,0.1,3,1,0.00044226646423339844,20,1.0,inf,inf,inf,0.0,0.1274161135697571,-0.030933024855870506,0.12681529863913912
corn_oil,mp6_rep4,mp6_rep4,GC-D+,0.2,3,1,0.00039839744567871094,20,1.0,inf,inf,inf,0.0,0.1274161135697571,-0.030933024855870506,0.12681529863913912
corn_oil,mp6_rep4,mp6_rep4,HJ+,0.05,3,1,0.0017142295837402344,20,1.0,inf,inf,inf,0.0,0.1274161135697571,-0.030933024855870506,0.12681529863913912
corn_oil,mp6_rep4,mp6_rep4,HJ+,0.1,3,1,0.0004889965057373047,20,1.0,inf,inf,inf,0.0,0.1274161135697571,-0.030933024855870506,0.12681529863913912
corn_oil,mp6_rep4,mp6_rep4,HJ+,0.2,3,1,0.0003750324249267578,20,1.0,inf,inf,inf,0.0,0.1274161135697571,-0.030933024855870506,0.12681529863913912
corn_oil,mp6_rep4,mp6_rep4,HJ+-D,0.05,3,1,0.0022575855255126953,20,1.0,inf,inf,inf,0.0,0.1274161135697571,-0.030933024855870506,0.12681529863913912
corn_oil,mp6_rep4,mp6_rep4,HJ+-D,0.1,3,1,0.002099752426147461,20,1.0,inf,inf,inf,0.0,0.1274161135697571,-0.030933024855870506,0.12681529863913912
corn_oil,mp6_rep4,mp6_rep4,HJ+-D,0.2,3,1,0.0021162033081054688,20,1.0,inf,inf,inf,0.0,0.1274161135697571,-0.030933024855870506,0.12681529863913912
corn_oil,mp6_rep4,mp6_rep4,HCP-D,0.05,3,1,0.0002593994140625,20,1.0,inf,inf,inf,0.0,0.1274161135697571,-0.030933024855870506,0.12681529863913912
corn_oil,mp6_rep4,mp6_rep4,HCP-D,0.1,3,1,0.00015974044799804688,20,1.0,inf,inf,inf,0.0,0.1274161135697571,-0.030933024855870506,0.12681529863913912
corn_oil,mp6_rep4,mp6_rep4,HCP-D,0.2,3,1,0.00013685226440429688,20,1.0,inf,inf,inf,0.0,0.1274161135697571,-0.030933024855870506,0.12681529863913912
corn_oil,mp6_rep4,mp6_rep4,HCP-A,0.05,3,1,0.00013208389282226562,20,1.0,inf,inf,inf,0.0,0.1274161135697571,-0.030933024855870506,0.12681529863913912
corn_oil,mp6_rep4,mp6_rep4,HCP-A,0.1,3,1,0.00013589859008789062,20,1.0,inf,inf,inf,0.0,0.1274161135697571,-0.030933024855870506,0.12681529863913912
corn_oil,mp6_rep4,mp6_rep4,HCP-A,0.2,3,1,0.00022101402282714844,20,1.0,inf,inf,inf,0.0,0.1274161135697571,-0.030933024855870506,0.12681529863913912
corn_oil,mp6_rep4,mp6_rep4,ORACLE,0.05,3,1,0.0001747608184814453,20,1.0,inf,inf,inf,0.0,0.1274161135697571,-0.030933024855870506,0.12681529863913912
corn_oil,mp6_rep4,mp6_rep4,ORACLE,0.1,3,1,0.00021505355834960938,20,0.9,0.45359814643296525,0.45359814643296525,0.5596076970236236,1.0,0.1274161135697571,-0.030933024855870506,0.12681529863913912
corn_oil,mp6_rep4,mp6_rep4,ORACLE,0.2,3,1,0.00015401840209960938,20,0.65,0.344544233789541,0.344544233789541,0.5366041601456482,1.0,0.1274161135697571,-0.030933024855870506,0.12681529863913912
corn_oil,mp6_rep5,mp6_rep5,ASTM-R,0.05,3,2,0.015456199645996094,20,1.0,0.4149141596565434,0.413101663313896,0.4149141596565434,1.0,0.10985938069730698,0.02041184570060526,0.11075073996326645
corn_oil,mp6_rep5,mp6_rep5,ASTM-R,0.1,3,2,0.000110626220703125,20,0.85,0.347355853852605,0.34583847682400215,0.39680715356421997,1.0,0.10985938069730698,0.02041184570060526,0.11075073996326645
corn_oil,mp6_rep5,mp6_rep5,ASTM-R,0.2,3,2,0.00018477439880371094,20,0.75,0.2700164772478243,0.26883694681706904,0.3712435376474833,1.0,0.10985938069730698,0.02041184570060526,0.11075073996326645
corn_oil,mp6_rep5,mp6_rep5,ASTM-G,0.05,3,2,0.00012826919555664062,20,1.0,0.6351449379545915,0.6323703932679348,0.6351449379545915,1.0,0.10985938069730698,0.02041184570060526,0.11075073996326645
corn_oil,mp6_rep5,mp6_rep5,ASTM-G,0.1,3,2,9.393692016601562e-05,20,1.0,0.5317276046351427,0.5294048245702649,0.5317276046351427,1.0,0.10985938069730698,0.02041184570060526,0.11075073996326645
corn_oil,mp6_rep5,mp6_rep5,ASTM-G,0.2,3,2,9.012222290039062e-05,20,1.0,0.4133375415055737,0.41153193240590413,0.4133375415055737,1.0,0.10985938069730698,0.02041184570060526,0.11075073996326645
corn_oil,mp6_rep5,mp6_rep5,GPR,0.05,3,2,0.05701327323913574,20,0.95,0.3953774505879372,0.3821255333411817,0.4295126017948846,1.0,0.10985938069730698,0.02041184570060526,0.11075073996326645
corn_oil,mp6_rep5,mp6_rep5,GPR,0.1,3,2,0.00016999244689941406,20,0.85,0.33181121629998234,0.32068985676515327,0.4140395388692191,1.0,0.10985938069730698,0.02041184570060526,0.11075073996326645
corn_oil,mp6_rep5,mp6_rep5,GPR,0.2,3,2,0.0001201629638671875,20,0.7,0.25852341919482297,0.2498584562526429,0.39563230368425334,1.0,0.10985938069730698,0.02041184570060526,0.11075073996326645
corn_oil,mp6_rep5,mp6_rep5,BAG,0.05,3,2,0.025452613830566406,20,1.0,0.46308883573277093,0.4708528903056788,0.46308883573277093,1.0,0.10985938069730698,0.02041184570060526,0.11075073996326645
corn_oil,mp6_rep5,mp6_rep5,BAG,0.1,3,2,9.298324584960938e-05,20,1.0,0.38863640202783345,0.3951522020245837,0.38863640202783345,1.0,0.10985938069730698,0.02041184570060526,0.11075073996326645
corn_oil,mp6_rep5,mp6_rep5,BAG,0.2,3,2,0.00012063980102539062,20,0.75,0.30279751418944034,0.30787415660295814,0.3556495011874201,1.0,0.10985938069730698,0.02041184570060526,0.11075073996326645
corn_oil,mp6_rep5,mp6_rep5,QGB,0.05,3,2,0.031206369400024414,20,0.85,0.42232397555256523,0.4499363191768697,0.5855318146629542,1.0,0.10985938069730698,0.02041184570060526,0.11075073996326645
corn_oil,mp6_rep5,mp6_rep5,QGB,0.1,3,2,0.029145479202270508,20,0.8,0.3906395347756569,0.4429007193948704,0.5117386783114535,1.0,0.10985938069730698,0.02041184570060526,0.11075073996326645
corn_oil,mp6_rep5,mp6_rep5,QGB,0.2,3,2,0.029337406158447266,20,0.6,0.3386068332813938,0.3831982203854456,0.4687661799878066,1.0,0.10985938069730698,0.02041184570060526,0.11075073996326645
corn_oil,mp6_rep5,mp6_rep5,SCP,0.05,3,2,2.7894973754882812e-05,20,1.0,0.4532851820123023,0.4532851820123023,0.4532851820123023,1.0,0.10985938069730698,0.02041184570060526,0.11075073996326645
corn_oil,mp6_rep5,mp6_rep5,SCP,0.1,3,2,1.0967254638671875e-05,20,0.8,0.33776208308455224,0.33776208308455224,0.39940027025254166,1.0,0.10985938069730698,0.02041184570060526,0.11075073996326645
corn_oil,mp6_rep5,mp6_rep5,SCP,0.2,3,2,8.821487426757812e-06,20,0.7,0.25926027437093957,0.25926027437093957,0.3987558316283446,1.0,0.10985938069730698,0.02041184570060526,0.11075073996326645
corn_oil,mp6_rep5,mp6_rep5,NCP-kNN,0.05,3,2,0.005574703216552734,20,1.0,0.42814262389167207,0.41725817282162625,0.42814262389167207,1.0,0.10985938069730698,0.02041184570060526,0.11075073996326645
corn_oil,mp6_rep5,mp6_rep5,NCP-kNN,0.1,3,2,2.5987625122070312e-05,20,0.9,0.36235179611230006,0.35313991162605607,0.3862622447521261,1.0,0.10985938069730698,0.02041184570060526,0.11075073996326645
corn_oil,mp6_rep5,mp6_rep5,NCP-kNN,0.2,3,2,1.4066696166992188e-05,20,0.7,0.29638393984602246,0.2888491224483092,0.3849706099275561,1.0,0.10985938069730698,0.02041184570060526,0.11075073996326645
corn_oil,mp6_rep5,mp6_rep5,CV+,0.05,3,2,0.005918741226196289,20,0.95,0.40633598149338024,0.40878904057944854,0.4203289226505236,1.0,0.10985938069730698,0.02041184570060526,0.11075073996326645
corn_oil,mp6_rep5,mp6_rep5,CV+,0.1,3,2,0.0059661865234375,20,0.9,0.3589438111284591,0.3587231047199657,0.39281882366211907,1.0,0.10985938069730698,0.02041184570060526,0.11075073996326645
corn_oil,mp6_rep5,mp6_rep5,CV+,0.2,3,2,0.004773616790771484,20,0.75,0.27624351239670186,0.2754120579036248,0.3679358527147799,1.0,0.10985938069730698,0.02041184570060526,0.11075073996326645
corn_oil,mp6_rep5,mp6_rep5,CQR,0.05,3,2,2.8371810913085938e-05,20,1.0,0.5921300723850906,0.6197424160093952,0.5921300723850906,1.0,0.10985938069730698,0.02041184570060526,0.11075073996326645
corn_oil,mp6_rep5,mp6_rep5,CQR,0.1,3,2,1.3828277587890625e-05,20,1.0,0.559100380738311,0.6113615653575246,0.559100380738311,1.0,0.10985938069730698,0.02041184570060526,0.11075073996326645
corn_oil,mp6_rep5,mp6_rep5,CQR,0.2,3,2,1.5497207641601562e-05,20,0.9,0.44250905466274587,0.4871004417667977,0.4794981204984234,1.0,0.10985938069730698,0.02041184570060526,0.11075073996326645
corn_oil,mp6_rep5,mp6_rep5,WCP,0.05,3,2,0.0032074451446533203,20,1.0,inf,inf,inf,0.2,0.10985938069730698,0.02041184570060526,0.11075073996326645
corn_oil,mp6_rep5,mp6_rep5,WCP,0.1,3,2,0.00010752677917480469,20,0.9,inf,inf,inf,0.45,0.10985938069730698,0.02041184570060526,0.11075073996326645
corn_oil,mp6_rep5,mp6_rep5,WCP,0.2,3,2,8.368492126464844e-05,20,0.85,inf,0.3301413587818729,inf,0.8,0.10985938069730698,0.02041184570060526,0.11075073996326645
corn_oil,mp6_rep5,mp6_rep5,R-U-A,0.05,3,2,5.650520324707031e-05,20,0.9,0.3791323704931946,0.3791323704931946,0.4198705924146324,1.0,0.10985938069730698,0.02041184570060526,0.11075073996326645
corn_oil,mp6_rep5,mp6_rep5,R-U-A,0.1,3,2,3.528594970703125e-05,20,0.85,0.3493872658616981,0.3493872658616981,0.4012260626922801,1.0,0.10985938069730698,0.02041184570060526,0.11075073996326645
corn_oil,mp6_rep5,mp6_rep5,R-U-A,0.2,3,2,3.2901763916015625e-05,20,0.75,0.28280128626254974,0.28280128626254974,0.3689519290581056,1.0,0.10985938069730698,0.02041184570060526,0.11075073996326645
corn_oil,mp6_rep5,mp6_rep5,R-U-D,0.05,3,2,0.0030922889709472656,20,0.95,0.4287882382438607,0.4307523885561939,0.4374733170051922,1.0,0.10985938069730698,0.02041184570060526,0.11075073996326645
corn_oil,mp6_rep5,mp6_rep5,R-U-D,0.1,3,2,0.00048351287841796875,20,0.95,0.39242019714383225,0.3942177563678042,0.41418153530378443,1.0,0.10985938069730698,0.02041184570060526,0.11075073996326645
corn_oil,mp6_rep5,mp6_rep5,R-U-D,0.2,3,2,0.00038242340087890625,20,0.8,0.3156202939466789,0.3170660558488083,0.36088841216119516,1.0,0.10985938069730698,0.02041184570060526,0.11075073996326645
corn_oil,mp6_rep5,mp6_rep5,G-U-A,0.05,3,2,4.0531158447265625e-05,20,1.0,0.6178276421256121,0.6178276421256124,0.6178276421256121,1.0,0.10985938069730698,0.02041184570060526,0.11075073996326645
corn_oil,mp6_rep5,mp6_rep5,G-U-A,0.1,3,2,7.224082946777344e-05,20,1.0,0.5064258400896826,0.5064258400896824,0.5064258400896826,1.0,0.10985938069730698,0.02041184570060526,0.11075073996326645
corn_oil,mp6_rep5,mp6_rep5,G-U-A,0.2,3,2,3.3855438232421875e-05,20,0.95,0.39436603440736206,0.39436603440736206,0.40063177767937913,1.0,0.10985938069730698,0.02041184570060526,0.11075073996326645
corn_oil,mp6_rep5,mp6_rep5,G-W-A,0.05,3,2,0.00010442733764648438,20,1.0,0.6178276421256121,0.6178276421256124,0.6178276421256121,1.0,0.10985938069730698,0.02041184570060526,0.11075073996326645
corn_oil,mp6_rep5,mp6_rep5,G-W-A,0.1,3,2,7.343292236328125e-05,20,1.0,0.5064258400896826,0.5064258400896824,0.5064258400896826,1.0,0.10985938069730698,0.02041184570060526,0.11075073996326645
corn_oil,mp6_rep5,mp6_rep5,G-W-A,0.2,3,2,6.937980651855469e-05,20,0.95,0.39436603440736206,0.39436603440736206,0.40063177767937913,1.0,0.10985938069730698,0.02041184570060526,0.11075073996326645
corn_oil,mp6_rep5,mp6_rep5,G-U-D,0.05,3,2,0.0039653778076171875,20,1.0,0.6423142485539733,0.6356331477725976,0.6423142485539733,1.0,0.10985938069730698,0.02041184570060526,0.11075073996326645
corn_oil,mp6_rep5,mp6_rep5,G-U-D,0.1,3,2,0.0005021095275878906,20,1.0,0.5779432120976017,0.5719316735794555,0.5779432120976017,1.0,0.10985938069730698,0.02041184570060526,0.11075073996326645
corn_oil,mp6_rep5,mp6_rep5,G-U-D,0.2,3,2,0.0004265308380126953,20,1.0,0.4726595251573956,0.4677431062394546,0.4726595251573956,1.0,0.10985938069730698,0.02041184570060526,0.11075073996326645
corn_oil,mp6_rep5,mp6_rep5,GC-D,0.05,3,2,0.0004711151123046875,20,1.0,0.6423142485539733,0.6356331477725976,0.6423142485539733,1.0,0.10985938069730698,0.02041184570060526,0.11075073996326645
corn_oil,mp6_rep5,mp6_rep5,GC-D,0.1,3,2,0.0004315376281738281,20,1.0,0.5779432120976017,0.5719316735794555,0.5779432120976017,1.0,0.10985938069730698,0.02041184570060526,0.11075073996326645
corn_oil,mp6_rep5,mp6_rep5,GC-D,0.2,3,2,0.0003871917724609375,20,1.0,0.4726595251573956,0.4677431062394546,0.4726595251573956,1.0,0.10985938069730698,0.02041184570060526,0.11075073996326645
corn_oil,mp6_rep5,mp6_rep5,GC-D+,0.05,3,2,0.0004029273986816406,20,1.0,inf,inf,inf,0.0,0.10985938069730698,0.02041184570060526,0.11075073996326645
corn_oil,mp6_rep5,mp6_rep5,GC-D+,0.1,3,2,0.00046944618225097656,20,1.0,inf,inf,inf,0.0,0.10985938069730698,0.02041184570060526,0.11075073996326645
corn_oil,mp6_rep5,mp6_rep5,GC-D+,0.2,3,2,0.0003941059112548828,20,1.0,inf,inf,inf,0.0,0.10985938069730698,0.02041184570060526,0.11075073996326645
corn_oil,mp6_rep5,mp6_rep5,HJ+,0.05,3,2,0.0015180110931396484,20,1.0,inf,inf,inf,0.0,0.10985938069730698,0.02041184570060526,0.11075073996326645
corn_oil,mp6_rep5,mp6_rep5,HJ+,0.1,3,2,0.0004096031188964844,20,1.0,inf,inf,inf,0.0,0.10985938069730698,0.02041184570060526,0.11075073996326645
corn_oil,mp6_rep5,mp6_rep5,HJ+,0.2,3,2,0.00047516822814941406,20,1.0,inf,inf,inf,0.0,0.10985938069730698,0.02041184570060526,0.11075073996326645
corn_oil,mp6_rep5,mp6_rep5,HJ+-D,0.05,3,2,0.0023076534271240234,20,1.0,inf,inf,inf,0.0,0.10985938069730698,0.02041184570060526,0.11075073996326645
corn_oil,mp6_rep5,mp6_rep5,HJ+-D,0.1,3,2,0.0021600723266601562,20,1.0,inf,inf,inf,0.0,0.10985938069730698,0.02041184570060526,0.11075073996326645
corn_oil,mp6_rep5,mp6_rep5,HJ+-D,0.2,3,2,0.002254009246826172,20,1.0,inf,inf,inf,0.0,0.10985938069730698,0.02041184570060526,0.11075073996326645
corn_oil,mp6_rep5,mp6_rep5,HCP-D,0.05,3,2,0.0002694129943847656,20,1.0,inf,inf,inf,0.0,0.10985938069730698,0.02041184570060526,0.11075073996326645
corn_oil,mp6_rep5,mp6_rep5,HCP-D,0.1,3,2,0.0001983642578125,20,1.0,inf,inf,inf,0.0,0.10985938069730698,0.02041184570060526,0.11075073996326645
corn_oil,mp6_rep5,mp6_rep5,HCP-D,0.2,3,2,0.00015664100646972656,20,1.0,inf,inf,inf,0.0,0.10985938069730698,0.02041184570060526,0.11075073996326645
corn_oil,mp6_rep5,mp6_rep5,HCP-A,0.05,3,2,0.0001385211944580078,20,1.0,inf,inf,inf,0.0,0.10985938069730698,0.02041184570060526,0.11075073996326645
corn_oil,mp6_rep5,mp6_rep5,HCP-A,0.1,3,2,0.00019121170043945312,20,1.0,inf,inf,inf,0.0,0.10985938069730698,0.02041184570060526,0.11075073996326645
corn_oil,mp6_rep5,mp6_rep5,HCP-A,0.2,3,2,0.00013971328735351562,20,1.0,inf,inf,inf,0.0,0.10985938069730698,0.02041184570060526,0.11075073996326645
corn_oil,mp6_rep5,mp6_rep5,ORACLE,0.05,3,2,0.00010848045349121094,20,1.0,inf,inf,inf,0.0,0.10985938069730698,0.02041184570060526,0.11075073996326645
corn_oil,mp6_rep5,mp6_rep5,ORACLE,0.1,3,2,9.274482727050781e-05,20,0.9,0.3861327179169307,0.3861327179169307,0.4327977710324129,1.0,0.10985938069730698,0.02041184570060526,0.11075073996326645
corn_oil,mp6_rep5,mp6_rep5,ORACLE,0.2,3,2,8.678436279296875e-05,20,0.9,0.3514073040090411,0.3514073040090411,0.3895377184331552,1.0,0.10985938069730698,0.02041184570060526,0.11075073996326645
corn_oil,mp6_rep6,mp6_rep6,ASTM-R,0.05,3,1,0.015224933624267578,20,0.9,0.624055535103263,0.6223153452596528,1.2107004612139645,1.0,0.19895508416098115,0.0736804457646106,0.1896098971029768
corn_oil,mp6_rep6,mp6_rep6,ASTM-R,0.1,3,1,0.0001251697540283203,20,0.85,0.5224547544571287,0.5209978801786215,0.9310174185310951,1.0,0.19895508416098115,0.0736804457646106,0.1896098971029768
corn_oil,mp6_rep6,mp6_rep6,ASTM-R,0.2,3,1,0.00011467933654785156,20,0.75,0.4061372302256937,0.4050047094108056,0.717678233167369,1.0,0.19895508416098115,0.0736804457646106,0.1896098971029768
corn_oil,mp6_rep6,mp6_rep6,ASTM-G,0.05,3,1,0.00012183189392089844,20,0.9,0.6327171653718626,0.6309528224197956,1.2019128392974034,1.0,0.19895508416098115,0.0736804457646106,0.1896098971029768
corn_oil,mp6_rep6,mp6_rep6,ASTM-G,0.1,3,1,0.00010728836059570312,20,0.85,0.5297062083112012,0.5282291132259891,0.9273534413913594,1.0,0.19895508416098115,0.0736804457646106,0.1896098971029768
corn_oil,mp6_rep6,mp6_rep6,ASTM-G,0.2,3,1,9.34600830078125e-05,20,0.75,0.4117742454088796,0.4106260056779365,0.7162511967015786,1.0,0.19895508416098115,0.0736804457646106,0.1896098971029768
corn_oil,mp6_rep6,mp6_rep6,GPR,0.05,3,1,0.03229641914367676,20,0.9,0.6004952956387892,0.5970084333127685,1.1135447185945884,1.0,0.19895508416098115,0.0736804457646106,0.1896098971029768
corn_oil,mp6_rep6,mp6_rep6,GPR,0.1,3,1,0.0001780986785888672,20,0.85,0.5039515382883679,0.5010252711789338,0.8936279662863953,1.0,0.19895508416098115,0.0736804457646106,0.1896098971029768
corn_oil,mp6_rep6,mp6_rep6,GPR,0.2,3,1,0.0001323223114013672,20,0.75,0.39264276910101115,0.39036283237360303,0.6987784678282435,1.0,0.19895508416098115,0.0736804457646106,0.1896098971029768
corn_oil,mp6_rep6,mp6_rep6,BAG,0.05,3,1,0.022457122802734375,20,0.9,0.61376330815163,0.6115698209833202,1.2354979475858376,1.0,0.19895508416098115,0.0736804457646106,0.1896098971029768
corn_oil,mp6_rep6,mp6_rep6,BAG,0.1,3,1,9.417533874511719e-05,20,0.85,0.5150864053962986,0.5132455729356384,0.94465518633018,1.0,0.19895508416098115,0.0736804457646106,0.1896098971029768
corn_oil,mp6_rep6,mp6_rep6,BAG,0.2,3,1,0.00014257431030273438,20,0.8,0.4013182561720077,0.3998840120038891,0.7237566513216002,1.0,0.19895508416098115,0.0736804457646106,0.1896098971029768
corn_oil,mp6_rep6,mp6_rep6,QGB,0.05,3,1,0.03225421905517578,20,0.9,0.5784376205399312,0.6002033324687839,0.6335312114416208,1.0,0.19895508416098115,0.0736804457646106,0.1896098971029768
corn_oil,mp6_rep6,mp6_rep6,QGB,0.1,3,1,0.027019262313842773,20,0.75,0.4672309864672883,0.46445223364283095,0.7541063976043831,1.0,0.19895508416098115,0.0736804457646106,0.1896098971029768
corn_oil,mp6_rep6,mp6_rep6,QGB,0.2,3,1,0.027955293655395508,20,0.6,0.3864294778206583,0.36337256342436786,0.6832897517303991,1.0,0.19895508416098115,0.0736804457646106,0.1896098971029768
corn_oil,mp6_rep6,mp6_rep6,SCP,0.05,3,1,2.9087066650390625e-05,20,0.95,0.6694986866369188,0.6694986866369188,1.2596299165977556,1.0,0.19895508416098115,0.0736804457646106,0.1896098971029768
corn_oil,mp6_rep6,mp6_rep6,SCP,0.1,3,1,1.0251998901367188e-05,20,0.8,0.4509518575536662,0.4509518575536662,1.0507688413937124,1.0,0.19895508416098115,0.0736804457646106,0.1896098971029768
corn_oil,mp6_rep6,mp6_rep6,SCP,0.2,3,1,8.58306884765625e-06,20,0.7,0.3303940135222527,0.3303940135222527,0.7758300539964809,1.0,0.19895508416098115,0.0736804457646106,0.1896098971029768
corn_oil,mp6_rep6,mp6_rep6,NCP-kNN,0.05,3,1,0.004985809326171875,20,0.95,0.7299936372383162,0.6794938709843312,1.2521862819508898,1.0,0.19895508416098115,0.0736804457646106,0.1896098971029768
corn_oil,mp6_rep6,mp6_rep6,NCP-kNN,0.1,3,1,1.6450881958007812e-05,20,0.8,0.48423387830554,0.4507353703470285,1.0403690666287615,1.0,0.19895508416098115,0.0736804457646106,0.1896098971029768
corn_oil,mp6_rep6,mp6_rep6,NCP-kNN,0.2,3,1,2.574920654296875e-05,20,0.65,0.36947966967776563,0.3439196702441878,0.7919492060199465,1.0,0.19895508416098115,0.0736804457646106,0.1896098971029768
corn_oil,mp6_rep6,mp6_rep6,CV+,0.05,3,1,0.00847005844116211,20,0.9,0.6065016605061494,0.6061032854490502,1.2731691939372929,1.0,0.19895508416098115,0.0736804457646106,0.1896098971029768
corn_oil,mp6_rep6,mp6_rep6,CV+,0.1,3,1,0.005215644836425781,20,0.85,0.4961051026547854,0.4965578021177677,0.9368897819602621,1.0,0.19895508416098115,0.0736804457646106,0.1896098971029768
corn_oil,mp6_rep6,mp6_rep6,CV+,0.2,3,1,0.005320072174072266,20,0.75,0.40843133074886484,0.4073935436930287,0.7165604383287724,1.0,0.19895508416098115,0.0736804457646106,0.1896098971029768
corn_oil,mp6_rep6,mp6_rep6,CQR,0.05,3,1,3.552436828613281e-05,20,1.0,0.8223575017152577,0.8441232136441104,0.8223575017152577,1.0,0.19895508416098115,0.0736804457646106,0.1896098971029768
corn_oil,mp6_rep6,mp6_rep6,CQR,0.1,3,1,1.4066696166992188e-05,20,0.85,0.5288912554498061,0.5261125026253488,0.7092335512129014,1.0,0.19895508416098115,0.0736804457646106,0.1896098971029768
corn_oil,mp6_rep6,mp6_rep6,CQR,0.2,3,1,1.1682510375976562e-05,20,0.75,0.4280038427524646,0.4049469283561742,0.6649623236053259,1.0,0.19895508416098115,0.0736804457646106,0.1896098971029768
corn_oil,mp6_rep6,mp6_rep6,WCP,0.05,3,1,0.002789735794067383,20,1.0,inf,inf,inf,0.4,0.19895508416098115,0.0736804457646106,0.1896098971029768
corn_oil,mp6_rep6,mp6_rep6,WCP,0.1,3,1,0.00011610984802246094,20,1.0,inf,0.6441213075230454,inf,0.7,0.19895508416098115,0.0736804457646106,0.1896098971029768
corn_oil,mp6_rep6,mp6_rep6,WCP,0.2,3,1,8.296966552734375e-05,20,0.85,inf,0.3303940135222527,inf,0.95,0.19895508416098115,0.0736804457646106,0.1896098971029768
corn_oil,mp6_rep6,mp6_rep6,R-U-A,0.05,3,1,5.555152893066406e-05,20,0.9,0.55184049946625,0.55184049946625,1.2919929779773955,1.0,0.19895508416098115,0.0736804457646106,0.1896098971029768
corn_oil,mp6_rep6,mp6_rep6,R-U-A,0.1,3,1,3.647804260253906e-05,20,0.85,0.486838578746805,0.4868385787468048,0.9515813682983449,1.0,0.19895508416098115,0.0736804457646106,0.1896098971029768
corn_oil,mp6_rep6,mp6_rep6,R-U-A,0.2,3,1,3.6716461181640625e-05,20,0.75,0.4031087757756575,0.4031087757756575,0.7197165575098255,1.0,0.19895508416098115,0.0736804457646106,0.1896098971029768
corn_oil,mp6_rep6,mp6_rep6,R-U-D,0.05,3,1,0.003034830093383789,20,0.95,0.7033461170184537,0.677514867191825,0.8841350685165498,1.0,0.19895508416098115,0.0736804457646106,0.1896098971029768
corn_oil,mp6_rep6,mp6_rep6,R-U-D,0.1,3,1,0.0003781318664550781,20,0.85,0.5575615292030156,0.5370843973811836,0.7979048219788221,1.0,0.19895508416098115,0.0736804457646106,0.1896098971029768
corn_oil,mp6_rep6,mp6_rep6,R-U-D,0.2,3,1,0.0003905296325683594,20,0.85,0.4723902616020549,0.45504114916956384,0.6654770694870261,1.0,0.19895508416098115,0.0736804457646106,0.1896098971029768
corn_oil,mp6_rep6,mp6_rep6,G-U-A,0.05,3,1,4.029273986816406e-05,20,0.9,0.58754413226068,0.58754413226068,1.2562893451829655,1.0,0.19895508416098115,0.0736804457646106,0.1896098971029768
corn_oil,mp6_rep6,mp6_rep6,G-U-A,0.1,3,1,3.409385681152344e-05,20,0.8,0.4672908743136004,0.4672908743136004,0.9669227374663809,1.0,0.19895508416098115,0.0736804457646106,0.1896098971029768
corn_oil,mp6_rep6,mp6_rep6,G-U-A,0.2,3,1,5.698204040527344e-05,20,0.75,0.4051273152898638,0.4051273152898638,0.7192119226312739,1.0,0.19895508416098115,0.0736804457646106,0.1896098971029768
corn_oil,mp6_rep6,mp6_rep6,G-W-A,0.05,3,1,0.00010919570922851562,20,0.9,0.58754413226068,0.58754413226068,1.2562893451829655,1.0,0.19895508416098115,0.0736804457646106,0.1896098971029768
corn_oil,mp6_rep6,mp6_rep6,G-W-A,0.1,3,1,7.963180541992188e-05,20,0.8,0.4672908743136004,0.4672908743136004,0.9669227374663809,1.0,0.19895508416098115,0.0736804457646106,0.1896098971029768
corn_oil,mp6_rep6,mp6_rep6,G-W-A,0.2,3,1,6.818771362304688e-05,20,0.75,0.4051273152898638,0.4051273152898638,0.7192119226312739,1.0,0.19895508416098115,0.0736804457646106,0.1896098971029768
corn_oil,mp6_rep6,mp6_rep6,G-U-D,0.05,3,1,0.003229856491088867,20,0.85,0.5258868895881765,0.5098332547575177,1.1008445775524218,1.0,0.19895508416098115,0.0736804457646106,0.1896098971029768
corn_oil,mp6_rep6,mp6_rep6,G-U-D,0.1,3,1,0.0005099773406982422,20,0.75,0.40524549949337063,0.392874658169053,0.9387830890834229,1.0,0.19895508416098115,0.0736804457646106,0.1896098971029768
corn_oil,mp6_rep6,mp6_rep6,G-U-D,0.2,3,1,0.00041675567626953125,20,0.7,0.354369375166216,0.3435516182365044,0.6929576628010917,1.0,0.19895508416098115,0.0736804457646106,0.1896098971029768
corn_oil,mp6_rep6,mp6_rep6,GC-D,0.05,3,1,0.0004405975341796875,20,0.85,0.5258868895881765,0.5098332547575177,1.1008445775524218,1.0,0.19895508416098115,0.0736804457646106,0.1896098971029768
corn_oil,mp6_rep6,mp6_rep6,GC-D,0.1,3,1,0.0003979206085205078,20,0.75,0.40524549949337063,0.392874658169053,0.9387830890834229,1.0,0.19895508416098115,0.0736804457646106,0.1896098971029768
corn_oil,mp6_rep6,mp6_rep6,GC-D,0.2,3,1,0.00038933753967285156,20,0.7,0.354369375166216,0.3435516182365044,0.6929576628010917,1.0,0.19895508416098115,0.0736804457646106,0.1896098971029768
corn_oil,mp6_rep6,mp6_rep6,GC-D+,0.05,3,1,0.0003771781921386719,20,1.0,inf,inf,inf,0.0,0.19895508416098115,0.0736804457646106,0.1896098971029768
corn_oil,mp6_rep6,mp6_rep6,GC-D+,0.1,3,1,0.0003859996795654297,20,1.0,inf,inf,inf,0.0,0.19895508416098115,0.0736804457646106,0.1896098971029768
corn_oil,mp6_rep6,mp6_rep6,GC-D+,0.2,3,1,0.0004374980926513672,20,1.0,inf,inf,inf,0.0,0.19895508416098115,0.0736804457646106,0.1896098971029768
corn_oil,mp6_rep6,mp6_rep6,HJ+,0.05,3,1,0.0016481876373291016,20,1.0,inf,inf,inf,0.0,0.19895508416098115,0.0736804457646106,0.1896098971029768
corn_oil,mp6_rep6,mp6_rep6,HJ+,0.1,3,1,0.00041675567626953125,20,1.0,inf,inf,inf,0.0,0.19895508416098115,0.0736804457646106,0.1896098971029768
corn_oil,mp6_rep6,mp6_rep6,HJ+,0.2,3,1,0.0003490447998046875,20,1.0,inf,inf,inf,0.0,0.19895508416098115,0.0736804457646106,0.1896098971029768
corn_oil,mp6_rep6,mp6_rep6,HJ+-D,0.05,3,1,0.0022003650665283203,20,1.0,inf,inf,inf,0.0,0.19895508416098115,0.0736804457646106,0.1896098971029768
corn_oil,mp6_rep6,mp6_rep6,HJ+-D,0.1,3,1,0.0021257400512695312,20,1.0,inf,inf,inf,0.0,0.19895508416098115,0.0736804457646106,0.1896098971029768
corn_oil,mp6_rep6,mp6_rep6,HJ+-D,0.2,3,1,0.0020818710327148438,20,1.0,inf,inf,inf,0.0,0.19895508416098115,0.0736804457646106,0.1896098971029768
corn_oil,mp6_rep6,mp6_rep6,HCP-D,0.05,3,1,0.0003025531768798828,20,1.0,inf,inf,inf,0.0,0.19895508416098115,0.0736804457646106,0.1896098971029768
corn_oil,mp6_rep6,mp6_rep6,HCP-D,0.1,3,1,0.000164031982421875,20,1.0,inf,inf,inf,0.0,0.19895508416098115,0.0736804457646106,0.1896098971029768
corn_oil,mp6_rep6,mp6_rep6,HCP-D,0.2,3,1,0.00014448165893554688,20,1.0,inf,inf,inf,0.0,0.19895508416098115,0.0736804457646106,0.1896098971029768
corn_oil,mp6_rep6,mp6_rep6,HCP-A,0.05,3,1,0.00013446807861328125,20,1.0,inf,inf,inf,0.0,0.19895508416098115,0.0736804457646106,0.1896098971029768
corn_oil,mp6_rep6,mp6_rep6,HCP-A,0.1,3,1,0.00016450881958007812,20,1.0,inf,inf,inf,0.0,0.19895508416098115,0.0736804457646106,0.1896098971029768
corn_oil,mp6_rep6,mp6_rep6,HCP-A,0.2,3,1,0.000133514404296875,20,1.0,inf,inf,inf,0.0,0.19895508416098115,0.0736804457646106,0.1896098971029768
corn_oil,mp6_rep6,mp6_rep6,ORACLE,0.05,3,1,0.00010895729064941406,20,1.0,inf,inf,inf,0.0,0.19895508416098115,0.0736804457646106,0.1896098971029768
corn_oil,mp6_rep6,mp6_rep6,ORACLE,0.1,3,1,0.00011849403381347656,20,0.95,0.9219167387218228,0.9219167387218228,1.1892576120163776,1.0,0.19895508416098115,0.0736804457646106,0.1896098971029768
corn_oil,mp6_rep6,mp6_rep6,ORACLE,0.2,3,1,0.00010418891906738281,20,0.85,0.5122968730581583,0.5122968730581583,0.7340422883108358,1.0,0.19895508416098115,0.0736804457646106,0.1896098971029768
corn_oil,mp6_rep7,mp6_rep7,ASTM-R,0.05,3,2,0.014142274856567383,20,0.8,0.4513757841621554,0.45286879108318434,0.8277782811426608,1.0,0.1670888814503534,0.14742360429893203,0.08068767074566076
corn_oil,mp6_rep7,mp6_rep7,ASTM-R,0.1,3,2,0.00011301040649414062,20,0.75,0.3778806224541004,0.37913053085513226,0.7444941208705238,1.0,0.1670888814503534,0.14742360429893203,0.08068767074566076
corn_oil,mp6_rep7,mp6_rep7,ASTM-R,0.2,3,2,0.00010037422180175781,20,0.55,0.29374485376765186,0.2947164679194958,0.6182315340313789,1.0,0.1670888814503534,0.14742360429893203,0.08068767074566076
corn_oil,mp6_rep7,mp6_rep7,ASTM-G,0.05,3,2,0.00014638900756835938,20,1.0,0.669935906043785,0.6721518400381743,0.669935906043785,1.0,0.1670888814503534,0.14742360429893203,0.08068767074566076
corn_oil,mp6_rep7,mp6_rep7,ASTM-G,0.1,3,2,0.00010704994201660156,20,0.9,0.5608537410798089,0.5627088661141997,0.5957113356280891,1.0,0.1670888814503534,0.14742360429893203,0.08068767074566076
corn_oil,mp6_rep7,mp6_rep7,ASTM-G,0.2,3,2,9.608268737792969e-05,20,0.75,0.435978693717062,0.4374207719808503,0.5462454903955685,1.0,0.1670888814503534,0.14742360429893203,0.08068767074566076
corn_oil,mp6_rep7,mp6_rep7,GPR,0.05,3,2,0.04121112823486328,20,0.75,0.4122018071807762,0.4080924017385228,1.1778904390600262,1.0,0.1670888814503534,0.14742360429893203,0.08068767074566076
corn_oil,mp6_rep7,mp6_rep7,GPR,0.1,3,2,0.00011587142944335938,20,0.55,0.34593066144343493,0.3424819396813912,0.9394119578358733,1.0,0.1670888814503534,0.14742360429893203,0.08068767074566076
corn_oil,mp6_rep7,mp6_rep7,GPR,0.2,3,2,8.225440979003906e-05,20,0.45,0.2695242746701817,0.2668372788786679,0.7494371883149306,1.0,0.1670888814503534,0.14742360429893203,0.08068767074566076
corn_oil,mp6_rep7,mp6_rep7,BAG,0.05,3,2,0.024168729782104492,20,0.8,0.47510647396197536,0.4731993928731484,0.7205202920086956,1.0,0.1670888814503534,0.14742360429893203,0.08068767074566076
corn_oil,mp6_rep7,mp6_rep7,BAG,0.1,3,2,0.000141143798828125,20,0.75,0.39872192195810713,0.3971214490562627,0.7032400125557045,1.0,0.1670888814503534,0.14742360429893203,0.08068767074566076
corn_oil,mp6_rep7,mp6_rep7,BAG,0.2,3,2,7.748603820800781e-05,20,0.6,0.31065542546141683,0.30940845216278223,0.5924638541835314,1.0,0.1670888814503534,0.14742360429893203,0.08068767074566076
corn_oil,mp6_rep7,mp6_rep7,QGB,0.05,3,2,0.030837297439575195,20,0.8,0.3246919724366729,0.33490497354645354,0.9432773117003597,1.0,0.1670888814503534,0.14742360429893203,0.08068767074566076
corn_oil,mp6_rep7,mp6_rep7,QGB,0.1,3,2,0.026848316192626953,20,0.75,0.28448191053454847,0.2953203723249618,0.7571319811415828,1.0,0.1670888814503534,0.14742360429893203,0.08068767074566076
corn_oil,mp6_rep7,mp6_rep7,QGB,0.2,3,2,0.028064250946044922,20,0.4,0.17429631345018184,0.1600230793241051,0.7875585759514878,1.0,0.1670888814503534,0.14742360429893203,0.08068767074566076
corn_oil,mp6_rep7,mp6_rep7,SCP,0.05,3,2,2.765655517578125e-05,20,0.7,0.36026019858453484,0.36026019858453484,1.228828984159393,1.0,0.1670888814503534,0.14742360429893203,0.08068767074566076
corn_oil,mp6_rep7,mp6_rep7,SCP,0.1,3,2,1.1205673217773438e-05,20,0.55,0.30957283275651815,0.30957283275651815,0.91402793882846,1.0,0.1670888814503534,0.14742360429893203,0.08068767074566076
corn_oil,mp6_rep7,mp6_rep7,SCP,0.2,3,2,8.58306884765625e-06,20,0.45,0.26367700840364616,0.26367700840364616,0.6721654213683991,1.0,0.1670888814503534,0.14742360429893203,0.08068767074566076
corn_oil,mp6_rep7,mp6_rep7,NCP-kNN,0.05,3,2,0.005120992660522461,20,0.6,0.29153439470880615,0.2922382765364091,1.539536301107934,1.0,0.1670888814503534,0.14742360429893203,0.08068767074566076
corn_oil,mp6_rep7,mp6_rep7,NCP-kNN,0.1,3,2,1.71661376953125e-05,20,0.4,0.24843973873733266,0.2490395726523884,1.0788619742737517,1.0,0.1670888814503534,0.14742360429893203,0.08068767074566076
corn_oil,mp6_rep7,mp6_rep7,NCP-kNN,0.2,3,2,1.2636184692382812e-05,20,0.35,0.22474944002493152,0.22529207598648027,0.7156829730531978,1.0,0.1670888814503534,0.14742360429893203,0.08068767074566076
corn_oil,mp6_rep7,mp6_rep7,CV+,0.05,3,2,0.005015134811401367,20,0.75,0.42769985566240265,0.42690190038821196,0.826657961640632,1.0,0.1670888814503534,0.14742360429893203,0.08068767074566076
corn_oil,mp6_rep7,mp6_rep7,CV+,0.1,3,2,0.00440526008605957,20,0.7,0.3565523229035478,0.3545545296882404,0.7899327396519197,1.0,0.1670888814503534,0.14742360429893203,0.08068767074566076
corn_oil,mp6_rep7,mp6_rep7,CV+,0.2,3,2,0.004414558410644531,20,0.55,0.29784924675202007,0.2965211112062103,0.620790745113708,1.0,0.1670888814503534,0.14742360429893203,0.08068767074566076
corn_oil,mp6_rep7,mp6_rep7,CQR,0.05,3,2,2.3365020751953125e-05,20,0.9,0.44883302656954865,0.45904602767932934,0.6472870966929178,1.0,0.1670888814503534,0.14742360429893203,0.08068767074566076
corn_oil,mp6_rep7,mp6_rep7,CQR,0.1,3,2,1.2636184692382812e-05,20,0.8,0.41784475616203826,0.42868321795245157,0.6114545275555352,1.0,0.1670888814503534,0.14742360429893203,0.08068767074566076
corn_oil,mp6_rep7,mp6_rep7,CQR,0.2,3,2,1.049041748046875e-05,20,0.75,0.2906665054352824,0.27639327130920566,0.6557877387500061,1.0,0.1670888814503534,0.14742360429893203,0.08068767074566076
corn_oil,mp6_rep7,mp6_rep7,WCP,0.05,3,2,0.002843618392944336,20,0.95,inf,inf,inf,0.1,0.1670888814503534,0.14742360429893203,0.08068767074566076
corn_oil,mp6_rep7,mp6_rep7,WCP,0.1,3,2,0.00010943412780761719,20,0.8,inf,inf,inf,0.35,0.1670888814503534,0.14742360429893203,0.08068767074566076
corn_oil,mp6_rep7,mp6_rep7,WCP,0.2,3,2,0.00011324882507324219,20,0.7,inf,inf,inf,0.5,0.1670888814503534,0.14742360429893203,0.08068767074566076
corn_oil,mp6_rep7,mp6_rep7,R-U-A,0.05,3,2,5.316734313964844e-05,20,0.75,0.4098875948376195,0.4098875948376195,0.9939381666838145,1.0,0.1670888814503534,0.14742360429893203,0.08068767074566076
corn_oil,mp6_rep7,mp6_rep7,R-U-A,0.1,3,2,3.3855438232421875e-05,20,0.7,0.34177763424052543,0.34177763424052543,0.8091539069697383,1.0,0.1670888814503534,0.14742360429893203,0.08068767074566076
corn_oil,mp6_rep7,mp6_rep7,R-U-A,0.2,3,2,3.218650817871094e-05,20,0.55,0.2859203040598013,0.2859203040598013,0.6300487693669874,1.0,0.1670888814503534,0.14742360429893203,0.08068767074566076
corn_oil,mp6_rep7,mp6_rep7,R-U-D,0.05,3,2,0.0028989315032958984,20,0.8,0.43705125371880305,0.4592460088835386,0.6950916024606236,1.0,0.1670888814503534,0.14742360429893203,0.08068767074566076
corn_oil,mp6_rep7,mp6_rep7,R-U-D,0.1,3,2,0.0004038810729980469,20,0.75,0.3837736939151759,0.40326285703423137,0.6535475357867229,1.0,0.1670888814503534,0.14742360429893203,0.08068767074566076
corn_oil,mp6_rep7,mp6_rep7,R-U-D,0.2,3,2,0.0004649162292480469,20,0.65,0.3192987212139535,0.33551365454604376,0.558617391796475,1.0,0.1670888814503534,0.14742360429893203,0.08068767074566076
corn_oil,mp6_rep7,mp6_rep7,G-U-A,0.05,3,2,4.4345855712890625e-05,20,1.0,0.633501754778593,0.6335017547785933,0.633501754778593,1.0,0.1670888814503534,0.14742360429893203,0.08068767074566076
corn_oil,mp6_rep7,mp6_rep7,G-U-A,0.1,3,2,3.4809112548828125e-05,20,0.9,0.5518859820120496,0.5518859820120499,0.6005280497734244,1.0,0.1670888814503534,0.14742360429893203,0.08068767074566076
corn_oil,mp6_rep7,mp6_rep7,G-U-A,0.2,3,2,3.933906555175781e-05,20,0.8,0.4537526127740115,0.4537526127740117,0.5485479322583859,1.0,0.1670888814503534,0.14742360429893203,0.08068767074566076
corn_oil,mp6_rep7,mp6_rep7,G-W-A,0.05,3,2,0.00010442733764648438,20,1.0,0.633501754778593,0.6335017547785933,0.633501754778593,1.0,0.1670888814503534,0.14742360429893203,0.08068767074566076
corn_oil,mp6_rep7,mp6_rep7,G-W-A,0.1,3,2,7.581710815429688e-05,20,0.9,0.5518859820120496,0.5518859820120499,0.6005280497734244,1.0,0.1670888814503534,0.14742360429893203,0.08068767074566076
corn_oil,mp6_rep7,mp6_rep7,G-W-A,0.2,3,2,7.200241088867188e-05,20,0.8,0.4537526127740115,0.4537526127740117,0.5485479322583859,1.0,0.1670888814503534,0.14742360429893203,0.08068767074566076
corn_oil,mp6_rep7,mp6_rep7,G-U-D,0.05,3,2,0.0038251876831054688,20,0.8,0.5025887117673602,0.48797646604290534,0.7113684184342024,1.0,0.1670888814503534,0.14742360429893203,0.08068767074566076
corn_oil,mp6_rep7,mp6_rep7,G-U-D,0.1,3,2,0.00045418739318847656,20,0.75,0.4260870548230292,0.41369901545941246,0.7055683902045029,1.0,0.1670888814503534,0.14742360429893203,0.08068767074566076
corn_oil,mp6_rep7,mp6_rep7,G-U-D,0.2,3,2,0.000347137451171875,20,0.55,0.3192791205419315,0.30999641113200305,0.6132819187808087,1.0,0.1670888814503534,0.14742360429893203,0.08068767074566076
corn_oil,mp6_rep7,mp6_rep7,GC-D,0.05,3,2,0.0004773139953613281,20,0.8,0.5025887117673602,0.48797646604290534,0.7113684184342024,1.0,0.1670888814503534,0.14742360429893203,0.08068767074566076
corn_oil,mp6_rep7,mp6_rep7,GC-D,0.1,3,2,0.0004360675811767578,20,0.75,0.4260870548230292,0.41369901545941246,0.7055683902045029,1.0,0.1670888814503534,0.14742360429893203,0.08068767074566076
corn_oil,mp6_rep7,mp6_rep7,GC-D,0.2,3,2,0.0004143714904785156,20,0.55,0.3192791205419315,0.30999641113200305,0.6132819187808087,1.0,0.1670888814503534,0.14742360429893203,0.08068767074566076
corn_oil,mp6_rep7,mp6_rep7,GC-D+,0.05,3,2,0.0004215240478515625,20,1.0,inf,inf,inf,0.0,0.1670888814503534,0.14742360429893203,0.08068767074566076
corn_oil,mp6_rep7,mp6_rep7,GC-D+,0.1,3,2,0.00041675567626953125,20,1.0,inf,inf,inf,0.0,0.1670888814503534,0.14742360429893203,0.08068767074566076
corn_oil,mp6_rep7,mp6_rep7,GC-D+,0.2,3,2,0.00043272972106933594,20,1.0,inf,inf,inf,0.0,0.1670888814503534,0.14742360429893203,0.08068767074566076
corn_oil,mp6_rep7,mp6_rep7,HJ+,0.05,3,2,0.0014641284942626953,20,1.0,inf,inf,inf,0.0,0.1670888814503534,0.14742360429893203,0.08068767074566076
corn_oil,mp6_rep7,mp6_rep7,HJ+,0.1,3,2,0.0004143714904785156,20,1.0,inf,inf,inf,0.0,0.1670888814503534,0.14742360429893203,0.08068767074566076
corn_oil,mp6_rep7,mp6_rep7,HJ+,0.2,3,2,0.00036215782165527344,20,1.0,inf,inf,inf,0.0,0.1670888814503534,0.14742360429893203,0.08068767074566076
corn_oil,mp6_rep7,mp6_rep7,HJ+-D,0.05,3,2,0.002459287643432617,20,1.0,inf,inf,inf,0.0,0.1670888814503534,0.14742360429893203,0.08068767074566076
corn_oil,mp6_rep7,mp6_rep7,HJ+-D,0.1,3,2,0.0020313262939453125,20,1.0,inf,inf,inf,0.0,0.1670888814503534,0.14742360429893203,0.08068767074566076
corn_oil,mp6_rep7,mp6_rep7,HJ+-D,0.2,3,2,0.002094745635986328,20,1.0,inf,inf,inf,0.0,0.1670888814503534,0.14742360429893203,0.08068767074566076
corn_oil,mp6_rep7,mp6_rep7,HCP-D,0.05,3,2,0.00029015541076660156,20,1.0,inf,inf,inf,0.0,0.1670888814503534,0.14742360429893203,0.08068767074566076
corn_oil,mp6_rep7,mp6_rep7,HCP-D,0.1,3,2,0.000156402587890625,20,1.0,inf,inf,inf,0.0,0.1670888814503534,0.14742360429893203,0.08068767074566076
corn_oil,mp6_rep7,mp6_rep7,HCP-D,0.2,3,2,0.000141143798828125,20,1.0,inf,inf,inf,0.0,0.1670888814503534,0.14742360429893203,0.08068767074566076
corn_oil,mp6_rep7,mp6_rep7,HCP-A,0.05,3,2,0.00014448165893554688,20,1.0,inf,inf,inf,0.0,0.1670888814503534,0.14742360429893203,0.08068767074566076
corn_oil,mp6_rep7,mp6_rep7,HCP-A,0.1,3,2,0.00014472007751464844,20,1.0,inf,inf,inf,0.0,0.1670888814503534,0.14742360429893203,0.08068767074566076
corn_oil,mp6_rep7,mp6_rep7,HCP-A,0.2,3,2,0.00012993812561035156,20,1.0,inf,inf,inf,0.0,0.1670888814503534,0.14742360429893203,0.08068767074566076
corn_oil,mp6_rep7,mp6_rep7,ORACLE,0.05,3,2,0.000110626220703125,20,1.0,inf,inf,inf,0.0,0.1670888814503534,0.14742360429893203,0.08068767074566076
corn_oil,mp6_rep7,mp6_rep7,ORACLE,0.1,3,2,9.489059448242188e-05,20,0.9,0.5538578622967716,0.5538578622967716,0.6480904449018311,1.0,0.1670888814503534,0.14742360429893203,0.08068767074566076
corn_oil,mp6_rep7,mp6_rep7,ORACLE,0.2,3,2,8.988380432128906e-05,20,0.9,0.5432380022200007,0.5432380022200007,0.6000819459475479,1.0,0.1670888814503534,0.14742360429893203,0.08068767074566076
corn_oil,mp6_rep8,mp6_rep8,ASTM-R,0.05,3,2,0.014940738677978516,20,0.85,0.43198550959446413,0.43125700934577393,0.6040383323660204,1.0,0.1447563423003108,0.041182154621059716,0.14237988022016046
corn_oil,mp6_rep8,mp6_rep8,ASTM-R,0.1,3,2,0.0001537799835205078,20,0.65,0.3616475650321215,0.3610376826744668,0.6695325740729302,1.0,0.1447563423003108,0.041182154621059716,0.14237988022016046
corn_oil,mp6_rep8,mp6_rep8,ASTM-R,0.2,3,2,0.00010085105895996094,20,0.6,0.2811261144217349,0.2806520234170118,0.5832613907178649,1.0,0.1447563423003108,0.041182154621059716,0.14237988022016046
corn_oil,mp6_rep8,mp6_rep8,ASTM-G,0.05,3,2,0.00010371208190917969,20,1.0,0.5937232150324472,0.5927219603602469,0.5937232150324472,1.0,0.1447563423003108,0.041182154621059716,0.14237988022016046
corn_oil,mp6_rep8,mp6_rep8,ASTM-G,0.1,3,2,9.465217590332031e-05,20,0.9,0.4970503645390765,0.4962121389362819,0.5147793730854342,1.0,0.1447563423003108,0.041182154621059716,0.14237988022016046
corn_oil,mp6_rep8,mp6_rep8,ASTM-G,0.2,3,2,9.369850158691406e-05,20,0.65,0.3863812483912795,0.38572965515657476,0.49685943814187006,1.0,0.1447563423003108,0.041182154621059716,0.14237988022016046
corn_oil,mp6_rep8,mp6_rep8,GPR,0.05,3,2,0.033997535705566406,20,0.65,0.3935619205510028,0.39009817852575024,1.038232934076524,1.0,0.1447563423003108,0.041182154621059716,0.14237988022016046
corn_oil,mp6_rep8,mp6_rep8,GPR,0.1,3,2,0.0001010894775390625,20,0.65,0.3302875754628821,0.3273807115215033,0.8764626719264506,1.0,0.1447563423003108,0.041182154621059716,0.14237988022016046
corn_oil,mp6_rep8,mp6_rep8,GPR,0.2,3,2,8.535385131835938e-05,20,0.6,0.25733630791141193,0.2550714887361014,0.6716545691175198,1.0,0.1447563423003108,0.041182154621059716,0.14237988022016046
corn_oil,mp6_rep8,mp6_rep8,BAG,0.05,3,2,0.02419257164001465,20,0.95,0.4602267382012529,0.45740776029212826,0.5442611966868819,1.0,0.1447563423003108,0.041182154621059716,0.14237988022016046
corn_oil,mp6_rep8,mp6_rep8,BAG,0.1,3,2,0.00010132789611816406,20,0.7,0.38623445406218704,0.3838686932243891,0.5720404934913385,1.0,0.1447563423003108,0.041182154621059716,0.14237988022016046
corn_oil,mp6_rep8,mp6_rep8,BAG,0.2,3,2,7.987022399902344e-05,20,0.65,0.30092608920347597,0.2990828586231338,0.5388422120254971,1.0,0.1447563423003108,0.041182154621059716,0.14237988022016046
corn_oil,mp6_rep8,mp6_rep8,QGB,0.05,3,2,0.0319981575012207,20,0.7,0.37341894077238275,0.3938042950498337,1.0225904790887546,1.0,0.1447563423003108,0.041182154621059716,0.14237988022016046
corn_oil,mp6_rep8,mp6_rep8,QGB,0.1,3,2,0.026755332946777344,20,0.7,0.3291785023433733,0.32344371594728294,0.9503094476203154,1.0,0.1447563423003108,0.041182154621059716,0.14237988022016046
corn_oil,mp6_rep8,mp6_rep8,QGB,0.2,3,2,0.02705979347229004,20,0.6,0.2829229213552093,0.27203705130425493,0.728706569085109,1.0,0.1447563423003108,0.041182154621059716,0.14237988022016046
corn_oil,mp6_rep8,mp6_rep8,SCP,0.05,3,2,2.765655517578125e-05,20,0.85,0.4658997842040007,0.4658997842040007,0.5841488646634458,1.0,0.1447563423003108,0.041182154621059716,0.14237988022016046
corn_oil,mp6_rep8,mp6_rep8,SCP,0.1,3,2,1.0251998901367188e-05,20,0.65,0.3373681103620978,0.3373681103620978,0.778518781384999,1.0,0.1447563423003108,0.041182154621059716,0.14237988022016046
corn_oil,mp6_rep8,mp6_rep8,SCP,0.2,3,2,8.344650268554688e-06,20,0.6,0.2507698229803328,0.2507698229803328,0.6324002390837268,1.0,0.1447563423003108,0.041182154621059716,0.14237988022016046
corn_oil,mp6_rep8,mp6_rep8,NCP-kNN,0.05,3,2,0.0060503482818603516,20,0.95,0.5715353868531686,0.558112863634014,0.6408095577131215,1.0,0.1447563423003108,0.041182154621059716,0.14237988022016046
corn_oil,mp6_rep8,mp6_rep8,NCP-kNN,0.1,3,2,2.47955322265625e-05,20,0.55,0.26038712013992343,0.25427192194495163,0.9759686785577404,1.0,0.1447563423003108,0.041182154621059716,0.14237988022016046
corn_oil,mp6_rep8,mp6_rep8,NCP-kNN,0.2,3,2,1.33514404296875e-05,20,0.55,0.2284153742215352,0.22305103329947773,0.657952556742423,1.0,0.1447563423003108,0.041182154621059716,0.14237988022016046
corn_oil,mp6_rep8,mp6_rep8,CV+,0.05,3,2,0.00514674186706543,20,0.9,0.4606098505873648,0.459186436101805,0.5460055508425956,1.0,0.1447563423003108,0.041182154621059716,0.14237988022016046
corn_oil,mp6_rep8,mp6_rep8,CV+,0.1,3,2,0.00443577766418457,20,0.65,0.3693786046483473,0.36765534981111836,0.6600900537534822,1.0,0.1447563423003108,0.041182154621059716,0.14237988022016046
corn_oil,mp6_rep8,mp6_rep8,CV+,0.2,3,2,0.00439143180847168,20,0.6,0.2852568533190377,0.28524413025519024,0.58228430731654,1.0,0.1447563423003108,0.041182154621059716,0.14237988022016046
corn_oil,mp6_rep8,mp6_rep8,CQR,0.05,3,2,2.3126602172851562e-05,20,1.0,0.6807595214143447,0.7011448756917957,0.6807595214143447,1.0,0.1447563423003108,0.041182154621059716,0.14237988022016046
corn_oil,mp6_rep8,mp6_rep8,CQR,0.1,3,2,1.71661376953125e-05,20,0.95,0.5792891249357415,0.5735543385396511,0.6133787890263535,1.0,0.1447563423003108,0.041182154621059716,0.14237988022016046
corn_oil,mp6_rep8,mp6_rep8,CQR,0.2,3,2,1.0728836059570312e-05,20,0.7,0.3947183941217169,0.3838325240707625,0.637968319769072,1.0,0.1447563423003108,0.041182154621059716,0.14237988022016046
corn_oil,mp6_rep8,mp6_rep8,WCP,0.05,3,2,0.003045320510864258,20,0.95,inf,inf,inf,0.15,0.1447563423003108,0.041182154621059716,0.14237988022016046
corn_oil,mp6_rep8,mp6_rep8,WCP,0.1,3,2,0.00011301040649414062,20,0.9,inf,inf,inf,0.4,0.1447563423003108,0.041182154621059716,0.14237988022016046
corn_oil,mp6_rep8,mp6_rep8,WCP,0.2,3,2,9.083747863769531e-05,20,0.8,inf,inf,inf,0.4,0.1447563423003108,0.041182154621059716,0.14237988022016046
corn_oil,mp6_rep8,mp6_rep8,R-U-A,0.05,3,2,5.1975250244140625e-05,20,0.9,0.45594149731456746,0.45594149731456746,0.5699213270887782,1.0,0.1447563423003108,0.041182154621059716,0.14237988022016046
corn_oil,mp6_rep8,mp6_rep8,R-U-A,0.1,3,2,3.7670135498046875e-05,20,0.65,0.35075070804373354,0.35075070804373354,0.7020493025725512,1.0,0.1447563423003108,0.041182154621059716,0.14237988022016046
corn_oil,mp6_rep8,mp6_rep8,R-U-A,0.2,3,2,4.124641418457031e-05,20,0.6,0.27394694994581936,0.27394694994581936,0.5923454167077982,1.0,0.1447563423003108,0.041182154621059716,0.14237988022016046
corn_oil,mp6_rep8,mp6_rep8,R-U-D,0.05,3,2,0.0031332969665527344,20,0.95,0.49302078833661706,0.502304807481964,0.592765031117682,1.0,0.1447563423003108,0.041182154621059716,0.14237988022016046
corn_oil,mp6_rep8,mp6_rep8,R-U-D,0.1,3,2,0.0005118846893310547,20,0.8,0.43029674655600514,0.4383996163085859,0.5467530562081059,1.0,0.1447563423003108,0.041182154621059716,0.14237988022016046
corn_oil,mp6_rep8,mp6_rep8,R-U-D,0.2,3,2,0.00038313865661621094,20,0.65,0.3165443681836438,0.32250517966277803,0.5372157894974304,1.0,0.1447563423003108,0.041182154621059716,0.14237988022016046
corn_oil,mp6_rep8,mp6_rep8,G-U-A,0.05,3,2,4.172325134277344e-05,20,1.0,0.5475693892699909,0.5475693892699907,0.5475693892699909,1.0,0.1447563423003108,0.041182154621059716,0.14237988022016046
corn_oil,mp6_rep8,mp6_rep8,G-U-A,0.1,3,2,3.933906555175781e-05,20,0.95,0.5085037283654714,0.5085037283654712,0.5166887575400658,1.0,0.1447563423003108,0.041182154621059716,0.14237988022016046
corn_oil,mp6_rep8,mp6_rep8,G-U-A,0.2,3,2,3.3855438232421875e-05,20,0.65,0.37498931051594653,0.37498931051594653,0.5082210534539826,1.0,0.1447563423003108,0.041182154621059716,0.14237988022016046
corn_oil,mp6_rep8,mp6_rep8,G-W-A,0.05,3,2,0.00010514259338378906,20,1.0,0.5475693892699909,0.5475693892699907,0.5475693892699909,1.0,0.1447563423003108,0.041182154621059716,0.14237988022016046
corn_oil,mp6_rep8,mp6_rep8,G-W-A,0.1,3,2,7.510185241699219e-05,20,0.95,0.5085037283654714,0.5085037283654712,0.5166887575400658,1.0,0.1447563423003108,0.041182154621059716,0.14237988022016046
corn_oil,mp6_rep8,mp6_rep8,G-W-A,0.2,3,2,7.963180541992188e-05,20,0.65,0.37498931051594653,0.37498931051594653,0.5082210534539826,1.0,0.1447563423003108,0.041182154621059716,0.14237988022016046
corn_oil,mp6_rep8,mp6_rep8,G-U-D,0.05,3,2,0.0030684471130371094,20,0.8,0.43871227995231993,0.4293436002088584,0.885784532819166,1.0,0.1447563423003108,0.041182154621059716,0.14237988022016046
corn_oil,mp6_rep8,mp6_rep8,G-U-D,0.1,3,2,0.0003821849822998047,20,0.8,0.3767034503705727,0.36865896621534855,0.6967481258901633,1.0,0.1447563423003108,0.041182154621059716,0.14237988022016046
corn_oil,mp6_rep8,mp6_rep8,G-U-D,0.2,3,2,0.0003502368927001953,20,0.7,0.2890267702907301,0.2828546174427746,0.5563213380861041,1.0,0.1447563423003108,0.041182154621059716,0.14237988022016046
corn_oil,mp6_rep8,mp6_rep8,GC-D,0.05,3,2,0.00072479248046875,20,0.8,0.43871227995231993,0.4293436002088584,0.885784532819166,1.0,0.1447563423003108,0.041182154621059716,0.14237988022016046
corn_oil,mp6_rep8,mp6_rep8,GC-D,0.1,3,2,0.000728607177734375,20,0.8,0.3767034503705727,0.36865896621534855,0.6967481258901633,1.0,0.1447563423003108,0.041182154621059716,0.14237988022016046
corn_oil,mp6_rep8,mp6_rep8,GC-D,0.2,3,2,0.0009257793426513672,20,0.7,0.2890267702907301,0.2828546174427746,0.5563213380861041,1.0,0.1447563423003108,0.041182154621059716,0.14237988022016046
corn_oil,mp6_rep8,mp6_rep8,GC-D+,0.05,3,2,0.0004467964172363281,20,1.0,inf,inf,inf,0.0,0.1447563423003108,0.041182154621059716,0.14237988022016046
corn_oil,mp6_rep8,mp6_rep8,GC-D+,0.1,3,2,0.0005297660827636719,20,1.0,inf,inf,inf,0.0,0.1447563423003108,0.041182154621059716,0.14237988022016046
corn_oil,mp6_rep8,mp6_rep8,GC-D+,0.2,3,2,0.0005528926849365234,20,1.0,inf,inf,inf,0.0,0.1447563423003108,0.041182154621059716,0.14237988022016046
corn_oil,mp6_rep8,mp6_rep8,HJ+,0.05,3,2,0.0016512870788574219,20,1.0,inf,inf,inf,0.0,0.1447563423003108,0.041182154621059716,0.14237988022016046
corn_oil,mp6_rep8,mp6_rep8,HJ+,0.1,3,2,0.000385284423828125,20,1.0,inf,inf,inf,0.0,0.1447563423003108,0.041182154621059716,0.14237988022016046
corn_oil,mp6_rep8,mp6_rep8,HJ+,0.2,3,2,0.0007281303405761719,20,1.0,inf,inf,inf,0.0,0.1447563423003108,0.041182154621059716,0.14237988022016046
corn_oil,mp6_rep8,mp6_rep8,HJ+-D,0.05,3,2,0.002244710922241211,20,1.0,inf,inf,inf,0.0,0.1447563423003108,0.041182154621059716,0.14237988022016046
corn_oil,mp6_rep8,mp6_rep8,HJ+-D,0.1,3,2,0.003102540969848633,20,1.0,inf,inf,inf,0.0,0.1447563423003108,0.041182154621059716,0.14237988022016046
corn_oil,mp6_rep8,mp6_rep8,HJ+-D,0.2,3,2,0.00393223762512207,20,1.0,inf,inf,inf,0.0,0.1447563423003108,0.041182154621059716,0.14237988022016046
corn_oil,mp6_rep8,mp6_rep8,HCP-D,0.05,3,2,0.0002703666687011719,20,1.0,inf,inf,inf,0.0,0.1447563423003108,0.041182154621059716,0.14237988022016046
corn_oil,mp6_rep8,mp6_rep8,HCP-D,0.1,3,2,0.00015616416931152344,20,1.0,inf,inf,inf,0.0,0.1447563423003108,0.041182154621059716,0.14237988022016046
corn_oil,mp6_rep8,mp6_rep8,HCP-D,0.2,3,2,0.00018405914306640625,20,1.0,inf,inf,inf,0.0,0.1447563423003108,0.041182154621059716,0.14237988022016046
corn_oil,mp6_rep8,mp6_rep8,HCP-A,0.05,3,2,0.0001373291015625,20,1.0,inf,inf,inf,0.0,0.1447563423003108,0.041182154621059716,0.14237988022016046
corn_oil,mp6_rep8,mp6_rep8,HCP-A,0.1,3,2,0.0001285076141357422,20,1.0,inf,inf,inf,0.0,0.1447563423003108,0.041182154621059716,0.14237988022016046
corn_oil,mp6_rep8,mp6_rep8,HCP-A,0.2,3,2,0.0001285076141357422,20,1.0,inf,inf,inf,0.0,0.1447563423003108,0.041182154621059716,0.14237988022016046
corn_oil,mp6_rep8,mp6_rep8,ORACLE,0.05,3,2,0.00014162063598632812,20,1.0,inf,inf,inf,0.0,0.1447563423003108,0.041182154621059716,0.14237988022016046
corn_oil,mp6_rep8,mp6_rep8,ORACLE,0.1,3,2,9.274482727050781e-05,20,0.95,0.512931412201673,0.5129314122016728,0.5248737867146602,1.0,0.1447563423003108,0.041182154621059716,0.14237988022016046
corn_oil,mp6_rep8,mp6_rep8,ORACLE,0.2,3,2,9.1552734375e-05,20,0.85,0.4390577167597064,0.4390577167597063,0.4774398897234088,1.0,0.1447563423003108,0.041182154621059716,0.14237988022016046
corn_oil,mp6_rep9,mp6_rep9,ASTM-R,0.05,3,2,0.016920804977416992,20,0.9,0.4437435288357966,0.4425615035863242,0.6232362721226764,1.0,0.14146478423687112,0.10180374471834283,0.10077741361669541
corn_oil,mp6_rep9,mp6_rep9,ASTM-R,0.1,3,2,0.00042176246643066406,20,0.8,0.37149108740448183,0.3705015251534709,0.6037970936684103,1.0,0.14146478423687112,0.10180374471834283,0.10077741361669541
corn_oil,mp6_rep9,mp6_rep9,ASTM-R,0.2,3,2,0.00013709068298339844,20,0.75,0.28877795965542075,0.28800872513678,0.4964306204867017,1.0,0.14146478423687112,0.10180374471834283,0.10077741361669541
corn_oil,mp6_rep9,mp6_rep9,ASTM-G,0.05,3,2,0.0004246234893798828,20,1.0,0.6943391719836987,0.6924896206558497,0.6943391719836987,1.0,0.14146478423687112,0.10180374471834283,0.10077741361669541
corn_oil,mp6_rep9,mp6_rep9,ASTM-G,0.1,3,2,0.000102996826171875,20,0.95,0.5812835506682973,0.5797351521242202,0.5881926381283705,1.0,0.14146478423687112,0.10180374471834283,0.10077741361669541
corn_oil,mp6_rep9,mp6_rep9,ASTM-G,0.2,3,2,0.0003685951232910156,20,0.9,0.45185977116183207,0.450656126209227,0.49267945341552144,1.0,0.14146478423687112,0.10180374471834283,0.10077741361669541
corn_oil,mp6_rep9,mp6_rep9,GPR,0.05,3,2,0.04698586463928223,20,0.8,0.4067993318512017,0.40218019066085686,0.7063639392856059,1.0,0.14146478423687112,0.10180374471834283,0.10077741361669541
corn_oil,mp6_rep9,mp6_rep9,GPR,0.1,3,2,0.00010323524475097656,20,0.8,0.3413967612236041,0.3375202557366306,0.6208654296865314,1.0,0.14146478423687112,0.10180374471834283,0.10077741361669541
corn_oil,mp6_rep9,mp6_rep9,GPR,0.2,3,2,8.821487426757812e-05,20,0.55,0.26599178592495754,0.26297149184269264,0.5055117700795686,1.0,0.14146478423687112,0.10180374471834283,0.10077741361669541
corn_oil,mp6_rep9,mp6_rep9,BAG,0.05,3,2,0.02154827117919922,20,0.95,0.45364866096170386,0.4525633695048654,0.5945050826427756,1.0,0.14146478423687112,0.10180374471834283,0.10077741361669541
corn_oil,mp6_rep9,mp6_rep9,BAG,0.1,3,2,9.369850158691406e-05,20,0.8,0.38071395761879007,0.37980315231667205,0.5741921077360684,1.0,0.14146478423687112,0.10180374471834283,0.10077741361669541
corn_oil,mp6_rep9,mp6_rep9,BAG,0.2,3,2,8.106231689453125e-05,20,0.75,0.29662491568645566,0.29591528174595805,0.4798480907391065,1.0,0.14146478423687112,0.10180374471834283,0.10077741361669541
corn_oil,mp6_rep9,mp6_rep9,QGB,0.05,3,2,0.03063678741455078,20,0.65,0.31104614147571896,0.3137195875304666,1.0223613316307962,1.0,0.14146478423687112,0.10180374471834283,0.10077741361669541
corn_oil,mp6_rep9,mp6_rep9,QGB,0.1,3,2,0.0278775691986084,20,0.6,0.2854653070375157,0.286708175249601,0.7758169817633075,1.0,0.14146478423687112,0.10180374471834283,0.10077741361669541
corn_oil,mp6_rep9,mp6_rep9,QGB,0.2,3,2,0.027411937713623047,20,0.35,0.2225527442174065,0.2245598594564795,0.6812124524982546,1.0,0.14146478423687112,0.10180374471834283,0.10077741361669541
corn_oil,mp6_rep9,mp6_rep9,SCP,0.05,3,2,3.0040740966796875e-05,20,0.95,0.5769504337773501,0.5769504337773501,0.6640493634080382,1.0,0.14146478423687112,0.10180374471834283,0.10077741361669541
corn_oil,mp6_rep9,mp6_rep9,SCP,0.1,3,2,9.775161743164062e-06,20,0.85,0.4313139839175424,0.4313139839175424,0.6132456452834929,1.0,0.14146478423687112,0.10180374471834283,0.10077741361669541
corn_oil,mp6_rep9,mp6_rep9,SCP,0.2,3,2,8.821487426757812e-06,20,0.8,0.38033258972711526,0.38033258972711526,0.5205433819158006,1.0,0.14146478423687112,0.10180374471834283,0.10077741361669541
corn_oil,mp6_rep9,mp6_rep9,NCP-kNN,0.05,3,2,0.0052661895751953125,20,0.9,0.531854177644359,0.5177156608769038,0.770840682653277,1.0,0.14146478423687112,0.10180374471834283,0.10077741361669541
corn_oil,mp6_rep9,mp6_rep9,NCP-kNN,0.1,3,2,1.9073486328125e-05,20,0.8,0.4384529586215956,0.4267973681086694,0.6729216539034603,1.0,0.14146478423687112,0.10180374471834283,0.10077741361669541
corn_oil,mp6_rep9,mp6_rep9,NCP-kNN,0.2,3,2,1.4543533325195312e-05,20,0.7,0.36856045904614176,0.3587628520157251,0.5586121017295997,1.0,0.14146478423687112,0.10180374471834283,0.10077741361669541
corn_oil,mp6_rep9,mp6_rep9,CV+,0.05,3,2,0.004932880401611328,20,0.85,0.4467873450773284,0.4420410228561995,0.6277246393958775,1.0,0.14146478423687112,0.10180374471834283,0.10077741361669541
corn_oil,mp6_rep9,mp6_rep9,CV+,0.1,3,2,0.004334449768066406,20,0.8,0.39120590234659974,0.3921526762433907,0.5857026977683109,1.0,0.14146478423687112,0.10180374471834283,0.10077741361669541
corn_oil,mp6_rep9,mp6_rep9,CV+,0.2,3,2,0.004433631896972656,20,0.75,0.3016969204697538,0.3004002924068321,0.4927576598590572,1.0,0.14146478423687112,0.10180374471834283,0.10077741361669541
corn_oil,mp6_rep9,mp6_rep9,CQR,0.05,3,2,2.2411346435546875e-05,20,0.95,0.47387690339352384,0.47655034944827146,0.5320109767715137,1.0,0.14146478423687112,0.10180374471834283,0.10077741361669541
corn_oil,mp6_rep9,mp6_rep9,CQR,0.1,3,2,1.2874603271484375e-05,20,0.8,0.3914508890247159,0.3926937572368012,0.535755455761605,1.0,0.14146478423687112,0.10180374471834283,0.10077741361669541
corn_oil,mp6_rep9,mp6_rep9,CQR,0.2,3,2,1.1205673217773438e-05,20,0.6,0.2919083105042006,0.2939154257432737,0.5742560579305171,1.0,0.14146478423687112,0.10180374471834283,0.10077741361669541
corn_oil,mp6_rep9,mp6_rep9,WCP,0.05,3,2,0.00310516357421875,20,0.95,inf,inf,inf,0.15,0.14146478423687112,0.10180374471834283,0.10077741361669541
corn_oil,mp6_rep9,mp6_rep9,WCP,0.1,3,2,0.00015425682067871094,20,0.9,inf,inf,inf,0.4,0.14146478423687112,0.10180374471834283,0.10077741361669541
corn_oil,mp6_rep9,mp6_rep9,WCP,0.2,3,2,8.130073547363281e-05,20,0.8,inf,0.3844440113873455,inf,0.65,0.14146478423687112,0.10180374471834283,0.10077741361669541
corn_oil,mp6_rep9,mp6_rep9,R-U-A,0.05,3,2,5.245208740234375e-05,20,0.8,0.4258731186470621,0.4258731186470621,0.6710741484618177,1.0,0.14146478423687112,0.10180374471834283,0.10077741361669541
corn_oil,mp6_rep9,mp6_rep9,R-U-A,0.1,3,2,3.337860107421875e-05,20,0.8,0.38198910814474374,0.38198910814474374,0.5923576440567584,1.0,0.14146478423687112,0.10180374471834283,0.10077741361669541
corn_oil,mp6_rep9,mp6_rep9,R-U-A,0.2,3,2,3.170967102050781e-05,20,0.75,0.2987133036896932,0.2987133036896932,0.4931641696335439,1.0,0.14146478423687112,0.10180374471834283,0.10077741361669541
corn_oil,mp6_rep9,mp6_rep9,R-U-D,0.05,3,2,0.002961397171020508,20,0.85,0.4438572137964118,0.4255392181112425,0.6778820022666563,1.0,0.14146478423687112,0.10180374471834283,0.10077741361669541
corn_oil,mp6_rep9,mp6_rep9,R-U-D,0.1,3,2,0.0004279613494873047,20,0.75,0.3751084744993273,0.359627740597138,0.6243951787786997,1.0,0.14146478423687112,0.10180374471834283,0.10077741361669541
corn_oil,mp6_rep9,mp6_rep9,R-U-D,0.2,3,2,0.00036978721618652344,20,0.75,0.3144826493176682,0.3015039443778762,0.5107567845935662,1.0,0.14146478423687112,0.10180374471834283,0.10077741361669541
corn_oil,mp6_rep9,mp6_rep9,G-U-A,0.05,3,2,0.0002071857452392578,20,1.0,0.6633562176773253,0.6633562176773253,0.6633562176773253,1.0,0.14146478423687112,0.10180374471834283,0.10077741361669541
corn_oil,mp6_rep9,mp6_rep9,G-U-A,0.1,3,2,6.103515625e-05,20,0.95,0.5813134522291801,0.5813134522291801,0.5895135472011339,1.0,0.14146478423687112,0.10180374471834283,0.10077741361669541
corn_oil,mp6_rep9,mp6_rep9,G-U-A,0.2,3,2,3.790855407714844e-05,20,0.9,0.4461572805652638,0.4461572805652638,0.4895711303550819,1.0,0.14146478423687112,0.10180374471834283,0.10077741361669541
corn_oil,mp6_rep9,mp6_rep9,G-W-A,0.05,3,2,0.00016117095947265625,20,1.0,0.6633562176773253,0.6633562176773253,0.6633562176773253,1.0,0.14146478423687112,0.10180374471834283,0.10077741361669541
corn_oil,mp6_rep9,mp6_rep9,G-W-A,0.1,3,2,0.0001163482666015625,20,0.95,0.5813134522291801,0.5813134522291801,0.5895135472011339,1.0,0.14146478423687112,0.10180374471834283,0.10077741361669541
corn_oil,mp6_rep9,mp6_rep9,G-W-A,0.2,3,2,8.749961853027344e-05,20,0.9,0.4461572805652638,0.4461572805652638,0.4895711303550819,1.0,0.14146478423687112,0.10180374471834283,0.10077741361669541
corn_oil,mp6_rep9,mp6_rep9,G-U-D,0.05,3,2,0.0045931339263916016,20,0.95,0.552101387153398,0.5451687191213657,0.6803895322522522,1.0,0.14146478423687112,0.10180374471834283,0.10077741361669541
corn_oil,mp6_rep9,mp6_rep9,G-U-D,0.1,3,2,0.0004169940948486328,20,0.9,0.478309217091131,0.47230314810468776,0.5793896969140666,1.0,0.14146478423687112,0.10180374471834283,0.10077741361669541
corn_oil,mp6_rep9,mp6_rep9,G-U-D,0.2,3,2,0.0004553794860839844,20,0.8,0.3796833261740554,0.37491569015844184,0.5063141114861213,1.0,0.14146478423687112,0.10180374471834283,0.10077741361669541
corn_oil,mp6_rep9,mp6_rep9,GC-D,0.05,3,2,0.0004527568817138672,20,0.95,0.552101387153398,0.5451687191213657,0.6803895322522522,1.0,0.14146478423687112,0.10180374471834283,0.10077741361669541
corn_oil,mp6_rep9,mp6_rep9,GC-D,0.1,3,2,0.0005340576171875,20,0.9,0.478309217091131,0.47230314810468776,0.5793896969140666,1.0,0.14146478423687112,0.10180374471834283,0.10077741361669541
corn_oil,mp6_rep9,mp6_rep9,GC-D,0.2,3,2,0.0005407333374023438,20,0.8,0.3796833261740554,0.37491569015844184,0.5063141114861213,1.0,0.14146478423687112,0.10180374471834283,0.10077741361669541
corn_oil,mp6_rep9,mp6_rep9,GC-D+,0.05,3,2,0.00038552284240722656,20,1.0,inf,inf,inf,0.0,0.14146478423687112,0.10180374471834283,0.10077741361669541
corn_oil,mp6_rep9,mp6_rep9,GC-D+,0.1,3,2,0.00045108795166015625,20,1.0,inf,inf,inf,0.0,0.14146478423687112,0.10180374471834283,0.10077741361669541
corn_oil,mp6_rep9,mp6_rep9,GC-D+,0.2,3,2,0.0003898143768310547,20,1.0,inf,inf,inf,0.0,0.14146478423687112,0.10180374471834283,0.10077741361669541
corn_oil,mp6_rep9,mp6_rep9,HJ+,0.05,3,2,0.0016665458679199219,20,1.0,inf,inf,inf,0.0,0.14146478423687112,0.10180374471834283,0.10077741361669541
corn_oil,mp6_rep9,mp6_rep9,HJ+,0.1,3,2,0.0005834102630615234,20,1.0,inf,inf,inf,0.0,0.14146478423687112,0.10180374471834283,0.10077741361669541
corn_oil,mp6_rep9,mp6_rep9,HJ+,0.2,3,2,0.00044846534729003906,20,1.0,inf,inf,inf,0.0,0.14146478423687112,0.10180374471834283,0.10077741361669541
corn_oil,mp6_rep9,mp6_rep9,HJ+-D,0.05,3,2,0.002351999282836914,20,1.0,inf,inf,inf,0.0,0.14146478423687112,0.10180374471834283,0.10077741361669541
corn_oil,mp6_rep9,mp6_rep9,HJ+-D,0.1,3,2,0.002064228057861328,20,1.0,inf,inf,inf,0.0,0.14146478423687112,0.10180374471834283,0.10077741361669541
corn_oil,mp6_rep9,mp6_rep9,HJ+-D,0.2,3,2,0.0024094581604003906,20,1.0,inf,inf,inf,0.0,0.14146478423687112,0.10180374471834283,0.10077741361669541
corn_oil,mp6_rep9,mp6_rep9,HCP-D,0.05,3,2,0.00026297569274902344,20,1.0,inf,inf,inf,0.0,0.14146478423687112,0.10180374471834283,0.10077741361669541
corn_oil,mp6_rep9,mp6_rep9,HCP-D,0.1,3,2,0.00021314620971679688,20,1.0,inf,inf,inf,0.0,0.14146478423687112,0.10180374471834283,0.10077741361669541
corn_oil,mp6_rep9,mp6_rep9,HCP-D,0.2,3,2,0.00018525123596191406,20,1.0,inf,inf,inf,0.0,0.14146478423687112,0.10180374471834283,0.10077741361669541
corn_oil,mp6_rep9,mp6_rep9,HCP-A,0.05,3,2,0.00014066696166992188,20,1.0,inf,inf,inf,0.0,0.14146478423687112,0.10180374471834283,0.10077741361669541
corn_oil,mp6_rep9,mp6_rep9,HCP-A,0.1,3,2,0.00014472007751464844,20,1.0,inf,inf,inf,0.0,0.14146478423687112,0.10180374471834283,0.10077741361669541
corn_oil,mp6_rep9,mp6_rep9,HCP-A,0.2,3,2,0.0002346038818359375,20,1.0,inf,inf,inf,0.0,0.14146478423687112,0.10180374471834283,0.10077741361669541
corn_oil,mp6_rep9,mp6_rep9,ORACLE,0.05,3,2,0.00012302398681640625,20,1.0,inf,inf,inf,0.0,0.14146478423687112,0.10180374471834283,0.10077741361669541
corn_oil,mp6_rep9,mp6_rep9,ORACLE,0.1,3,2,9.441375732421875e-05,20,0.95,0.5329849801449,0.5329849801449003,0.5977136421730875,1.0,0.14146478423687112,0.10180374471834283,0.10077741361669541
corn_oil,mp6_rep9,mp6_rep9,ORACLE,0.2,3,2,9.989738464355469e-05,20,0.85,0.4413617720566019,0.44136177205660165,0.48820967484590955,1.0,0.14146478423687112,0.10180374471834283,0.10077741361669541
