task,fold,group,method,alpha,seed,A,time_s,n,coverage,width_mean,width_median,interval_score,finite_frac,rmse,bias,sep
ossl_lucas_campaign,campaign2009,2009_b0,ASTM-R,0.05,3,25,2.4240124225616455,791,0.9709228824273072,8.239187679464356,5.114197583417377,12.212694917753607,1.0,3.939679839727334,-0.43155211957756673,3.9184501014463855
ossl_lucas_campaign,campaign2009,2009_b1,ASTM-R,0.05,3,25,2.4240124225616455,293,0.9522184300341296,3.459081947219938,2.982091698800513,5.092177841638874,1.0,1.1073444230243248,-0.4445968628415389,1.0159073364082372
ossl_lucas_campaign,campaign2009,2009_b10,ASTM-R,0.05,3,25,2.4240124225616455,714,0.9719887955182073,4.034536007073105,3.6636785046134674,5.906741995376081,1.0,1.5114031267484613,-0.38611153091243294,1.4622763240950742
ossl_lucas_campaign,campaign2009,2009_b11,ASTM-R,0.05,3,25,2.4240124225616455,270,0.9111111111111111,14.853461221536763,8.329986685198369,42.529332774752405,1.0,10.538385760879997,-2.292272595406485,10.305162818804318
ossl_lucas_campaign,campaign2009,2009_b12,ASTM-R,0.05,3,25,2.4240124225616455,769,0.8543563068920677,17.670438396751887,6.900962651697632,40.60525472313651,1.0,8.603084822645569,-2.2256039399630936,8.315628486457564
ossl_lucas_campaign,campaign2009,2009_b13,ASTM-R,0.05,3,25,2.4240124225616455,427,0.9508196721311475,3.498090139700018,3.157555802511348,4.3107810090120084,1.0,1.1708338022281604,-0.460525718644196,1.0777235115013315
ossl_lucas_campaign,campaign2009,2009_b14,ASTM-R,0.05,3,25,2.4240124225616455,833,0.8703481392557023,10.65779625135066,6.86083202787821,26.692297121547888,1.0,6.427824991497614,-2.1817771638780714,6.0498529708614015
ossl_lucas_campaign,campaign2009,2009_b15,ASTM-R,0.05,3,25,2.4240124225616455,740,0.9783783783783784,3.5066429068531004,3.143478482164585,4.113428141308485,1.0,0.9971417615788459,-0.26893323302177097,0.9608403590669206
ossl_lucas_campaign,campaign2009,2009_b16,ASTM-R,0.05,3,25,2.4240124225616455,637,0.9654631083202512,4.19696567455803,3.550007263608319,7.867804760169083,1.0,2.2115794030193436,-0.5993390159314153,2.1304933211232897
ossl_lucas_campaign,campaign2009,2009_b17,ASTM-R,0.05,3,25,2.4240124225616455,256,0.85546875,8.232896729602514,5.965694189819187,45.261974364047376,1.0,7.171568043606361,-3.0770097170024964,6.490605654032463
ossl_lucas_campaign,campaign2009,2009_b18,ASTM-R,0.05,3,25,2.4240124225616455,1107,0.948509485094851,4.142634140184852,3.1561166425883562,6.423465102709628,1.0,1.6131845962609668,-0.4861284442874377,1.5388901706313756
ossl_lucas_campaign,campaign2009,2009_b19,ASTM-R,0.05,3,25,2.4240124225616455,571,0.9369527145359019,3.259204210678573,2.8939447375310965,5.190048212890961,1.0,1.2330913483251402,-0.34621398512373697,1.1845283579482797
ossl_lucas_campaign,campaign2009,2009_b2,ASTM-R,0.05,3,25,2.4240124225616455,714,0.9523809523809523,2.810528061731373,2.679517026675776,3.3847947002322307,1.0,0.7030069708877168,-0.10847469168312153,0.6950745954297306
ossl_lucas_campaign,campaign2009,2009_b20,ASTM-R,0.05,3,25,2.4240124225616455,519,0.9730250481695568,5.45180237536226,4.216952106141445,8.039659126279755,1.0,2.496362880021428,-1.086415297074645,2.249729187780095
ossl_lucas_campaign,campaign2009,2009_b21,ASTM-R,0.05,3,25,2.4240124225616455,60,0.95,2.7938160636505716,2.5638810056028536,4.391878492393269,1.0,0.7707498220847238,-0.3140511492865763,0.7098057723416833
ossl_lucas_campaign,campaign2009,2009_b22,ASTM-R,0.05,3,25,2.4240124225616455,832,0.8557692307692307,12.463222197610513,6.53727306179154,31.661422778923864,1.0,7.714482043309147,-2.5561167927243598,7.283079983743768
ossl_lucas_campaign,campaign2009,2009_b23,ASTM-R,0.05,3,25,2.4240124225616455,876,0.8835616438356164,5.619043572091434,4.6011216144167335,16.082215612187696,1.0,3.606537106209927,-0.8094087211471751,3.5165443200384865
ossl_lucas_campaign,campaign2009,2009_b24,ASTM-R,0.05,3,25,2.4240124225616455,935,0.9850267379679144,4.666626136422323,4.090447667763853,5.660132989704601,1.0,1.4061737672607926,-0.6300867585459448,1.2577787273138858
ossl_lucas_campaign,campaign2009,2009_b26,ASTM-R,0.05,3,25,2.4240124225616455,982,0.9714867617107943,4.618110770206036,3.6899490788995006,8.141477672598404,1.0,2.5524251023577182,0.16694200932592088,2.5482576230009544
ossl_lucas_campaign,campaign2009,2009_b27,ASTM-R,0.05,3,25,2.4240124225616455,649,0.9815100154083205,4.454391315883714,3.860543570343753,5.43516564651181,1.0,1.5591423334979355,-0.6659418503653804,1.410855525823695
ossl_lucas_campaign,campaign2009,2009_b28,ASTM-R,0.05,3,25,2.4240124225616455,844,0.9774881516587678,4.383770228915881,3.728069463058568,5.8642432340368,1.0,1.5841693103127406,-0.42576578375950563,1.5267867702096183
ossl_lucas_campaign,campaign2009,2009_b29,ASTM-R,0.05,3,25,2.4240124225616455,389,0.9845758354755784,3.97816971470529,3.3411242012336344,5.266211709162316,1.0,1.2776546784031484,-0.5832299191623092,1.138233220954896
ossl_lucas_campaign,campaign2009,2009_b3,ASTM-R,0.05,3,25,2.4240124225616455,913,0.976998904709748,3.7603414202483774,3.308298279109704,5.628652284455971,1.0,1.445999943967283,-0.6609283900105896,1.2868190221860798
ossl_lucas_campaign,campaign2009,2009_b4,ASTM-R,0.05,3,25,2.4240124225616455,759,0.922266139657444,21.806853492469056,6.088588170180318,34.641028743557534,1.0,10.783224056723528,0.270392271082192,10.7869418082561
ossl_lucas_campaign,campaign2009,2009_b5,ASTM-R,0.05,3,25,2.4240124225616455,301,0.9501661129568106,3.1539088918678577,2.854003187510067,4.012365761030995,1.0,1.04803634673782,-0.5592111575031884,0.8878524327230239
ossl_lucas_campaign,campaign2009,2009_b6,ASTM-R,0.05,3,25,2.4240124225616455,886,0.8961625282167043,14.51902878644471,6.219479522550094,32.89142536972621,1.0,8.046472662736475,-2.4143108362906704,7.680064985539726
ossl_lucas_campaign,campaign2009,2009_b7,ASTM-R,0.05,3,25,2.4240124225616455,557,0.9425493716337523,5.277818562736687,4.734590726474956,13.209503988190585,1.0,2.8299367831236553,-1.1180633140242056,2.6020438420216587
ossl_lucas_campaign,campaign2009,2009_b9,ASTM-R,0.05,3,25,2.4240124225616455,769,0.951885565669701,4.829835195955901,3.966416231650583,9.746071933294012,1.0,2.546368204980877,-0.03096668427742501,2.547837033220338
ossl_lucas_campaign,campaign2009,2009_b0,ASTM-R,0.1,3,25,0.0005698204040527344,791,0.9418457648546145,6.778871122066601,4.207857936388606,10.13195152263787,1.0,3.939679839727334,-0.43155211957756673,3.9184501014463855
ossl_lucas_campaign,campaign2009,2009_b1,ASTM-R,0.1,3,25,0.0005698204040527344,293,0.9215017064846417,2.8460100579191923,2.4535697075234078,4.067734299619772,1.0,1.1073444230243248,-0.4445968628415389,1.0159073364082372
ossl_lucas_campaign,campaign2009,2009_b10,ASTM-R,0.1,3,25,0.0005698204040527344,714,0.9285714285714286,3.3194987981500312,3.0143916940593822,4.783555254976983,1.0,1.5114031267484613,-0.38611153091243294,1.4622763240950742
ossl_lucas_campaign,campaign2009,2009_b11,ASTM-R,0.1,3,25,0.0005698204040527344,270,0.8629629629629629,12.220452344505947,6.853710933477213,31.421487317142155,1.0,10.538385760879997,-2.292272595406485,10.305162818804318
ossl_lucas_campaign,campaign2009,2009_b12,ASTM-R,0.1,3,25,0.0005698204040527344,769,0.7854356306892067,14.538134931235104,5.677858850229073,31.926460610056903,1.0,8.603084822645569,-2.2256039399630936,8.315628486457564
ossl_lucas_campaign,campaign2009,2009_b13,ASTM-R,0.1,3,25,0.0005698204040527344,427,0.9110070257611241,2.8780758266666986,2.59793864795489,3.7725424422441574,1.0,1.1708338022281604,-0.460525718644196,1.0777235115013315
ossl_lucas_campaign,campaign2009,2009_b14,ASTM-R,0.1,3,25,0.0005698204040527344,833,0.7899159663865546,8.768769545092377,5.644931016890115,22.083738788929352,1.0,6.427824991497614,-2.1817771638780714,6.0498529708614015
ossl_lucas_campaign,campaign2009,2009_b15,ASTM-R,0.1,3,25,0.0005698204040527344,740,0.9554054054054054,2.8851290287178704,2.5863465346224057,3.4680873381365487,1.0,0.9971417615788459,-0.26893323302177097,0.9608403590669206
ossl_lucas_campaign,campaign2009,2009_b16,ASTM-R,0.1,3,25,0.0005698204040527344,637,0.9387755102040817,3.4531477335320444,2.9208599785056517,6.3683653922564805,1.0,2.2115794030193436,-0.5993390159314153,2.1304933211232897
ossl_lucas_campaign,campaign2009,2009_b17,ASTM-R,0.1,3,25,0.0005698204040527344,256,0.8125,6.773755817873383,4.908440593886329,30.12401759030952,1.0,7.171568043606361,-3.0770097170024964,6.490605654032463
ossl_lucas_campaign,campaign2009,2009_b18,ASTM-R,0.1,3,25,0.0005698204040527344,1107,0.907859078590786,3.4083793092167274,2.5966511675811104,5.310438682061326,1.0,1.6131845962609668,-0.4861284442874377,1.5388901706313756
ossl_lucas_campaign,campaign2009,2009_b19,ASTM-R,0.1,3,25,0.0005698204040527344,571,0.8756567425569177,2.6815386575337343,2.3810748884162556,4.3596857205762225,1.0,1.2330913483251402,-0.34621398512373697,1.1845283579482797
ossl_lucas_campaign,campaign2009,2009_b2,ASTM-R,0.1,3,25,0.0005698204040527344,714,0.9215686274509803,2.3123401593900708,2.2038963372824734,2.8890503263695555,1.0,0.7030069708877168,-0.10847469168312153,0.6950745954297306
ossl_lucas_campaign,campaign2009,2009_b20,ASTM-R,0.1,3,25,0.0005698204040527344,519,0.928709055876686,4.485575904112368,3.4696107036047006,6.715020118630608,1.0,2.496362880021428,-1.086415297074645,2.249729187780095
ossl_lucas_campaign,campaign2009,2009_b21,ASTM-R,0.1,3,25,0.0005698204040527344,60,0.9,2.298625742808301,2.1094890935166974,3.493467538818297,1.0,0.7707498220847238,-0.3140511492865763,0.7098057723416833
ossl_lucas_campaign,campaign2009,2009_b22,ASTM-R,0.1,3,25,0.0005698204040527344,832,0.78125,10.25412969353199,5.3786776989596845,25.67615144996515,1.0,7.714482043309147,-2.5561167927243598,7.283079983743768
ossl_lucas_campaign,campaign2009,2009_b23,ASTM-R,0.1,3,25,0.0005698204040527344,876,0.8264840182648402,4.623159041791539,3.7856459778387737,12.446084068364314,1.0,3.606537106209927,-0.8094087211471751,3.5165443200384865
ossl_lucas_campaign,campaign2009,2009_b24,ASTM-R,0.1,3,25,0.0005698204040527344,935,0.9475935828877006,3.839547290085467,3.3653722188578468,4.715234517213971,1.0,1.4061737672607926,-0.6300867585459448,1.2577787273138858
ossl_lucas_campaign,campaign2009,2009_b26,ASTM-R,0.1,3,25,0.0005698204040527344,982,0.9348268839103869,3.799649949334223,3.036010073531101,6.321614058889611,1.0,2.5524251023577182,0.16694200932592088,2.5482576230009544
ossl_lucas_campaign,campaign2009,2009_b27,ASTM-R,0.1,3,25,0.0005698204040527344,649,0.9614791987673343,3.6649476798902834,3.1763672431984826,4.615482958129626,1.0,1.5591423334979355,-0.6659418503653804,1.410855525823695
ossl_lucas_campaign,campaign2009,2009_b28,ASTM-R,0.1,3,25,0.0005698204040527344,844,0.9537914691943128,3.606819180395392,3.067252163657442,4.833185935063151,1.0,1.5841693103127406,-0.42576578375950563,1.5267867702096183
ossl_lucas_campaign,campaign2009,2009_b29,ASTM-R,0.1,3,25,0.0005698204040527344,389,0.961439588688946,3.2731154386004357,2.7489743361687404,4.285222233569683,1.0,1.2776546784031484,-0.5832299191623092,1.138233220954896
ossl_lucas_campaign,campaign2009,2009_b3,ASTM-R,0.1,3,25,0.0005698204040527344,913,0.9616648411829135,3.0938968436809255,2.721935961642931,4.460703454525899,1.0,1.445999943967283,-0.6609283900105896,1.2868190221860798
ossl_lucas_campaign,campaign2009,2009_b4,ASTM-R,0.1,3,25,0.0005698204040527344,759,0.8603425559947299,17.940866514558497,5.009508713425655,28.448776343629348,1.0,10.783224056723528,0.270392271082192,10.7869418082561
ossl_lucas_campaign,campaign2009,2009_b5,ASTM-R,0.1,3,25,0.0005698204040527344,301,0.9102990033222591,2.594912128438193,2.3481745576039783,3.6017862040713546,1.0,1.04803634673782,-0.5592111575031884,0.8878524327230239
ossl_lucas_campaign,campaign2009,2009_b6,ASTM-R,0.1,3,25,0.0005698204040527344,886,0.8329571106094809,11.94542228603299,5.117240131395388,25.929657756323138,1.0,8.046472662736475,-2.4143108362906704,7.680064985539726
ossl_lucas_campaign,campaign2009,2009_b7,ASTM-R,0.1,3,25,0.0005698204040527344,557,0.8868940754039497,4.342426463666064,3.8954884216273475,9.684158794277623,1.0,2.8299367831236553,-1.1180633140242056,2.6020438420216587
ossl_lucas_campaign,campaign2009,2009_b9,ASTM-R,0.1,3,25,0.0005698204040527344,769,0.9245773732119635,3.973853668506451,3.263479675331978,7.356999962112023,1.0,2.546368204980877,-0.03096668427742501,2.547837033220338
ossl_lucas_campaign,campaign2009,2009_b0,ASTM-R,0.2,3,25,0.0005450248718261719,791,0.8609355246523388,5.183826065593717,3.2178379452447903,8.238723539853,1.0,3.939679839727334,-0.43155211957756673,3.9184501014463855
ossl_lucas_campaign,campaign2009,2009_b1,ASTM-R,0.2,3,25,0.0005450248718261719,293,0.8668941979522184,2.1763660506266564,1.8762713598350111,3.1638803114301592,1.0,1.1073444230243248,-0.4445968628415389,1.0159073364082372
ossl_lucas_campaign,campaign2009,2009_b10,ASTM-R,0.2,3,25,0.0005450248718261719,714,0.8641456582633054,2.538465125158945,2.3051628279409853,3.828965901820191,1.0,1.5114031267484613,-0.38611153091243294,1.4622763240950742
ossl_lucas_campaign,campaign2009,2009_b11,ASTM-R,0.2,3,25,0.0005450248718261719,270,0.7777777777777778,9.34474871614888,5.2411537185237576,23.400328940918655,1.0,10.538385760879997,-2.292272595406485,10.305162818804318
ossl_lucas_campaign,campaign2009,2009_b12,ASTM-R,0.2,3,25,0.0005450248718261719,769,0.657997399219766,11.117079420985355,4.341896555339071,24.57019424225967,1.0,8.603084822645569,-2.2256039399630936,8.315628486457564
ossl_lucas_campaign,campaign2009,2009_b13,ASTM-R,0.2,3,25,0.0005450248718261719,427,0.8056206088992974,2.2008660801650723,1.9866738052711317,3.2365946624242246,1.0,1.1708338022281604,-0.460525718644196,1.0777235115013315
ossl_lucas_campaign,campaign2009,2009_b14,ASTM-R,0.2,3,25,0.0005450248718261719,833,0.6482593037214885,6.705482730371374,4.316781933510535,17.43968846260277,1.0,6.427824991497614,-2.1817771638780714,6.0498529708614015
ossl_lucas_campaign,campaign2009,2009_b15,ASTM-R,0.2,3,25,0.0005450248718261719,740,0.9081081081081082,2.2062715547165412,1.977802111125405,2.835774012534514,1.0,0.9971417615788459,-0.26893323302177097,0.9608403590669206
ossl_lucas_campaign,campaign2009,2009_b16,ASTM-R,0.2,3,25,0.0005450248718261719,637,0.8979591836734694,2.6406729995195417,2.233633277476131,4.859712360949396,1.0,2.2115794030193436,-0.5993390159314153,2.1304933211232897
ossl_lucas_campaign,campaign2009,2009_b17,ASTM-R,0.2,3,25,0.0005450248718261719,256,0.70703125,5.179958426226137,3.7535799908431198,20.195135525516882,1.0,7.171568043606361,-3.0770097170024964,6.490605654032463
ossl_lucas_campaign,campaign2009,2009_b18,ASTM-R,0.2,3,25,0.0005450248718261719,1107,0.8211382113821138,2.6063900259848536,1.9856141448571303,4.301846693395131,1.0,1.6131845962609668,-0.4861284442874377,1.5388901706313756
ossl_lucas_campaign,campaign2009,2009_b19,ASTM-R,0.2,3,25,0.0005450248718261719,571,0.7933450087565674,2.0505796285286255,1.820855350690369,3.5480023866005466,1.0,1.2330913483251402,-0.34621398512373697,1.1845283579482797
ossl_lucas_campaign,campaign2009,2009_b2,ASTM-R,0.2,3,25,0.0005450248718261719,714,0.8249299719887955,1.7682189519807068,1.685298589594314,2.377750553793076,1.0,0.7030069708877168,-0.10847469168312153,0.6950745954297306
ossl_lucas_campaign,campaign2009,2009_b20,ASTM-R,0.2,3,25,0.0005450248718261719,519,0.8574181117533719,3.4301737722963224,2.653276050358376,5.734866464211768,1.0,2.496362880021428,-1.086415297074645,2.249729187780095
ossl_lucas_campaign,campaign2009,2009_b21,ASTM-R,0.2,3,25,0.0005450248718261719,60,0.8666666666666667,1.7577573030805518,1.6131562840788862,2.693791976366087,1.0,0.7707498220847238,-0.3140511492865763,0.7098057723416833
ossl_lucas_campaign,campaign2009,2009_b22,ASTM-R,0.2,3,25,0.0005450248718261719,832,0.6694711538461539,7.841290830221364,4.1131431035495964,20.099745816071444,1.0,7.714482043309147,-2.5561167927243598,7.283079983743768
ossl_lucas_campaign,campaign2009,2009_b23,ASTM-R,0.2,3,25,0.0005450248718261719,876,0.6974885844748858,3.5353723270506596,2.8949174214137514,9.457738340258253,1.0,3.606537106209927,-0.8094087211471751,3.5165443200384865
ossl_lucas_campaign,campaign2009,2009_b24,ASTM-R,0.2,3,25,0.0005450248718261719,935,0.8631016042780749,2.9361409064415684,2.5734513758660156,3.9167855525032285,1.0,1.4061737672607926,-0.6300867585459448,1.2577787273138858
ossl_lucas_campaign,campaign2009,2009_b26,ASTM-R,0.2,3,25,0.0005450248718261719,982,0.8380855397148677,2.9056451819391804,2.3216973913148933,4.876098802260226,1.0,2.5524251023577182,0.16694200932592088,2.5482576230009544
ossl_lucas_campaign,campaign2009,2009_b27,ASTM-R,0.2,3,25,0.0005450248718261719,649,0.8967642526964561,2.802637522875711,2.429028207306214,3.782810670354972,1.0,1.5591423334979355,-0.6659418503653804,1.410855525823695
ossl_lucas_campaign,campaign2009,2009_b28,ASTM-R,0.2,3,25,0.0005450248718261719,844,0.8992890995260664,2.7581687918964968,2.345499819027594,3.845946803362645,1.0,1.5841693103127406,-0.42576578375950563,1.5267867702096183
ossl_lucas_campaign,campaign2009,2009_b29,ASTM-R,0.2,3,25,0.0005450248718261719,389,0.910025706940874,2.5029901988035084,2.1021735080800683,3.419272255332144,1.0,1.2776546784031484,-0.5832299191623092,1.138233220954896
ossl_lucas_campaign,campaign2009,2009_b3,ASTM-R,0.2,3,25,0.0005450248718261719,913,0.8970427163198248,2.3659423833423787,2.0814749888614044,3.4897811286593488,1.0,1.445999943967283,-0.6609283900105896,1.2868190221860798
ossl_lucas_campaign,campaign2009,2009_b4,ASTM-R,0.2,3,25,0.0005450248718261719,759,0.7575757575757576,13.718764901847463,3.8308350979624004,23.136301521814666,1.0,10.783224056723528,0.270392271082192,10.7869418082561
ossl_lucas_campaign,campaign2009,2009_b5,ASTM-R,0.2,3,25,0.0005450248718261719,301,0.7973421926910299,1.9843405344891507,1.7956687206132318,3.1414571307768724,1.0,1.04803634673782,-0.5592111575031884,0.8878524327230239
ossl_lucas_campaign,campaign2009,2009_b6,ASTM-R,0.2,3,25,0.0005450248718261719,886,0.7246049661399548,9.134524857448623,3.9132462333698186,20.10562659601933,1.0,8.046472662736475,-2.4143108362906704,7.680064985539726
ossl_lucas_campaign,campaign2009,2009_b7,ASTM-R,0.2,3,25,0.0005450248718261719,557,0.7917414721723519,3.3207050279125543,2.978935708399063,7.213918773634283,1.0,2.8299367831236553,-1.1180633140242056,2.6020438420216587
ossl_lucas_campaign,campaign2009,2009_b9,ASTM-R,0.2,3,25,0.0005450248718261719,769,0.8192457737321196,3.0388632926717283,2.4956467832519014,5.499304508217953,1.0,2.546368204980877,-0.03096668427742501,2.547837033220338
ossl_lucas_campaign,campaign2009,2009_b0,ASTM-G,0.05,3,25,0.0007445812225341797,791,0.9747155499367889,8.92384680929754,5.539108966425571,11.885691702110154,1.0,3.939679839727334,-0.43155211957756673,3.9184501014463855
ossl_lucas_campaign,campaign2009,2009_b1,ASTM-G,0.05,3,25,0.0007445812225341797,293,0.962457337883959,3.746513132937653,3.229880737916404,5.104578623906365,1.0,1.1073444230243248,-0.4445968628415389,1.0159073364082372
ossl_lucas_campaign,campaign2009,2009_b10,ASTM-G,0.05,3,25,0.0007445812225341797,714,0.9775910364145658,4.369767500727071,3.9680796686505495,5.927946235725573,1.0,1.5114031267484613,-0.38611153091243294,1.4622763240950742
ossl_lucas_campaign,campaign2009,2009_b11,ASTM-G,0.05,3,25,0.0007445812225341797,270,0.9333333333333333,16.088000699165253,9.022102582360851,39.98808825447892,1.0,10.538385760879997,-2.292272595406485,10.305162818804318
ossl_lucas_campaign,campaign2009,2009_b12,ASTM-G,0.05,3,25,0.0007445812225341797,769,0.8751625487646294,19.139071003964382,7.474401426264825,37.754364663444974,1.0,8.603084822645569,-2.2256039399630936,8.315628486457564
ossl_lucas_campaign,campaign2009,2009_b13,ASTM-G,0.05,3,25,0.0007445812225341797,427,0.9625292740046838,3.788781692480151,3.4199227963904795,4.27104933905558,1.0,1.1708338022281604,-0.460525718644196,1.0777235115013315
ossl_lucas_campaign,campaign2009,2009_b14,ASTM-G,0.05,3,25,0.0007445812225341797,833,0.8907563025210085,11.54345981469803,7.430876642037084,23.795913906072425,1.0,6.427824991497614,-2.1817771638780714,6.0498529708614015
ossl_lucas_campaign,campaign2009,2009_b15,ASTM-G,0.05,3,25,0.0007445812225341797,740,0.9864864864864865,3.7980344047155454,3.404682186663589,4.273411459243629,1.0,0.9971417615788459,-0.26893323302177097,0.9608403590669206
ossl_lucas_campaign,campaign2009,2009_b16,ASTM-G,0.05,3,25,0.0007445812225341797,637,0.9748822605965463,4.545689215995564,3.8449676047187116,7.489227278330207,1.0,2.2115794030193436,-0.5993390159314153,2.1304933211232897
ossl_lucas_campaign,campaign2009,2009_b17,ASTM-G,0.05,3,25,0.0007445812225341797,256,0.87109375,8.916993091252689,6.461359443021923,42.093146917373154,1.0,7.171568043606361,-3.0770097170024964,6.490605654032463
ossl_lucas_campaign,campaign2009,2009_b18,ASTM-G,0.05,3,25,0.0007445812225341797,1107,0.957542908762421,4.486886805085661,3.4184322593112904,6.313991079036365,1.0,1.6131845962609668,-0.4861284442874377,1.5388901706313756
ossl_lucas_campaign,campaign2009,2009_b19,ASTM-G,0.05,3,25,0.0007445812225341797,571,0.9492119089316988,3.5300392159130105,3.134389855776815,5.040566566493835,1.0,1.2330913483251402,-0.34621398512373697,1.1845283579482797
ossl_lucas_campaign,campaign2009,2009_b2,ASTM-G,0.05,3,25,0.0007445812225341797,714,0.9635854341736695,3.044109292913471,2.9026426016658124,3.437836975067367,1.0,0.7030069708877168,-0.10847469168312153,0.6950745954297306
ossl_lucas_campaign,campaign2009,2009_b20,ASTM-G,0.05,3,25,0.0007445812225341797,519,0.976878612716763,5.904800747009039,4.5673239824566,7.937884825174983,1.0,2.496362880021428,-1.086415297074645,2.249729187780095
ossl_lucas_campaign,campaign2009,2009_b21,ASTM-G,0.05,3,25,0.0007445812225341797,60,0.95,3.0259851098214985,2.776913483278402,4.436064774590309,1.0,0.7707498220847238,-0.3140511492865763,0.7098057723416833
ossl_lucas_campaign,campaign2009,2009_b22,ASTM-G,0.05,3,25,0.0007445812225341797,832,0.8870192307692307,13.498959997096442,7.080445605558438,28.71588521754075,1.0,7.714482043309147,-2.5561167927243598,7.283079983743768
ossl_lucas_campaign,campaign2009,2009_b23,ASTM-G,0.05,3,25,0.0007445812225341797,876,0.8995433789954338,6.08595000489603,4.983446124148027,14.695488116181167,1.0,3.606537106209927,-0.8094087211471751,3.5165443200384865
ossl_lucas_campaign,campaign2009,2009_b24,ASTM-G,0.05,3,25,0.0007445812225341797,935,0.9903743315508021,5.054389424895932,4.43041003549488,5.897708505758543,1.0,1.4061737672607926,-0.6300867585459448,1.2577787273138858
ossl_lucas_campaign,campaign2009,2009_b26,ASTM-G,0.05,3,25,0.0007445812225341797,982,0.9786150712830958,5.0018299040310925,3.9965306261154265,7.956508914230199,1.0,2.5524251023577182,0.16694200932592088,2.5482576230009544
ossl_lucas_campaign,campaign2009,2009_b27,ASTM-G,0.05,3,25,0.0007445812225341797,649,0.9861325115562404,4.824506044183103,4.1813018814789675,5.519285598152392,1.0,1.5591423334979355,-0.6659418503653804,1.410855525823695
ossl_lucas_campaign,campaign2009,2009_b28,ASTM-G,0.05,3,25,0.0007445812225341797,844,0.981042654028436,4.748032538159933,4.037899104105552,5.967604257092425,1.0,1.5841693103127406,-0.42576578375950563,1.5267867702096183
ossl_lucas_campaign,campaign2009,2009_b29,ASTM-G,0.05,3,25,0.0007445812225341797,389,0.987146529562982,4.30872220247999,3.618743351184481,5.3994959318196445,1.0,1.2776546784031484,-0.5832299191623092,1.138233220954896
ossl_lucas_campaign,campaign2009,2009_b3,ASTM-G,0.05,3,25,0.0007445812225341797,913,0.9813800657174151,4.0727916912131015,3.5832098055899335,5.614964493177512,1.0,1.445999943967283,-0.6609283900105896,1.2868190221860798
ossl_lucas_campaign,campaign2009,2009_b4,ASTM-G,0.05,3,25,0.0007445812225341797,759,0.9380764163372859,23.619572275368505,6.594494739311415,33.80649528303301,1.0,10.783224056723528,0.270392271082192,10.7869418082561
ossl_lucas_campaign,campaign2009,2009_b5,ASTM-G,0.05,3,25,0.0007445812225341797,301,0.973421926910299,3.4159899806094174,3.091154339446492,3.9671488116036473,1.0,1.04803634673782,-0.5592111575031884,0.8878524327230239
ossl_lucas_campaign,campaign2009,2009_b6,ASTM-G,0.05,3,25,0.0007445812225341797,886,0.9130925507900677,15.725693533633374,6.736236963545864,30.877723998303097,1.0,8.046472662736475,-2.4143108362906704,7.680064985539726
ossl_lucas_campaign,campaign2009,2009_b7,ASTM-G,0.05,3,25,0.0007445812225341797,557,0.9515260323159784,5.716360948871957,5.127986813035077,12.739176075062296,1.0,2.8299367831236553,-1.1180633140242056,2.6020438420216587
ossl_lucas_campaign,campaign2009,2009_b9,ASTM-G,0.05,3,25,0.0007445812225341797,769,0.9609882964889467,5.2311446167423545,4.295969250983275,9.417399047949637,1.0,2.546368204980877,-0.03096668427742501,2.547837033220338
ossl_lucas_campaign,campaign2009,2009_b0,ASTM-G,0.1,3,25,0.0006518363952636719,791,0.9570164348925411,7.320971863679463,4.544317131158275,10.123410405301406,1.0,3.939679839727334,-0.43155211957756673,3.9184501014463855
ossl_lucas_campaign,campaign2009,2009_b1,ASTM-G,0.1,3,25,0.0006518363952636719,293,0.9419795221843004,3.073596541075367,2.6497699680811033,4.118092709746997,1.0,1.1073444230243248,-0.4445968628415389,1.0159073364082372
ossl_lucas_campaign,campaign2009,2009_b10,ASTM-G,0.1,3,25,0.0006518363952636719,714,0.9481792717086834,3.584938795353038,3.2554249777974036,4.808972792095796,1.0,1.5114031267484613,-0.38611153091243294,1.4622763240950742
ossl_lucas_campaign,campaign2009,2009_b11,ASTM-G,0.1,3,25,0.0006518363952636719,270,0.8777777777777778,13.197857597921768,7.4017446073664654,30.244646823498382,1.0,10.538385760879997,-2.292272595406485,10.305162818804318
ossl_lucas_campaign,campaign2009,2009_b12,ASTM-G,0.1,3,25,0.0006518363952636719,769,0.8166449934980494,15.70088822029156,6.131902753083294,30.66967702264138,1.0,8.603084822645569,-2.2256039399630936,8.315628486457564
ossl_lucas_campaign,campaign2009,2009_b13,ASTM-G,0.1,3,25,0.0006518363952636719,427,0.9227166276346604,3.1082376641453577,2.805682362987845,3.789958953778941,1.0,1.1708338022281604,-0.460525718644196,1.0777235115013315
ossl_lucas_campaign,campaign2009,2009_b14,ASTM-G,0.1,3,25,0.0006518363952636719,833,0.8163265306122449,9.47001442811801,6.096306823267298,20.587128186535526,1.0,6.427824991497614,-2.1817771638780714,6.0498529708614015
ossl_lucas_campaign,campaign2009,2009_b15,ASTM-G,0.1,3,25,0.0006518363952636719,740,0.9635135135135136,3.1158485764997588,2.79316705954742,3.56631784226751,1.0,0.9971417615788459,-0.26893323302177097,0.9608403590669206
ossl_lucas_campaign,campaign2009,2009_b16,ASTM-G,0.1,3,25,0.0006518363952636719,637,0.945054945054945,3.7292722865335404,3.1544165552314642,6.200369044346539,1.0,2.2115794030193436,-0.5993390159314153,2.1304933211232897
ossl_lucas_campaign,campaign2009,2009_b17,ASTM-G,0.1,3,25,0.0006518363952636719,256,0.83203125,7.315423996773839,5.300922631991842,28.67877586009122,1.0,7.171568043606361,-3.0770097170024964,6.490605654032463
ossl_lucas_campaign,campaign2009,2009_b18,ASTM-G,0.1,3,25,0.0006518363952636719,1107,0.9214092140921409,3.6809495870560514,2.8043319904610136,5.2538172294549685,1.0,1.6131845962609668,-0.4861284442874377,1.5388901706313756
ossl_lucas_campaign,campaign2009,2009_b19,ASTM-G,0.1,3,25,0.0006518363952636719,571,0.9054290718038529,2.895980273246669,2.5714665823135587,4.256638329356898,1.0,1.2330913483251402,-0.34621398512373697,1.1845283579482797
ossl_lucas_campaign,campaign2009,2009_b2,ASTM-G,0.1,3,25,0.0006518363952636719,714,0.938375350140056,2.497275047942939,2.3804121559021842,2.9451323070209994,1.0,0.7030069708877168,-0.10847469168312153,0.6950745954297306
ossl_lucas_campaign,campaign2009,2009_b20,ASTM-G,0.1,3,25,0.0006518363952636719,519,0.9576107899807321,4.844263208121288,3.7470444471779976,6.636337028999526,1.0,2.496362880021428,-1.086415297074645,2.249729187780095
ossl_lucas_campaign,campaign2009,2009_b21,ASTM-G,0.1,3,25,0.0006518363952636719,60,0.9333333333333333,2.48245013009614,2.278171082172573,3.473520896230633,1.0,0.7707498220847238,-0.3140511492865763,0.7098057723416833
ossl_lucas_campaign,campaign2009,2009_b22,ASTM-G,0.1,3,25,0.0006518363952636719,832,0.8100961538461539,11.074185295104087,5.808779582020747,24.067397345934804,1.0,7.714482043309147,-2.5561167927243598,7.283079983743768
ossl_lucas_campaign,campaign2009,2009_b23,ASTM-G,0.1,3,25,0.0006518363952636719,876,0.8527397260273972,4.992855021179628,4.0883698110100575,11.790765087021015,1.0,3.606537106209927,-0.8094087211471751,3.5165443200384865
ossl_lucas_campaign,campaign2009,2009_b24,ASTM-G,0.1,3,25,0.0006518363952636719,935,0.9625668449197861,4.146578918165187,3.6345304452958267,4.826605387774889,1.0,1.4061737672607926,-0.6300867585459448,1.2577787273138858
ossl_lucas_campaign,campaign2009,2009_b26,ASTM-G,0.1,3,25,0.0006518363952636719,982,0.955193482688391,4.103483601300474,3.278770606946982,6.308036442526155,1.0,2.5524251023577182,0.16694200932592088,2.5482576230009544
ossl_lucas_campaign,campaign2009,2009_b27,ASTM-G,0.1,3,25,0.0006518363952636719,649,0.9691833590138675,3.958009499734891,3.4303524476015457,4.7108882202960665,1.0,1.5591423334979355,-0.6659418503653804,1.410855525823695
ossl_lucas_campaign,campaign2009,2009_b28,ASTM-G,0.1,3,25,0.0006518363952636719,844,0.9632701421800948,3.8952419355368377,3.312558307867185,4.900460265189324,1.0,1.5841693103127406,-0.42576578375950563,1.5267867702096183
ossl_lucas_campaign,campaign2009,2009_b29,ASTM-G,0.1,3,25,0.0006518363952636719,389,0.9717223650385605,3.5348490831902977,2.9687950814108697,4.360230135039432,1.0,1.2776546784031484,-0.5832299191623092,1.138233220954896
ossl_lucas_campaign,campaign2009,2009_b3,ASTM-G,0.1,3,25,0.0006518363952636719,913,0.9671412924424972,3.341297852466079,2.9396063009845372,4.527858234450768,1.0,1.445999943967283,-0.6609283900105896,1.2868190221860798
ossl_lucas_campaign,campaign2009,2009_b4,ASTM-G,0.1,3,25,0.0006518363952636719,759,0.8893280632411067,19.375944174108987,5.410090170109051,28.028906257642337,1.0,10.783224056723528,0.270392271082192,10.7869418082561
ossl_lucas_campaign,campaign2009,2009_b5,ASTM-G,0.1,3,25,0.0006518363952636719,301,0.9269102990033222,2.8024238857549,2.5359499779644,3.5475819539040674,1.0,1.04803634673782,-0.5592111575031884,0.8878524327230239
ossl_lucas_campaign,campaign2009,2009_b6,ASTM-G,0.1,3,25,0.0006518363952636719,886,0.8521444695259593,12.900784228258019,5.526421553717484,24.89445677914617,1.0,8.046472662736475,-2.4143108362906704,7.680064985539726
ossl_lucas_campaign,campaign2009,2009_b7,ASTM-G,0.1,3,25,0.0006518363952636719,557,0.9084380610412927,4.689667224811319,4.206984854694248,9.435248119500487,1.0,2.8299367831236553,-1.1180633140242056,2.6020438420216587
ossl_lucas_campaign,campaign2009,2009_b9,ASTM-G,0.1,3,25,0.0006518363952636719,769,0.9401820546163849,4.291616153634979,3.5244293760720424,7.301607272229825,1.0,2.546368204980877,-0.03096668427742501,2.547837033220338
ossl_lucas_campaign,campaign2009,2009_b0,ASTM-G,0.2,3,25,0.0006394386291503906,791,0.8836915297092288,5.5829904391716525,3.4655988423420245,8.18655521311915,1.0,3.939679839727334,-0.43155211957756673,3.9184501014463855
ossl_lucas_campaign,campaign2009,2009_b1,ASTM-G,0.2,3,25,0.0006394386291503906,293,0.8839590443686007,2.3439472345438697,2.0207432336887114,3.21550269316186,1.0,1.1073444230243248,-0.4445968628415389,1.0159073364082372
ossl_lucas_campaign,campaign2009,2009_b10,ASTM-G,0.2,3,25,0.0006394386291503906,714,0.8795518207282913,2.73392345174394,2.4826528878526215,3.8519716704216767,1.0,1.5114031267484613,-0.38611153091243294,1.4622763240950742
ossl_lucas_campaign,campaign2009,2009_b11,ASTM-G,0.2,3,25,0.0006394386291503906,270,0.8074074074074075,10.06438049944589,5.644708002396852,22.82509123619566,1.0,10.538385760879997,-2.292272595406485,10.305162818804318
ossl_lucas_campaign,campaign2009,2009_b12,ASTM-G,0.2,3,25,0.0006394386291503906,769,0.694408322496749,11.973186302728848,4.676226165304574,24.049651006067215,1.0,8.603084822645569,-2.2256039399630936,8.315628486457564
ossl_lucas_campaign,campaign2009,2009_b13,ASTM-G,0.2,3,25,0.0006394386291503906,427,0.8337236533957846,2.370339022675745,2.1396461179536925,3.221985901981818,1.0,1.1708338022281604,-0.460525718644196,1.0777235115013315
ossl_lucas_campaign,campaign2009,2009_b14,ASTM-G,0.2,3,25,0.0006394386291503906,833,0.6902761104441777,7.221823930825367,4.649161265621345,16.788971114507067,1.0,6.427824991497614,-2.1817771638780714,6.0498529708614015
ossl_lucas_campaign,campaign2009,2009_b15,ASTM-G,0.2,3,25,0.0006394386291503906,740,0.918918918918919,2.3761577524203408,2.1300930837765186,2.9021857975559495,1.0,0.9971417615788459,-0.26893323302177097,0.9608403590669206
ossl_lucas_campaign,campaign2009,2009_b16,ASTM-G,0.2,3,25,0.0006394386291503906,637,0.9105180533751962,2.8440000016192726,2.4056168131986455,4.852493364537124,1.0,2.2115794030193436,-0.5993390159314153,2.1304933211232897
ossl_lucas_campaign,campaign2009,2009_b17,ASTM-G,0.2,3,25,0.0006394386291503906,256,0.7578125,5.57881393578845,4.042593012151058,19.683791616761262,1.0,7.171568043606361,-3.0770097170024964,6.490605654032463
ossl_lucas_campaign,campaign2009,2009_b18,ASTM-G,0.2,3,25,0.0006394386291503906,1107,0.8401084010840109,2.807089314973116,2.1385237026160784,4.276175387469775,1.0,1.6131845962609668,-0.4861284442874377,1.5388901706313756
ossl_lucas_campaign,campaign2009,2009_b19,ASTM-G,0.2,3,25,0.0006394386291503906,571,0.8248686514886164,2.208478676810705,1.9610548131988579,3.5135609216316444,1.0,1.2330913483251402,-0.34621398512373697,1.1845283579482797
ossl_lucas_campaign,campaign2009,2009_b2,ASTM-G,0.2,3,25,0.0006394386291503906,714,0.8543417366946778,1.904384051079539,1.8150655050687927,2.4061761617124935,1.0,0.7030069708877168,-0.10847469168312153,0.6950745954297306
ossl_lucas_campaign,campaign2009,2009_b20,ASTM-G,0.2,3,25,0.0006394386291503906,519,0.8786127167630058,3.6942939720242047,2.8575700596684337,5.632138381669623,1.0,2.496362880021428,-1.086415297074645,2.249729187780095
ossl_lucas_campaign,campaign2009,2009_b21,ASTM-G,0.2,3,25,0.0006394386291503906,60,0.8833333333333333,1.8931103621663397,1.737366659314175,2.7413173759886766,1.0,0.7707498220847238,-0.3140511492865763,0.7098057723416833
ossl_lucas_campaign,campaign2009,2009_b22,ASTM-G,0.2,3,25,0.0006394386291503906,832,0.7091346153846154,8.445104415038257,4.429850390234748,19.40532721634272,1.0,7.714482043309147,-2.5561167927243598,7.283079983743768
ossl_lucas_campaign,campaign2009,2009_b23,ASTM-G,0.2,3,25,0.0006394386291503906,876,0.7226027397260274,3.807595958860612,3.1178262701089134,9.157998703756874,1.0,3.606537106209927,-0.8094087211471751,3.5165443200384865
ossl_lucas_campaign,campaign2009,2009_b24,ASTM-G,0.2,3,25,0.0006394386291503906,935,0.9005347593582887,3.1622227955473914,2.771627113455032,3.9521832105741646,1.0,1.4061737672607926,-0.6300867585459448,1.2577787273138858
ossl_lucas_campaign,campaign2009,2009_b26,ASTM-G,0.2,3,25,0.0006394386291503906,982,0.8788187372708758,3.129375354174751,2.5004599128265745,4.8882144085671895,1.0,2.5524251023577182,0.16694200932592088,2.5482576230009544
ossl_lucas_campaign,campaign2009,2009_b27,ASTM-G,0.2,3,25,0.0006394386291503906,649,0.9214175654853621,3.018436004168551,2.6160556031363127,3.8321880074134245,1.0,1.5591423334979355,-0.6659418503653804,1.410855525823695
ossl_lucas_campaign,campaign2009,2009_b28,ASTM-G,0.2,3,25,0.0006394386291503906,844,0.9206161137440758,2.9705475282673426,2.5261173706635964,3.9133925574037565,1.0,1.5841693103127406,-0.42576578375950563,1.5267867702096183
ossl_lucas_campaign,campaign2009,2009_b29,ASTM-G,0.2,3,25,0.0006394386291503906,389,0.922879177377892,2.6957182465578575,2.2640389655838034,3.4813564252182894,1.0,1.2776546784031484,-0.5832299191623092,1.138233220954896
ossl_lucas_campaign,campaign2009,2009_b3,ASTM-G,0.2,3,25,0.0006394386291503906,913,0.9178532311062432,2.548117174937548,2.2417521847357733,3.5286078827747183,1.0,1.445999943967283,-0.6609283900105896,1.2868190221860798
ossl_lucas_campaign,campaign2009,2009_b4,ASTM-G,0.2,3,25,0.0006394386291503906,759,0.7839262187088274,14.775305551509042,4.125804942063427,22.916137000328654,1.0,10.783224056723528,0.270392271082192,10.7869418082561
ossl_lucas_campaign,campaign2009,2009_b5,ASTM-G,0.2,3,25,0.0006394386291503906,301,0.813953488372093,2.1371379164632907,1.9339356961432288,3.0975363552736876,1.0,1.04803634673782,-0.5592111575031884,0.8878524327230239
ossl_lucas_campaign,campaign2009,2009_b6,ASTM-G,0.2,3,25,0.0006394386291503906,886,0.7528216704288939,9.83794579126506,4.214554729532126,19.640759767417524,1.0,8.046472662736475,-2.4143108362906704,7.680064985539726
ossl_lucas_campaign,campaign2009,2009_b7,ASTM-G,0.2,3,25,0.0006394386291503906,557,0.822262118491921,3.576396398310248,3.2083087579825653,7.107645618039861,1.0,2.8299367831236553,-1.1180633140242056,2.6020438420216587
ossl_lucas_campaign,campaign2009,2009_b9,ASTM-G,0.2,3,25,0.0006394386291503906,769,0.8621586475942783,3.2728505253821942,2.687803082315523,5.494314770846961,1.0,2.546368204980877,-0.03096668427742501,2.547837033220338
ossl_lucas_campaign,campaign2009,2009_b0,GPR,0.05,3,25,60.90923309326172,791,0.9582806573957017,8.081169523442952,3.6055084592458346,9.328431545115912,1.0,3.939679839727334,-0.43155211957756673,3.9184501014463855
ossl_lucas_campaign,campaign2009,2009_b1,GPR,0.05,3,25,60.90923309326172,293,0.9692832764505119,3.6508431803321177,2.877466477175519,5.2368117520449795,1.0,1.1073444230243248,-0.4445968628415389,1.0159073364082372
ossl_lucas_campaign,campaign2009,2009_b10,GPR,0.05,3,25,60.90923309326172,714,0.9481792717086834,3.639186152715361,3.175472882333281,6.568314897004711,1.0,1.5114031267484613,-0.38611153091243294,1.4622763240950742
ossl_lucas_campaign,campaign2009,2009_b11,GPR,0.05,3,25,60.90923309326172,270,0.9407407407407408,19.549241478172217,7.701650848414067,28.56402975557104,1.0,10.538385760879997,-2.292272595406485,10.305162818804318
ossl_lucas_campaign,campaign2009,2009_b12,GPR,0.05,3,25,60.90923309326172,769,0.8842652795838751,23.838212295146313,6.492179759269794,34.701433653410156,1.0,8.603084822645569,-2.2256039399630936,8.315628486457564
ossl_lucas_campaign,campaign2009,2009_b13,GPR,0.05,3,25,60.90923309326172,427,0.9765807962529274,4.448563935969945,3.6032637015115982,5.044799199119698,1.0,1.1708338022281604,-0.460525718644196,1.0777235115013315
ossl_lucas_campaign,campaign2009,2009_b14,GPR,0.05,3,25,60.90923309326172,833,0.8919567827130852,12.476359797638331,5.652800952326578,18.8257035187266,1.0,6.427824991497614,-2.1817771638780714,6.0498529708614015
ossl_lucas_campaign,campaign2009,2009_b15,GPR,0.05,3,25,60.90923309326172,740,0.9824324324324324,4.40286766130413,2.9713445578293913,4.924561753171423,1.0,0.9971417615788459,-0.26893323302177097,0.9608403590669206
ossl_lucas_campaign,campaign2009,2009_b16,GPR,0.05,3,25,60.90923309326172,637,0.9638932496075353,3.5508060315193304,2.8531198385122414,6.1162564737406475,1.0,2.2115794030193436,-0.5993390159314153,2.1304933211232897
ossl_lucas_campaign,campaign2009,2009_b17,GPR,0.05,3,25,60.90923309326172,256,0.8828125,9.653100967895353,5.05557276738142,25.69677631599732,1.0,7.171568043606361,-3.0770097170024964,6.490605654032463
ossl_lucas_campaign,campaign2009,2009_b18,GPR,0.05,3,25,60.90923309326172,1107,0.952122854561879,4.6674807153826885,3.431223056127923,6.732785438400638,1.0,1.6131845962609668,-0.4861284442874377,1.5388901706313756
ossl_lucas_campaign,campaign2009,2009_b19,GPR,0.05,3,25,60.90923309326172,571,0.9597197898423818,3.753106708250136,3.0154288328354415,4.858957262905267,1.0,1.2330913483251402,-0.34621398512373697,1.1845283579482797
ossl_lucas_campaign,campaign2009,2009_b2,GPR,0.05,3,25,60.90923309326172,714,0.9411764705882353,4.775624085240842,2.9397439778055467,5.4848230143202645,1.0,0.7030069708877168,-0.10847469168312153,0.6950745954297306
ossl_lucas_campaign,campaign2009,2009_b20,GPR,0.05,3,25,60.90923309326172,519,0.9614643545279383,5.322848734937221,3.9911346764757387,7.088970969350494,1.0,2.496362880021428,-1.086415297074645,2.249729187780095
ossl_lucas_campaign,campaign2009,2009_b21,GPR,0.05,3,25,60.90923309326172,60,0.95,4.420501457749376,3.1799797396693332,4.741738506352394,1.0,0.7707498220847238,-0.3140511492865763,0.7098057723416833
ossl_lucas_campaign,campaign2009,2009_b22,GPR,0.05,3,25,60.90923309326172,832,0.8942307692307693,14.279030876725225,5.739129749355753,22.706540239581468,1.0,7.714482043309147,-2.5561167927243598,7.283079983743768
ossl_lucas_campaign,campaign2009,2009_b23,GPR,0.05,3,25,60.90923309326172,876,0.8904109589041096,5.361586794188387,3.540939051797036,11.797318920646386,1.0,3.606537106209927,-0.8094087211471751,3.5165443200384865
ossl_lucas_campaign,campaign2009,2009_b24,GPR,0.05,3,25,60.90923309326172,935,0.9711229946524064,4.556282689474027,3.847446159741483,5.982657689988264,1.0,1.4061737672607926,-0.6300867585459448,1.2577787273138858
ossl_lucas_campaign,campaign2009,2009_b26,GPR,0.05,3,25,60.90923309326172,982,0.9694501018329938,3.547004732751326,2.434902576720399,5.221999712765856,1.0,2.5524251023577182,0.16694200932592088,2.5482576230009544
ossl_lucas_campaign,campaign2009,2009_b27,GPR,0.05,3,25,60.90923309326172,649,0.9815100154083205,4.027488279352416,3.2186334158854346,4.796297467828505,1.0,1.5591423334979355,-0.6659418503653804,1.410855525823695
ossl_lucas_campaign,campaign2009,2009_b28,GPR,0.05,3,25,60.90923309326172,844,0.976303317535545,4.144429919538258,3.3746338339504973,5.436665557131619,1.0,1.5841693103127406,-0.42576578375950563,1.5267867702096183
ossl_lucas_campaign,campaign2009,2009_b29,GPR,0.05,3,25,60.90923309326172,389,0.987146529562982,3.767117073316837,2.9251286909326906,4.5561342025295115,1.0,1.2776546784031484,-0.5832299191623092,1.138233220954896
ossl_lucas_campaign,campaign2009,2009_b3,GPR,0.05,3,25,60.90923309326172,913,0.9671412924424972,3.371248239134012,2.8356142830770095,4.971272489563095,1.0,1.445999943967283,-0.6609283900105896,1.2868190221860798
ossl_lucas_campaign,campaign2009,2009_b4,GPR,0.05,3,25,60.90923309326172,759,0.9288537549407114,29.49321353224066,6.146080784780563,34.14076715226376,1.0,10.783224056723528,0.270392271082192,10.7869418082561
ossl_lucas_campaign,campaign2009,2009_b5,GPR,0.05,3,25,60.90923309326172,301,0.9833887043189369,3.277649499728595,2.9605087809439836,3.6024842343962846,1.0,1.04803634673782,-0.5592111575031884,0.8878524327230239
ossl_lucas_campaign,campaign2009,2009_b6,GPR,0.05,3,25,60.90923309326172,886,0.8972911963882618,18.760223852247968,5.670401362957703,24.93129699113751,1.0,8.046472662736475,-2.4143108362906704,7.680064985539726
ossl_lucas_campaign,campaign2009,2009_b7,GPR,0.05,3,25,60.90923309326172,557,0.9210053859964094,4.741756000602222,3.967046441065543,11.56797858948025,1.0,2.8299367831236553,-1.1180633140242056,2.6020438420216587
ossl_lucas_campaign,campaign2009,2009_b9,GPR,0.05,3,25,60.90923309326172,769,0.9323797139141743,3.909413069325971,2.7494118357546333,8.074574807834994,1.0,2.546368204980877,-0.03096668427742501,2.547837033220338
ossl_lucas_campaign,campaign2009,2009_b0,GPR,0.1,3,25,0.0003192424774169922,791,0.9216182048040455,6.662247959915274,2.990813102162006,7.9179374691629825,1.0,3.939679839727334,-0.43155211957756673,3.9184501014463855
ossl_lucas_campaign,campaign2009,2009_b1,GPR,0.1,3,25,0.0003192424774169922,293,0.9488054607508533,3.0110267296983304,2.3805521997825227,4.067310084602977,1.0,1.1073444230243248,-0.4445968628415389,1.0159073364082372
ossl_lucas_campaign,campaign2009,2009_b10,GPR,0.1,3,25,0.0003192424774169922,714,0.9215686274509803,3.012933192047156,2.633667611941227,4.971504545218141,1.0,1.5114031267484613,-0.38611153091243294,1.4622763240950742
ossl_lucas_campaign,campaign2009,2009_b11,GPR,0.1,3,25,0.0003192424774169922,270,0.8925925925925926,15.918706445276648,6.3685665421506945,22.289750829072513,1.0,10.538385760879997,-2.292272595406485,10.305162818804318
ossl_lucas_campaign,campaign2009,2009_b12,GPR,0.1,3,25,0.0003192424774169922,769,0.8309492847854356,19.483644497904393,5.384519264880465,27.59486887270989,1.0,8.603084822645569,-2.2256039399630936,8.315628486457564
ossl_lucas_campaign,campaign2009,2009_b13,GPR,0.1,3,25,0.0003192424774169922,427,0.9508196721311475,3.629471084531914,2.9705998484210867,4.112675414127667,1.0,1.1708338022281604,-0.460525718644196,1.0777235115013315
ossl_lucas_campaign,campaign2009,2009_b14,GPR,0.1,3,25,0.0003192424774169922,833,0.8331332533013205,10.24965159538926,4.684825583881084,15.294981950410964,1.0,6.427824991497614,-2.1817771638780714,6.0498529708614015
ossl_lucas_campaign,campaign2009,2009_b15,GPR,0.1,3,25,0.0003192424774169922,740,0.9472972972972973,3.5229336798601647,2.4593391159547275,3.9874681409274224,1.0,0.9971417615788459,-0.26893323302177097,0.9608403590669206
ossl_lucas_campaign,campaign2009,2009_b16,GPR,0.1,3,25,0.0003192424774169922,637,0.9293563579277865,2.9420766706502097,2.3658052251573105,4.761006291349966,1.0,2.2115794030193436,-0.5993390159314153,2.1304933211232897
ossl_lucas_campaign,campaign2009,2009_b17,GPR,0.1,3,25,0.0003192424774169922,256,0.8203125,7.970078856536257,4.190008409303605,18.9450139718508,1.0,7.171568043606361,-3.0770097170024964,6.490605654032463
ossl_lucas_campaign,campaign2009,2009_b18,GPR,0.1,3,25,0.0003192424774169922,1107,0.90063233965673,3.822448546618378,2.830736952818972,5.427381096522874,1.0,1.6131845962609668,-0.4861284442874377,1.5388901706313756
ossl_lucas_campaign,campaign2009,2009_b19,GPR,0.1,3,25,0.0003192424774169922,571,0.9176882661996497,3.0700607870731464,2.500411809284505,4.032205831494301,1.0,1.2330913483251402,-0.34621398512373697,1.1845283579482797
ossl_lucas_campaign,campaign2009,2009_b2,GPR,0.1,3,25,0.0003192424774169922,714,0.876750700280112,3.750010117395317,2.426876905952657,4.4779206916132255,1.0,0.7030069708877168,-0.10847469168312153,0.6950745954297306
ossl_lucas_campaign,campaign2009,2009_b20,GPR,0.1,3,25,0.0003192424774169922,519,0.9479768786127167,4.407237057366419,3.3070416679903873,6.000509228607531,1.0,2.496362880021428,-1.086415297074645,2.249729187780095
ossl_lucas_campaign,campaign2009,2009_b21,GPR,0.1,3,25,0.0003192424774169922,60,0.95,3.4998574901214172,2.625207377906756,3.8558664704659167,1.0,0.7707498220847238,-0.3140511492865763,0.7098057723416833
ossl_lucas_campaign,campaign2009,2009_b22,GPR,0.1,3,25,0.0003192424774169922,832,0.8269230769230769,11.741650991161011,4.759247855473937,18.151000827601006,1.0,7.714482043309147,-2.5561167927243598,7.283079983743768
ossl_lucas_campaign,campaign2009,2009_b23,GPR,0.1,3,25,0.0003192424774169922,876,0.8242009132420092,4.414815101337918,2.936015707595187,9.129463478445361,1.0,3.606537106209927,-0.8094087211471751,3.5165443200384865
ossl_lucas_campaign,campaign2009,2009_b24,GPR,0.1,3,25,0.0003192424774169922,935,0.9433155080213904,3.7677552674318977,3.1897898169447867,4.783644126123002,1.0,1.4061737672607926,-0.6300867585459448,1.2577787273138858
ossl_lucas_campaign,campaign2009,2009_b26,GPR,0.1,3,25,0.0003192424774169922,982,0.945010183299389,2.9348124636143607,2.020306295841575,4.204191673281965,1.0,2.5524251023577182,0.16694200932592088,2.5482576230009544
ossl_lucas_campaign,campaign2009,2009_b27,GPR,0.1,3,25,0.0003192424774169922,649,0.963020030816641,3.3361341579438593,2.6686060750979412,3.9366494600221427,1.0,1.5591423334979355,-0.6659418503653804,1.410855525823695
ossl_lucas_campaign,campaign2009,2009_b28,GPR,0.1,3,25,0.0003192424774169922,844,0.9609004739336493,3.4208892654415584,2.7900814507640903,4.379028452727795,1.0,1.5841693103127406,-0.42576578375950563,1.5267867702096183
ossl_lucas_campaign,campaign2009,2009_b29,GPR,0.1,3,25,0.0003192424774169922,389,0.9691516709511568,3.118167601603941,2.425726120084727,3.7015232382444423,1.0,1.2776546784031484,-0.5832299191623092,1.138233220954896
ossl_lucas_campaign,campaign2009,2009_b3,GPR,0.1,3,25,0.0003192424774169922,913,0.9430449069003286,2.7905214729204064,2.351682941587653,3.994792387236061,1.0,1.445999943967283,-0.6609283900105896,1.2868190221860798
ossl_lucas_campaign,campaign2009,2009_b4,GPR,0.1,3,25,0.0003192424774169922,759,0.8880105401844532,23.88670096037083,5.08631822080975,27.90650625271193,1.0,10.783224056723528,0.270392271082192,10.7869418082561
ossl_lucas_campaign,campaign2009,2009_b5,GPR,0.1,3,25,0.0003192424774169922,301,0.9534883720930233,2.6997887760657115,2.447304072346915,3.10136188492677,1.0,1.04803634673782,-0.5592111575031884,0.8878524327230239
ossl_lucas_campaign,campaign2009,2009_b6,GPR,0.1,3,25,0.0003192424774169922,886,0.8397291196388262,15.357151302721334,4.702829111337708,20.71038819446077,1.0,8.046472662736475,-2.4143108362906704,7.680064985539726
ossl_lucas_campaign,campaign2009,2009_b7,GPR,0.1,3,25,0.0003192424774169922,557,0.8725314183123878,3.921499305865056,3.2896135440046503,8.4146501021652,1.0,2.8299367831236553,-1.1180633140242056,2.6020438420216587
ossl_lucas_campaign,campaign2009,2009_b9,GPR,0.1,3,25,0.0003192424774169922,769,0.8946684005201561,3.2358186375586206,2.280675972633176,6.068678977445209,1.0,2.546368204980877,-0.03096668427742501,2.547837033220338
ossl_lucas_campaign,campaign2009,2009_b0,GPR,0.2,3,25,0.00032711029052734375,791,0.8293299620733249,5.104538718633244,2.3045445825598234,6.419194250061778,1.0,3.939679839727334,-0.43155211957756673,3.9184501014463855
ossl_lucas_campaign,campaign2009,2009_b1,GPR,0.2,3,25,0.00032711029052734375,293,0.8771331058020477,2.3079317143184963,1.8284936122435573,3.1263564731471,1.0,1.1073444230243248,-0.4445968628415389,1.0159073364082372
ossl_lucas_campaign,campaign2009,2009_b10,GPR,0.2,3,25,0.00032711029052734375,714,0.8487394957983193,2.317692185247307,2.0293160413033275,3.7457756160443823,1.0,1.5114031267484613,-0.38611153091243294,1.4622763240950742
ossl_lucas_campaign,campaign2009,2009_b11,GPR,0.2,3,25,0.00032711029052734375,270,0.7925925925925926,12.057481514476363,4.893363734545693,17.002370565406615,1.0,10.538385760879997,-2.292272595406485,10.305162818804318
ossl_lucas_campaign,campaign2009,2009_b12,GPR,0.2,3,25,0.00032711029052734375,769,0.7217165149544863,14.806740868392401,4.148960372621513,21.304689196507983,1.0,8.603084822645569,-2.2256039399630936,8.315628486457564
ossl_lucas_campaign,campaign2009,2009_b13,GPR,0.2,3,25,0.00032711029052734375,427,0.882903981264637,2.754788198771742,2.273139002469363,3.2296823901417824,1.0,1.1708338022281604,-0.460525718644196,1.0777235115013315
ossl_lucas_campaign,campaign2009,2009_b14,GPR,0.2,3,25,0.00032711029052734375,833,0.751500600240096,7.827268834847118,3.5984348273783935,12.028683237589329,1.0,6.427824991497614,-2.1817771638780714,6.0498529708614015
ossl_lucas_campaign,campaign2009,2009_b15,GPR,0.2,3,25,0.00032711029052734375,740,0.8581081081081081,2.6295723258879122,1.8907478096918071,3.146627555615181,1.0,0.9971417615788459,-0.26893323302177097,0.9608403590669206
ossl_lucas_campaign,campaign2009,2009_b16,GPR,0.2,3,25,0.00032711029052734375,637,0.8775510204081632,2.264862188165777,1.822967753908672,3.6649462301584537,1.0,2.2115794030193436,-0.5993390159314153,2.1304933211232897
ossl_lucas_campaign,campaign2009,2009_b17,GPR,0.2,3,25,0.00032711029052734375,256,0.71875,6.115170246199565,3.226358511169173,13.783897052623002,1.0,7.171568043606361,-3.0770097170024964,6.490605654032463
ossl_lucas_campaign,campaign2009,2009_b18,GPR,0.2,3,25,0.00032711029052734375,1107,0.7777777777777778,2.9114581209344297,2.1691295898635747,4.350889975279129,1.0,1.6131845962609668,-0.4861284442874377,1.5388901706313756
ossl_lucas_campaign,campaign2009,2009_b19,GPR,0.2,3,25,0.00032711029052734375,571,0.8353765323992994,2.3359208580050397,1.9239897020241072,3.228162637525631,1.0,1.2330913483251402,-0.34621398512373697,1.1845283579482797
ossl_lucas_campaign,campaign2009,2009_b2,GPR,0.2,3,25,0.00032711029052734375,714,0.7661064425770309,2.7503654696007285,1.8610517063071983,3.541126680029933,1.0,0.7030069708877168,-0.10847469168312153,0.6950745954297306
ossl_lucas_campaign,campaign2009,2009_b20,GPR,0.2,3,25,0.00032711029052734375,519,0.8959537572254336,3.390525002225705,2.545902203274026,4.730719052110972,1.0,2.496362880021428,-1.086415297074645,2.249729187780095
ossl_lucas_campaign,campaign2009,2009_b21,GPR,0.2,3,25,0.00032711029052734375,60,0.8333333333333334,2.586790775113939,2.0139488162597665,3.002516489939502,1.0,0.7707498220847238,-0.3140511492865763,0.7098057723416833
ossl_lucas_campaign,campaign2009,2009_b22,GPR,0.2,3,25,0.00032711029052734375,832,0.7403846153846154,8.97460346150834,3.6666558390656476,14.258182309482091,1.0,7.714482043309147,-2.5561167927243598,7.283079983743768
ossl_lucas_campaign,campaign2009,2009_b23,GPR,0.2,3,25,0.00032711029052734375,876,0.702054794520548,3.379392897536954,2.2608782691156666,6.9625522199213545,1.0,3.606537106209927,-0.8094087211471751,3.5165443200384865
ossl_lucas_campaign,campaign2009,2009_b24,GPR,0.2,3,25,0.00032711029052734375,935,0.8759358288770054,2.8951466893082056,2.4590902812589635,3.7767866251176003,1.0,1.4061737672607926,-0.6300867585459448,1.2577787273138858
ossl_lucas_campaign,campaign2009,2009_b26,GPR,0.2,3,25,0.00032711029052734375,982,0.8737270875763747,2.2563057704526805,1.557323418033067,3.3591141804665505,1.0,2.5524251023577182,0.16694200932592088,2.5482576230009544
ossl_lucas_campaign,campaign2009,2009_b27,GPR,0.2,3,25,0.00032711029052734375,649,0.9121725731895224,2.567568683543571,2.057024113742917,3.1168938501505155,1.0,1.5591423334979355,-0.6659418503653804,1.410855525823695
ossl_lucas_campaign,campaign2009,2009_b28,GPR,0.2,3,25,0.00032711029052734375,844,0.9170616113744076,2.624332869937,2.148340493445326,3.395601800333814,1.0,1.5841693103127406,-0.42576578375950563,1.5267867702096183
ossl_lucas_campaign,campaign2009,2009_b29,GPR,0.2,3,25,0.00032711029052734375,389,0.9151670951156813,2.3981562855895153,1.8688644971940964,2.914217285570802,1.0,1.2776546784031484,-0.5832299191623092,1.138233220954896
ossl_lucas_campaign,campaign2009,2009_b3,GPR,0.2,3,25,0.00032711029052734375,913,0.8762322015334063,2.1461901100622662,1.804623405645625,3.126327194484832,1.0,1.445999943967283,-0.6609283900105896,1.2868190221860798
ossl_lucas_campaign,campaign2009,2009_b4,GPR,0.2,3,25,0.00032711029052734375,759,0.8076416337285902,17.997494240495264,3.911081340203297,22.008587092181337,1.0,10.783224056723528,0.270392271082192,10.7869418082561
ossl_lucas_campaign,campaign2009,2009_b5,GPR,0.2,3,25,0.00032711029052734375,301,0.8903654485049833,2.066926506357807,1.8714988110056878,2.569443242746005,1.0,1.04803634673782,-0.5592111575031884,0.8878524327230239
ossl_lucas_campaign,campaign2009,2009_b6,GPR,0.2,3,25,0.00032711029052734375,886,0.7516930022573364,11.688703314180714,3.620375740942156,16.470064949650943,1.0,8.046472662736475,-2.4143108362906704,7.680064985539726
ossl_lucas_campaign,campaign2009,2009_b7,GPR,0.2,3,25,0.00032711029052734375,557,0.7971274685816876,3.0135923042634802,2.534327893525668,6.240320335617048,1.0,2.8299367831236553,-1.1180633140242056,2.6020438420216587
ossl_lucas_campaign,campaign2009,2009_b9,GPR,0.2,3,25,0.00032711029052734375,769,0.7906371911573472,2.488552907551556,1.7571310478540831,4.616705199871643,1.0,2.546368204980877,-0.03096668427742501,2.547837033220338
ossl_lucas_campaign,campaign2009,2009_b0,BAG,0.05,3,25,16.21853494644165,791,0.9696586599241467,8.173995638066607,5.0532554020900635,12.316036401564707,1.0,3.939679839727334,-0.43155211957756673,3.9184501014463855
ossl_lucas_campaign,campaign2009,2009_b1,BAG,0.05,3,25,16.21853494644165,293,0.9556313993174061,3.4346574311637186,2.9681887388379127,5.13362709951864,1.0,1.1073444230243248,-0.4445968628415389,1.0159073364082372
ossl_lucas_campaign,campaign2009,2009_b10,BAG,0.05,3,25,16.21853494644165,714,0.9719887955182073,4.009838470162004,3.6404308057584256,5.938251998214946,1.0,1.5114031267484613,-0.38611153091243294,1.4622763240950742
ossl_lucas_campaign,campaign2009,2009_b11,BAG,0.05,3,25,16.21853494644165,270,0.9,14.894672491061597,8.24225270550953,42.426673210204214,1.0,10.538385760879997,-2.292272595406485,10.305162818804318
ossl_lucas_campaign,campaign2009,2009_b12,BAG,0.05,3,25,16.21853494644165,769,0.8543563068920677,17.59970199047375,6.828116638704789,41.43667205459303,1.0,8.603084822645569,-2.2256039399630936,8.315628486457564
ossl_lucas_campaign,campaign2009,2009_b13,BAG,0.05,3,25,16.21853494644165,427,0.9461358313817331,3.48030533153481,3.1545978983554503,4.382850811615821,1.0,1.1708338022281604,-0.460525718644196,1.0777235115013315
ossl_lucas_campaign,campaign2009,2009_b14,BAG,0.05,3,25,16.21853494644165,833,0.8703481392557023,10.613145554131036,6.804779944318065,27.536000456410353,1.0,6.427824991497614,-2.1817771638780714,6.0498529708614015
ossl_lucas_campaign,campaign2009,2009_b15,BAG,0.05,3,25,16.21853494644165,740,0.9797297297297297,3.4816632431503285,3.1277075929959137,4.092061102795107,1.0,0.9971417615788459,-0.26893323302177097,0.9608403590669206
ossl_lucas_campaign,campaign2009,2009_b16,BAG,0.05,3,25,16.21853494644165,637,0.9623233908948194,4.169318189811659,3.5205689928149773,8.008044954672767,1.0,2.2115794030193436,-0.5993390159314153,2.1304933211232897
ossl_lucas_campaign,campaign2009,2009_b17,BAG,0.05,3,25,16.21853494644165,256,0.85546875,8.190842993562535,5.991867157866439,46.17738089193171,1.0,7.171568043606361,-3.0770097170024964,6.490605654032463
ossl_lucas_campaign,campaign2009,2009_b18,BAG,0.05,3,25,16.21853494644165,1107,0.94579945799458,4.126545565642888,3.137127161222497,6.489411878935751,1.0,1.6131845962609668,-0.4861284442874377,1.5388901706313756
ossl_lucas_campaign,campaign2009,2009_b19,BAG,0.05,3,25,16.21853494644165,571,0.9299474605954466,3.240558415534584,2.8769701726025625,5.180351628664681,1.0,1.2330913483251402,-0.34621398512373697,1.1845283579482797
ossl_lucas_campaign,campaign2009,2009_b2,BAG,0.05,3,25,16.21853494644165,714,0.9551820728291317,2.794338898560124,2.6519159276751454,3.3955540735813163,1.0,0.7030069708877168,-0.10847469168312153,0.6950745954297306
ossl_lucas_campaign,campaign2009,2009_b20,BAG,0.05,3,25,16.21853494644165,519,0.9710982658959537,5.420642090717611,4.194993170233823,8.195369480038435,1.0,2.496362880021428,-1.086415297074645,2.249729187780095
ossl_lucas_campaign,campaign2009,2009_b21,BAG,0.05,3,25,16.21853494644165,60,0.95,2.7793522252032474,2.536267164307614,4.408261711432748,1.0,0.7707498220847238,-0.3140511492865763,0.7098057723416833
ossl_lucas_campaign,campaign2009,2009_b22,BAG,0.05,3,25,16.21853494644165,832,0.8545673076923077,12.443360091961543,6.489308538991379,32.42252781509108,1.0,7.714482043309147,-2.5561167927243598,7.283079983743768
ossl_lucas_campaign,campaign2009,2009_b23,BAG,0.05,3,25,16.21853494644165,876,0.8801369863013698,5.583912672311144,4.576065198024072,16.335092345451784,1.0,3.606537106209927,-0.8094087211471751,3.5165443200384865
ossl_lucas_campaign,campaign2009,2009_b24,BAG,0.05,3,25,16.21853494644165,935,0.9818181818181818,4.625622649368358,4.050459620800518,5.675456352616523,1.0,1.4061737672607926,-0.6300867585459448,1.2577787273138858
ossl_lucas_campaign,campaign2009,2009_b26,BAG,0.05,3,25,16.21853494644165,982,0.9765784114052953,4.5791875363081,3.647116075228312,8.221980634343888,1.0,2.5524251023577182,0.16694200932592088,2.5482576230009544
ossl_lucas_campaign,campaign2009,2009_b27,BAG,0.05,3,25,16.21853494644165,649,0.9799691833590138,4.419440855035216,3.823989464077998,5.47352559837208,1.0,1.5591423334979355,-0.6659418503653804,1.410855525823695
ossl_lucas_campaign,campaign2009,2009_b28,BAG,0.05,3,25,16.21853494644165,844,0.9786729857819905,4.34538533960688,3.6907959138674347,5.814021768094606,1.0,1.5841693103127406,-0.42576578375950563,1.5267867702096183
ossl_lucas_campaign,campaign2009,2009_b29,BAG,0.05,3,25,16.21853494644165,389,0.9845758354755784,3.954236278819009,3.3178900685268062,5.293853455384145,1.0,1.2776546784031484,-0.5832299191623092,1.138233220954896
ossl_lucas_campaign,campaign2009,2009_b3,BAG,0.05,3,25,16.21853494644165,913,0.9737130339539978,3.7254344612312735,3.2844607432712283,5.689652605168384,1.0,1.445999943967283,-0.6609283900105896,1.2868190221860798
ossl_lucas_campaign,campaign2009,2009_b4,BAG,0.05,3,25,16.21853494644165,759,0.9209486166007905,21.7755740607003,6.037143776513508,34.21755215797934,1.0,10.783224056723528,0.270392271082192,10.7869418082561
ossl_lucas_campaign,campaign2009,2009_b5,BAG,0.05,3,25,16.21853494644165,301,0.9435215946843853,3.1353108305606066,2.8409304688080783,4.1201898617124435,1.0,1.04803634673782,-0.5592111575031884,0.8878524327230239
ossl_lucas_campaign,campaign2009,2009_b6,BAG,0.05,3,25,16.21853494644165,886,0.8905191873589164,14.521427168847042,6.151312295453239,33.1811046585469,1.0,8.046472662736475,-2.4143108362906704,7.680064985539726
ossl_lucas_campaign,campaign2009,2009_b7,BAG,0.05,3,25,16.21853494644165,557,0.9425493716337523,5.243699012548892,4.7177288469236744,13.456543728289358,1.0,2.8299367831236553,-1.1180633140242056,2.6020438420216587
ossl_lucas_campaign,campaign2009,2009_b9,BAG,0.05,3,25,16.21853494644165,769,0.9544863459037711,4.793867256974509,3.9297096529031843,9.858353908304982,1.0,2.546368204980877,-0.03096668427742501,2.547837033220338
ossl_lucas_campaign,campaign2009,2009_b0,BAG,0.1,3,25,0.00030493736267089844,791,0.9494310998735778,6.720392943744998,4.155875791898078,10.255662734295374,1.0,3.939679839727334,-0.43155211957756673,3.9184501014463855
ossl_lucas_campaign,campaign2009,2009_b1,BAG,0.1,3,25,0.00030493736267089844,293,0.9215017064846417,2.8245768258401056,2.4409727844898783,4.108435875619724,1.0,1.1073444230243248,-0.4445968628415389,1.0159073364082372
ossl_lucas_campaign,campaign2009,2009_b10,BAG,0.1,3,25,0.00030493736267089844,714,0.9313725490196079,3.2975294461805045,2.993054321937389,4.799879096464285,1.0,1.5114031267484613,-0.38611153091243294,1.4622763240950742
ossl_lucas_campaign,campaign2009,2009_b11,BAG,0.1,3,25,0.00030493736267089844,270,0.8555555555555555,12.240415165822792,6.778263496422235,31.298333054508895,1.0,10.538385760879997,-2.292272595406485,10.305162818804318
ossl_lucas_campaign,campaign2009,2009_b12,BAG,0.1,3,25,0.00030493736267089844,769,0.7828348504551366,14.469716968360194,5.6159854260801705,32.4486677488528,1.0,8.603084822645569,-2.2256039399630936,8.315628486457564
ossl_lucas_campaign,campaign2009,2009_b13,BAG,0.1,3,25,0.00030493736267089844,427,0.8969555035128806,2.8616337305247703,2.594604310609432,3.850053127132638,1.0,1.1708338022281604,-0.460525718644196,1.0777235115013315
ossl_lucas_campaign,campaign2009,2009_b14,BAG,0.1,3,25,0.00030493736267089844,833,0.7923169267707083,8.725731026553817,5.597037325272176,22.723591330570116,1.0,6.427824991497614,-2.1817771638780714,6.0498529708614015
ossl_lucas_campaign,campaign2009,2009_b15,BAG,0.1,3,25,0.00030493736267089844,740,0.9540540540540541,2.8633054011021253,2.5720606367086774,3.457551901605587,1.0,0.9971417615788459,-0.26893323302177097,0.9608403590669206
ossl_lucas_campaign,campaign2009,2009_b16,BAG,0.1,3,25,0.00030493736267089844,637,0.9372056514913658,3.4287988797586806,2.8957061197435907,6.49158633176588,1.0,2.2115794030193436,-0.5993390159314153,2.1304933211232897
ossl_lucas_campaign,campaign2009,2009_b17,BAG,0.1,3,25,0.00030493736267089844,256,0.8046875,6.734892767089038,4.925168155697615,30.805777998551683,1.0,7.171568043606361,-3.0770097170024964,6.490605654032463
ossl_lucas_campaign,campaign2009,2009_b18,BAG,0.1,3,25,0.00030493736267089844,1107,0.8979223125564589,3.3929848830617138,2.580868453588839,5.385601452687901,1.0,1.6131845962609668,-0.4861284442874377,1.5388901706313756
ossl_lucas_campaign,campaign2009,2009_b19,BAG,0.1,3,25,0.00030493736267089844,571,0.8774080560420315,2.664688459291947,2.36577131987945,4.371544943228692,1.0,1.2330913483251402,-0.34621398512373697,1.1845283579482797
ossl_lucas_campaign,campaign2009,2009_b2,BAG,0.1,3,25,0.00030493736267089844,714,0.9187675070028011,2.2977093968674795,2.1807797342335533,2.8993860362979347,1.0,0.7030069708877168,-0.10847469168312153,0.6950745954297306
ossl_lucas_campaign,campaign2009,2009_b20,BAG,0.1,3,25,0.00030493736267089844,519,0.9267822736030829,4.45771218883364,3.4500268676312142,6.914425596522055,1.0,2.496362880021428,-1.086415297074645,2.249729187780095
ossl_lucas_campaign,campaign2009,2009_b21,BAG,0.1,3,25,0.00030493736267089844,60,0.9166666666666666,2.285176510092627,2.0857372282453044,3.5531676829162593,1.0,0.7707498220847238,-0.3140511492865763,0.7098057723416833
ossl_lucas_campaign,campaign2009,2009_b22,BAG,0.1,3,25,0.00030493736267089844,832,0.7704326923076923,10.229788770682529,5.336191251698165,26.16311594566483,1.0,7.714482043309147,-2.5561167927243598,7.283079983743768
ossl_lucas_campaign,campaign2009,2009_b23,BAG,0.1,3,25,0.00030493736267089844,876,0.8310502283105022,4.5914403123653535,3.7635442207489995,12.627207605389279,1.0,3.606537106209927,-0.8094087211471751,3.5165443200384865
ossl_lucas_campaign,campaign2009,2009_b24,BAG,0.1,3,25,0.00030493736267089844,935,0.9422459893048128,3.8041786020340105,3.3315332338314243,4.767621972789854,1.0,1.4061737672607926,-0.6300867585459448,1.2577787273138858
ossl_lucas_campaign,campaign2009,2009_b26,BAG,0.1,3,25,0.00030493736267089844,982,0.9470468431771895,3.7655687190295475,2.9999210048038822,6.3448495968924075,1.0,2.5524251023577182,0.16694200932592088,2.5482576230009544
ossl_lucas_campaign,campaign2009,2009_b27,BAG,0.1,3,25,0.00030493736267089844,649,0.9568567026194145,3.6345860792068097,3.1448332584260736,4.641574382589934,1.0,1.5591423334979355,-0.6659418503653804,1.410855525823695
ossl_lucas_campaign,campaign2009,2009_b28,BAG,0.1,3,25,0.00030493736267089844,844,0.9514218009478673,3.573691849732761,3.035690501445127,4.827539835965096,1.0,1.5841693103127406,-0.42576578375950563,1.5267867702096183
ossl_lucas_campaign,campaign2009,2009_b29,BAG,0.1,3,25,0.00030493736267089844,389,0.9588688946015425,3.252019977313614,2.7289551874993285,4.331619356003407,1.0,1.2776546784031484,-0.5832299191623092,1.138233220954896
ossl_lucas_campaign,campaign2009,2009_b3,BAG,0.1,3,25,0.00030493736267089844,913,0.9561883899233297,3.063988963994515,2.7004487759348437,4.503087243102331,1.0,1.445999943967283,-0.6609283900105896,1.2868190221860798
ossl_lucas_campaign,campaign2009,2009_b4,BAG,0.1,3,25,0.00030493736267089844,759,0.8682476943346509,17.897738118779493,4.964926106071427,28.027750609341822,1.0,10.783224056723528,0.270392271082192,10.7869418082561
ossl_lucas_campaign,campaign2009,2009_b5,BAG,0.1,3,25,0.00030493736267089844,301,0.9003322259136213,2.5781699313034836,2.3362738863639754,3.7152984663088766,1.0,1.04803634673782,-0.5592111575031884,0.8878524327230239
ossl_lucas_campaign,campaign2009,2009_b6,BAG,0.1,3,25,0.00030493736267089844,886,0.8306997742663657,11.93727654182964,5.059013171278539,26.191075513298703,1.0,8.046472662736475,-2.4143108362906704,7.680064985539726
ossl_lucas_campaign,campaign2009,2009_b7,BAG,0.1,3,25,0.00030493736267089844,557,0.881508078994614,4.311699065712985,3.8804362239618024,9.893234719318427,1.0,2.8299367831236553,-1.1180633140242056,2.6020438420216587
ossl_lucas_campaign,campaign2009,2009_b9,BAG,0.1,3,25,0.00030493736267089844,769,0.9349804941482445,3.9421280181856573,3.2321101249904096,7.374549244805422,1.0,2.546368204980877,-0.03096668427742501,2.547837033220338
ossl_lucas_campaign,campaign2009,2009_b0,BAG,0.2,3,25,0.00029921531677246094,791,0.877370417193426,5.135586808940482,3.1767458674529276,8.383332249802407,1.0,3.939679839727334,-0.43155211957756673,3.9184501014463855
ossl_lucas_campaign,campaign2009,2009_b1,BAG,0.2,3,25,0.00029921531677246094,293,0.8498293515358362,2.1590019077484297,1.865795113759775,3.2141512458034263,1.0,1.1073444230243248,-0.4445968628415389,1.0159073364082372
ossl_lucas_campaign,campaign2009,2009_b10,BAG,0.2,3,25,0.00029921531677246094,714,0.8571428571428571,2.520464405375626,2.28723839998873,3.8446951525616138,1.0,1.5114031267484613,-0.38611153091243294,1.4622763240950742
ossl_lucas_campaign,campaign2009,2009_b11,BAG,0.2,3,25,0.00029921531677246094,270,0.7666666666666667,9.349886954280892,5.1810824693583335,23.297601640167684,1.0,10.538385760879997,-2.292272595406485,10.305162818804318
ossl_lucas_campaign,campaign2009,2009_b12,BAG,0.2,3,25,0.00029921531677246094,769,0.6631989596879063,11.057328078961467,4.293168596927219,24.874381382889236,1.0,8.603084822645569,-2.2256039399630936,8.315628486457564
ossl_lucas_campaign,campaign2009,2009_b13,BAG,0.2,3,25,0.00029921531677246094,427,0.8009367681498829,2.186976231958371,1.983467498361562,3.3106348139640835,1.0,1.1708338022281604,-0.460525718644196,1.0777235115013315
ossl_lucas_campaign,campaign2009,2009_b14,BAG,0.2,3,25,0.00029921531677246094,833,0.6446578631452581,6.667987429791745,4.278862242790897,17.886867436892363,1.0,6.427824991497614,-2.1817771638780714,6.0498529708614015
ossl_lucas_campaign,campaign2009,2009_b15,BAG,0.2,3,25,0.00029921531677246094,740,0.9013513513513514,2.1886570822046134,1.965923783980973,2.842678159349105,1.0,0.9971417615788459,-0.26893323302177097,0.9608403590669206
ossl_lucas_campaign,campaign2009,2009_b16,BAG,0.2,3,25,0.00029921531677246094,637,0.8979591836734694,2.6208871300472785,2.2137175899155155,4.932452855118996,1.0,2.2115794030193436,-0.5993390159314153,2.1304933211232897
ossl_lucas_campaign,campaign2009,2009_b17,BAG,0.2,3,25,0.00029921531677246094,256,0.69921875,5.147137974787772,3.7628771223394573,20.602930517860226,1.0,7.171568043606361,-3.0770097170024964,6.490605654032463
ossl_lucas_campaign,campaign2009,2009_b18,BAG,0.2,3,25,0.00029921531677246094,1107,0.8112014453477868,2.5930483027486853,1.9729480940794704,4.382149767398987,1.0,1.6131845962609668,-0.4861284442874377,1.5388901706313756
ossl_lucas_campaign,campaign2009,2009_b19,BAG,0.2,3,25,0.00029921531677246094,571,0.7898423817863398,2.0365959739875077,1.80817908028053,3.5733359983787523,1.0,1.2330913483251402,-0.34621398512373697,1.1845283579482797
ossl_lucas_campaign,campaign2009,2009_b2,BAG,0.2,3,25,0.00029921531677246094,714,0.8235294117647058,1.7560768952208625,1.6668418772512708,2.399477600463471,1.0,0.7030069708877168,-0.10847469168312153,0.6950745954297306
ossl_lucas_campaign,campaign2009,2009_b20,BAG,0.2,3,25,0.00029921531677246094,519,0.8477842003853564,3.407245473524599,2.63719537302568,5.909387419661598,1.0,2.496362880021428,-1.086415297074645,2.249729187780095
ossl_lucas_campaign,campaign2009,2009_b21,BAG,0.2,3,25,0.00029921531677246094,60,0.8833333333333333,1.746345984198726,1.5942415316059022,2.717848244932323,1.0,0.7707498220847238,-0.3140511492865763,0.7098057723416833
ossl_lucas_campaign,campaign2009,2009_b22,BAG,0.2,3,25,0.00029921531677246094,832,0.6634615384615384,7.816860040008134,4.078412340408292,20.46765174687715,1.0,7.714482043309147,-2.5561167927243598,7.283079983743768
ossl_lucas_campaign,campaign2009,2009_b23,BAG,0.2,3,25,0.00029921531677246094,876,0.702054794520548,3.509069741367208,2.876933195820715,9.57825850766578,1.0,3.606537106209927,-0.8094087211471751,3.5165443200384865
ossl_lucas_campaign,campaign2009,2009_b24,BAG,0.2,3,25,0.00029921531677246094,935,0.8545454545454545,2.9079051810433856,2.5468900044004505,4.000988160907188,1.0,1.4061737672607926,-0.6300867585459448,1.2577787273138858
ossl_lucas_campaign,campaign2009,2009_b26,BAG,0.2,3,25,0.00029921531677246094,982,0.8727087576374746,2.8780861634617967,2.293481468206549,4.845079444943274,1.0,2.5524251023577182,0.16694200932592088,2.5482576230009544
ossl_lucas_campaign,campaign2009,2009_b27,BAG,0.2,3,25,0.00029921531677246094,649,0.8859784283513097,2.7782504327274276,2.4042129503392533,3.8553287816033883,1.0,1.5591423334979355,-0.6659418503653804,1.410855525823695
ossl_lucas_campaign,campaign2009,2009_b28,BAG,0.2,3,25,0.00029921531677246094,844,0.8992890995260664,2.731710460161109,2.320466843232098,3.8572186570190756,1.0,1.5841693103127406,-0.42576578375950563,1.5267867702096183
ossl_lucas_campaign,campaign2009,2009_b29,BAG,0.2,3,25,0.00029921531677246094,389,0.8997429305912596,2.48583582072901,2.0862064393339317,3.4716399284779857,1.0,1.2776546784031484,-0.5832299191623092,1.138233220954896
ossl_lucas_campaign,campaign2009,2009_b3,BAG,0.2,3,25,0.00029921531677246094,913,0.8893756845564075,2.342206277005778,2.0645929789387782,3.5545625656801354,1.0,1.445999943967283,-0.6609283900105896,1.2868190221860798
ossl_lucas_campaign,campaign2009,2009_b4,BAG,0.2,3,25,0.00029921531677246094,759,0.7602108036890646,13.673146195655542,3.7950994541242506,22.670394887046534,1.0,10.783224056723528,0.270392271082192,10.7869418082561
ossl_lucas_campaign,campaign2009,2009_b5,BAG,0.2,3,25,0.00029921531677246094,301,0.7840531561461794,1.9704893268238755,1.7857345632169164,3.2487095411309075,1.0,1.04803634673782,-0.5592111575031884,0.8878524327230239
ossl_lucas_campaign,campaign2009,2009_b6,BAG,0.2,3,25,0.00029921531677246094,886,0.7155756207674944,9.12093863062623,3.867159796039383,20.3897568611653,1.0,8.046472662736475,-2.4143108362906704,7.680064985539726
ossl_lucas_campaign,campaign2009,2009_b7,BAG,0.2,3,25,0.00029921531677246094,557,0.77737881508079,3.295275702491074,2.96656546259534,7.379384014214225,1.0,2.8299367831236553,-1.1180633140242056,2.6020438420216587
ossl_lucas_campaign,campaign2009,2009_b9,BAG,0.2,3,25,0.00029921531677246094,769,0.8517555266579974,3.0130502601971463,2.470806497338353,5.472175405874508,1.0,2.546368204980877,-0.03096668427742501,2.547837033220338
ossl_lucas_campaign,campaign2009,2009_b0,QGB,0.05,3,25,3.900153398513794,791,0.93173198482933,7.692376651696679,3.8524119339787593,16.82532914204206,1.0,3.939679839727334,-0.43155211957756673,3.9184501014463855
ossl_lucas_campaign,campaign2009,2009_b1,QGB,0.05,3,25,3.900153398513794,293,0.931740614334471,3.097882604645051,2.579001533467552,4.528876245367517,1.0,1.1073444230243248,-0.4445968628415389,1.0159073364082372
ossl_lucas_campaign,campaign2009,2009_b10,QGB,0.05,3,25,3.900153398513794,714,0.8753501400560224,3.7114393008961044,2.7894204105748166,6.5307731220202045,1.0,1.5114031267484613,-0.38611153091243294,1.4622763240950742
ossl_lucas_campaign,campaign2009,2009_b11,QGB,0.05,3,25,3.900153398513794,270,0.8037037037037037,12.17552150159657,6.419982119518387,47.4798241413165,1.0,10.538385760879997,-2.292272595406485,10.305162818804318
ossl_lucas_campaign,campaign2009,2009_b12,QGB,0.05,3,25,3.900153398513794,769,0.8166449934980494,16.268085633473568,8.622511625458747,47.88528504522527,1.0,8.603084822645569,-2.2256039399630936,8.315628486457564
ossl_lucas_campaign,campaign2009,2009_b13,QGB,0.05,3,25,3.900153398513794,427,0.9133489461358314,3.4431613875268283,2.7855191860578072,4.88758465737838,1.0,1.1708338022281604,-0.460525718644196,1.0777235115013315
ossl_lucas_campaign,campaign2009,2009_b14,QGB,0.05,3,25,3.900153398513794,833,0.8619447779111644,11.682930685013098,7.515223677937051,31.038326902198605,1.0,6.427824991497614,-2.1817771638780714,6.0498529708614015
ossl_lucas_campaign,campaign2009,2009_b15,QGB,0.05,3,25,3.900153398513794,740,0.9135135135135135,3.2488206555137746,2.7768038660885397,4.994437610668898,1.0,0.9971417615788459,-0.26893323302177097,0.9608403590669206
ossl_lucas_campaign,campaign2009,2009_b16,QGB,0.05,3,25,3.900153398513794,637,0.9215070643642073,3.707235938328774,2.7267837477791295,7.080490373420074,1.0,2.2115794030193436,-0.5993390159314153,2.1304933211232897
ossl_lucas_campaign,campaign2009,2009_b17,QGB,0.05,3,25,3.900153398513794,256,0.765625,7.967720730186677,4.648623390394464,46.025826428269255,1.0,7.171568043606361,-3.0770097170024964,6.490605654032463
ossl_lucas_campaign,campaign2009,2009_b18,QGB,0.05,3,25,3.900153398513794,1107,0.8229448961156278,4.4403681440231395,2.922469635977543,7.549781210894449,1.0,1.6131845962609668,-0.4861284442874377,1.5388901706313756
ossl_lucas_campaign,campaign2009,2009_b19,QGB,0.05,3,25,3.900153398513794,571,0.8633975481611208,3.367443156638931,2.8932938641605683,5.752854857954524,1.0,1.2330913483251402,-0.34621398512373697,1.1845283579482797
ossl_lucas_campaign,campaign2009,2009_b2,QGB,0.05,3,25,3.900153398513794,714,0.8879551820728291,3.155478488735468,2.983520525687651,4.2830759040108815,1.0,0.7030069708877168,-0.10847469168312153,0.6950745954297306
ossl_lucas_campaign,campaign2009,2009_b20,QGB,0.05,3,25,3.900153398513794,519,0.8689788053949904,4.488315946664189,3.0990178568088855,12.033604478627057,1.0,2.496362880021428,-1.086415297074645,2.249729187780095
ossl_lucas_campaign,campaign2009,2009_b21,QGB,0.05,3,25,3.900153398513794,60,0.8833333333333333,2.889308711698644,2.3631219043669236,3.6329108643431884,1.0,0.7707498220847238,-0.3140511492865763,0.7098057723416833
ossl_lucas_campaign,campaign2009,2009_b22,QGB,0.05,3,25,3.900153398513794,832,0.8377403846153846,12.0995520037817,6.697138729776518,33.63569316281265,1.0,7.714482043309147,-2.5561167927243598,7.283079983743768
ossl_lucas_campaign,campaign2009,2009_b23,QGB,0.05,3,25,3.900153398513794,876,0.865296803652968,6.444963215857311,3.886433002328717,18.839359359669544,1.0,3.606537106209927,-0.8094087211471751,3.5165443200384865
ossl_lucas_campaign,campaign2009,2009_b24,QGB,0.05,3,25,3.900153398513794,935,0.8983957219251337,3.882580815761082,3.210661866442373,6.8277869868065295,1.0,1.4061737672607926,-0.6300867585459448,1.2577787273138858
ossl_lucas_campaign,campaign2009,2009_b26,QGB,0.05,3,25,3.900153398513794,982,0.9022403258655805,4.732748869381625,3.1705020548336194,8.928689250370889,1.0,2.5524251023577182,0.16694200932592088,2.5482576230009544
ossl_lucas_campaign,campaign2009,2009_b27,QGB,0.05,3,25,3.900153398513794,649,0.9121725731895224,3.4251581749188493,2.762833369257065,6.748454655664236,1.0,1.5591423334979355,-0.6659418503653804,1.410855525823695
ossl_lucas_campaign,campaign2009,2009_b28,QGB,0.05,3,25,3.900153398513794,844,0.95260663507109,3.704804816311025,2.8736253744215423,5.344992184439468,1.0,1.5841693103127406,-0.42576578375950563,1.5267867702096183
ossl_lucas_campaign,campaign2009,2009_b29,QGB,0.05,3,25,3.900153398513794,389,0.9305912596401028,3.3855492235108238,2.7715077624047852,6.4384562673577355,1.0,1.2776546784031484,-0.5832299191623092,1.138233220954896
ossl_lucas_campaign,campaign2009,2009_b3,QGB,0.05,3,25,3.900153398513794,913,0.9123767798466593,3.066724266549651,2.5932077567388303,6.0489638305157865,1.0,1.445999943967283,-0.6609283900105896,1.2868190221860798
ossl_lucas_campaign,campaign2009,2009_b4,QGB,0.05,3,25,3.900153398513794,759,0.852437417654809,16.7239651440371,6.7862199562555094,33.50069228657353,1.0,10.783224056723528,0.270392271082192,10.7869418082561
ossl_lucas_campaign,campaign2009,2009_b5,QGB,0.05,3,25,3.900153398513794,301,0.9302325581395349,3.1275180697893585,2.7549894083597053,4.082364413900741,1.0,1.04803634673782,-0.5592111575031884,0.8878524327230239
ossl_lucas_campaign,campaign2009,2009_b6,QGB,0.05,3,25,3.900153398513794,886,0.8216704288939052,13.908524223392138,7.310049132845964,38.165775093146635,1.0,8.046472662736475,-2.4143108362906704,7.680064985539726
ossl_lucas_campaign,campaign2009,2009_b7,QGB,0.05,3,25,3.900153398513794,557,0.8312387791741472,4.235021994966644,3.3517838408952207,15.501208922848418,1.0,2.8299367831236553,-1.1180633140242056,2.6020438420216587
ossl_lucas_campaign,campaign2009,2009_b9,QGB,0.05,3,25,3.900153398513794,769,0.9089726918075423,5.071502762763092,3.3050353500614036,9.809116919654686,1.0,2.546368204980877,-0.03096668427742501,2.547837033220338
ossl_lucas_campaign,campaign2009,2009_b0,QGB,0.1,3,25,3.404785394668579,791,0.8849557522123894,6.029876318970069,2.8634207493802095,10.960925624114608,1.0,3.939679839727334,-0.43155211957756673,3.9184501014463855
ossl_lucas_campaign,campaign2009,2009_b1,QGB,0.1,3,25,3.404785394668579,293,0.8839590443686007,1.9833625256456024,1.6507489767809265,3.473753955133678,1.0,1.1073444230243248,-0.4445968628415389,1.0159073364082372
ossl_lucas_campaign,campaign2009,2009_b10,QGB,0.1,3,25,3.404785394668579,714,0.7619047619047619,2.2828007747411974,1.724904495678135,5.1033848873035135,1.0,1.5114031267484613,-0.38611153091243294,1.4622763240950742
ossl_lucas_campaign,campaign2009,2009_b11,QGB,0.1,3,25,3.404785394668579,270,0.7481481481481481,10.23125679385168,5.20342678287532,31.078106194008157,1.0,10.538385760879997,-2.292272595406485,10.305162818804318
ossl_lucas_campaign,campaign2009,2009_b12,QGB,0.1,3,25,3.404785394668579,769,0.7490247074122237,13.747056793105825,6.3957915014404145,34.509696779877075,1.0,8.603084822645569,-2.2256039399630936,8.315628486457564
ossl_lucas_campaign,campaign2009,2009_b13,QGB,0.1,3,25,3.404785394668579,427,0.8688524590163934,2.3450873531995544,1.8661831338561754,3.5234645533617135,1.0,1.1708338022281604,-0.460525718644196,1.0777235115013315
ossl_lucas_campaign,campaign2009,2009_b14,QGB,0.1,3,25,3.404785394668579,833,0.7827130852340937,9.093378043629446,5.434122500764002,22.934327834010322,1.0,6.427824991497614,-2.1817771638780714,6.0498529708614015
ossl_lucas_campaign,campaign2009,2009_b15,QGB,0.1,3,25,3.404785394668579,740,0.8486486486486486,2.342878870334182,2.0489575240983413,3.9948356477071387,1.0,0.9971417615788459,-0.26893323302177097,0.9608403590669206
ossl_lucas_campaign,campaign2009,2009_b16,QGB,0.1,3,25,3.404785394668579,637,0.8602825745682888,2.5453675553179704,1.8537518650016211,5.75998498862623,1.0,2.2115794030193436,-0.5993390159314153,2.1304933211232897
ossl_lucas_campaign,campaign2009,2009_b17,QGB,0.1,3,25,3.404785394668579,256,0.6484375,6.278371465687956,3.5254045983521847,29.800566741668277,1.0,7.171568043606361,-3.0770097170024964,6.490605654032463
ossl_lucas_campaign,campaign2009,2009_b18,QGB,0.1,3,25,3.404785394668579,1107,0.6910569105691057,2.907362267755658,1.9816007495483905,6.120317494053908,1.0,1.6131845962609668,-0.4861284442874377,1.5388901706313756
ossl_lucas_campaign,campaign2009,2009_b19,QGB,0.1,3,25,3.404785394668579,571,0.7740805604203153,2.2541912204393646,1.9555997092641402,4.732209565361671,1.0,1.2330913483251402,-0.34621398512373697,1.1845283579482797
ossl_lucas_campaign,campaign2009,2009_b2,QGB,0.1,3,25,3.404785394668579,714,0.7913165266106442,2.2287592771006395,2.12378505887329,3.325335253707536,1.0,0.7030069708877168,-0.10847469168312153,0.6950745954297306
ossl_lucas_campaign,campaign2009,2009_b20,QGB,0.1,3,25,3.404785394668579,519,0.7649325626204239,3.3281728782486497,2.1627399807039467,8.311648499390593,1.0,2.496362880021428,-1.086415297074645,2.249729187780095
ossl_lucas_campaign,campaign2009,2009_b21,QGB,0.1,3,25,3.404785394668579,60,0.7833333333333333,1.8497301370534338,1.512477916062227,2.658936714715163,1.0,0.7707498220847238,-0.3140511492865763,0.7098057723416833
ossl_lucas_campaign,campaign2009,2009_b22,QGB,0.1,3,25,3.404785394668579,832,0.7548076923076923,10.084015369102811,5.241070218376759,24.943000541311036,1.0,7.714482043309147,-2.5561167927243598,7.283079983743768
ossl_lucas_campaign,campaign2009,2009_b23,QGB,0.1,3,25,3.404785394668579,876,0.7819634703196348,4.403381085541798,2.7711755114135554,12.566666861372441,1.0,3.606537106209927,-0.8094087211471751,3.5165443200384865
ossl_lucas_campaign,campaign2009,2009_b24,QGB,0.1,3,25,3.404785394668579,935,0.8,2.789044474102489,2.3009572569144634,5.499811878374782,1.0,1.4061737672607926,-0.6300867585459448,1.2577787273138858
ossl_lucas_campaign,campaign2009,2009_b26,QGB,0.1,3,25,3.404785394668579,982,0.8065173116089613,3.272822639099371,2.103715493617826,6.227289774767479,1.0,2.5524251023577182,0.16694200932592088,2.5482576230009544
ossl_lucas_campaign,campaign2009,2009_b27,QGB,0.1,3,25,3.404785394668579,649,0.8120184899845917,2.4165372998761017,1.8748540658998112,5.132180666546554,1.0,1.5591423334979355,-0.6659418503653804,1.410855525823695
ossl_lucas_campaign,campaign2009,2009_b28,QGB,0.1,3,25,3.404785394668579,844,0.8874407582938388,2.5883243664667877,1.96247154182555,4.188952681559047,1.0,1.5841693103127406,-0.42576578375950563,1.5267867702096183
ossl_lucas_campaign,campaign2009,2009_b29,QGB,0.1,3,25,3.404785394668579,389,0.8329048843187661,2.348352766298886,1.877276350633576,5.045033365367567,1.0,1.2776546784031484,-0.5832299191623092,1.138233220954896
ossl_lucas_campaign,campaign2009,2009_b3,QGB,0.1,3,25,3.404785394668579,913,0.8138006571741512,2.0840913792709506,1.7108147475291844,4.8288903837488535,1.0,1.445999943967283,-0.6609283900105896,1.2868190221860798
ossl_lucas_campaign,campaign2009,2009_b4,QGB,0.1,3,25,3.404785394668579,759,0.7865612648221344,14.220038009894505,4.937370719608197,26.429498820953015,1.0,10.783224056723528,0.270392271082192,10.7869418082561
ossl_lucas_campaign,campaign2009,2009_b5,QGB,0.1,3,25,3.404785394668579,301,0.8770764119601329,1.9915997734455084,1.79399525067125,3.4995316772427145,1.0,1.04803634673782,-0.5592111575031884,0.8878524327230239
ossl_lucas_campaign,campaign2009,2009_b6,QGB,0.1,3,25,3.404785394668579,886,0.7765237020316027,11.705610141803962,5.30069076725981,27.62887323634799,1.0,8.046472662736475,-2.4143108362906704,7.680064985539726
ossl_lucas_campaign,campaign2009,2009_b7,QGB,0.1,3,25,3.404785394668579,557,0.7217235188509874,3.221826264958795,2.500049773366599,10.683459302841248,1.0,2.8299367831236553,-1.1180633140242056,2.6020438420216587
ossl_lucas_campaign,campaign2009,2009_b9,QGB,0.1,3,25,3.404785394668579,769,0.8413524057217165,3.5500042421027147,2.262098086229396,7.299848153045547,1.0,2.546368204980877,-0.03096668427742501,2.547837033220338
ossl_lucas_campaign,campaign2009,2009_b0,QGB,0.2,3,25,3.4177632331848145,791,0.7737041719342604,3.9213478335347283,2.0022962493854317,7.271267702938951,1.0,3.939679839727334,-0.43155211957756673,3.9184501014463855
ossl_lucas_campaign,campaign2009,2009_b1,QGB,0.2,3,25,3.4177632331848145,293,0.757679180887372,1.3217929777458919,1.0840693424130574,2.638662745294023,1.0,1.1073444230243248,-0.4445968628415389,1.0159073364082372
ossl_lucas_campaign,campaign2009,2009_b10,QGB,0.2,3,25,3.4177632331848145,714,0.6372549019607843,1.5225114641272923,1.1554006466624531,3.7026089493413052,1.0,1.5114031267484613,-0.38611153091243294,1.4622763240950742
ossl_lucas_campaign,campaign2009,2009_b11,QGB,0.2,3,25,3.4177632331848145,270,0.6666666666666666,6.687572183140366,3.935493297672783,19.975479787050393,1.0,10.538385760879997,-2.292272595406485,10.305162818804318
ossl_lucas_campaign,campaign2009,2009_b12,QGB,0.2,3,25,3.4177632331848145,769,0.6540962288686606,9.180534879311121,4.531556651951614,21.649549497786484,1.0,8.603084822645569,-2.2256039399630936,8.315628486457564
ossl_lucas_campaign,campaign2009,2009_b13,QGB,0.2,3,25,3.4177632331848145,427,0.7447306791569087,1.587605149101091,1.267682275480311,2.5561406273916507,1.0,1.1708338022281604,-0.460525718644196,1.0777235115013315
ossl_lucas_campaign,campaign2009,2009_b14,QGB,0.2,3,25,3.4177632331848145,833,0.6746698679471789,6.350044986962422,3.6717369408177634,14.942099191351062,1.0,6.427824991497614,-2.1817771638780714,6.0498529708614015
ossl_lucas_campaign,campaign2009,2009_b15,QGB,0.2,3,25,3.4177632331848145,740,0.7418918918918919,1.6156526979216412,1.3740479099023069,2.842243440528194,1.0,0.9971417615788459,-0.26893323302177097,0.9608403590669206
ossl_lucas_campaign,campaign2009,2009_b16,QGB,0.2,3,25,3.4177632331848145,637,0.750392464678179,1.7851312596174072,1.2812914742000996,4.095777919478931,1.0,2.2115794030193436,-0.5993390159314153,2.1304933211232897
ossl_lucas_campaign,campaign2009,2009_b17,QGB,0.2,3,25,3.4177632331848145,256,0.5390625,4.584363495266329,2.5498163168582764,19.283175699303822,1.0,7.171568043606361,-3.0770097170024964,6.490605654032463
ossl_lucas_campaign,campaign2009,2009_b18,QGB,0.2,3,25,3.4177632331848145,1107,0.5609756097560976,1.9515696015754378,1.3759655838261429,4.70079537877813,1.0,1.6131845962609668,-0.4861284442874377,1.5388901706313756
ossl_lucas_campaign,campaign2009,2009_b19,QGB,0.2,3,25,3.4177632331848145,571,0.6935201401050788,1.5442889681321517,1.3510540210758586,3.4292065424007325,1.0,1.2330913483251402,-0.34621398512373697,1.1845283579482797
ossl_lucas_campaign,campaign2009,2009_b2,QGB,0.2,3,25,3.4177632331848145,714,0.6792717086834734,1.5078147542268197,1.431082808534883,2.4793287437010103,1.0,0.7030069708877168,-0.10847469168312153,0.6950745954297306
ossl_lucas_campaign,campaign2009,2009_b20,QGB,0.2,3,25,3.4177632331848145,519,0.6396917148362236,2.3933986165570786,1.485650853161458,5.845057410813743,1.0,2.496362880021428,-1.086415297074645,2.249729187780095
ossl_lucas_campaign,campaign2009,2009_b21,QGB,0.2,3,25,3.4177632331848145,60,0.7166666666666667,1.2377481588791157,1.0164048818863627,2.1088399406539007,1.0,0.7707498220847238,-0.3140511492865763,0.7098057723416833
ossl_lucas_campaign,campaign2009,2009_b22,QGB,0.2,3,25,3.4177632331848145,832,0.6730769230769231,7.172672019247023,3.7980179164538668,16.177124611801354,1.0,7.714482043309147,-2.5561167927243598,7.283079983743768
ossl_lucas_campaign,campaign2009,2009_b23,QGB,0.2,3,25,3.4177632331848145,876,0.658675799086758,2.90452370990066,1.9468157648392213,8.178261458133266,1.0,3.606537106209927,-0.8094087211471751,3.5165443200384865
ossl_lucas_campaign,campaign2009,2009_b24,QGB,0.2,3,25,3.4177632331848145,935,0.6780748663101605,1.965435604440987,1.5578186491533044,4.139160487212294,1.0,1.4061737672607926,-0.6300867585459448,1.2577787273138858
ossl_lucas_campaign,campaign2009,2009_b26,QGB,0.2,3,25,3.4177632331848145,982,0.7270875763747454,2.193748949655376,1.3948190035039982,4.142136253173674,1.0,2.5524251023577182,0.16694200932592088,2.5482576230009544
ossl_lucas_campaign,campaign2009,2009_b27,QGB,0.2,3,25,3.4177632331848145,649,0.6779661016949152,1.732223105137844,1.321646764494061,3.645419284425288,1.0,1.5591423334979355,-0.6659418503653804,1.410855525823695
ossl_lucas_campaign,campaign2009,2009_b28,QGB,0.2,3,25,3.4177632331848145,844,0.7298578199052133,1.7356437763687134,1.3069977447673593,3.3255881748896927,1.0,1.5841693103127406,-0.42576578375950563,1.5267867702096183
ossl_lucas_campaign,campaign2009,2009_b29,QGB,0.2,3,25,3.4177632331848145,389,0.7172236503856041,1.7002192497815554,1.30529448682056,3.604117469404942,1.0,1.2776546784031484,-0.5832299191623092,1.138233220954896
ossl_lucas_campaign,campaign2009,2009_b3,QGB,0.2,3,25,3.4177632331848145,913,0.7064622124863089,1.415998574892837,1.14162993920853,3.4987636566975744,1.0,1.445999943967283,-0.6609283900105896,1.2868190221860798
ossl_lucas_campaign,campaign2009,2009_b4,QGB,0.2,3,25,3.4177632331848145,759,0.7101449275362319,8.631942472925061,3.482233732136187,15.514813905115854,1.0,10.783224056723528,0.270392271082192,10.7869418082561
ossl_lucas_campaign,campaign2009,2009_b5,QGB,0.2,3,25,3.4177632331848145,301,0.7674418604651163,1.358917901507549,1.2447621231145722,2.4917658513416296,1.0,1.04803634673782,-0.5592111575031884,0.8878524327230239
ossl_lucas_campaign,campaign2009,2009_b6,QGB,0.2,3,25,3.4177632331848145,886,0.6805869074492099,7.955127007508232,3.6983115556687496,16.61103897342469,1.0,8.046472662736475,-2.4143108362906704,7.680064985539726
ossl_lucas_campaign,campaign2009,2009_b7,QGB,0.2,3,25,3.4177632331848145,557,0.599640933572711,2.3204640026399788,1.7913171552130684,7.557632634040751,1.0,2.8299367831236553,-1.1180633140242056,2.6020438420216587
ossl_lucas_campaign,campaign2009,2009_b9,QGB,0.2,3,25,3.4177632331848145,769,0.7347204161248374,2.4341158697508996,1.5213927527636866,4.965719922215017,1.0,2.546368204980877,-0.03096668427742501,2.547837033220338
ossl_lucas_campaign,campaign2009,2009_b0,SCP,0.05,3,25,0.00025010108947753906,791,0.9747155499367889,7.998075235952779,4.993292743873344,13.394901596620134,1.0,3.939679839727334,-0.43155211957756673,3.9184501014463855
ossl_lucas_campaign,campaign2009,2009_b1,SCP,0.05,3,25,0.00025010108947753906,293,0.9453924914675768,3.399631426925107,2.9239264309564406,5.252753194919423,1.0,1.1073444230243248,-0.4445968628415389,1.0159073364082372
ossl_lucas_campaign,campaign2009,2009_b10,SCP,0.05,3,25,0.00025010108947753906,714,0.969187675070028,3.9573460995210636,3.5708992880218418,6.019197252672289,1.0,1.5114031267484613,-0.38611153091243294,1.4622763240950742
ossl_lucas_campaign,campaign2009,2009_b11,SCP,0.05,3,25,0.00025010108947753906,270,0.8851851851851852,14.405797698794437,8.18052239225078,45.84801112742734,1.0,10.538385760879997,-2.292272595406485,10.305162818804318
ossl_lucas_campaign,campaign2009,2009_b12,SCP,0.05,3,25,0.00025010108947753906,769,0.8504551365409623,17.111017359308637,6.7247102732147,44.63023010673387,1.0,8.603084822645569,-2.2256039399630936,8.315628486457564
ossl_lucas_campaign,campaign2009,2009_b13,SCP,0.05,3,25,0.00025010108947753906,427,0.9344262295081968,3.4070285088798378,3.1345346487441064,4.639315776016304,1.0,1.1708338022281604,-0.460525718644196,1.0777235115013315
ossl_lucas_campaign,campaign2009,2009_b14,SCP,0.05,3,25,0.00025010108947753906,833,0.8559423769507803,10.31359257147966,6.65228992774685,31.29639420749173,1.0,6.427824991497614,-2.1817771638780714,6.0498529708614015
ossl_lucas_campaign,campaign2009,2009_b15,SCP,0.05,3,25,0.00025010108947753906,740,0.977027027027027,3.4473151374166093,3.090763740930605,4.125304345538047,1.0,0.9971417615788459,-0.26893323302177097,0.9608403590669206
ossl_lucas_campaign,campaign2009,2009_b16,SCP,0.05,3,25,0.00025010108947753906,637,0.9560439560439561,4.124708563939365,3.520019289434317,8.930761340643762,1.0,2.2115794030193436,-0.5993390159314153,2.1304933211232897
ossl_lucas_campaign,campaign2009,2009_b17,SCP,0.05,3,25,0.00025010108947753906,256,0.84375,8.006501590840339,5.843316470851663,50.05419796873089,1.0,7.171568043606361,-3.0770097170024964,6.490605654032463
ossl_lucas_campaign,campaign2009,2009_b18,SCP,0.05,3,25,0.00025010108947753906,1107,0.9331526648599819,4.040229090153912,3.1070962250989194,7.049109422180043,1.0,1.6131845962609668,-0.4861284442874377,1.5388901706313756
ossl_lucas_campaign,campaign2009,2009_b19,SCP,0.05,3,25,0.00025010108947753906,571,0.9229422066549913,3.1771654437152983,2.8353264191275587,5.319062570275553,1.0,1.2330913483251402,-0.34621398512373697,1.1845283579482797
ossl_lucas_campaign,campaign2009,2009_b2,SCP,0.05,3,25,0.00025010108947753906,714,0.9523809523809523,2.743871505792242,2.5929931579676193,3.378149837719944,1.0,0.7030069708877168,-0.10847469168312153,0.6950745954297306
ossl_lucas_campaign,campaign2009,2009_b20,SCP,0.05,3,25,0.00025010108947753906,519,0.9672447013487476,5.357415468471659,4.154603219288526,8.721513657014142,1.0,2.496362880021428,-1.086415297074645,2.249729187780095
ossl_lucas_campaign,campaign2009,2009_b21,SCP,0.05,3,25,0.00025010108947753906,60,0.9,2.7057144615746234,2.5085289804297917,4.969610637130435,1.0,0.7707498220847238,-0.3140511492865763,0.7098057723416833
ossl_lucas_campaign,campaign2009,2009_b22,SCP,0.05,3,25,0.00025010108947753906,832,0.828125,12.070346024016745,6.359772903008382,35.76104553423864,1.0,7.714482043309147,-2.5561167927243598,7.283079983743768
ossl_lucas_campaign,campaign2009,2009_b23,SCP,0.05,3,25,0.00025010108947753906,876,0.8904109589041096,5.462993946057488,4.515688461588477,17.825566386005768,1.0,3.606537106209927,-0.8094087211471751,3.5165443200384865
ossl_lucas_campaign,campaign2009,2009_b24,SCP,0.05,3,25,0.00025010108947753906,935,0.9764705882352941,4.594039487712503,4.034187355723072,5.826959839433299,1.0,1.4061737672607926,-0.6300867585459448,1.2577787273138858
ossl_lucas_campaign,campaign2009,2009_b26,SCP,0.05,3,25,0.00025010108947753906,982,0.9796334012219959,4.519624522855315,3.6260035366802286,8.626116664519213,1.0,2.5524251023577182,0.16694200932592088,2.5482576230009544
ossl_lucas_campaign,campaign2009,2009_b27,SCP,0.05,3,25,0.00025010108947753906,649,0.9768875192604006,4.386226332282735,3.795858263156452,5.762703698869278,1.0,1.5591423334979355,-0.6659418503653804,1.410855525823695
ossl_lucas_campaign,campaign2009,2009_b28,SCP,0.05,3,25,0.00025010108947753906,844,0.976303317535545,4.299176381624764,3.6547763519690166,5.941815022682069,1.0,1.5841693103127406,-0.42576578375950563,1.5267867702096183
ossl_lucas_campaign,campaign2009,2009_b29,SCP,0.05,3,25,0.00025010108947753906,389,0.9820051413881749,3.9126261642993065,3.300405167086558,5.476598809332355,1.0,1.2776546784031484,-0.5832299191623092,1.138233220954896
ossl_lucas_campaign,campaign2009,2009_b3,SCP,0.05,3,25,0.00025010108947753906,913,0.9726177437020811,3.703180891942498,3.285437920391737,5.961448195377621,1.0,1.445999943967283,-0.6609283900105896,1.2868190221860798
ossl_lucas_campaign,campaign2009,2009_b4,SCP,0.05,3,25,0.00025010108947753906,759,0.9156785243741765,21.124138374265836,5.914881795905362,34.157001163921215,1.0,10.783224056723528,0.270392271082192,10.7869418082561
ossl_lucas_campaign,campaign2009,2009_b5,SCP,0.05,3,25,0.00025010108947753906,301,0.9368770764119602,3.068318131598863,2.798485248498815,4.402599748630579,1.0,1.04803634673782,-0.5592111575031884,0.8878524327230239
ossl_lucas_campaign,campaign2009,2009_b6,SCP,0.05,3,25,0.00025010108947753906,886,0.873589164785553,14.068682487106582,6.087970853736955,36.00628883842649,1.0,8.046472662736475,-2.4143108362906704,7.680064985539726
ossl_lucas_campaign,campaign2009,2009_b7,SCP,0.05,3,25,0.00025010108947753906,557,0.9281867145421903,5.1519541707851335,4.6236755759951835,14.522174370254424,1.0,2.8299367831236553,-1.1180633140242056,2.6020438420216587
ossl_lucas_campaign,campaign2009,2009_b9,SCP,0.05,3,25,0.00025010108947753906,769,0.9622886866059818,4.720749771770667,3.915985863451309,10.238103901072085,1.0,2.546368204980877,-0.03096668427742501,2.547837033220338
ossl_lucas_campaign,campaign2009,2009_b0,SCP,0.1,3,25,0.00022459030151367188,791,0.934260429835651,6.175319153072642,3.855324613543277,11.290074221537008,1.0,3.939679839727334,-0.43155211957756673,3.9184501014463855
ossl_lucas_campaign,campaign2009,2009_b1,SCP,0.1,3,25,0.00022459030151367188,293,0.89419795221843,2.6248576619668893,2.257565521526341,4.242330261955883,1.0,1.1073444230243248,-0.4445968628415389,1.0159073364082372
ossl_lucas_campaign,campaign2009,2009_b10,SCP,0.1,3,25,0.00022459030151367188,714,0.927170868347339,3.0554695277005037,2.757093690228064,4.94008688571346,1.0,1.5114031267484613,-0.38611153091243294,1.4622763240950742
ossl_lucas_campaign,campaign2009,2009_b11,SCP,0.1,3,25,0.00022459030151367188,270,0.8185185185185185,11.12272588344283,6.31618672251561,34.62529841971932,1.0,10.538385760879997,-2.292272595406485,10.305162818804318
ossl_lucas_campaign,campaign2009,2009_b12,SCP,0.1,3,25,0.00022459030151367188,769,0.7373211963589077,13.211427763583611,5.192153227363349,35.94898717302963,1.0,8.603084822645569,-2.2256039399630936,8.315628486457564
ossl_lucas_campaign,campaign2009,2009_b13,SCP,0.1,3,25,0.00022459030151367188,427,0.8524590163934426,2.630568953812027,2.420176265077783,4.308781894441336,1.0,1.1708338022281604,-0.460525718644196,1.0777235115013315
ossl_lucas_campaign,campaign2009,2009_b14,SCP,0.1,3,25,0.00022459030151367188,833,0.7478991596638656,7.96313161163443,5.136237430969059,26.635367747479478,1.0,6.427824991497614,-2.1817771638780714,6.0498529708614015
ossl_lucas_campaign,campaign2009,2009_b15,SCP,0.1,3,25,0.00022459030151367188,740,0.9378378378378378,2.661674286217195,2.38638071835011,3.504282010768869,1.0,0.9971417615788459,-0.26893323302177097,0.9608403590669206
ossl_lucas_campaign,campaign2009,2009_b16,SCP,0.1,3,25,0.00022459030151367188,637,0.9262166405023547,3.1846901966161867,2.717809209835398,7.182304880423283,1.0,2.2115794030193436,-0.5993390159314153,2.1304933211232897
ossl_lucas_campaign,campaign2009,2009_b17,SCP,0.1,3,25,0.00022459030151367188,256,0.76953125,6.181825147226563,4.511628492528994,34.4862629608603,1.0,7.171568043606361,-3.0770097170024964,6.490605654032463
ossl_lucas_campaign,campaign2009,2009_b18,SCP,0.1,3,25,0.00022459030151367188,1107,0.8608852755194218,3.119463539311974,2.3989910401245873,6.0385773868888535,1.0,1.6131845962609668,-0.4861284442874377,1.5388901706313756
ossl_lucas_campaign,campaign2009,2009_b19,SCP,0.1,3,25,0.00022459030151367188,571,0.8458844133099825,2.453091529929621,2.189157394087141,4.688977231934287,1.0,1.2330913483251402,-0.34621398512373697,1.1845283579482797
ossl_lucas_campaign,campaign2009,2009_b2,SCP,0.1,3,25,0.00022459030151367188,714,0.8879551820728291,2.1185449953160633,2.0020517236702693,2.915956829015186,1.0,0.7030069708877168,-0.10847469168312153,0.6950745954297306
ossl_lucas_campaign,campaign2009,2009_b20,SCP,0.1,3,25,0.00022459030151367188,519,0.8882466281310212,4.136464008828436,3.207771879684424,7.9241935003448525,1.0,2.496362880021428,-1.086415297074645,2.249729187780095
ossl_lucas_campaign,campaign2009,2009_b21,SCP,0.1,3,25,0.00022459030151367188,60,0.8833333333333333,2.089083916365156,1.936836876608913,4.037853879282038,1.0,0.7707498220847238,-0.3140511492865763,0.7098057723416833
ossl_lucas_campaign,campaign2009,2009_b22,SCP,0.1,3,25,0.00022459030151367188,832,0.7163461538461539,9.319522108427051,4.910384843668149,30.20454753162062,1.0,7.714482043309147,-2.5561167927243598,7.283079983743768
ossl_lucas_campaign,campaign2009,2009_b23,SCP,0.1,3,25,0.00022459030151367188,876,0.7922374429223744,4.217981220851806,3.486566032888102,14.176136590593604,1.0,3.606537106209927,-0.8094087211471751,3.5165443200384865
ossl_lucas_campaign,campaign2009,2009_b24,SCP,0.1,3,25,0.00022459030151367188,935,0.9155080213903743,3.547060911719903,3.1147987121819627,5.013559060079167,1.0,1.4061737672607926,-0.6300867585459448,1.2577787273138858
ossl_lucas_campaign,campaign2009,2009_b26,SCP,0.1,3,25,0.00022459030151367188,982,0.9613034623217923,3.4896050683824815,2.799639716880348,6.5949116742567515,1.0,2.5524251023577182,0.16694200932592088,2.5482576230009544
ossl_lucas_campaign,campaign2009,2009_b27,SCP,0.1,3,25,0.00022459030151367188,649,0.9399075500770416,3.3866082376543756,2.9307846629710665,4.9021556656470375,1.0,1.5591423334979355,-0.6659418503653804,1.410855525823695
ossl_lucas_campaign,campaign2009,2009_b28,SCP,0.1,3,25,0.00022459030151367188,844,0.9289099526066351,3.3193969134653045,2.821855226499707,4.970687957080685,1.0,1.5841693103127406,-0.42576578375950563,1.5267867702096183
ossl_lucas_campaign,campaign2009,2009_b29,SCP,0.1,3,25,0.00022459030151367188,389,0.9331619537275064,3.020941236286378,2.5482450014464786,4.565681868671258,1.0,1.2776546784031484,-0.5832299191623092,1.138233220954896
ossl_lucas_campaign,campaign2009,2009_b3,SCP,0.1,3,25,0.00022459030151367188,913,0.9309967141292442,2.8592284036674145,2.5366887804237237,4.750568680795913,1.0,1.445999943967283,-0.6609283900105896,1.2868190221860798
ossl_lucas_campaign,campaign2009,2009_b4,SCP,0.1,3,25,0.00022459030151367188,759,0.8326745718050066,16.309961140196858,4.5668841270988425,28.703716461987298,1.0,10.783224056723528,0.270392271082192,10.7869418082561
ossl_lucas_campaign,campaign2009,2009_b5,SCP,0.1,3,25,0.00022459030151367188,301,0.8272425249169435,2.3690504486140083,2.1607123020001584,4.273539454281275,1.0,1.04803634673782,-0.5592111575031884,0.8878524327230239
ossl_lucas_campaign,campaign2009,2009_b6,SCP,0.1,3,25,0.00022459030151367188,886,0.7821670428893905,10.86243900664901,4.700526302557501,29.374054863186526,1.0,8.046472662736475,-2.4143108362906704,7.680064985539726
ossl_lucas_campaign,campaign2009,2009_b7,SCP,0.1,3,25,0.00022459030151367188,557,0.8527827648114902,3.9778272056741812,3.5699429549859536,10.984888022124474,1.0,2.8299367831236553,-1.1180633140242056,2.6020438420216587
ossl_lucas_campaign,campaign2009,2009_b9,SCP,0.1,3,25,0.00022459030151367188,769,0.9310793237971391,3.6448940054270347,3.0235352622125995,7.672530488605986,1.0,2.546368204980877,-0.03096668427742501,2.547837033220338
ossl_lucas_campaign,campaign2009,2009_b0,SCP,0.2,3,25,0.00022339820861816406,791,0.8672566371681416,4.402417618153546,2.748481265768886,9.056503806292262,1.0,3.939679839727334,-0.43155211957756673,3.9184501014463855
ossl_lucas_campaign,campaign2009,2009_b1,SCP,0.2,3,25,0.00022339820861816406,293,0.7815699658703071,1.8712748814672362,1.609430375943947,3.4480478428502237,1.0,1.1073444230243248,-0.4445968628415389,1.0159073364082372
ossl_lucas_campaign,campaign2009,2009_b10,SCP,0.2,3,25,0.00022339820861816406,714,0.7997198879551821,2.178260353359548,1.9655466439690952,4.034489185950721,1.0,1.5114031267484613,-0.38611153091243294,1.4622763240950742
ossl_lucas_campaign,campaign2009,2009_b11,SCP,0.2,3,25,0.00022339820861816406,270,0.6962962962962963,7.92944998912272,4.5028428519220105,26.100255692502767,1.0,10.538385760879997,-2.292272595406485,10.305162818804318
ossl_lucas_campaign,campaign2009,2009_b12,SCP,0.2,3,25,0.00022339820861816406,769,0.5981794538361509,9.418496583844371,3.701513440471135,27.615250441732194,1.0,8.603084822645569,-2.2256039399630936,8.315628486457564
ossl_lucas_campaign,campaign2009,2009_b13,SCP,0.2,3,25,0.00022339820861816406,427,0.7353629976580797,1.8753464915683824,1.7253564332969056,3.685986650462073,1.0,1.1708338022281604,-0.460525718644196,1.0777235115013315
ossl_lucas_campaign,campaign2009,2009_b14,SCP,0.2,3,25,0.00022339820861816406,833,0.6038415366146459,5.676958556108245,3.6616507740926973,20.855485456657025,1.0,6.427824991497614,-2.1817771638780714,6.0498529708614015
ossl_lucas_campaign,campaign2009,2009_b15,SCP,0.2,3,25,0.00022339820861816406,740,0.8418918918918918,1.8975216472169603,1.701263409658603,2.922343778933457,1.0,0.9971417615788459,-0.26893323302177097,0.9608403590669206
ossl_lucas_campaign,campaign2009,2009_b16,SCP,0.2,3,25,0.00022339820861816406,637,0.847723704866562,2.2703824502686483,1.9375405305499003,5.310395415587381,1.0,2.2115794030193436,-0.5993390159314153,2.1304933211232897
ossl_lucas_campaign,campaign2009,2009_b17,SCP,0.2,3,25,0.00022339820861816406,256,0.59765625,4.40705577572514,3.2163637651327597,23.209990641686797,1.0,7.171568043606361,-3.0770097170024964,6.490605654032463
ossl_lucas_campaign,campaign2009,2009_b18,SCP,0.2,3,25,0.00022339820861816406,1107,0.7407407407407407,2.223882022003909,1.7102533746101185,4.957050629299882,1.0,1.6131845962609668,-0.4861284442874377,1.5388901706313756
ossl_lucas_campaign,campaign2009,2009_b19,SCP,0.2,3,25,0.00022339820861816406,571,0.681260945709282,1.7488218993397127,1.5606618608278702,3.9108313289182264,1.0,1.2330913483251402,-0.34621398512373697,1.1845283579482797
ossl_lucas_campaign,campaign2009,2009_b2,SCP,0.2,3,25,0.00022339820861816406,714,0.7787114845938375,1.510321909044941,1.4272732408259692,2.4473551544864445,1.0,0.7030069708877168,-0.10847469168312153,0.6950745954297306
ossl_lucas_campaign,campaign2009,2009_b20,SCP,0.2,3,25,0.00022339820861816406,519,0.7572254335260116,2.948907024548427,2.2868375039553372,6.830769137649883,1.0,2.496362880021428,-1.086415297074645,2.249729187780095
ossl_lucas_campaign,campaign2009,2009_b21,SCP,0.2,3,25,0.00022339820861816406,60,0.8166666666666667,1.489318950362432,1.3807812321456971,2.88907930013322,1.0,0.7707498220847238,-0.3140511492865763,0.7098057723416833
ossl_lucas_campaign,campaign2009,2009_b22,SCP,0.2,3,25,0.00022339820861816406,832,0.5528846153846154,6.643936500431122,3.5006392725342117,23.93106443537673,1.0,7.714482043309147,-2.5561167927243598,7.283079983743768
ossl_lucas_campaign,campaign2009,2009_b23,SCP,0.2,3,25,0.00022339820861816406,876,0.6495433789954338,3.007021075255568,2.4855913272765773,10.55037927824561,1.0,3.606537106209927,-0.8094087211471751,3.5165443200384865
ossl_lucas_campaign,campaign2009,2009_b24,SCP,0.2,3,25,0.00022339820861816406,935,0.7593582887700535,2.5287184456935536,2.220556442121518,4.411410127579068,1.0,1.4061737672607926,-0.6300867585459448,1.2577787273138858
ossl_lucas_campaign,campaign2009,2009_b26,SCP,0.2,3,25,0.00022339820861816406,982,0.8757637474541752,2.487757871720842,1.9958779309315258,4.866022906972851,1.0,2.5524251023577182,0.16694200932592088,2.5482576230009544
ossl_lucas_campaign,campaign2009,2009_b27,SCP,0.2,3,25,0.00022339820861816406,649,0.8089368258859785,2.4143308874676026,2.08937185519523,4.227520056912057,1.0,1.5591423334979355,-0.6659418503653804,1.410855525823695
ossl_lucas_campaign,campaign2009,2009_b28,SCP,0.2,3,25,0.00022339820861816406,844,0.8293838862559242,2.366415579705385,2.0117154849947627,4.006568097696622,1.0,1.5841693103127406,-0.42576578375950563,1.5267867702096183
ossl_lucas_campaign,campaign2009,2009_b29,SCP,0.2,3,25,0.00022339820861816406,389,0.8200514138817481,2.1536449521667764,1.8166573114132494,3.724098550188,1.0,1.2776546784031484,-0.5832299191623092,1.138233220954896
ossl_lucas_campaign,campaign2009,2009_b3,SCP,0.2,3,25,0.00022339820861816406,913,0.7842278203723987,2.0383590202568427,1.8084188204512817,3.9080057584974877,1.0,1.445999943967283,-0.6609283900105896,1.2868190221860798
ossl_lucas_campaign,campaign2009,2009_b4,SCP,0.2,3,25,0.00022339820861816406,759,0.7009222661396575,11.627457382388949,3.255755798662156,23.098674021765436,1.0,10.783224056723528,0.270392271082192,10.7869418082561
ossl_lucas_campaign,campaign2009,2009_b5,SCP,0.2,3,25,0.00022339820861816406,301,0.6943521594684385,1.6889085688929069,1.5403832045431298,3.6996649773690415,1.0,1.04803634673782,-0.5592111575031884,0.8878524327230239
ossl_lucas_campaign,campaign2009,2009_b6,SCP,0.2,3,25,0.00022339820861816406,886,0.6207674943566591,7.74389010083725,3.35103001092288,23.42143121563384,1.0,8.046472662736475,-2.4143108362906704,7.680064985539726
ossl_lucas_campaign,campaign2009,2009_b7,SCP,0.2,3,25,0.00022339820861816406,557,0.6876122082585279,2.8358140102794636,2.5450311751115446,8.29992519969387,1.0,2.8299367831236553,-1.1180633140242056,2.6020438420216587
ossl_lucas_campaign,campaign2009,2009_b9,SCP,0.2,3,25,0.00022339820861816406,769,0.8452535760728218,2.5984641745698402,2.155494246941097,5.5668581641556605,1.0,2.546368204980877,-0.03096668427742501,2.547837033220338
ossl_lucas_campaign,campaign2009,2009_b0,NCP-kNN,0.05,3,25,3.4012086391448975,791,0.9608091024020228,8.039058896592671,3.913201256347791,11.574269999490982,1.0,3.939679839727334,-0.43155211957756673,3.9184501014463855
ossl_lucas_campaign,campaign2009,2009_b1,NCP-kNN,0.05,3,25,3.4012086391448975,293,0.8498293515358362,2.2681624448015314,1.777344325857361,5.501517566915775,1.0,1.1073444230243248,-0.4445968628415389,1.0159073364082372
ossl_lucas_campaign,campaign2009,2009_b10,NCP-kNN,0.05,3,25,3.4012086391448975,714,0.8515406162464986,2.673569905653359,2.0315258934378555,6.142747517131953,1.0,1.5114031267484613,-0.38611153091243294,1.4622763240950742
ossl_lucas_campaign,campaign2009,2009_b11,NCP-kNN,0.05,3,25,3.4012086391448975,270,0.9111111111111111,18.524647934126268,6.399463465101815,27.662919188273055,1.0,10.538385760879997,-2.292272595406485,10.305162818804318
ossl_lucas_campaign,campaign2009,2009_b12,NCP-kNN,0.05,3,25,3.4012086391448975,769,0.9089726918075423,22.505917987435332,7.907806551972055,33.22130002313249,1.0,8.603084822645569,-2.2256039399630936,8.315628486457564
ossl_lucas_campaign,campaign2009,2009_b13,NCP-kNN,0.05,3,25,3.4012086391448975,427,0.8641686182669789,2.5499535985755806,2.0966271590013474,4.811456061536623,1.0,1.1708338022281604,-0.460525718644196,1.0777235115013315
ossl_lucas_campaign,campaign2009,2009_b14,NCP-kNN,0.05,3,25,3.4012086391448975,833,0.9411764705882353,14.192858117625148,7.711427459396559,20.455308432203626,1.0,6.427824991497614,-2.1817771638780714,6.0498529708614015
ossl_lucas_campaign,campaign2009,2009_b15,NCP-kNN,0.05,3,25,3.4012086391448975,740,0.8972972972972973,2.5685132351452418,1.9614696782444916,4.721249941127754,1.0,0.9971417615788459,-0.26893323302177097,0.9608403590669206
ossl_lucas_campaign,campaign2009,2009_b16,NCP-kNN,0.05,3,25,3.4012086391448975,637,0.8916797488226059,3.1608038965125846,2.0504569620226043,6.1856572947952655,1.0,2.2115794030193436,-0.5993390159314153,2.1304933211232897
ossl_lucas_campaign,campaign2009,2009_b17,NCP-kNN,0.05,3,25,3.4012086391448975,256,0.82421875,9.344440739750578,5.165727734459775,32.376969080065976,1.0,7.171568043606361,-3.0770097170024964,6.490605654032463
ossl_lucas_campaign,campaign2009,2009_b18,NCP-kNN,0.05,3,25,3.4012086391448975,1107,0.8545618789521229,3.173725755056521,2.0585312447693873,7.4942772996265825,1.0,1.6131845962609668,-0.4861284442874377,1.5388901706313756
ossl_lucas_campaign,campaign2009,2009_b19,NCP-kNN,0.05,3,25,3.4012086391448975,571,0.8021015761821366,2.5450898875008416,1.9261886826072527,7.071287752528638,1.0,1.2330913483251402,-0.34621398512373697,1.1845283579482797
ossl_lucas_campaign,campaign2009,2009_b2,NCP-kNN,0.05,3,25,3.4012086391448975,714,0.8935574229691877,2.3173414097013856,1.938767255637348,3.766874736113955,1.0,0.7030069708877168,-0.10847469168312153,0.6950745954297306
ossl_lucas_campaign,campaign2009,2009_b20,NCP-kNN,0.05,3,25,3.4012086391448975,519,0.8362235067437379,4.17393188706379,2.5794609140845113,9.523689730775047,1.0,2.496362880021428,-1.086415297074645,2.249729187780095
ossl_lucas_campaign,campaign2009,2009_b21,NCP-kNN,0.05,3,25,3.4012086391448975,60,0.8833333333333333,1.967740066155732,1.6819637984393885,3.4634210583478455,1.0,0.7707498220847238,-0.3140511492865763,0.7098057723416833
ossl_lucas_campaign,campaign2009,2009_b22,NCP-kNN,0.05,3,25,3.4012086391448975,832,0.8786057692307693,14.776616448897402,6.660540050604606,25.250610891422777,1.0,7.714482043309147,-2.5561167927243598,7.283079983743768
ossl_lucas_campaign,campaign2009,2009_b23,NCP-kNN,0.05,3,25,3.4012086391448975,876,0.8344748858447488,7.114191579597573,4.051882722827076,15.815661178429636,1.0,3.606537106209927,-0.8094087211471751,3.5165443200384865
ossl_lucas_campaign,campaign2009,2009_b24,NCP-kNN,0.05,3,25,3.4012086391448975,935,0.8727272727272727,3.343799848355107,2.675265503019685,6.3694124250663195,1.0,1.4061737672607926,-0.6300867585459448,1.2577787273138858
ossl_lucas_campaign,campaign2009,2009_b26,NCP-kNN,0.05,3,25,3.4012086391448975,982,0.9694501018329938,4.1765311165218,2.8827448080076916,7.152367118977571,1.0,2.5524251023577182,0.16694200932592088,2.5482576230009544
ossl_lucas_campaign,campaign2009,2009_b27,NCP-kNN,0.05,3,25,3.4012086391448975,649,0.8135593220338984,2.947010532640209,2.2858569205143207,6.50573847434157,1.0,1.5591423334979355,-0.6659418503653804,1.410855525823695
ossl_lucas_campaign,campaign2009,2009_b28,NCP-kNN,0.05,3,25,3.4012086391448975,844,0.8850710900473934,3.171904069930869,2.4002036379313516,5.565393841059222,1.0,1.5841693103127406,-0.42576578375950563,1.5267867702096183
ossl_lucas_campaign,campaign2009,2009_b29,NCP-kNN,0.05,3,25,3.4012086391448975,389,0.8483290488431876,2.6311600803440736,1.8326901581972617,6.340129201465419,1.0,1.2776546784031484,-0.5832299191623092,1.138233220954896
ossl_lucas_campaign,campaign2009,2009_b3,NCP-kNN,0.05,3,25,3.4012086391448975,913,0.7962760131434831,2.6134164112986613,1.9701419345257243,5.6686219268945734,1.0,1.445999943967283,-0.6609283900105896,1.2868190221860798
ossl_lucas_campaign,campaign2009,2009_b4,NCP-kNN,0.05,3,25,3.4012086391448975,759,0.927536231884058,29.65334909690352,6.786830469968693,34.403053824580844,1.0,10.783224056723528,0.270392271082192,10.7869418082561
ossl_lucas_campaign,campaign2009,2009_b5,NCP-kNN,0.05,3,25,3.4012086391448975,301,0.813953488372093,2.1670775201109724,1.8637436163294503,5.859817382210256,1.0,1.04803634673782,-0.5592111575031884,0.8878524327230239
ossl_lucas_campaign,campaign2009,2009_b6,NCP-kNN,0.05,3,25,3.4012086391448975,886,0.9130925507900677,17.873333271918806,6.713759672930829,27.488216636813327,1.0,8.046472662736475,-2.4143108362906704,7.680064985539726
ossl_lucas_campaign,campaign2009,2009_b7,NCP-kNN,0.05,3,25,3.4012086391448975,557,0.8258527827648114,4.2629499825330335,3.4451241769805447,12.88935664217739,1.0,2.8299367831236553,-1.1180633140242056,2.6020438420216587
ossl_lucas_campaign,campaign2009,2009_b9,NCP-kNN,0.05,3,25,3.4012086391448975,769,0.9284785435630689,4.7151806290677305,3.0980605695789194,9.86342635164079,1.0,2.546368204980877,-0.03096668427742501,2.547837033220338
ossl_lucas_campaign,campaign2009,2009_b0,NCP-kNN,0.1,3,25,0.00036215782165527344,791,0.9329962073324906,6.5160305418138105,3.19919327609244,9.93878915768547,1.0,3.939679839727334,-0.43155211957756673,3.9184501014463855
ossl_lucas_campaign,campaign2009,2009_b1,NCP-kNN,0.1,3,25,0.00036215782165527344,293,0.7542662116040956,1.865955116016105,1.4670107807265713,4.439939395047648,1.0,1.1073444230243248,-0.4445968628415389,1.0159073364082372
ossl_lucas_campaign,campaign2009,2009_b10,NCP-kNN,0.1,3,25,0.00036215782165527344,714,0.7366946778711485,2.1902829098016205,1.6783372563193462,5.010010918641373,1.0,1.5114031267484613,-0.38611153091243294,1.4622763240950742
ossl_lucas_campaign,campaign2009,2009_b11,NCP-kNN,0.1,3,25,0.00036215782165527344,270,0.837037037037037,14.742004695880992,5.270963439777607,25.028237260124342,1.0,10.538385760879997,-2.292272595406485,10.305162818804318
ossl_lucas_campaign,campaign2009,2009_b12,NCP-kNN,0.1,3,25,0.00036215782165527344,769,0.8439531859557867,18.023226890657853,6.30689263384079,28.206078022556813,1.0,8.603084822645569,-2.2256039399630936,8.315628486457564
ossl_lucas_campaign,campaign2009,2009_b13,NCP-kNN,0.1,3,25,0.00036215782165527344,427,0.765807962529274,2.091518464785082,1.7317106246077287,4.441468735145085,1.0,1.1708338022281604,-0.460525718644196,1.0777235115013315
ossl_lucas_campaign,campaign2009,2009_b14,NCP-kNN,0.1,3,25,0.00036215782165527344,833,0.8715486194477791,11.273147846608701,6.239970350988992,17.83384838978439,1.0,6.427824991497614,-2.1817771638780714,6.0498529708614015
ossl_lucas_campaign,campaign2009,2009_b15,NCP-kNN,0.1,3,25,0.00036215782165527344,740,0.8256756756756757,2.0951578391187713,1.618733847598153,3.8674185829803718,1.0,0.9971417615788459,-0.26893323302177097,0.9608403590669206
ossl_lucas_campaign,campaign2009,2009_b16,NCP-kNN,0.1,3,25,0.00036215782165527344,637,0.814756671899529,2.57022824993946,1.6933307142646874,5.26214448020618,1.0,2.2115794030193436,-0.5993390159314153,2.1304933211232897
ossl_lucas_campaign,campaign2009,2009_b17,NCP-kNN,0.1,3,25,0.00036215782165527344,256,0.73828125,7.499790811061898,4.187774309037454,24.520787433934608,1.0,7.171568043606361,-3.0770097170024964,6.490605654032463
ossl_lucas_campaign,campaign2009,2009_b18,NCP-kNN,0.1,3,25,0.00036215782165527344,1107,0.7786811201445348,2.5953574488449904,1.6964931322900156,6.106641628969703,1.0,1.6131845962609668,-0.4861284442874377,1.5388901706313756
ossl_lucas_campaign,campaign2009,2009_b19,NCP-kNN,0.1,3,25,0.00036215782165527344,571,0.712784588441331,2.079225434299044,1.583236800266111,5.5359647977107675,1.0,1.2330913483251402,-0.34621398512373697,1.1845283579482797
ossl_lucas_campaign,campaign2009,2009_b2,NCP-kNN,0.1,3,25,0.00036215782165527344,714,0.8235294117647058,1.8929547344422415,1.585547538474338,3.0972849582117346,1.0,0.7030069708877168,-0.10847469168312153,0.6950745954297306
ossl_lucas_campaign,campaign2009,2009_b20,NCP-kNN,0.1,3,25,0.00036215782165527344,519,0.720616570327553,3.4076632261113673,2.129902922288733,7.853058556639733,1.0,2.496362880021428,-1.086415297074645,2.249729187780095
ossl_lucas_campaign,campaign2009,2009_b21,NCP-kNN,0.1,3,25,0.00036215782165527344,60,0.85,1.6140062260987338,1.3668203118271902,3.210799122527306,1.0,0.7707498220847238,-0.3140511492865763,0.7098057723416833
ossl_lucas_campaign,campaign2009,2009_b22,NCP-kNN,0.1,3,25,0.00036215782165527344,832,0.78125,11.875661043537475,5.412997499411449,22.261705693010867,1.0,7.714482043309147,-2.5561167927243598,7.283079983743768
ossl_lucas_campaign,campaign2009,2009_b23,NCP-kNN,0.1,3,25,0.00036215782165527344,876,0.7682648401826484,5.615996658708086,3.3157641591942193,12.705395160049545,1.0,3.606537106209927,-0.8094087211471751,3.5165443200384865
ossl_lucas_campaign,campaign2009,2009_b24,NCP-kNN,0.1,3,25,0.00036215782165527344,935,0.7732620320855615,2.7444517299882056,2.197100083915089,5.500398193323845,1.0,1.4061737672607926,-0.6300867585459448,1.2577787273138858
ossl_lucas_campaign,campaign2009,2009_b26,NCP-kNN,0.1,3,25,0.00036215782165527344,982,0.939918533604888,3.395156069640844,2.363969525256868,5.62029771136542,1.0,2.5524251023577182,0.16694200932592088,2.5482576230009544
ossl_lucas_campaign,campaign2009,2009_b27,NCP-kNN,0.1,3,25,0.00036215782165527344,649,0.7087827426810478,2.4170504936503363,1.883960919752163,5.427716702336096,1.0,1.5591423334979355,-0.6659418503653804,1.410855525823695
ossl_lucas_campaign,campaign2009,2009_b28,NCP-kNN,0.1,3,25,0.00036215782165527344,844,0.7867298578199052,2.593718920486946,1.9765443408222196,4.853320073883242,1.0,1.5841693103127406,-0.42576578375950563,1.5267867702096183
ossl_lucas_campaign,campaign2009,2009_b29,NCP-kNN,0.1,3,25,0.00036215782165527344,389,0.7712082262210797,2.1599664669579153,1.5099878744413036,5.078598149403359,1.0,1.2776546784031484,-0.5832299191623092,1.138233220954896
ossl_lucas_campaign,campaign2009,2009_b3,NCP-kNN,0.1,3,25,0.00036215782165527344,913,0.6615553121577218,2.1361724556191217,1.628081875827176,5.060298588289711,1.0,1.445999943967283,-0.6609283900105896,1.2868190221860798
ossl_lucas_campaign,campaign2009,2009_b4,NCP-kNN,0.1,3,25,0.00036215782165527344,759,0.8735177865612648,23.62382789162775,5.481487854899884,29.14613609672392,1.0,10.783224056723528,0.270392271082192,10.7869418082561
ossl_lucas_campaign,campaign2009,2009_b5,NCP-kNN,0.1,3,25,0.00036215782165527344,301,0.7009966777408638,1.7794329293321358,1.533422631810951,4.816144945956758,1.0,1.04803634673782,-0.5592111575031884,0.8878524327230239
ossl_lucas_campaign,campaign2009,2009_b6,NCP-kNN,0.1,3,25,0.00036215782165527344,886,0.8340857787810384,14.334879379854506,5.414309564632426,23.471247223527104,1.0,8.046472662736475,-2.4143108362906704,7.680064985539726
ossl_lucas_campaign,campaign2009,2009_b7,NCP-kNN,0.1,3,25,0.00036215782165527344,557,0.725314183123878,3.47917988812394,2.8405074765474385,10.354126977017902,1.0,2.8299367831236553,-1.1180633140242056,2.6020438420216587
ossl_lucas_campaign,campaign2009,2009_b9,NCP-kNN,0.1,3,25,0.00036215782165527344,769,0.8803641092327699,3.810065117275111,2.5377761399382393,7.44806234904703,1.0,2.546368204980877,-0.03096668427742501,2.547837033220338
ossl_lucas_campaign,campaign2009,2009_b0,NCP-kNN,0.2,3,25,0.00029540061950683594,791,0.877370417193426,4.963955407714845,2.47336373502791,8.138999544675533,1.0,3.939679839727334,-0.43155211957756673,3.9184501014463855
ossl_lucas_campaign,campaign2009,2009_b1,NCP-kNN,0.2,3,25,0.00029540061950683594,293,0.6279863481228669,1.4405059415574475,1.1356979498415622,3.542157232240552,1.0,1.1073444230243248,-0.4445968628415389,1.0159073364082372
ossl_lucas_campaign,campaign2009,2009_b10,NCP-kNN,0.2,3,25,0.00029540061950683594,714,0.5336134453781513,1.6846825343021008,1.3027874422340129,4.108580439914818,1.0,1.5114031267484613,-0.38611153091243294,1.4622763240950742
ossl_lucas_campaign,campaign2009,2009_b11,NCP-kNN,0.2,3,25,0.00029540061950683594,270,0.6851851851851852,11.047913201476257,4.072364143915142,21.38735989991655,1.0,10.538385760879997,-2.292272595406485,10.305162818804318
ossl_lucas_campaign,campaign2009,2009_b12,NCP-kNN,0.2,3,25,0.00029540061950683594,769,0.6957087126137841,13.58084684631989,4.811429458617289,23.565962553100945,1.0,8.603084822645569,-2.2256039399630936,8.315628486457564
ossl_lucas_campaign,campaign2009,2009_b13,NCP-kNN,0.2,3,25,0.00029540061950683594,427,0.5901639344262295,1.6103234836598388,1.3328488050816312,3.7330663557161565,1.0,1.1708338022281604,-0.460525718644196,1.0777235115013315
ossl_lucas_campaign,campaign2009,2009_b14,NCP-kNN,0.2,3,25,0.00029540061950683594,833,0.7418967587034814,8.434042835423233,4.713783852148392,15.581440973081321,1.0,6.427824991497614,-2.1817771638780714,6.0498529708614015
ossl_lucas_campaign,campaign2009,2009_b15,NCP-kNN,0.2,3,25,0.00029540061950683594,740,0.7189189189189189,1.6057412181638735,1.2529625444825714,3.09146608355071,1.0,0.9971417615788459,-0.26893323302177097,0.9608403590669206
ossl_lucas_campaign,campaign2009,2009_b16,NCP-kNN,0.2,3,25,0.00029540061950683594,637,0.6609105180533752,1.96407049541942,1.3116935875040678,4.535353470721011,1.0,2.2115794030193436,-0.5993390159314153,2.1304933211232897
ossl_lucas_campaign,campaign2009,2009_b17,NCP-kNN,0.2,3,25,0.00029540061950683594,256,0.6015625,5.663244587734923,3.209950102321352,18.612420649838832,1.0,7.171568043606361,-3.0770097170024964,6.490605654032463
ossl_lucas_campaign,campaign2009,2009_b18,NCP-kNN,0.2,3,25,0.00029540061950683594,1107,0.6495031616982837,1.9929676997286572,1.313831630178198,4.8271137504572605,1.0,1.6131845962609668,-0.4861284442874377,1.5388901706313756
ossl_lucas_campaign,campaign2009,2009_b19,NCP-kNN,0.2,3,25,0.00029540061950683594,571,0.5919439579684763,1.5952372053618795,1.2231260024164818,4.192267778845022,1.0,1.2330913483251402,-0.34621398512373697,1.1845283579482797
ossl_lucas_campaign,campaign2009,2009_b2,NCP-kNN,0.2,3,25,0.00029540061950683594,714,0.7002801120448179,1.4521165535443403,1.2218757943994236,2.515989092306772,1.0,0.7030069708877168,-0.10847469168312153,0.6950745954297306
ossl_lucas_campaign,campaign2009,2009_b20,NCP-kNN,0.2,3,25,0.00029540061950683594,519,0.5606936416184971,2.6129463936797106,1.6502470298236178,6.684236110368757,1.0,2.496362880021428,-1.086415297074645,2.249729187780095
ossl_lucas_campaign,campaign2009,2009_b21,NCP-kNN,0.2,3,25,0.00029540061950683594,60,0.75,1.2427236866606737,1.0562898399685574,2.5346856682290113,1.0,0.7707498220847238,-0.3140511492865763,0.7098057723416833
ossl_lucas_campaign,campaign2009,2009_b22,NCP-kNN,0.2,3,25,0.00029540061950683594,832,0.6322115384615384,8.977571803993701,4.149243073085608,19.16841304405049,1.0,7.714482043309147,-2.5561167927243598,7.283079983743768
ossl_lucas_campaign,campaign2009,2009_b23,NCP-kNN,0.2,3,25,0.00029540061950683594,876,0.656392694063927,4.180451342189244,2.5497988511756584,9.879975955219455,1.0,3.606537106209927,-0.8094087211471751,3.5165443200384865
ossl_lucas_campaign,campaign2009,2009_b24,NCP-kNN,0.2,3,25,0.00029540061950683594,935,0.6385026737967915,2.1142841055715804,1.7047214387891767,4.587287360035415,1.0,1.4061737672607926,-0.6300867585459448,1.2577787273138858
ossl_lucas_campaign,campaign2009,2009_b26,NCP-kNN,0.2,3,25,0.00029540061950683594,982,0.8564154786150713,2.593222202022359,1.8196096700848765,4.405295203612197,1.0,2.5524251023577182,0.16694200932592088,2.5482576230009544
ossl_lucas_campaign,campaign2009,2009_b27,NCP-kNN,0.2,3,25,0.00029540061950683594,649,0.5439137134052389,1.860978409719893,1.46043143384457,4.507186253047904,1.0,1.5591423334979355,-0.6659418503653804,1.410855525823695
ossl_lucas_campaign,campaign2009,2009_b28,NCP-kNN,0.2,3,25,0.00029540061950683594,844,0.6386255924170616,1.9916920682883177,1.5300424526016219,4.013213207341618,1.0,1.5841693103127406,-0.42576578375950563,1.5267867702096183
ossl_lucas_campaign,campaign2009,2009_b29,NCP-kNN,0.2,3,25,0.00029540061950683594,389,0.6606683804627249,1.6643638000690935,1.1712973301224503,3.9547816623462952,1.0,1.2776546784031484,-0.5832299191623092,1.138233220954896
ossl_lucas_campaign,campaign2009,2009_b3,NCP-kNN,0.2,3,25,0.00029540061950683594,913,0.484118291347207,1.6397771465141064,1.261205610665318,4.271708145383466,1.0,1.445999943967283,-0.6609283900105896,1.2868190221860798
ossl_lucas_campaign,campaign2009,2009_b4,NCP-kNN,0.2,3,25,0.00029540061950683594,759,0.769433465085639,17.71729311539981,4.173690135176162,23.470623127081513,1.0,10.783224056723528,0.270392271082192,10.7869418082561
ossl_lucas_campaign,campaign2009,2009_b5,NCP-kNN,0.2,3,25,0.00029540061950683594,301,0.5481727574750831,1.3713964961170297,1.1843756457858772,3.8195938733151977,1.0,1.04803634673782,-0.5592111575031884,0.8878524327230239
ossl_lucas_campaign,campaign2009,2009_b6,NCP-kNN,0.2,3,25,0.00029540061950683594,886,0.7212189616252822,10.816611112627841,4.117835443161736,19.746286306333232,1.0,8.046472662736475,-2.4143108362906704,7.680064985539726
ossl_lucas_campaign,campaign2009,2009_b7,NCP-kNN,0.2,3,25,0.00029540061950683594,557,0.5798922800718133,2.666966501031772,2.1921804677953047,8.046603806642612,1.0,2.8299367831236553,-1.1180633140242056,2.6020438420216587
ossl_lucas_campaign,campaign2009,2009_b9,NCP-kNN,0.2,3,25,0.00029540061950683594,769,0.8062418725617685,2.8947697923974607,1.9524163578150726,5.471986168083377,1.0,2.546368204980877,-0.03096668427742501,2.547837033220338
ossl_lucas_campaign,campaign2009,2009_b0,CV+,0.05,3,25,1.290076494216919,791,0.9734513274336283,8.549585660637293,5.310436572153858,12.08638532270243,1.0,3.939679839727334,-0.43155211957756673,3.9184501014463855
ossl_lucas_campaign,campaign2009,2009_b1,CV+,0.05,3,25,1.290076494216919,293,0.9590443686006825,3.594219294625821,3.100655096703402,5.107889677530965,1.0,1.1073444230243248,-0.4445968628415389,1.0159073364082372
ossl_lucas_campaign,campaign2009,2009_b10,CV+,0.05,3,25,1.290076494216919,714,0.9761904761904762,4.190994512206427,3.805848844570294,5.909427990374198,1.0,1.5114031267484613,-0.38611153091243294,1.4622763240950742
ossl_lucas_campaign,campaign2009,2009_b11,CV+,0.05,3,25,1.290076494216919,270,0.9148148148148149,15.538914214550399,8.64860724978959,41.307387204838705,1.0,10.538385760879997,-2.292272595406485,10.305162818804318
ossl_lucas_campaign,campaign2009,2009_b12,CV+,0.05,3,25,1.290076494216919,769,0.8608582574772432,18.375834272834137,7.179373333397855,39.33835216260928,1.0,8.603084822645569,-2.2256039399630936,8.315628486457564
ossl_lucas_campaign,campaign2009,2009_b13,CV+,0.05,3,25,1.290076494216919,427,0.9508196721311475,3.6330396141973194,3.2864454374941996,4.314745286774095,1.0,1.1708338022281604,-0.460525718644196,1.0777235115013315
ossl_lucas_campaign,campaign2009,2009_b14,CV+,0.05,3,25,1.290076494216919,833,0.8787515006002401,11.066993591506218,7.116004020691785,25.46797238720945,1.0,6.427824991497614,-2.1817771638780714,6.0498529708614015
ossl_lucas_campaign,campaign2009,2009_b15,CV+,0.05,3,25,1.290076494216919,740,0.9851351351351352,3.642590541584286,3.26529508319039,4.179481188618322,1.0,0.9971417615788459,-0.26893323302177097,0.9608403590669206
ossl_lucas_campaign,campaign2009,2009_b16,CV+,0.05,3,25,1.290076494216919,637,0.967032967032967,4.3622855432144565,3.6911997874143614,7.721986218711694,1.0,2.2115794030193436,-0.5993390159314153,2.1304933211232897
ossl_lucas_campaign,campaign2009,2009_b17,CV+,0.05,3,25,1.290076494216919,256,0.86328125,8.547853581671015,6.197604955991317,44.08133780497206,1.0,7.171568043606361,-3.0770097170024964,6.490605654032463
ossl_lucas_campaign,campaign2009,2009_b18,CV+,0.05,3,25,1.290076494216919,1107,0.95483288166215,4.302761722766243,3.282674014918799,6.388291136182746,1.0,1.6131845962609668,-0.4861284442874377,1.5388901706313756
ossl_lucas_campaign,campaign2009,2009_b19,CV+,0.05,3,25,1.290076494216919,571,0.9422066549912435,3.3863982567793154,3.0050838680300416,5.0958571914076805,1.0,1.2330913483251402,-0.34621398512373697,1.1845283579482797
ossl_lucas_campaign,campaign2009,2009_b2,CV+,0.05,3,25,1.290076494216919,714,0.9621848739495799,2.9202388703035105,2.7781113264967736,3.4049456401709537,1.0,0.7030069708877168,-0.10847469168312153,0.6950745954297306
ossl_lucas_campaign,campaign2009,2009_b20,CV+,0.05,3,25,1.290076494216919,519,0.9749518304431599,5.6647122011207465,4.378065208572521,8.039168666053246,1.0,2.496362880021428,-1.086415297074645,2.249729187780095
ossl_lucas_campaign,campaign2009,2009_b21,CV+,0.05,3,25,1.290076494216919,60,0.95,2.8993642720188535,2.6599169840193726,4.432842871548174,1.0,0.7707498220847238,-0.3140511492865763,0.7098057723416833
ossl_lucas_campaign,campaign2009,2009_b22,CV+,0.05,3,25,1.290076494216919,832,0.8701923076923077,12.960674412275038,6.781238719475792,30.36679243448033,1.0,7.714482043309147,-2.5561167927243598,7.283079983743768
ossl_lucas_campaign,campaign2009,2009_b23,CV+,0.05,3,25,1.290076494216919,876,0.889269406392694,5.8355969683611155,4.780171312333988,15.468069496116481,1.0,3.606537106209927,-0.8094087211471751,3.5165443200384865
ossl_lucas_campaign,campaign2009,2009_b24,CV+,0.05,3,25,1.290076494216919,935,0.9882352941176471,4.847375259242597,4.25683815785795,5.775292669426514,1.0,1.4061737672607926,-0.6300867585459448,1.2577787273138858
ossl_lucas_campaign,campaign2009,2009_b26,CV+,0.05,3,25,1.290076494216919,982,0.9775967413441955,4.796721873403906,3.8318164949283844,8.069903983260975,1.0,2.5524251023577182,0.16694200932592088,2.5482576230009544
ossl_lucas_campaign,campaign2009,2009_b27,CV+,0.05,3,25,1.290076494216919,649,0.9830508474576272,4.628604479215336,4.014851990144655,5.494789625720431,1.0,1.5591423334979355,-0.6659418503653804,1.410855525823695
ossl_lucas_campaign,campaign2009,2009_b28,CV+,0.05,3,25,1.290076494216919,844,0.981042654028436,4.554885158347172,3.8694749118784664,5.901261552893585,1.0,1.5841693103127406,-0.42576578375950563,1.5267867702096183
ossl_lucas_campaign,campaign2009,2009_b29,CV+,0.05,3,25,1.290076494216919,389,0.9845758354755784,4.135280779279979,3.4712713022171635,5.3389872815115105,1.0,1.2776546784031484,-0.5832299191623092,1.138233220954896
ossl_lucas_campaign,campaign2009,2009_b3,CV+,0.05,3,25,1.290076494216919,913,0.9780941949616648,3.905563706037097,3.439779561186459,5.634031357200394,1.0,1.445999943967283,-0.6609283900105896,1.2868190221860798
ossl_lucas_campaign,campaign2009,2009_b4,CV+,0.05,3,25,1.290076494216919,759,0.930171277997365,22.73175967277061,6.3336304764512095,34.218896852520665,1.0,10.783224056723528,0.270392271082192,10.7869418082561
ossl_lucas_campaign,campaign2009,2009_b5,CV+,0.05,3,25,1.290076494216919,301,0.9634551495016611,3.275719491162947,2.9661537770245627,3.9940333953032363,1.0,1.04803634673782,-0.5592111575031884,0.8878524327230239
ossl_lucas_campaign,campaign2009,2009_b6,CV+,0.05,3,25,1.290076494216919,886,0.9018058690744921,15.095242060062725,6.457753418404522,31.97537377572238,1.0,8.046472662736475,-2.4143108362906704,7.680064985539726
ossl_lucas_campaign,campaign2009,2009_b7,CV+,0.05,3,25,1.290076494216919,557,0.9461400359066428,5.481249293510103,4.919325950796928,13.041806827151873,1.0,2.8299367831236553,-1.1180633140242056,2.6020438420216587
ossl_lucas_campaign,campaign2009,2009_b9,CV+,0.05,3,25,1.290076494216919,769,0.9570871261378413,5.01834978636909,4.127695900503317,9.610899596211285,1.0,2.546368204980877,-0.03096668427742501,2.547837033220338
ossl_lucas_campaign,campaign2009,2009_b0,CV+,0.1,3,25,0.7856101989746094,791,0.9393173198482933,6.537917196722457,4.061144931427082,10.259038484205092,1.0,3.939679839727334,-0.43155211957756673,3.9184501014463855
ossl_lucas_campaign,campaign2009,2009_b1,CV+,0.1,3,25,0.7856101989746094,293,0.9180887372013652,2.748939417951952,2.373082808223454,4.065619056665149,1.0,1.1073444230243248,-0.4445968628415389,1.0159073364082372
ossl_lucas_campaign,campaign2009,2009_b10,CV+,0.1,3,25,0.7856101989746094,714,0.9243697478991597,3.206207103093017,2.91238051769464,4.797137408051473,1.0,1.5114031267484613,-0.38611153091243294,1.4622763240950742
ossl_lucas_campaign,campaign2009,2009_b11,CV+,0.1,3,25,0.7856101989746094,270,0.8555555555555555,11.903478349045836,6.607349877773996,32.036941427784576,1.0,10.538385760879997,-2.292272595406485,10.305162818804318
ossl_lucas_campaign,campaign2009,2009_b12,CV+,0.1,3,25,0.7856101989746094,769,0.7711313394018205,14.05527869083425,5.486571758114969,32.74105579154897,1.0,8.603084822645569,-2.2256039399630936,8.315628486457564
ossl_lucas_campaign,campaign2009,2009_b13,CV+,0.1,3,25,0.7856101989746094,427,0.892271662763466,2.779055914494159,2.5086922793756923,3.8197351906858996,1.0,1.1708338022281604,-0.460525718644196,1.0777235115013315
ossl_lucas_campaign,campaign2009,2009_b14,CV+,0.1,3,25,0.7856101989746094,833,0.7743097238895558,8.463748818190462,5.443862107806718,23.021350146989278,1.0,6.427824991497614,-2.1817771638780714,6.0498529708614015
ossl_lucas_campaign,campaign2009,2009_b15,CV+,0.1,3,25,0.7856101989746094,740,0.95,2.7852798854394285,2.497529943312337,3.4374155332809884,1.0,0.9971417615788459,-0.26893323302177097,0.9608403590669206
ossl_lucas_campaign,campaign2009,2009_b16,CV+,0.1,3,25,0.7856101989746094,637,0.9356357927786499,3.3363654772094113,2.8202704566757126,6.489084121615154,1.0,2.2115794030193436,-0.5993390159314153,2.1304933211232897
ossl_lucas_campaign,campaign2009,2009_b17,CV+,0.1,3,25,0.7856101989746094,256,0.80078125,6.538038105954518,4.742277835219859,31.048958426128273,1.0,7.171568043606361,-3.0770097170024964,6.490605654032463
ossl_lucas_campaign,campaign2009,2009_b18,CV+,0.1,3,25,0.7856101989746094,1107,0.8943089430894309,3.2918582949886765,2.512192818415603,5.385410463718422,1.0,1.6131845962609668,-0.4861284442874377,1.5388901706313756
ossl_lucas_campaign,campaign2009,2009_b19,CV+,0.1,3,25,0.7856101989746094,571,0.8633975481611208,2.591093636468409,2.2982369485303633,4.422316934836932,1.0,1.2330913483251402,-0.34621398512373697,1.1845283579482797
ossl_lucas_campaign,campaign2009,2009_b2,CV+,0.1,3,25,0.7856101989746094,714,0.9145658263305322,2.2330391776571474,2.1241094617362535,2.8751830677284396,1.0,0.7030069708877168,-0.10847469168312153,0.6950745954297306
ossl_lucas_campaign,campaign2009,2009_b20,CV+,0.1,3,25,0.7856101989746094,519,0.9229287090558767,4.333088229137887,3.3570987705622617,6.91733349879872,1.0,2.496362880021428,-1.086415297074645,2.249729187780095
ossl_lucas_campaign,campaign2009,2009_b21,CV+,0.1,3,25,0.7856101989746094,60,0.9,2.2179834719893594,2.034710836886294,3.5413404046949704,1.0,0.7707498220847238,-0.3140511492865763,0.7098057723416833
ossl_lucas_campaign,campaign2009,2009_b22,CV+,0.1,3,25,0.7856101989746094,832,0.7632211538461539,9.9142936975033,5.1831963085189,26.615109281777606,1.0,7.714482043309147,-2.5561167927243598,7.283079983743768
ossl_lucas_campaign,campaign2009,2009_b23,CV+,0.1,3,25,0.7856101989746094,876,0.8139269406392694,4.462631728853104,3.6583808822072066,12.816342683090344,1.0,3.606537106209927,-0.8094087211471751,3.5165443200384865
ossl_lucas_campaign,campaign2009,2009_b24,CV+,0.1,3,25,0.7856101989746094,935,0.9390374331550803,3.705750645820855,3.250115311896021,4.713933502769531,1.0,1.4061737672607926,-0.6300867585459448,1.2577787273138858
ossl_lucas_campaign,campaign2009,2009_b26,CV+,0.1,3,25,0.7856101989746094,982,0.9317718940936863,3.668658041869169,2.932255753565217,6.36412669165003,1.0,2.5524251023577182,0.16694200932592088,2.5482576230009544
ossl_lucas_campaign,campaign2009,2009_b27,CV+,0.1,3,25,0.7856101989746094,649,0.9506933744221879,3.5393529142267264,3.0678376847320554,4.611371582336088,1.0,1.5591423334979355,-0.6659418503653804,1.410855525823695
ossl_lucas_campaign,campaign2009,2009_b28,CV+,0.1,3,25,0.7856101989746094,844,0.9490521327014217,3.483477969214076,2.962019581690537,4.818266837766811,1.0,1.5841693103127406,-0.42576578375950563,1.5267867702096183
ossl_lucas_campaign,campaign2009,2009_b29,CV+,0.1,3,25,0.7856101989746094,389,0.9511568123393316,3.163321046201725,2.6568068895605386,4.285716081785453,1.0,1.2776546784031484,-0.5832299191623092,1.138233220954896
ossl_lucas_campaign,campaign2009,2009_b3,CV+,0.1,3,25,0.7856101989746094,913,0.9561883899233297,2.9848881870310797,2.627301704533366,4.460686813399221,1.0,1.445999943967283,-0.6609283900105896,1.2868190221860798
ossl_lucas_campaign,campaign2009,2009_b4,CV+,0.1,3,25,0.7856101989746094,759,0.8537549407114624,17.3858623697342,4.852821743238929,28.66452077801436,1.0,10.783224056723528,0.270392271082192,10.7869418082561
ossl_lucas_campaign,campaign2009,2009_b5,CV+,0.1,3,25,0.7856101989746094,301,0.8903654485049833,2.505955042339844,2.270336387642428,3.686736925220138,1.0,1.04803634673782,-0.5592111575031884,0.8878524327230239
ossl_lucas_campaign,campaign2009,2009_b6,CV+,0.1,3,25,0.7856101989746094,886,0.8227990970654627,11.551265512293002,4.940043371818803,26.56563069582226,1.0,8.046472662736475,-2.4143108362906704,7.680064985539726
ossl_lucas_campaign,campaign2009,2009_b7,CV+,0.1,3,25,0.7856101989746094,557,0.8761220825852782,4.192487544906342,3.765319541780998,9.896656139357836,1.0,2.8299367831236553,-1.1180633140242056,2.6020438420216587
ossl_lucas_campaign,campaign2009,2009_b9,CV+,0.1,3,25,0.7856101989746094,769,0.9232769830949284,3.8381469635643723,3.1559517018518166,7.396660594497197,1.0,2.546368204980877,-0.03096668427742501,2.547837033220338
ossl_lucas_campaign,campaign2009,2009_b0,CV+,0.2,3,25,0.7763166427612305,791,0.8457648546144121,4.7130444108242715,2.9259518084084397,8.385055923051475,1.0,3.939679839727334,-0.43155211957756673,3.9184501014463855
ossl_lucas_campaign,campaign2009,2009_b1,CV+,0.2,3,25,0.7763166427612305,293,0.8122866894197952,1.9791237977751543,1.7063574132503165,3.1678147027141943,1.0,1.1073444230243248,-0.4445968628415389,1.0159073364082372
ossl_lucas_campaign,campaign2009,2009_b10,CV+,0.2,3,25,0.7763166427612305,714,0.8277310924369747,2.306826234086629,2.0938026815895086,3.852417310659727,1.0,1.5114031267484613,-0.38611153091243294,1.4622763240950742
ossl_lucas_campaign,campaign2009,2009_b11,CV+,0.2,3,25,0.7763166427612305,270,0.7407407407407407,8.58291347226423,4.764101764629267,24.258360724755242,1.0,10.538385760879997,-2.292272595406485,10.305162818804318
ossl_lucas_campaign,campaign2009,2009_b12,CV+,0.2,3,25,0.7763166427612305,769,0.6241872561768531,10.129780035996468,3.9516588138184443,25.442370338904,1.0,8.603084822645569,-2.2256039399630936,8.315628486457564
ossl_lucas_campaign,campaign2009,2009_b13,CV+,0.2,3,25,0.7763166427612305,427,0.7845433255269321,2.0031350394635723,1.8121743309218905,3.3040865078277717,1.0,1.1708338022281604,-0.460525718644196,1.0777235115013315
ossl_lucas_campaign,campaign2009,2009_b14,CV+,0.2,3,25,0.7763166427612305,833,0.6146458583433373,6.097126761899745,3.916268818578816,18.505641450956883,1.0,6.427824991497614,-2.1817771638780714,6.0498529708614015
ossl_lucas_campaign,campaign2009,2009_b15,CV+,0.2,3,25,0.7763166427612305,740,0.8729729729729729,2.0043839187408086,1.7951014863454464,2.797934164356429,1.0,0.9971417615788459,-0.26893323302177097,0.9608403590669206
ossl_lucas_campaign,campaign2009,2009_b16,CV+,0.2,3,25,0.7763166427612305,637,0.8838304552590267,2.3998782617669887,2.029808223884508,4.914215982966756,1.0,2.2115794030193436,-0.5993390159314153,2.1304933211232897
ossl_lucas_campaign,campaign2009,2009_b17,CV+,0.2,3,25,0.7763166427612305,256,0.6796875,4.707776124885329,3.419396538974886,21.00389194295846,1.0,7.171568043606361,-3.0770097170024964,6.490605654032463
ossl_lucas_campaign,campaign2009,2009_b18,CV+,0.2,3,25,0.7763166427612305,1107,0.7868112014453478,2.3702901416426347,1.8070394106273462,4.401770179494716,1.0,1.6131845962609668,-0.4861284442874377,1.5388901706313756
ossl_lucas_campaign,campaign2009,2009_b19,CV+,0.2,3,25,0.7763166427612305,571,0.7583187390542907,1.864929741945597,1.6550541873816385,3.6280419318041366,1.0,1.2330913483251402,-0.34621398512373697,1.1845283579482797
ossl_lucas_campaign,campaign2009,2009_b2,CV+,0.2,3,25,0.7763166427612305,714,0.7983193277310925,1.608625899773395,1.5300892389705623,2.3740940821316845,1.0,0.7030069708877168,-0.10847469168312153,0.6950745954297306
ossl_lucas_campaign,campaign2009,2009_b20,CV+,0.2,3,25,0.7763166427612305,519,0.8208092485549133,3.1183580638676087,2.4125672150819844,5.9734499014880615,1.0,2.496362880021428,-1.086415297074645,2.249729187780095
ossl_lucas_campaign,campaign2009,2009_b21,CV+,0.2,3,25,0.7763166427612305,60,0.8666666666666667,1.5964727378079813,1.4627066746961772,2.656121014435531,1.0,0.7707498220847238,-0.3140511492865763,0.7098057723416833
ossl_lucas_campaign,campaign2009,2009_b22,CV+,0.2,3,25,0.7763166427612305,832,0.6225961538461539,7.1409289676335055,3.7335665435825747,21.190776213252793,1.0,7.714482043309147,-2.5561167927243598,7.283079983743768
ossl_lucas_campaign,campaign2009,2009_b23,CV+,0.2,3,25,0.7763166427612305,876,0.6575342465753424,3.2152043653138715,2.63692319863151,9.882767452337312,1.0,3.606537106209927,-0.8094087211471751,3.5165443200384865
ossl_lucas_campaign,campaign2009,2009_b24,CV+,0.2,3,25,0.7763166427612305,935,0.827807486631016,2.66792450608163,2.3394929279574814,3.962454204099025,1.0,1.4061737672607926,-0.6300867585459448,1.2577787273138858
ossl_lucas_campaign,campaign2009,2009_b26,CV+,0.2,3,25,0.7763166427612305,982,0.8014256619144603,2.6417380069082035,2.109181213061862,4.888127157298737,1.0,2.5524251023577182,0.16694200932592088,2.5482576230009544
ossl_lucas_campaign,campaign2009,2009_b27,CV+,0.2,3,25,0.7763166427612305,649,0.8736517719568567,2.5477109604216293,2.206858796673174,3.8190882164814552,1.0,1.5591423334979355,-0.6659418503653804,1.410855525823695
ossl_lucas_campaign,campaign2009,2009_b28,CV+,0.2,3,25,0.7763166427612305,844,0.8672985781990521,2.5077018949813055,2.1327887555537064,3.799751378275061,1.0,1.5841693103127406,-0.42576578375950563,1.5267867702096183
ossl_lucas_campaign,campaign2009,2009_b29,CV+,0.2,3,25,0.7763166427612305,389,0.8894601542416453,2.2766850211644094,1.909059308507336,3.398109861491747,1.0,1.2776546784031484,-0.5832299191623092,1.138233220954896
ossl_lucas_campaign,campaign2009,2009_b3,CV+,0.2,3,25,0.7763166427612305,913,0.8587075575027382,2.1489783888310994,1.8909492605686453,3.51592124450817,1.0,1.445999943967283,-0.6609283900105896,1.2868190221860798
ossl_lucas_campaign,campaign2009,2009_b4,CV+,0.2,3,25,0.7763166427612305,759,0.7325428194993412,12.530195164906651,3.4951185879512714,23.51292201664929,1.0,10.783224056723528,0.270392271082192,10.7869418082561
ossl_lucas_campaign,campaign2009,2009_b5,CV+,0.2,3,25,0.7763166427612305,301,0.760797342192691,1.8041292554620274,1.6328898513422707,3.2522701387611503,1.0,1.04803634673782,-0.5592111575031884,0.8878524327230239
ossl_lucas_campaign,campaign2009,2009_b6,CV+,0.2,3,25,0.7763166427612305,886,0.6715575620767494,8.319139348852573,3.557616037402566,21.02405007074152,1.0,8.046472662736475,-2.4143108362906704,7.680064985539726
ossl_lucas_campaign,campaign2009,2009_b7,CV+,0.2,3,25,0.7763166427612305,557,0.748653500897666,3.019881953969491,2.7121850689405314,7.457670544164922,1.0,2.8299367831236553,-1.1180633140242056,2.6020438420216587
ossl_lucas_campaign,campaign2009,2009_b9,CV+,0.2,3,25,0.7763166427612305,769,0.7828348504551366,2.763903788119071,2.269641913447673,5.533545046340604,1.0,2.546368204980877,-0.03096668427742501,2.547837033220338
ossl_lucas_campaign,campaign2009,2009_b0,CQR,0.05,3,25,0.0005052089691162109,791,0.9595448798988622,8.690298519775679,4.519455494546703,13.326873175581936,1.0,3.939679839727334,-0.43155211957756673,3.9184501014463855
ossl_lucas_campaign,campaign2009,2009_b1,CQR,0.05,3,25,0.0005052089691162109,293,0.962457337883959,3.640405049188966,3.052061009155741,4.427546284814025,1.0,1.1073444230243248,-0.4445968628415389,1.0159073364082372
ossl_lucas_campaign,campaign2009,2009_b10,CQR,0.05,3,25,0.0005052089691162109,714,0.9327731092436975,4.339280771858499,3.3280223826796203,5.94713352401029,1.0,1.5114031267484613,-0.38611153091243294,1.4622763240950742
ossl_lucas_campaign,campaign2009,2009_b11,CQR,0.05,3,25,0.0005052089691162109,270,0.8703703703703703,13.600747656029771,7.315584658898514,35.60279439692441,1.0,10.538385760879997,-2.292272595406485,10.305162818804318
ossl_lucas_campaign,campaign2009,2009_b12,CQR,0.05,3,25,0.0005052089691162109,769,0.8803641092327699,18.005900288397832,9.69289093273499,35.186830873338515,1.0,8.603084822645569,-2.2256039399630936,8.315628486457564
ossl_lucas_campaign,campaign2009,2009_b13,CQR,0.05,3,25,0.0005052089691162109,427,0.9625292740046838,4.0162765440925385,3.2818929613834693,4.672314285408698,1.0,1.1708338022281604,-0.460525718644196,1.0777235115013315
ossl_lucas_campaign,campaign2009,2009_b14,CQR,0.05,3,25,0.0005052089691162109,833,0.9111644657863145,13.04249563895058,8.51132194604322,24.105910604601533,1.0,6.427824991497614,-2.1817771638780714,6.0498529708614015
ossl_lucas_campaign,campaign2009,2009_b15,CQR,0.05,3,25,0.0005052089691162109,740,0.9581081081081081,3.7958060703900163,3.2591423824924335,4.790101062221387,1.0,0.9971417615788459,-0.26893323302177097,0.9608403590669206
ossl_lucas_campaign,campaign2009,2009_b16,CQR,0.05,3,25,0.0005052089691162109,637,0.9481946624803768,4.321301958037081,3.2424796296154814,6.076502325214307,1.0,2.2115794030193436,-0.5993390159314153,2.1304933211232897
ossl_lucas_campaign,campaign2009,2009_b17,CQR,0.05,3,25,0.0005052089691162109,256,0.8203125,8.99211636903237,5.370109537099123,37.856796076279764,1.0,7.171568043606361,-3.0770097170024964,6.490605654032463
ossl_lucas_campaign,campaign2009,2009_b18,CQR,0.05,3,25,0.0005052089691162109,1107,0.9069557362240289,5.1126200911134925,3.442981294511956,6.975400956393917,1.0,1.6131845962609668,-0.4861284442874377,1.5388901706313756
ossl_lucas_campaign,campaign2009,2009_b19,CQR,0.05,3,25,0.0005052089691162109,571,0.9211908931698775,3.9301930856438188,3.392286265334546,5.259950389660629,1.0,1.2330913483251402,-0.34621398512373697,1.1845283579482797
ossl_lucas_campaign,campaign2009,2009_b2,CQR,0.05,3,25,0.0005052089691162109,714,0.9243697478991597,3.671826483523829,3.476186886875711,4.264112416366827,1.0,0.7030069708877168,-0.10847469168312153,0.6950745954297306
ossl_lucas_campaign,campaign2009,2009_b20,CQR,0.05,3,25,0.0005052089691162109,519,0.9267822736030829,5.189803441407367,3.6636602278306767,9.713437846104588,1.0,2.496362880021428,-1.086415297074645,2.249729187780095
ossl_lucas_campaign,campaign2009,2009_b21,CQR,0.05,3,25,0.0005052089691162109,60,0.95,3.3993914811405403,2.811460995740013,3.6081146163936904,1.0,0.7707498220847238,-0.3140511492865763,0.7098057723416833
ossl_lucas_campaign,campaign2009,2009_b22,CQR,0.05,3,25,0.0005052089691162109,832,0.8942307692307693,13.480407698415341,7.628608082366817,26.08962224456222,1.0,7.714482043309147,-2.5561167927243598,7.283079983743768
ossl_lucas_campaign,campaign2009,2009_b23,CQR,0.05,3,25,0.0005052089691162109,876,0.9052511415525114,7.31576740639727,4.518976324969667,15.999330905008634,1.0,3.606537106209927,-0.8094087211471751,3.5165443200384865
ossl_lucas_campaign,campaign2009,2009_b24,CQR,0.05,3,25,0.0005052089691162109,935,0.948663101604278,4.519618666955785,3.7842966697609346,6.194630159327456,1.0,1.4061737672607926,-0.6300867585459448,1.2577787273138858
ossl_lucas_campaign,campaign2009,2009_b26,CQR,0.05,3,25,0.0005052089691162109,982,0.960285132382892,5.428906769302843,3.706067148054546,8.379510427514887,1.0,2.5524251023577182,0.16694200932592088,2.5482576230009544
ossl_lucas_campaign,campaign2009,2009_b27,CQR,0.05,3,25,0.0005052089691162109,649,0.9553158705701078,4.023268145228727,3.2909263539796076,5.946494017013004,1.0,1.5591423334979355,-0.6659418503653804,1.410855525823695
ossl_lucas_campaign,campaign2009,2009_b28,CQR,0.05,3,25,0.0005052089691162109,844,0.9727488151658767,4.324542315546393,3.3955607296964825,5.222414234930289,1.0,1.5841693103127406,-0.42576578375950563,1.5267867702096183
ossl_lucas_campaign,campaign2009,2009_b29,CQR,0.05,3,25,0.0005052089691162109,389,0.9537275064267352,3.962851703459632,3.2789145836156,5.954498092700838,1.0,1.2776546784031484,-0.5832299191623092,1.138233220954896
ossl_lucas_campaign,campaign2009,2009_b3,CQR,0.05,3,25,0.0005052089691162109,913,0.9550930996714129,3.616999579414532,3.0895355963866855,5.314056765042328,1.0,1.445999943967283,-0.6609283900105896,1.2868190221860798
ossl_lucas_campaign,campaign2009,2009_b4,CQR,0.05,3,25,0.0005052089691162109,759,0.930171277997365,18.490587704449727,7.657103337985328,25.57840831062106,1.0,10.783224056723528,0.270392271082192,10.7869418082561
ossl_lucas_campaign,campaign2009,2009_b5,CQR,0.05,3,25,0.0005052089691162109,301,0.9534883720930233,3.6741560886286795,3.250213129447906,4.118178877333923,1.0,1.04803634673782,-0.5592111575031884,0.8878524327230239
ossl_lucas_campaign,campaign2009,2009_b6,CQR,0.05,3,25,0.0005052089691162109,886,0.8950338600451467,15.439522010951544,8.246284779019271,28.730819833491807,1.0,8.046472662736475,-2.4143108362906704,7.680064985539726
ossl_lucas_campaign,campaign2009,2009_b7,CQR,0.05,3,25,0.0005052089691162109,557,0.8850987432675045,4.908367582171456,3.9572867048265454,13.005331217969848,1.0,2.8299367831236553,-1.1180633140242056,2.6020438420216587
ossl_lucas_campaign,campaign2009,2009_b9,CQR,0.05,3,25,0.0005052089691162109,769,0.9596879063719116,5.806193280048173,3.871898207278771,9.292136657246159,1.0,2.546368204980877,-0.03096668427742501,2.547837033220338
ossl_lucas_campaign,campaign2009,2009_b0,CQR,0.1,3,25,0.0002720355987548828,791,0.9329962073324906,6.8772265611874515,3.410796002978034,9.875889461646402,1.0,3.939679839727334,-0.43155211957756673,3.9184501014463855
ossl_lucas_campaign,campaign2009,2009_b1,CQR,0.1,3,25,0.0002720355987548828,293,0.9180887372013652,2.4155665738818843,2.0417666490996575,3.4314635101322293,1.0,1.1073444230243248,-0.4445968628415389,1.0159073364082372
ossl_lucas_campaign,campaign2009,2009_b10,CQR,0.1,3,25,0.0002720355987548828,714,0.8403361344537815,2.7777051206206935,2.1827613860663524,4.589678868793949,1.0,1.5114031267484613,-0.38611153091243294,1.4622763240950742
ossl_lucas_campaign,campaign2009,2009_b11,CQR,0.1,3,25,0.0002720355987548828,270,0.837037037037037,11.535920539973985,6.035410020358432,26.623852043498292,1.0,10.538385760879997,-2.292272595406485,10.305162818804318
ossl_lucas_campaign,campaign2009,2009_b12,CQR,0.1,3,25,0.0002720355987548828,769,0.8218465539661899,15.2774694866386,7.238996560407975,29.254893916299437,1.0,8.603084822645569,-2.2256039399630936,8.315628486457564
ossl_lucas_campaign,campaign2009,2009_b13,CQR,0.1,3,25,0.0002720355987548828,427,0.9110070257611241,2.805550682089441,2.259456063131553,3.418485915581411,1.0,1.1708338022281604,-0.460525718644196,1.0777235115013315
ossl_lucas_campaign,campaign2009,2009_b14,CQR,0.1,3,25,0.0002720355987548828,833,0.8523409363745498,10.22255073686419,6.246157494134469,19.76826934956947,1.0,6.427824991497614,-2.1817771638780714,6.0498529708614015
ossl_lucas_campaign,campaign2009,2009_b15,CQR,0.1,3,25,0.0002720355987548828,740,0.9081081081081082,2.792179990349846,2.454601948490678,3.84184197366876,1.0,0.9971417615788459,-0.26893323302177097,0.9608403590669206
ossl_lucas_campaign,campaign2009,2009_b16,CQR,0.1,3,25,0.0002720355987548828,637,0.9042386185243328,3.042558209042482,2.2766120815215674,5.194537858587058,1.0,2.2115794030193436,-0.5993390159314153,2.1304933211232897
ossl_lucas_campaign,campaign2009,2009_b17,CQR,0.1,3,25,0.0002720355987548828,256,0.7578125,7.1664384205790554,4.1502719043085845,26.09884723123333,1.0,7.171568043606361,-3.0770097170024964,6.490605654032463
ossl_lucas_campaign,campaign2009,2009_b18,CQR,0.1,3,25,0.0002720355987548828,1107,0.8066847335140018,3.4348033915936047,2.3804220120813233,5.492181344837345,1.0,1.6131845962609668,-0.4861284442874377,1.5388901706313756
ossl_lucas_campaign,campaign2009,2009_b19,CQR,0.1,3,25,0.0002720355987548828,571,0.840630472854641,2.6973571150730584,2.373309758444901,4.326315226457825,1.0,1.2330913483251402,-0.34621398512373697,1.1845283579482797
ossl_lucas_campaign,campaign2009,2009_b2,CQR,0.1,3,25,0.0002720355987548828,714,0.8641456582633054,2.6361248419622263,2.525259806382689,3.263859939221406,1.0,0.7030069708877168,-0.10847469168312153,0.6950745954297306
ossl_lucas_campaign,campaign2009,2009_b20,CQR,0.1,3,25,0.0002720355987548828,519,0.859344894026975,3.9360473099556104,2.6373429335475063,7.104238447538433,1.0,2.496362880021428,-1.086415297074645,2.249729187780095
ossl_lucas_campaign,campaign2009,2009_b21,CQR,0.1,3,25,0.0002720355987548828,60,0.9166666666666666,2.246851588778856,1.866682504902858,2.599324469906041,1.0,0.7707498220847238,-0.3140511492865763,0.7098057723416833
ossl_lucas_campaign,campaign2009,2009_b22,CQR,0.1,3,25,0.0002720355987548828,832,0.8317307692307693,11.296521683172115,5.971838131349701,21.322426004005443,1.0,7.714482043309147,-2.5561167927243598,7.283079983743768
ossl_lucas_campaign,campaign2009,2009_b23,CQR,0.1,3,25,0.0002720355987548828,876,0.8458904109589042,5.073095369758966,3.2812085889794926,11.256025551224054,1.0,3.606537106209927,-0.8094087211471751,3.5165443200384865
ossl_lucas_campaign,campaign2009,2009_b24,CQR,0.1,3,25,0.0002720355987548828,935,0.8748663101604278,3.330267197057141,2.778296262689558,4.948870123429064,1.0,1.4061737672607926,-0.6300867585459448,1.2577787273138858
ossl_lucas_campaign,campaign2009,2009_b26,CQR,0.1,3,25,0.0002720355987548828,982,0.9103869653767821,3.8121513371830176,2.526660150457669,5.931789442556277,1.0,2.5524251023577182,0.16694200932592088,2.5482576230009544
ossl_lucas_campaign,campaign2009,2009_b27,CQR,0.1,3,25,0.0002720355987548828,649,0.8921417565485362,2.9236558410894644,2.3076803121134417,4.54292576293077,1.0,1.5591423334979355,-0.6659418503653804,1.410855525823695
ossl_lucas_campaign,campaign2009,2009_b28,CQR,0.1,3,25,0.0002720355987548828,844,0.9324644549763034,3.1003400546195783,2.4149408457150954,4.1130701158527,1.0,1.5841693103127406,-0.42576578375950563,1.5267867702096183
ossl_lucas_campaign,campaign2009,2009_b29,CQR,0.1,3,25,0.0002720355987548828,389,0.910025706940874,2.82417793264749,2.2845237580847626,4.7180537565486675,1.0,1.2776546784031484,-0.5832299191623092,1.138233220954896
ossl_lucas_campaign,campaign2009,2009_b3,CQR,0.1,3,25,0.0002720355987548828,913,0.8882803943044907,2.533942682786898,2.1260907671239773,4.2774782335855415,1.0,1.445999943967283,-0.6609283900105896,1.2868190221860798
ossl_lucas_campaign,campaign2009,2009_b4,CQR,0.1,3,25,0.0002720355987548828,759,0.8735177865612648,15.802687198876201,5.6757186751053075,22.48961904321973,1.0,10.783224056723528,0.270392271082192,10.7869418082561
ossl_lucas_campaign,campaign2009,2009_b5,CQR,0.1,3,25,0.0002720355987548828,301,0.9069767441860465,2.4230864493785216,2.1832160653185166,3.3806932222949397,1.0,1.04803634673782,-0.5592111575031884,0.8878524327230239
ossl_lucas_campaign,campaign2009,2009_b6,CQR,0.1,3,25,0.0002720355987548828,886,0.845372460496614,13.054820003501039,6.0490565717873395,23.972827489338616,1.0,8.046472662736475,-2.4143108362906704,7.680064985539726
ossl_lucas_campaign,campaign2009,2009_b7,CQR,0.1,3,25,0.0002720355987548828,557,0.829443447037702,3.80284847567763,2.998333274281843,9.331702611629074,1.0,2.8299367831236553,-1.1180633140242056,2.6020438420216587
ossl_lucas_campaign,campaign2009,2009_b9,CQR,0.1,3,25,0.0002720355987548828,769,0.9128738621586476,4.120726689080728,2.7190388933310747,7.011207203698145,1.0,2.546368204980877,-0.03096668427742501,2.547837033220338
ossl_lucas_campaign,campaign2009,2009_b0,CQR,0.2,3,25,0.00028634071350097656,791,0.8482932996207333,4.525531811295672,2.352159663873378,6.962418609757181,1.0,3.939679839727334,-0.43155211957756673,3.9184501014463855
ossl_lucas_campaign,campaign2009,2009_b1,CQR,0.2,3,25,0.00028634071350097656,293,0.8327645051194539,1.6125207005178974,1.341656177313714,2.5981990429443114,1.0,1.1073444230243248,-0.4445968628415389,1.0159073364082372
ossl_lucas_campaign,campaign2009,2009_b10,CQR,0.2,3,25,0.00028634071350097656,714,0.7282913165266106,1.8510795885382936,1.4507124544026506,3.4843381628424654,1.0,1.5114031267484613,-0.38611153091243294,1.4622763240950742
ossl_lucas_campaign,campaign2009,2009_b11,CQR,0.2,3,25,0.00028634071350097656,270,0.7407407407407407,7.7153916735983445,4.5447747607301565,18.23422911313353,1.0,10.538385760879997,-2.292272595406485,10.305162818804318
ossl_lucas_campaign,campaign2009,2009_b12,CQR,0.2,3,25,0.00028634071350097656,769,0.7100130039011704,10.385391605999502,5.068692094293064,20.136277391513037,1.0,8.603084822645569,-2.2256039399630936,8.315628486457564
ossl_lucas_campaign,campaign2009,2009_b13,CQR,0.2,3,25,0.00028634071350097656,427,0.8384074941451991,1.8934780162202587,1.5224172693625198,2.5481227215352322,1.0,1.1708338022281604,-0.460525718644196,1.0777235115013315
ossl_lucas_campaign,campaign2009,2009_b14,CQR,0.2,3,25,0.00028634071350097656,833,0.7466986794717887,7.167516063699717,4.180187907911375,13.915642885614613,1.0,6.427824991497614,-2.1817771638780714,6.0498529708614015
ossl_lucas_campaign,campaign2009,2009_b15,CQR,0.2,3,25,0.00028634071350097656,740,0.8216216216216217,1.9136838611344105,1.640206920528351,2.807898163550553,1.0,0.9971417615788459,-0.26893323302177097,0.9608403590669206
ossl_lucas_campaign,campaign2009,2009_b16,CQR,0.2,3,25,0.00028634071350097656,637,0.8273155416012559,2.118562982770417,1.554620623038156,3.9429188201474243,1.0,2.2115794030193436,-0.5993390159314153,2.1304933211232897
ossl_lucas_campaign,campaign2009,2009_b17,CQR,0.2,3,25,0.00028634071350097656,256,0.58984375,5.225193855819194,2.9963554830875454,17.88984695665001,1.0,7.171568043606361,-3.0770097170024964,6.490605654032463
ossl_lucas_campaign,campaign2009,2009_b18,CQR,0.2,3,25,0.00028634071350097656,1107,0.6639566395663956,2.2960045641577596,1.6384361608427869,4.378762278927563,1.0,1.6131845962609668,-0.4861284442874377,1.5388901706313756
ossl_lucas_campaign,campaign2009,2009_b19,CQR,0.2,3,25,0.00028634071350097656,571,0.7478108581436077,1.8295224951637818,1.620106240384338,3.276637360787112,1.0,1.2330913483251402,-0.34621398512373697,1.1845283579482797
ossl_lucas_campaign,campaign2009,2009_b2,CQR,0.2,3,25,0.00028634071350097656,714,0.7717086834733894,1.7697010761536283,1.6833230810938882,2.4520080567563802,1.0,0.7030069708877168,-0.10847469168312153,0.6950745954297306
ossl_lucas_campaign,campaign2009,2009_b20,CQR,0.2,3,25,0.00028634071350097656,519,0.7572254335260116,2.823912499952563,1.8251127042893218,5.4009107230096305,1.0,2.496362880021428,-1.086415297074645,2.249729187780095
ossl_lucas_campaign,campaign2009,2009_b21,CQR,0.2,3,25,0.00028634071350097656,60,0.8333333333333334,1.4950532483520655,1.231467790480094,2.055374107371406,1.0,0.7707498220847238,-0.3140511492865763,0.7098057723416833
ossl_lucas_campaign,campaign2009,2009_b22,CQR,0.2,3,25,0.00028634071350097656,832,0.7379807692307693,8.099935564914961,4.298834072103745,15.28369693106603,1.0,7.714482043309147,-2.5561167927243598,7.283079983743768
ossl_lucas_campaign,campaign2009,2009_b23,CQR,0.2,3,25,0.00028634071350097656,876,0.728310502283105,3.334662283479431,2.285000982649951,7.69814749758448,1.0,3.606537106209927,-0.8094087211471751,3.5165443200384865
ossl_lucas_campaign,campaign2009,2009_b24,CQR,0.2,3,25,0.00028634071350097656,935,0.7625668449197861,2.3376552824383494,1.87434015426153,3.910227046635387,1.0,1.4061737672607926,-0.6300867585459448,1.2577787273138858
ossl_lucas_campaign,campaign2009,2009_b26,CQR,0.2,3,25,0.00028634071350097656,982,0.8197556008146639,2.5403455651100657,1.6612553223346207,4.0840026288720255,1.0,2.5524251023577182,0.16694200932592088,2.5482576230009544
ossl_lucas_campaign,campaign2009,2009_b27,CQR,0.2,3,25,0.00028634071350097656,649,0.7950693374422187,2.086602789432139,1.6221950493439528,3.4437701120372717,1.0,1.5591423334979355,-0.6659418503653804,1.410855525823695
ossl_lucas_campaign,campaign2009,2009_b28,CQR,0.2,3,25,0.00028634071350097656,844,0.8341232227488151,2.0811625905917106,1.60759090198026,3.2329850082132507,1.0,1.5841693103127406,-0.42576578375950563,1.5267867702096183
ossl_lucas_campaign,campaign2009,2009_b29,CQR,0.2,3,25,0.00028634071350097656,389,0.8046272493573264,2.0276767479002706,1.5711871321603494,3.4859005907209357,1.0,1.2776546784031484,-0.5832299191623092,1.138233220954896
ossl_lucas_campaign,campaign2009,2009_b3,CQR,0.2,3,25,0.00028634071350097656,913,0.7798466593647316,1.7183402096946667,1.4191183233382985,3.2875787125504465,1.0,1.445999943967283,-0.6609283900105896,1.2868190221860798
ossl_lucas_campaign,campaign2009,2009_b4,CQR,0.2,3,25,0.00028634071350097656,759,0.7957839262187089,9.962589630854369,3.9405539421417366,14.921177674062587,1.0,10.783224056723528,0.270392271082192,10.7869418082561
ossl_lucas_campaign,campaign2009,2009_b5,CQR,0.2,3,25,0.00028634071350097656,301,0.840531561461794,1.6442558321028344,1.4873834250695657,2.445780030304478,1.0,1.04803634673782,-0.5592111575031884,0.8878524327230239
ossl_lucas_campaign,campaign2009,2009_b6,CQR,0.2,3,25,0.00028634071350097656,886,0.7471783295711061,9.014807557935711,4.167073457363879,15.737267879544659,1.0,8.046472662736475,-2.4143108362906704,7.680064985539726
ossl_lucas_campaign,campaign2009,2009_b7,CQR,0.2,3,25,0.00028634071350097656,557,0.6912028725314183,2.723329876107951,2.1686923504421216,7.0471798813654445,1.0,2.8299367831236553,-1.1180633140242056,2.6020438420216587
ossl_lucas_campaign,campaign2009,2009_b9,CQR,0.2,3,25,0.00028634071350097656,769,0.811443433029909,2.799797443594909,1.8187464251720606,4.850744906394356,1.0,2.546368204980877,-0.03096668427742501,2.547837033220338
ossl_lucas_campaign,campaign2009,2009_b0,WCP,0.05,3,25,0.2771179676055908,791,0.9721871049304678,inf,11.407837797887328,inf,0.6017699115044248,3.939679839727334,-0.43155211957756673,3.9184501014463855
ossl_lucas_campaign,campaign2009,2009_b1,WCP,0.05,3,25,0.2771179676055908,293,0.4948805460750853,inf,0.8465193518762018,inf,0.9965870307167235,1.1073444230243248,-0.4445968628415389,1.0159073364082372
ossl_lucas_campaign,campaign2009,2009_b10,WCP,0.05,3,25,0.2771179676055908,714,0.44537815126050423,inf,1.0566289252977374,inf,0.9775910364145658,1.5114031267484613,-0.38611153091243294,1.4622763240950742
ossl_lucas_campaign,campaign2009,2009_b11,WCP,0.05,3,25,0.2771179676055908,270,0.9925925925925926,inf,18.572343499615343,inf,0.9629629629629629,10.538385760879997,-2.292272595406485,10.305162818804318
ossl_lucas_campaign,campaign2009,2009_b12,WCP,0.05,3,25,0.2771179676055908,769,0.9934980494148244,inf,17.51312319210953,inf,0.8439531859557867,8.603084822645569,-2.2256039399630936,8.315628486457564
ossl_lucas_campaign,campaign2009,2009_b13,WCP,0.05,3,25,0.2771179676055908,427,0.5292740046838408,inf,1.032750522735429,inf,0.8571428571428571,1.1708338022281604,-0.460525718644196,1.0777235115013315
ossl_lucas_campaign,campaign2009,2009_b14,WCP,0.05,3,25,0.2771179676055908,833,0.9387755102040817,inf,8.832713139428641,inf,0.7971188475390156,6.427824991497614,-2.1817771638780714,6.0498529708614015
ossl_lucas_campaign,campaign2009,2009_b15,WCP,0.05,3,25,0.2771179676055908,740,0.9918918918918919,inf,3.882177346270872,inf,0.9175675675675675,0.9971417615788459,-0.26893323302177097,0.9608403590669206
ossl_lucas_campaign,campaign2009,2009_b16,WCP,0.05,3,25,0.2771179676055908,637,0.5698587127158555,inf,1.0533873644022076,inf,0.9638932496075353,2.2115794030193436,-0.5993390159314153,2.1304933211232897
ossl_lucas_campaign,campaign2009,2009_b17,WCP,0.05,3,25,0.2771179676055908,256,0.87890625,inf,7.115692315593767,inf,0.87890625,7.171568043606361,-3.0770097170024964,6.490605654032463
ossl_lucas_campaign,campaign2009,2009_b18,WCP,0.05,3,25,0.2771179676055908,1107,0.48148148148148145,inf,0.8995237753884716,inf,0.999096657633243,1.6131845962609668,-0.4861284442874377,1.5388901706313756
ossl_lucas_campaign,campaign2009,2009_b19,WCP,0.05,3,25,0.2771179676055908,571,0.38879159369527144,inf,0.8280588699546949,inf,0.9877408056042032,1.2330913483251402,-0.34621398512373697,1.1845283579482797
ossl_lucas_campaign,campaign2009,2009_b2,WCP,0.05,3,25,0.2771179676055908,714,0.6218487394957983,inf,0.8896268892289014,inf,0.7647058823529411,0.7030069708877168,-0.10847469168312153,0.6950745954297306
ossl_lucas_campaign,campaign2009,2009_b20,WCP,0.05,3,25,0.2771179676055908,519,0.45664739884393063,inf,1.2903693463497146,inf,0.9441233140655106,2.496362880021428,-1.086415297074645,2.249729187780095
ossl_lucas_campaign,campaign2009,2009_b21,WCP,0.05,3,25,0.2771179676055908,60,0.9666666666666667,inf,inf,inf,0.48333333333333334,0.7707498220847238,-0.3140511492865763,0.7098057723416833
ossl_lucas_campaign,campaign2009,2009_b22,WCP,0.05,3,25,0.2771179676055908,832,0.7668269230769231,inf,16.515906732743368,inf,0.5997596153846154,7.714482043309147,-2.5561167927243598,7.283079983743768
ossl_lucas_campaign,campaign2009,2009_b23,WCP,0.05,3,25,0.2771179676055908,876,0.3470319634703196,1.5806083159472863,1.3065243720002546,49.070923040272916,1.0,3.606537106209927,-0.8094087211471751,3.5165443200384865
ossl_lucas_campaign,campaign2009,2009_b24,WCP,0.05,3,25,0.2771179676055908,935,0.4449197860962567,1.3291936783691576,1.1672116325786936,20.49554900443709,1.0,1.4061737672607926,-0.6300867585459448,1.2577787273138858
ossl_lucas_campaign,campaign2009,2009_b26,WCP,0.05,3,25,0.2771179676055908,982,0.5692464358452138,inf,1.0529192547178756,inf,0.994908350305499,2.5524251023577182,0.16694200932592088,2.5482576230009544
ossl_lucas_campaign,campaign2009,2009_b27,WCP,0.05,3,25,0.2771179676055908,649,0.44992295839753466,1.2690670875512078,1.098255864118648,19.437409471020032,1.0,1.5591423334979355,-0.6659418503653804,1.410855525823695
ossl_lucas_campaign,campaign2009,2009_b28,WCP,0.05,3,25,0.2771179676055908,844,0.4727488151658768,1.2438809209049702,1.057436627587455,16.66643283237168,1.0,1.5841693103127406,-0.42576578375950563,1.5267867702096183
ossl_lucas_campaign,campaign2009,2009_b29,WCP,0.05,3,25,0.2771179676055908,389,0.4987146529562982,1.1320403268884272,0.9549063946624241,16.783068493925853,1.0,1.2776546784031484,-0.5832299191623092,1.138233220954896
ossl_lucas_campaign,campaign2009,2009_b3,WCP,0.05,3,25,0.2771179676055908,913,0.37349397590361444,1.0714415155970605,0.950575920415836,18.819740286996353,1.0,1.445999943967283,-0.6609283900105896,1.2868190221860798
ossl_lucas_campaign,campaign2009,2009_b4,WCP,0.05,3,25,0.2771179676055908,759,0.9986824769433466,inf,13.758892418905832,inf,0.932806324110672,10.783224056723528,0.270392271082192,10.7869418082561
ossl_lucas_campaign,campaign2009,2009_b5,WCP,0.05,3,25,0.2771179676055908,301,0.3853820598006645,inf,0.81843046765103,inf,0.973421926910299,1.04803634673782,-0.5592111575031884,0.8878524327230239
ossl_lucas_campaign,campaign2009,2009_b6,WCP,0.05,3,25,0.2771179676055908,886,0.9943566591422122,inf,15.147584701466004,inf,0.8803611738148984,8.046472662736475,-2.4143108362906704,7.680064985539726
ossl_lucas_campaign,campaign2009,2009_b7,WCP,0.05,3,25,0.2771179676055908,557,0.3644524236983842,1.4906151619660966,1.3377682892975773,39.8410271523713,1.0,2.8299367831236553,-1.1180633140242056,2.6020438420216587
ossl_lucas_campaign,campaign2009,2009_b9,WCP,0.05,3,25,0.2771179676055908,769,0.5344603381014305,1.3658547712929223,1.1330123888147572,22.37726796855893,1.0,2.546368204980877,-0.03096668427742501,2.547837033220338
ossl_lucas_campaign,campaign2009,2009_b0,WCP,0.1,3,25,0.011162996292114258,791,0.9241466498103666,inf,3.6978883943663523,inf,0.7433628318584071,3.939679839727334,-0.43155211957756673,3.9184501014463855
ossl_lucas_campaign,campaign2009,2009_b1,WCP,0.1,3,25,0.011162996292114258,293,0.4948805460750853,inf,0.8465193518762018,inf,0.9965870307167235,1.1073444230243248,-0.4445968628415389,1.0159073364082372
ossl_lucas_campaign,campaign2009,2009_b10,WCP,0.1,3,25,0.011162996292114258,714,0.4341736694677871,inf,1.0367239722046557,inf,0.9943977591036415,1.5114031267484613,-0.38611153091243294,1.4622763240950742
ossl_lucas_campaign,campaign2009,2009_b11,WCP,0.1,3,25,0.011162996292114258,270,0.9407407407407408,inf,12.3948792446992,inf,0.9888888888888889,10.538385760879997,-2.292272595406485,10.305162818804318
ossl_lucas_campaign,campaign2009,2009_b12,WCP,0.1,3,25,0.011162996292114258,769,0.9219765929778934,inf,10.415430521504833,inf,0.9154746423927178,8.603084822645569,-2.2256039399630936,8.315628486457564
ossl_lucas_campaign,campaign2009,2009_b13,WCP,0.1,3,25,0.011162996292114258,427,0.4566744730679157,inf,0.9567543885981301,inf,0.9180327868852459,1.1708338022281604,-0.460525718644196,1.0777235115013315
ossl_lucas_campaign,campaign2009,2009_b14,WCP,0.1,3,25,0.011162996292114258,833,0.5918367346938775,inf,3.0219209729423953,inf,0.8631452581032413,6.427824991497614,-2.1817771638780714,6.0498529708614015
ossl_lucas_campaign,campaign2009,2009_b15,WCP,0.1,3,25,0.011162996292114258,740,0.9891891891891892,inf,3.751023434673257,inf,0.9621621621621622,0.9971417615788459,-0.26893323302177097,0.9608403590669206
ossl_lucas_campaign,campaign2009,2009_b16,WCP,0.1,3,25,0.011162996292114258,637,0.5557299843014128,inf,1.0275136451664126,inf,0.9795918367346939,2.2115794030193436,-0.5993390159314153,2.1304933211232897
ossl_lucas_campaign,campaign2009,2009_b17,WCP,0.1,3,25,0.011162996292114258,256,0.8359375,inf,5.713724567823515,inf,0.921875,7.171568043606361,-3.0770097170024964,6.490605654032463
ossl_lucas_campaign,campaign2009,2009_b18,WCP,0.1,3,25,0.011162996292114258,1107,0.48057813911472447,1.1689596879085047,0.8989763086565375,11.73352570759566,1.0,1.6131845962609668,-0.4861284442874377,1.5388901706313756
ossl_lucas_campaign,campaign2009,2009_b19,WCP,0.1,3,25,0.011162996292114258,571,0.38353765323992994,inf,0.8239518641589215,inf,0.9929947460595446,1.2330913483251402,-0.34621398512373697,1.1845283579482797
ossl_lucas_campaign,campaign2009,2009_b2,WCP,0.1,3,25,0.011162996292114258,714,0.5784313725490197,inf,0.8384043692466286,inf,0.8375350140056023,0.7030069708877168,-0.10847469168312153,0.6950745954297306
ossl_lucas_campaign,campaign2009,2009_b20,WCP,0.1,3,25,0.011162996292114258,519,0.4393063583815029,inf,1.254381848917242,inf,0.9672447013487476,2.496362880021428,-1.086415297074645,2.249729187780095
ossl_lucas_campaign,campaign2009,2009_b21,WCP,0.1,3,25,0.011162996292114258,60,0.9666666666666667,inf,3.144393828321032,inf,0.6333333333333333,0.7707498220847238,-0.3140511492865763,0.7098057723416833
ossl_lucas_campaign,campaign2009,2009_b22,WCP,0.1,3,25,0.011162996292114258,832,0.6526442307692307,inf,4.915002904859224,inf,0.7211538461538461,7.714482043309147,-2.5561167927243598,7.283079983743768
ossl_lucas_campaign,campaign2009,2009_b23,WCP,0.1,3,25,0.011162996292114258,876,0.3470319634703196,1.5806083159472863,1.3065243720002546,25.325765678110105,1.0,3.606537106209927,-0.8094087211471751,3.5165443200384865
ossl_lucas_campaign,campaign2009,2009_b24,WCP,0.1,3,25,0.011162996292114258,935,0.4449197860962567,1.3291936783691576,1.1672116325786936,10.912371341403125,1.0,1.4061737672607926,-0.6300867585459448,1.2577787273138858
ossl_lucas_campaign,campaign2009,2009_b26,WCP,0.1,3,25,0.011162996292114258,982,0.5682281059063137,inf,1.0521261843850054,inf,0.9969450101832994,2.5524251023577182,0.16694200932592088,2.5482576230009544
ossl_lucas_campaign,campaign2009,2009_b27,WCP,0.1,3,25,0.011162996292114258,649,0.44992295839753466,1.2690670875512078,1.098255864118648,10.353238279285621,1.0,1.5591423334979355,-0.6659418503653804,1.410855525823695
ossl_lucas_campaign,campaign2009,2009_b28,WCP,0.1,3,25,0.011162996292114258,844,0.4727488151658768,1.2438809209049702,1.057436627587455,8.955156876638325,1.0,1.5841693103127406,-0.42576578375950563,1.5267867702096183
ossl_lucas_campaign,campaign2009,2009_b29,WCP,0.1,3,25,0.011162996292114258,389,0.4987146529562982,1.1320403268884272,0.9549063946624241,8.957554410407138,1.0,1.2776546784031484,-0.5832299191623092,1.138233220954896
ossl_lucas_campaign,campaign2009,2009_b3,WCP,0.1,3,25,0.011162996292114258,913,0.37349397590361444,1.0714415155970605,0.950575920415836,9.945590901296706,1.0,1.445999943967283,-0.6609283900105896,1.2868190221860798
ossl_lucas_campaign,campaign2009,2009_b4,WCP,0.1,3,25,0.011162996292114258,759,0.9986824769433466,inf,13.299726562333378,inf,0.9565217391304348,10.783224056723528,0.270392271082192,10.7869418082561
ossl_lucas_campaign,campaign2009,2009_b5,WCP,0.1,3,25,0.011162996292114258,301,0.37209302325581395,inf,0.8128530917449108,inf,0.9867109634551495,1.04803634673782,-0.5592111575031884,0.8878524327230239
ossl_lucas_campaign,campaign2009,2009_b6,WCP,0.1,3,25,0.011162996292114258,886,0.9943566591422122,inf,13.854840173774608,inf,0.9334085778781038,8.046472662736475,-2.4143108362906704,7.680064985539726
ossl_lucas_campaign,campaign2009,2009_b7,WCP,0.1,3,25,0.011162996292114258,557,0.3644524236983842,1.4906151619660966,1.3377682892975773,20.665821157168697,1.0,2.8299367831236553,-1.1180633140242056,2.6020438420216587
ossl_lucas_campaign,campaign2009,2009_b9,WCP,0.1,3,25,0.011162996292114258,769,0.5344603381014305,1.3658547712929223,1.1330123888147572,11.871561369925926,1.0,2.546368204980877,-0.03096668427742501,2.547837033220338
ossl_lucas_campaign,campaign2009,2009_b0,WCP,0.2,3,25,0.009970426559448242,791,0.8482932996207333,inf,2.396580451436738,inf,0.8293299620733249,3.939679839727334,-0.43155211957756673,3.9184501014463855
ossl_lucas_campaign,campaign2009,2009_b1,WCP,0.2,3,25,0.009970426559448242,293,0.4948805460750853,inf,0.8465193518762018,inf,0.9965870307167235,1.1073444230243248,-0.4445968628415389,1.0159073364082372
ossl_lucas_campaign,campaign2009,2009_b10,WCP,0.2,3,25,0.009970426559448242,714,0.42997198879551823,inf,1.033168472414443,inf,0.9985994397759104,1.5114031267484613,-0.38611153091243294,1.4622763240950742
ossl_lucas_campaign,campaign2009,2009_b11,WCP,0.2,3,25,0.009970426559448242,270,0.937037037037037,18.248398101814438,10.400619294774927,23.13655355817338,1.0,10.538385760879997,-2.292272595406485,10.305162818804318
ossl_lucas_campaign,campaign2009,2009_b12,WCP,0.2,3,25,0.009970426559448242,769,0.5695708712613784,inf,3.4007564492231785,inf,0.953185955786736,8.603084822645569,-2.2256039399630936,8.315628486457564
ossl_lucas_campaign,campaign2009,2009_b13,WCP,0.2,3,25,0.009970426559448242,427,0.4309133489461358,inf,0.9257466919424986,inf,0.9461358313817331,1.1708338022281604,-0.460525718644196,1.0777235115013315
ossl_lucas_campaign,campaign2009,2009_b14,WCP,0.2,3,25,0.009970426559448242,833,0.44057623049219685,inf,2.0016914219692277,inf,0.9135654261704682,6.427824991497614,-2.1817771638780714,6.0498529708614015
ossl_lucas_campaign,campaign2009,2009_b15,WCP,0.2,3,25,0.009970426559448242,740,0.9891891891891892,inf,3.707611371358844,inf,0.9824324324324324,0.9971417615788459,-0.26893323302177097,0.9608403590669206
ossl_lucas_campaign,campaign2009,2009_b16,WCP,0.2,3,25,0.009970426559448242,637,0.5494505494505495,inf,1.0187416565070793,inf,0.9921507064364207,2.2115794030193436,-0.5993390159314153,2.1304933211232897
ossl_lucas_campaign,campaign2009,2009_b17,WCP,0.2,3,25,0.009970426559448242,256,0.82421875,inf,5.6434805204075875,inf,0.9609375,7.171568043606361,-3.0770097170024964,6.490605654032463
ossl_lucas_campaign,campaign2009,2009_b18,WCP,0.2,3,25,0.009970426559448242,1107,0.48057813911472447,1.1689596879085047,0.8989763086565375,6.451242697752083,1.0,1.6131845962609668,-0.4861284442874377,1.5388901706313756
ossl_lucas_campaign,campaign2009,2009_b19,WCP,0.2,3,25,0.009970426559448242,571,0.38353765323992994,inf,0.8232592354852122,inf,0.9929947460595446,1.2330913483251402,-0.34621398512373697,1.1845283579482797
ossl_lucas_campaign,campaign2009,2009_b2,WCP,0.2,3,25,0.009970426559448242,714,0.5406162464985994,inf,0.8009077556362698,inf,0.8949579831932774,0.7030069708877168,-0.10847469168312153,0.6950745954297306
ossl_lucas_campaign,campaign2009,2009_b20,WCP,0.2,3,25,0.009970426559448242,519,0.4296724470134875,inf,1.2246929156932802,inf,0.9788053949903661,2.496362880021428,-1.086415297074645,2.249729187780095
ossl_lucas_campaign,campaign2009,2009_b21,WCP,0.2,3,25,0.009970426559448242,60,0.9666666666666667,inf,2.0897729722754192,inf,0.7333333333333333,0.7707498220847238,-0.3140511492865763,0.7098057723416833
ossl_lucas_campaign,campaign2009,2009_b22,WCP,0.2,3,25,0.009970426559448242,832,0.5757211538461539,inf,3.4852610265044066,inf,0.8149038461538461,7.714482043309147,-2.5561167927243598,7.283079983743768
ossl_lucas_campaign,campaign2009,2009_b23,WCP,0.2,3,25,0.009970426559448242,876,0.3470319634703196,1.5806083159472863,1.3065243720002546,13.453186997028695,1.0,3.606537106209927,-0.8094087211471751,3.5165443200384865
ossl_lucas_campaign,campaign2009,2009_b24,WCP,0.2,3,25,0.009970426559448242,935,0.4449197860962567,1.3291936783691576,1.1672116325786936,6.1207825098861415,1.0,1.4061737672607926,-0.6300867585459448,1.2577787273138858
ossl_lucas_campaign,campaign2009,2009_b26,WCP,0.2,3,25,0.009970426559448242,982,0.5672097759674134,1.3076631928065514,1.049111787478215,5.572792231139499,1.0,2.5524251023577182,0.16694200932592088,2.5482576230009544
ossl_lucas_campaign,campaign2009,2009_b27,WCP,0.2,3,25,0.009970426559448242,649,0.44992295839753466,1.2690670875512078,1.098255864118648,5.811152683418414,1.0,1.5591423334979355,-0.6659418503653804,1.410855525823695
ossl_lucas_campaign,campaign2009,2009_b28,WCP,0.2,3,25,0.009970426559448242,844,0.4727488151658768,1.2438809209049702,1.057436627587455,5.099518898771648,1.0,1.5841693103127406,-0.42576578375950563,1.5267867702096183
ossl_lucas_campaign,campaign2009,2009_b29,WCP,0.2,3,25,0.009970426559448242,389,0.4987146529562982,1.1320403268884272,0.9549063946624241,5.044797368647784,1.0,1.2776546784031484,-0.5832299191623092,1.138233220954896
ossl_lucas_campaign,campaign2009,2009_b3,WCP,0.2,3,25,0.009970426559448242,913,0.37349397590361444,1.0714415155970605,0.950575920415836,5.508516208446883,1.0,1.445999943967283,-0.6609283900105896,1.2868190221860798
ossl_lucas_campaign,campaign2009,2009_b4,WCP,0.2,3,25,0.009970426559448242,759,0.9578392621870883,inf,7.584522224717673,inf,0.9683794466403162,10.783224056723528,0.270392271082192,10.7869418082561
ossl_lucas_campaign,campaign2009,2009_b5,WCP,0.2,3,25,0.009970426559448242,301,0.3687707641196013,inf,0.8128530917449108,inf,0.9933554817275747,1.04803634673782,-0.5592111575031884,0.8878524327230239
ossl_lucas_campaign,campaign2009,2009_b6,WCP,0.2,3,25,0.009970426559448242,886,0.9943566591422122,inf,13.135505982150352,inf,0.9616252821670429,8.046472662736475,-2.4143108362906704,7.680064985539726
ossl_lucas_campaign,campaign2009,2009_b7,WCP,0.2,3,25,0.009970426559448242,557,0.3644524236983842,1.4906151619660966,1.3377682892975773,11.078218159567395,1.0,2.8299367831236553,-1.1180633140242056,2.6020438420216587
ossl_lucas_campaign,campaign2009,2009_b9,WCP,0.2,3,25,0.009970426559448242,769,0.5344603381014305,1.3658547712929223,1.1330123888147572,6.618708070609425,1.0,2.546368204980877,-0.03096668427742501,2.547837033220338
ossl_lucas_campaign,campaign2009,2009_b0,R-U-A,0.05,3,25,0.0011718273162841797,791,0.9721871049304678,8.594423235437217,5.338502927981501,12.034909483460293,1.0,3.939679839727334,-0.43155211957756673,3.9184501014463855
ossl_lucas_campaign,campaign2009,2009_b1,R-U-A,0.05,3,25,0.0011718273162841797,293,0.9590443686006825,3.60885135789193,3.111813154370361,5.097100285417769,1.0,1.1073444230243248,-0.4445968628415389,1.0159073364082372
ossl_lucas_campaign,campaign2009,2009_b10,R-U-A,0.05,3,25,0.0011718273162841797,714,0.9775910364145658,4.210168810019318,3.8240455708945262,5.903991769326664,1.0,1.5114031267484613,-0.38611153091243294,1.4622763240950742
ossl_lucas_campaign,campaign2009,2009_b11,R-U-A,0.05,3,25,0.0011718273162841797,270,0.9148148148148149,15.480011332336924,8.694108551780449,41.19126415802452,1.0,10.538385760879997,-2.292272595406485,10.305162818804318
ossl_lucas_campaign,campaign2009,2009_b12,R-U-A,0.05,3,25,0.0011718273162841797,769,0.8569570871261378,18.417908373349853,7.199432485018361,39.037805678684656,1.0,8.603084822645569,-2.2256039399630936,8.315628486457564
ossl_lucas_campaign,campaign2009,2009_b13,R-U-A,0.05,3,25,0.0011718273162841797,427,0.9531615925058547,3.6484883898757077,3.294774889473371,4.284029399678298,1.0,1.1708338022281604,-0.460525718644196,1.0777235115013315
ossl_lucas_campaign,campaign2009,2009_b14,R-U-A,0.05,3,25,0.0011718273162841797,833,0.8739495798319328,11.116007794001458,7.160915527190237,25.121921629914944,1.0,6.427824991497614,-2.1817771638780714,6.0498529708614015
ossl_lucas_campaign,campaign2009,2009_b15,R-U-A,0.05,3,25,0.0011718273162841797,740,0.9824324324324324,3.6580225734457033,3.2736068328908385,4.190149036573978,1.0,0.9971417615788459,-0.26893323302177097,0.9608403590669206
ossl_lucas_campaign,campaign2009,2009_b16,R-U-A,0.05,3,25,0.0011718273162841797,637,0.967032967032967,4.379912045285623,3.7051908108956155,7.654966536193243,1.0,2.2115794030193436,-0.5993390159314153,2.1304933211232897
ossl_lucas_campaign,campaign2009,2009_b17,R-U-A,0.05,3,25,0.0011718273162841797,256,0.8671875,8.590106527357896,6.226919543295766,43.55947936651051,1.0,7.171568043606361,-3.0770097170024964,6.490605654032463
ossl_lucas_campaign,campaign2009,2009_b18,R-U-A,0.05,3,25,0.0011718273162841797,1107,0.9539295392953929,4.320773844113581,3.293174858449334,6.360780750201848,1.0,1.6131845962609668,-0.4861284442874377,1.5388901706313756
ossl_lucas_campaign,campaign2009,2009_b19,R-U-A,0.05,3,25,0.0011718273162841797,571,0.9422066549912435,3.3996147614576944,3.0200860907112377,5.100833659270146,1.0,1.2330913483251402,-0.34621398512373697,1.1845283579482797
ossl_lucas_campaign,campaign2009,2009_b2,R-U-A,0.05,3,25,0.0011718273162841797,714,0.9621848739495799,2.929921341211161,2.7945240424984674,3.4078976692123994,1.0,0.7030069708877168,-0.10847469168312153,0.6950745954297306
ossl_lucas_campaign,campaign2009,2009_b20,R-U-A,0.05,3,25,0.0011718273162841797,519,0.9749518304431599,5.688820453199848,4.401463587105772,7.980283076835022,1.0,2.496362880021428,-1.086415297074645,2.249729187780095
ossl_lucas_campaign,campaign2009,2009_b21,R-U-A,0.05,3,25,0.0011718273162841797,60,0.95,2.9137824483218635,2.67558265655459,4.422092085575587,1.0,0.7707498220847238,-0.3140511492865763,0.7098057723416833
ossl_lucas_campaign,campaign2009,2009_b22,R-U-A,0.05,3,25,0.0011718273162841797,832,0.875,12.996630322072885,6.821674061162632,29.999769146920183,1.0,7.714482043309147,-2.5561167927243598,7.283079983743768
ossl_lucas_campaign,campaign2009,2009_b23,R-U-A,0.05,3,25,0.0011718273162841797,876,0.8915525114155252,5.862683335112208,4.800565796392561,15.341231609395692,1.0,3.606537106209927,-0.8094087211471751,3.5165443200384865
ossl_lucas_campaign,campaign2009,2009_b24,R-U-A,0.05,3,25,0.0011718273162841797,935,0.9882352941176471,4.869149256966602,4.26785208517998,5.778581242228939,1.0,1.4061737672607926,-0.6300867585459448,1.2577787273138858
ossl_lucas_campaign,campaign2009,2009_b26,R-U-A,0.05,3,25,0.0011718273162841797,982,0.9765784114052953,4.819253232483372,3.851597857968553,8.032477428062547,1.0,2.5524251023577182,0.16694200932592088,2.5482576230009544
ossl_lucas_campaign,campaign2009,2009_b27,R-U-A,0.05,3,25,0.0011718273162841797,649,0.9830508474576272,4.648455727821413,4.029506710093438,5.467539141969057,1.0,1.5591423334979355,-0.6659418503653804,1.410855525823695
ossl_lucas_campaign,campaign2009,2009_b28,R-U-A,0.05,3,25,0.0011718273162841797,844,0.9798578199052133,4.573889922257336,3.8887042839852364,5.917506141059601,1.0,1.5841693103127406,-0.42576578375950563,1.5267867702096183
ossl_lucas_campaign,campaign2009,2009_b29,R-U-A,0.05,3,25,0.0011718273162841797,389,0.987146529562982,4.151095916879006,3.4863698115607575,5.327731869070987,1.0,1.2776546784031484,-0.5832299191623092,1.138233220954896
ossl_lucas_campaign,campaign2009,2009_b3,R-U-A,0.05,3,25,0.0011718273162841797,913,0.9791894852135816,3.9239402452270347,3.4515618395312155,5.616730860848598,1.0,1.445999943967283,-0.6609283900105896,1.2868190221860798
ossl_lucas_campaign,campaign2009,2009_b4,R-U-A,0.05,3,25,0.0011718273162841797,759,0.930171277997365,22.712594350705647,6.35347380459188,34.193741187508984,1.0,10.783224056723528,0.270392271082192,10.7869418082561
ossl_lucas_campaign,campaign2009,2009_b5,R-U-A,0.05,3,25,0.0011718273162841797,301,0.9634551495016611,3.290007380785864,2.9776427783826764,3.972499055612286,1.0,1.04803634673782,-0.5592111575031884,0.8878524327230239
ossl_lucas_campaign,campaign2009,2009_b6,R-U-A,0.05,3,25,0.0011718273162841797,886,0.9051918735891648,15.135817757578716,6.4914684574730295,31.7800387497829,1.0,8.046472662736475,-2.4143108362906704,7.680064985539726
ossl_lucas_campaign,campaign2009,2009_b7,R-U-A,0.05,3,25,0.0011718273162841797,557,0.9515260323159784,5.507239736444256,4.940882863595651,12.928328135713102,1.0,2.8299367831236553,-1.1180633140242056,2.6020438420216587
ossl_lucas_campaign,campaign2009,2009_b9,R-U-A,0.05,3,25,0.0011718273162841797,769,0.9583875162548765,5.040306431156309,4.140126452319899,9.56324397598957,1.0,2.546368204980877,-0.03096668427742501,2.547837033220338
ossl_lucas_campaign,campaign2009,2009_b0,R-U-A,0.1,3,25,0.0010581016540527344,791,0.9355246523388117,6.565333100177476,4.078115426519171,10.192606977703242,1.0,3.939679839727334,-0.43155211957756673,3.9184501014463855
ossl_lucas_campaign,campaign2009,2009_b1,R-U-A,0.1,3,25,0.0010581016540527344,293,0.9180887372013652,2.7568238873661883,2.3771333275415643,4.055711465192733,1.0,1.1073444230243248,-0.4445968628415389,1.0159073364082372
ossl_lucas_campaign,campaign2009,2009_b10,R-U-A,0.1,3,25,0.0010581016540527344,714,0.9257703081232493,3.2161740105819296,2.9212120785093854,4.792541073803668,1.0,1.5114031267484613,-0.38611153091243294,1.4622763240950742
ossl_lucas_campaign,campaign2009,2009_b11,R-U-A,0.1,3,25,0.0010581016540527344,270,0.8555555555555555,11.825276462096854,6.641483330281494,31.95653687758243,1.0,10.538385760879997,-2.292272595406485,10.305162818804318
ossl_lucas_campaign,campaign2009,2009_b12,R-U-A,0.1,3,25,0.0010581016540527344,769,0.7724317295188556,14.06955419428308,5.499691032376701,32.53868731109567,1.0,8.603084822645569,-2.2256039399630936,8.315628486457564
ossl_lucas_campaign,campaign2009,2009_b13,R-U-A,0.1,3,25,0.0010581016540527344,427,0.8899297423887588,2.7871028614109945,2.516898929331431,3.785598114726054,1.0,1.1708338022281604,-0.460525718644196,1.0777235115013315
ossl_lucas_campaign,campaign2009,2009_b14,R-U-A,0.1,3,25,0.0010581016540527344,833,0.773109243697479,8.491587150475713,5.4702676899115055,22.757682642579365,1.0,6.427824991497614,-2.1817771638780714,6.0498529708614015
ossl_lucas_campaign,campaign2009,2009_b15,R-U-A,0.1,3,25,0.0010581016540527344,740,0.95,2.79438608324689,2.500728519899569,3.4395093300717026,1.0,0.9971417615788459,-0.26893323302177097,0.9608403590669206
ossl_lucas_campaign,campaign2009,2009_b16,R-U-A,0.1,3,25,0.0010581016540527344,637,0.9372056514913658,3.3458419185376393,2.8304181917576816,6.440614355744281,1.0,2.2115794030193436,-0.5993390159314153,2.1304933211232897
ossl_lucas_campaign,campaign2009,2009_b17,R-U-A,0.1,3,25,0.0010581016540527344,256,0.8046875,6.562035540159705,4.756782377341459,30.74286909608661,1.0,7.171568043606361,-3.0770097170024964,6.490605654032463
ossl_lucas_campaign,campaign2009,2009_b18,R-U-A,0.1,3,25,0.0010581016540527344,1107,0.8943089430894309,3.300665880657768,2.5156766557296253,5.35113497121602,1.0,1.6131845962609668,-0.4861284442874377,1.5388901706313756
ossl_lucas_campaign,campaign2009,2009_b19,R-U-A,0.1,3,25,0.0010581016540527344,571,0.8651488616462347,2.596986756391071,2.3070624559163213,4.41757840188493,1.0,1.2330913483251402,-0.34621398512373697,1.1845283579482797
ossl_lucas_campaign,campaign2009,2009_b2,R-U-A,0.1,3,25,0.0010581016540527344,714,0.9117647058823529,2.23818504574629,2.1347542112898514,2.8763009437255986,1.0,0.7030069708877168,-0.10847469168312153,0.6950745954297306
ossl_lucas_campaign,campaign2009,2009_b20,R-U-A,0.1,3,25,0.0010581016540527344,519,0.9229287090558767,4.345725152138096,3.3623052747158955,6.821878236199217,1.0,2.496362880021428,-1.086415297074645,2.249729187780095
ossl_lucas_campaign,campaign2009,2009_b21,R-U-A,0.1,3,25,0.0010581016540527344,60,0.9,2.2258564455850327,2.0438941504426626,3.515572491066528,1.0,0.7707498220847238,-0.3140511492865763,0.7098057723416833
ossl_lucas_campaign,campaign2009,2009_b22,R-U-A,0.1,3,25,0.0010581016540527344,832,0.7692307692307693,9.92820633878575,5.211119034457783,26.395064376499253,1.0,7.714482043309147,-2.5561167927243598,7.283079983743768
ossl_lucas_campaign,campaign2009,2009_b23,R-U-A,0.1,3,25,0.0010581016540527344,876,0.8116438356164384,4.478540083663097,3.667181922421648,12.737398110278834,1.0,3.606537106209927,-0.8094087211471751,3.5165443200384865
ossl_lucas_campaign,campaign2009,2009_b24,R-U-A,0.1,3,25,0.0010581016540527344,935,0.9443850267379679,3.719573252415133,3.2602386214772157,4.68897870489197,1.0,1.4061737672607926,-0.6300867585459448,1.2577787273138858
ossl_lucas_campaign,campaign2009,2009_b26,R-U-A,0.1,3,25,0.0010581016540527344,982,0.9226069246435845,3.6814573705073967,2.94225944112551,6.358054978201984,1.0,2.5524251023577182,0.16694200932592088,2.5482576230009544
ossl_lucas_campaign,campaign2009,2009_b27,R-U-A,0.1,3,25,0.0010581016540527344,649,0.9568567026194145,3.550984099635506,3.078165114336246,4.590606794439286,1.0,1.5591423334979355,-0.6659418503653804,1.410855525823695
ossl_lucas_campaign,campaign2009,2009_b28,R-U-A,0.1,3,25,0.0010581016540527344,844,0.9490521327014217,3.494022819279579,2.9706052696102097,4.82059828850879,1.0,1.5841693103127406,-0.42576578375950563,1.5267867702096183
ossl_lucas_campaign,campaign2009,2009_b29,R-U-A,0.1,3,25,0.0010581016540527344,389,0.9562982005141388,3.171047861911687,2.663259476089198,4.261198849506137,1.0,1.2776546784031484,-0.5832299191623092,1.138233220954896
ossl_lucas_campaign,campaign2009,2009_b3,R-U-A,0.1,3,25,0.0010581016540527344,913,0.9561883899233297,2.997522238477124,2.6366694508303383,4.4442316136752495,1.0,1.445999943967283,-0.6609283900105896,1.2868190221860798
ossl_lucas_campaign,campaign2009,2009_b4,R-U-A,0.1,3,25,0.0010581016540527344,759,0.8511198945981555,17.35029139206755,4.853457960786079,28.717118395771557,1.0,10.783224056723528,0.270392271082192,10.7869418082561
ossl_lucas_campaign,campaign2009,2009_b5,R-U-A,0.1,3,25,0.0010581016540527344,301,0.8903654485049833,2.5132569999390766,2.274639746948149,3.6367992788624433,1.0,1.04803634673782,-0.5592111575031884,0.8878524327230239
ossl_lucas_campaign,campaign2009,2009_b6,R-U-A,0.1,3,25,0.0010581016540527344,886,0.8239277652370203,11.562344860135374,4.958872930166743,26.41688976994481,1.0,8.046472662736475,-2.4143108362906704,7.680064985539726
ossl_lucas_campaign,campaign2009,2009_b7,R-U-A,0.1,3,25,0.0010581016540527344,557,0.8779174147217235,4.207014518810903,3.7743709984761975,9.811550062918393,1.0,2.8299367831236553,-1.1180633140242056,2.6020438420216587
ossl_lucas_campaign,campaign2009,2009_b9,R-U-A,0.1,3,25,0.0010581016540527344,769,0.9206762028608583,3.8503212770652544,3.162668220045299,7.3866505984923485,1.0,2.546368204980877,-0.03096668427742501,2.547837033220338
ossl_lucas_campaign,campaign2009,2009_b0,R-U-A,0.2,3,25,0.0014045238494873047,791,0.8394437420986094,4.720105924146372,2.9319360480804093,8.348809487468074,1.0,3.939679839727334,-0.43155211957756673,3.9184501014463855
ossl_lucas_campaign,campaign2009,2009_b1,R-U-A,0.2,3,25,0.0014045238494873047,293,0.8191126279863481,1.982001608148964,1.7090254112942738,3.15252341843315,1.0,1.1073444230243248,-0.4445968628415389,1.0159073364082372
ossl_lucas_campaign,campaign2009,2009_b10,R-U-A,0.2,3,25,0.0014045238494873047,714,0.8291316526610645,2.3122485590293964,2.1001874889009597,3.842415480112902,1.0,1.5114031267484613,-0.38611153091243294,1.4622763240950742
ossl_lucas_campaign,campaign2009,2009_b11,R-U-A,0.2,3,25,0.0014045238494873047,270,0.7444444444444445,8.50170991048469,4.774853664551099,24.238495117752432,1.0,10.538385760879997,-2.292272595406485,10.305162818804318
ossl_lucas_campaign,campaign2009,2009_b12,R-U-A,0.2,3,25,0.0014045238494873047,769,0.6254876462938882,10.115219607172532,3.9539691020695082,25.36657657502263,1.0,8.603084822645569,-2.2256039399630936,8.315628486457564
ossl_lucas_campaign,campaign2009,2009_b13,R-U-A,0.2,3,25,0.0014045238494873047,427,0.7868852459016393,2.0037704906390386,1.8095090326024441,3.2756717701429503,1.0,1.1708338022281604,-0.460525718644196,1.0777235115013315
ossl_lucas_campaign,campaign2009,2009_b14,R-U-A,0.2,3,25,0.0014045238494873047,833,0.6110444177671068,6.104974447264853,3.9328153706503954,18.373274960557428,1.0,6.427824991497614,-2.1817771638780714,6.0498529708614015
ossl_lucas_campaign,campaign2009,2009_b15,R-U-A,0.2,3,25,0.0014045238494873047,740,0.8797297297297297,2.0090067182622118,1.7978834160205315,2.792663055406773,1.0,0.9971417615788459,-0.26893323302177097,0.9608403590669206
ossl_lucas_campaign,campaign2009,2009_b16,R-U-A,0.2,3,25,0.0014045238494873047,637,0.8822605965463108,2.40547250535085,2.0349117814549196,4.8861711824000285,1.0,2.2115794030193436,-0.5993390159314153,2.1304933211232897
ossl_lucas_campaign,campaign2009,2009_b17,R-U-A,0.2,3,25,0.0014045238494873047,256,0.6875,4.717735163617149,3.419859485660757,20.85019765457141,1.0,7.171568043606361,-3.0770097170024964,6.490605654032463
ossl_lucas_campaign,campaign2009,2009_b18,R-U-A,0.2,3,25,0.0014045238494873047,1107,0.7868112014453478,2.3729934702779034,1.8086302865006427,4.37019226823938,1.0,1.6131845962609668,-0.4861284442874377,1.5388901706313756
ossl_lucas_campaign,campaign2009,2009_b19,R-U-A,0.2,3,25,0.0014045238494873047,571,0.7600700525394045,1.8670876841633222,1.6586483883433027,3.618515575764116,1.0,1.2330913483251402,-0.34621398512373697,1.1845283579482797
ossl_lucas_campaign,campaign2009,2009_b2,R-U-A,0.2,3,25,0.0014045238494873047,714,0.8025210084033614,1.609129397178233,1.5347684337651146,2.3672627085147155,1.0,0.7030069708877168,-0.10847469168312153,0.6950745954297306
ossl_lucas_campaign,campaign2009,2009_b20,R-U-A,0.2,3,25,0.0014045238494873047,519,0.8285163776493256,3.1243324173094025,2.417308734197521,5.902053884756452,1.0,2.496362880021428,-1.086415297074645,2.249729187780095
ossl_lucas_campaign,campaign2009,2009_b21,R-U-A,0.2,3,25,0.0014045238494873047,60,0.8666666666666667,1.600265825784421,1.4694451508594044,2.647851270727444,1.0,0.7707498220847238,-0.3140511492865763,0.7098057723416833
ossl_lucas_campaign,campaign2009,2009_b22,R-U-A,0.2,3,25,0.0014045238494873047,832,0.6298076923076923,7.137822992497277,3.746502035869467,21.049450390210417,1.0,7.714482043309147,-2.5561167927243598,7.283079983743768
ossl_lucas_campaign,campaign2009,2009_b23,R-U-A,0.2,3,25,0.0014045238494873047,876,0.6506849315068494,3.219818896904673,2.636497928258505,9.855473051874236,1.0,3.606537106209927,-0.8094087211471751,3.5165443200384865
ossl_lucas_campaign,campaign2009,2009_b24,R-U-A,0.2,3,25,0.0014045238494873047,935,0.8310160427807487,2.6741643532978485,2.343928540495443,3.9297913436933363,1.0,1.4061737672607926,-0.6300867585459448,1.2577787273138858
ossl_lucas_campaign,campaign2009,2009_b26,R-U-A,0.2,3,25,0.0014045238494873047,982,0.7871690427698574,2.6467611740148502,2.115319361032375,4.914228848510492,1.0,2.5524251023577182,0.16694200932592088,2.5482576230009544
ossl_lucas_campaign,campaign2009,2009_b27,R-U-A,0.2,3,25,0.0014045238494873047,649,0.8736517719568567,2.5529582169693783,2.213027910386825,3.790898693666025,1.0,1.5591423334979355,-0.6659418503653804,1.410855525823695
ossl_lucas_campaign,campaign2009,2009_b28,R-U-A,0.2,3,25,0.0014045238494873047,844,0.8696682464454977,2.51200625417442,2.135698420390665,3.792431304127768,1.0,1.5841693103127406,-0.42576578375950563,1.5267867702096183
ossl_lucas_campaign,campaign2009,2009_b29,R-U-A,0.2,3,25,0.0014045238494873047,389,0.8946015424164524,2.279805391497414,1.9147340491052567,3.3749815444102924,1.0,1.2776546784031484,-0.5832299191623092,1.138233220954896
ossl_lucas_campaign,campaign2009,2009_b3,R-U-A,0.2,3,25,0.0014045238494873047,913,0.8652792990142387,2.1550502098993114,1.895617313696333,3.4898558368275583,1.0,1.445999943967283,-0.6609283900105896,1.2868190221860798
ossl_lucas_campaign,campaign2009,2009_b4,R-U-A,0.2,3,25,0.0014045238494873047,759,0.7299077733860343,12.47388547325193,3.489363802833166,23.572278579260264,1.0,10.783224056723528,0.270392271082192,10.7869418082561
ossl_lucas_campaign,campaign2009,2009_b5,R-U-A,0.2,3,25,0.0014045238494873047,301,0.760797342192691,1.8068906898256387,1.6353382807916534,3.220275160263905,1.0,1.04803634673782,-0.5592111575031884,0.8878524327230239
ossl_lucas_campaign,campaign2009,2009_b6,R-U-A,0.2,3,25,0.0014045238494873047,886,0.6749435665914221,8.31267684953762,3.565151247868352,20.89903942815468,1.0,8.046472662736475,-2.4143108362906704,7.680064985539726
ossl_lucas_campaign,campaign2009,2009_b7,R-U-A,0.2,3,25,0.0014045238494873047,557,0.7504488330341114,3.024607259100433,2.713560856394654,7.39631436975653,1.0,2.8299367831236553,-1.1180633140242056,2.6020438420216587
ossl_lucas_campaign,campaign2009,2009_b9,R-U-A,0.2,3,25,0.0014045238494873047,769,0.776332899869961,2.7681648428853145,2.2737808994248496,5.55337780316027,1.0,2.546368204980877,-0.03096668427742501,2.547837033220338
ossl_lucas_campaign,campaign2009,2009_b0,R-U-D,0.05,3,25,0.07504892349243164,791,0.9823008849557522,9.652062812375828,5.205748832656775,11.230502748015734,1.0,3.939679839727334,-0.43155211957756673,3.9184501014463855
ossl_lucas_campaign,campaign2009,2009_b1,R-U-D,0.05,3,25,0.07504892349243164,293,0.9829351535836177,3.9401450360034604,3.2948300882985353,4.904275085887904,1.0,1.1073444230243248,-0.4445968628415389,1.0159073364082372
ossl_lucas_campaign,campaign2009,2009_b10,R-U-D,0.05,3,25,0.07504892349243164,714,0.9775910364145658,4.2772372551641515,3.8596840366154384,5.7540584558945,1.0,1.5114031267484613,-0.38611153091243294,1.4622763240950742
ossl_lucas_campaign,campaign2009,2009_b11,R-U-D,0.05,3,25,0.07504892349243164,270,0.9444444444444444,19.136680101768786,8.84906479316238,35.30049088596151,1.0,10.538385760879997,-2.292272595406485,10.305162818804318
ossl_lucas_campaign,campaign2009,2009_b12,R-U-D,0.05,3,25,0.07504892349243164,769,0.8842652795838751,23.162396379004104,7.482546052649991,37.66759327171271,1.0,8.603084822645569,-2.2256039399630936,8.315628486457564
ossl_lucas_campaign,campaign2009,2009_b13,R-U-D,0.05,3,25,0.07504892349243164,427,0.990632318501171,4.241043421634671,3.7958029935718405,4.412885993545022,1.0,1.1708338022281604,-0.460525718644196,1.0777235115013315
ossl_lucas_campaign,campaign2009,2009_b14,R-U-D,0.05,3,25,0.07504892349243164,833,0.907563025210084,12.723983687284834,7.3245717583199745,21.53009581595688,1.0,6.427824991497614,-2.1817771638780714,6.0498529708614015
ossl_lucas_campaign,campaign2009,2009_b15,R-U-D,0.05,3,25,0.07504892349243164,740,0.9864864864864865,3.963562191682966,3.489942706775751,4.3627716157202645,1.0,0.9971417615788459,-0.26893323302177097,0.9608403590669206
ossl_lucas_campaign,campaign2009,2009_b16,R-U-D,0.05,3,25,0.07504892349243164,637,0.9654631083202512,4.3765029395694235,3.6082413230226877,7.1788918188781174,1.0,2.2115794030193436,-0.5993390159314153,2.1304933211232897
ossl_lucas_campaign,campaign2009,2009_b17,R-U-D,0.05,3,25,0.07504892349243164,256,0.87890625,9.283516773904271,6.428852654774884,40.94537841932072,1.0,7.171568043606361,-3.0770097170024964,6.490605654032463
ossl_lucas_campaign,campaign2009,2009_b18,R-U-D,0.05,3,25,0.07504892349243164,1107,0.9728997289972899,4.916312746742943,3.5384014835192747,6.178518883689694,1.0,1.6131845962609668,-0.4861284442874377,1.5388901706313756
ossl_lucas_campaign,campaign2009,2009_b19,R-U-D,0.05,3,25,0.07504892349243164,571,0.9614711033274956,3.856161275886956,3.3594696186449697,5.1086549585068886,1.0,1.2330913483251402,-0.34621398512373697,1.1845283579482797
ossl_lucas_campaign,campaign2009,2009_b2,R-U-D,0.05,3,25,0.07504892349243164,714,0.9859943977591037,3.4773001262095664,3.1801197263739787,3.6433535260314107,1.0,0.7030069708877168,-0.10847469168312153,0.6950745954297306
ossl_lucas_campaign,campaign2009,2009_b20,R-U-D,0.05,3,25,0.07504892349243164,519,0.9788053949903661,5.900615058488583,4.4879361246140395,7.743020592422155,1.0,2.496362880021428,-1.086415297074645,2.249729187780095
ossl_lucas_campaign,campaign2009,2009_b21,R-U-D,0.05,3,25,0.07504892349243164,60,0.9833333333333333,3.378028854864896,2.9857347925652524,3.712711246069994,1.0,0.7707498220847238,-0.3140511492865763,0.7098057723416833
ossl_lucas_campaign,campaign2009,2009_b22,R-U-D,0.05,3,25,0.07504892349243164,832,0.8882211538461539,15.26987547300766,7.032724892838564,28.454573984703146,1.0,7.714482043309147,-2.5561167927243598,7.283079983743768
ossl_lucas_campaign,campaign2009,2009_b23,R-U-D,0.05,3,25,0.07504892349243164,876,0.906392694063927,6.163863149811238,4.792339676534101,13.989314216329875,1.0,3.606537106209927,-0.8094087211471751,3.5165443200384865
ossl_lucas_campaign,campaign2009,2009_b24,R-U-D,0.05,3,25,0.07504892349243164,935,0.9903743315508021,5.191199796768373,4.405539566630873,6.0460889245845095,1.0,1.4061737672607926,-0.6300867585459448,1.2577787273138858
ossl_lucas_campaign,campaign2009,2009_b26,R-U-D,0.05,3,25,0.07504892349243164,982,0.9765784114052953,4.843758181264256,3.6409593704434133,7.159070529073647,1.0,2.5524251023577182,0.16694200932592088,2.5482576230009544
ossl_lucas_campaign,campaign2009,2009_b27,R-U-D,0.05,3,25,0.07504892349243164,649,0.987673343605547,4.6916303927484115,3.9707053933155887,5.363337954239964,1.0,1.5591423334979355,-0.6659418503653804,1.410855525823695
ossl_lucas_campaign,campaign2009,2009_b28,R-U-D,0.05,3,25,0.07504892349243164,844,0.9845971563981043,4.8066094117113725,3.964685148020182,5.740462301696535,1.0,1.5841693103127406,-0.42576578375950563,1.5267867702096183
ossl_lucas_campaign,campaign2009,2009_b29,R-U-D,0.05,3,25,0.07504892349243164,389,0.987146529562982,4.314350362585219,3.5399161302460596,5.451136702338916,1.0,1.2776546784031484,-0.5832299191623092,1.138233220954896
ossl_lucas_campaign,campaign2009,2009_b3,R-U-D,0.05,3,25,0.07504892349243164,913,0.9791894852135816,4.008726709871292,3.5146905291685173,5.536018546393451,1.0,1.445999943967283,-0.6609283900105896,1.2868190221860798
ossl_lucas_campaign,campaign2009,2009_b4,R-U-D,0.05,3,25,0.07504892349243164,759,0.9512516469038208,30.83271291081946,6.8303740939785484,35.618575128426336,1.0,10.783224056723528,0.270392271082192,10.7869418082561
ossl_lucas_campaign,campaign2009,2009_b5,R-U-D,0.05,3,25,0.07504892349243164,301,0.9800664451827242,3.672184437113094,3.3057612431230603,4.082801111074616,1.0,1.04803634673782,-0.5592111575031884,0.8878524327230239
ossl_lucas_campaign,campaign2009,2009_b6,R-U-D,0.05,3,25,0.07504892349243164,886,0.9243792325056434,18.55341655302044,6.662004032003503,30.449742030781138,1.0,8.046472662736475,-2.4143108362906704,7.680064985539726
ossl_lucas_campaign,campaign2009,2009_b7,R-U-D,0.05,3,25,0.07504892349243164,557,0.9497307001795332,5.764553478378748,5.093082152178888,12.951541313008066,1.0,2.8299367831236553,-1.1180633140242056,2.6020438420216587
ossl_lucas_campaign,campaign2009,2009_b9,R-U-D,0.05,3,25,0.07504892349243164,769,0.9583875162548765,5.055565446320924,3.961180071750868,8.912762254083411,1.0,2.546368204980877,-0.03096668427742501,2.547837033220338
ossl_lucas_campaign,campaign2009,2009_b0,R-U-D,0.1,3,25,0.003125429153442383,791,0.9443742098609356,7.386692673247103,4.012062941610629,9.634537902235417,1.0,3.939679839727334,-0.43155211957756673,3.9184501014463855
ossl_lucas_campaign,campaign2009,2009_b1,R-U-D,0.1,3,25,0.003125429153442383,293,0.9351535836177475,3.02258401283283,2.5291308211311723,4.001474883321342,1.0,1.1073444230243248,-0.4445968628415389,1.0159073364082372
ossl_lucas_campaign,campaign2009,2009_b10,R-U-D,0.1,3,25,0.003125429153442383,714,0.9327731092436975,3.293226533187714,2.975376229949537,4.696946777974559,1.0,1.5114031267484613,-0.38611153091243294,1.4622763240950742
ossl_lucas_campaign,campaign2009,2009_b11,R-U-D,0.1,3,25,0.003125429153442383,270,0.8814814814814815,14.540648042274794,6.816999122948731,29.192680562260602,1.0,10.538385760879997,-2.292272595406485,10.305162818804318
ossl_lucas_campaign,campaign2009,2009_b12,R-U-D,0.1,3,25,0.003125429153442383,769,0.8101430429128739,17.610356213429792,5.762005155211938,31.271857660371072,1.0,8.603084822645569,-2.2256039399630936,8.315628486457564
ossl_lucas_campaign,campaign2009,2009_b13,R-U-D,0.1,3,25,0.003125429153442383,427,0.9461358313817331,3.239686883908521,2.910906198914398,3.7530427634787076,1.0,1.1708338022281604,-0.460525718644196,1.0777235115013315
ossl_lucas_campaign,campaign2009,2009_b14,R-U-D,0.1,3,25,0.003125429153442383,833,0.8067226890756303,9.730405497528224,5.634512319937679,20.2819018446187,1.0,6.427824991497614,-2.1817771638780714,6.0498529708614015
ossl_lucas_campaign,campaign2009,2009_b15,R-U-D,0.1,3,25,0.003125429153442383,740,0.9675675675675676,3.040422142342287,2.68549092989111,3.5203940540078253,1.0,0.9971417615788459,-0.26893323302177097,0.9608403590669206
ossl_lucas_campaign,campaign2009,2009_b16,R-U-D,0.1,3,25,0.003125429153442383,637,0.9340659340659341,3.3720415284165854,2.782278001965083,6.230135258080722,1.0,2.2115794030193436,-0.5993390159314153,2.1304933211232897
ossl_lucas_campaign,campaign2009,2009_b17,R-U-D,0.1,3,25,0.003125429153442383,256,0.8125,7.125013091741911,4.958968321989613,29.286350296724116,1.0,7.171568043606361,-3.0770097170024964,6.490605654032463
ossl_lucas_campaign,campaign2009,2009_b18,R-U-D,0.1,3,25,0.003125429153442383,1107,0.9376693766937669,3.761160275211759,2.718529755297428,5.213244850688071,1.0,1.6131845962609668,-0.4861284442874377,1.5388901706313756
ossl_lucas_campaign,campaign2009,2009_b19,R-U-D,0.1,3,25,0.003125429153442383,571,0.9036777583187391,2.9504314406505765,2.583228824865495,4.26957786886868,1.0,1.2330913483251402,-0.34621398512373697,1.1845283579482797
ossl_lucas_campaign,campaign2009,2009_b2,R-U-D,0.1,3,25,0.003125429153442383,714,0.9523809523809523,2.651986357924366,2.438607574581706,2.9458809873713094,1.0,0.7030069708877168,-0.10847469168312153,0.6950745954297306
ossl_lucas_campaign,campaign2009,2009_b20,R-U-D,0.1,3,25,0.003125429153442383,519,0.9364161849710982,4.538012702389887,3.456027351733847,6.647254881187977,1.0,2.496362880021428,-1.086415297074645,2.249729187780095
ossl_lucas_campaign,campaign2009,2009_b21,R-U-D,0.1,3,25,0.003125429153442383,60,0.9333333333333333,2.5808643179229294,2.286798247119447,3.280141272740374,1.0,0.7707498220847238,-0.3140511492865763,0.7098057723416833
ossl_lucas_campaign,campaign2009,2009_b22,R-U-D,0.1,3,25,0.003125429153442383,832,0.7956730769230769,11.658925185330064,5.422042509399834,24.881628694912646,1.0,7.714482043309147,-2.5561167927243598,7.283079983743768
ossl_lucas_campaign,campaign2009,2009_b23,R-U-D,0.1,3,25,0.003125429153442383,876,0.821917808219178,4.735786453470074,3.690235362648705,11.748198182671818,1.0,3.606537106209927,-0.8094087211471751,3.5165443200384865
ossl_lucas_campaign,campaign2009,2009_b24,R-U-D,0.1,3,25,0.003125429153442383,935,0.9582887700534759,3.987198041157156,3.395242379360234,4.80357762219313,1.0,1.4061737672607926,-0.6300867585459448,1.2577787273138858
ossl_lucas_campaign,campaign2009,2009_b26,R-U-D,0.1,3,25,0.003125429153442383,982,0.9256619144602851,3.7302271487548135,2.809272890800249,5.895137551928406,1.0,2.5524251023577182,0.16694200932592088,2.5482576230009544
ossl_lucas_campaign,campaign2009,2009_b27,R-U-D,0.1,3,25,0.003125429153442383,649,0.9583975346687211,3.61344621732181,3.0541383981574954,4.464282138844204,1.0,1.5591423334979355,-0.6659418503653804,1.410855525823695
ossl_lucas_campaign,campaign2009,2009_b28,R-U-D,0.1,3,25,0.003125429153442383,844,0.9585308056872038,3.692872199253505,3.0464357043330743,4.650338578386007,1.0,1.5841693103127406,-0.42576578375950563,1.5267867702096183
ossl_lucas_campaign,campaign2009,2009_b29,R-U-D,0.1,3,25,0.003125429153442383,389,0.9665809768637532,3.3181632078554713,2.719743825721699,4.2911206877367745,1.0,1.2776546784031484,-0.5832299191623092,1.138233220954896
ossl_lucas_campaign,campaign2009,2009_b3,R-U-D,0.1,3,25,0.003125429153442383,913,0.9605695509309967,3.085811467541039,2.7026529470769383,4.4286239097878815,1.0,1.445999943967283,-0.6609283900105896,1.2868190221860798
ossl_lucas_campaign,campaign2009,2009_b4,R-U-D,0.1,3,25,0.003125429153442383,759,0.8893280632411067,23.31013484751381,5.240798134869193,29.71045137057454,1.0,10.783224056723528,0.270392271082192,10.7869418082561
ossl_lucas_campaign,campaign2009,2009_b5,R-U-D,0.1,3,25,0.003125429153442383,301,0.9269102990033222,2.813604439064449,2.5351562228561373,3.574410396392642,1.0,1.04803634673782,-0.5592111575031884,0.8878524327230239
ossl_lucas_campaign,campaign2009,2009_b6,R-U-D,0.1,3,25,0.003125429153442383,886,0.8465011286681715,14.1262557884692,5.124458466068767,25.29401848601415,1.0,8.046472662736475,-2.4143108362906704,7.680064985539726
ossl_lucas_campaign,campaign2009,2009_b7,R-U-D,0.1,3,25,0.003125429153442383,557,0.8868940754039497,4.4313121176970585,3.91845340399746,9.781810063415595,1.0,2.8299367831236553,-1.1180633140242056,2.6020438420216587
ossl_lucas_campaign,campaign2009,2009_b9,R-U-D,0.1,3,25,0.003125429153442383,769,0.918075422626788,3.894371310376,3.061046913106897,7.10717396338891,1.0,2.546368204980877,-0.03096668427742501,2.547837033220338
ossl_lucas_campaign,campaign2009,2009_b0,R-U-D,0.2,3,25,0.002436399459838867,791,0.8482932996207333,5.340561858255574,2.9159944177999524,8.011822388261518,1.0,3.939679839727334,-0.43155211957756673,3.9184501014463855
ossl_lucas_campaign,campaign2009,2009_b1,R-U-D,0.2,3,25,0.002436399459838867,293,0.8668941979522184,2.18930835135811,1.8333620972137754,3.1218274851920493,1.0,1.1073444230243248,-0.4445968628415389,1.0159073364082372
ossl_lucas_campaign,campaign2009,2009_b10,R-U-D,0.2,3,25,0.002436399459838867,714,0.8361344537815126,2.3920821491776807,2.1630412348361814,3.7904952142989052,1.0,1.5114031267484613,-0.38611153091243294,1.4622763240950742
ossl_lucas_campaign,campaign2009,2009_b11,R-U-D,0.2,3,25,0.002436399459838867,270,0.7814814814814814,10.455270305203744,4.95367375504975,22.534138329999735,1.0,10.538385760879997,-2.292272595406485,10.305162818804318
ossl_lucas_campaign,campaign2009,2009_b12,R-U-D,0.2,3,25,0.002436399459838867,769,0.6644993498049415,12.667818497676121,4.18926898239209,24.631774690422336,1.0,8.603084822645569,-2.2256039399630936,8.315628486457564
ossl_lucas_campaign,campaign2009,2009_b13,R-U-D,0.2,3,25,0.002436399459838867,427,0.8384074941451991,2.3389786977939466,2.0991464783863076,3.185567280784428,1.0,1.1708338022281604,-0.460525718644196,1.0777235115013315
ossl_lucas_campaign,campaign2009,2009_b14,R-U-D,0.2,3,25,0.002436399459838867,833,0.6422569027611045,7.030981630861052,4.081924639400711,17.230742540244997,1.0,6.427824991497614,-2.1817771638780714,6.0498529708614015
ossl_lucas_campaign,campaign2009,2009_b15,R-U-D,0.2,3,25,0.002436399459838867,740,0.9027027027027027,2.2022028566384275,1.948775600995574,2.8315225242660795,1.0,0.9971417615788459,-0.26893323302177097,0.9608403590669206
ossl_lucas_campaign,campaign2009,2009_b16,R-U-D,0.2,3,25,0.002436399459838867,637,0.8744113029827315,2.4506694601526764,2.024944546349968,4.832868043411866,1.0,2.2115794030193436,-0.5993390159314153,2.1304933211232897
ossl_lucas_campaign,campaign2009,2009_b17,R-U-D,0.2,3,25,0.002436399459838867,256,0.69921875,5.162669554385907,3.6102495531236185,20.224708091615145,1.0,7.171568043606361,-3.0770097170024964,6.490605654032463
ossl_lucas_campaign,campaign2009,2009_b18,R-U-D,0.2,3,25,0.002436399459838867,1107,0.8419150858175248,2.718592513192143,1.9762325771338558,4.229353580639533,1.0,1.6131845962609668,-0.4861284442874377,1.5388901706313756
ossl_lucas_campaign,campaign2009,2009_b19,R-U-D,0.2,3,25,0.002436399459838867,571,0.8108581436077058,2.1327755477497297,1.8682771182274107,3.544700510193292,1.0,1.2330913483251402,-0.34621398512373697,1.1845283579482797
ossl_lucas_campaign,campaign2009,2009_b2,R-U-D,0.2,3,25,0.002436399459838867,714,0.8599439775910365,1.9123242324832663,1.768719832910207,2.3816231107640573,1.0,0.7030069708877168,-0.10847469168312153,0.6950745954297306
ossl_lucas_campaign,campaign2009,2009_b20,R-U-D,0.2,3,25,0.002436399459838867,519,0.8342967244701349,3.2934021053576314,2.512739238685506,5.735142379006736,1.0,2.496362880021428,-1.086415297074645,2.249729187780095
ossl_lucas_campaign,campaign2009,2009_b21,R-U-D,0.2,3,25,0.002436399459838867,60,0.9166666666666666,1.8635657976200248,1.644667399770077,2.587079399554076,1.0,0.7707498220847238,-0.3140511492865763,0.7098057723416833
ossl_lucas_campaign,campaign2009,2009_b22,R-U-D,0.2,3,25,0.002436399459838867,832,0.6754807692307693,8.414252221371944,3.9436941904860907,20.128033651423046,1.0,7.714482043309147,-2.5561167927243598,7.283079983743768
ossl_lucas_campaign,campaign2009,2009_b23,R-U-D,0.2,3,25,0.002436399459838867,876,0.6655251141552512,3.4343674671131716,2.68641380916551,9.388047742303469,1.0,3.606537106209927,-0.8094087211471751,3.5165443200384865
ossl_lucas_campaign,campaign2009,2009_b24,R-U-D,0.2,3,25,0.002436399459838867,935,0.8566844919786096,2.89073275687074,2.462943025190234,3.8812812415292184,1.0,1.4061737672607926,-0.6300867585459448,1.2577787273138858
ossl_lucas_campaign,campaign2009,2009_b26,R-U-D,0.2,3,25,0.002436399459838867,982,0.7729124236252546,2.7099761653552794,2.044986727495264,4.688076926798158,1.0,2.5524251023577182,0.16694200932592088,2.5482576230009544
ossl_lucas_campaign,campaign2009,2009_b27,R-U-D,0.2,3,25,0.002436399459838867,649,0.884437596302003,2.625327915948994,2.2240906275382346,3.6685199239905866,1.0,1.5591423334979355,-0.6659418503653804,1.410855525823695
ossl_lucas_campaign,campaign2009,2009_b28,R-U-D,0.2,3,25,0.002436399459838867,844,0.8921800947867299,2.6779784617248668,2.215748938037186,3.7442858520563673,1.0,1.5841693103127406,-0.42576578375950563,1.5267867702096183
ossl_lucas_campaign,campaign2009,2009_b29,R-U-D,0.2,3,25,0.002436399459838867,389,0.897172236503856,2.408165616505879,1.9787732574469588,3.3891091586775155,1.0,1.2776546784031484,-0.5832299191623092,1.138233220954896
ossl_lucas_campaign,campaign2009,2009_b3,R-U-D,0.2,3,25,0.002436399459838867,913,0.8784227820372399,2.2410435561191036,1.9643470563590613,3.467592515914605,1.0,1.445999943967283,-0.6609283900105896,1.2868190221860798
ossl_lucas_campaign,campaign2009,2009_b4,R-U-D,0.2,3,25,0.002436399459838867,759,0.782608695652174,16.694818289537448,3.7866679597463015,23.581458780436368,1.0,10.783224056723528,0.270392271082192,10.7869418082561
ossl_lucas_campaign,campaign2009,2009_b5,R-U-D,0.2,3,25,0.002436399459838867,301,0.8172757475083057,2.0360350826462876,1.8358766757430236,3.1276396753369844,1.0,1.04803634673782,-0.5592111575031884,0.8878524327230239
ossl_lucas_campaign,campaign2009,2009_b6,R-U-D,0.2,3,25,0.002436399459838867,886,0.7167042889390519,10.172840505835463,3.7194574904312585,20.092509466449854,1.0,8.046472662736475,-2.4143108362906704,7.680064985539726
ossl_lucas_campaign,campaign2009,2009_b7,R-U-D,0.2,3,25,0.002436399459838867,557,0.7612208258527827,3.214817572319417,2.8487694527271437,7.348702014072813,1.0,2.8299367831236553,-1.1180633140242056,2.6020438420216587
ossl_lucas_campaign,campaign2009,2009_b9,R-U-D,0.2,3,25,0.002436399459838867,769,0.7815344603381015,2.8297893651488675,2.2277278781595466,5.389008326962793,1.0,2.546368204980877,-0.03096668427742501,2.547837033220338
ossl_lucas_campaign,campaign2009,2009_b0,G-U-A,0.05,3,25,0.0016124248504638672,791,0.9747155499367889,8.901722617695794,5.529384690144436,11.900747448568195,1.0,3.939679839727334,-0.43155211957756673,3.9184501014463855
ossl_lucas_campaign,campaign2009,2009_b1,G-U-A,0.05,3,25,0.0016124248504638672,293,0.962457337883959,3.7378882650307963,3.2230781262999724,5.105328461803498,1.0,1.1073444230243248,-0.4445968628415389,1.0159073364082372
ossl_lucas_campaign,campaign2009,2009_b10,G-U-A,0.05,3,25,0.0016124248504638672,714,0.9775910364145658,4.360706227025806,3.9607768918305446,5.927330557040283,1.0,1.5114031267484613,-0.38611153091243294,1.4622763240950742
ossl_lucas_campaign,campaign2009,2009_b11,G-U-A,0.05,3,25,0.0016124248504638672,270,0.9333333333333333,16.033509547338536,9.00497224956007,40.09861609909302,1.0,10.538385760879997,-2.292272595406485,10.305162818804318
ossl_lucas_campaign,campaign2009,2009_b12,G-U-A,0.05,3,25,0.0016124248504638672,769,0.8725617685305592,19.076453072694946,7.456853034908923,37.83078250944565,1.0,8.603084822645569,-2.2256039399630936,8.315628486457564
ossl_lucas_campaign,campaign2009,2009_b13,G-U-A,0.05,3,25,0.0016124248504638672,427,0.9601873536299765,3.778942545747792,3.412581781277522,4.272517088786819,1.0,1.1708338022281604,-0.460525718644196,1.0777235115013315
ossl_lucas_campaign,campaign2009,2009_b14,G-U-A,0.05,3,25,0.0016124248504638672,833,0.8907563025210085,11.513468127836694,7.416958877352232,23.8833075660116,1.0,6.427824991497614,-2.1817771638780714,6.0498529708614015
ossl_lucas_campaign,campaign2009,2009_b15,G-U-A,0.05,3,25,0.0016124248504638672,740,0.9864864864864865,3.7888176304627685,3.3906568465970386,4.267177769667274,1.0,0.9971417615788459,-0.26893323302177097,0.9608403590669206
ossl_lucas_campaign,campaign2009,2009_b16,G-U-A,0.05,3,25,0.0016124248504638672,637,0.9748822605965463,4.53651874581597,3.8376723999618374,7.497870468162839,1.0,2.2115794030193436,-0.5993390159314153,2.1304933211232897
ossl_lucas_campaign,campaign2009,2009_b17,G-U-A,0.05,3,25,0.0016124248504638672,256,0.87109375,8.897251562816248,6.449567238971103,42.1760555379295,1.0,7.171568043606361,-3.0770097170024964,6.490605654032463
ossl_lucas_campaign,campaign2009,2009_b18,G-U-A,0.05,3,25,0.0016124248504638672,1107,0.957542908762421,4.4752660184924675,3.4109245400682515,6.318261753282085,1.0,1.6131845962609668,-0.4861284442874377,1.5388901706313756
ossl_lucas_campaign,campaign2009,2009_b19,G-U-A,0.05,3,25,0.0016124248504638672,571,0.9474605954465849,3.521170273386115,3.128071299796193,5.0441017363669935,1.0,1.2330913483251402,-0.34621398512373697,1.1845283579482797
ossl_lucas_campaign,campaign2009,2009_b2,G-U-A,0.05,3,25,0.0016124248504638672,714,0.9635854341736695,3.034682649044823,2.894444128866291,3.436324334101875,1.0,0.7030069708877168,-0.10847469168312153,0.6950745954297306
ossl_lucas_campaign,campaign2009,2009_b20,G-U-A,0.05,3,25,0.0016124248504638672,519,0.976878612716763,5.892228054054326,4.558840877506622,7.939647873193615,1.0,2.496362880021428,-1.086415297074645,2.249729187780095
ossl_lucas_campaign,campaign2009,2009_b21,G-U-A,0.05,3,25,0.0016124248504638672,60,0.95,3.0179666991873773,2.771249913683702,4.4418869796465525,1.0,0.7707498220847238,-0.3140511492865763,0.7098057723416833
ossl_lucas_campaign,campaign2009,2009_b22,G-U-A,0.05,3,25,0.0016124248504638672,832,0.8870192307692307,13.461333579057982,7.06558760457774,28.789304128959387,1.0,7.714482043309147,-2.5561167927243598,7.283079983743768
ossl_lucas_campaign,campaign2009,2009_b23,G-U-A,0.05,3,25,0.0016124248504638672,876,0.8984018264840182,6.0723075202267065,4.9722132546699696,14.733168279972261,1.0,3.606537106209927,-0.8094087211471751,3.5165443200384865
ossl_lucas_campaign,campaign2009,2009_b24,G-U-A,0.05,3,25,0.0016124248504638672,935,0.9893048128342246,5.0432489629970245,4.4204520064800015,5.890175612707254,1.0,1.4061737672607926,-0.6300867585459448,1.2577787273138858
ossl_lucas_campaign,campaign2009,2009_b26,G-U-A,0.05,3,25,0.0016124248504638672,982,0.9775967413441955,4.991568872604909,3.9893143294569366,7.9636206118339805,1.0,2.5524251023577182,0.16694200932592088,2.5482576230009544
ossl_lucas_campaign,campaign2009,2009_b27,G-U-A,0.05,3,25,0.0016124248504638672,649,0.9861325115562404,4.8146643883078895,4.173584432227576,5.51600257092351,1.0,1.5591423334979355,-0.6659418503653804,1.410855525823695
ossl_lucas_campaign,campaign2009,2009_b28,G-U-A,0.05,3,25,0.0016124248504638672,844,0.981042654028436,4.737432432222743,4.027747520688735,5.9664665374602865,1.0,1.5841693103127406,-0.42576578375950563,1.5267867702096183
ossl_lucas_campaign,campaign2009,2009_b29,G-U-A,0.05,3,25,0.0016124248504638672,389,0.987146529562982,4.2995211428666265,3.6110273086456184,5.395067859734168,1.0,1.2776546784031484,-0.5832299191623092,1.138233220954896
ossl_lucas_campaign,campaign2009,2009_b3,G-U-A,0.05,3,25,0.0016124248504638672,913,0.9813800657174151,4.064243367419794,3.5749747541689088,5.614680671834758,1.0,1.445999943967283,-0.6609283900105896,1.2868190221860798
ossl_lucas_campaign,campaign2009,2009_b4,G-U-A,0.05,3,25,0.0016124248504638672,759,0.9367588932806324,23.52469843521044,6.580646532983564,33.83785137218108,1.0,10.783224056723528,0.270392271082192,10.7869418082561
ossl_lucas_campaign,campaign2009,2009_b5,G-U-A,0.05,3,25,0.0016124248504638672,301,0.973421926910299,3.407643807110897,3.0841103982935496,3.9658270272903553,1.0,1.04803634673782,-0.5592111575031884,0.8878524327230239
ossl_lucas_campaign,campaign2009,2009_b6,G-U-A,0.05,3,25,0.0016124248504638672,886,0.9108352144469526,15.677009099855649,6.723575277475478,30.93741758357132,1.0,8.046472662736475,-2.4143108362906704,7.680064985539726
ossl_lucas_campaign,campaign2009,2009_b7,G-U-A,0.05,3,25,0.0016124248504638672,557,0.9515260323159784,5.7041547966638975,5.1175474529696565,12.74896096496176,1.0,2.8299367831236553,-1.1180633140242056,2.6020438420216587
ossl_lucas_campaign,campaign2009,2009_b9,G-U-A,0.05,3,25,0.0016124248504638672,769,0.9609882964889467,5.220525977047624,4.288159457725593,9.427019457984464,1.0,2.546368204980877,-0.03096668427742501,2.547837033220338
ossl_lucas_campaign,campaign2009,2009_b0,G-U-A,0.1,3,25,0.0011076927185058594,791,0.9456384323640961,6.868016725734022,4.266130070087452,10.11711096221145,1.0,3.939679839727334,-0.43155211957756673,3.9184501014463855
ossl_lucas_campaign,campaign2009,2009_b1,G-U-A,0.1,3,25,0.0011076927185058594,293,0.9249146757679181,2.8839226097792725,2.4867270561510275,4.074501074693958,1.0,1.1073444230243248,-0.4445968628415389,1.0159073364082372
ossl_lucas_campaign,campaign2009,2009_b10,G-U-A,0.1,3,25,0.0011076927185058594,714,0.9341736694677871,3.3644502968098693,3.055889641620219,4.782473343316477,1.0,1.5114031267484613,-0.38611153091243294,1.4622763240950742
ossl_lucas_campaign,campaign2009,2009_b11,G-U-A,0.1,3,25,0.0011076927185058594,270,0.8666666666666667,12.370460917803939,6.947677733948328,31.233158869054797,1.0,10.538385760879997,-2.292272595406485,10.305162818804318
ossl_lucas_campaign,campaign2009,2009_b12,G-U-A,0.1,3,25,0.0011076927185058594,769,0.7919375812743823,14.718207295124955,5.7532450251018545,31.694193215093854,1.0,8.603084822645569,-2.2256039399630936,8.315628486457564
ossl_lucas_campaign,campaign2009,2009_b13,G-U-A,0.1,3,25,0.0011076927185058594,427,0.9133489461358314,2.9155975449279814,2.6329363156247223,3.775396910142904,1.0,1.1708338022281604,-0.460525718644196,1.0777235115013315
ossl_lucas_campaign,campaign2009,2009_b14,G-U-A,0.1,3,25,0.0011076927185058594,833,0.7947178871548619,8.883077474914224,5.722465168985719,21.822777884136503,1.0,6.427824991497614,-2.1817771638780714,6.0498529708614015
ossl_lucas_campaign,campaign2009,2009_b15,G-U-A,0.1,3,25,0.0011076927185058594,740,0.9567567567567568,2.923216547440559,2.6160203966994526,3.482181510443324,1.0,0.9971417615788459,-0.26893323302177097,0.9608403590669206
ossl_lucas_campaign,campaign2009,2009_b16,G-U-A,0.1,3,25,0.0011076927185058594,637,0.9403453689167975,3.5000963252812465,2.9609098556306477,6.33779749742262,1.0,2.2115794030193436,-0.5993390159314153,2.1304933211232897
ossl_lucas_campaign,campaign2009,2009_b17,G-U-A,0.1,3,25,0.0011076927185058594,256,0.82421875,6.864567137265229,4.9760858176982445,29.865724585385014,1.0,7.171568043606361,-3.0770097170024964,6.490605654032463
ossl_lucas_campaign,campaign2009,2009_b18,G-U-A,0.1,3,25,0.0011076927185058594,1107,0.9105691056910569,3.452837522258295,2.631657691157002,5.29964506788348,1.0,1.6131845962609668,-0.4861284442874377,1.5388901706313756
ossl_lucas_campaign,campaign2009,2009_b19,G-U-A,0.1,3,25,0.0011076927185058594,571,0.8791593695271454,2.7167164570707723,2.4134256849995896,4.337895544532151,1.0,1.2330913483251402,-0.34621398512373697,1.1845283579482797
ossl_lucas_campaign,campaign2009,2009_b2,G-U-A,0.1,3,25,0.0011076927185058594,714,0.9243697478991597,2.3413727978337837,2.2331734589481087,2.897311962127506,1.0,0.7030069708877168,-0.10847469168312153,0.6950745954297306
ossl_lucas_campaign,campaign2009,2009_b20,G-U-A,0.1,3,25,0.0011076927185058594,519,0.9383429672447013,4.546077491410247,3.517318696769286,6.685401159430648,1.0,2.496362880021428,-1.086415297074645,2.249729187780095
ossl_lucas_campaign,campaign2009,2009_b21,G-U-A,0.1,3,25,0.0011076927185058594,60,0.9,2.328475808325344,2.1381244480178276,3.4921619402951527,1.0,0.7707498220847238,-0.3140511492865763,0.7098057723416833
ossl_lucas_campaign,campaign2009,2009_b22,G-U-A,0.1,3,25,0.0011076927185058594,832,0.78125,10.38592957141441,5.4513689012183555,25.38155195552141,1.0,7.714482043309147,-2.5561167927243598,7.283079983743768
ossl_lucas_campaign,campaign2009,2009_b23,G-U-A,0.1,3,25,0.0011076927185058594,876,0.8321917808219178,4.685015631672507,3.836251168858513,12.329335300033948,1.0,3.606537106209927,-0.8094087211471751,3.5165443200384865
ossl_lucas_campaign,campaign2009,2009_b24,G-U-A,0.1,3,25,0.0011076927185058594,935,0.9508021390374332,3.891057912886318,3.410546432378924,4.729801614418227,1.0,1.4061737672607926,-0.6300867585459448,1.2577787273138858
ossl_lucas_campaign,campaign2009,2009_b26,G-U-A,0.1,3,25,0.0011076927185058594,982,0.9358452138492872,3.8511847624362128,3.0779073574427755,6.3143038060049665,1.0,2.5524251023577182,0.16694200932592088,2.5482576230009544
ossl_lucas_campaign,campaign2009,2009_b27,G-U-A,0.1,3,25,0.0011076927185058594,649,0.9614791987673343,3.7146962411477578,3.22007873283091,4.629042937417877,1.0,1.5591423334979355,-0.6659418503653804,1.410855525823695
ossl_lucas_campaign,campaign2009,2009_b28,G-U-A,0.1,3,25,0.0011076927185058594,844,0.9561611374407583,3.655108856892546,3.107560022611043,4.841804112093057,1.0,1.5841693103127406,-0.42576578375950563,1.5267867702096183
ossl_lucas_campaign,campaign2009,2009_b29,G-U-A,0.1,3,25,0.0011076927185058594,389,0.961439588688946,3.3172436830545347,2.7860445688971645,4.297080694574322,1.0,1.2776546784031484,-0.5832299191623092,1.138233220954896
ossl_lucas_campaign,campaign2009,2009_b3,G-U-A,0.1,3,25,0.0011076927185058594,913,0.9649507119386638,3.1357179529952655,2.758228655305423,4.4701548688037125,1.0,1.445999943967283,-0.6609283900105896,1.2868190221860798
ossl_lucas_campaign,campaign2009,2009_b4,G-U-A,0.1,3,25,0.0011076927185058594,759,0.8642951251646904,18.150197356149036,5.077218466101079,28.360741295018435,1.0,10.783224056723528,0.270392271082192,10.7869418082561
ossl_lucas_campaign,campaign2009,2009_b5,G-U-A,0.1,3,25,0.0011076927185058594,301,0.9102990033222591,2.6291264812113018,2.379508181639251,3.589519479707746,1.0,1.04803634673782,-0.5592111575031884,0.8878524327230239
ossl_lucas_campaign,campaign2009,2009_b6,G-U-A,0.1,3,25,0.0011076927185058594,886,0.837471783295711,12.095407297151143,5.187493415110074,25.746414874080394,1.0,8.046472662736475,-2.4143108362906704,7.680064985539726
ossl_lucas_campaign,campaign2009,2009_b7,G-U-A,0.1,3,25,0.0011076927185058594,557,0.8886894075403949,4.400971837943469,3.9483820167417254,9.636249954794447,1.0,2.8299367831236553,-1.1180633140242056,2.6020438420216587
ossl_lucas_campaign,campaign2009,2009_b9,G-U-A,0.1,3,25,0.0011076927185058594,769,0.9271781534460338,4.027833855013222,3.308477711912498,7.3457587464713745,1.0,2.546368204980877,-0.03096668427742501,2.547837033220338
ossl_lucas_campaign,campaign2009,2009_b0,G-U-A,0.2,3,25,0.0011355876922607422,791,0.854614412136536,4.994061521535608,3.1021060197858983,8.281618990069703,1.0,3.939679839727334,-0.43155211957756673,3.9184501014463855
ossl_lucas_campaign,campaign2009,2009_b1,G-U-A,0.2,3,25,0.0011355876922607422,293,0.8498293515358362,2.09703725423673,1.8082174813512988,3.152079374604617,1.0,1.1073444230243248,-0.4445968628415389,1.0159073364082372
ossl_lucas_campaign,campaign2009,2009_b10,G-U-A,0.2,3,25,0.0011355876922607422,714,0.8487394957983193,2.4464517835928055,2.2220826597715826,3.826567360512663,1.0,1.5114031267484613,-0.38611153091243294,1.4622763240950742
ossl_lucas_campaign,campaign2009,2009_b11,G-U-A,0.2,3,25,0.0011355876922607422,270,0.7666666666666667,8.995150323641951,5.051986828327468,23.728827284185083,1.0,10.538385760879997,-2.292272595406485,10.305162818804318
ossl_lucas_campaign,campaign2009,2009_b12,G-U-A,0.2,3,25,0.0011355876922607422,769,0.6423927178153446,10.702308345166776,4.183458012874391,24.87303680705289,1.0,8.603084822645569,-2.2256039399630936,8.315628486457564
ossl_lucas_campaign,campaign2009,2009_b13,G-U-A,0.2,3,25,0.0011355876922607422,427,0.7985948477751756,2.1200696056622284,1.9145331858681298,3.250621180676718,1.0,1.1708338022281604,-0.460525718644196,1.0777235115013315
ossl_lucas_campaign,campaign2009,2009_b14,G-U-A,0.2,3,25,0.0011355876922607422,833,0.6290516206482593,6.459308004312923,4.16107651597267,17.798674065677233,1.0,6.427824991497614,-2.1817771638780714,6.0498529708614015
ossl_lucas_campaign,campaign2009,2009_b15,G-U-A,0.2,3,25,0.0011355876922607422,740,0.8959459459459459,2.1256097446572273,1.9022328168999574,2.8134243084899473,1.0,0.9971417615788459,-0.26893323302177097,0.9608403590669206
ossl_lucas_campaign,campaign2009,2009_b16,G-U-A,0.2,3,25,0.0011355876922607422,637,0.8932496075353218,2.54508646058766,2.1530183412825346,4.868253657984135,1.0,2.2115794030193436,-0.5993390159314153,2.1304933211232897
ossl_lucas_campaign,campaign2009,2009_b17,G-U-A,0.2,3,25,0.0011355876922607422,256,0.69921875,4.991553161739018,3.618348600828415,20.458583441254774,1.0,7.171568043606361,-3.0770097170024964,6.490605654032463
ossl_lucas_campaign,campaign2009,2009_b18,G-U-A,0.2,3,25,0.0011355876922607422,1107,0.8066847335140018,2.5107223378495154,1.913603437221652,4.325731268402837,1.0,1.6131845962609668,-0.4861284442874377,1.5388901706313756
ossl_lucas_campaign,campaign2009,2009_b19,G-U-A,0.2,3,25,0.0011355876922607422,571,0.7828371278458844,1.9754537102892185,1.754916569055679,3.57295245800764,1.0,1.2330913483251402,-0.34621398512373697,1.1845283579482797
ossl_lucas_campaign,campaign2009,2009_b2,G-U-A,0.2,3,25,0.0011355876922607422,714,0.8165266106442577,1.7025234888288916,1.6238466048661797,2.3713072182222934,1.0,0.7030069708877168,-0.10847469168312153,0.6950745954297306
ossl_lucas_campaign,campaign2009,2009_b20,G-U-A,0.2,3,25,0.0011355876922607422,519,0.8477842003853564,3.30566910076134,2.557609665785419,5.7965586188876435,1.0,2.496362880021428,-1.086415297074645,2.249729187780095
ossl_lucas_campaign,campaign2009,2009_b21,G-U-A,0.2,3,25,0.0011355876922607422,60,0.8666666666666667,1.6931454745316323,1.5547319496312362,2.676564650918142,1.0,0.7707498220847238,-0.3140511492865763,0.7098057723416833
ossl_lucas_campaign,campaign2009,2009_b22,G-U-A,0.2,3,25,0.0011355876922607422,832,0.6574519230769231,7.552103221244865,3.9639495296017655,20.475513946982478,1.0,7.714482043309147,-2.5561167927243598,7.283079983743768
ossl_lucas_campaign,campaign2009,2009_b23,G-U-A,0.2,3,25,0.0011355876922607422,876,0.6746575342465754,3.406697628772579,2.789520630833165,9.615959115981257,1.0,3.606537106209927,-0.8094087211471751,3.5165443200384865
ossl_lucas_campaign,campaign2009,2009_b24,G-U-A,0.2,3,25,0.0011355876922607422,935,0.8502673796791443,2.829373220365212,2.4799704755427445,3.916748049641598,1.0,1.4061737672607926,-0.6300867585459448,1.2577787273138858
ossl_lucas_campaign,campaign2009,2009_b26,G-U-A,0.2,3,25,0.0011355876922607422,982,0.8207739307535642,2.8003795567855723,2.2380927878438586,4.883637242656623,1.0,2.5524251023577182,0.16694200932592088,2.5482576230009544
ossl_lucas_campaign,campaign2009,2009_b27,G-U-A,0.2,3,25,0.0011355876922607422,649,0.889060092449923,2.701132263204598,2.341472354848887,3.7790321415017982,1.0,1.5591423334979355,-0.6659418503653804,1.410855525823695
ossl_lucas_campaign,campaign2009,2009_b28,G-U-A,0.2,3,25,0.0011355876922607422,844,0.8921800947867299,2.657803442853465,2.2596546506117443,3.82042182019505,1.0,1.5841693103127406,-0.42576578375950563,1.5267867702096183
ossl_lucas_campaign,campaign2009,2009_b29,G-U-A,0.2,3,25,0.0011355876922607422,389,0.8997429305912596,2.4121256101526396,2.0258654768091815,3.3978073454895226,1.0,1.2776546784031484,-0.5832299191623092,1.138233220954896
ossl_lucas_campaign,campaign2009,2009_b3,G-U-A,0.2,3,25,0.0011355876922607422,913,0.8849945235487404,2.280129620646547,2.0056392034463966,3.486547386868694,1.0,1.445999943967283,-0.6609283900105896,1.2868190221860798
ossl_lucas_campaign,campaign2009,2009_b4,G-U-A,0.2,3,25,0.0011355876922607422,759,0.7430830039525692,13.197871502698431,3.691886958134264,23.294706224554922,1.0,10.783224056723528,0.270392271082192,10.7869418082561
ossl_lucas_campaign,campaign2009,2009_b5,G-U-A,0.2,3,25,0.0011355876922607422,301,0.7807308970099668,1.911762874116238,1.7302535396539394,3.17019150214947,1.0,1.04803634673782,-0.5592111575031884,0.8878524327230239
ossl_lucas_campaign,campaign2009,2009_b6,G-U-A,0.2,3,25,0.0011355876922607422,886,0.7054176072234764,8.795145757823951,3.7720731169086927,20.400444508989235,1.0,8.046472662736475,-2.4143108362906704,7.680064985539726
ossl_lucas_campaign,campaign2009,2009_b7,G-U-A,0.2,3,25,0.0011355876922607422,557,0.7719928186714542,3.2001558806463635,2.871056301923259,7.279062805601342,1.0,2.8299367831236553,-1.1180633140242056,2.6020438420216587
ossl_lucas_campaign,campaign2009,2009_b9,G-U-A,0.2,3,25,0.0011355876922607422,769,0.8023407022106632,2.9288295113041,2.40575145573113,5.516371796721804,1.0,2.546368204980877,-0.03096668427742501,2.547837033220338
ossl_lucas_campaign,campaign2009,2009_b0,G-W-A,0.05,3,25,0.003094911575317383,791,0.9785082174462706,9.271514687191326,5.759084344404692,11.772252852478868,1.0,3.939679839727334,-0.43155211957756673,3.9184501014463855
ossl_lucas_campaign,campaign2009,2009_b1,G-W-A,0.05,3,25,0.003094911575317383,293,0.9658703071672355,3.8931662372202496,3.3569700460617637,5.123327062333571,1.0,1.1073444230243248,-0.4445968628415389,1.0159073364082372
ossl_lucas_campaign,campaign2009,2009_b10,G-W-A,0.05,3,25,0.003094911575317383,714,0.9789915966386554,4.541857072700139,4.12531402093952,5.955419118206728,1.0,1.5114031267484613,-0.38611153091243294,1.4622763240950742
ossl_lucas_campaign,campaign2009,2009_b11,G-W-A,0.05,3,25,0.003094911575317383,270,0.937037037037037,16.699567672425502,9.379053477085066,39.01998599146582,1.0,10.538385760879997,-2.292272595406485,10.305162818804318
ossl_lucas_campaign,campaign2009,2009_b12,G-W-A,0.05,3,25,0.003094911575317383,769,0.88296488946684,19.868920032557625,7.766622866449324,36.62722070909054,1.0,8.603084822645569,-2.2256039399630936,8.315628486457564
ossl_lucas_campaign,campaign2009,2009_b13,G-W-A,0.05,3,25,0.003094911575317383,427,0.9718969555035128,3.935925979686617,3.5543459918037783,4.290012729074024,1.0,1.1708338022281604,-0.460525718644196,1.0777235115013315
ossl_lucas_campaign,campaign2009,2009_b14,G-W-A,0.05,3,25,0.003094911575317383,833,0.9027611044417767,11.991756363599048,7.725071440550622,22.552304777450434,1.0,6.427824991497614,-2.1817771638780714,6.0498529708614015
ossl_lucas_campaign,campaign2009,2009_b15,G-W-A,0.05,3,25,0.003094911575317383,740,0.9864864864864865,3.946211291519425,3.5315102595937327,4.372404419299935,1.0,0.9971417615788459,-0.26893323302177097,0.9608403590669206
ossl_lucas_campaign,campaign2009,2009_b16,G-W-A,0.05,3,25,0.003094911575317383,637,0.9764521193092621,4.724973130137687,3.9970955677885516,7.37127139476747,1.0,2.2115794030193436,-0.5993390159314153,2.1304933211232897
ossl_lucas_campaign,campaign2009,2009_b17,G-W-A,0.05,3,25,0.003094911575317383,256,0.875,9.266857897403185,6.717492776429275,40.55683401739107,1.0,7.171568043606361,-3.0770097170024964,6.490605654032463
ossl_lucas_campaign,campaign2009,2009_b18,G-W-A,0.05,3,25,0.003094911575317383,1107,0.960252935862692,4.661175864664436,3.5526199060929713,6.280693840562259,1.0,1.6131845962609668,-0.4861284442874377,1.5388901706313756
ossl_lucas_campaign,campaign2009,2009_b19,G-W-A,0.05,3,25,0.003094911575317383,571,0.9562171628721541,3.667445426900014,3.258016481100958,5.000050554421726,1.0,1.2330913483251402,-0.34621398512373697,1.1845283579482797
ossl_lucas_campaign,campaign2009,2009_b2,G-W-A,0.05,3,25,0.003094911575317383,714,0.9677871148459384,3.1607483135513346,3.01468405662195,3.4835444397654163,1.0,0.7030069708877168,-0.10847469168312153,0.6950745954297306
ossl_lucas_campaign,campaign2009,2009_b20,G-W-A,0.05,3,25,0.003094911575317383,519,0.9807321772639692,6.13700081317366,4.748222559569231,7.925058574340475,1.0,2.496362880021428,-1.086415297074645,2.249729187780095
ossl_lucas_campaign,campaign2009,2009_b21,G-W-A,0.05,3,25,0.003094911575317383,60,0.95,3.143337955885779,2.8863721529043707,4.464775333814216,1.0,0.7707498220847238,-0.3140511492865763,0.7098057723416833
ossl_lucas_campaign,campaign2009,2009_b22,G-W-A,0.05,3,25,0.003094911575317383,832,0.8942307692307693,14.020539321154907,7.359103632285095,27.516002203972626,1.0,7.714482043309147,-2.5561167927243598,7.283079983743768
ossl_lucas_campaign,campaign2009,2009_b23,G-W-A,0.05,3,25,0.003094911575317383,876,0.9075342465753424,6.324561073943837,5.178767099176693,14.127211905259024,1.0,3.606537106209927,-0.8094087211471751,3.5165443200384865
ossl_lucas_campaign,campaign2009,2009_b24,G-W-A,0.05,3,25,0.003094911575317383,935,0.9925133689839573,5.252753746633004,4.604084789232902,6.038236806846919,1.0,1.4061737672607926,-0.6300867585459448,1.2577787273138858
ossl_lucas_campaign,campaign2009,2009_b26,G-W-A,0.05,3,25,0.003094911575317383,982,0.9816700610997964,5.19892678103498,4.1550369502478235,7.895350492581653,1.0,2.5524251023577182,0.16694200932592088,2.5482576230009544
ossl_lucas_campaign,campaign2009,2009_b27,G-W-A,0.05,3,25,0.003094911575317383,649,0.9892141756548536,5.014673396063253,4.3469619334923,5.59780730216423,1.0,1.5591423334979355,-0.6659418503653804,1.410855525823695
ossl_lucas_campaign,campaign2009,2009_b28,G-W-A,0.05,3,25,0.003094911575317383,844,0.9834123222748815,4.934233098615599,4.19506671889877,6.026403864208944,1.0,1.5841693103127406,-0.42576578375950563,1.5267867702096183
ossl_lucas_campaign,campaign2009,2009_b29,G-W-A,0.05,3,25,0.003094911575317383,389,0.9897172236503856,4.478130260398531,3.761035269892853,5.48178954744207,1.0,1.2776546784031484,-0.5832299191623092,1.138233220954896
ossl_lucas_campaign,campaign2009,2009_b3,G-W-A,0.05,3,25,0.003094911575317383,913,0.9813800657174151,4.233078662600075,3.723485033528816,5.620173663291059,1.0,1.445999943967283,-0.6609283900105896,1.2868190221860798
ossl_lucas_campaign,campaign2009,2009_b4,G-W-A,0.05,3,25,0.003094911575317383,759,0.9420289855072463,24.501952759145617,6.854017318005901,33.55397895627647,1.0,10.783224056723528,0.270392271082192,10.7869418082561
ossl_lucas_campaign,campaign2009,2009_b5,G-W-A,0.05,3,25,0.003094911575317383,301,0.9767441860465116,3.5492028861401814,3.2122293720830153,3.984844953579639,1.0,1.04803634673782,-0.5592111575031884,0.8878524327230239
ossl_lucas_campaign,campaign2009,2009_b6,G-W-A,0.05,3,25,0.003094911575317383,886,0.9221218961625283,16.328257615172397,7.002883555552361,30.106891334813266,1.0,8.046472662736475,-2.4143108362906704,7.680064985539726
ossl_lucas_campaign,campaign2009,2009_b7,G-W-A,0.05,3,25,0.003094911575317383,557,0.9569120287253142,5.941114686066429,5.330138717003572,12.550261603968488,1.0,2.8299367831236553,-1.1180633140242056,2.6020438420216587
ossl_lucas_campaign,campaign2009,2009_b9,G-W-A,0.05,3,25,0.003094911575317383,769,0.9648894668400521,5.437395136851588,4.466296592334451,9.27117262824979,1.0,2.546368204980877,-0.03096668427742501,2.547837033220338
ossl_lucas_campaign,campaign2009,2009_b0,G-W-A,0.1,3,25,0.004034996032714844,791,0.9519595448798989,7.058839423788909,4.384661297184917,10.111219685674135,1.0,3.939679839727334,-0.43155211957756673,3.9184501014463855
ossl_lucas_campaign,campaign2009,2009_b1,G-W-A,0.1,3,25,0.004034996032714844,293,0.9283276450511946,2.964050238373648,2.5558189039333463,4.089497994076495,1.0,1.1073444230243248,-0.4445968628415389,1.0159073364082372
ossl_lucas_campaign,campaign2009,2009_b10,G-W-A,0.1,3,25,0.004034996032714844,714,0.9397759103641457,3.45792902709648,3.140795245327762,4.790007821147866,1.0,1.5114031267484613,-0.38611153091243294,1.4622763240950742
ossl_lucas_campaign,campaign2009,2009_b11,G-W-A,0.1,3,25,0.004034996032714844,270,0.8740740740740741,12.714164904381752,7.140713753421063,30.810132103888996,1.0,10.538385760879997,-2.292272595406485,10.305162818804318
ossl_lucas_campaign,campaign2009,2009_b12,G-W-A,0.1,3,25,0.004034996032714844,769,0.8036410923276983,15.127141655471423,5.91309462682854,31.242093475414276,1.0,8.603084822645569,-2.2256039399630936,8.315628486457564
ossl_lucas_campaign,campaign2009,2009_b13,G-W-A,0.1,3,25,0.004034996032714844,427,0.9156908665105387,2.996605237859291,2.7060904781170256,3.7795370531209147,1.0,1.1708338022281604,-0.460525718644196,1.0777235115013315
ossl_lucas_campaign,campaign2009,2009_b14,G-W-A,0.1,3,25,0.004034996032714844,833,0.8067226890756303,9.129887125863721,5.881459575475648,21.28074124201495,1.0,6.427824991497614,-2.1817771638780714,6.0498529708614015
ossl_lucas_campaign,campaign2009,2009_b15,G-W-A,0.1,3,25,0.004034996032714844,740,0.9608108108108108,3.0044359286472466,2.68870456306066,3.5140818805109073,1.0,0.9971417615788459,-0.26893323302177097,0.9608403590669206
ossl_lucas_campaign,campaign2009,2009_b16,G-W-A,0.1,3,25,0.004034996032714844,637,0.9434850863422292,3.5973438788201872,3.043176517159251,6.279712733638406,1.0,2.2115794030193436,-0.5993390159314153,2.1304933211232897
ossl_lucas_campaign,campaign2009,2009_b17,G-W-A,0.1,3,25,0.004034996032714844,256,0.82421875,7.055293991089521,5.114342633225199,29.337303474377823,1.0,7.171568043606361,-3.0770097170024964,6.490605654032463
ossl_lucas_campaign,campaign2009,2009_b18,G-W-A,0.1,3,25,0.004034996032714844,1107,0.9132791327913279,3.548772025369462,2.7047763280266293,5.27812515114492,1.0,1.6131845962609668,-0.4861284442874377,1.5388901706313756
ossl_lucas_campaign,campaign2009,2009_b19,G-W-A,0.1,3,25,0.004034996032714844,571,0.8896672504378283,2.792198388011025,2.4804809091141418,4.297688862408291,1.0,1.2330913483251402,-0.34621398512373697,1.1845283579482797
ossl_lucas_campaign,campaign2009,2009_b2,G-W-A,0.1,3,25,0.004034996032714844,714,0.9285714285714286,2.406426086472537,2.2952205100370096,2.915523601774387,1.0,0.7030069708877168,-0.10847469168312153,0.6950745954297306
ossl_lucas_campaign,campaign2009,2009_b20,G-W-A,0.1,3,25,0.004034996032714844,519,0.9479768786127167,4.67238684782562,3.6150447609941345,6.646249933509866,1.0,2.496362880021428,-1.086415297074645,2.249729187780095
ossl_lucas_campaign,campaign2009,2009_b21,G-W-A,0.1,3,25,0.004034996032714844,60,0.9166666666666666,2.393170763775193,2.197530633564686,3.4794458525496177,1.0,0.7707498220847238,-0.3140511492865763,0.7098057723416833
ossl_lucas_campaign,campaign2009,2009_b22,G-W-A,0.1,3,25,0.004034996032714844,832,0.7944711538461539,10.674494841676408,5.6028311010591425,24.786341146123235,1.0,7.714482043309147,-2.5561167927243598,7.283079983743768
ossl_lucas_campaign,campaign2009,2009_b23,G-W-A,0.1,3,25,0.004034996032714844,876,0.843607305936073,4.815185280199319,3.9428385328226794,12.095135689628673,1.0,3.606537106209927,-0.8094087211471751,3.5165443200384865
ossl_lucas_campaign,campaign2009,2009_b24,G-W-A,0.1,3,25,0.004034996032714844,935,0.9582887700534759,3.999168041162895,3.5053059092493677,4.766441882087607,1.0,1.4061737672607926,-0.6300867585459448,1.2577787273138858
ossl_lucas_campaign,campaign2009,2009_b26,G-W-A,0.1,3,25,0.004034996032714844,982,0.9419551934826884,3.958187045107183,3.1634247068850847,6.301295289090814,1.0,2.5524251023577182,0.16694200932592088,2.5482576230009544
ossl_lucas_campaign,campaign2009,2009_b27,G-W-A,0.1,3,25,0.004034996032714844,649,0.9676425269645609,3.8179062925348126,3.3095462073997473,4.659558704587205,1.0,1.5591423334979355,-0.6659418503653804,1.410855525823695
ossl_lucas_campaign,campaign2009,2009_b28,G-W-A,0.1,3,25,0.004034996032714844,844,0.957345971563981,3.756663317460929,3.193901249134303,4.861845487776878,1.0,1.5841693103127406,-0.42576578375950563,1.5267867702096183
ossl_lucas_campaign,campaign2009,2009_b29,G-W-A,0.1,3,25,0.004034996032714844,389,0.961439588688946,3.4094108129530634,2.8634527294722685,4.321519675937858,1.0,1.2776546784031484,-0.5832299191623092,1.138233220954896
ossl_lucas_campaign,campaign2009,2009_b3,G-W-A,0.1,3,25,0.004034996032714844,913,0.9649507119386638,3.2228415265136094,2.834863971565727,4.492977049038069,1.0,1.445999943967283,-0.6609283900105896,1.2868190221860798
ossl_lucas_campaign,campaign2009,2009_b4,G-W-A,0.1,3,25,0.004034996032714844,759,0.8735177865612648,18.654486988518688,5.218285176478367,28.18472753598548,1.0,10.783224056723528,0.270392271082192,10.7869418082561
ossl_lucas_campaign,campaign2009,2009_b5,G-W-A,0.1,3,25,0.004034996032714844,301,0.9136212624584718,2.7021747903093947,2.445621033339617,3.5654807540357467,1.0,1.04803634673782,-0.5592111575031884,0.8878524327230239
ossl_lucas_campaign,campaign2009,2009_b6,G-W-A,0.1,3,25,0.004034996032714844,886,0.8431151241534989,12.431469124995406,5.331624032309097,25.369182346889204,1.0,8.046472662736475,-2.4143108362906704,7.680064985539726
ossl_lucas_campaign,campaign2009,2009_b7,G-W-A,0.1,3,25,0.004034996032714844,557,0.8940754039497307,4.523249542514753,4.058084852287096,9.542593036447993,1.0,2.8299367831236553,-1.1180633140242056,2.6020438420216587
ossl_lucas_campaign,campaign2009,2009_b9,G-W-A,0.1,3,25,0.004034996032714844,769,0.9310793237971391,4.139744200346327,3.400401285871781,7.325460750313951,1.0,2.546368204980877,-0.03096668427742501,2.547837033220338
ossl_lucas_campaign,campaign2009,2009_b0,G-W-A,0.2,3,25,0.003009796142578125,791,0.8558786346396966,5.0919891651909985,3.162934652268068,8.259858535584298,1.0,3.939679839727334,-0.43155211957756673,3.9184501014463855
ossl_lucas_campaign,campaign2009,2009_b1,G-W-A,0.2,3,25,0.003009796142578125,293,0.8532423208191127,2.1381576761777534,1.8436744889195134,3.1571844857667646,1.0,1.1073444230243248,-0.4445968628415389,1.0159073364082372
ossl_lucas_campaign,campaign2009,2009_b10,G-W-A,0.2,3,25,0.003009796142578125,714,0.8599439775910365,2.4944238114604365,2.2656550743164523,3.826940949080504,1.0,1.5114031267484613,-0.38611153091243294,1.4622763240950742
ossl_lucas_campaign,campaign2009,2009_b11,G-W-A,0.2,3,25,0.003009796142578125,270,0.774074074074074,9.17153458957895,5.151050318783641,23.56438157651712,1.0,10.538385760879997,-2.292272595406485,10.305162818804318
ossl_lucas_campaign,campaign2009,2009_b12,G-W-A,0.2,3,25,0.003009796142578125,769,0.6514954486345904,10.912167962113053,4.265490679826016,24.71159841831692,1.0,8.603084822645569,-2.2256039399630936,8.315628486457564
ossl_lucas_campaign,campaign2009,2009_b13,G-W-A,0.2,3,25,0.003009796142578125,427,0.8032786885245902,2.161641664791383,1.9520749187409887,3.2436012554815594,1.0,1.1708338022281604,-0.460525718644196,1.0777235115013315
ossl_lucas_campaign,campaign2009,2009_b14,G-W-A,0.2,3,25,0.003009796142578125,833,0.6446578631452581,6.58596739963256,4.24267030822409,17.608650024318507,1.0,6.427824991497614,-2.1817771638780714,6.0498529708614015
ossl_lucas_campaign,campaign2009,2009_b15,G-W-A,0.2,3,25,0.003009796142578125,740,0.8959459459459459,2.1672904393638506,1.939533354075897,2.8242006470969296,1.0,0.9971417615788459,-0.26893323302177097,0.9608403590669206
ossl_lucas_campaign,campaign2009,2009_b16,G-W-A,0.2,3,25,0.003009796142578125,637,0.8963893249607535,2.594992597888898,2.1952364861731097,4.863149691495013,1.0,2.2115794030193436,-0.5993390159314153,2.1304933211232897
ossl_lucas_campaign,campaign2009,2009_b17,G-W-A,0.2,3,25,0.003009796142578125,256,0.703125,5.089431619423579,3.6893001401466474,20.32149355856093,1.0,7.171568043606361,-3.0770097170024964,6.490605654032463
ossl_lucas_campaign,campaign2009,2009_b18,G-W-A,0.2,3,25,0.003009796142578125,1107,0.8139114724480578,2.5599546353208837,1.9511269388224792,4.312104392920014,1.0,1.6131845962609668,-0.4861284442874377,1.5388901706313756
ossl_lucas_campaign,campaign2009,2009_b19,G-W-A,0.2,3,25,0.003009796142578125,571,0.7880910683012259,2.014190022640341,1.789328408733333,3.5597731643361143,1.0,1.2330913483251402,-0.34621398512373697,1.1845283579482797
ossl_lucas_campaign,campaign2009,2009_b2,G-W-A,0.2,3,25,0.003009796142578125,714,0.8221288515406162,1.735907962129834,1.655688317465558,2.374476413352281,1.0,0.7030069708877168,-0.10847469168312153,0.6950745954297306
ossl_lucas_campaign,campaign2009,2009_b20,G-W-A,0.2,3,25,0.003009796142578125,519,0.8554913294797688,3.3704893646579794,2.6077613683386556,5.763279498785994,1.0,2.496362880021428,-1.086415297074645,2.249729187780095
ossl_lucas_campaign,campaign2009,2009_b21,G-W-A,0.2,3,25,0.003009796142578125,60,0.8666666666666667,1.726346056056645,1.5852184055322285,2.686687318510969,1.0,0.7707498220847238,-0.3140511492865763,0.7098057723416833
ossl_lucas_campaign,campaign2009,2009_b22,G-W-A,0.2,3,25,0.003009796142578125,832,0.6658653846153846,7.700191039128091,4.0416778946467025,20.28016800645541,1.0,7.714482043309147,-2.5561167927243598,7.283079983743768
ossl_lucas_campaign,campaign2009,2009_b23,G-W-A,0.2,3,25,0.003009796142578125,876,0.678082191780822,3.4734989426918212,2.8442198333014588,9.532837059294986,1.0,3.606537106209927,-0.8094087211471751,3.5165443200384865
ossl_lucas_campaign,campaign2009,2009_b24,G-W-A,0.2,3,25,0.003009796142578125,935,0.8566844919786096,2.8848538850100542,2.5285997653417542,3.9156786888036397,1.0,1.4061737672607926,-0.6300867585459448,1.2577787273138858
ossl_lucas_campaign,campaign2009,2009_b26,G-W-A,0.2,3,25,0.003009796142578125,982,0.8309572301425662,2.8552916899569745,2.2819791420768922,4.878486982397758,1.0,2.5524251023577182,0.16694200932592088,2.5482576230009544
ossl_lucas_campaign,campaign2009,2009_b27,G-W-A,0.2,3,25,0.003009796142578125,649,0.8906009244992296,2.7540982742552274,2.3873858602003564,3.7789174438756707,1.0,1.5591423334979355,-0.6659418503653804,1.410855525823695
ossl_lucas_campaign,campaign2009,2009_b28,G-W-A,0.2,3,25,0.003009796142578125,844,0.8933649289099526,2.7099198269499496,2.303963807488392,3.8330955013263295,1.0,1.5841693103127406,-0.42576578375950563,1.5267867702096183
ossl_lucas_campaign,campaign2009,2009_b29,G-W-A,0.2,3,25,0.003009796142578125,389,0.9048843187660668,2.4594245423312793,2.065590304317058,3.408585699378685,1.0,1.2776546784031484,-0.5832299191623092,1.138233220954896
ossl_lucas_campaign,campaign2009,2009_b3,G-W-A,0.2,3,25,0.003009796142578125,913,0.8882803943044907,2.3248402674849777,2.0449674176402795,3.487483098111435,1.0,1.445999943967283,-0.6609283900105896,1.2868190221860798
ossl_lucas_campaign,campaign2009,2009_b4,G-W-A,0.2,3,25,0.003009796142578125,759,0.7496706192358367,13.456666163507592,3.764280497719853,23.21242085031101,1.0,10.783224056723528,0.270392271082192,10.7869418082561
ossl_lucas_campaign,campaign2009,2009_b5,G-W-A,0.2,3,25,0.003009796142578125,301,0.7873754152823921,1.9492502844500408,1.7641817664757444,3.1545339323172623,1.0,1.04803634673782,-0.5592111575031884,0.8878524327230239
ossl_lucas_campaign,campaign2009,2009_b6,G-W-A,0.2,3,25,0.003009796142578125,886,0.7110609480812641,8.967608170622697,3.8460390122910004,20.24127557313227,1.0,8.046472662736475,-2.4143108362906704,7.680064985539726
ossl_lucas_campaign,campaign2009,2009_b7,G-W-A,0.2,3,25,0.003009796142578125,557,0.7809694793536804,3.2629071550089748,2.9273543225297116,7.243303929219166,1.0,2.8299367831236553,-1.1180633140242056,2.6020438420216587
ossl_lucas_campaign,campaign2009,2009_b9,G-W-A,0.2,3,25,0.003009796142578125,769,0.8075422626788037,2.986260396260877,2.452925398275561,5.506910723258741,1.0,2.546368204980877,-0.03096668427742501,2.547837033220338
ossl_lucas_campaign,campaign2009,2009_b0,G-U-D,0.05,3,25,0.0519258975982666,791,0.9848293299620733,9.831289002328,5.334524430598275,11.318902723728067,1.0,3.939679839727334,-0.43155211957756673,3.9184501014463855
ossl_lucas_campaign,campaign2009,2009_b1,G-U-D,0.05,3,25,0.0519258975982666,293,0.9829351535836177,4.020090916782226,3.3666442566494674,4.939533066798367,1.0,1.1073444230243248,-0.4445968628415389,1.0159073364082372
ossl_lucas_campaign,campaign2009,2009_b10,G-U-D,0.05,3,25,0.0519258975982666,714,0.9803921568627451,4.380155009410793,3.958195937466165,5.779916250270302,1.0,1.5114031267484613,-0.38611153091243294,1.4622763240950742
ossl_lucas_campaign,campaign2009,2009_b11,G-U-D,0.05,3,25,0.0519258975982666,270,0.9481481481481482,19.380891018046082,9.06779005593558,35.01638837237493,1.0,10.538385760879997,-2.292272595406485,10.305162818804318
ossl_lucas_campaign,campaign2009,2009_b12,G-U-D,0.05,3,25,0.0519258975982666,769,0.8907672301690507,23.450805477506293,7.664455840628334,37.1294363669209,1.0,8.603084822645569,-2.2256039399630936,8.315628486457564
ossl_lucas_campaign,campaign2009,2009_b13,G-U-D,0.05,3,25,0.0519258975982666,427,0.990632318501171,4.312566070685594,3.8717530723165328,4.462711554924199,1.0,1.1708338022281604,-0.460525718644196,1.0777235115013315
ossl_lucas_campaign,campaign2009,2009_b14,G-U-D,0.05,3,25,0.0519258975982666,833,0.9111644657863145,12.94762111883176,7.496344540624599,21.06673886040364,1.0,6.427824991497614,-2.1817771638780714,6.0498529708614015
ossl_lucas_campaign,campaign2009,2009_b15,G-U-D,0.05,3,25,0.0519258975982666,740,0.9891891891891892,4.0447380702241755,3.5706870904618824,4.4150542314343735,1.0,0.9971417615788459,-0.26893323302177097,0.9608403590669206
ossl_lucas_campaign,campaign2009,2009_b16,G-U-D,0.05,3,25,0.0519258975982666,637,0.967032967032967,4.485564057900255,3.7002856353442093,7.077274357077361,1.0,2.2115794030193436,-0.5993390159314153,2.1304933211232897
ossl_lucas_campaign,campaign2009,2009_b17,G-U-D,0.05,3,25,0.0519258975982666,256,0.87890625,9.477683434228442,6.597658501777197,40.11620212264109,1.0,7.171568043606361,-3.0770097170024964,6.490605654032463
ossl_lucas_campaign,campaign2009,2009_b18,G-U-D,0.05,3,25,0.0519258975982666,1107,0.974706413730804,5.004251754984519,3.6145244546168054,6.186341854060186,1.0,1.6131845962609668,-0.4861284442874377,1.5388901706313756
ossl_lucas_campaign,campaign2009,2009_b19,G-U-D,0.05,3,25,0.0519258975982666,571,0.9614711033274956,3.9259713605146014,3.434523943740208,5.09094348008658,1.0,1.2330913483251402,-0.34621398512373697,1.1845283579482797
ossl_lucas_campaign,campaign2009,2009_b2,G-U-D,0.05,3,25,0.0519258975982666,714,0.9859943977591037,3.53072226599457,3.242750564842501,3.6837880396365223,1.0,0.7030069708877168,-0.10847469168312153,0.6950745954297306
ossl_lucas_campaign,campaign2009,2009_b20,G-U-D,0.05,3,25,0.0519258975982666,519,0.9807321772639692,6.0361168034478645,4.5953890763192495,7.768690045705181,1.0,2.496362880021428,-1.086415297074645,2.249729187780095
ossl_lucas_campaign,campaign2009,2009_b21,G-U-D,0.05,3,25,0.0519258975982666,60,0.9833333333333333,3.435086943464434,3.040540505686508,3.7630122307514133,1.0,0.7707498220847238,-0.3140511492865763,0.7098057723416833
ossl_lucas_campaign,campaign2009,2009_b22,G-U-D,0.05,3,25,0.0519258975982666,832,0.8978365384615384,15.516192086428095,7.213152358144571,27.84373583507479,1.0,7.714482043309147,-2.5561167927243598,7.283079983743768
ossl_lucas_campaign,campaign2009,2009_b23,G-U-D,0.05,3,25,0.0519258975982666,876,0.9121004566210046,6.300027444093747,4.908438602141967,13.715579169358891,1.0,3.606537106209927,-0.8094087211471751,3.5165443200384865
ossl_lucas_campaign,campaign2009,2009_b24,G-U-D,0.05,3,25,0.0519258975982666,935,0.9914438502673797,5.303183959514617,4.5149739010875045,6.120748405746039,1.0,1.4061737672607926,-0.6300867585459448,1.2577787273138858
ossl_lucas_campaign,campaign2009,2009_b26,G-U-D,0.05,3,25,0.0519258975982666,982,0.9786150712830958,4.962657485814091,3.7357926883821198,7.157365624433384,1.0,2.5524251023577182,0.16694200932592088,2.5482576230009544
ossl_lucas_campaign,campaign2009,2009_b27,G-U-D,0.05,3,25,0.0519258975982666,649,0.9892141756548536,4.806312546806924,4.06362310051,5.40680507443498,1.0,1.5591423334979355,-0.6659418503653804,1.410855525823695
ossl_lucas_campaign,campaign2009,2009_b28,G-U-D,0.05,3,25,0.0519258975982666,844,0.9845971563981043,4.912703339174124,4.052136973484313,5.784552618356424,1.0,1.5841693103127406,-0.42576578375950563,1.5267867702096183
ossl_lucas_campaign,campaign2009,2009_b29,G-U-D,0.05,3,25,0.0519258975982666,389,0.9897172236503856,4.4130478785580305,3.6174908833513606,5.49987216217465,1.0,1.2776546784031484,-0.5832299191623092,1.138233220954896
ossl_lucas_campaign,campaign2009,2009_b3,G-U-D,0.05,3,25,0.0519258975982666,913,0.9791894852135816,4.103930076782369,3.5946778514567432,5.53583687935395,1.0,1.445999943967283,-0.6609283900105896,1.2868190221860798
ossl_lucas_campaign,campaign2009,2009_b4,G-U-D,0.05,3,25,0.0519258975982666,759,0.9552042160737813,31.085642212656317,6.9718766146721105,35.54955583106901,1.0,10.783224056723528,0.270392271082192,10.7869418082561
ossl_lucas_campaign,campaign2009,2009_b5,G-U-D,0.05,3,25,0.0519258975982666,301,0.9833887043189369,3.7421482714709926,3.3792685314894593,4.098833697401419,1.0,1.04803634673782,-0.5592111575031884,0.8878524327230239
ossl_lucas_campaign,campaign2009,2009_b6,G-U-D,0.05,3,25,0.0519258975982666,886,0.9300225733634312,18.809416530278497,6.815651366322656,30.16109449966224,1.0,8.046472662736475,-2.4143108362906704,7.680064985539726
ossl_lucas_campaign,campaign2009,2009_b7,G-U-D,0.05,3,25,0.0519258975982666,557,0.9497307001795332,5.894584073948729,5.214980464840006,12.813760075752986,1.0,2.8299367831236553,-1.1180633140242056,2.6020438420216587
ossl_lucas_campaign,campaign2009,2009_b9,G-U-D,0.05,3,25,0.0519258975982666,769,0.9596879063719116,5.180528615020136,4.072868960724253,8.848659163104386,1.0,2.546368204980877,-0.03096668427742501,2.547837033220338
ossl_lucas_campaign,campaign2009,2009_b0,G-U-D,0.1,3,25,0.002691507339477539,791,0.9494310998735778,7.589153793188854,4.144934576261678,9.673509568722956,1.0,3.939679839727334,-0.43155211957756673,3.9184501014463855
ossl_lucas_campaign,campaign2009,2009_b1,G-U-D,0.1,3,25,0.002691507339477539,293,0.9385665529010239,3.1100600798107267,2.6064858337169894,4.0301594629649236,1.0,1.1073444230243248,-0.4445968628415389,1.0159073364082372
ossl_lucas_campaign,campaign2009,2009_b10,G-U-D,0.1,3,25,0.002691507339477539,714,0.9411764705882353,3.400408112912274,3.0775372654006423,4.70528855481933,1.0,1.5114031267484613,-0.38611153091243294,1.4622763240950742
ossl_lucas_campaign,campaign2009,2009_b11,G-U-D,0.1,3,25,0.002691507339477539,270,0.8814814814814815,14.86296160782561,7.042860972217736,28.90419276824096,1.0,10.538385760879997,-2.292272595406485,10.305162818804318
ossl_lucas_campaign,campaign2009,2009_b12,G-U-D,0.1,3,25,0.002691507339477539,769,0.8192457737321196,17.99174739770043,5.956840098514257,30.93037670825289,1.0,8.603084822645569,-2.2256039399630936,8.315628486457564
ossl_lucas_campaign,campaign2009,2009_b13,G-U-D,0.1,3,25,0.002691507339477539,427,0.9508196721311475,3.3232922965977885,2.9817328775000482,3.7796045887941028,1.0,1.1708338022281604,-0.460525718644196,1.0777235115013315
ossl_lucas_campaign,campaign2009,2009_b14,G-U-D,0.1,3,25,0.002691507339477539,833,0.8223289315726291,9.98760242186515,5.799349556274952,19.81467619758589,1.0,6.427824991497614,-2.1817771638780714,6.0498529708614015
ossl_lucas_campaign,campaign2009,2009_b15,G-U-D,0.1,3,25,0.002691507339477539,740,0.9689189189189189,3.129176936829715,2.7701401037559084,3.5664017226445064,1.0,0.9971417615788459,-0.26893323302177097,0.9608403590669206
ossl_lucas_campaign,campaign2009,2009_b16,G-U-D,0.1,3,25,0.002691507339477539,637,0.9387755102040817,3.484606769311936,2.879391008124608,6.153787224977049,1.0,2.2115794030193436,-0.5993390159314153,2.1304933211232897
ossl_lucas_campaign,campaign2009,2009_b17,G-U-D,0.1,3,25,0.002691507339477539,256,0.81640625,7.335509727093358,5.1362824292801825,28.76444972915432,1.0,7.171568043606361,-3.0770097170024964,6.490605654032463
ossl_lucas_campaign,campaign2009,2009_b18,G-U-D,0.1,3,25,0.002691507339477539,1107,0.940379403794038,3.861689081853548,2.8098875007773128,5.221165116334065,1.0,1.6131845962609668,-0.4861284442874377,1.5388901706313756
ossl_lucas_campaign,campaign2009,2009_b19,G-U-D,0.1,3,25,0.002691507339477539,571,0.9141856392294221,3.029913309873756,2.6528607312469883,4.250312223283256,1.0,1.2330913483251402,-0.34621398512373697,1.1845283579482797
ossl_lucas_campaign,campaign2009,2009_b2,G-U-D,0.1,3,25,0.002691507339477539,714,0.9565826330532213,2.7168538632975876,2.512293783027584,2.982604818525907,1.0,0.7030069708877168,-0.10847469168312153,0.6950745954297306
ossl_lucas_campaign,campaign2009,2009_b20,G-U-D,0.1,3,25,0.002691507339477539,519,0.9421965317919075,4.6809915447828185,3.573923217739966,6.605393225344747,1.0,2.496362880021428,-1.086415297074645,2.249729187780095
ossl_lucas_campaign,campaign2009,2009_b21,G-U-D,0.1,3,25,0.002691507339477539,60,0.9333333333333333,2.6475340769819384,2.33759765639408,3.289350039999556,1.0,0.7707498220847238,-0.3140511492865763,0.7098057723416833
ossl_lucas_campaign,campaign2009,2009_b22,G-U-D,0.1,3,25,0.002691507339477539,832,0.8100961538461539,11.951370446927227,5.608889478564,24.35703681646152,1.0,7.714482043309147,-2.5561167927243598,7.283079983743768
ossl_lucas_campaign,campaign2009,2009_b23,G-U-D,0.1,3,25,0.002691507339477539,876,0.8356164383561644,4.8812621511974035,3.8209730849327075,11.509144054747507,1.0,3.606537106209927,-0.8094087211471751,3.5165443200384865
ossl_lucas_campaign,campaign2009,2009_b24,G-U-D,0.1,3,25,0.002691507339477539,935,0.9636363636363636,4.107467935711697,3.5031308879548915,4.848209613079977,1.0,1.4061737672607926,-0.6300867585459448,1.2577787273138858
ossl_lucas_campaign,campaign2009,2009_b26,G-U-D,0.1,3,25,0.002691507339477539,982,0.9348268839103869,3.853507079970248,2.909886430955436,5.904311241289431,1.0,2.5524251023577182,0.16694200932592088,2.5482576230009544
ossl_lucas_campaign,campaign2009,2009_b27,G-U-D,0.1,3,25,0.002691507339477539,649,0.9645608628659477,3.7323785265044647,3.1606772917821275,4.503567165875761,1.0,1.5591423334979355,-0.6659418503653804,1.410855525823695
ossl_lucas_campaign,campaign2009,2009_b28,G-U-D,0.1,3,25,0.002691507339477539,844,0.9632701421800948,3.806247987813967,3.1486558347490448,4.699155845392112,1.0,1.5841693103127406,-0.42576578375950563,1.5267867702096183
ossl_lucas_campaign,campaign2009,2009_b29,G-U-D,0.1,3,25,0.002691507339477539,389,0.9665809768637532,3.422380265904106,2.8139922311250958,4.325981117953686,1.0,1.2776546784031484,-0.5832299191623092,1.138233220954896
ossl_lucas_campaign,campaign2009,2009_b3,G-U-D,0.1,3,25,0.002691507339477539,913,0.963855421686747,3.185299525413636,2.792807083548423,4.449216752203726,1.0,1.445999943967283,-0.6609283900105896,1.2868190221860798
ossl_lucas_campaign,campaign2009,2009_b4,G-U-D,0.1,3,25,0.002691507339477539,759,0.8959156785243741,23.725496654316757,5.377216464160366,29.715939752990984,1.0,10.783224056723528,0.270392271082192,10.7869418082561
ossl_lucas_campaign,campaign2009,2009_b5,G-U-D,0.1,3,25,0.002691507339477539,301,0.9302325581395349,2.8917390071807136,2.607069540451094,3.5664566049872533,1.0,1.04803634673782,-0.5592111575031884,0.8878524327230239
ossl_lucas_campaign,campaign2009,2009_b6,G-U-D,0.1,3,25,0.002691507339477539,886,0.8544018058690744,14.450195916066635,5.287726837857132,24.96768413248535,1.0,8.046472662736475,-2.4143108362906704,7.680064985539726
ossl_lucas_campaign,campaign2009,2009_b7,G-U-D,0.1,3,25,0.002691507339477539,557,0.8994614003590664,4.5692121505798236,4.0518554261799435,9.663579243863435,1.0,2.8299367831236553,-1.1180633140242056,2.6020438420216587
ossl_lucas_campaign,campaign2009,2009_b9,G-U-D,0.1,3,25,0.002691507339477539,769,0.9258777633289987,4.0236366249150555,3.170844028980338,7.089140539513224,1.0,2.546368204980877,-0.03096668427742501,2.547837033220338
ossl_lucas_campaign,campaign2009,2009_b0,G-U-D,0.2,3,25,0.0024182796478271484,791,0.8584070796460177,5.531180406991214,3.0375776572594857,8.003743432184027,1.0,3.939679839727334,-0.43155211957756673,3.9184501014463855
ossl_lucas_campaign,campaign2009,2009_b1,G-U-D,0.2,3,25,0.0024182796478271484,293,0.8703071672354948,2.270584402195454,1.8992438247993713,3.142764878841227,1.0,1.1073444230243248,-0.4445968628415389,1.0159073364082372
ossl_lucas_campaign,campaign2009,2009_b10,G-U-D,0.2,3,25,0.0024182796478271484,714,0.8473389355742297,2.4893807252916536,2.2541946811543037,3.7837552191225345,1.0,1.5114031267484613,-0.38611153091243294,1.4622763240950742
ossl_lucas_campaign,campaign2009,2009_b11,G-U-D,0.2,3,25,0.0024182796478271484,270,0.7925925925925926,10.776753659743921,5.157854543617504,22.354601216923783,1.0,10.538385760879997,-2.292272595406485,10.305162818804318
ossl_lucas_campaign,campaign2009,2009_b12,G-U-D,0.2,3,25,0.0024182796478271484,769,0.6762028608582574,13.049087359033855,4.364779930169286,24.44110097119966,1.0,8.603084822645569,-2.2256039399630936,8.315628486457564
ossl_lucas_campaign,campaign2009,2009_b13,G-U-D,0.2,3,25,0.0024182796478271484,427,0.8501170960187353,2.4188103327361934,2.175511163309681,3.1889341125974733,1.0,1.1708338022281604,-0.460525718644196,1.0777235115013315
ossl_lucas_campaign,campaign2009,2009_b14,G-U-D,0.2,3,25,0.0024182796478271484,833,0.6602641056422569,7.275050738675966,4.252428906946761,16.917250867204952,1.0,6.427824991497614,-2.1817771638780714,6.0498529708614015
ossl_lucas_campaign,campaign2009,2009_b15,G-U-D,0.2,3,25,0.0024182796478271484,740,0.9135135135135135,2.2846082296360755,2.0239557325316495,2.858762323305043,1.0,0.9971417615788459,-0.26893323302177097,0.9608403590669206
ossl_lucas_campaign,campaign2009,2009_b16,G-U-D,0.2,3,25,0.0024182796478271484,637,0.8854003139717426,2.5523938479204324,2.110627026311014,4.813732818971696,1.0,2.2115794030193436,-0.5993390159314153,2.1304933211232897
ossl_lucas_campaign,campaign2009,2009_b17,G-U-D,0.2,3,25,0.0024182796478271484,256,0.71875,5.357399123696345,3.76803684885844,19.963441100114423,1.0,7.171568043606361,-3.0770097170024964,6.490605654032463
ossl_lucas_campaign,campaign2009,2009_b18,G-U-D,0.2,3,25,0.0024182796478271484,1107,0.8563685636856369,2.813753951405073,2.0517159087316585,4.226069355508301,1.0,1.6131845962609668,-0.4861284442874377,1.5388901706313756
ossl_lucas_campaign,campaign2009,2009_b19,G-U-D,0.2,3,25,0.0024182796478271484,571,0.8248686514886164,2.2078772586621076,1.933801268947375,3.5297089690050036,1.0,1.2330913483251402,-0.34621398512373697,1.1845283579482797
ossl_lucas_campaign,campaign2009,2009_b2,G-U-D,0.2,3,25,0.0024182796478271484,714,0.8739495798319328,1.9751842520212846,1.8342613062783777,2.40134791700041,1.0,0.7030069708877168,-0.10847469168312153,0.6950745954297306
ossl_lucas_campaign,campaign2009,2009_b20,G-U-D,0.2,3,25,0.0024182796478271484,519,0.8497109826589595,3.4240127625570196,2.615976670309923,5.663575237593833,1.0,2.496362880021428,-1.086415297074645,2.249729187780095
ossl_lucas_campaign,campaign2009,2009_b21,G-U-D,0.2,3,25,0.0024182796478271484,60,0.9333333333333333,1.9272229096250442,1.7008682626683385,2.621392599482278,1.0,0.7707498220847238,-0.3140511492865763,0.7098057723416833
ossl_lucas_campaign,campaign2009,2009_b22,G-U-D,0.2,3,25,0.0024182796478271484,832,0.6862980769230769,8.695356798514052,4.11144630278999,19.820682041642378,1.0,7.714482043309147,-2.5561167927243598,7.283079983743768
ossl_lucas_campaign,campaign2009,2009_b23,G-U-D,0.2,3,25,0.0024182796478271484,876,0.680365296803653,3.5680126393226734,2.802085409469227,9.223862577008312,1.0,3.606537106209927,-0.8094087211471751,3.5165443200384865
ossl_lucas_campaign,campaign2009,2009_b24,G-U-D,0.2,3,25,0.0024182796478271484,935,0.8823529411764706,3.0015250902040655,2.5622941768494334,3.892343558976329,1.0,1.4061737672607926,-0.6300867585459448,1.2577787273138858
ossl_lucas_campaign,campaign2009,2009_b26,G-U-D,0.2,3,25,0.0024182796478271484,982,0.8014256619144603,2.821618393551601,2.136032729190396,4.673818958053655,1.0,2.5524251023577182,0.16694200932592088,2.5482576230009544
ossl_lucas_campaign,campaign2009,2009_b27,G-U-D,0.2,3,25,0.0024182796478271484,649,0.8998459167950693,2.733067117888649,2.312104321384796,3.6782153273198355,1.0,1.5591423334979355,-0.6659418503653804,1.410855525823695
ossl_lucas_campaign,campaign2009,2009_b28,G-U-D,0.2,3,25,0.0024182796478271484,844,0.9028436018957346,2.7821470364224523,2.3015109983760595,3.7720839449435677,1.0,1.5841693103127406,-0.42576578375950563,1.5267867702096183
ossl_lucas_campaign,campaign2009,2009_b29,G-U-D,0.2,3,25,0.0024182796478271484,389,0.9048843187660668,2.503410906933118,2.0633348864082715,3.4142959142496396,1.0,1.2776546784031484,-0.5832299191623092,1.138233220954896
ossl_lucas_campaign,campaign2009,2009_b3,G-U-D,0.2,3,25,0.0024182796478271484,913,0.8992332968236583,2.331515613271357,2.042438048770766,3.4715696398995273,1.0,1.445999943967283,-0.6609283900105896,1.2868190221860798
ossl_lucas_campaign,campaign2009,2009_b4,G-U-D,0.2,3,25,0.0024182796478271484,759,0.7984189723320159,17.136774524496367,3.9183337101846343,23.625454857685607,1.0,10.783224056723528,0.270392271082192,10.7869418082561
ossl_lucas_campaign,campaign2009,2009_b5,G-U-D,0.2,3,25,0.0024182796478271484,301,0.8372093023255814,2.1092939354895726,1.8988058510822872,3.114292982326884,1.0,1.04803634673782,-0.5592111575031884,0.8878524327230239
ossl_lucas_campaign,campaign2009,2009_b6,G-U-D,0.2,3,25,0.0024182796478271484,886,0.7336343115124153,10.491691570446635,3.87842267252633,19.90740002788702,1.0,8.046472662736475,-2.4143108362906704,7.680064985539726
ossl_lucas_campaign,campaign2009,2009_b7,G-U-D,0.2,3,25,0.0024182796478271484,557,0.7755834829443446,3.3410841637705415,2.9665214407351463,7.272608327827169,1.0,2.8299367831236553,-1.1180633140242056,2.6020438420216587
ossl_lucas_campaign,campaign2009,2009_b9,G-U-D,0.2,3,25,0.0024182796478271484,769,0.7997399219765929,2.9467303704748153,2.3227270855684194,5.366333646222884,1.0,2.546368204980877,-0.03096668427742501,2.547837033220338
ossl_lucas_campaign,campaign2009,2009_b0,GC-D,0.05,3,25,0.004461050033569336,791,0.988621997471555,10.209695396151588,5.533380998813816,11.537573814044755,1.0,3.939679839727334,-0.43155211957756673,3.9184501014463855
ossl_lucas_campaign,campaign2009,2009_b1,GC-D,0.05,3,25,0.004461050033569336,293,0.9829351535836177,4.173188160241504,3.4936559308071367,5.002093821557512,1.0,1.1073444230243248,-0.4445968628415389,1.0159073364082372
ossl_lucas_campaign,campaign2009,2009_b10,GC-D,0.05,3,25,0.004461050033569336,714,0.9817927170868347,4.544149748934228,4.104941117530686,5.822736096722221,1.0,1.5114031267484613,-0.38611153091243294,1.4622763240950742
ossl_lucas_campaign,campaign2009,2009_b11,GC-D,0.05,3,25,0.004461050033569336,270,0.9481481481481482,20.150500919636798,9.406485975718242,34.64479717575582,1.0,10.538385760879997,-2.292272595406485,10.305162818804318
ossl_lucas_campaign,campaign2009,2009_b12,GC-D,0.05,3,25,0.004461050033569336,769,0.9063719115734721,24.380012491435725,7.949798176252052,36.60713774925595,1.0,8.603084822645569,-2.2256039399630936,8.315628486457564
ossl_lucas_campaign,campaign2009,2009_b13,GC-D,0.05,3,25,0.004461050033569336,427,0.990632318501171,4.479937934453481,4.022046850652775,4.584438372145572,1.0,1.1708338022281604,-0.460525718644196,1.0777235115013315
ossl_lucas_campaign,campaign2009,2009_b14,GC-D,0.05,3,25,0.004461050033569336,833,0.9243697478991597,13.447678590124308,7.777403117545899,20.329717950287794,1.0,6.427824991497614,-2.1817771638780714,6.0498529708614015
ossl_lucas_campaign,campaign2009,2009_b15,GC-D,0.05,3,25,0.004461050033569336,740,0.9905405405405405,4.198773039378716,3.7049525568457202,4.521033502895892,1.0,0.9971417615788459,-0.26893323302177097,0.9608403590669206
ossl_lucas_campaign,campaign2009,2009_b16,GC-D,0.05,3,25,0.004461050033569336,637,0.9733124018838305,4.652942537895479,3.837829971966869,6.9257844492928,1.0,2.2115794030193436,-0.5993390159314153,2.1304933211232897
ossl_lucas_campaign,campaign2009,2009_b17,GC-D,0.05,3,25,0.004461050033569336,256,0.88671875,9.837836411076045,6.8412483474722965,38.67929728591729,1.0,7.171568043606361,-3.0770097170024964,6.490605654032463
ossl_lucas_campaign,campaign2009,2009_b18,GC-D,0.05,3,25,0.004461050033569336,1107,0.979223125564589,5.1971718961937325,3.7495523234727597,6.215987122480557,1.0,1.6131845962609668,-0.4861284442874377,1.5388901706313756
ossl_lucas_campaign,campaign2009,2009_b19,GC-D,0.05,3,25,0.004461050033569336,571,0.9649737302977233,4.077247857437405,3.563329409076565,5.096725584936295,1.0,1.2330913483251402,-0.34621398512373697,1.1845283579482797
ossl_lucas_campaign,campaign2009,2009_b2,GC-D,0.05,3,25,0.004461050033569336,714,0.9859943977591037,3.668706525545192,3.3651330637511654,3.792332444604618,1.0,0.7030069708877168,-0.10847469168312153,0.6950745954297306
ossl_lucas_campaign,campaign2009,2009_b20,GC-D,0.05,3,25,0.004461050033569336,519,0.9807321772639692,6.263300736651463,4.7675938458124065,7.824153022936677,1.0,2.496362880021428,-1.086415297074645,2.249729187780095
ossl_lucas_campaign,campaign2009,2009_b21,GC-D,0.05,3,25,0.004461050033569336,60,0.9833333333333333,3.5683008170986046,3.1571599788920737,3.8405514328189643,1.0,0.7707498220847238,-0.3140511492865763,0.7098057723416833
ossl_lucas_campaign,campaign2009,2009_b22,GC-D,0.05,3,25,0.004461050033569336,832,0.9074519230769231,16.11967372638912,7.48102571805984,26.969935457110584,1.0,7.714482043309147,-2.5561167927243598,7.283079983743768
ossl_lucas_campaign,campaign2009,2009_b23,GC-D,0.05,3,25,0.004461050033569336,876,0.9223744292237442,6.5382041150979795,5.093006189017396,13.305505794530209,1.0,3.606537106209927,-0.8094087211471751,3.5165443200384865
ossl_lucas_campaign,campaign2009,2009_b24,GC-D,0.05,3,25,0.004461050033569336,935,0.9935828877005347,5.5040060319458215,4.683180627980707,6.268854541303311,1.0,1.4061737672607926,-0.6300867585459448,1.2577787273138858
ossl_lucas_campaign,campaign2009,2009_b26,GC-D,0.05,3,25,0.004461050033569336,982,0.9837067209775967,5.1482541231980585,3.87501101157076,7.148380003377777,1.0,2.5524251023577182,0.16694200932592088,2.5482576230009544
ossl_lucas_campaign,campaign2009,2009_b27,GC-D,0.05,3,25,0.004461050033569336,649,0.9922958397534669,4.9859924391742325,4.212675248869983,5.495064961679694,1.0,1.5591423334979355,-0.6659418503653804,1.410855525823695
ossl_lucas_campaign,campaign2009,2009_b28,GC-D,0.05,3,25,0.004461050033569336,844,0.985781990521327,5.098457187726405,4.210252681057483,5.860727373477103,1.0,1.5841693103127406,-0.42576578375950563,1.5267867702096183
ossl_lucas_campaign,campaign2009,2009_b29,GC-D,0.05,3,25,0.004461050033569336,389,0.9897172236503856,4.579124302189084,3.751580650010047,5.597733969952234,1.0,1.2776546784031484,-0.5832299191623092,1.138233220954896
ossl_lucas_campaign,campaign2009,2009_b3,GC-D,0.05,3,25,0.004461050033569336,913,0.9813800657174151,4.257742037283247,3.726832953742169,5.531367308684673,1.0,1.445999943967283,-0.6609283900105896,1.2868190221860798
ossl_lucas_campaign,campaign2009,2009_b4,GC-D,0.05,3,25,0.004461050033569336,759,0.9604743083003953,32.34727833812761,7.241304614364916,36.11515488083103,1.0,10.783224056723528,0.270392271082192,10.7869418082561
ossl_lucas_campaign,campaign2009,2009_b5,GC-D,0.05,3,25,0.004461050033569336,301,0.9833887043189369,3.885449549307432,3.508516649719587,4.155655880366882,1.0,1.04803634673782,-0.5592111575031884,0.8878524327230239
ossl_lucas_campaign,campaign2009,2009_b6,GC-D,0.05,3,25,0.004461050033569336,886,0.9401805869074492,19.55006824087836,7.072027760167662,29.88017186789945,1.0,8.046472662736475,-2.4143108362906704,7.680064985539726
ossl_lucas_campaign,campaign2009,2009_b7,GC-D,0.05,3,25,0.004461050033569336,557,0.9551166965888689,6.116923822693986,5.406660878807094,12.61770956641676,1.0,2.8299367831236553,-1.1180633140242056,2.6020438420216587
ossl_lucas_campaign,campaign2009,2009_b9,GC-D,0.05,3,25,0.004461050033569336,769,0.9661898569570871,5.374043428061473,4.222750310146042,8.72788351577588,1.0,2.546368204980877,-0.03096668427742501,2.547837033220338
ossl_lucas_campaign,campaign2009,2009_b0,GC-D,0.1,3,25,0.00436711311340332,791,0.95448798988622,7.82838150721803,4.2727764118503275,9.69634106715301,1.0,3.939679839727334,-0.43155211957756673,3.9184501014463855
ossl_lucas_campaign,campaign2009,2009_b1,GC-D,0.1,3,25,0.00436711311340332,293,0.9419795221843004,3.207390520126009,2.6868024524466607,4.060425468133242,1.0,1.1073444230243248,-0.4445968628415389,1.0159073364082372
ossl_lucas_campaign,campaign2009,2009_b10,GC-D,0.1,3,25,0.00436711311340332,714,0.9453781512605042,3.5055950274834817,3.1721380170153886,4.721354915421021,1.0,1.5114031267484613,-0.38611153091243294,1.4622763240950742
ossl_lucas_campaign,campaign2009,2009_b11,GC-D,0.1,3,25,0.00436711311340332,270,0.8925925925925926,15.341622720612463,7.260377456058172,28.563438218340167,1.0,10.538385760879997,-2.292272595406485,10.305162818804318
ossl_lucas_campaign,campaign2009,2009_b12,GC-D,0.1,3,25,0.00436711311340332,769,0.8322496749024707,18.570434578836274,6.140405578402314,30.686000157368547,1.0,8.603084822645569,-2.2256039399630936,8.315628486457564
ossl_lucas_campaign,campaign2009,2009_b13,GC-D,0.1,3,25,0.00436711311340332,427,0.9601873536299765,3.428647555418825,3.0752276500532694,3.8247947259119486,1.0,1.1708338022281604,-0.460525718644196,1.0777235115013315
ossl_lucas_campaign,campaign2009,2009_b14,GC-D,0.1,3,25,0.00436711311340332,833,0.8319327731092437,10.303186884252089,5.979580418218624,19.3388969771375,1.0,6.427824991497614,-2.1817771638780714,6.0498529708614015
ossl_lucas_campaign,campaign2009,2009_b15,GC-D,0.1,3,25,0.00436711311340332,740,0.9702702702702702,3.2270969800233242,2.856701959336183,3.619978345958571,1.0,0.9971417615788459,-0.26893323302177097,0.9608403590669206
ossl_lucas_campaign,campaign2009,2009_b16,GC-D,0.1,3,25,0.00436711311340332,637,0.9419152276295133,3.5921514005248207,2.9683446039617993,6.073877986398484,1.0,2.2115794030193436,-0.5993390159314153,2.1304933211232897
ossl_lucas_campaign,campaign2009,2009_b17,GC-D,0.1,3,25,0.00436711311340332,256,0.82421875,7.564732975550117,5.293670404479981,28.221516479643917,1.0,7.171568043606361,-3.0770097170024964,6.490605654032463
ossl_lucas_campaign,campaign2009,2009_b18,GC-D,0.1,3,25,0.00436711311340332,1107,0.9439927732610659,3.9835533266180785,2.897220290417446,5.234945449380081,1.0,1.6131845962609668,-0.4861284442874377,1.5388901706313756
ossl_lucas_campaign,campaign2009,2009_b19,GC-D,0.1,3,25,0.00436711311340332,571,0.9246935201401051,3.1254961600681086,2.7371245533937505,4.244693155971707,1.0,1.2330913483251402,-0.34621398512373697,1.1845283579482797
ossl_lucas_campaign,campaign2009,2009_b2,GC-D,0.1,3,25,0.00436711311340332,714,0.9621848739495799,2.803392104756838,2.5907771617343895,3.0368185114653325,1.0,0.7030069708877168,-0.10847469168312153,0.6950745954297306
ossl_lucas_campaign,campaign2009,2009_b20,GC-D,0.1,3,25,0.00436711311340332,519,0.9479768786127167,4.826308154559061,3.6838437933506474,6.5891963206492346,1.0,2.496362880021428,-1.086415297074645,2.249729187780095
ossl_lucas_campaign,campaign2009,2009_b21,GC-D,0.1,3,25,0.00436711311340332,60,0.9333333333333333,2.731420857946948,2.413381407752451,3.281995070190548,1.0,0.7707498220847238,-0.3140511492865763,0.7098057723416833
ossl_lucas_campaign,campaign2009,2009_b22,GC-D,0.1,3,25,0.00436711311340332,832,0.8209134615384616,12.330837823756164,5.781440714547,23.86834237145335,1.0,7.714482043309147,-2.5561167927243598,7.283079983743768
ossl_lucas_campaign,campaign2009,2009_b23,GC-D,0.1,3,25,0.00436711311340332,876,0.8470319634703196,5.033249152527681,3.9380828022175614,11.261262964327736,1.0,3.606537106209927,-0.8094087211471751,3.5165443200384865
ossl_lucas_campaign,campaign2009,2009_b24,GC-D,0.1,3,25,0.00436711311340332,935,0.9689839572192513,4.235515319268313,3.610708818589843,4.911607232556017,1.0,1.4061737672607926,-0.6300867585459448,1.2577787273138858
ossl_lucas_campaign,campaign2009,2009_b26,GC-D,0.1,3,25,0.00436711311340332,982,0.9409368635437881,3.972615769831518,2.998697643189481,5.899847110399813,1.0,2.5524251023577182,0.16694200932592088,2.5482576230009544
ossl_lucas_campaign,campaign2009,2009_b27,GC-D,0.1,3,25,0.00436711311340332,649,0.9707241910631741,3.8477162724354703,3.25883088587016,4.549266579136464,1.0,1.5591423334979355,-0.6659418503653804,1.410855525823695
ossl_lucas_campaign,campaign2009,2009_b28,GC-D,0.1,3,25,0.00436711311340332,844,0.9680094786729858,3.9247749871073947,3.2461662275941796,4.756202945673775,1.0,1.5841693103127406,-0.42576578375950563,1.5267867702096183
ossl_lucas_campaign,campaign2009,2009_b29,GC-D,0.1,3,25,0.00436711311340332,389,0.9717223650385605,3.5286174164996265,2.9004512424680264,4.369593539793364,1.0,1.2776546784031484,-0.5832299191623092,1.138233220954896
ossl_lucas_campaign,campaign2009,2009_b3,GC-D,0.1,3,25,0.00436711311340332,913,0.9660460021905805,3.2839021131156687,2.879981396174116,4.471550334149904,1.0,1.445999943967283,-0.6609283900105896,1.2868190221860798
ossl_lucas_campaign,campaign2009,2009_b4,GC-D,0.1,3,25,0.00436711311340332,759,0.9090909090909091,24.501507140476,5.547213911583594,29.911101353389494,1.0,10.783224056723528,0.270392271082192,10.7869418082561
ossl_lucas_campaign,campaign2009,2009_b5,GC-D,0.1,3,25,0.00436711311340332,301,0.9401993355481728,2.9825802172386457,2.6915858519541676,3.569378788111659,1.0,1.04803634673782,-0.5592111575031884,0.8878524327230239
ossl_lucas_campaign,campaign2009,2009_b6,GC-D,0.1,3,25,0.00436711311340332,886,0.8679458239277652,14.912940851607305,5.450808697487977,24.712737198908656,1.0,8.046472662736475,-2.4143108362906704,7.680064985539726
ossl_lucas_campaign,campaign2009,2009_b7,GC-D,0.1,3,25,0.00436711311340332,557,0.9066427289048474,4.71126892253833,4.175936613831859,9.578800461175602,1.0,2.8299367831236553,-1.1180633140242056,2.6020438420216587
ossl_lucas_campaign,campaign2009,2009_b9,GC-D,0.1,3,25,0.00436711311340332,769,0.9336801040312094,4.1479057314727195,3.267674642367598,7.064487335860851,1.0,2.546368204980877,-0.03096668427742501,2.547837033220338
ossl_lucas_campaign,campaign2009,2009_b0,GC-D,0.2,3,25,0.004422664642333984,791,0.8647281921618205,5.619970091980663,3.0857464886319566,7.999032934567739,1.0,3.939679839727334,-0.43155211957756673,3.9184501014463855
ossl_lucas_campaign,campaign2009,2009_b1,GC-D,0.2,3,25,0.004422664642333984,293,0.8771331058020477,2.30688003858461,1.929267695962508,3.1526700239561216,1.0,1.1073444230243248,-0.4445968628415389,1.0159073364082372
ossl_lucas_campaign,campaign2009,2009_b10,GC-D,0.2,3,25,0.004422664642333984,714,0.8515406162464986,2.5289043657394465,2.2901073465242687,3.7817490795574735,1.0,1.5114031267484613,-0.38611153091243294,1.4622763240950742
ossl_lucas_campaign,campaign2009,2009_b11,GC-D,0.2,3,25,0.004422664642333984,270,0.7925925925925926,10.951940099421284,5.239671030362998,22.271161480225054,1.0,10.538385760879997,-2.292272595406485,10.305162818804318
ossl_lucas_campaign,campaign2009,2009_b12,GC-D,0.2,3,25,0.004422664642333984,769,0.6814044213263979,13.261076000793393,4.433926502858747,24.372062381531777,1.0,8.603084822645569,-2.2256039399630936,8.315628486457564
ossl_lucas_campaign,campaign2009,2009_b13,GC-D,0.2,3,25,0.004422664642333984,427,0.8571428571428571,2.457768320471017,2.210505123464023,3.19181105810198,1.0,1.1708338022281604,-0.460525718644196,1.0777235115013315
ossl_lucas_campaign,campaign2009,2009_b14,GC-D,0.2,3,25,0.004422664642333984,833,0.6650660264105642,7.392000112169216,4.319500956410806,16.782533376930747,1.0,6.427824991497614,-2.1817771638780714,6.0498529708614015
ossl_lucas_campaign,campaign2009,2009_b15,GC-D,0.2,3,25,0.004422664642333984,740,0.9148648648648648,2.3211247584572128,2.056226574051177,2.872665693084346,1.0,0.9971417615788459,-0.26893323302177097,0.9608403590669206
ossl_lucas_campaign,campaign2009,2009_b16,GC-D,0.2,3,25,0.004422664642333984,637,0.8916797488226059,2.592863708138278,2.1440046884223176,4.808680240324767,1.0,2.2115794030193436,-0.5993390159314153,2.1304933211232897
ossl_lucas_campaign,campaign2009,2009_b17,GC-D,0.2,3,25,0.004422664642333984,256,0.73046875,5.442962445794783,3.8276727777502892,19.85545296505147,1.0,7.171568043606361,-3.0770097170024964,6.490605654032463
ossl_lucas_campaign,campaign2009,2009_b18,GC-D,0.2,3,25,0.004422664642333984,1107,0.8635953026196929,2.858951672138055,2.0846849273242647,4.226806962345689,1.0,1.6131845962609668,-0.4861284442874377,1.5388901706313756
ossl_lucas_campaign,campaign2009,2009_b19,GC-D,0.2,3,25,0.004422664642333984,571,0.8318739054290718,2.243335455020104,1.964849451562807,3.526342567943277,1.0,1.2330913483251402,-0.34621398512373697,1.1845283579482797
ossl_lucas_campaign,campaign2009,2009_b2,GC-D,0.2,3,25,0.004422664642333984,714,0.8823529411764706,2.007084974037088,1.8636353480146064,2.4137063445291154,1.0,0.7030069708877168,-0.10847469168312153,0.6950745954297306
ossl_lucas_campaign,campaign2009,2009_b20,GC-D,0.2,3,25,0.004422664642333984,519,0.8574181117533719,3.4784881114774646,2.65750995959169,5.636455876708237,1.0,2.496362880021428,-1.086415297074645,2.249729187780095
ossl_lucas_campaign,campaign2009,2009_b21,GC-D,0.2,3,25,0.004422664642333984,60,0.9333333333333333,1.9582531859508672,1.7281673443981886,2.6370703530651367,1.0,0.7707498220847238,-0.3140511492865763,0.7098057723416833
ossl_lucas_campaign,campaign2009,2009_b22,GC-D,0.2,3,25,0.004422664642333984,832,0.6911057692307693,8.835537535639302,4.176515607422417,19.691830374738483,1.0,7.714482043309147,-2.5561167927243598,7.283079983743768
ossl_lucas_campaign,campaign2009,2009_b23,GC-D,0.2,3,25,0.004422664642333984,876,0.684931506849315,3.624876627131464,2.8464711581144893,9.151937298712497,1.0,3.606537106209927,-0.8094087211471751,3.5165443200384865
ossl_lucas_campaign,campaign2009,2009_b24,GC-D,0.2,3,25,0.004422664642333984,935,0.8887700534759359,3.049396070248371,2.60278719617169,3.902102714741534,1.0,1.4061737672607926,-0.6300867585459448,1.2577787273138858
ossl_lucas_campaign,campaign2009,2009_b26,GC-D,0.2,3,25,0.004422664642333984,982,0.8126272912423625,2.8663956749151995,2.1697039209711866,4.666956235527435,1.0,2.5524251023577182,0.16694200932592088,2.5482576230009544
ossl_lucas_campaign,campaign2009,2009_b27,GC-D,0.2,3,25,0.004422664642333984,649,0.9090909090909091,2.776433833021824,2.348534699924838,3.6838618371261327,1.0,1.5591423334979355,-0.6659418503653804,1.410855525823695
ossl_lucas_campaign,campaign2009,2009_b28,GC-D,0.2,3,25,0.004422664642333984,844,0.9075829383886256,2.8264894896717583,2.338243560338204,3.784856053755255,1.0,1.5841693103127406,-0.42576578375950563,1.5267867702096183
ossl_lucas_campaign,campaign2009,2009_b29,GC-D,0.2,3,25,0.004422664642333984,389,0.9125964010282777,2.543238322202662,2.0959658198726228,3.4259598168670333,1.0,1.2776546784031484,-0.5832299191623092,1.138233220954896
ossl_lucas_campaign,campaign2009,2009_b3,GC-D,0.2,3,25,0.004422664642333984,913,0.9036144578313253,2.3685481617142723,2.0754180527338657,3.4766012412715623,1.0,1.445999943967283,-0.6609283900105896,1.2868190221860798
ossl_lucas_campaign,campaign2009,2009_b4,GC-D,0.2,3,25,0.004422664642333984,759,0.8023715415019763,17.417968277410885,3.9807795447304097,23.702760281594593,1.0,10.783224056723528,0.270392271082192,10.7869418082561
ossl_lucas_campaign,campaign2009,2009_b5,GC-D,0.2,3,25,0.004422664642333984,301,0.8372093023255814,2.1430862465411966,1.9291715061974306,3.1098383182680758,1.0,1.04803634673782,-0.5592111575031884,0.8878524327230239
ossl_lucas_campaign,campaign2009,2009_b6,GC-D,0.2,3,25,0.004422664642333984,886,0.7437923250564334,10.661688762210497,3.939687933505117,19.847723704886917,1.0,8.046472662736475,-2.4143108362906704,7.680064985539726
ossl_lucas_campaign,campaign2009,2009_b7,GC-D,0.2,3,25,0.004422664642333984,557,0.7827648114901257,3.3942860728456603,3.0137636870429603,7.244369990722059,1.0,2.8299367831236553,-1.1180633140242056,2.6020438420216587
ossl_lucas_campaign,campaign2009,2009_b9,GC-D,0.2,3,25,0.004422664642333984,769,0.8075422626788037,2.993471992947514,2.3596818832125797,5.3579402565638325,1.0,2.546368204980877,-0.03096668427742501,2.547837033220338
ossl_lucas_campaign,campaign2009,2009_b0,GC-D+,0.05,3,25,0.004390239715576172,791,0.9962073324905183,13.735430031752765,7.358385939377779,14.033977686023109,1.0,3.939679839727334,-0.43155211957756673,3.9184501014463855
ossl_lucas_campaign,campaign2009,2009_b1,GC-D+,0.05,3,25,0.004390239715576172,293,0.9965870307167235,5.592876703839099,4.664479792416015,6.045186069150338,1.0,1.1073444230243248,-0.4445968628415389,1.0159073364082372
ossl_lucas_campaign,campaign2009,2009_b10,GC-D+,0.05,3,25,0.004390239715576172,714,0.9915966386554622,6.053633139874759,5.4585844603647695,6.717293639261007,1.0,1.5114031267484613,-0.38611153091243294,1.4622763240950742
ossl_lucas_campaign,campaign2009,2009_b11,GC-D+,0.05,3,25,0.004390239715576172,270,0.9777777777777777,27.420529137636503,12.520549975961904,34.62934328034772,1.0,10.538385760879997,-2.292272595406485,10.305162818804318
ossl_lucas_campaign,campaign2009,2009_b12,GC-D+,0.05,3,25,0.004390239715576172,769,0.9752925877763329,33.145611745161816,10.588348415233675,37.90670163925627,1.0,8.603084822645569,-2.2256039399630936,8.315628486457564
ossl_lucas_campaign,campaign2009,2009_b13,GC-D+,0.05,3,25,0.004390239715576172,427,1.0,6.0450737188088635,5.38390680056404,6.0450737188088635,1.0,1.1708338022281604,-0.460525718644196,1.0777235115013315
ossl_lucas_campaign,campaign2009,2009_b14,GC-D+,0.05,3,25,0.004390239715576172,833,0.9819927971188476,18.113444552288236,10.365800456270328,19.733775665767123,1.0,6.427824991497614,-2.1817771638780714,6.0498529708614015
ossl_lucas_campaign,campaign2009,2009_b15,GC-D+,0.05,3,25,0.004390239715576172,740,0.9945945945945946,5.627388705655962,4.938640988397065,5.73739343512791,1.0,0.9971417615788459,-0.26893323302177097,0.9608403590669206
ossl_lucas_campaign,campaign2009,2009_b16,GC-D+,0.05,3,25,0.004390239715576172,637,0.989010989010989,6.19133043873302,5.097916875562134,6.739856261577397,1.0,2.2115794030193436,-0.5993390159314153,2.1304933211232897
ossl_lucas_campaign,campaign2009,2009_b17,GC-D+,0.05,3,25,0.004390239715576172,256,0.94921875,13.174452712540582,9.091236461285074,29.55245999598349,1.0,7.171568043606361,-3.0770097170024964,6.490605654032463
ossl_lucas_campaign,campaign2009,2009_b18,GC-D+,0.05,3,25,0.004390239715576172,1107,0.997289972899729,6.995869803082101,5.023989942379085,7.283716014356928,1.0,1.6131845962609668,-0.4861284442874377,1.5388901706313756
ossl_lucas_campaign,campaign2009,2009_b19,GC-D+,0.05,3,25,0.004390239715576172,571,0.989492119089317,5.487389142785347,4.765935111131109,5.812399836013267,1.0,1.2330913483251402,-0.34621398512373697,1.1845283579482797
ossl_lucas_campaign,campaign2009,2009_b2,GC-D+,0.05,3,25,0.004390239715576172,714,0.9971988795518207,4.963095133564955,4.510290428305391,4.9809875771951875,1.0,0.7030069708877168,-0.10847469168312153,0.6950745954297306
ossl_lucas_campaign,campaign2009,2009_b20,GC-D+,0.05,3,25,0.004390239715576172,519,0.9922928709055877,8.35928231385122,6.344758026790568,8.71870112564837,1.0,2.496362880021428,-1.086415297074645,2.249729187780095
ossl_lucas_campaign,campaign2009,2009_b21,GC-D+,0.05,3,25,0.004390239715576172,60,1.0,4.813627559397182,4.24399364196236,4.813627559397182,1.0,0.7707498220847238,-0.3140511492865763,0.7098057723416833
ossl_lucas_campaign,campaign2009,2009_b22,GC-D+,0.05,3,25,0.004390239715576172,832,0.9675480769230769,21.767576568218697,9.944079019981999,25.25063925600631,1.0,7.714482043309147,-2.5561167927243598,7.283079983743768
ossl_lucas_campaign,campaign2009,2009_b23,GC-D+,0.05,3,25,0.004390239715576172,876,0.9680365296803652,8.740146001605027,6.784962394113266,11.521544501562484,1.0,3.606537106209927,-0.8094087211471751,3.5165443200384865
ossl_lucas_campaign,campaign2009,2009_b24,GC-D+,0.05,3,25,0.004390239715576172,935,0.9967914438502674,7.361680356406538,6.261259811888975,7.74132039001065,1.0,1.4061737672607926,-0.6300867585459448,1.2577787273138858
ossl_lucas_campaign,campaign2009,2009_b26,GC-D+,0.05,3,25,0.004390239715576172,982,0.994908350305499,6.855838581728963,5.140266135005802,7.809318927645195,1.0,2.5524251023577182,0.16694200932592088,2.5482576230009544
ossl_lucas_campaign,campaign2009,2009_b27,GC-D+,0.05,3,25,0.004390239715576172,649,0.9969183359013868,6.638762736329019,5.6456233848798885,6.8154296903410385,1.0,1.5591423334979355,-0.6659418503653804,1.410855525823695
ossl_lucas_campaign,campaign2009,2009_b28,GC-D+,0.05,3,25,0.004390239715576172,844,0.9976303317535545,6.815816182557893,5.60602734903748,7.045637259836911,1.0,1.5841693103127406,-0.42576578375950563,1.5267867702096183
ossl_lucas_campaign,campaign2009,2009_b29,GC-D+,0.05,3,25,0.004390239715576172,389,0.9948586118251928,6.111218644727863,5.033068006821907,6.639146106358058,1.0,1.2776546784031484,-0.5832299191623092,1.138233220954896
ossl_lucas_campaign,campaign2009,2009_b3,GC-D+,0.05,3,25,0.004390239715576172,913,0.9934282584884995,5.674134155655972,4.963474168476821,5.9929279593784415,1.0,1.445999943967283,-0.6609283900105896,1.2868190221860798
ossl_lucas_campaign,campaign2009,2009_b4,GC-D+,0.05,3,25,0.004390239715576172,759,0.9894598155467721,44.37138112805592,9.663700536423963,44.945475036965895,1.0,10.783224056723528,0.270392271082192,10.7869418082561
ossl_lucas_campaign,campaign2009,2009_b5,GC-D+,0.05,3,25,0.004390239715576172,301,1.0,5.217498044134349,4.683746352607773,5.217498044134349,1.0,1.04803634673782,-0.5592111575031884,0.8878524327230239
ossl_lucas_campaign,campaign2009,2009_b6,GC-D+,0.05,3,25,0.004390239715576172,886,0.9729119638826185,26.518670500188453,9.461483997896131,30.724433114050225,1.0,8.046472662736475,-2.4143108362906704,7.680064985539726
ossl_lucas_campaign,campaign2009,2009_b7,GC-D+,0.05,3,25,0.004390239715576172,557,0.9766606822262118,8.170173009187794,7.2515635480596705,11.954439453212744,1.0,2.8299367831236553,-1.1180633140242056,2.6020438420216587
ossl_lucas_campaign,campaign2009,2009_b9,GC-D+,0.05,3,25,0.004390239715576172,769,0.9895968790637191,7.153488604014526,5.591803657676865,8.706856396942744,1.0,2.546368204980877,-0.03096668427742501,2.547837033220338
ossl_lucas_campaign,campaign2009,2009_b0,GC-D+,0.1,3,25,0.0042972564697265625,791,0.9785082174462706,9.046592167583194,4.920395223999291,10.026579700988046,1.0,3.939679839727334,-0.43155211957756673,3.9184501014463855
ossl_lucas_campaign,campaign2009,2009_b1,GC-D+,0.1,3,25,0.0042972564697265625,293,0.9658703071672355,3.702162342217256,3.0935783098502228,4.275397310814996,1.0,1.1073444230243248,-0.4445968628415389,1.0159073364082372
ossl_lucas_campaign,campaign2009,2009_b10,GC-D+,0.1,3,25,0.0042972564697265625,714,0.9719887955182073,4.038828972204112,3.6484949338154378,4.889830258661213,1.0,1.5114031267484613,-0.38611153091243294,1.4622763240950742
ossl_lucas_campaign,campaign2009,2009_b11,GC-D+,0.1,3,25,0.0042972564697265625,270,0.9185185185185185,17.791558055450114,8.362624303343992,27.189662139659195,1.0,10.538385760879997,-2.292272595406485,10.305162818804318
ossl_lucas_campaign,campaign2009,2009_b12,GC-D+,0.1,3,25,0.0042972564697265625,769,0.8751625487646294,21.531193136619347,7.070113945093706,30.222228511630124,1.0,8.603084822645569,-2.2256039399630936,8.315628486457564
ossl_lucas_campaign,campaign2009,2009_b13,GC-D+,0.1,3,25,0.0042972564697265625,427,0.9812646370023419,3.96586959305159,3.555573030158352,4.121780730936804,1.0,1.1708338022281604,-0.460525718644196,1.0777235115013315
ossl_lucas_campaign,campaign2009,2009_b14,GC-D+,0.1,3,25,0.0042972564697265625,833,0.885954381752701,11.911110575626674,6.894240291623193,17.502669766067356,1.0,6.427824991497614,-2.1817771638780714,6.0498529708614015
ossl_lucas_campaign,campaign2009,2009_b15,GC-D+,0.1,3,25,0.0042972564697265625,740,0.9851351351351352,3.7248709448373027,3.2899102672167744,3.9703799936769344,1.0,0.9971417615788459,-0.26893323302177097,0.9608403590669206
ossl_lucas_campaign,campaign2009,2009_b16,GC-D+,0.1,3,25,0.0042972564697265625,637,0.9591836734693877,4.137041229732191,3.414453063161409,5.809353792480005,1.0,2.2115794030193436,-0.5993390159314153,2.1304933211232897
ossl_lucas_campaign,campaign2009,2009_b17,GC-D+,0.1,3,25,0.0042972564697265625,256,0.86328125,8.7295602139006,6.089721341859799,25.995479621665623,1.0,7.171568043606361,-3.0770097170024964,6.490605654032463
ossl_lucas_campaign,campaign2009,2009_b18,GC-D+,0.1,3,25,0.0042972564697265625,1107,0.964769647696477,4.604277531390087,3.333401509442082,5.409687192192171,1.0,1.6131845962609668,-0.4861284442874377,1.5388901706313756
ossl_lucas_campaign,campaign2009,2009_b19,GC-D+,0.1,3,25,0.0042972564697265625,571,0.9562171628721541,3.6123154667369923,3.1613483553295563,4.364838295257478,1.0,1.2330913483251402,-0.34621398512373697,1.1845283579482797
ossl_lucas_campaign,campaign2009,2009_b2,GC-D+,0.1,3,25,0.0042972564697265625,714,0.9817927170868347,3.245167297191432,2.9882985689005546,3.361042937104196,1.0,0.7030069708877168,-0.10847469168312153,0.6950745954297306
ossl_lucas_campaign,campaign2009,2009_b20,GC-D+,0.1,3,25,0.0042972564697265625,519,0.9691714836223507,5.563604801268814,4.23905108280033,6.686744221328603,1.0,2.496362880021428,-1.086415297074645,2.249729187780095
ossl_lucas_campaign,campaign2009,2009_b21,GC-D+,0.1,3,25,0.0042972564697265625,60,0.9666666666666667,3.159118840123194,2.800879832445965,3.4385533663955896,1.0,0.7707498220847238,-0.3140511492865763,0.7098057723416833
ossl_lucas_campaign,campaign2009,2009_b22,GC-D+,0.1,3,25,0.0042972564697265625,832,0.8689903846153846,14.266459437289551,6.655012391807621,22.16514874897303,1.0,7.714482043309147,-2.5561167927243598,7.283079983743768
ossl_lucas_campaign,campaign2009,2009_b23,GC-D+,0.1,3,25,0.0042972564697265625,876,0.889269406392694,5.804953977589707,4.5304425052056345,10.321304363375427,1.0,3.606537106209927,-0.8094087211471751,3.5165443200384865
ossl_lucas_campaign,campaign2009,2009_b24,GC-D+,0.1,3,25,0.0042972564697265625,935,0.9893048128342246,4.885836754001958,4.162028470400143,5.362029505226583,1.0,1.4061737672607926,-0.6300867585459448,1.2577787273138858
ossl_lucas_campaign,campaign2009,2009_b26,GC-D+,0.1,3,25,0.0042972564697265625,982,0.9694501018329938,4.5763177732164495,3.4475289853736903,5.952454613104653,1.0,2.5524251023577182,0.16694200932592088,2.5482576230009544
ossl_lucas_campaign,campaign2009,2009_b27,GC-D+,0.1,3,25,0.0042972564697265625,649,0.9861325115562404,4.432266205587369,3.7525457298271547,4.8560814898107765,1.0,1.5591423334979355,-0.6659418503653804,1.410855525823695
ossl_lucas_campaign,campaign2009,2009_b28,GC-D+,0.1,3,25,0.0042972564697265625,844,0.976303317535545,4.526601542063802,3.7370183663709753,5.100450792380521,1.0,1.5841693103127406,-0.42576578375950563,1.5267867702096183
ossl_lucas_campaign,campaign2009,2009_b29,GC-D+,0.1,3,25,0.0042972564697265625,389,0.987146529562982,4.067624537498149,3.3380321295891506,4.6997245400039445,1.0,1.2776546784031484,-0.5832299191623092,1.138233220954896
ossl_lucas_campaign,campaign2009,2009_b3,GC-D+,0.1,3,25,0.0042972564697265625,913,0.9780941949616648,3.783841358686681,3.3191076616083977,4.6708583380611435,1.0,1.445999943967283,-0.6609283900105896,1.2868190221860798
ossl_lucas_campaign,campaign2009,2009_b4,GC-D+,0.1,3,25,0.0042972564697265625,759,0.9393939393939394,28.487405982204233,6.410314565693023,31.66085357601803,1.0,10.783224056723528,0.270392271082192,10.7869418082561
ossl_lucas_campaign,campaign2009,2009_b5,GC-D+,0.1,3,25,0.0042972564697265625,301,0.9800664451827242,3.4447791618905983,3.1044699502748325,3.7291787966540464,1.0,1.04803634673782,-0.5592111575031884,0.8878524327230239
ossl_lucas_campaign,campaign2009,2009_b6,GC-D+,0.1,3,25,0.0042972564697265625,886,0.9108352144469526,17.278099879934278,6.282373263499512,24.192639390059483,1.0,8.046472662736475,-2.4143108362906704,7.680064985539726
ossl_lucas_campaign,campaign2009,2009_b7,GC-D+,0.1,3,25,0.0042972564697265625,557,0.9443447037701975,5.432280688140397,4.815047005009037,9.35190280821322,1.0,2.8299367831236553,-1.1180633140242056,2.6020438420216587
ossl_lucas_campaign,campaign2009,2009_b9,GC-D+,0.1,3,25,0.0042972564697265625,769,0.9492847854356307,4.777640429001326,3.7601977134506743,6.991618800922045,1.0,2.546368204980877,-0.03096668427742501,2.547837033220338
ossl_lucas_campaign,campaign2009,2009_b0,GC-D+,0.2,3,25,0.004367828369140625,791,0.8975979772439949,6.052168597572258,3.319849593526918,8.025448983960526,1.0,3.939679839727334,-0.43155211957756673,3.9184501014463855
ossl_lucas_campaign,campaign2009,2009_b1,GC-D+,0.2,3,25,0.004367828369140625,293,0.9010238907849829,2.483459640900654,2.075192066479251,3.219832578407639,1.0,1.1073444230243248,-0.4445968628415389,1.0159073364082372
ossl_lucas_campaign,campaign2009,2009_b10,GC-D+,0.2,3,25,0.004367828369140625,714,0.8823529411764706,2.7210215643242197,2.4645081606088812,3.797827126185569,1.0,1.5114031267484613,-0.38611153091243294,1.4622763240950742
ossl_lucas_campaign,campaign2009,2009_b11,GC-D+,0.2,3,25,0.004367828369140625,270,0.8296296296296296,11.806060516249396,5.637319136505784,21.899394180736742,1.0,10.538385760879997,-2.292272595406485,10.305162818804318
ossl_lucas_campaign,campaign2009,2009_b12,GC-D+,0.2,3,25,0.004367828369140625,769,0.7243172951885566,14.29452685297338,4.769939939905729,24.13277040230581,1.0,8.603084822645569,-2.2256039399630936,8.315628486457564
ossl_lucas_campaign,campaign2009,2009_b13,GC-D+,0.2,3,25,0.004367828369140625,427,0.882903981264637,2.647483537351747,2.3801426715191294,3.223076516205458,1.0,1.1708338022281604,-0.460525718644196,1.0777235115013315
ossl_lucas_campaign,campaign2009,2009_b14,GC-D+,0.2,3,25,0.004367828369140625,833,0.709483793517407,7.961372288631361,4.645250287871485,16.197297582220628,1.0,6.427824991497614,-2.1817771638780714,6.0498529708614015
ossl_lucas_campaign,campaign2009,2009_b15,GC-D+,0.2,3,25,0.004367828369140625,740,0.927027027027027,2.498777804769155,2.2146982443328804,2.9501250482124783,1.0,0.9971417615788459,-0.26893323302177097,0.9608403590669206
ossl_lucas_campaign,campaign2009,2009_b16,GC-D+,0.2,3,25,0.004367828369140625,637,0.9010989010989011,2.7895467000776835,2.306164811431895,4.794104417398005,1.0,2.2115794030193436,-0.5993390159314153,2.1304933211232897
ossl_lucas_campaign,campaign2009,2009_b17,GC-D+,0.2,3,25,0.004367828369140625,256,0.75390625,5.8591844877206745,4.117434595213489,19.3502398451917,1.0,7.171568043606361,-3.0770097170024964,6.490605654032463
ossl_lucas_campaign,campaign2009,2009_b18,GC-D+,0.2,3,25,0.004367828369140625,1107,0.8843721770551038,3.0789773013974937,2.245186626421547,4.24723642577471,1.0,1.6131845962609668,-0.4861284442874377,1.5388901706313756
ossl_lucas_campaign,campaign2009,2009_b19,GC-D+,0.2,3,25,0.004367828369140625,571,0.8528896672504378,2.4159439663331383,2.115983928181823,3.5229854635049134,1.0,1.2330913483251402,-0.34621398512373697,1.1845283579482797
ossl_lucas_campaign,campaign2009,2009_b2,GC-D+,0.2,3,25,0.004367828369140625,714,0.9019607843137255,2.162488224316064,2.0065736295234293,2.48527894560087,1.0,0.7030069708877168,-0.10847469168312153,0.6950745954297306
ossl_lucas_campaign,campaign2009,2009_b20,GC-D+,0.2,3,25,0.004367828369140625,519,0.8863198458574181,3.7433531524268004,2.860204434409346,5.564992907774348,1.0,2.496362880021428,-1.086415297074645,2.249729187780095
ossl_lucas_campaign,campaign2009,2009_b21,GC-D+,0.2,3,25,0.004367828369140625,60,0.9333333333333333,2.109356371891823,1.8610465728553018,2.712437545380022,1.0,0.7707498220847238,-0.3140511492865763,0.7098057723416833
ossl_lucas_campaign,campaign2009,2009_b22,GC-D+,0.2,3,25,0.004367828369140625,832,0.71875,9.518259980402444,4.492676033479611,19.14458339119811,1.0,7.714482043309147,-2.5561167927243598,7.283079983743768
ossl_lucas_campaign,campaign2009,2009_b23,GC-D+,0.2,3,25,0.004367828369140625,876,0.723744292237443,3.90141706395423,3.062158006608095,8.830162680919061,1.0,3.606537106209927,-0.8094087211471751,3.5165443200384865
ossl_lucas_campaign,campaign2009,2009_b24,GC-D+,0.2,3,25,0.004367828369140625,935,0.9187165775401069,3.2822227274011158,2.799499137960828,3.9756373511697913,1.0,1.4061737672607926,-0.6300867585459448,1.2577787273138858
ossl_lucas_campaign,campaign2009,2009_b26,GC-D+,0.2,3,25,0.004367828369140625,982,0.8472505091649695,3.084037023891379,2.333222793109795,4.65436138044044,1.0,2.5524251023577182,0.16694200932592088,2.5482576230009544
ossl_lucas_campaign,campaign2009,2009_b27,GC-D+,0.2,3,25,0.004367828369140625,649,0.926040061633282,2.98721542261752,2.5274050484436934,3.736021886738984,1.0,1.5591423334979355,-0.6659418503653804,1.410855525823695
ossl_lucas_campaign,campaign2009,2009_b28,GC-D+,0.2,3,25,0.004367828369140625,844,0.9206161137440758,3.0421370208403054,2.5162481678614683,3.8573501801532335,1.0,1.5841693103127406,-0.42576578375950563,1.5267867702096183
ossl_lucas_campaign,campaign2009,2009_b29,GC-D+,0.2,3,25,0.004367828369140625,389,0.9280205655526992,2.7368825563096433,2.2544987975508852,3.4946548522186163,1.0,1.2776546784031484,-0.5832299191623092,1.138233220954896
ossl_lucas_campaign,campaign2009,2009_b3,GC-D+,0.2,3,25,0.004367828369140625,913,0.9233296823658269,2.5485661141311984,2.2344081827761184,3.5151807183754524,1.0,1.445999943967283,-0.6609283900105896,1.2868190221860798
ossl_lucas_campaign,campaign2009,2009_b4,GC-D+,0.2,3,25,0.004367828369140625,759,0.839262187088274,18.79052792482556,4.285868428886015,24.156804043463918,1.0,10.783224056723528,0.270392271082192,10.7869418082561
ossl_lucas_campaign,campaign2009,2009_b5,GC-D+,0.2,3,25,0.004367828369140625,301,0.8571428571428571,2.3075336029077556,2.0771531386598068,3.0957100514274587,1.0,1.04803634673782,-0.5592111575031884,0.8878524327230239
ossl_lucas_campaign,campaign2009,2009_b6,GC-D+,0.2,3,25,0.004367828369140625,886,0.7787810383747178,11.49015730574355,4.2372929936931545,19.639899338994883,1.0,8.046472662736475,-2.4143108362906704,7.680064985539726
ossl_lucas_campaign,campaign2009,2009_b7,GC-D+,0.2,3,25,0.004367828369140625,557,0.829443447037702,3.6529880932440255,3.243488139405861,7.142451942698729,1.0,2.8299367831236553,-1.1180633140242056,2.6020438420216587
ossl_lucas_campaign,campaign2009,2009_b9,GC-D+,0.2,3,25,0.004367828369140625,769,0.8439531859557867,3.2206477258579995,2.539359979232644,5.346366964092783,1.0,2.546368204980877,-0.03096668427742501,2.547837033220338
ossl_lucas_campaign,campaign2009,2009_b0,HJ+,0.05,3,25,5.210167407989502,791,0.9936788874841972,12.74712408507913,7.901580325577541,13.15837597299515,1.0,3.939679839727334,-0.43155211957756673,3.9184501014463855
ossl_lucas_campaign,campaign2009,2009_b1,HJ+,0.05,3,25,5.210167407989502,293,0.9965870307167235,5.370662964670542,4.6281591444501915,5.905237621751029,1.0,1.1073444230243248,-0.4445968628415389,1.0159073364082372
ossl_lucas_campaign,campaign2009,2009_b10,HJ+,0.05,3,25,5.210167407989502,714,0.9943977591036415,6.256762883308609,5.687284549371482,6.885653984387517,1.0,1.5114031267484613,-0.38611153091243294,1.4622763240950742
ossl_lucas_campaign,campaign2009,2009_b11,HJ+,0.05,3,25,5.210167407989502,270,0.9703703703703703,23.085735421096263,12.952710632232208,33.42679627127612,1.0,10.538385760879997,-2.292272595406485,10.305162818804318
ossl_lucas_campaign,campaign2009,2009_b12,HJ+,0.05,3,25,5.210167407989502,769,0.9622886866059818,27.43416929842949,10.66620983159822,33.207705150585,1.0,8.603084822645569,-2.2256039399630936,8.315628486457564
ossl_lucas_campaign,campaign2009,2009_b13,HJ+,0.05,3,25,5.210167407989502,427,0.9929742388758782,5.415135699725706,4.885081730945772,5.443588621079788,1.0,1.1708338022281604,-0.460525718644196,1.0777235115013315
ossl_lucas_campaign,campaign2009,2009_b14,HJ+,0.05,3,25,5.210167407989502,833,0.9735894357743097,16.530439993876794,10.614691419711987,18.92207752550022,1.0,6.427824991497614,-2.1817771638780714,6.0498529708614015
ossl_lucas_campaign,campaign2009,2009_b15,HJ+,0.05,3,25,5.210167407989502,740,0.9945945945945946,5.439177376727537,4.881697079065883,5.58580058850331,1.0,0.9971417615788459,-0.26893323302177097,0.9608403590669206
ossl_lucas_campaign,campaign2009,2009_b16,HJ+,0.05,3,25,5.210167407989502,637,0.9905808477237049,6.507173497890613,5.511338575857123,7.087881086789191,1.0,2.2115794030193436,-0.5993390159314153,2.1304933211232897
ossl_lucas_campaign,campaign2009,2009_b17,HJ+,0.05,3,25,5.210167407989502,256,0.953125,12.79004113829997,9.281912718988998,29.78519670954027,1.0,7.171568043606361,-3.0770097170024964,6.490605654032463
ossl_lucas_campaign,campaign2009,2009_b18,HJ+,0.05,3,25,5.210167407989502,1107,0.988256549232159,6.4323443213537335,4.892634981452614,6.871974405904896,1.0,1.6131845962609668,-0.4861284442874377,1.5388901706313756
ossl_lucas_campaign,campaign2009,2009_b19,HJ+,0.05,3,25,5.210167407989502,571,0.9912434325744308,5.058986414945844,4.487245742002905,5.412252895573872,1.0,1.2330913483251402,-0.34621398512373697,1.1845283579482797
ossl_lucas_campaign,campaign2009,2009_b2,HJ+,0.05,3,25,5.210167407989502,714,0.9943977591036415,4.361341608451804,4.1482581724564,4.39847286065017,1.0,0.7030069708877168,-0.10847469168312153,0.6950745954297306
ossl_lucas_campaign,campaign2009,2009_b20,HJ+,0.05,3,25,5.210167407989502,519,0.9922928709055877,8.471318089269838,6.56251406232959,8.757554889907428,1.0,2.496362880021428,-1.086415297074645,2.249729187780095
ossl_lucas_campaign,campaign2009,2009_b21,HJ+,0.05,3,25,5.210167407989502,60,0.9666666666666667,4.335161000535125,3.979068688704102,4.851971978494109,1.0,0.7707498220847238,-0.3140511492865763,0.7098057723416833
ossl_lucas_campaign,campaign2009,2009_b22,HJ+,0.05,3,25,5.210167407989502,832,0.9723557692307693,19.314341452075695,10.141924117113621,23.11450560362085,1.0,7.714482043309147,-2.5561167927243598,7.283079983743768
ossl_lucas_campaign,campaign2009,2009_b23,HJ+,0.05,3,25,5.210167407989502,876,0.9691780821917808,8.723001345842311,7.139563231764883,11.405725926491753,1.0,3.606537106209927,-0.8094087211471751,3.5165443200384865
ossl_lucas_campaign,campaign2009,2009_b24,HJ+,0.05,3,25,5.210167407989502,935,0.9957219251336898,7.245913504709195,6.357548721029162,7.6148087706150145,1.0,1.4061737672607926,-0.6300867585459448,1.2577787273138858
ossl_lucas_campaign,campaign2009,2009_b26,HJ+,0.05,3,25,5.210167407989502,982,0.9969450101832994,7.1482904887195575,5.7103460719910295,8.26991027221476,1.0,2.5524251023577182,0.16694200932592088,2.5482576230009544
ossl_lucas_campaign,campaign2009,2009_b27,HJ+,0.05,3,25,5.210167407989502,649,0.9969183359013868,6.911188640705323,5.984065410759936,7.092407887779536,1.0,1.5591423334979355,-0.6659418503653804,1.410855525823695
ossl_lucas_campaign,campaign2009,2009_b28,HJ+,0.05,3,25,5.210167407989502,844,0.9940758293838863,6.802932775992952,5.787662258975811,7.107890429563272,1.0,1.5841693103127406,-0.42576578375950563,1.5267867702096183
ossl_lucas_campaign,campaign2009,2009_b29,HJ+,0.05,3,25,5.210167407989502,389,0.9974293059125964,6.1761947698476405,5.183955119319412,6.685297345412713,1.0,1.2776546784031484,-0.5832299191623092,1.138233220954896
ossl_lucas_campaign,campaign2009,2009_b3,HJ+,0.05,3,25,5.210167407989502,913,0.9956188389923329,5.826920814592397,5.12288619916701,6.181120720258559,1.0,1.445999943967283,-0.6609283900105896,1.2868190221860798
ossl_lucas_campaign,campaign2009,2009_b4,HJ+,0.05,3,25,5.210167407989502,759,0.9815546772068511,34.196318807055945,9.435105325931119,36.32365456476202,1.0,10.783224056723528,0.270392271082192,10.7869418082561
ossl_lucas_campaign,campaign2009,2009_b5,HJ+,0.05,3,25,5.210167407989502,301,1.0,4.900983979452682,4.412825243621008,4.900983979452682,1.0,1.04803634673782,-0.5592111575031884,0.8878524327230239
ossl_lucas_campaign,campaign2009,2009_b6,HJ+,0.05,3,25,5.210167407989502,886,0.9706546275395034,22.537949344782618,9.601891136432947,28.07686825833521,1.0,8.046472662736475,-2.4143108362906704,7.680064985539726
ossl_lucas_campaign,campaign2009,2009_b7,HJ+,0.05,3,25,5.210167407989502,557,0.9802513464991023,8.188972281024979,7.358224117037786,11.849256163157058,1.0,2.8299367831236553,-1.1180633140242056,2.6020438420216587
ossl_lucas_campaign,campaign2009,2009_b9,HJ+,0.05,3,25,5.210167407989502,769,0.9908972691807543,7.480285602750069,6.137823044100248,9.166485410767729,1.0,2.546368204980877,-0.03096668427742501,2.547837033220338
ossl_lucas_campaign,campaign2009,2009_b0,HJ+,0.1,3,25,2.460446834564209,791,0.9709228824273072,8.23984123667253,5.126160809733096,10.246980129201948,1.0,3.939679839727334,-0.43155211957756673,3.9184501014463855
ossl_lucas_campaign,campaign2009,2009_b1,HJ+,0.1,3,25,2.460446834564209,293,0.9556313993174061,3.456254701372927,2.976656658986468,4.271120156837038,1.0,1.1073444230243248,-0.4445968628415389,1.0159073364082372
ossl_lucas_campaign,campaign2009,2009_b10,HJ+,0.1,3,25,2.460446834564209,714,0.9719887955182073,4.0372134902621335,3.666612005131115,4.972399259476109,1.0,1.5114031267484613,-0.38611153091243294,1.4622763240950742
ossl_lucas_campaign,campaign2009,2009_b11,HJ+,0.1,3,25,2.460446834564209,270,0.9111111111111111,14.892801099236125,8.335228524415239,28.747900587456492,1.0,10.538385760879997,-2.292272595406485,10.305162818804318
ossl_lucas_campaign,campaign2009,2009_b12,HJ+,0.1,3,25,2.460446834564209,769,0.8530559167750326,17.712976988996214,6.910233941375021,29.305938191671682,1.0,8.603084822645569,-2.2256039399630936,8.315628486457564
ossl_lucas_campaign,campaign2009,2009_b13,HJ+,0.1,3,25,2.460446834564209,427,0.9508196721311475,3.489380415461547,3.155535088390157,3.9009003320187308,1.0,1.1708338022281604,-0.460525718644196,1.0777235115013315
ossl_lucas_campaign,campaign2009,2009_b14,HJ+,0.1,3,25,2.460446834564209,833,0.8691476590636255,10.672126627079741,6.8749733530946395,18.790199583452385,1.0,6.427824991497614,-2.1817771638780714,6.0498529708614015
ossl_lucas_campaign,campaign2009,2009_b15,HJ+,0.1,3,25,2.460446834564209,740,0.9783783783783784,3.5039496119199782,3.1409364816753236,3.8056397594091664,1.0,0.9971417615788459,-0.26893323302177097,0.9608403590669206
ossl_lucas_campaign,campaign2009,2009_b16,HJ+,0.1,3,25,2.460446834564209,637,0.9654631083202512,4.198763803793734,3.5548669071552244,6.047784260557871,1.0,2.2115794030193436,-0.5993390159314153,2.1304933211232897
ossl_lucas_campaign,campaign2009,2009_b17,HJ+,0.1,3,25,2.460446834564209,256,0.85546875,8.23620262485994,5.974781802673039,26.78126625265893,1.0,7.171568043606361,-3.0770097170024964,6.490605654032463
ossl_lucas_campaign,campaign2009,2009_b18,HJ+,0.1,3,25,2.460446834564209,1107,0.948509485094851,4.1410726460208265,3.154257030782424,5.278826881535334,1.0,1.6131845962609668,-0.4861284442874377,1.5388901706313756
ossl_lucas_campaign,campaign2009,2009_b19,HJ+,0.1,3,25,2.460446834564209,571,0.9369527145359019,3.2576837968980406,2.8923718820096136,4.217059689808836,1.0,1.2330913483251402,-0.34621398512373697,1.1845283579482797
ossl_lucas_campaign,campaign2009,2009_b2,HJ+,0.1,3,25,2.460446834564209,714,0.9537815126050421,2.8065969630701275,2.6751793036848923,3.0897860015986023,1.0,0.7030069708877168,-0.10847469168312153,0.6950745954297306
ossl_lucas_campaign,campaign2009,2009_b20,HJ+,0.1,3,25,2.460446834564209,519,0.9730250481695568,5.454018740820178,4.219804406710051,6.762390063876262,1.0,2.496362880021428,-1.086415297074645,2.249729187780095
ossl_lucas_campaign,campaign2009,2009_b21,HJ+,0.1,3,25,2.460446834564209,60,0.95,2.79237043951811,2.564942903026103,3.5890532875255925,1.0,0.7707498220847238,-0.3140511492865763,0.7098057723416833
ossl_lucas_campaign,campaign2009,2009_b22,HJ+,0.1,3,25,2.460446834564209,832,0.8557692307692307,12.476453078567339,6.525942250514126,22.126951451777245,1.0,7.714482043309147,-2.5561167927243598,7.283079983743768
ossl_lucas_campaign,campaign2009,2009_b23,HJ+,0.1,3,25,2.460446834564209,876,0.8835616438356164,5.625218520891317,4.598931756367682,10.875217539368695,1.0,3.606537106209927,-0.8094087211471751,3.5165443200384865
ossl_lucas_campaign,campaign2009,2009_b24,HJ+,0.1,3,25,2.460446834564209,935,0.9850267379679144,4.666364611110851,4.090067621089302,5.164264592434326,1.0,1.4061737672607926,-0.6300867585459448,1.2577787273138858
ossl_lucas_campaign,campaign2009,2009_b26,HJ+,0.1,3,25,2.460446834564209,982,0.9725050916496945,4.621099485093209,3.692089275939285,6.404621068600589,1.0,2.5524251023577182,0.16694200932592088,2.5482576230009544
ossl_lucas_campaign,campaign2009,2009_b27,HJ+,0.1,3,25,2.460446834564209,649,0.9815100154083205,4.457064885270576,3.859287315695124,4.95462272866957,1.0,1.5591423334979355,-0.6659418503653804,1.410855525823695
ossl_lucas_campaign,campaign2009,2009_b28,HJ+,0.1,3,25,2.460446834564209,844,0.9774881516587678,4.383074032621647,3.7256619854136006,5.118645790309906,1.0,1.5841693103127406,-0.42576578375950563,1.5267867702096183
ossl_lucas_campaign,campaign2009,2009_b29,HJ+,0.1,3,25,2.460446834564209,389,0.9845758354755784,3.9787927477729643,3.3420414022723812,4.626614640158751,1.0,1.2776546784031484,-0.5832299191623092,1.138233220954896
ossl_lucas_campaign,campaign2009,2009_b3,HJ+,0.1,3,25,2.460446834564209,913,0.976998904709748,3.7597552957374316,3.3083727825193083,4.695416842069471,1.0,1.445999943967283,-0.6609283900105896,1.2868190221860798
ossl_lucas_campaign,campaign2009,2009_b4,HJ+,0.1,3,25,2.460446834564209,759,0.922266139657444,22.000779306580164,6.098351365034782,28.418526044866443,1.0,10.783224056723528,0.270392271082192,10.7869418082561
ossl_lucas_campaign,campaign2009,2009_b5,HJ+,0.1,3,25,2.460446834564209,301,0.9501661129568106,3.1527235185722944,2.8494186855208867,3.5828828267856103,1.0,1.04803634673782,-0.5592111575031884,0.8878524327230239
ossl_lucas_campaign,campaign2009,2009_b6,HJ+,0.1,3,25,2.460446834564209,886,0.8950338600451467,14.545657109969534,6.219609858325379,23.75746722178224,1.0,8.046472662736475,-2.4143108362906704,7.680064985539726
ossl_lucas_campaign,campaign2009,2009_b7,HJ+,0.1,3,25,2.460446834564209,557,0.9425493716337523,5.278660317289906,4.736112781167788,9.258584575678835,1.0,2.8299367831236553,-1.1180633140242056,2.6020438420216587
ossl_lucas_campaign,campaign2009,2009_b9,HJ+,0.1,3,25,2.460446834564209,769,0.953185955786736,4.833179310790577,3.971030519263066,7.3036985253620275,1.0,2.546368204980877,-0.03096668427742501,2.547837033220338
ossl_lucas_campaign,campaign2009,2009_b0,HJ+,0.2,3,25,3.059103488922119,791,0.8824273072060683,5.508706161394365,3.4217226095518107,8.223606469430239,1.0,3.939679839727334,-0.43155211957756673,3.9184501014463855
ossl_lucas_campaign,campaign2009,2009_b1,HJ+,0.2,3,25,3.059103488922119,293,0.8839590443686007,2.3100416240087416,1.9898632480759333,3.2012290491774125,1.0,1.1073444230243248,-0.4445968628415389,1.0159073364082372
ossl_lucas_campaign,campaign2009,2009_b10,HJ+,0.2,3,25,3.059103488922119,714,0.8795518207282913,2.6943069841808054,2.447699066742494,3.8452935672237443,1.0,1.5114031267484613,-0.38611153091243294,1.4622763240950742
ossl_lucas_campaign,campaign2009,2009_b11,HJ+,0.2,3,25,3.059103488922119,270,0.8037037037037037,9.937418233006142,5.5652077333708885,22.85923499855593,1.0,10.538385760879997,-2.292272595406485,10.305162818804318
ossl_lucas_campaign,campaign2009,2009_b12,HJ+,0.2,3,25,3.059103488922119,769,0.6905071521456437,11.807811473626389,4.60550602350636,24.19817081485021,1.0,8.603084822645569,-2.2256039399630936,8.315628486457564
ossl_lucas_campaign,campaign2009,2009_b13,HJ+,0.2,3,25,3.059103488922119,427,0.8266978922716628,2.335264896871872,2.10713572827101,3.2236989536751244,1.0,1.1708338022281604,-0.460525718644196,1.0777235115013315
ossl_lucas_campaign,campaign2009,2009_b14,HJ+,0.2,3,25,3.059103488922119,833,0.6866746698679472,7.1228113004318905,4.588852978773501,16.979856549160566,1.0,6.427824991497614,-2.1817771638780714,6.0498529708614015
ossl_lucas_campaign,campaign2009,2009_b15,HJ+,0.2,3,25,3.059103488922119,740,0.918918918918919,2.342279589459077,2.1001165186062,2.8886311498525483,1.0,0.9971417615788459,-0.26893323302177097,0.9608403590669206
ossl_lucas_campaign,campaign2009,2009_b16,HJ+,0.2,3,25,3.059103488922119,637,0.9089481946624803,2.8002614507220067,2.3691292505106634,4.863664002165992,1.0,2.2115794030193436,-0.5993390159314153,2.1304933211232897
ossl_lucas_campaign,campaign2009,2009_b17,HJ+,0.2,3,25,3.059103488922119,256,0.7421875,5.4987004000111455,3.9839074729356616,19.80375393194179,1.0,7.171568043606361,-3.0770097170024964,6.490605654032463
ossl_lucas_campaign,campaign2009,2009_b18,HJ+,0.2,3,25,3.059103488922119,1107,0.8355916892502259,2.7696610882601216,2.1063663965940456,4.281153718716111,1.0,1.6131845962609668,-0.4861284442874377,1.5388901706313756
ossl_lucas_campaign,campaign2009,2009_b19,HJ+,0.2,3,25,3.059103488922119,571,0.819614711033275,2.17870728629704,1.9296379013531673,3.5144846292388197,1.0,1.2330913483251402,-0.34621398512373697,1.1845283579482797
ossl_lucas_campaign,campaign2009,2009_b2,HJ+,0.2,3,25,3.059103488922119,714,0.8487394957983193,1.8772724470379454,1.789491108431392,2.3969693465984174,1.0,0.7030069708877168,-0.10847469168312153,0.6950745954297306
ossl_lucas_campaign,campaign2009,2009_b20,HJ+,0.2,3,25,3.059103488922119,519,0.8747591522157996,3.6386131043054037,2.8215649521361574,5.6724214639238815,1.0,2.496362880021428,-1.086415297074645,2.249729187780095
ossl_lucas_campaign,campaign2009,2009_b21,HJ+,0.2,3,25,3.059103488922119,60,0.8833333333333333,1.864526148737388,1.7097500256363123,2.734216204177548,1.0,0.7707498220847238,-0.3140511492865763,0.7098057723416833
ossl_lucas_campaign,campaign2009,2009_b22,HJ+,0.2,3,25,3.059103488922119,832,0.6983173076923077,8.327573980108198,4.3643133247292205,19.5608073202353,1.0,7.714482043309147,-2.5561167927243598,7.283079983743768
ossl_lucas_campaign,campaign2009,2009_b23,HJ+,0.2,3,25,3.059103488922119,876,0.7191780821917808,3.75533873424253,3.068641596991112,9.23220982588275,1.0,3.606537106209927,-0.8094087211471751,3.5165443200384865
ossl_lucas_campaign,campaign2009,2009_b24,HJ+,0.2,3,25,3.059103488922119,935,0.8866310160427807,3.115663456657429,2.729698083162476,3.9431501082735476,1.0,1.4061737672607926,-0.6300867585459448,1.2577787273138858
ossl_lucas_campaign,campaign2009,2009_b26,HJ+,0.2,3,25,3.059103488922119,982,0.8727087576374746,3.0851670871077412,2.46103374162752,4.889982516753852,1.0,2.5524251023577182,0.16694200932592088,2.5482576230009544
ossl_lucas_campaign,campaign2009,2009_b27,HJ+,0.2,3,25,3.059103488922119,649,0.9152542372881356,2.97286455397437,2.575079371495476,3.82300437191481,1.0,1.5591423334979355,-0.6659418503653804,1.410855525823695
ossl_lucas_campaign,campaign2009,2009_b28,HJ+,0.2,3,25,3.059103488922119,844,0.9123222748815166,2.9254840701146416,2.485885082441829,3.896192022509546,1.0,1.5841693103127406,-0.42576578375950563,1.5267867702096183
ossl_lucas_campaign,campaign2009,2009_b29,HJ+,0.2,3,25,3.059103488922119,389,0.9203084832904884,2.655578926053683,2.2343290484046077,3.4720095374365316,1.0,1.2776546784031484,-0.5832299191623092,1.138233220954896
ossl_lucas_campaign,campaign2009,2009_b3,HJ+,0.2,3,25,3.059103488922119,913,0.9156626506024096,2.5082054787860772,2.2051884777541755,3.5224992849427275,1.0,1.445999943967283,-0.6609283900105896,1.2868190221860798
ossl_lucas_campaign,campaign2009,2009_b4,HJ+,0.2,3,25,3.059103488922119,759,0.782608695652174,14.63955016959956,4.058928435353581,22.935293099513657,1.0,10.783224056723528,0.270392271082192,10.7869418082561
ossl_lucas_campaign,campaign2009,2009_b5,HJ+,0.2,3,25,3.059103488922119,301,0.813953488372093,2.1069158376030073,1.9008125943438356,3.1014410004762962,1.0,1.04803634673782,-0.5592111575031884,0.8878524327230239
ossl_lucas_campaign,campaign2009,2009_b6,HJ+,0.2,3,25,3.059103488922119,886,0.7494356659142212,9.698386818822538,4.149109384942466,19.73768636563992,1.0,8.046472662736475,-2.4143108362906704,7.680064985539726
ossl_lucas_campaign,campaign2009,2009_b7,HJ+,0.2,3,25,3.059103488922119,557,0.8132854578096947,3.5228617578170818,3.1664766872476084,7.142057837482011,1.0,2.8299367831236553,-1.1180633140242056,2.6020438420216587
ossl_lucas_campaign,campaign2009,2009_b9,HJ+,0.2,3,25,3.059103488922119,769,0.8543563068920677,3.2259492959991016,2.648766822342675,5.492463214522083,1.0,2.546368204980877,-0.03096668427742501,2.547837033220338
ossl_lucas_campaign,campaign2009,2009_b0,HJ+-D,0.05,3,25,1.8219623565673828,791,0.9962073324905183,13.755352894147649,7.357546247303778,14.055739750278367,1.0,3.939679839727334,-0.43155211957756673,3.9184501014463855
ossl_lucas_campaign,campaign2009,2009_b1,HJ+-D,0.05,3,25,1.8219623565673828,293,0.9965870307167235,5.610173676993307,4.696707657492557,6.050065365163061,1.0,1.1073444230243248,-0.4445968628415389,1.0159073364082372
ossl_lucas_campaign,campaign2009,2009_b10,HJ+-D,0.05,3,25,1.8219623565673828,714,0.9915966386554622,6.061991940833632,5.4637018807231605,6.715716062163387,1.0,1.5114031267484613,-0.38611153091243294,1.4622763240950742
ossl_lucas_campaign,campaign2009,2009_b11,HJ+-D,0.05,3,25,1.8219623565673828,270,0.9777777777777777,27.700444703964227,12.525404518284219,34.93425968691852,1.0,10.538385760879997,-2.292272595406485,10.305162818804318
ossl_lucas_campaign,campaign2009,2009_b12,HJ+-D,0.05,3,25,1.8219623565673828,769,0.9752925877763329,33.41024572423647,10.591078315125616,38.21459841440293,1.0,8.603084822645569,-2.2256039399630936,8.315628486457564
ossl_lucas_campaign,campaign2009,2009_b13,HJ+-D,0.05,3,25,1.8219623565673828,427,1.0,6.043366468285923,5.366061936539322,6.043366468285923,1.0,1.1708338022281604,-0.460525718644196,1.0777235115013315
ossl_lucas_campaign,campaign2009,2009_b14,HJ+-D,0.05,3,25,1.8219623565673828,833,0.9831932773109243,18.22145040929165,10.386498712937582,19.873440734317107,1.0,6.427824991497614,-2.1817771638780714,6.0498529708614015
ossl_lucas_campaign,campaign2009,2009_b15,HJ+-D,0.05,3,25,1.8219623565673828,740,0.9945945945945946,5.630067250014753,4.940873121341544,5.737962634403232,1.0,0.9971417615788459,-0.26893323302177097,0.9608403590669206
ossl_lucas_campaign,campaign2009,2009_b16,HJ+-D,0.05,3,25,1.8219623565673828,637,0.989010989010989,6.188655726850198,5.096837261146432,6.750903104214698,1.0,2.2115794030193436,-0.5993390159314153,2.1304933211232897
ossl_lucas_campaign,campaign2009,2009_b17,HJ+-D,0.05,3,25,1.8219623565673828,256,0.9453125,13.207112895893445,9.124438744487616,29.588224711144314,1.0,7.171568043606361,-3.0770097170024964,6.490605654032463
ossl_lucas_campaign,campaign2009,2009_b18,HJ+-D,0.05,3,25,1.8219623565673828,1107,0.997289972899729,7.011976961857965,5.0210930293959946,7.302596008239134,1.0,1.6131845962609668,-0.4861284442874377,1.5388901706313756
ossl_lucas_campaign,campaign2009,2009_b19,HJ+-D,0.05,3,25,1.8219623565673828,571,0.989492119089317,5.494107402774023,4.769223195553853,5.8114710667371,1.0,1.2330913483251402,-0.34621398512373697,1.1845283579482797
ossl_lucas_campaign,campaign2009,2009_b2,HJ+-D,0.05,3,25,1.8219623565673828,714,0.9971988795518207,4.968875290286336,4.525241958196124,4.988473498693242,1.0,0.7030069708877168,-0.10847469168312153,0.6950745954297306
ossl_lucas_campaign,campaign2009,2009_b20,HJ+-D,0.05,3,25,1.8219623565673828,519,0.9922928709055877,8.375572153115177,6.3443301719678855,8.746210247050085,1.0,2.496362880021428,-1.086415297074645,2.249729187780095
ossl_lucas_campaign,campaign2009,2009_b21,HJ+-D,0.05,3,25,1.8219623565673828,60,1.0,4.81517035292032,4.243262623452846,4.81517035292032,1.0,0.7707498220847238,-0.3140511492865763,0.7098057723416833
ossl_lucas_campaign,campaign2009,2009_b22,HJ+-D,0.05,3,25,1.8219623565673828,832,0.9675480769230769,21.881100872006716,9.949216416214222,25.481922280483143,1.0,7.714482043309147,-2.5561167927243598,7.283079983743768
ossl_lucas_campaign,campaign2009,2009_b23,HJ+-D,0.05,3,25,1.8219623565673828,876,0.9691780821917808,8.777810640343667,6.773213539751769,11.571359909578124,1.0,3.606537106209927,-0.8094087211471751,3.5165443200384865
ossl_lucas_campaign,campaign2009,2009_b24,HJ+-D,0.05,3,25,1.8219623565673828,935,0.9967914438502674,7.373734507009962,6.264219222220814,7.757865209020697,1.0,1.4061737672607926,-0.6300867585459448,1.2577787273138858
ossl_lucas_campaign,campaign2009,2009_b26,HJ+-D,0.05,3,25,1.8219623565673828,982,0.994908350305499,6.855084934032762,5.14164958451589,7.830318499134204,1.0,2.5524251023577182,0.16694200932592088,2.5482576230009544
ossl_lucas_campaign,campaign2009,2009_b27,HJ+-D,0.05,3,25,1.8219623565673828,649,0.9969183359013868,6.641718493519496,5.649167149201611,6.825043239731198,1.0,1.5591423334979355,-0.6659418503653804,1.410855525823695
ossl_lucas_campaign,campaign2009,2009_b28,HJ+-D,0.05,3,25,1.8219623565673828,844,0.9976303317535545,6.8216493929207465,5.600945409803291,7.053940591683551,1.0,1.5841693103127406,-0.42576578375950563,1.5267867702096183
ossl_lucas_campaign,campaign2009,2009_b29,HJ+-D,0.05,3,25,1.8219623565673828,389,0.9948586118251928,6.115882410529179,5.044907692496534,6.647363480030503,1.0,1.2776546784031484,-0.5832299191623092,1.138233220954896
ossl_lucas_campaign,campaign2009,2009_b3,HJ+-D,0.05,3,25,1.8219623565673828,913,0.9934282584884995,5.671292309918608,4.960500906451601,5.999827092910613,1.0,1.445999943967283,-0.6609283900105896,1.2868190221860798
ossl_lucas_campaign,campaign2009,2009_b4,HJ+-D,0.05,3,25,1.8219623565673828,759,0.9894598155467721,45.29215584932929,9.69968758113814,45.88003728927736,1.0,10.783224056723528,0.270392271082192,10.7869418082561
ossl_lucas_campaign,campaign2009,2009_b5,HJ+-D,0.05,3,25,1.8219623565673828,301,1.0,5.231116678674049,4.7141213720872015,5.231116678674049,1.0,1.04803634673782,-0.5592111575031884,0.8878524327230239
ossl_lucas_campaign,campaign2009,2009_b6,HJ+-D,0.05,3,25,1.8219623565673828,886,0.9706546275395034,26.709495245531134,9.429071340724366,30.96641049825134,1.0,8.046472662736475,-2.4143108362906704,7.680064985539726
ossl_lucas_campaign,campaign2009,2009_b7,HJ+-D,0.05,3,25,1.8219623565673828,557,0.9766606822262118,8.167900939736873,7.236433075453735,12.02144533749318,1.0,2.8299367831236553,-1.1180633140242056,2.6020438420216587
ossl_lucas_campaign,campaign2009,2009_b9,HJ+-D,0.05,3,25,1.8219623565673828,769,0.9895968790637191,7.160966596259855,5.592534567316134,8.749140205817604,1.0,2.546368204980877,-0.03096668427742501,2.547837033220338
ossl_lucas_campaign,campaign2009,2009_b0,HJ+-D,0.1,3,25,2.5338826179504395,791,0.97724399494311,9.047290609313347,4.933717228253828,10.047203776862121,1.0,3.939679839727334,-0.43155211957756673,3.9184501014463855
ossl_lucas_campaign,campaign2009,2009_b1,HJ+-D,0.1,3,25,2.5338826179504395,293,0.9658703071672355,3.6983534688674884,3.100510922509654,4.266932043650894,1.0,1.1073444230243248,-0.4445968628415389,1.0159073364082372
ossl_lucas_campaign,campaign2009,2009_b10,HJ+-D,0.1,3,25,2.5338826179504395,714,0.9719887955182073,4.042494946074993,3.646879852277156,4.896663373441944,1.0,1.5114031267484613,-0.38611153091243294,1.4622763240950742
ossl_lucas_campaign,campaign2009,2009_b11,HJ+-D,0.1,3,25,2.5338826179504395,270,0.9185185185185185,17.8203800854263,8.362105816071157,27.262563819290545,1.0,10.538385760879997,-2.292272595406485,10.305162818804318
ossl_lucas_campaign,campaign2009,2009_b12,HJ+-D,0.1,3,25,2.5338826179504395,769,0.8751625487646294,21.55581901627096,7.095732159234221,30.43618216574799,1.0,8.603084822645569,-2.2256039399630936,8.315628486457564
ossl_lucas_campaign,campaign2009,2009_b13,HJ+-D,0.1,3,25,2.5338826179504395,427,0.9812646370023419,3.95061348383794,3.5293214358083675,4.11244760557635,1.0,1.1708338022281604,-0.460525718644196,1.0777235115013315
ossl_lucas_campaign,campaign2009,2009_b14,HJ+-D,0.1,3,25,2.5338826179504395,833,0.885954381752701,11.93890318894398,6.915886034112885,17.64056851811583,1.0,6.427824991497614,-2.1817771638780714,6.0498529708614015
ossl_lucas_campaign,campaign2009,2009_b15,HJ+-D,0.1,3,25,2.5338826179504395,740,0.9851351351351352,3.717049085104672,3.2849896795328797,3.963150940194204,1.0,0.9971417615788459,-0.26893323302177097,0.9608403590669206
ossl_lucas_campaign,campaign2009,2009_b16,HJ+-D,0.1,3,25,2.5338826179504395,637,0.957613814756672,4.135587244895256,3.4076364591635584,5.842272065337257,1.0,2.2115794030193436,-0.5993390159314153,2.1304933211232897
ossl_lucas_campaign,campaign2009,2009_b17,HJ+-D,0.1,3,25,2.5338826179504395,256,0.86328125,8.73122518055078,6.104420902845947,26.045551043740193,1.0,7.171568043606361,-3.0770097170024964,6.490605654032463
ossl_lucas_campaign,campaign2009,2009_b18,HJ+-D,0.1,3,25,2.5338826179504395,1107,0.964769647696477,4.599407153978514,3.3316613386165708,5.4076527531826954,1.0,1.6131845962609668,-0.4861284442874377,1.5388901706313756
ossl_lucas_campaign,campaign2009,2009_b19,HJ+-D,0.1,3,25,2.5338826179504395,571,0.957968476357268,3.606973922373868,3.153859680211011,4.352028678546743,1.0,1.2330913483251402,-0.34621398512373697,1.1845283579482797
ossl_lucas_campaign,campaign2009,2009_b2,HJ+-D,0.1,3,25,2.5338826179504395,714,0.9817927170868347,3.2364087176697316,2.9811682583377057,3.34899500982544,1.0,0.7030069708877168,-0.10847469168312153,0.6950745954297306
ossl_lucas_campaign,campaign2009,2009_b20,HJ+-D,0.1,3,25,2.5338826179504395,519,0.9691714836223507,5.558374560907953,4.2364294769465,6.708633913404024,1.0,2.496362880021428,-1.086415297074645,2.249729187780095
ossl_lucas_campaign,campaign2009,2009_b21,HJ+-D,0.1,3,25,2.5338826179504395,60,0.9666666666666667,3.1508331971624224,2.7853568431566624,3.437629563631813,1.0,0.7707498220847238,-0.3140511492865763,0.7098057723416833
ossl_lucas_campaign,campaign2009,2009_b22,HJ+-D,0.1,3,25,2.5338826179504395,832,0.8701923076923077,14.280449995081884,6.663050385559199,22.284143002489984,1.0,7.714482043309147,-2.5561167927243598,7.283079983743768
ossl_lucas_campaign,campaign2009,2009_b23,HJ+-D,0.1,3,25,2.5338826179504395,876,0.8881278538812786,5.819450413798446,4.54093718348378,10.379173042914863,1.0,3.606537106209927,-0.8094087211471751,3.5165443200384865
ossl_lucas_campaign,campaign2009,2009_b24,HJ+-D,0.1,3,25,2.5338826179504395,935,0.9893048128342246,4.879932970697749,4.161857657968734,5.360106064702451,1.0,1.4061737672607926,-0.6300867585459448,1.2577787273138858
ossl_lucas_campaign,campaign2009,2009_b26,HJ+-D,0.1,3,25,2.5338826179504395,982,0.9704684317718941,4.583629105290912,3.4635517857532108,5.976022691783826,1.0,2.5524251023577182,0.16694200932592088,2.5482576230009544
ossl_lucas_campaign,campaign2009,2009_b27,HJ+-D,0.1,3,25,2.5338826179504395,649,0.9845916795069337,4.428675524287047,3.759811314480865,4.861871795042204,1.0,1.5591423334979355,-0.6659418503653804,1.410855525823695
ossl_lucas_campaign,campaign2009,2009_b28,HJ+-D,0.1,3,25,2.5338826179504395,844,0.976303317535545,4.523917983188665,3.729409534091424,5.095033777243623,1.0,1.5841693103127406,-0.42576578375950563,1.5267867702096183
ossl_lucas_campaign,campaign2009,2009_b29,HJ+-D,0.1,3,25,2.5338826179504395,389,0.987146529562982,4.0634334917380714,3.330243520567908,4.700726741948537,1.0,1.2776546784031484,-0.5832299191623092,1.138233220954896
ossl_lucas_campaign,campaign2009,2009_b3,HJ+-D,0.1,3,25,2.5338826179504395,913,0.9780941949616648,3.7789346951161225,3.3143570664158872,4.671945292133327,1.0,1.445999943967283,-0.6609283900105896,1.2868190221860798
ossl_lucas_campaign,campaign2009,2009_b4,HJ+-D,0.1,3,25,2.5338826179504395,759,0.9407114624505929,28.716925444183317,6.390468592511256,31.902590472071843,1.0,10.783224056723528,0.270392271082192,10.7869418082561
ossl_lucas_campaign,campaign2009,2009_b5,HJ+-D,0.1,3,25,2.5338826179504395,301,0.9800664451827242,3.4438704074474913,3.1044205224011994,3.7284805115511963,1.0,1.04803634673782,-0.5592111575031884,0.8878524327230239
ossl_lucas_campaign,campaign2009,2009_b6,HJ+-D,0.1,3,25,2.5338826179504395,886,0.909706546275395,17.297099519611375,6.265110268969072,24.311574991518903,1.0,8.046472662736475,-2.4143108362906704,7.680064985539726
ossl_lucas_campaign,campaign2009,2009_b7,HJ+-D,0.1,3,25,2.5338826179504395,557,0.9425493716337523,5.423464632024199,4.796555648510381,9.378968325107072,1.0,2.8299367831236553,-1.1180633140242056,2.6020438420216587
ossl_lucas_campaign,campaign2009,2009_b9,HJ+-D,0.1,3,25,2.5338826179504395,769,0.951885565669701,4.785286407649425,3.7550486313384113,7.01754088600454,1.0,2.546368204980877,-0.03096668427742501,2.547837033220338
ossl_lucas_campaign,campaign2009,2009_b0,HJ+-D,0.2,3,25,3.0345301628112793,791,0.9013906447534766,6.066669956181397,3.3390759609094616,8.05063942026529,1.0,3.939679839727334,-0.43155211957756673,3.9184501014463855
ossl_lucas_campaign,campaign2009,2009_b1,HJ+-D,0.2,3,25,3.0345301628112793,293,0.9010238907849829,2.48708595242739,2.078873381364964,3.2194092312473424,1.0,1.1073444230243248,-0.4445968628415389,1.0159073364082372
ossl_lucas_campaign,campaign2009,2009_b10,HJ+-D,0.2,3,25,3.0345301628112793,714,0.8823529411764706,2.7258601355310237,2.4666481775199065,3.8002745599650747,1.0,1.5114031267484613,-0.38611153091243294,1.4622763240950742
ossl_lucas_campaign,campaign2009,2009_b11,HJ+-D,0.2,3,25,3.0345301628112793,270,0.825925925925926,11.83056265353811,5.64504033585982,21.89494590021822,1.0,10.538385760879997,-2.292272595406485,10.305162818804318
ossl_lucas_campaign,campaign2009,2009_b12,HJ+-D,0.2,3,25,3.0345301628112793,769,0.7230169050715215,14.31773685290848,4.778662238694075,24.207458951000156,1.0,8.603084822645569,-2.2256039399630936,8.315628486457564
ossl_lucas_campaign,campaign2009,2009_b13,HJ+-D,0.2,3,25,3.0345301628112793,427,0.8805620608899297,2.6500186441085503,2.3810724916358486,3.224194808606775,1.0,1.1708338022281604,-0.460525718644196,1.0777235115013315
ossl_lucas_campaign,campaign2009,2009_b14,HJ+-D,0.2,3,25,3.0345301628112793,833,0.7070828331332533,7.9790945634437085,4.663249285158868,16.257553347934643,1.0,6.427824991497614,-2.1817771638780714,6.0498529708614015
ossl_lucas_campaign,campaign2009,2009_b15,HJ+-D,0.2,3,25,3.0345301628112793,740,0.9283783783783783,2.502346103355263,2.2192047042403633,2.9520325465946304,1.0,0.9971417615788459,-0.26893323302177097,0.9608403590669206
ossl_lucas_campaign,campaign2009,2009_b16,HJ+-D,0.2,3,25,3.0345301628112793,637,0.9010989010989011,2.7928927339917973,2.306928427274984,4.808713477531162,1.0,2.2115794030193436,-0.5993390159314153,2.1304933211232897
ossl_lucas_campaign,campaign2009,2009_b17,HJ+-D,0.2,3,25,3.0345301628112793,256,0.75390625,5.868729145248297,4.122393346863332,19.373782983264995,1.0,7.171568043606361,-3.0770097170024964,6.490605654032463
ossl_lucas_campaign,campaign2009,2009_b18,HJ+-D,0.2,3,25,3.0345301628112793,1107,0.8843721770551038,3.0847947823738973,2.2448067633161957,4.249165461090111,1.0,1.6131845962609668,-0.4861284442874377,1.5388901706313756
ossl_lucas_campaign,campaign2009,2009_b19,HJ+-D,0.2,3,25,3.0345301628112793,571,0.8546409807355516,2.4203489164029586,2.1215998945987935,3.5180967812438166,1.0,1.2330913483251402,-0.34621398512373697,1.1845283579482797
ossl_lucas_campaign,campaign2009,2009_b2,HJ+-D,0.2,3,25,3.0345301628112793,714,0.9047619047619048,2.165046790346486,2.0053272476363277,2.4829669881838377,1.0,0.7030069708877168,-0.10847469168312153,0.6950745954297306
ossl_lucas_campaign,campaign2009,2009_b20,HJ+-D,0.2,3,25,3.0345301628112793,519,0.884393063583815,3.7476850333976595,2.8611841357822057,5.586374739375166,1.0,2.496362880021428,-1.086415297074645,2.249729187780095
ossl_lucas_campaign,campaign2009,2009_b21,HJ+-D,0.2,3,25,3.0345301628112793,60,0.9333333333333333,2.109183733737029,1.8589136484184445,2.7125970532136026,1.0,0.7707498220847238,-0.3140511492865763,0.7098057723416833
ossl_lucas_campaign,campaign2009,2009_b22,HJ+-D,0.2,3,25,3.0345301628112793,832,0.7211538461538461,9.53563929356999,4.508147681598972,19.16563956301533,1.0,7.714482043309147,-2.5561167927243598,7.283079983743768
ossl_lucas_campaign,campaign2009,2009_b23,HJ+-D,0.2,3,25,3.0345301628112793,876,0.726027397260274,3.911461383543462,3.0657866289997546,8.849372186933127,1.0,3.606537106209927,-0.8094087211471751,3.5165443200384865
ossl_lucas_campaign,campaign2009,2009_b24,HJ+-D,0.2,3,25,3.0345301628112793,935,0.9187165775401069,3.285803342725584,2.7984412410325152,3.978680403495887,1.0,1.4061737672607926,-0.6300867585459448,1.2577787273138858
ossl_lucas_campaign,campaign2009,2009_b26,HJ+-D,0.2,3,25,3.0345301628112793,982,0.8513238289205702,3.090849720585766,2.3440175534826935,4.662922113185418,1.0,2.5524251023577182,0.16694200932592088,2.5482576230009544
ossl_lucas_campaign,campaign2009,2009_b27,HJ+-D,0.2,3,25,3.0345301628112793,649,0.926040061633282,2.9904272046729976,2.532021035289007,3.741953168540326,1.0,1.5591423334979355,-0.6659418503653804,1.410855525823695
ossl_lucas_campaign,campaign2009,2009_b28,HJ+-D,0.2,3,25,3.0345301628112793,844,0.9229857819905213,3.0451617292716517,2.5124382248773744,3.8572422484875455,1.0,1.5841693103127406,-0.42576578375950563,1.5267867702096183
ossl_lucas_campaign,campaign2009,2009_b29,HJ+-D,0.2,3,25,3.0345301628112793,389,0.9280205655526992,2.740401243220302,2.2576185986303723,3.500013967175164,1.0,1.2776546784031484,-0.5832299191623092,1.138233220954896
ossl_lucas_campaign,campaign2009,2009_b3,HJ+-D,0.2,3,25,3.0345301628112793,913,0.9222343921139102,2.5498758447029033,2.233171269212122,3.5198618003549966,1.0,1.445999943967283,-0.6609283900105896,1.2868190221860798
ossl_lucas_campaign,campaign2009,2009_b4,HJ+-D,0.2,3,25,3.0345301628112793,759,0.839262187088274,18.895519705005977,4.283643326447528,24.220081301171344,1.0,10.783224056723528,0.270392271082192,10.7869418082561
ossl_lucas_campaign,campaign2009,2009_b5,HJ+-D,0.2,3,25,3.0345301628112793,301,0.8571428571428571,2.311208025273953,2.080141152288407,3.0901737799302142,1.0,1.04803634673782,-0.5592111575031884,0.8878524327230239
ossl_lucas_campaign,campaign2009,2009_b6,HJ+-D,0.2,3,25,3.0345301628112793,886,0.7787810383747178,11.508426004445539,4.238309375305778,19.67429139161305,1.0,8.046472662736475,-2.4143108362906704,7.680064985539726
ossl_lucas_campaign,campaign2009,2009_b7,HJ+-D,0.2,3,25,3.0345301628112793,557,0.829443447037702,3.6550519090281695,3.2386509617701016,7.155849185300812,1.0,2.8299367831236553,-1.1180633140242056,2.6020438420216587
ossl_lucas_campaign,campaign2009,2009_b9,HJ+-D,0.2,3,25,3.0345301628112793,769,0.846553966189857,3.2281169785812205,2.5420398231134684,5.351761192922145,1.0,2.546368204980877,-0.03096668427742501,2.547837033220338
ossl_lucas_campaign,campaign2009,2009_b0,HCP-D,0.05,3,25,3.1491613388061523,791,1.0,inf,inf,inf,0.0,3.939679839727334,-0.43155211957756673,3.9184501014463855
ossl_lucas_campaign,campaign2009,2009_b1,HCP-D,0.05,3,25,3.1491613388061523,293,1.0,inf,inf,inf,0.0,1.1073444230243248,-0.4445968628415389,1.0159073364082372
ossl_lucas_campaign,campaign2009,2009_b10,HCP-D,0.05,3,25,3.1491613388061523,714,1.0,inf,inf,inf,0.0,1.5114031267484613,-0.38611153091243294,1.4622763240950742
ossl_lucas_campaign,campaign2009,2009_b11,HCP-D,0.05,3,25,3.1491613388061523,270,1.0,inf,inf,inf,0.0,10.538385760879997,-2.292272595406485,10.305162818804318
ossl_lucas_campaign,campaign2009,2009_b12,HCP-D,0.05,3,25,3.1491613388061523,769,1.0,inf,inf,inf,0.0,8.603084822645569,-2.2256039399630936,8.315628486457564
ossl_lucas_campaign,campaign2009,2009_b13,HCP-D,0.05,3,25,3.1491613388061523,427,1.0,inf,inf,inf,0.0,1.1708338022281604,-0.460525718644196,1.0777235115013315
ossl_lucas_campaign,campaign2009,2009_b14,HCP-D,0.05,3,25,3.1491613388061523,833,1.0,inf,inf,inf,0.0,6.427824991497614,-2.1817771638780714,6.0498529708614015
ossl_lucas_campaign,campaign2009,2009_b15,HCP-D,0.05,3,25,3.1491613388061523,740,1.0,inf,inf,inf,0.0,0.9971417615788459,-0.26893323302177097,0.9608403590669206
ossl_lucas_campaign,campaign2009,2009_b16,HCP-D,0.05,3,25,3.1491613388061523,637,1.0,inf,inf,inf,0.0,2.2115794030193436,-0.5993390159314153,2.1304933211232897
ossl_lucas_campaign,campaign2009,2009_b17,HCP-D,0.05,3,25,3.1491613388061523,256,1.0,inf,inf,inf,0.0,7.171568043606361,-3.0770097170024964,6.490605654032463
ossl_lucas_campaign,campaign2009,2009_b18,HCP-D,0.05,3,25,3.1491613388061523,1107,1.0,inf,inf,inf,0.0,1.6131845962609668,-0.4861284442874377,1.5388901706313756
ossl_lucas_campaign,campaign2009,2009_b19,HCP-D,0.05,3,25,3.1491613388061523,571,1.0,inf,inf,inf,0.0,1.2330913483251402,-0.34621398512373697,1.1845283579482797
ossl_lucas_campaign,campaign2009,2009_b2,HCP-D,0.05,3,25,3.1491613388061523,714,1.0,inf,inf,inf,0.0,0.7030069708877168,-0.10847469168312153,0.6950745954297306
ossl_lucas_campaign,campaign2009,2009_b20,HCP-D,0.05,3,25,3.1491613388061523,519,1.0,inf,inf,inf,0.0,2.496362880021428,-1.086415297074645,2.249729187780095
ossl_lucas_campaign,campaign2009,2009_b21,HCP-D,0.05,3,25,3.1491613388061523,60,1.0,inf,inf,inf,0.0,0.7707498220847238,-0.3140511492865763,0.7098057723416833
ossl_lucas_campaign,campaign2009,2009_b22,HCP-D,0.05,3,25,3.1491613388061523,832,1.0,inf,inf,inf,0.0,7.714482043309147,-2.5561167927243598,7.283079983743768
ossl_lucas_campaign,campaign2009,2009_b23,HCP-D,0.05,3,25,3.1491613388061523,876,1.0,inf,inf,inf,0.0,3.606537106209927,-0.8094087211471751,3.5165443200384865
ossl_lucas_campaign,campaign2009,2009_b24,HCP-D,0.05,3,25,3.1491613388061523,935,1.0,inf,inf,inf,0.0,1.4061737672607926,-0.6300867585459448,1.2577787273138858
ossl_lucas_campaign,campaign2009,2009_b26,HCP-D,0.05,3,25,3.1491613388061523,982,1.0,inf,inf,inf,0.0,2.5524251023577182,0.16694200932592088,2.5482576230009544
ossl_lucas_campaign,campaign2009,2009_b27,HCP-D,0.05,3,25,3.1491613388061523,649,1.0,inf,inf,inf,0.0,1.5591423334979355,-0.6659418503653804,1.410855525823695
ossl_lucas_campaign,campaign2009,2009_b28,HCP-D,0.05,3,25,3.1491613388061523,844,1.0,inf,inf,inf,0.0,1.5841693103127406,-0.42576578375950563,1.5267867702096183
ossl_lucas_campaign,campaign2009,2009_b29,HCP-D,0.05,3,25,3.1491613388061523,389,1.0,inf,inf,inf,0.0,1.2776546784031484,-0.5832299191623092,1.138233220954896
ossl_lucas_campaign,campaign2009,2009_b3,HCP-D,0.05,3,25,3.1491613388061523,913,1.0,inf,inf,inf,0.0,1.445999943967283,-0.6609283900105896,1.2868190221860798
ossl_lucas_campaign,campaign2009,2009_b4,HCP-D,0.05,3,25,3.1491613388061523,759,1.0,inf,inf,inf,0.0,10.783224056723528,0.270392271082192,10.7869418082561
ossl_lucas_campaign,campaign2009,2009_b5,HCP-D,0.05,3,25,3.1491613388061523,301,1.0,inf,inf,inf,0.0,1.04803634673782,-0.5592111575031884,0.8878524327230239
ossl_lucas_campaign,campaign2009,2009_b6,HCP-D,0.05,3,25,3.1491613388061523,886,1.0,inf,inf,inf,0.0,8.046472662736475,-2.4143108362906704,7.680064985539726
ossl_lucas_campaign,campaign2009,2009_b7,HCP-D,0.05,3,25,3.1491613388061523,557,1.0,inf,inf,inf,0.0,2.8299367831236553,-1.1180633140242056,2.6020438420216587
ossl_lucas_campaign,campaign2009,2009_b9,HCP-D,0.05,3,25,3.1491613388061523,769,1.0,inf,inf,inf,0.0,2.546368204980877,-0.03096668427742501,2.547837033220338
ossl_lucas_campaign,campaign2009,2009_b0,HCP-D,0.1,3,25,3.3541057109832764,791,0.9924146649810367,12.525403317537126,6.040513596862011,12.828684477203483,1.0,3.939679839727334,-0.43155211957756673,3.9184501014463855
ossl_lucas_campaign,campaign2009,2009_b1,HCP-D,0.1,3,25,3.3541057109832764,293,0.9965870307167235,5.013148489632173,4.145206064822823,5.223041459381733,1.0,1.1073444230243248,-0.4445968628415389,1.0159073364082372
ossl_lucas_campaign,campaign2009,2009_b10,HCP-D,0.1,3,25,3.3541057109832764,714,0.9873949579831933,5.323082071145563,4.614478052888769,5.752231364645273,1.0,1.5114031267484613,-0.38611153091243294,1.4622763240950742
ossl_lucas_campaign,campaign2009,2009_b11,HCP-D,0.1,3,25,3.3541057109832764,270,0.9777777777777777,27.329180559867268,10.94614320683827,30.918538472084588,1.0,10.538385760879997,-2.292272595406485,10.305162818804318
ossl_lucas_campaign,campaign2009,2009_b12,HCP-D,0.1,3,25,3.3541057109832764,769,0.9622886866059818,34.691805803591016,9.908030638983751,37.48316566654843,1.0,8.603084822645569,-2.2256039399630936,8.315628486457564
ossl_lucas_campaign,campaign2009,2009_b13,HCP-D,0.1,3,25,3.3541057109832764,427,1.0,5.607172938591029,4.817512095797661,5.607172938591029,1.0,1.1708338022281604,-0.460525718644196,1.0777235115013315
ossl_lucas_campaign,campaign2009,2009_b14,HCP-D,0.1,3,25,3.3541057109832764,833,0.963985594237695,17.982551514567984,9.407867512087124,19.162989069161625,1.0,6.427824991497614,-2.1817771638780714,6.0498529708614015
ossl_lucas_campaign,campaign2009,2009_b15,HCP-D,0.1,3,25,3.3541057109832764,740,0.9932432432432432,5.714692022801427,4.699011692279585,5.8019199411115014,1.0,0.9971417615788459,-0.26893323302177097,0.9608403590669206
ossl_lucas_campaign,campaign2009,2009_b16,HCP-D,0.1,3,25,3.3541057109832764,637,0.9843014128728415,5.318334626767608,4.25810708169202,5.752301903022161,1.0,2.2115794030193436,-0.5993390159314153,2.1304933211232897
ossl_lucas_campaign,campaign2009,2009_b17,HCP-D,0.1,3,25,3.3541057109832764,256,0.9375,12.410881928931406,8.174424749683968,20.667154280337638,1.0,7.171568043606361,-3.0770097170024964,6.490605654032463
ossl_lucas_campaign,campaign2009,2009_b18,HCP-D,0.1,3,25,3.3541057109832764,1107,0.997289972899729,6.494679485661904,4.545392955583096,6.6821678110266145,1.0,1.6131845962609668,-0.4861284442874377,1.5388901706313756
ossl_lucas_campaign,campaign2009,2009_b19,HCP-D,0.1,3,25,3.3541057109832764,571,0.9702276707530648,5.117194951694956,4.386487702054859,5.405721179447114,1.0,1.2330913483251402,-0.34621398512373697,1.1845283579482797
ossl_lucas_campaign,campaign2009,2009_b2,HCP-D,0.1,3,25,3.3541057109832764,714,0.9971988795518207,5.458420826453211,4.430519830986205,5.477267393265154,1.0,0.7030069708877168,-0.10847469168312153,0.6950745954297306
ossl_lucas_campaign,campaign2009,2009_b20,HCP-D,0.1,3,25,3.3541057109832764,519,0.9865125240847784,7.525014972429236,5.414349420356876,7.850654418836549,1.0,2.496362880021428,-1.086415297074645,2.249729187780095
ossl_lucas_campaign,campaign2009,2009_b21,HCP-D,0.1,3,25,3.3541057109832764,60,1.0,4.63173052144373,4.054820049287709,4.63173052144373,1.0,0.7707498220847238,-0.3140511492865763,0.7098057723416833
ossl_lucas_campaign,campaign2009,2009_b22,HCP-D,0.1,3,25,3.3541057109832764,832,0.9495192307692307,21.219323981881356,8.864534655351967,23.926236948051894,1.0,7.714482043309147,-2.5561167927243598,7.283079983743768
ossl_lucas_campaign,campaign2009,2009_b23,HCP-D,0.1,3,25,3.3541057109832764,876,0.9429223744292238,8.162229613668456,5.8225328078328165,9.978913969466065,1.0,3.606537106209927,-0.8094087211471751,3.5165443200384865
ossl_lucas_campaign,campaign2009,2009_b24,HCP-D,0.1,3,25,3.3541057109832764,935,0.9935828877005347,6.621448153765104,5.4887691067370215,6.86821914520448,1.0,1.4061737672607926,-0.6300867585459448,1.2577787273138858
ossl_lucas_campaign,campaign2009,2009_b26,HCP-D,0.1,3,25,3.3541057109832764,982,0.9887983706720977,5.920803640133757,4.173748806934372,6.47714352392638,1.0,2.5524251023577182,0.16694200932592088,2.5482576230009544
ossl_lucas_campaign,campaign2009,2009_b27,HCP-D,0.1,3,25,3.3541057109832764,649,0.9969183359013868,5.791348027677626,4.805403175653161,5.923468309233632,1.0,1.5591423334979355,-0.6659418503653804,1.410855525823695
ossl_lucas_campaign,campaign2009,2009_b28,HCP-D,0.1,3,25,3.3541057109832764,844,0.9940758293838863,6.071939955337104,5.001344393227968,6.229181513179692,1.0,1.5841693103127406,-0.42576578375950563,1.5267867702096183
ossl_lucas_campaign,campaign2009,2009_b29,HCP-D,0.1,3,25,3.3541057109832764,389,0.9897172236503856,5.432854542417021,4.389707656726945,5.811335826472899,1.0,1.2776546784031484,-0.5832299191623092,1.138233220954896
ossl_lucas_campaign,campaign2009,2009_b3,HCP-D,0.1,3,25,3.3541057109832764,913,0.9879518072289156,5.031595212057794,4.306311154781942,5.329116062636396,1.0,1.445999943967283,-0.6609283900105896,1.2868190221860798
ossl_lucas_campaign,campaign2009,2009_b4,HCP-D,0.1,3,25,3.3541057109832764,759,0.9841897233201581,49.3418380476281,9.545748145285476,49.75180203534629,1.0,10.783224056723528,0.270392271082192,10.7869418082561
ossl_lucas_campaign,campaign2009,2009_b5,HCP-D,0.1,3,25,3.3541057109832764,301,0.9966777408637874,4.758487411299533,4.394567008519248,4.795348117187539,1.0,1.04803634673782,-0.5592111575031884,0.8878524327230239
ossl_lucas_campaign,campaign2009,2009_b6,HCP-D,0.1,3,25,3.3541057109832764,886,0.9604966139954854,26.79825403149712,8.46281425730676,29.519909922150852,1.0,8.046472662736475,-2.4143108362906704,7.680064985539726
ossl_lucas_campaign,campaign2009,2009_b7,HCP-D,0.1,3,25,3.3541057109832764,557,0.9694793536804309,7.313711032943428,6.47073428697312,9.55641837313872,1.0,2.8299367831236553,-1.1180633140242056,2.6020438420216587
ossl_lucas_campaign,campaign2009,2009_b9,HCP-D,0.1,3,25,3.3541057109832764,769,0.9804941482444733,6.303054771922846,4.662989627702306,7.264346325604445,1.0,2.546368204980877,-0.03096668427742501,2.547837033220338
ossl_lucas_campaign,campaign2009,2009_b0,HCP-D,0.2,3,25,3.3247969150543213,791,0.9329962073324906,7.345409683854757,3.651878407620547,8.192929895731076,1.0,3.939679839727334,-0.43155211957756673,3.9184501014463855
ossl_lucas_campaign,campaign2009,2009_b1,HCP-D,0.2,3,25,3.3247969150543213,293,0.9351535836177475,2.9588247389616926,2.455859667337911,3.3784690261155936,1.0,1.1073444230243248,-0.4445968628415389,1.0159073364082372
ossl_lucas_campaign,campaign2009,2009_b10,HCP-D,0.2,3,25,3.3247969150543213,714,0.8935574229691877,3.182487483911677,2.7810703682877405,3.9606210719664223,1.0,1.5114031267484613,-0.38611153091243294,1.4622763240950742
ossl_lucas_campaign,campaign2009,2009_b11,HCP-D,0.2,3,25,3.3247969150543213,270,0.8851851851851852,15.531798291050608,6.534572094547045,21.67372649245341,1.0,10.538385760879997,-2.292272595406485,10.305162818804318
ossl_lucas_campaign,campaign2009,2009_b12,HCP-D,0.2,3,25,3.3247969150543213,769,0.8023407022106632,19.70831423882425,5.921863149997773,26.126285101102216,1.0,8.603084822645569,-2.2256039399630936,8.315628486457564
ossl_lucas_campaign,campaign2009,2009_b13,HCP-D,0.2,3,25,3.3247969150543213,427,0.9391100702576113,3.2424908000507298,2.8175170948933355,3.5442354172369077,1.0,1.1708338022281604,-0.460525718644196,1.0777235115013315
ossl_lucas_campaign,campaign2009,2009_b14,HCP-D,0.2,3,25,3.3247969150543213,833,0.7935174069627852,10.456562886938162,5.622494774492065,14.816068287037446,1.0,6.427824991497614,-2.1817771638780714,6.0498529708614015
ossl_lucas_campaign,campaign2009,2009_b15,HCP-D,0.2,3,25,3.3247969150543213,740,0.95,3.247420668867163,2.781527943130448,3.5535724324661837,1.0,0.9971417615788459,-0.26893323302177097,0.9608403590669206
ossl_lucas_campaign,campaign2009,2009_b16,HCP-D,0.2,3,25,3.3247969150543213,637,0.9105180533751962,3.18493111244898,2.552662682135179,4.52681447029413,1.0,2.2115794030193436,-0.5993390159314153,2.1304933211232897
ossl_lucas_campaign,campaign2009,2009_b17,HCP-D,0.2,3,25,3.3247969150543213,256,0.8203125,7.328234433892705,4.891448070222758,16.957624282189492,1.0,7.171568043606361,-3.0770097170024964,6.490605654032463
ossl_lucas_campaign,campaign2009,2009_b18,HCP-D,0.2,3,25,3.3247969150543213,1107,0.9376693766937669,3.780029315055099,2.6570679814604885,4.437968838391849,1.0,1.6131845962609668,-0.4861284442874377,1.5388901706313756
ossl_lucas_campaign,campaign2009,2009_b19,HCP-D,0.2,3,25,3.3247969150543213,571,0.8914185639229422,2.9688807252148464,2.5580103130827534,3.8211328267378604,1.0,1.2330913483251402,-0.34621398512373697,1.1845283579482797
ossl_lucas_campaign,campaign2009,2009_b2,HCP-D,0.2,3,25,3.3247969150543213,714,0.9523809523809523,2.9804410468985796,2.5766129001909874,3.111428298336919,1.0,0.7030069708877168,-0.10847469168312153,0.6950745954297306
ossl_lucas_campaign,campaign2009,2009_b20,HCP-D,0.2,3,25,3.3247969150543213,519,0.9325626204238922,4.474919815222738,3.254999105491641,5.517270787427384,1.0,2.496362880021428,-1.086415297074645,2.249729187780095
ossl_lucas_campaign,campaign2009,2009_b21,HCP-D,0.2,3,25,3.3247969150543213,60,0.9666666666666667,2.6796438289275937,2.2779229852460254,2.8835192325770476,1.0,0.7707498220847238,-0.3140511492865763,0.7098057723416833
ossl_lucas_campaign,campaign2009,2009_b22,HCP-D,0.2,3,25,3.3247969150543213,832,0.7896634615384616,12.29754515017609,5.292609213911366,18.479101547331513,1.0,7.714482043309147,-2.5561167927243598,7.283079983743768
ossl_lucas_campaign,campaign2009,2009_b23,HCP-D,0.2,3,25,3.3247969150543213,876,0.7705479452054794,4.821190348060352,3.4996259552449995,8.282526026204147,1.0,3.606537106209927,-0.8094087211471751,3.5165443200384865
ossl_lucas_campaign,campaign2009,2009_b24,HCP-D,0.2,3,25,3.3247969150543213,935,0.9508021390374332,3.9184757389989437,3.271806887457182,4.366755708234362,1.0,1.4061737672607926,-0.6300867585459448,1.2577787273138858
ossl_lucas_campaign,campaign2009,2009_b26,HCP-D,0.2,3,25,3.3247969150543213,982,0.8818737270875764,3.53941725990054,2.5319962169135137,4.644072581553568,1.0,2.5524251023577182,0.16694200932592088,2.5482576230009544
ossl_lucas_campaign,campaign2009,2009_b27,HCP-D,0.2,3,25,3.3247969150543213,649,0.9614791987673343,3.461626778406746,2.883460786169585,3.893037095258461,1.0,1.5591423334979355,-0.6659418503653804,1.410855525823695
ossl_lucas_campaign,campaign2009,2009_b28,HCP-D,0.2,3,25,3.3247969150543213,844,0.957345971563981,3.5961975769468095,2.976254136337281,4.023978107211024,1.0,1.5841693103127406,-0.42576578375950563,1.5267867702096183
ossl_lucas_campaign,campaign2009,2009_b29,HCP-D,0.2,3,25,3.3247969150543213,389,0.9511568123393316,3.232047780418521,2.6230665495885797,3.7634395316151217,1.0,1.2776546784031484,-0.5832299191623092,1.138233220954896
ossl_lucas_campaign,campaign2009,2009_b3,HCP-D,0.2,3,25,3.3247969150543213,913,0.9430449069003286,2.9926057502783205,2.5751459107387054,3.725691969310947,1.0,1.445999943967283,-0.6609283900105896,1.2868190221860798
ossl_lucas_campaign,campaign2009,2009_b4,HCP-D,0.2,3,25,3.3247969150543213,759,0.8919631093544137,27.42823665668545,5.650738955334013,29.981022085703277,1.0,10.783224056723528,0.270392271082192,10.7869418082561
ossl_lucas_campaign,campaign2009,2009_b5,HCP-D,0.2,3,25,3.3247969150543213,301,0.9335548172757475,2.7914891994278754,2.5904015114738916,3.1842572968245895,1.0,1.04803634673782,-0.5592111575031884,0.8878524327230239
ossl_lucas_campaign,campaign2009,2009_b6,HCP-D,0.2,3,25,3.3247969150543213,886,0.8386004514672686,15.371365719692498,5.053115563127852,20.56162673411357,1.0,8.046472662736475,-2.4143108362906704,7.680064985539726
ossl_lucas_campaign,campaign2009,2009_b7,HCP-D,0.2,3,25,3.3247969150543213,557,0.8653500897666068,4.337545572013723,3.8487580005556365,7.037881995105622,1.0,2.8299367831236553,-1.1180633140242056,2.6020438420216587
ossl_lucas_campaign,campaign2009,2009_b9,HCP-D,0.2,3,25,3.3247969150543213,769,0.8790637191157347,3.766578693691958,2.8097648727979276,5.344981426303374,1.0,2.546368204980877,-0.03096668427742501,2.547837033220338
ossl_lucas_campaign,campaign2009,2009_b0,HCP-A,0.05,3,25,0.5169801712036133,791,1.0,inf,inf,inf,0.0,3.939679839727334,-0.43155211957756673,3.9184501014463855
ossl_lucas_campaign,campaign2009,2009_b1,HCP-A,0.05,3,25,0.5169801712036133,293,1.0,inf,inf,inf,0.0,1.1073444230243248,-0.4445968628415389,1.0159073364082372
ossl_lucas_campaign,campaign2009,2009_b10,HCP-A,0.05,3,25,0.5169801712036133,714,1.0,inf,inf,inf,0.0,1.5114031267484613,-0.38611153091243294,1.4622763240950742
ossl_lucas_campaign,campaign2009,2009_b11,HCP-A,0.05,3,25,0.5169801712036133,270,1.0,inf,inf,inf,0.0,10.538385760879997,-2.292272595406485,10.305162818804318
ossl_lucas_campaign,campaign2009,2009_b12,HCP-A,0.05,3,25,0.5169801712036133,769,1.0,inf,inf,inf,0.0,8.603084822645569,-2.2256039399630936,8.315628486457564
ossl_lucas_campaign,campaign2009,2009_b13,HCP-A,0.05,3,25,0.5169801712036133,427,1.0,inf,inf,inf,0.0,1.1708338022281604,-0.460525718644196,1.0777235115013315
ossl_lucas_campaign,campaign2009,2009_b14,HCP-A,0.05,3,25,0.5169801712036133,833,1.0,inf,inf,inf,0.0,6.427824991497614,-2.1817771638780714,6.0498529708614015
ossl_lucas_campaign,campaign2009,2009_b15,HCP-A,0.05,3,25,0.5169801712036133,740,1.0,inf,inf,inf,0.0,0.9971417615788459,-0.26893323302177097,0.9608403590669206
ossl_lucas_campaign,campaign2009,2009_b16,HCP-A,0.05,3,25,0.5169801712036133,637,1.0,inf,inf,inf,0.0,2.2115794030193436,-0.5993390159314153,2.1304933211232897
ossl_lucas_campaign,campaign2009,2009_b17,HCP-A,0.05,3,25,0.5169801712036133,256,1.0,inf,inf,inf,0.0,7.171568043606361,-3.0770097170024964,6.490605654032463
ossl_lucas_campaign,campaign2009,2009_b18,HCP-A,0.05,3,25,0.5169801712036133,1107,1.0,inf,inf,inf,0.0,1.6131845962609668,-0.4861284442874377,1.5388901706313756
ossl_lucas_campaign,campaign2009,2009_b19,HCP-A,0.05,3,25,0.5169801712036133,571,1.0,inf,inf,inf,0.0,1.2330913483251402,-0.34621398512373697,1.1845283579482797
ossl_lucas_campaign,campaign2009,2009_b2,HCP-A,0.05,3,25,0.5169801712036133,714,1.0,inf,inf,inf,0.0,0.7030069708877168,-0.10847469168312153,0.6950745954297306
ossl_lucas_campaign,campaign2009,2009_b20,HCP-A,0.05,3,25,0.5169801712036133,519,1.0,inf,inf,inf,0.0,2.496362880021428,-1.086415297074645,2.249729187780095
ossl_lucas_campaign,campaign2009,2009_b21,HCP-A,0.05,3,25,0.5169801712036133,60,1.0,inf,inf,inf,0.0,0.7707498220847238,-0.3140511492865763,0.7098057723416833
ossl_lucas_campaign,campaign2009,2009_b22,HCP-A,0.05,3,25,0.5169801712036133,832,1.0,inf,inf,inf,0.0,7.714482043309147,-2.5561167927243598,7.283079983743768
ossl_lucas_campaign,campaign2009,2009_b23,HCP-A,0.05,3,25,0.5169801712036133,876,1.0,inf,inf,inf,0.0,3.606537106209927,-0.8094087211471751,3.5165443200384865
ossl_lucas_campaign,campaign2009,2009_b24,HCP-A,0.05,3,25,0.5169801712036133,935,1.0,inf,inf,inf,0.0,1.4061737672607926,-0.6300867585459448,1.2577787273138858
ossl_lucas_campaign,campaign2009,2009_b26,HCP-A,0.05,3,25,0.5169801712036133,982,1.0,inf,inf,inf,0.0,2.5524251023577182,0.16694200932592088,2.5482576230009544
ossl_lucas_campaign,campaign2009,2009_b27,HCP-A,0.05,3,25,0.5169801712036133,649,1.0,inf,inf,inf,0.0,1.5591423334979355,-0.6659418503653804,1.410855525823695
ossl_lucas_campaign,campaign2009,2009_b28,HCP-A,0.05,3,25,0.5169801712036133,844,1.0,inf,inf,inf,0.0,1.5841693103127406,-0.42576578375950563,1.5267867702096183
ossl_lucas_campaign,campaign2009,2009_b29,HCP-A,0.05,3,25,0.5169801712036133,389,1.0,inf,inf,inf,0.0,1.2776546784031484,-0.5832299191623092,1.138233220954896
ossl_lucas_campaign,campaign2009,2009_b3,HCP-A,0.05,3,25,0.5169801712036133,913,1.0,inf,inf,inf,0.0,1.445999943967283,-0.6609283900105896,1.2868190221860798
ossl_lucas_campaign,campaign2009,2009_b4,HCP-A,0.05,3,25,0.5169801712036133,759,1.0,inf,inf,inf,0.0,10.783224056723528,0.270392271082192,10.7869418082561
ossl_lucas_campaign,campaign2009,2009_b5,HCP-A,0.05,3,25,0.5169801712036133,301,1.0,inf,inf,inf,0.0,1.04803634673782,-0.5592111575031884,0.8878524327230239
ossl_lucas_campaign,campaign2009,2009_b6,HCP-A,0.05,3,25,0.5169801712036133,886,1.0,inf,inf,inf,0.0,8.046472662736475,-2.4143108362906704,7.680064985539726
ossl_lucas_campaign,campaign2009,2009_b7,HCP-A,0.05,3,25,0.5169801712036133,557,1.0,inf,inf,inf,0.0,2.8299367831236553,-1.1180633140242056,2.6020438420216587
ossl_lucas_campaign,campaign2009,2009_b9,HCP-A,0.05,3,25,0.5169801712036133,769,1.0,inf,inf,inf,0.0,2.546368204980877,-0.03096668427742501,2.547837033220338
ossl_lucas_campaign,campaign2009,2009_b0,HCP-A,0.1,3,25,0.6186807155609131,791,0.9898862199747156,10.814150679238317,6.529293710011608,11.294334106640422,1.0,3.939679839727334,-0.43155211957756673,3.9184501014463855
ossl_lucas_campaign,campaign2009,2009_b1,HCP-A,0.1,3,25,0.6186807155609131,293,0.9863481228668942,4.433669548470969,3.8437045440749005,4.771875766367203,1.0,1.1073444230243248,-0.4445968628415389,1.0159073364082372
ossl_lucas_campaign,campaign2009,2009_b10,HCP-A,0.1,3,25,0.6186807155609131,714,0.9873949579831933,5.308330015959258,4.805180925235353,5.772700006810517,1.0,1.5114031267484613,-0.38611153091243294,1.4622763240950742
ossl_lucas_campaign,campaign2009,2009_b11,HCP-A,0.1,3,25,0.6186807155609131,270,0.9518518518518518,19.838131725266457,10.728509606481207,27.308227793838718,1.0,10.538385760879997,-2.292272595406485,10.305162818804318
ossl_lucas_campaign,campaign2009,2009_b12,HCP-A,0.1,3,25,0.6186807155609131,769,0.9232769830949284,23.824228972027004,9.257098169605642,29.509482056268133,1.0,8.603084822645569,-2.2256039399630936,8.315628486457564
ossl_lucas_campaign,campaign2009,2009_b13,HCP-A,0.1,3,25,0.6186807155609131,427,0.990632318501171,4.398245457559711,4.006559320851368,4.439153498783714,1.0,1.1708338022281604,-0.460525718644196,1.0777235115013315
ossl_lucas_campaign,campaign2009,2009_b14,HCP-A,0.1,3,25,0.6186807155609131,833,0.9399759903961584,14.45254952870124,9.07590282067022,16.98031561948213,1.0,6.427824991497614,-2.1817771638780714,6.0498529708614015
ossl_lucas_campaign,campaign2009,2009_b15,HCP-A,0.1,3,25,0.6186807155609131,740,0.9851351351351352,4.527960909204493,4.039378348039845,4.725922043468787,1.0,0.9971417615788459,-0.26893323302177097,0.9608403590669206
ossl_lucas_campaign,campaign2009,2009_b16,HCP-A,0.1,3,25,0.6186807155609131,637,0.9843014128728415,5.399377385934468,4.529739674649238,5.932670366232329,1.0,2.2115794030193436,-0.5993390159314153,2.1304933211232897
ossl_lucas_campaign,campaign2009,2009_b17,HCP-A,0.1,3,25,0.6186807155609131,256,0.921875,11.039729337301669,8.048923500485472,20.74800430812236,1.0,7.171568043606361,-3.0770097170024964,6.490605654032463
ossl_lucas_campaign,campaign2009,2009_b18,HCP-A,0.1,3,25,0.6186807155609131,1107,0.975609756097561,5.301553542704313,3.9416571329208216,5.7265184954125745,1.0,1.6131845962609668,-0.4861284442874377,1.5388901706313756
ossl_lucas_campaign,campaign2009,2009_b19,HCP-A,0.1,3,25,0.6186807155609131,571,0.957968476357268,4.122225231571103,3.623068120053377,4.663231005234265,1.0,1.2330913483251402,-0.34621398512373697,1.1845283579482797
ossl_lucas_campaign,campaign2009,2009_b2,HCP-A,0.1,3,25,0.6186807155609131,714,0.9733893557422969,3.565228684352031,3.360810131293159,3.7583277909439285,1.0,0.7030069708877168,-0.10847469168312153,0.6950745954297306
ossl_lucas_campaign,campaign2009,2009_b20,HCP-A,0.1,3,25,0.6186807155609131,519,0.9845857418111753,7.186842802939767,5.571616360669288,7.556771126883755,1.0,2.496362880021428,-1.086415297074645,2.249729187780095
ossl_lucas_campaign,campaign2009,2009_b21,HCP-A,0.1,3,25,0.6186807155609131,60,0.9833333333333333,3.662864040073847,3.2430146381034604,3.802884218252962,1.0,0.7707498220847238,-0.3140511492865763,0.7098057723416833
ossl_lucas_campaign,campaign2009,2009_b22,HCP-A,0.1,3,25,0.6186807155609131,832,0.9362980769230769,16.662410890449628,8.56501132655064,20.507758963523074,1.0,7.714482043309147,-2.5561167927243598,7.283079983743768
ossl_lucas_campaign,campaign2009,2009_b23,HCP-A,0.1,3,25,0.6186807155609131,876,0.930365296803653,7.446683670776011,5.959192327109932,9.755003263499262,1.0,3.606537106209927,-0.8094087211471751,3.5165443200384865
ossl_lucas_campaign,campaign2009,2009_b24,HCP-A,0.1,3,25,0.6186807155609131,935,0.9925133689839573,6.020102798025751,5.202332212461243,6.291806654382215,1.0,1.4061737672607926,-0.6300867585459448,1.2577787273138858
ossl_lucas_campaign,campaign2009,2009_b26,HCP-A,0.1,3,25,0.6186807155609131,982,0.9877800407331976,5.970425337380449,4.65468613108639,6.7045636658664085,1.0,2.5524251023577182,0.16694200932592088,2.5482576230009544
ossl_lucas_campaign,campaign2009,2009_b27,HCP-A,0.1,3,25,0.6186807155609131,649,0.9953775038520801,5.7616764132951594,4.8843432902311035,5.907596806215866,1.0,1.5591423334979355,-0.6659418503653804,1.410855525823695
ossl_lucas_campaign,campaign2009,2009_b28,HCP-A,0.1,3,25,0.6186807155609131,844,0.990521327014218,5.628489263661523,4.782832598393119,5.83805486889672,1.0,1.5841693103127406,-0.42576578375950563,1.5267867702096183
ossl_lucas_campaign,campaign2009,2009_b29,HCP-A,0.1,3,25,0.6186807155609131,389,0.9922879177377892,5.169783810754953,4.255523590838205,5.5442133546081,1.0,1.2776546784031484,-0.5832299191623092,1.138233220954896
ossl_lucas_campaign,campaign2009,2009_b3,HCP-A,0.1,3,25,0.6186807155609131,913,0.9901423877327492,4.76483636124284,4.202111359376727,5.119000417667644,1.0,1.445999943967283,-0.6609283900105896,1.2868190221860798
ossl_lucas_campaign,campaign2009,2009_b4,HCP-A,0.1,3,25,0.6186807155609131,759,0.9631093544137023,30.13757264126457,8.456581126024588,33.354084404974344,1.0,10.783224056723528,0.270392271082192,10.7869418082561
ossl_lucas_campaign,campaign2009,2009_b5,HCP-A,0.1,3,25,0.6186807155609131,301,0.9900332225913622,4.022296929437309,3.6577680602334577,4.114475918697355,1.0,1.04803634673782,-0.5592111575031884,0.8878524327230239
ossl_lucas_campaign,campaign2009,2009_b6,HCP-A,0.1,3,25,0.6186807155609131,886,0.945823927765237,19.690606600123676,8.23796851951943,24.304173989655272,1.0,8.046472662736475,-2.4143108362906704,7.680064985539726
ossl_lucas_campaign,campaign2009,2009_b7,HCP-A,0.1,3,25,0.6186807155609131,557,0.9730700179533214,6.802378244834332,6.1523007654311375,9.179369173180952,1.0,2.8299367831236553,-1.1180633140242056,2.6020438420216587
ossl_lucas_campaign,campaign2009,2009_b9,HCP-A,0.1,3,25,0.6186807155609131,769,0.9752925877763329,6.299865108833761,5.033185245712186,7.443119651722551,1.0,2.546368204980877,-0.03096668427742501,2.547837033220338
ossl_lucas_campaign,campaign2009,2009_b0,HCP-A,0.2,3,25,0.461956262588501,791,0.9304677623261695,6.4980497031256315,3.923347871915295,7.892988541441936,1.0,3.939679839727334,-0.43155211957756673,3.9184501014463855
ossl_lucas_campaign,campaign2009,2009_b1,HCP-A,0.2,3,25,0.461956262588501,293,0.9146757679180887,2.664120923385187,2.309620414248542,3.2993619930025084,1.0,1.1073444230243248,-0.4445968628415389,1.0159073364082372
ossl_lucas_campaign,campaign2009,2009_b10,HCP-A,0.2,3,25,0.461956262588501,714,0.8977591036414566,3.1896903702775545,2.8873561512913732,4.034071820461751,1.0,1.5114031267484613,-0.38611153091243294,1.4622763240950742
ossl_lucas_campaign,campaign2009,2009_b11,HCP-A,0.2,3,25,0.461956262588501,270,0.8555555555555555,11.920415184839507,6.4465893560386345,22.118579259268667,1.0,10.538385760879997,-2.292272595406485,10.305162818804318
ossl_lucas_campaign,campaign2009,2009_b12,HCP-A,0.2,3,25,0.461956262588501,769,0.7425227568270482,14.315597090402399,5.562441822481393,24.432557444965042,1.0,8.603084822645569,-2.2256039399630936,8.315628486457564
ossl_lucas_campaign,campaign2009,2009_b13,HCP-A,0.2,3,25,0.461956262588501,427,0.8711943793911007,2.642835155296962,2.407477237708251,3.27734425552588,1.0,1.1708338022281604,-0.460525718644196,1.0777235115013315
ossl_lucas_campaign,campaign2009,2009_b14,HCP-A,0.2,3,25,0.461956262588501,833,0.7599039615846338,8.684305218225449,5.45356444336201,15.362125714687732,1.0,6.427824991497614,-2.1817771638780714,6.0498529708614015
ossl_lucas_campaign,campaign2009,2009_b15,HCP-A,0.2,3,25,0.461956262588501,740,0.922972972972973,2.7207790897817508,2.427197664786115,3.205096394072748,1.0,0.9971417615788459,-0.26893323302177097,0.9608403590669206
ossl_lucas_campaign,campaign2009,2009_b16,HCP-A,0.2,3,25,0.461956262588501,637,0.9246467817896389,3.2443992746553745,2.721847921409216,4.643886996510583,1.0,2.2115794030193436,-0.5993390159314153,2.1304933211232897
ossl_lucas_campaign,campaign2009,2009_b17,HCP-A,0.2,3,25,0.461956262588501,256,0.8046875,6.633596300869477,4.836469040811848,17.304761413011587,1.0,7.171568043606361,-3.0770097170024964,6.490605654032463
ossl_lucas_campaign,campaign2009,2009_b18,HCP-A,0.2,3,25,0.461956262588501,1107,0.8798554652213189,3.185618496181416,2.3684785538981603,4.229759800470801,1.0,1.6131845962609668,-0.4861284442874377,1.5388901706313756
ossl_lucas_campaign,campaign2009,2009_b19,HCP-A,0.2,3,25,0.461956262588501,571,0.830122591943958,2.476979028381198,2.1770435256756575,3.669916630336739,1.0,1.2330913483251402,-0.34621398512373697,1.1845283579482797
ossl_lucas_campaign,campaign2009,2009_b2,HCP-A,0.2,3,25,0.461956262588501,714,0.8515406162464986,2.1422887364059227,2.0194569063882613,2.685274405286057,1.0,0.7030069708877168,-0.10847469168312153,0.6950745954297306
ossl_lucas_campaign,campaign2009,2009_b20,HCP-A,0.2,3,25,0.461956262588501,519,0.9344894026974951,4.318458575920512,3.347894912162165,5.446650598645381,1.0,2.496362880021428,-1.086415297074645,2.249729187780095
ossl_lucas_campaign,campaign2009,2009_b21,HCP-A,0.2,3,25,0.461956262588501,60,0.9166666666666666,2.20095625575913,1.948675483763885,2.738654859378721,1.0,0.7707498220847238,-0.3140511492865763,0.7098057723416833
ossl_lucas_campaign,campaign2009,2009_b22,HCP-A,0.2,3,25,0.461956262588501,832,0.765625,10.012175468195862,5.146577938349951,18.07175589137048,1.0,7.714482043309147,-2.5561167927243598,7.283079983743768
ossl_lucas_campaign,campaign2009,2009_b23,HCP-A,0.2,3,25,0.461956262588501,876,0.7659817351598174,4.474592786011075,3.580783094356945,8.556471185799797,1.0,3.606537106209927,-0.8094087211471751,3.5165443200384865
ossl_lucas_campaign,campaign2009,2009_b24,HCP-A,0.2,3,25,0.461956262588501,935,0.9294117647058824,3.6173832194330324,3.1259979901746395,4.17296470546652,1.0,1.4061737672607926,-0.6300867585459448,1.2577787273138858
ossl_lucas_campaign,campaign2009,2009_b26,HCP-A,0.2,3,25,0.461956262588501,982,0.9032586558044806,3.5875328300706952,2.7969262431600663,4.938571919104382,1.0,2.5524251023577182,0.16694200932592088,2.5482576230009544
ossl_lucas_campaign,campaign2009,2009_b27,HCP-A,0.2,3,25,0.461956262588501,649,0.9568567026194145,3.462098949554824,2.934923546791691,3.9494867500031625,1.0,1.5591423334979355,-0.6659418503653804,1.410855525823695
ossl_lucas_campaign,campaign2009,2009_b28,HCP-A,0.2,3,25,0.461956262588501,844,0.9454976303317536,3.382068927428486,2.8739274001198787,3.9143880186048157,1.0,1.5841693103127406,-0.42576578375950563,1.5267867702096183
ossl_lucas_campaign,campaign2009,2009_b29,HCP-A,0.2,3,25,0.461956262588501,389,0.9460154241645244,3.106440177608663,2.5570758745926785,3.6988702991011353,1.0,1.2776546784031484,-0.5832299191623092,1.138233220954896
ossl_lucas_campaign,campaign2009,2009_b3,HCP-A,0.2,3,25,0.461956262588501,913,0.9386637458926615,2.8631137498443886,2.5249813213460817,3.6382324521863567,1.0,1.445999943967283,-0.6609283900105896,1.2868190221860798
ossl_lucas_campaign,campaign2009,2009_b4,HCP-A,0.2,3,25,0.461956262588501,759,0.8274044795783926,18.10918404627684,5.081423969884275,25.275611694734557,1.0,10.783224056723528,0.270392271082192,10.7869418082561
ossl_lucas_campaign,campaign2009,2009_b5,HCP-A,0.2,3,25,0.461956262588501,301,0.8870431893687708,2.4169337143038763,2.1978941632036277,3.0084757883317357,1.0,1.04803634673782,-0.5592111575031884,0.8878524327230239
ossl_lucas_campaign,campaign2009,2009_b6,HCP-A,0.2,3,25,0.461956262588501,886,0.8126410835214447,11.831769703185726,4.950063160798489,19.41488143870035,1.0,8.046472662736475,-2.4143108362906704,7.680064985539726
ossl_lucas_campaign,campaign2009,2009_b7,HCP-A,0.2,3,25,0.461956262588501,557,0.8599640933572711,4.087439989092821,3.6968188578231667,6.84376518393259,1.0,2.8299367831236553,-1.1180633140242056,2.6020438420216587
ossl_lucas_campaign,campaign2009,2009_b9,HCP-A,0.2,3,25,0.461956262588501,769,0.8998699609882965,3.785487905100292,3.024360290676104,5.504611358539871,1.0,2.546368204980877,-0.03096668427742501,2.547837033220338
ossl_lucas_campaign,campaign2009,2009_b0,ORACLE,0.05,3,25,0.02911996841430664,791,0.9506953223767383,7.121291390072567,4.378787880510668,13.145551842769443,1.0,3.939679839727334,-0.43155211957756673,3.9184501014463855
ossl_lucas_campaign,campaign2009,2009_b1,ORACLE,0.05,3,25,0.02911996841430664,293,0.962457337883959,3.6377841670325064,3.1836166657640512,5.165610554787401,1.0,1.1073444230243248,-0.4445968628415389,1.0159073364082372
ossl_lucas_campaign,campaign2009,2009_b10,ORACLE,0.05,3,25,0.02911996841430664,714,0.9551820728291317,3.640602606861154,3.3091216611459378,6.010865270550679,1.0,1.5114031267484613,-0.38611153091243294,1.4622763240950742
ossl_lucas_campaign,campaign2009,2009_b11,ORACLE,0.05,3,25,0.02911996841430664,270,0.9592592592592593,19.636450709139016,10.989493313948891,35.185051952956805,1.0,10.538385760879997,-2.292272595406485,10.305162818804318
ossl_lucas_campaign,campaign2009,2009_b12,ORACLE,0.05,3,25,0.02911996841430664,769,0.9557867360208062,25.828833218765325,10.111429784125365,32.89502023874566,1.0,8.603084822645569,-2.2256039399630936,8.315628486457564
ossl_lucas_campaign,campaign2009,2009_b13,ORACLE,0.05,3,25,0.02911996841430664,427,0.9531615925058547,3.5903443281514313,3.2245176119894556,4.3339754686464635,1.0,1.1708338022281604,-0.460525718644196,1.0777235115013315
ossl_lucas_campaign,campaign2009,2009_b14,ORACLE,0.05,3,25,0.02911996841430664,833,0.9543817527010804,14.346320713543676,9.155384760280329,19.35725573918459,1.0,6.427824991497614,-2.1817771638780714,6.0498529708614015
ossl_lucas_campaign,campaign2009,2009_b15,ORACLE,0.05,3,25,0.02911996841430664,740,0.95,2.89414775807546,2.590109914348929,4.167755952047591,1.0,0.9971417615788459,-0.26893323302177097,0.9608403590669206
ossl_lucas_campaign,campaign2009,2009_b16,ORACLE,0.05,3,25,0.02911996841430664,637,0.957613814756672,3.9816405990785255,3.364633171289062,8.199774422959559,1.0,2.2115794030193436,-0.5993390159314153,2.1304933211232897
ossl_lucas_campaign,campaign2009,2009_b17,ORACLE,0.05,3,25,0.02911996841430664,256,0.953125,13.932908100118256,9.978648565175057,30.020628822595935,1.0,7.171568043606361,-3.0770097170024964,6.490605654032463
ossl_lucas_campaign,campaign2009,2009_b18,ORACLE,0.05,3,25,0.02911996841430664,1107,0.9539295392953929,4.374901551925766,3.314710855275176,6.4342091030108675,1.0,1.6131845962609668,-0.4861284442874377,1.5388901706313756
ossl_lucas_campaign,campaign2009,2009_b19,ORACLE,0.05,3,25,0.02911996841430664,571,0.9527145359019265,3.5985436453574007,3.1763666777853277,5.0073879678779765,1.0,1.2330913483251402,-0.34621398512373697,1.1845283579482797
ossl_lucas_campaign,campaign2009,2009_b2,ORACLE,0.05,3,25,0.02911996841430664,714,0.9537815126050421,2.804697288518943,2.6627116441259,3.4567421406041583,1.0,0.7030069708877168,-0.10847469168312153,0.6950745954297306
ossl_lucas_campaign,campaign2009,2009_b20,ORACLE,0.05,3,25,0.02911996841430664,519,0.9499036608863198,4.864434484311254,3.80062819693396,8.875392465985197,1.0,2.496362880021428,-1.086415297074645,2.249729187780095
ossl_lucas_campaign,campaign2009,2009_b21,ORACLE,0.05,3,25,0.02911996841430664,60,0.9833333333333333,5.225722434546145,4.834612063728918,5.273148222168124,1.0,0.7707498220847238,-0.3140511492865763,0.7098057723416833
ossl_lucas_campaign,campaign2009,2009_b22,ORACLE,0.05,3,25,0.02911996841430664,832,0.9555288461538461,17.80839006549565,9.393926347162203,23.271405019324796,1.0,7.714482043309147,-2.5561167927243598,7.283079983743768
ossl_lucas_campaign,campaign2009,2009_b23,ORACLE,0.05,3,25,0.02911996841430664,876,0.9554794520547946,7.895219485417987,6.475054824337317,11.726312063952436,1.0,3.606537106209927,-0.8094087211471751,3.5165443200384865
ossl_lucas_campaign,campaign2009,2009_b24,ORACLE,0.05,3,25,0.02911996841430664,935,0.9540106951871657,3.9145057283808207,3.447968782799822,5.578953342205959,1.0,1.4061737672607926,-0.6300867585459448,1.2577787273138858
ossl_lucas_campaign,campaign2009,2009_b26,ORACLE,0.05,3,25,0.02911996841430664,982,0.9541751527494908,4.108608191778988,3.2730765046340524,8.530699354291698,1.0,2.5524251023577182,0.16694200932592088,2.5482576230009544
ossl_lucas_campaign,campaign2009,2009_b27,ORACLE,0.05,3,25,0.02911996841430664,649,0.9491525423728814,3.4654315707937555,2.9940831900187392,5.692426071593867,1.0,1.5591423334979355,-0.6659418503653804,1.410855525823695
ossl_lucas_campaign,campaign2009,2009_b28,ORACLE,0.05,3,25,0.02911996841430664,844,0.9514218009478673,3.546234271142836,3.006673206062916,6.106135886450959,1.0,1.5841693103127406,-0.42576578375950563,1.5267867702096183
ossl_lucas_campaign,campaign2009,2009_b29,ORACLE,0.05,3,25,0.02911996841430664,389,0.9537275064267352,3.2427930627462276,2.8134387686301605,5.354557373392053,1.0,1.2776546784031484,-0.5832299191623092,1.138233220954896
ossl_lucas_campaign,campaign2009,2009_b3,ORACLE,0.05,3,25,0.02911996841430664,913,0.9474260679079957,2.9128791428178467,2.5830960050704617,5.976034142477673,1.0,1.445999943967283,-0.6609283900105896,1.2868190221860798
ossl_lucas_campaign,campaign2009,2009_b4,ORACLE,0.05,3,25,0.02911996841430664,759,0.9512516469038208,26.04235164441115,7.246103759555629,33.37280418559797,1.0,10.783224056723528,0.270392271082192,10.7869418082561
ossl_lucas_campaign,campaign2009,2009_b5,ORACLE,0.05,3,25,0.02911996841430664,301,0.9568106312292359,3.214488376143457,2.9047302348174546,3.993144770686657,1.0,1.04803634673782,-0.5592111575031884,0.8878524327230239
ossl_lucas_campaign,campaign2009,2009_b6,ORACLE,0.05,3,25,0.02911996841430664,886,0.95372460496614,19.745868592654595,8.59585235724591,29.2188505027165,1.0,8.046472662736475,-2.4143108362906704,7.680064985539726
ossl_lucas_campaign,campaign2009,2009_b7,ORACLE,0.05,3,25,0.02911996841430664,557,0.9551166965888689,5.80059324131624,5.26413735289651,12.645727380328283,1.0,2.8299367831236553,-1.1180633140242056,2.6020438420216587
ossl_lucas_campaign,campaign2009,2009_b9,ORACLE,0.05,3,25,0.02911996841430664,769,0.951885565669701,4.815982084451021,3.9330330133903213,9.769684264106047,1.0,2.546368204980877,-0.03096668427742501,2.547837033220338
ossl_lucas_campaign,campaign2009,2009_b0,ORACLE,0.1,3,25,0.029522180557250977,791,0.9051833122629582,5.797483331619883,3.5940860669650823,10.603588485339397,1.0,3.939679839727334,-0.43155211957756673,3.9184501014463855
ossl_lucas_campaign,campaign2009,2009_b1,ORACLE,0.1,3,25,0.029522180557250977,293,0.8976109215017065,2.582554846935181,2.2238680731529765,4.080627662980191,1.0,1.1073444230243248,-0.4445968628415389,1.0159073364082372
ossl_lucas_campaign,campaign2009,2009_b10,ORACLE,0.1,3,25,0.029522180557250977,714,0.8977591036414566,2.9422848598199085,2.6733285892065037,4.892342855037142,1.0,1.5114031267484613,-0.38611153091243294,1.4622763240950742
ossl_lucas_campaign,campaign2009,2009_b11,ORACLE,0.1,3,25,0.029522180557250977,270,0.9074074074074074,14.763409410471189,8.311111124834866,28.769196414931518,1.0,10.538385760879997,-2.292272595406485,10.305162818804318
ossl_lucas_campaign,campaign2009,2009_b12,ORACLE,0.1,3,25,0.029522180557250977,769,0.9011703511053316,20.84012112135248,8.250749279387565,28.29661492170638,1.0,8.603084822645569,-2.2256039399630936,8.315628486457564
ossl_lucas_campaign,campaign2009,2009_b13,ORACLE,0.1,3,25,0.029522180557250977,427,0.9016393442622951,2.851768984844433,2.5876484163124376,3.7783801278873574,1.0,1.1708338022281604,-0.460525718644196,1.0777235115013315
ossl_lucas_campaign,campaign2009,2009_b14,ORACLE,0.1,3,25,0.029522180557250977,833,0.8943577430972389,11.952037785397096,7.639388669771444,17.653601865878308,1.0,6.427824991497614,-2.1817771638780714,6.0498529708614015
ossl_lucas_campaign,campaign2009,2009_b15,ORACLE,0.1,3,25,0.029522180557250977,740,0.904054054054054,2.202564468597578,1.9838935398935615,3.4952315403238376,1.0,0.9971417615788459,-0.26893323302177097,0.9608403590669206
ossl_lucas_campaign,campaign2009,2009_b16,ORACLE,0.1,3,25,0.029522180557250977,637,0.9010989010989011,2.722234512297698,2.299395159297898,6.980702533524434,1.0,2.2115794030193436,-0.5993390159314153,2.1304933211232897
ossl_lucas_campaign,campaign2009,2009_b17,ORACLE,0.1,3,25,0.029522180557250977,256,0.91015625,10.830457998074078,7.946180349855679,22.685519000066012,1.0,7.171568043606361,-3.0770097170024964,6.490605654032463
ossl_lucas_campaign,campaign2009,2009_b18,ORACLE,0.1,3,25,0.029522180557250977,1107,0.90063233965673,3.359118115563272,2.5612561054194547,5.326889452429776,1.0,1.6131845962609668,-0.4861284442874377,1.5388901706313756
ossl_lucas_campaign,campaign2009,2009_b19,ORACLE,0.1,3,25,0.029522180557250977,571,0.9106830122591943,2.96887118279557,2.630893157409088,4.264825221989076,1.0,1.2330913483251402,-0.34621398512373697,1.1845283579482797
ossl_lucas_campaign,campaign2009,2009_b2,ORACLE,0.1,3,25,0.029522180557250977,714,0.907563025210084,2.1777650259897596,2.0695810636591894,2.8696069424479607,1.0,0.7030069708877168,-0.10847469168312153,0.6950745954297306
ossl_lucas_campaign,campaign2009,2009_b20,ORACLE,0.1,3,25,0.029522180557250977,519,0.9036608863198459,4.010882115070263,3.146396005368903,7.236357258499285,1.0,2.496362880021428,-1.086415297074645,2.249729187780095
ossl_lucas_campaign,campaign2009,2009_b21,ORACLE,0.1,3,25,0.029522180557250977,60,0.9166666666666666,2.429838010000519,2.2479454505629777,3.5048835544824746,1.0,0.7707498220847238,-0.3140511492865763,0.7098057723416833
ossl_lucas_campaign,campaign2009,2009_b22,ORACLE,0.1,3,25,0.029522180557250977,832,0.9026442307692307,14.412328165897765,7.596177256200755,20.56532824431229,1.0,7.714482043309147,-2.5561167927243598,7.283079983743768
ossl_lucas_campaign,campaign2009,2009_b23,ORACLE,0.1,3,25,0.029522180557250977,876,0.9018264840182648,6.196536060175143,5.072992240872381,10.320555185742597,1.0,3.606537106209927,-0.8094087211471751,3.5165443200384865
ossl_lucas_campaign,campaign2009,2009_b24,ORACLE,0.1,3,25,0.029522180557250977,935,0.9016042780748663,3.1693396153205047,2.780669032922211,4.7399505058165365,1.0,1.4061737672607926,-0.6300867585459448,1.2577787273138858
ossl_lucas_campaign,campaign2009,2009_b26,ORACLE,0.1,3,25,0.029522180557250977,982,0.9022403258655805,3.394652832488552,2.6980286034813608,6.480647382942565,1.0,2.5524251023577182,0.16694200932592088,2.5482576230009544
ossl_lucas_campaign,campaign2009,2009_b27,ORACLE,0.1,3,25,0.029522180557250977,649,0.9029275808936826,2.8508616219089267,2.458120728654416,4.720589070278157,1.0,1.5591423334979355,-0.6659418503653804,1.410855525823695
ossl_lucas_campaign,campaign2009,2009_b28,ORACLE,0.1,3,25,0.029522180557250977,844,0.9028436018957346,2.8021519221946085,2.369234710398274,4.917120057051551,1.0,1.5841693103127406,-0.42576578375950563,1.5267867702096183
ossl_lucas_campaign,campaign2009,2009_b29,ORACLE,0.1,3,25,0.029522180557250977,389,0.9151670951156813,2.4991735792210092,2.137219068684165,4.352112442067664,1.0,1.2776546784031484,-0.5832299191623092,1.138233220954896
ossl_lucas_campaign,campaign2009,2009_b3,ORACLE,0.1,3,25,0.029522180557250977,913,0.9090909090909091,2.4742867405044486,2.186376485586772,4.579990550804917,1.0,1.445999943967283,-0.6609283900105896,1.2868190221860798
ossl_lucas_campaign,campaign2009,2009_b4,ORACLE,0.1,3,25,0.029522180557250977,759,0.9025032938076416,20.178532478271098,5.6956091168908936,28.0342239277707,1.0,10.783224056723528,0.270392271082192,10.7869418082561
ossl_lucas_campaign,campaign2009,2009_b5,ORACLE,0.1,3,25,0.029522180557250977,301,0.8970099667774086,2.598712654577182,2.3541807829950097,3.6798171955886536,1.0,1.04803634673782,-0.5592111575031884,0.8878524327230239
ossl_lucas_campaign,campaign2009,2009_b6,ORACLE,0.1,3,25,0.029522180557250977,886,0.90744920993228,15.119210965595752,6.539576152391342,23.61139957001505,1.0,8.046472662736475,-2.4143108362906704,7.680064985539726
ossl_lucas_campaign,campaign2009,2009_b7,ORACLE,0.1,3,25,0.029522180557250977,557,0.8976660682226212,4.589811869434917,4.149827980444323,9.49679725341473,1.0,2.8299367831236553,-1.1180633140242056,2.6020438420216587
ossl_lucas_campaign,campaign2009,2009_b9,ORACLE,0.1,3,25,0.029522180557250977,769,0.9037711313394018,3.5825997959128904,2.931341659427351,7.5069825679149655,1.0,2.546368204980877,-0.03096668427742501,2.547837033220338
ossl_lucas_campaign,campaign2009,2009_b0,ORACLE,0.2,3,25,0.028367042541503906,791,0.809102402022756,4.353705405394832,2.6669187999556243,8.538971871993814,1.0,3.939679839727334,-0.43155211957756673,3.9184501014463855
ossl_lucas_campaign,campaign2009,2009_b1,ORACLE,0.2,3,25,0.028367042541503906,293,0.7986348122866894,1.912106817021539,1.6534173228966664,3.170427342757868,1.0,1.1073444230243248,-0.4445968628415389,1.0159073364082372
ossl_lucas_campaign,campaign2009,2009_b10,ORACLE,0.2,3,25,0.028367042541503906,714,0.7927170868347339,2.1519763496436606,1.9464274972828597,3.929252042282005,1.0,1.5114031267484613,-0.38611153091243294,1.4622763240950742
ossl_lucas_campaign,campaign2009,2009_b11,ORACLE,0.2,3,25,0.028367042541503906,270,0.8,9.837008747558695,5.54087150888766,23.029122849958686,1.0,10.538385760879997,-2.292272595406485,10.305162818804318
ossl_lucas_campaign,campaign2009,2009_b12,ORACLE,0.2,3,25,0.028367042541503906,769,0.7958387516254877,14.964076434131501,5.932012376109658,23.28438583352589,1.0,8.603084822645569,-2.2256039399630936,8.315628486457564
ossl_lucas_campaign,campaign2009,2009_b13,ORACLE,0.2,3,25,0.028367042541503906,427,0.8079625292740047,2.164574285662448,1.952967709491825,3.2524775264239074,1.0,1.1708338022281604,-0.460525718644196,1.0777235115013315
ossl_lucas_campaign,campaign2009,2009_b14,ORACLE,0.2,3,25,0.028367042541503906,833,0.7995198079231692,9.068882871987167,5.824257625902543,15.301009523908943,1.0,6.427824991497614,-2.1817771638780714,6.0498529708614015
ossl_lucas_campaign,campaign2009,2009_b15,ORACLE,0.2,3,25,0.028367042541503906,740,0.8067567567567567,1.6265568956809582,1.462103796683908,2.8360208695674913,1.0,0.9971417615788459,-0.26893323302177097,0.9608403590669206
ossl_lucas_campaign,campaign2009,2009_b16,ORACLE,0.2,3,25,0.028367042541503906,637,0.8100470957613815,1.9391842122131,1.64624367471716,5.034346759276171,1.0,2.2115794030193436,-0.5993390159314153,2.1304933211232897
ossl_lucas_campaign,campaign2009,2009_b17,ORACLE,0.2,3,25,0.028367042541503906,256,0.7734375,6.335790351040734,4.5549261339096505,18.995076621703657,1.0,7.171568043606361,-3.0770097170024964,6.490605654032463
ossl_lucas_campaign,campaign2009,2009_b18,ORACLE,0.2,3,25,0.028367042541503906,1107,0.7967479674796748,2.457589525718396,1.874737467315067,4.350111487371311,1.0,1.6131845962609668,-0.4861284442874377,1.5388901706313756
ossl_lucas_campaign,campaign2009,2009_b19,ORACLE,0.2,3,25,0.028367042541503906,571,0.7950963222416813,2.062321226408118,1.815983378729372,3.5559177152188064,1.0,1.2330913483251402,-0.34621398512373697,1.1845283579482797
ossl_lucas_campaign,campaign2009,2009_b2,ORACLE,0.2,3,25,0.028367042541503906,714,0.8081232492997199,1.6589682327115027,1.5767615373893888,2.393942902904122,1.0,0.7030069708877168,-0.10847469168312153,0.6950745954297306
ossl_lucas_campaign,campaign2009,2009_b20,ORACLE,0.2,3,25,0.028367042541503906,519,0.7880539499036608,2.85684859162009,2.2406551097560015,6.181962034468125,1.0,2.496362880021428,-1.086415297074645,2.249729187780095
ossl_lucas_campaign,campaign2009,2009_b21,ORACLE,0.2,3,25,0.028367042541503906,60,0.75,1.281792577110234,1.1542523599766266,2.6522425625443593,1.0,0.7707498220847238,-0.3140511492865763,0.7098057723416833
ossl_lucas_campaign,campaign2009,2009_b22,ORACLE,0.2,3,25,0.028367042541503906,832,0.8004807692307693,10.880128188837615,5.696985523620409,17.725800297709977,1.0,7.714482043309147,-2.5561167927243598,7.283079983743768
ossl_lucas_campaign,campaign2009,2009_b23,ORACLE,0.2,3,25,0.028367042541503906,876,0.8047945205479452,4.398131158688309,3.604006595793579,8.650798571739516,1.0,3.606537106209927,-0.8094087211471751,3.5165443200384865
ossl_lucas_campaign,campaign2009,2009_b24,ORACLE,0.2,3,25,0.028367042541503906,935,0.7850267379679144,2.4789883231004888,2.180828438405345,4.007708532609716,1.0,1.4061737672607926,-0.6300867585459448,1.2577787273138858
ossl_lucas_campaign,campaign2009,2009_b26,ORACLE,0.2,3,25,0.028367042541503906,982,0.8034623217922607,2.729935157614633,2.175077454834696,4.89563164165089,1.0,2.5524251023577182,0.16694200932592088,2.5482576230009544
ossl_lucas_campaign,campaign2009,2009_b27,ORACLE,0.2,3,25,0.028367042541503906,649,0.7996918335901386,2.090368077456812,1.802762874191016,3.9208944944588096,1.0,1.5591423334979355,-0.6659418503653804,1.410855525823695
ossl_lucas_campaign,campaign2009,2009_b28,ORACLE,0.2,3,25,0.028367042541503906,844,0.7997630331753555,2.021483712092129,1.7087502010951348,3.8432475298668827,1.0,1.5841693103127406,-0.42576578375950563,1.5267867702096183
ossl_lucas_campaign,campaign2009,2009_b29,ORACLE,0.2,3,25,0.028367042541503906,389,0.7994858611825193,1.8125284845588918,1.5655489806030958,3.5005918735286974,1.0,1.2776546784031484,-0.5832299191623092,1.138233220954896
ossl_lucas_campaign,campaign2009,2009_b3,ORACLE,0.2,3,25,0.028367042541503906,913,0.8039430449069004,1.8795736343712826,1.6655676038320968,3.5707064626382437,1.0,1.445999943967283,-0.6609283900105896,1.2868190221860798
ossl_lucas_campaign,campaign2009,2009_b4,ORACLE,0.2,3,25,0.028367042541503906,759,0.8063241106719368,15.254895726711794,4.307332491057511,22.890366289724444,1.0,10.783224056723528,0.270392271082192,10.7869418082561
ossl_lucas_campaign,campaign2009,2009_b5,ORACLE,0.2,3,25,0.028367042541503906,301,0.813953488372093,2.0863637548695095,1.8910630155856485,3.1311896572308977,1.0,1.04803634673782,-0.5592111575031884,0.8878524327230239
ossl_lucas_campaign,campaign2009,2009_b6,ORACLE,0.2,3,25,0.028367042541503906,886,0.8047404063205418,11.002685673890399,4.743104225267652,19.12460420296482,1.0,8.046472662736475,-2.4143108362906704,7.680064985539726
ossl_lucas_campaign,campaign2009,2009_b7,ORACLE,0.2,3,25,0.028367042541503906,557,0.8043087971274686,3.4407310291625532,3.1015242562750016,7.174577105998378,1.0,2.8299367831236553,-1.1180633140242056,2.6020438420216587
ossl_lucas_campaign,campaign2009,2009_b9,ORACLE,0.2,3,25,0.028367042541503906,769,0.788036410923277,2.892787937524941,2.3862888765845938,5.524213288478023,1.0,2.546368204980877,-0.03096668427742501,2.547837033220338
ossl_lucas_campaign,campaign2015,2015_b0,ASTM-R,0.05,3,25,2.0912094116210938,759,0.9736495388669302,8.000720198252575,4.052402790148597,12.593815339050419,1.0,5.587635078334462,-0.10928540904522795,5.590250105706058
ossl_lucas_campaign,campaign2015,2015_b1,ASTM-R,0.05,3,25,2.0912094116210938,495,0.8424242424242424,3.942429231489253,3.0487461858600784,13.975198946234665,1.0,3.6786401682356202,-0.8955061908651761,3.5715868064171747
ossl_lucas_campaign,campaign2015,2015_b10,ASTM-R,0.05,3,25,2.0912094116210938,746,0.9410187667560321,3.3273650151498293,3.1063497053906106,7.2796892425656505,1.0,1.4812827253843897,-0.6912914656995124,1.3109608689771395
ossl_lucas_campaign,campaign2015,2015_b11,ASTM-R,0.05,3,25,2.0912094116210938,231,0.8225108225108225,16.524026708874747,5.995425086718427,67.43218587364869,1.0,16.352927800273463,-0.23417004662593152,16.386758729161258
ossl_lucas_campaign,campaign2015,2015_b12,ASTM-R,0.05,3,25,2.0912094116210938,544,0.8474264705882353,20.209846657138943,5.4612554633289765,49.20296835878415,1.0,14.739294081579544,2.513644176333618,14.536740798363398
ossl_lucas_campaign,campaign2015,2015_b13,ASTM-R,0.05,3,25,2.0912094116210938,570,0.8333333333333334,2.9735229575493785,2.7951700933179486,8.943660383536216,1.0,1.6185309930487748,-0.86683112192869,1.3680386570092116
ossl_lucas_campaign,campaign2015,2015_b14,ASTM-R,0.05,3,25,2.0912094116210938,779,0.8369704749679076,9.622954526928432,5.268201890337183,39.37170614754343,1.0,7.436832821096665,-1.877156946630634,7.200647403500929
ossl_lucas_campaign,campaign2015,2015_b15,ASTM-R,0.05,3,25,2.0912094116210938,1380,0.9043478260869565,3.5062019777019593,3.0473513234840715,7.475074796032986,1.0,1.7969731448891426,-0.8184402741531424,1.6003511764522955
ossl_lucas_campaign,campaign2015,2015_b16,ASTM-R,0.05,3,25,2.0912094116210938,689,0.9274310595065312,3.5756448216942665,3.084788666915415,10.101467051661535,1.0,2.031713137575887,-0.868203555162873,1.8382015796690545
ossl_lucas_campaign,campaign2015,2015_b17,ASTM-R,0.05,3,25,2.0912094116210938,279,0.7311827956989247,7.560521145581565,5.168158958301736,70.44325313345847,1.0,8.362491324869579,-3.5189378174445225,7.59969382309669
ossl_lucas_campaign,campaign2015,2015_b18,ASTM-R,0.05,3,25,2.0912094116210938,1543,0.9021386908619572,3.8789660443991028,3.2943417136264608,10.769850614773382,1.0,2.1049955631880577,-0.6650757208872082,1.9978156320161555
ossl_lucas_campaign,campaign2015,2015_b19,ASTM-R,0.05,3,25,2.0912094116210938,645,0.9224806201550387,3.1821030209896835,2.8381436858386095,4.634914571328862,1.0,1.0460505391134314,-0.09268896231874167,1.0427445747972024
ossl_lucas_campaign,campaign2015,2015_b2,ASTM-R,0.05,3,25,2.0912094116210938,1055,0.8654028436018958,2.984045754278515,2.7050367215780344,10.805961620131537,1.0,1.822761351691537,-0.65445058087298,1.7020279840501378
ossl_lucas_campaign,campaign2015,2015_b20,ASTM-R,0.05,3,25,2.0912094116210938,807,0.7410161090458488,5.299665285249026,4.185114832843104,36.432743344546,1.0,5.024448518944666,-2.873686439559602,4.124085942408525
ossl_lucas_campaign,campaign2015,2015_b21,ASTM-R,0.05,3,25,2.0912094116210938,775,0.9716129032258064,2.96803402297547,2.7438805791914307,3.4401364133041423,1.0,0.8979380588469682,-0.5476804664105559,0.7120344435610516
ossl_lucas_campaign,campaign2015,2015_b22,ASTM-R,0.05,3,25,2.0912094116210938,564,0.8475177304964538,13.096146694887508,5.658012805175101,29.37793241893294,1.0,8.796790917207897,-1.171327803222896,8.726198095514457
ossl_lucas_campaign,campaign2015,2015_b23,ASTM-R,0.05,3,25,2.0912094116210938,818,0.8508557457212714,5.537793168021245,3.9558925116713564,20.615132487217725,1.0,3.882780128626792,-1.0463371144270956,3.7414265960162045
ossl_lucas_campaign,campaign2015,2015_b24,ASTM-R,0.05,3,25,2.0912094116210938,1169,0.8716852010265184,5.342529334554936,4.346027291908527,18.95215823630581,1.0,3.3517151937456475,-1.4150038167195136,3.0396813717650635
ossl_lucas_campaign,campaign2015,2015_b25,ASTM-R,0.05,3,25,2.0912094116210938,76,0.9078947368421053,3.0927626369431875,3.0062270966795523,4.145030143595023,1.0,0.8090254887376963,0.21249059062532294,0.7858084521862029
ossl_lucas_campaign,campaign2015,2015_b26,ASTM-R,0.05,3,25,2.0912094116210938,873,0.9667812142038946,3.874247020232734,3.0313276513970138,10.8840842800218,1.0,2.829154395320543,-0.27656720166009013,2.81721786321224
ossl_lucas_campaign,campaign2015,2015_b27,ASTM-R,0.05,3,25,2.0912094116210938,662,0.9003021148036254,4.412989156223483,3.522343592245795,15.242775649756714,1.0,2.961763134642857,-1.4208727591753507,2.6006495440796518
ossl_lucas_campaign,campaign2015,2015_b28,ASTM-R,0.05,3,25,2.0912094116210938,791,0.9721871049304678,4.167795540638038,3.467537796119357,8.402713547334562,1.0,4.078844308559447,-0.2992410360082923,4.07042648924068
ossl_lucas_campaign,campaign2015,2015_b29,ASTM-R,0.05,3,25,2.0912094116210938,711,0.869198312236287,4.010420174708526,3.2518490476971342,13.363966099695151,1.0,2.895145855130485,-1.3800224683399023,2.5468668238689625
ossl_lucas_campaign,campaign2015,2015_b3,ASTM-R,0.05,3,25,2.0912094116210938,1000,0.947,3.3332006011549726,2.927086126945686,7.880076981492004,1.0,1.7058569261167036,-0.7940787313771516,1.5105192780113814
ossl_lucas_campaign,campaign2015,2015_b4,ASTM-R,0.05,3,25,2.0912094116210938,729,0.8600823045267489,14.098213432169123,3.853828890571817,32.41256172551468,1.0,10.106217943648197,1.1791094288664952,10.044089233881538
ossl_lucas_campaign,campaign2015,2015_b5,ASTM-R,0.05,3,25,2.0912094116210938,409,0.8484107579462102,3.042762315529477,2.7232759781818205,11.419272792554356,1.0,1.8586419312305578,-0.9784026448415115,1.5822132829475084
ossl_lucas_campaign,campaign2015,2015_b6,ASTM-R,0.05,3,25,2.0912094116210938,731,0.8153214774281806,16.050715467602966,5.323603459275271,53.53054266992576,1.0,11.372136573163045,-1.4350606049198709,11.288951608109933
ossl_lucas_campaign,campaign2015,2015_b7,ASTM-R,0.05,3,25,2.0912094116210938,428,0.9135514018691588,4.56669468388471,3.8947934336515413,19.129377157445425,1.0,3.921617471926034,-1.4530487711229985,3.6467526429380777
ossl_lucas_campaign,campaign2015,2015_b8,ASTM-R,0.05,3,25,2.0912094116210938,840,0.9547619047619048,3.2210402289301663,2.9052515702019552,7.815594432739423,1.0,1.7013216986649229,-0.9300435592673291,1.4254590378641159
ossl_lucas_campaign,campaign2015,2015_b9,ASTM-R,0.05,3,25,2.0912094116210938,684,0.9283625730994152,4.291257252044517,3.363585584783818,13.006875200447105,1.0,2.718948005250529,-0.48112327753272055,2.677999918701279
ossl_lucas_campaign,campaign2015,2015_b0,ASTM-R,0.1,3,25,0.0006175041198730469,759,0.9446640316205533,6.596319331707814,3.3411507534565774,10.339055486237328,1.0,5.587635078334462,-0.10928540904522795,5.590250105706058
ossl_lucas_campaign,campaign2015,2015_b1,ASTM-R,0.1,3,25,0.0006175041198730469,495,0.7797979797979798,3.2503634508858554,2.5136291695371336,10.584683850402493,1.0,3.6786401682356202,-0.8955061908651761,3.5715868064171747
ossl_lucas_campaign,campaign2015,2015_b10,ASTM-R,0.1,3,25,0.0006175041198730469,746,0.9155495978552279,2.743348433651085,2.561101635005363,5.472167991977563,1.0,1.4812827253843897,-0.6912914656995124,1.3109608689771395
ossl_lucas_campaign,campaign2015,2015_b11,ASTM-R,0.1,3,25,0.0006175041198730469,231,0.7272727272727273,13.622522387494605,4.94314356867196,47.17063171946051,1.0,16.352927800273463,-0.23417004662593152,16.386758729161258
ossl_lucas_campaign,campaign2015,2015_b12,ASTM-R,0.1,3,25,0.0006175041198730469,544,0.7647058823529411,16.661662749859964,4.502732197837446,39.09280649664058,1.0,14.739294081579544,2.513644176333618,14.536740798363398
ossl_lucas_campaign,campaign2015,2015_b13,ASTM-R,0.1,3,25,0.0006175041198730469,570,0.7543859649122807,2.451522397086219,2.3044858283329095,6.959366937782986,1.0,1.6185309930487748,-0.86683112192869,1.3680386570092116
ossl_lucas_campaign,campaign2015,2015_b14,ASTM-R,0.1,3,25,0.0006175041198730469,779,0.7715019255455713,7.933781371908756,4.343590766293904,27.79722510110542,1.0,7.436832821096665,-1.877156946630634,7.200647403500929
ossl_lucas_campaign,campaign2015,2015_b15,ASTM-R,0.1,3,25,0.0006175041198730469,1380,0.8427536231884057,2.890742529621417,2.512464476361979,6.204348963223177,1.0,1.7969731448891426,-0.8184402741531424,1.6003511764522955
ossl_lucas_campaign,campaign2015,2015_b16,ASTM-R,0.1,3,25,0.0006175041198730469,689,0.8766328011611031,2.9480576680064705,2.543394971313474,7.317254589494039,1.0,2.031713137575887,-0.868203555162873,1.8382015796690545
ossl_lucas_campaign,campaign2015,2015_b17,ASTM-R,0.1,3,25,0.0006175041198730469,279,0.6415770609318996,6.233424552460805,4.261069415653293,43.91107150952935,1.0,8.362491324869579,-3.5189378174445225,7.59969382309669
ossl_lucas_campaign,campaign2015,2015_b18,ASTM-R,0.1,3,25,0.0006175041198730469,1543,0.8554763447828905,3.198046564682945,2.71597646351695,7.91361782792053,1.0,2.1049955631880577,-0.6650757208872082,1.9978156320161555
ossl_lucas_campaign,campaign2015,2015_b19,ASTM-R,0.1,3,25,0.0006175041198730469,645,0.875968992248062,2.623510065719355,2.3399556634012146,3.862108634056315,1.0,1.0460505391134314,-0.09268896231874167,1.0427445747972024
ossl_lucas_campaign,campaign2015,2015_b2,ASTM-R,0.1,3,25,0.0006175041198730469,1055,0.8,2.460191550681744,2.230244600086282,7.727924890193242,1.0,1.822761351691537,-0.65445058087298,1.7020279840501378
ossl_lucas_campaign,campaign2015,2015_b20,ASTM-R,0.1,3,25,0.0006175041198730469,807,0.6629491945477075,4.369441185558254,3.4505808226337287,25.032343162046608,1.0,5.024448518944666,-2.873686439559602,4.124085942408525
ossl_lucas_campaign,campaign2015,2015_b21,ASTM-R,0.1,3,25,0.0006175041198730469,775,0.9341935483870968,2.447064982886193,2.2623041216719484,3.010344903913384,1.0,0.8979380588469682,-0.5476804664105559,0.7120344435610516
ossl_lucas_campaign,campaign2015,2015_b22,ASTM-R,0.1,3,25,0.0006175041198730469,564,0.7677304964539007,10.79710801977,4.6648968178972385,23.98289729420207,1.0,8.796790917207897,-1.171327803222896,8.726198095514457
ossl_lucas_campaign,campaign2015,2015_b23,ASTM-R,0.1,3,25,0.0006175041198730469,818,0.7762836185819071,4.565760523778926,3.2615662857186916,14.720296465669076,1.0,3.882780128626792,-1.0463371144270956,3.7414265960162045
ossl_lucas_campaign,campaign2015,2015_b24,ASTM-R,0.1,3,25,0.0006175041198730469,1169,0.804961505560308,4.404743220730894,3.5832961892014206,13.489356191230685,1.0,3.3517151937456475,-1.4150038167195136,3.0396813717650635
ossl_lucas_campaign,campaign2015,2015_b25,ASTM-R,0.1,3,25,0.0006175041198730469,76,0.8421052631578947,2.549736041807522,2.4784829104064325,3.6550273557381177,1.0,0.8090254887376963,0.21249059062532294,0.7858084521862029
ossl_lucas_campaign,campaign2015,2015_b26,ASTM-R,0.1,3,25,0.0006175041198730469,873,0.9530355097365406,3.1942147474919715,2.499271418002846,7.450340354738153,1.0,2.829154395320543,-0.27656720166009013,2.81721786321224
ossl_lucas_campaign,campaign2015,2015_b27,ASTM-R,0.1,3,25,0.0006175041198730469,662,0.8625377643504532,3.6384332885739714,2.9041193910379235,10.837452193623916,1.0,2.961763134642857,-1.4208727591753507,2.6006495440796518
ossl_lucas_campaign,campaign2015,2015_b28,ASTM-R,0.1,3,25,0.0006175041198730469,791,0.9494310998735778,3.4362334599984456,2.858960373714772,6.121922015693883,1.0,4.078844308559447,-0.2992410360082923,4.07042648924068
ossl_lucas_campaign,campaign2015,2015_b29,ASTM-R,0.1,3,25,0.0006175041198730469,711,0.790436005625879,3.3064436459059174,2.6810922899279888,10.235389370755444,1.0,2.895145855130485,-1.3800224683399023,2.5468668238689625
ossl_lucas_campaign,campaign2015,2015_b3,ASTM-R,0.1,3,25,0.0006175041198730469,1000,0.908,2.748157186342122,2.413351633977045,5.789483514063025,1.0,1.7058569261167036,-0.7940787313771516,1.5105192780113814
ossl_lucas_campaign,campaign2015,2015_b4,ASTM-R,0.1,3,25,0.0006175041198730469,729,0.8024691358024691,11.622783210456452,3.1774705291489567,25.52884141879167,1.0,10.106217943648197,1.1791094288664952,10.044089233881538
ossl_lucas_campaign,campaign2015,2015_b5,ASTM-R,0.1,3,25,0.0006175041198730469,409,0.7750611246943765,2.508618754476997,2.245254055550225,8.322676217919568,1.0,1.8586419312305578,-0.9784026448415115,1.5822132829475084
ossl_lucas_campaign,campaign2015,2015_b6,ASTM-R,0.1,3,25,0.0006175041198730469,731,0.7264021887824897,13.232950421719908,4.389204212738626,39.002618966067516,1.0,11.372136573163045,-1.4350606049198709,11.288951608109933
ossl_lucas_campaign,campaign2015,2015_b7,ASTM-R,0.1,3,25,0.0006175041198730469,428,0.8598130841121495,3.765132367434429,3.211151466829895,12.696228213439426,1.0,3.921617471926034,-1.4530487711229985,3.6467526429380777
ossl_lucas_campaign,campaign2015,2015_b8,ASTM-R,0.1,3,25,0.0006175041198730469,840,0.9178571428571428,2.6556707053192072,2.395352259558908,5.538964197253106,1.0,1.7013216986649229,-0.9300435592673291,1.4254590378641159
ossl_lucas_campaign,campaign2015,2015_b9,ASTM-R,0.1,3,25,0.0006175041198730469,684,0.8947368421052632,3.538061494491256,2.7732234077072904,9.118994528804036,1.0,2.718948005250529,-0.48112327753272055,2.677999918701279
ossl_lucas_campaign,campaign2015,2015_b0,ASTM-R,0.2,3,25,0.0006561279296875,759,0.8972332015810277,5.054158167025626,2.560080049003531,8.309624141597377,1.0,5.587635078334462,-0.10928540904522795,5.590250105706058
ossl_lucas_campaign,campaign2015,2015_b1,ASTM-R,0.2,3,25,0.0006561279296875,495,0.6909090909090909,2.490432341668245,1.925995793194703,7.721327507780261,1.0,3.6786401682356202,-0.8955061908651761,3.5715868064171747
ossl_lucas_campaign,campaign2015,2015_b10,ASTM-R,0.2,3,25,0.0006561279296875,746,0.824396782841823,2.1020142457739235,1.962355326005346,4.099603265734036,1.0,1.4812827253843897,-0.6912914656995124,1.3109608689771395
ossl_lucas_campaign,campaign2015,2015_b11,ASTM-R,0.2,3,25,0.0006561279296875,231,0.5714285714285714,10.436991550440187,3.787568420982206,33.56562290550829,1.0,16.352927800273463,-0.23417004662593152,16.386758729161258
ossl_lucas_campaign,campaign2015,2015_b12,ASTM-R,0.2,3,25,0.0006561279296875,544,0.6231617647058824,12.76583175097842,3.4501163644219943,30.52135462229991,1.0,14.739294081579544,2.513644176333618,14.536740798363398
ossl_lucas_campaign,campaign2015,2015_b13,ASTM-R,0.2,3,25,0.0006561279296875,570,0.6578947368421053,1.878345250462833,1.7656912235957005,5.254706289265763,1.0,1.6185309930487748,-0.86683112192869,1.3680386570092116
ossl_lucas_campaign,campaign2015,2015_b14,ASTM-R,0.2,3,25,0.0006561279296875,779,0.675224646983312,6.078922852343696,3.3281986856955497,19.61603861107044,1.0,7.436832821096665,-1.877156946630634,7.200647403500929
ossl_lucas_campaign,campaign2015,2015_b15,ASTM-R,0.2,3,25,0.0006561279296875,1380,0.7376811594202899,2.2149119523910556,1.9250927272489609,4.98768059980671,1.0,1.7969731448891426,-0.8184402741531424,1.6003511764522955
ossl_lucas_campaign,campaign2015,2015_b16,ASTM-R,0.2,3,25,0.0006561279296875,689,0.795355587808418,2.2588723027976245,1.9488389649903994,5.363092553743479,1.0,2.031713137575887,-0.868203555162873,1.8382015796690545
ossl_lucas_campaign,campaign2015,2015_b17,ASTM-R,0.2,3,25,0.0006561279296875,279,0.5197132616487455,4.776129864994916,3.2649414706252173,27.948814357471885,1.0,8.362491324869579,-3.5189378174445225,7.59969382309669
ossl_lucas_campaign,campaign2015,2015_b18,ASTM-R,0.2,3,25,0.0006561279296875,1543,0.7602073882047958,2.450351286784139,2.0809359278074573,5.871339825197207,1.0,2.1049955631880577,-0.6650757208872082,1.9978156320161555
ossl_lucas_campaign,campaign2015,2015_b19,ASTM-R,0.2,3,25,0.0006561279296875,645,0.7705426356589147,2.0101386393998197,1.7928972936912917,3.1945888528382014,1.0,1.0460505391134314,-0.09268896231874167,1.0427445747972024
ossl_lucas_campaign,campaign2015,2015_b2,ASTM-R,0.2,3,25,0.0006561279296875,1055,0.6947867298578199,1.8849828639143331,1.708858284559506,5.515426593554207,1.0,1.822761351691537,-0.65445058087298,1.7020279840501378
ossl_lucas_campaign,campaign2015,2015_b20,ASTM-R,0.2,3,25,0.0006561279296875,807,0.5390334572490706,3.347940039615273,2.6439361784755206,17.159179825676773,1.0,5.024448518944666,-2.873686439559602,4.124085942408525
ossl_lucas_campaign,campaign2015,2015_b21,ASTM-R,0.2,3,25,0.0006561279296875,775,0.8554838709677419,1.8749793516643765,1.7334473539334279,2.5602495283194355,1.0,0.8979380588469682,-0.5476804664105559,0.7120344435610516
ossl_lucas_campaign,campaign2015,2015_b22,ASTM-R,0.2,3,25,0.0006561279296875,564,0.6347517730496454,8.272682858233518,3.5743283106345283,19.405796786791118,1.0,8.796790917207897,-1.171327803222896,8.726198095514457
ossl_lucas_campaign,campaign2015,2015_b23,ASTM-R,0.2,3,25,0.0006561279296875,818,0.6577017114914425,3.49835515977843,2.4990907846965857,10.57728918610965,1.0,3.882780128626792,-1.0463371144270956,3.7414265960162045
ossl_lucas_campaign,campaign2015,2015_b24,ASTM-R,0.2,3,25,0.0006561279296875,1169,0.7082976903336184,3.3749612237726665,2.745659164119571,9.707774143892777,1.0,3.3517151937456475,-1.4150038167195136,3.0396813717650635
ossl_lucas_campaign,campaign2015,2015_b25,ASTM-R,0.2,3,25,0.0006561279296875,76,0.7631578947368421,1.953528090219414,1.8990004760734887,2.985113280907451,1.0,0.8090254887376963,0.21249059062532294,0.7858084521862029
ossl_lucas_campaign,campaign2015,2015_b26,ASTM-R,0.2,3,25,0.0006561279296875,873,0.9014891179839634,2.4474580934332426,1.9149971066527414,5.072061428858792,1.0,2.829154395320543,-0.27656720166009013,2.81721786321224
ossl_lucas_campaign,campaign2015,2015_b27,ASTM-R,0.2,3,25,0.0006561279296875,662,0.7643504531722054,2.7878543379483753,2.2252113183678963,7.757027667554426,1.0,2.961763134642857,-1.4208727591753507,2.6006495440796518
ossl_lucas_campaign,campaign2015,2015_b28,ASTM-R,0.2,3,25,0.0006561279296875,791,0.877370417193426,2.6328935338451593,2.1906293281934865,4.552136676028156,1.0,4.078844308559447,-0.2992410360082923,4.07042648924068
ossl_lucas_campaign,campaign2015,2015_b29,ASTM-R,0.2,3,25,0.0006561279296875,711,0.679324894514768,2.5334189361339705,2.054316076838544,7.840047139397442,1.0,2.895145855130485,-1.3800224683399023,2.5468668238689625
ossl_lucas_campaign,campaign2015,2015_b3,ASTM-R,0.2,3,25,0.0006561279296875,1000,0.801,2.1056969474067255,1.8491818909162787,4.360615866853138,1.0,1.7058569261167036,-0.7940787313771516,1.5105192780113814
ossl_lucas_campaign,campaign2015,2015_b4,ASTM-R,0.2,3,25,0.0006561279296875,729,0.7270233196159122,8.904963191257695,2.4346938126803943,19.926569941882075,1.0,10.106217943648197,1.1791094288664952,10.044089233881538
ossl_lucas_campaign,campaign2015,2015_b5,ASTM-R,0.2,3,25,0.0006561279296875,409,0.6430317848410758,1.922100864340798,1.720338175604932,6.059477099606923,1.0,1.8586419312305578,-0.9784026448415115,1.5822132829475084
ossl_lucas_campaign,campaign2015,2015_b6,ASTM-R,0.2,3,25,0.0006561279296875,731,0.5978112175102599,10.138975463477527,3.3631021410523916,28.810941694555055,1.0,11.372136573163045,-1.4350606049198709,11.288951608109933
ossl_lucas_campaign,campaign2015,2015_b7,ASTM-R,0.2,3,25,0.0006561279296875,428,0.7453271028037384,2.8849135031698223,2.4604329045407294,8.670286922329014,1.0,3.921617471926034,-1.4530487711229985,3.6467526429380777
ossl_lucas_campaign,campaign2015,2015_b8,ASTM-R,0.2,3,25,0.0006561279296875,840,0.7976190476190477,2.0348227389681437,1.8354027500923937,4.133176101901924,1.0,1.7013216986649229,-0.9300435592673291,1.4254590378641159
ossl_lucas_campaign,campaign2015,2015_b9,ASTM-R,0.2,3,25,0.0006561279296875,684,0.8216374269005848,2.7109427567042035,2.124913696175079,6.387728550094981,1.0,2.718948005250529,-0.48112327753272055,2.677999918701279
ossl_lucas_campaign,campaign2015,2015_b0,ASTM-G,0.05,3,25,0.000682830810546875,759,0.9736495388669302,8.350326008078067,4.2294517174563415,12.501812956779956,1.0,5.587635078334462,-0.10928540904522795,5.590250105706058
ossl_lucas_campaign,campaign2015,2015_b1,ASTM-G,0.05,3,25,0.000682830810546875,495,0.8565656565656565,4.1147122190333185,3.1819523444949778,13.192730488074025,1.0,3.6786401682356202,-0.8955061908651761,3.5715868064171747
ossl_lucas_campaign,campaign2015,2015_b10,ASTM-G,0.05,3,25,0.000682830810546875,746,0.9504021447721179,3.4727433737070696,3.2420795496866823,7.129976560435888,1.0,1.4812827253843897,-0.6912914656995124,1.3109608689771395
ossl_lucas_campaign,campaign2015,2015_b11,ASTM-G,0.05,3,25,0.000682830810546875,231,0.8484848484848485,17.246399423369628,6.257365243337753,64.75007308630073,1.0,16.352927800273463,-0.23417004662593152,16.386758729161258
ossl_lucas_campaign,campaign2015,2015_b12,ASTM-G,0.05,3,25,0.000682830810546875,544,0.8547794117647058,21.09317443233166,5.699856416501978,46.89502219126827,1.0,14.739294081579544,2.513644176333618,14.536740798363398
ossl_lucas_campaign,campaign2015,2015_b13,ASTM-G,0.05,3,25,0.000682830810546875,570,0.8403508771929824,3.103471572240486,2.917322147089889,8.49330883648381,1.0,1.6185309930487748,-0.86683112192869,1.3680386570092116
ossl_lucas_campaign,campaign2015,2015_b14,ASTM-G,0.05,3,25,0.000682830810546875,779,0.8510911424903723,10.04345164193839,5.4983587621073795,37.686683680263,1.0,7.436832821096665,-1.877156946630634,7.200647403500929
ossl_lucas_campaign,campaign2015,2015_b15,ASTM-G,0.05,3,25,0.000682830810546875,1380,0.9188405797101449,3.659411998796465,3.180501455705074,7.1377881126737135,1.0,1.7969731448891426,-0.8184402741531424,1.6003511764522955
ossl_lucas_campaign,campaign2015,2015_b16,ASTM-G,0.05,3,25,0.000682830810546875,689,0.9346879535558781,3.7318685033767607,3.2195529857124674,9.828406139448758,1.0,2.031713137575887,-0.868203555162873,1.8382015796690545
ossl_lucas_campaign,campaign2015,2015_b17,ASTM-G,0.05,3,25,0.000682830810546875,279,0.7383512544802867,7.8908801805632995,5.393957489712417,68.0379355617287,1.0,8.362491324869579,-3.5189378174445225,7.59969382309669
ossl_lucas_campaign,campaign2015,2015_b18,ASTM-G,0.05,3,25,0.000682830810546875,1543,0.9125081011017498,4.0484737693313,3.4383258438540265,10.431293544330577,1.0,2.1049955631880577,-0.6650757208872082,1.9978156320161555
ossl_lucas_campaign,campaign2015,2015_b19,ASTM-G,0.05,3,25,0.000682830810546875,645,0.9286821705426357,3.3211590078685655,2.962160266427108,4.5961742048400565,1.0,1.0460505391134314,-0.09268896231874167,1.0427445747972024
ossl_lucas_campaign,campaign2015,2015_b2,ASTM-G,0.05,3,25,0.000682830810546875,1055,0.8796208530805687,3.1144563664030596,2.8232265323600907,10.389051577623896,1.0,1.822761351691537,-0.65445058087298,1.7020279840501378
ossl_lucas_campaign,campaign2015,2015_b20,ASTM-G,0.05,3,25,0.000682830810546875,807,0.7608426270136307,5.531227228101198,4.367958306710348,34.388265031152514,1.0,5.024448518944666,-2.873686439559602,4.124085942408525
ossl_lucas_campaign,campaign2015,2015_b21,ASTM-G,0.05,3,25,0.000682830810546875,775,0.9767741935483871,3.0977199552779453,2.863756302564698,3.489745773828588,1.0,0.8979380588469682,-0.5476804664105559,0.7120344435610516
ossl_lucas_campaign,campaign2015,2015_b22,ASTM-G,0.05,3,25,0.000682830810546875,564,0.8670212765957447,13.668478663789115,5.905229896740902,27.909027356282717,1.0,8.796790917207897,-1.171327803222896,8.726198095514457
ossl_lucas_campaign,campaign2015,2015_b23,ASTM-G,0.05,3,25,0.000682830810546875,818,0.8618581907090465,5.779763532572631,4.128729300457236,19.798005253791942,1.0,3.882780128626792,-1.0463371144270956,3.7414265960162045
ossl_lucas_campaign,campaign2015,2015_b24,ASTM-G,0.05,3,25,0.000682830810546875,1169,0.8810949529512404,5.575977017134515,4.535885829449248,18.262432203874127,1.0,3.3517151937456475,-1.4150038167195136,3.0396813717650635
ossl_lucas_campaign,campaign2015,2015_b25,ASTM-G,0.05,3,25,0.000682830810546875,76,0.9078947368421053,3.227953647136221,3.1376057504702297,4.120234394925352,1.0,0.8090254887376963,0.21249059062532294,0.7858084521862029
ossl_lucas_campaign,campaign2015,2015_b26,ASTM-G,0.05,3,25,0.000682830810546875,873,0.9690721649484536,4.0435287907928315,3.163771591324653,10.722116164802042,1.0,2.829154395320543,-0.27656720166009013,2.81721786321224
ossl_lucas_campaign,campaign2015,2015_b27,ASTM-G,0.05,3,25,0.000682830810546875,662,0.9078549848942599,4.605797421165272,3.676235913475985,14.635132443407175,1.0,2.961763134642857,-1.4208727591753507,2.6006495440796518
ossl_lucas_campaign,campaign2015,2015_b28,ASTM-G,0.05,3,25,0.000682830810546875,791,0.9747155499367889,4.349905100905056,3.6190263946148153,8.354405186584845,1.0,4.078844308559447,-0.2992410360082923,4.07042648924068
ossl_lucas_campaign,campaign2015,2015_b29,ASTM-G,0.05,3,25,0.000682830810546875,711,0.890295358649789,4.185666101346403,3.3939261978560897,12.717977209794265,1.0,2.895145855130485,-1.3800224683399023,2.5468668238689625
ossl_lucas_campaign,campaign2015,2015_b3,ASTM-G,0.05,3,25,0.000682830810546875,1000,0.952,3.4788347911393567,3.0549670688487676,7.745971408959102,1.0,1.7058569261167036,-0.7940787313771516,1.5105192780113814
ossl_lucas_campaign,campaign2015,2015_b4,ASTM-G,0.05,3,25,0.000682830810546875,729,0.8806584362139918,14.714498437689914,4.022188312782026,31.207870007330694,1.0,10.106217943648197,1.1791094288664952,10.044089233881538
ossl_lucas_campaign,campaign2015,2015_b5,ASTM-G,0.05,3,25,0.000682830810546875,409,0.863080684596577,3.175732807971351,2.842272243260367,10.872656303547375,1.0,1.8586419312305578,-0.9784026448415115,1.5822132829475084
ossl_lucas_campaign,campaign2015,2015_b6,ASTM-G,0.05,3,25,0.000682830810546875,731,0.8331053351573188,16.75218556127158,5.556202422918952,51.43942040907854,1.0,11.372136573163045,-1.4350606049198709,11.288951608109933
ossl_lucas_campaign,campaign2015,2015_b7,ASTM-G,0.05,3,25,0.000682830810546875,428,0.9228971962616822,4.7662280640055625,4.064974053281419,18.65724988979283,1.0,3.921617471926034,-1.4530487711229985,3.6467526429380777
ossl_lucas_campaign,campaign2015,2015_b8,ASTM-G,0.05,3,25,0.000682830810546875,840,0.9547619047619048,3.3617781021601862,3.0321779553767367,7.716820484734115,1.0,1.7013216986649229,-0.9300435592673291,1.4254590378641159
ossl_lucas_campaign,campaign2015,2015_b9,ASTM-G,0.05,3,25,0.000682830810546875,684,0.9385964912280702,4.478748912636548,3.5105425198356635,12.703307995092889,1.0,2.718948005250529,-0.48112327753272055,2.677999918701279
ossl_lucas_campaign,campaign2015,2015_b0,ASTM-G,0.1,3,25,0.0006539821624755859,759,0.9525691699604744,6.875121099050855,3.4823521951027967,10.232107595834218,1.0,5.587635078334462,-0.10928540904522795,5.590250105706058
ossl_lucas_campaign,campaign2015,2015_b1,ASTM-G,0.1,3,25,0.0006539821624755859,495,0.7898989898989899,3.387750917736098,2.619862487143874,10.237414138200132,1.0,3.6786401682356202,-0.8955061908651761,3.5715868064171747
ossl_lucas_campaign,campaign2015,2015_b10,ASTM-G,0.1,3,25,0.0006539821624755859,746,0.920911528150134,2.859289626510165,2.669345316714023,5.417514979076972,1.0,1.4812827253843897,-0.6912914656995124,1.3109608689771395
ossl_lucas_campaign,campaign2015,2015_b11,ASTM-G,0.1,3,25,0.0006539821624755859,231,0.7402597402597403,14.198487092110094,5.152047841061491,45.966650508043,1.0,16.352927800273463,-0.23417004662593152,16.386758729161258
ossl_lucas_campaign,campaign2015,2015_b12,ASTM-G,0.1,3,25,0.0006539821624755859,544,0.7830882352941176,17.366019724618194,4.6930232776852545,37.921437447674705,1.0,14.739294081579544,2.513644176333618,14.536740798363398
ossl_lucas_campaign,campaign2015,2015_b13,ASTM-G,0.1,3,25,0.0006539821624755859,570,0.7719298245614035,2.5551480194220986,2.40189494237639,6.7173970887659635,1.0,1.6185309930487748,-0.86683112192869,1.3680386570092116
ossl_lucas_campaign,campaign2015,2015_b14,ASTM-G,0.1,3,25,0.0006539821624755859,779,0.785622593068036,8.269115525962626,4.527150673882618,27.023180637442845,1.0,7.436832821096665,-1.877156946630634,7.200647403500929
ossl_lucas_campaign,campaign2015,2015_b15,ASTM-G,0.1,3,25,0.0006539821624755859,1380,0.8536231884057971,3.0129235550347877,2.6186514635751705,6.0109627156763805,1.0,1.7969731448891426,-0.8184402741531424,1.6003511764522955
ossl_lucas_campaign,campaign2015,2015_b16,ASTM-G,0.1,3,25,0.0006539821624755859,689,0.8867924528301887,3.0726489739595473,2.650876506952508,7.172548968178581,1.0,2.031713137575887,-0.868203555162873,1.8382015796690545
ossl_lucas_campaign,campaign2015,2015_b17,ASTM-G,0.1,3,25,0.0006539821624755859,279,0.6594982078853047,6.496881356024544,4.441149227741194,42.797469393451806,1.0,8.362491324869579,-3.5189378174445225,7.59969382309669
ossl_lucas_campaign,campaign2015,2015_b18,ASTM-G,0.1,3,25,0.0006539821624755859,1543,0.863253402462735,3.333221541845935,2.830789441358926,7.759992563935315,1.0,2.1049955631880577,-0.6650757208872082,1.9978156320161555
ossl_lucas_campaign,campaign2015,2015_b19,ASTM-G,0.1,3,25,0.0006539821624755859,645,0.8976744186046511,2.734400908890803,2.438856142455051,3.8423380293748814,1.0,1.0460505391134314,-0.09268896231874167,1.0427445747972024
ossl_lucas_campaign,campaign2015,2015_b2,ASTM-G,0.1,3,25,0.0006539821624755859,1055,0.8161137440758294,2.5641848772807783,2.324501871639723,7.5295726239604,1.0,1.822761351691537,-0.65445058087298,1.7020279840501378
ossl_lucas_campaign,campaign2015,2015_b20,ASTM-G,0.1,3,25,0.0006539821624755859,807,0.6864931846344485,4.55411147113136,3.5964047913840727,24.11822186690454,1.0,5.024448518944666,-2.873686439559602,4.124085942408525
ossl_lucas_campaign,campaign2015,2015_b21,ASTM-G,0.1,3,25,0.0006539821624755859,775,0.944516129032258,2.5504887844111273,2.3579097002388973,3.0209171947759716,1.0,0.8979380588469682,-0.5476804664105559,0.7120344435610516
ossl_lucas_campaign,campaign2015,2015_b22,ASTM-G,0.1,3,25,0.0006539821624755859,564,0.7854609929078015,11.253503988574714,4.862052857276597,23.231393320690024,1.0,8.796790917207897,-1.171327803222896,8.726198095514457
ossl_lucas_campaign,campaign2015,2015_b23,ASTM-G,0.1,3,25,0.0006539821624755859,818,0.7982885085574573,4.758730257008816,3.399406960574031,14.311181950643102,1.0,3.882780128626792,-1.0463371144270956,3.7414265960162045
ossl_lucas_campaign,campaign2015,2015_b24,ASTM-G,0.1,3,25,0.0006539821624755859,1169,0.8289136013686912,4.590913072181566,3.734719955196223,13.150459068907047,1.0,3.3517151937456475,-1.4150038167195136,3.0396813717650635
ossl_lucas_campaign,campaign2015,2015_b25,ASTM-G,0.1,3,25,0.0006539821624755859,76,0.8421052631578947,2.6575316129938242,2.5832486341116034,3.626956900574786,1.0,0.8090254887376963,0.21249059062532294,0.7858084521862029
ossl_lucas_campaign,campaign2015,2015_b26,ASTM-G,0.1,3,25,0.0006539821624755859,873,0.9553264604810997,3.3292161514380543,2.604897249084312,7.43211930573348,1.0,2.829154395320543,-0.27656720166009013,2.81721786321224
ossl_lucas_campaign,campaign2015,2015_b27,ASTM-G,0.1,3,25,0.0006539821624755859,662,0.8700906344410876,3.792201440209734,3.026852256390505,10.602234939986706,1.0,2.961763134642857,-1.4208727591753507,2.6006495440796518
ossl_lucas_campaign,campaign2015,2015_b28,ASTM-G,0.1,3,25,0.0006539821624755859,791,0.9570164348925411,3.5814644800172974,2.9797793094202545,6.135428536601779,1.0,4.078844308559447,-0.2992410360082923,4.07042648924068
ossl_lucas_campaign,campaign2015,2015_b29,ASTM-G,0.1,3,25,0.0006539821624755859,711,0.8073136427566807,3.4461966756131726,2.794401323091602,9.845286134806063,1.0,2.895145855130485,-1.3800224683399023,2.5468668238689625
ossl_lucas_campaign,campaign2015,2015_b3,ASTM-G,0.1,3,25,0.0006539821624755859,1000,0.914,2.8643021181089647,2.515341263956354,5.718413371950767,1.0,1.7058569261167036,-0.7940787313771516,1.5105192780113814
ossl_lucas_campaign,campaign2015,2015_b4,ASTM-G,0.1,3,25,0.0006539821624755859,729,0.823045267489712,12.11417496561963,3.311746488174555,24.889275565831007,1.0,10.106217943648197,1.1791094288664952,10.044089233881538
ossl_lucas_campaign,campaign2015,2015_b5,ASTM-G,0.1,3,25,0.0006539821624755859,409,0.784841075794621,2.6146554819638426,2.3401512838022676,8.063820047176991,1.0,1.8586419312305578,-0.9784026448415115,1.5822132829475084
ossl_lucas_campaign,campaign2015,2015_b6,ASTM-G,0.1,3,25,0.0006539821624755859,731,0.7523939808481532,13.792319726449543,4.574704513448164,37.91195739432187,1.0,11.372136573163045,-1.4350606049198709,11.288951608109933
ossl_lucas_campaign,campaign2015,2015_b7,ASTM-G,0.1,3,25,0.0006539821624755859,428,0.8738317757009346,3.9242607183882394,3.346869333706085,12.486122915020795,1.0,3.921617471926034,-1.4530487711229985,3.6467526429380777
ossl_lucas_campaign,campaign2015,2015_b8,ASTM-G,0.1,3,25,0.0006539821624755859,840,0.9333333333333333,2.7679093624375204,2.496579700210687,5.503037800602371,1.0,1.7013216986649229,-0.9300435592673291,1.4254590378641159
ossl_lucas_campaign,campaign2015,2015_b9,ASTM-G,0.1,3,25,0.0006539821624755859,684,0.8991228070175439,3.687588887450389,2.8904248651737934,8.993929396309726,1.0,2.718948005250529,-0.48112327753272055,2.677999918701279
ossl_lucas_campaign,campaign2015,2015_b0,ASTM-G,0.2,3,25,0.0006151199340820312,759,0.8985507246376812,5.260925746639485,2.6648061450703704,8.294638009046071,1.0,5.587635078334462,-0.10928540904522795,5.590250105706058
ossl_lucas_campaign,campaign2015,2015_b1,ASTM-G,0.2,3,25,0.0006151199340820312,495,0.705050505050505,2.592320077775812,2.0047850792175628,7.5965175196799075,1.0,3.6786401682356202,-0.8955061908651761,3.5715868064171747
ossl_lucas_campaign,campaign2015,2015_b10,ASTM-G,0.2,3,25,0.0006151199340820312,746,0.8404825737265416,2.188003809135066,2.0426339219018637,4.0753643485687885,1.0,1.4812827253843897,-0.6912914656995124,1.3109608689771395
ossl_lucas_campaign,campaign2015,2015_b11,ASTM-G,0.2,3,25,0.0006151199340820312,231,0.5974025974025974,10.864063146487211,3.942508051335797,32.99614478676879,1.0,16.352927800273463,-0.23417004662593152,16.386758729161258
ossl_lucas_campaign,campaign2015,2015_b12,ASTM-G,0.2,3,25,0.0006151199340820312,544,0.6507352941176471,13.288148467808044,3.5912513354226494,30.005568320826956,1.0,14.739294081579544,2.513644176333618,14.536740798363398
ossl_lucas_campaign,campaign2015,2015_b13,ASTM-G,0.2,3,25,0.0006151199340820312,570,0.6754385964912281,1.955193288580035,1.837929687630167,5.160675129096001,1.0,1.6185309930487748,-0.86683112192869,1.3680386570092116
ossl_lucas_campaign,campaign2015,2015_b14,ASTM-G,0.2,3,25,0.0006151199340820312,779,0.6893453145057766,6.327615303564275,3.4643436690381826,19.304576902061356,1.0,7.436832821096665,-1.877156946630634,7.200647403500929
ossl_lucas_campaign,campaign2015,2015_b15,ASTM-G,0.2,3,25,0.0006151199340820312,1380,0.7536231884057971,2.3055249297972327,2.003846432566403,4.902603303637278,1.0,1.7969731448891426,-0.8184402741531424,1.6003511764522955
ossl_lucas_campaign,campaign2015,2015_b16,ASTM-G,0.2,3,25,0.0006151199340820312,689,0.8142235123367199,2.3512779632634575,2.028558125818871,5.30690862800889,1.0,2.031713137575887,-0.868203555162873,1.8382015796690545
ossl_lucas_campaign,campaign2015,2015_b17,ASTM-G,0.2,3,25,0.0006151199340820312,279,0.5412186379928315,4.9715200164808095,3.398502237175272,27.528890736669556,1.0,8.362491324869579,-3.5189378174445225,7.59969382309669
ossl_lucas_campaign,campaign2015,2015_b18,ASTM-G,0.2,3,25,0.0006151199340820312,1543,0.7757615035644848,2.5505987023101073,2.1660766810827434,5.801738482984949,1.0,2.1049955631880577,-0.6650757208872082,1.9978156320161555
ossl_lucas_campaign,campaign2015,2015_b19,ASTM-G,0.2,3,25,0.0006151199340820312,645,0.7798449612403101,2.0923764904473967,1.8662450900275307,3.177983571437966,1.0,1.0460505391134314,-0.09268896231874167,1.0427445747972024
ossl_lucas_campaign,campaign2015,2015_b2,ASTM-G,0.2,3,25,0.0006151199340820312,1055,0.7118483412322275,1.962103060309158,1.778765125374369,5.440131481017139,1.0,1.822761351691537,-0.65445058087298,1.7020279840501378
ossl_lucas_campaign,campaign2015,2015_b20,ASTM-G,0.2,3,25,0.0006151199340820312,807,0.5625774473358116,3.4849010204579374,2.7520916028027065,16.784815150738304,1.0,5.024448518944666,-2.873686439559602,4.124085942408525
ossl_lucas_campaign,campaign2015,2015_b21,ASTM-G,0.2,3,25,0.0006151199340820312,775,0.8658064516129033,1.9516833730378662,1.8043569744688295,2.564321474935985,1.0,0.8979380588469682,-0.5476804664105559,0.7120344435610516
ossl_lucas_campaign,campaign2015,2015_b22,ASTM-G,0.2,3,25,0.0006151199340820312,564,0.6560283687943262,8.611141576204048,3.720549957941417,19.024894235689015,1.0,8.796790917207897,-1.171327803222896,8.726198095514457
ossl_lucas_campaign,campaign2015,2015_b23,ASTM-G,0.2,3,25,0.0006151199340820312,818,0.676039119804401,3.6414705118654336,2.601323185319739,10.412590265651575,1.0,3.882780128626792,-1.0463371144270956,3.7414265960162045
ossl_lucas_campaign,campaign2015,2015_b24,ASTM-G,0.2,3,25,0.0006151199340820312,1169,0.7271171941830624,3.5130311741086957,2.8579716017419585,9.571816488042389,1.0,3.3517151937456475,-1.4150038167195136,3.0396813717650635
ossl_lucas_campaign,campaign2015,2015_b25,ASTM-G,0.2,3,25,0.0006151199340820312,76,0.7894736842105263,2.033460751685959,1.976693805089382,2.996454365060668,1.0,0.8090254887376963,0.21249059062532294,0.7858084521862029
ossl_lucas_campaign,campaign2015,2015_b26,ASTM-G,0.2,3,25,0.0006151199340820312,873,0.9140893470790378,2.5475816771983584,1.9933361316854548,5.0943528536471145,1.0,2.829154395320543,-0.27656720166009013,2.81721786321224
ossl_lucas_campaign,campaign2015,2015_b27,ASTM-G,0.2,3,25,0.0006151199340820312,662,0.7915407854984894,2.9018995638220995,2.3162392668143874,7.654586044570266,1.0,2.961763134642857,-1.4208727591753507,2.6006495440796518
ossl_lucas_campaign,campaign2015,2015_b28,ASTM-G,0.2,3,25,0.0006151199340820312,791,0.8874841972187105,2.7406035374716526,2.280240052705332,4.555444395448792,1.0,4.078844308559447,-0.2992410360082923,4.07042648924068
ossl_lucas_campaign,campaign2015,2015_b29,ASTM-G,0.2,3,25,0.0006151199340820312,711,0.6905766526019691,2.6370630380997158,2.1383539009958996,7.664481450600531,1.0,2.895145855130485,-1.3800224683399023,2.5468668238689625
ossl_lucas_campaign,campaign2015,2015_b3,ASTM-G,0.2,3,25,0.0006151199340820312,1000,0.816,2.191837402552879,1.9248261799691382,4.318092779640505,1.0,1.7058569261167036,-0.7940787313771516,1.5105192780113814
ossl_lucas_campaign,campaign2015,2015_b4,ASTM-G,0.2,3,25,0.0006151199340820312,729,0.7434842249657064,9.269334681625796,2.534286856709785,19.640759811103386,1.0,10.106217943648197,1.1791094288664952,10.044089233881538
ossl_lucas_campaign,campaign2015,2015_b5,ASTM-G,0.2,3,25,0.0006151199340820312,409,0.6674816625916871,2.000737955608893,1.7907172828040063,5.947129051893088,1.0,1.8586419312305578,-0.9784026448415115,1.5822132829475084
ossl_lucas_campaign,campaign2015,2015_b6,ASTM-G,0.2,3,25,0.0006151199340820312,731,0.6073871409028728,10.553794065036948,3.500680916582702,28.29247883504909,1.0,11.372136573163045,-1.4350606049198709,11.288951608109933
ossl_lucas_campaign,campaign2015,2015_b7,ASTM-G,0.2,3,25,0.0006151199340820312,428,0.7593457943925234,3.00293185957774,2.5610875811984366,8.575202739549228,1.0,3.921617471926034,-1.4530487711229985,3.6467526429380777
ossl_lucas_campaign,campaign2015,2015_b8,ASTM-G,0.2,3,25,0.0006151199340820312,840,0.8285714285714286,2.118065013186184,1.9104817769168463,4.094630895844042,1.0,1.7013216986649229,-0.9300435592673291,1.4254590378641159
ossl_lucas_campaign,campaign2015,2015_b9,ASTM-G,0.2,3,25,0.0006151199340820312,684,0.8377192982456141,2.8218422447297273,2.21183893655943,6.3591559829006945,1.0,2.718948005250529,-0.48112327753272055,2.677999918701279
ossl_lucas_campaign,campaign2015,2015_b0,GPR,0.05,3,25,101.46567749977112,759,0.8669301712779973,7.079666248473742,2.2390993381394546,12.271515325744963,1.0,5.587635078334462,-0.10928540904522795,5.590250105706058
ossl_lucas_campaign,campaign2015,2015_b1,GPR,0.05,3,25,101.46567749977112,495,0.7656565656565657,4.1309300681952275,3.0367240070751524,20.349370448601444,1.0,3.6786401682356202,-0.8955061908651761,3.5715868064171747
ossl_lucas_campaign,campaign2015,2015_b10,GPR,0.05,3,25,101.46567749977112,746,0.8364611260053619,2.5571218274517347,2.1984132479973844,10.095150838565736,1.0,1.4812827253843897,-0.6912914656995124,1.3109608689771395
ossl_lucas_campaign,campaign2015,2015_b11,GPR,0.05,3,25,101.46567749977112,231,0.7402597402597403,15.79047628060636,4.902199228692977,40.10552703783755,1.0,16.352927800273463,-0.23417004662593152,16.386758729161258
ossl_lucas_campaign,campaign2015,2015_b12,GPR,0.05,3,25,101.46567749977112,544,0.84375,20.675917178184967,4.24188348241535,29.214828914417158,1.0,14.739294081579544,2.513644176333618,14.536740798363398
ossl_lucas_campaign,campaign2015,2015_b13,GPR,0.05,3,25,101.46567749977112,570,0.7491228070175439,3.6317949809690244,2.425562791162669,13.130020511137353,1.0,1.6185309930487748,-0.86683112192869,1.3680386570092116
ossl_lucas_campaign,campaign2015,2015_b14,GPR,0.05,3,25,101.46567749977112,779,0.7907573812580231,9.298452815174727,3.7781647632614552,26.696581588871172,1.0,7.436832821096665,-1.877156946630634,7.200647403500929
ossl_lucas_campaign,campaign2015,2015_b15,GPR,0.05,3,25,101.46567749977112,1380,0.7166666666666667,3.4330607300218747,2.465561113694683,15.363322034588094,1.0,1.7969731448891426,-0.8184402741531424,1.6003511764522955
ossl_lucas_campaign,campaign2015,2015_b16,GPR,0.05,3,25,101.46567749977112,689,0.7285921625544267,2.677145035271093,1.962900476734642,14.436705747618976,1.0,2.031713137575887,-0.868203555162873,1.8382015796690545
ossl_lucas_campaign,campaign2015,2015_b17,GPR,0.05,3,25,101.46567749977112,279,0.5483870967741935,7.082062815840352,3.446638572817393,51.62442348156679,1.0,8.362491324869579,-3.5189378174445225,7.59969382309669
ossl_lucas_campaign,campaign2015,2015_b18,GPR,0.05,3,25,101.46567749977112,1543,0.8418664938431627,4.065955614211011,2.844085239595261,11.063498042841509,1.0,2.1049955631880577,-0.6650757208872082,1.9978156320161555
ossl_lucas_campaign,campaign2015,2015_b19,GPR,0.05,3,25,101.46567749977112,645,0.9069767441860465,3.737066285531394,2.7759408661986003,5.35637539720272,1.0,1.0460505391134314,-0.09268896231874167,1.0427445747972024
ossl_lucas_campaign,campaign2015,2015_b2,GPR,0.05,3,25,101.46567749977112,1055,0.8218009478672986,3.9560815079966685,2.8257586648022275,12.217224623899414,1.0,1.822761351691537,-0.65445058087298,1.7020279840501378
ossl_lucas_campaign,campaign2015,2015_b20,GPR,0.05,3,25,101.46567749977112,807,0.6294919454770755,4.907390085823774,3.14617384244963,37.71735554984188,1.0,5.024448518944666,-2.873686439559602,4.124085942408525
ossl_lucas_campaign,campaign2015,2015_b21,GPR,0.05,3,25,101.46567749977112,775,0.8309677419354838,2.5826205203037245,2.0619737850394597,5.872377817969288,1.0,0.8979380588469682,-0.5476804664105559,0.7120344435610516
ossl_lucas_campaign,campaign2015,2015_b22,GPR,0.05,3,25,101.46567749977112,564,0.7978723404255319,12.489079065769701,4.184745766067385,25.655173525755266,1.0,8.796790917207897,-1.171327803222896,8.726198095514457
ossl_lucas_campaign,campaign2015,2015_b23,GPR,0.05,3,25,101.46567749977112,818,0.7249388753056235,5.114939832089554,2.512728598957711,19.858530291071897,1.0,3.882780128626792,-1.0463371144270956,3.7414265960162045
ossl_lucas_campaign,campaign2015,2015_b24,GPR,0.05,3,25,101.46567749977112,1169,0.7621899059024807,4.635814802425989,3.441762595183464,27.50847362775153,1.0,3.3517151937456475,-1.4150038167195136,3.0396813717650635
ossl_lucas_campaign,campaign2015,2015_b25,GPR,0.05,3,25,101.46567749977112,76,0.9605263157894737,6.878030206483441,3.8452648756984917,7.547499781925637,1.0,0.8090254887376963,0.21249059062532294,0.7858084521862029
ossl_lucas_campaign,campaign2015,2015_b26,GPR,0.05,3,25,101.46567749977112,873,0.9049255441008018,3.1158519189469227,1.7266783135929265,6.89632287372787,1.0,2.829154395320543,-0.27656720166009013,2.81721786321224
ossl_lucas_campaign,campaign2015,2015_b27,GPR,0.05,3,25,101.46567749977112,662,0.783987915407855,3.468013201350892,2.438788167490404,16.455767926438806,1.0,2.961763134642857,-1.4208727591753507,2.6006495440796518
ossl_lucas_campaign,campaign2015,2015_b28,GPR,0.05,3,25,101.46567749977112,791,0.9089759797724399,3.2985995448960024,2.5305040787093707,6.733552913182308,1.0,4.078844308559447,-0.2992410360082923,4.07042648924068
ossl_lucas_campaign,campaign2015,2015_b29,GPR,0.05,3,25,101.46567749977112,711,0.6708860759493671,3.5480081295464028,2.4553638989737525,22.330520873572176,1.0,2.895145855130485,-1.3800224683399023,2.5468668238689625
ossl_lucas_campaign,campaign2015,2015_b3,GPR,0.05,3,25,101.46567749977112,1000,0.817,2.745586959544549,2.1283211787117615,10.185174707497763,1.0,1.7058569261167036,-0.7940787313771516,1.5105192780113814
ossl_lucas_campaign,campaign2015,2015_b4,GPR,0.05,3,25,101.46567749977112,729,0.8847736625514403,13.95222958369329,3.079877703753597,24.64415575478219,1.0,10.106217943648197,1.1791094288664952,10.044089233881538
ossl_lucas_campaign,campaign2015,2015_b5,GPR,0.05,3,25,101.46567749977112,409,0.7775061124694377,4.341159989922865,3.3219820378640437,18.652323058949868,1.0,1.8586419312305578,-0.9784026448415115,1.5822132829475084
ossl_lucas_campaign,campaign2015,2015_b6,GPR,0.05,3,25,101.46567749977112,731,0.7920656634746922,15.401149737394505,4.232998886722896,36.317707412070476,1.0,11.372136573163045,-1.4350606049198709,11.288951608109933
ossl_lucas_campaign,campaign2015,2015_b7,GPR,0.05,3,25,101.46567749977112,428,0.7102803738317757,3.7062348568180603,2.688010380081645,20.302947341066815,1.0,3.921617471926034,-1.4530487711229985,3.6467526429380777
ossl_lucas_campaign,campaign2015,2015_b8,GPR,0.05,3,25,101.46567749977112,840,0.8297619047619048,2.6193710834262838,2.1673968080493555,9.768758449004144,1.0,1.7013216986649229,-0.9300435592673291,1.4254590378641159
ossl_lucas_campaign,campaign2015,2015_b9,GPR,0.05,3,25,101.46567749977112,684,0.8552631578947368,3.3223018233428356,2.0156103573848547,13.208096487297132,1.0,2.718948005250529,-0.48112327753272055,2.677999918701279
ossl_lucas_campaign,campaign2015,2015_b0,GPR,0.1,3,25,0.0007164478302001953,759,0.7891963109354414,5.781762559800192,1.861738717321215,10.08848892331193,1.0,5.587635078334462,-0.10928540904522795,5.590250105706058
ossl_lucas_campaign,campaign2015,2015_b1,GPR,0.1,3,25,0.0007164478302001953,495,0.696969696969697,3.3501475341475904,2.4864854046631994,13.869303585244849,1.0,3.6786401682356202,-0.8955061908651761,3.5715868064171747
ossl_lucas_campaign,campaign2015,2015_b10,GPR,0.1,3,25,0.0007164478302001953,746,0.7506702412868632,2.114451125208488,1.8241244714545224,7.084943548857322,1.0,1.4812827253843897,-0.6912914656995124,1.3109608689771395
ossl_lucas_campaign,campaign2015,2015_b11,GPR,0.1,3,25,0.0007164478302001953,231,0.645021645021645,12.518308216090713,4.067470798864911,29.245687522088716,1.0,16.352927800273463,-0.23417004662593152,16.386758729161258
ossl_lucas_campaign,campaign2015,2015_b12,GPR,0.1,3,25,0.0007164478302001953,544,0.7922794117647058,16.655979685673522,3.519316185296182,23.476542712964843,1.0,14.739294081579544,2.513644176333618,14.536740798363398
ossl_lucas_campaign,campaign2015,2015_b13,GPR,0.1,3,25,0.0007164478302001953,570,0.6666666666666666,2.884641106006525,1.9969222604469121,9.58613475799529,1.0,1.6185309930487748,-0.86683112192869,1.3680386570092116
ossl_lucas_campaign,campaign2015,2015_b14,GPR,0.1,3,25,0.0007164478302001953,779,0.7214377406931964,7.613896823547879,3.1416693302304424,19.985770312590933,1.0,7.436832821096665,-1.877156946630634,7.200647403500929
ossl_lucas_campaign,campaign2015,2015_b15,GPR,0.1,3,25,0.0007164478302001953,1380,0.6065217391304348,2.7674702715238486,2.0366167113759124,11.180249975701098,1.0,1.7969731448891426,-0.8184402741531424,1.6003511764522955
ossl_lucas_campaign,campaign2015,2015_b16,GPR,0.1,3,25,0.0007164478302001953,689,0.6168359941944848,2.214656914385258,1.631311914108996,9.893654760452318,1.0,2.031713137575887,-0.868203555162873,1.8382015796690545
ossl_lucas_campaign,campaign2015,2015_b17,GPR,0.1,3,25,0.0007164478302001953,279,0.45161290322580644,5.834050520831944,2.857726710706686,34.41724186057534,1.0,8.362491324869579,-3.5189378174445225,7.59969382309669
ossl_lucas_campaign,campaign2015,2015_b18,GPR,0.1,3,25,0.0007164478302001953,1543,0.7731691510045366,3.2856117415242565,2.3417292614247094,8.68813014680172,1.0,2.1049955631880577,-0.6650757208872082,1.9978156320161555
ossl_lucas_campaign,campaign2015,2015_b19,GPR,0.1,3,25,0.0007164478302001953,645,0.8496124031007752,2.9904521709886422,2.292326789520564,4.547491049609785,1.0,1.0460505391134314,-0.09268896231874167,1.0427445747972024
ossl_lucas_campaign,campaign2015,2015_b2,GPR,0.1,3,25,0.0007164478302001953,1055,0.7573459715639811,3.1360113363345374,2.304648130092243,9.042754934904737,1.0,1.822761351691537,-0.65445058087298,1.7020279840501378
ossl_lucas_campaign,campaign2015,2015_b20,GPR,0.1,3,25,0.0007164478302001953,807,0.5130111524163569,4.038756557879295,2.603447577627316,26.065006384336584,1.0,5.024448518944666,-2.873686439559602,4.124085942408525
ossl_lucas_campaign,campaign2015,2015_b21,GPR,0.1,3,25,0.0007164478302001953,775,0.7083870967741935,2.1046717373242165,1.7097623191149909,4.904845843409345,1.0,0.8979380588469682,-0.5476804664105559,0.7120344435610516
ossl_lucas_campaign,campaign2015,2015_b22,GPR,0.1,3,25,0.0007164478302001953,564,0.7340425531914894,10.161904800706088,3.4668009015869483,20.256278482354062,1.0,8.796790917207897,-1.171327803222896,8.726198095514457
ossl_lucas_campaign,campaign2015,2015_b23,GPR,0.1,3,25,0.0007164478302001953,818,0.6381418092909535,4.199438552620886,2.0859839651961405,13.698428571454466,1.0,3.882780128626792,-1.0463371144270956,3.7414265960162045
ossl_lucas_campaign,campaign2015,2015_b24,GPR,0.1,3,25,0.0007164478302001953,1169,0.6817792985457656,3.802505274335327,2.844363539624063,18.35142022823434,1.0,3.3517151937456475,-1.4150038167195136,3.0396813717650635
ossl_lucas_campaign,campaign2015,2015_b25,GPR,0.1,3,25,0.0007164478302001953,76,0.9210526315789473,5.253545159845636,3.159547717131164,5.851204976941259,1.0,0.8090254887376963,0.21249059062532294,0.7858084521862029
ossl_lucas_campaign,campaign2015,2015_b26,GPR,0.1,3,25,0.0007164478302001953,873,0.8339060710194731,2.552449322451958,1.4329501092223809,5.397325135012892,1.0,2.829154395320543,-0.27656720166009013,2.81721786321224
ossl_lucas_campaign,campaign2015,2015_b27,GPR,0.1,3,25,0.0007164478302001953,662,0.6948640483383686,2.86923181732935,2.0228974894852243,11.851530223942582,1.0,2.961763134642857,-1.4208727591753507,2.6006495440796518
ossl_lucas_campaign,campaign2015,2015_b28,GPR,0.1,3,25,0.0007164478302001953,791,0.8584070796460177,2.716416358640791,2.099524671684622,5.1884430135732975,1.0,4.078844308559447,-0.2992410360082923,4.07042648924068
ossl_lucas_campaign,campaign2015,2015_b29,GPR,0.1,3,25,0.0007164478302001953,711,0.5668073136427567,2.8806215559222625,2.0293577856409324,15.453866658078466,1.0,2.895145855130485,-1.3800224683399023,2.5468668238689625
ossl_lucas_campaign,campaign2015,2015_b3,GPR,0.1,3,25,0.0007164478302001953,1000,0.736,2.26534287381028,1.7626183978635823,7.22655557278884,1.0,1.7058569261167036,-0.7940787313771516,1.5105192780113814
ossl_lucas_campaign,campaign2015,2015_b4,GPR,0.1,3,25,0.0007164478302001953,729,0.8477366255144033,11.214998180903038,2.55026954728486,18.87831999731848,1.0,10.106217943648197,1.1791094288664952,10.044089233881538
ossl_lucas_campaign,campaign2015,2015_b5,GPR,0.1,3,25,0.0007164478302001953,409,0.7188264058679706,3.475725432877474,2.744719738412603,12.507450105069463,1.0,1.8586419312305578,-0.9784026448415115,1.5822132829475084
ossl_lucas_campaign,campaign2015,2015_b6,GPR,0.1,3,25,0.0007164478302001953,731,0.7236662106703147,12.53305892694208,3.5107892888109973,28.012147495961912,1.0,11.372136573163045,-1.4350606049198709,11.288951608109933
ossl_lucas_campaign,campaign2015,2015_b7,GPR,0.1,3,25,0.0007164478302001953,428,0.602803738317757,3.0549999448018603,2.233443242238377,14.183215447693625,1.0,3.921617471926034,-1.4530487711229985,3.6467526429380777
ossl_lucas_campaign,campaign2015,2015_b8,GPR,0.1,3,25,0.0007164478302001953,840,0.7178571428571429,2.158286420266233,1.7974212763944797,7.28194798858864,1.0,1.7013216986649229,-0.9300435592673291,1.4254590378641159
ossl_lucas_campaign,campaign2015,2015_b9,GPR,0.1,3,25,0.0007164478302001953,684,0.7923976608187134,2.745548708128311,1.674108988169042,8.837058229756204,1.0,2.718948005250529,-0.48112327753272055,2.677999918701279
ossl_lucas_campaign,campaign2015,2015_b0,GPR,0.2,3,25,0.00035762786865234375,759,0.691699604743083,4.391102033143117,1.4379327448315244,7.836241821569102,1.0,5.587635078334462,-0.10928540904522795,5.590250105706058
ossl_lucas_campaign,campaign2015,2015_b1,GPR,0.2,3,25,0.00035762786865234375,495,0.602020202020202,2.5280281968322593,1.8934948266500304,9.436648285183146,1.0,3.6786401682356202,-0.8955061908651761,3.5715868064171747
ossl_lucas_campaign,campaign2015,2015_b10,GPR,0.2,3,25,0.00035762786865234375,746,0.6072386058981233,1.6247023097766304,1.4059203086169991,5.102448206334924,1.0,1.4812827253843897,-0.6912914656995124,1.3109608689771395
ossl_lucas_campaign,campaign2015,2015_b11,GPR,0.2,3,25,0.00035762786865234375,231,0.4805194805194805,9.250697518279633,3.1353354883263904,23.027541137068397,1.0,16.352927800273463,-0.23417004662593152,16.386758729161258
ossl_lucas_campaign,campaign2015,2015_b12,GPR,0.2,3,25,0.00035762786865234375,544,0.6672794117647058,12.488847144598447,2.7141661889989037,18.646770634502722,1.0,14.739294081579544,2.513644176333618,14.536740798363398
ossl_lucas_campaign,campaign2015,2015_b13,GPR,0.2,3,25,0.00035762786865234375,570,0.5543859649122806,2.137346229613241,1.5292845436442926,6.838926959304049,1.0,1.6185309930487748,-0.86683112192869,1.3680386570092116
ossl_lucas_campaign,campaign2015,2015_b14,GPR,0.2,3,25,0.00035762786865234375,779,0.5930680359435173,5.797215328563218,2.4266802889022334,14.821385517081739,1.0,7.436832821096665,-1.877156946630634,7.200647403500929
ossl_lucas_campaign,campaign2015,2015_b15,GPR,0.2,3,25,0.00035762786865234375,1380,0.4920289855072464,2.0784473337098492,1.561163788170124,8.01743988499627,1.0,1.7969731448891426,-0.8184402741531424,1.6003511764522955
ossl_lucas_campaign,campaign2015,2015_b16,GPR,0.2,3,25,0.00035762786865234375,689,0.46879535558780844,1.7024112422532067,1.259243900969115,6.853760576594046,1.0,2.031713137575887,-0.868203555162873,1.8382015796690545
ossl_lucas_campaign,campaign2015,2015_b17,GPR,0.2,3,25,0.00035762786865234375,279,0.36200716845878134,4.467115288974037,2.2028178256749777,22.724930884971133,1.0,8.362491324869579,-3.5189378174445225,7.59969382309669
ossl_lucas_campaign,campaign2015,2015_b18,GPR,0.2,3,25,0.00035762786865234375,1543,0.6558651976668827,2.471849118666627,1.7915820154777757,6.66221634085592,1.0,2.1049955631880577,-0.6650757208872082,1.9978156320161555
ossl_lucas_campaign,campaign2015,2015_b19,GPR,0.2,3,25,0.00035762786865234375,645,0.7364341085271318,2.229846268315852,1.7448953844421449,3.65348700558102,1.0,1.0460505391134314,-0.09268896231874167,1.0427445747972024
ossl_lucas_campaign,campaign2015,2015_b2,GPR,0.2,3,25,0.00035762786865234375,1055,0.6587677725118484,2.3183874286958717,1.757005427222396,6.56649704999663,1.0,1.822761351691537,-0.65445058087298,1.7020279840501378
ossl_lucas_campaign,campaign2015,2015_b20,GPR,0.2,3,25,0.00035762786865234375,807,0.3643122676579926,3.0897043706624934,2.0017282935210305,17.87473854696522,1.0,5.024448518944666,-2.873686439559602,4.124085942408525
ossl_lucas_campaign,campaign2015,2015_b21,GPR,0.2,3,25,0.00035762786865234375,775,0.5316129032258065,1.5963758993278927,1.3163664488009788,4.018382612043222,1.0,0.8979380588469682,-0.5476804664105559,0.7120344435610516
ossl_lucas_campaign,campaign2015,2015_b22,GPR,0.2,3,25,0.00035762786865234375,564,0.6187943262411347,7.692329151110927,2.6748301316916008,15.464868375629973,1.0,8.796790917207897,-1.171327803222896,8.726198095514457
ossl_lucas_campaign,campaign2015,2015_b23,GPR,0.2,3,25,0.00035762786865234375,818,0.530562347188264,3.2054793897173646,1.6090366885686351,9.451072051491307,1.0,3.882780128626792,-1.0463371144270956,3.7414265960162045
ossl_lucas_campaign,campaign2015,2015_b24,GPR,0.2,3,25,0.00035762786865234375,1169,0.5577416595380668,2.900227524509364,2.184433288957409,12.416209694286533,1.0,3.3517151937456475,-1.4150038167195136,3.0396813717650635
ossl_lucas_campaign,campaign2015,2015_b25,GPR,0.2,3,25,0.00035762786865234375,76,0.881578947368421,3.7490276616023746,2.4222143827746168,4.308655100212673,1.0,0.8090254887376963,0.21249059062532294,0.7858084521862029
ossl_lucas_campaign,campaign2015,2015_b26,GPR,0.2,3,25,0.00035762786865234375,873,0.713631156930126,1.9452360129782404,1.105460485771426,4.182515509671331,1.0,2.829154395320543,-0.27656720166009013,2.81721786321224
ossl_lucas_campaign,campaign2015,2015_b27,GPR,0.2,3,25,0.00035762786865234375,662,0.5574018126888217,2.20580269678564,1.5617088799336214,8.564609711873947,1.0,2.961763134642857,-1.4208727591753507,2.6006495440796518
ossl_lucas_campaign,campaign2015,2015_b28,GPR,0.2,3,25,0.00035762786865234375,791,0.7319848293299621,2.0793364998788855,1.6209329333507791,3.9887714845593667,1.0,4.078844308559447,-0.2992410360082923,4.07042648924068
ossl_lucas_campaign,campaign2015,2015_b29,GPR,0.2,3,25,0.00035762786865234375,711,0.4120956399437412,2.1780561454461127,1.5604285656668408,10.700310228661424,1.0,2.895145855130485,-1.3800224683399023,2.5468668238689625
ossl_lucas_campaign,campaign2015,2015_b3,GPR,0.2,3,25,0.00035762786865234375,1000,0.569,1.737411876201995,1.355234570871449,5.248037039910292,1.0,1.7058569261167036,-0.7940787313771516,1.5105192780113814
ossl_lucas_campaign,campaign2015,2015_b4,GPR,0.2,3,25,0.00035762786865234375,729,0.7421124828532236,8.392213443264174,1.9538782812813422,14.13693814930436,1.0,10.106217943648197,1.1791094288664952,10.044089233881538
ossl_lucas_campaign,campaign2015,2015_b5,GPR,0.2,3,25,0.00035762786865234375,409,0.6185819070904646,2.5921194862147985,2.0908119465755535,8.359370742833699,1.0,1.8586419312305578,-0.9784026448415115,1.5822132829475084
ossl_lucas_campaign,campaign2015,2015_b6,GPR,0.2,3,25,0.00035762786865234375,731,0.6032831737346102,9.487892561636457,2.6948758339548533,21.27891124008574,1.0,11.372136573163045,-1.4350606049198709,11.288951608109933
ossl_lucas_campaign,campaign2015,2015_b7,GPR,0.2,3,25,0.00035762786865234375,428,0.4322429906542056,2.34118249971072,1.7212796955082506,9.97028316718197,1.0,3.921617471926034,-1.4530487711229985,3.6467526429380777
ossl_lucas_campaign,campaign2015,2015_b8,GPR,0.2,3,25,0.00035762786865234375,840,0.5261904761904762,1.6532290162283838,1.3858590991395372,5.553364718190888,1.0,1.7013216986649229,-0.9300435592673291,1.4254590378641159
ossl_lucas_campaign,campaign2015,2015_b9,GPR,0.2,3,25,0.00035762786865234375,684,0.6710526315789473,2.108470416818526,1.2916683054819385,6.061295105097628,1.0,2.718948005250529,-0.48112327753272055,2.677999918701279
ossl_lucas_campaign,campaign2015,2015_b0,BAG,0.05,3,25,13.472863912582397,759,0.9736495388669302,8.058426555313531,4.120745928598469,12.585040487503813,1.0,5.587635078334462,-0.10928540904522795,5.590250105706058
ossl_lucas_campaign,campaign2015,2015_b1,BAG,0.05,3,25,13.472863912582397,495,0.8464646464646465,3.957160530060849,3.0262460879774724,13.862700419446098,1.0,3.6786401682356202,-0.8955061908651761,3.5715868064171747
ossl_lucas_campaign,campaign2015,2015_b10,BAG,0.05,3,25,13.472863912582397,746,0.9450402144772118,3.3188832519317213,3.09226653082971,7.231369187559558,1.0,1.4812827253843897,-0.6912914656995124,1.3109608689771395
ossl_lucas_campaign,campaign2015,2015_b11,BAG,0.05,3,25,13.472863912582397,231,0.8095238095238095,16.57728378621049,5.944793466740632,65.96228635015984,1.0,16.352927800273463,-0.23417004662593152,16.386758729161258
ossl_lucas_campaign,campaign2015,2015_b12,BAG,0.05,3,25,13.472863912582397,544,0.8474264705882353,20.721921533708525,5.5363743667104,48.04458609869687,1.0,14.739294081579544,2.513644176333618,14.536740798363398
ossl_lucas_campaign,campaign2015,2015_b13,BAG,0.05,3,25,13.472863912582397,570,0.8385964912280702,2.9940688862029003,2.793935588720645,8.668394054624319,1.0,1.6185309930487748,-0.86683112192869,1.3680386570092116
ossl_lucas_campaign,campaign2015,2015_b14,BAG,0.05,3,25,13.472863912582397,779,0.8382541720154044,9.61069002923741,5.335722071313971,38.26779866794265,1.0,7.436832821096665,-1.877156946630634,7.200647403500929
ossl_lucas_campaign,campaign2015,2015_b15,BAG,0.05,3,25,13.472863912582397,1380,0.9057971014492754,3.526112009116026,3.0371408706460157,7.464189540063516,1.0,1.7969731448891426,-0.8184402741531424,1.6003511764522955
ossl_lucas_campaign,campaign2015,2015_b16,BAG,0.05,3,25,13.472863912582397,689,0.9259796806966618,3.5682669567899086,3.0706055697311743,10.272100041988288,1.0,2.031713137575887,-0.868203555162873,1.8382015796690545
ossl_lucas_campaign,campaign2015,2015_b17,BAG,0.05,3,25,13.472863912582397,279,0.7240143369175627,7.5317399064466475,5.142581763657537,73.23327685413284,1.0,8.362491324869579,-3.5189378174445225,7.59969382309669
ossl_lucas_campaign,campaign2015,2015_b18,BAG,0.05,3,25,13.472863912582397,1543,0.8969539857420609,3.885179132029403,3.2673463606272852,11.188484453699463,1.0,2.1049955631880577,-0.6650757208872082,1.9978156320161555
ossl_lucas_campaign,campaign2015,2015_b19,BAG,0.05,3,25,13.472863912582397,645,0.9271317829457364,3.2108663629557888,2.8153015069239773,4.656647051579053,1.0,1.0460505391134314,-0.09268896231874167,1.0427445747972024
ossl_lucas_campaign,campaign2015,2015_b2,BAG,0.05,3,25,13.472863912582397,1055,0.8786729857819905,3.011459377601353,2.7559398009021803,10.843815488246817,1.0,1.822761351691537,-0.65445058087298,1.7020279840501378
ossl_lucas_campaign,campaign2015,2015_b20,BAG,0.05,3,25,13.472863912582397,807,0.7372986369268897,5.275807573794165,4.138642547264701,37.61726561405957,1.0,5.024448518944666,-2.873686439559602,4.124085942408525
ossl_lucas_campaign,campaign2015,2015_b21,BAG,0.05,3,25,13.472863912582397,775,0.9690322580645161,2.994015090477415,2.770796342884949,3.4713572203483376,1.0,0.8979380588469682,-0.5476804664105559,0.7120344435610516
ossl_lucas_campaign,campaign2015,2015_b22,BAG,0.05,3,25,13.472863912582397,564,0.8563829787234043,13.24850094244505,5.654848983606166,28.620013793685825,1.0,8.796790917207897,-1.171327803222896,8.726198095514457
ossl_lucas_campaign,campaign2015,2015_b23,BAG,0.05,3,25,13.472863912582397,818,0.8520782396088019,5.52538496355029,3.9289062533220083,21.168964163731943,1.0,3.882780128626792,-1.0463371144270956,3.7414265960162045
ossl_lucas_campaign,campaign2015,2015_b24,BAG,0.05,3,25,13.472863912582397,1169,0.8708297690333618,5.383975105084117,4.3205091510015095,19.315027381988095,1.0,3.3517151937456475,-1.4150038167195136,3.0396813717650635
ossl_lucas_campaign,campaign2015,2015_b25,BAG,0.05,3,25,13.472863912582397,76,0.9078947368421053,3.155022174357191,3.095784659376635,4.140952714423155,1.0,0.8090254887376963,0.21249059062532294,0.7858084521862029
ossl_lucas_campaign,campaign2015,2015_b26,BAG,0.05,3,25,13.472863912582397,873,0.9656357388316151,3.8741975088311054,3.0402820606124923,11.093326413526272,1.0,2.829154395320543,-0.27656720166009013,2.81721786321224
ossl_lucas_campaign,campaign2015,2015_b27,BAG,0.05,3,25,13.472863912582397,662,0.8972809667673716,4.4281913452239845,3.54900432797214,15.635216666812989,1.0,2.961763134642857,-1.4208727591753507,2.6006495440796518
ossl_lucas_campaign,campaign2015,2015_b28,BAG,0.05,3,25,13.472863912582397,791,0.9734513274336283,4.1891698322697355,3.4876114852873665,8.246976105280549,1.0,4.078844308559447,-0.2992410360082923,4.07042648924068
ossl_lucas_campaign,campaign2015,2015_b29,BAG,0.05,3,25,13.472863912582397,711,0.8621659634317862,3.986414377803849,3.183605417918638,13.58875407996367,1.0,2.895145855130485,-1.3800224683399023,2.5468668238689625
ossl_lucas_campaign,campaign2015,2015_b3,BAG,0.05,3,25,13.472863912582397,1000,0.95,3.379447211712054,2.963499207784812,7.87262980663254,1.0,1.7058569261167036,-0.7940787313771516,1.5105192780113814
ossl_lucas_campaign,campaign2015,2015_b4,BAG,0.05,3,25,13.472863912582397,729,0.8820301783264746,14.525111568409853,3.916119409900092,31.07913234951575,1.0,10.106217943648197,1.1791094288664952,10.044089233881538
ossl_lucas_campaign,campaign2015,2015_b5,BAG,0.05,3,25,13.472863912582397,409,0.8410757946210269,3.035832085571763,2.732567368500011,11.881422758510592,1.0,1.8586419312305578,-0.9784026448415115,1.5822132829475084
ossl_lucas_campaign,campaign2015,2015_b6,BAG,0.05,3,25,13.472863912582397,731,0.8194254445964432,16.249600711878006,5.389061086472026,52.13878550741177,1.0,11.372136573163045,-1.4350606049198709,11.288951608109933
ossl_lucas_campaign,campaign2015,2015_b7,BAG,0.05,3,25,13.472863912582397,428,0.9065420560747663,4.589510189528507,3.9260352696812735,19.55934471266192,1.0,3.921617471926034,-1.4530487711229985,3.6467526429380777
ossl_lucas_campaign,campaign2015,2015_b8,BAG,0.05,3,25,13.472863912582397,840,0.955952380952381,3.2188232511608037,2.8878427579007915,7.632328886190233,1.0,1.7013216986649229,-0.9300435592673291,1.4254590378641159
ossl_lucas_campaign,campaign2015,2015_b9,BAG,0.05,3,25,13.472863912582397,684,0.9283625730994152,4.289155679832935,3.3639502971146724,13.370433537115563,1.0,2.718948005250529,-0.48112327753272055,2.677999918701279
ossl_lucas_campaign,campaign2015,2015_b0,BAG,0.1,3,25,0.0003292560577392578,759,0.9446640316205533,6.641384695185703,3.396375553747411,10.37806217084338,1.0,5.587635078334462,-0.10928540904522795,5.590250105706058
ossl_lucas_campaign,campaign2015,2015_b1,BAG,0.1,3,25,0.0003292560577392578,495,0.7737373737373737,3.2611118752791306,2.4941836889876368,10.549813879930415,1.0,3.6786401682356202,-0.8955061908651761,3.5715868064171747
ossl_lucas_campaign,campaign2015,2015_b10,BAG,0.1,3,25,0.0003292560577392578,746,0.9142091152815014,2.7354323478330618,2.54871360868337,5.438272574258771,1.0,1.4812827253843897,-0.6912914656995124,1.3109608689771395
ossl_lucas_campaign,campaign2015,2015_b11,BAG,0.1,3,25,0.0003292560577392578,231,0.70995670995671,13.655094740952423,4.8995261434831985,46.32679527957598,1.0,16.352927800273463,-0.23417004662593152,16.386758729161258
ossl_lucas_campaign,campaign2015,2015_b12,BAG,0.1,3,25,0.0003292560577392578,544,0.7757352941176471,17.071749970320408,4.563784179686198,38.578695785053945,1.0,14.739294081579544,2.513644176333618,14.536740798363398
ossl_lucas_campaign,campaign2015,2015_b13,BAG,0.1,3,25,0.0003292560577392578,570,0.7684210526315789,2.4668764911380316,2.3018896121372827,6.764984281326951,1.0,1.6185309930487748,-0.86683112192869,1.3680386570092116
ossl_lucas_campaign,campaign2015,2015_b14,BAG,0.1,3,25,0.0003292560577392578,779,0.7843388960205392,7.919811729913403,4.397192439730596,27.092530006806136,1.0,7.436832821096665,-1.877156946630634,7.200647403500929
ossl_lucas_campaign,campaign2015,2015_b15,BAG,0.1,3,25,0.0003292560577392578,1380,0.8405797101449275,2.905749175495157,2.5029613224378666,6.190116815476508,1.0,1.7969731448891426,-0.8184402741531424,1.6003511764522955
ossl_lucas_campaign,campaign2015,2015_b16,BAG,0.1,3,25,0.0003292560577392578,689,0.8751814223512336,2.9409693926210654,2.5308230001740193,7.437515697758681,1.0,2.031713137575887,-0.868203555162873,1.8382015796690545
ossl_lucas_campaign,campaign2015,2015_b17,BAG,0.1,3,25,0.0003292560577392578,279,0.6379928315412187,6.206754044563051,4.239334475507041,45.28082537062192,1.0,8.362491324869579,-3.5189378174445225,7.59969382309669
ossl_lucas_campaign,campaign2015,2015_b18,BAG,0.1,3,25,0.0003292560577392578,1543,0.8515878159429683,3.201416039119116,2.6928050673938975,8.19124640371427,1.0,2.1049955631880577,-0.6650757208872082,1.9978156320161555
ossl_lucas_campaign,campaign2015,2015_b19,BAG,0.1,3,25,0.0003292560577392578,645,0.8852713178294573,2.6457795910368214,2.319417949848263,3.884200588282188,1.0,1.0460505391134314,-0.09268896231874167,1.0427445747972024
ossl_lucas_campaign,campaign2015,2015_b2,BAG,0.1,3,25,0.0003292560577392578,1055,0.8123222748815165,2.481401538073112,2.270638911690215,7.69785656980034,1.0,1.822761351691537,-0.65445058087298,1.7020279840501378
ossl_lucas_campaign,campaign2015,2015_b20,BAG,0.1,3,25,0.0003292560577392578,807,0.6592317224287485,4.347888036279681,3.4111371404508892,25.701078981478698,1.0,5.024448518944666,-2.873686439559602,4.124085942408525
ossl_lucas_campaign,campaign2015,2015_b21,BAG,0.1,3,25,0.0003292560577392578,775,0.9393548387096774,2.4675033089895213,2.2836026405659946,3.008923726117328,1.0,0.8979380588469682,-0.5476804664105559,0.7120344435610516
ossl_lucas_campaign,campaign2015,2015_b22,BAG,0.1,3,25,0.0003292560577392578,564,0.7801418439716312,10.916412569188203,4.660943007988704,23.496199164679282,1.0,8.796790917207897,-1.171327803222896,8.726198095514457
ossl_lucas_campaign,campaign2015,2015_b23,BAG,0.1,3,25,0.0003292560577392578,818,0.78239608801956,4.553744616621158,3.2385884615236353,15.0042590218083,1.0,3.882780128626792,-1.0463371144270956,3.7414265960162045
ossl_lucas_campaign,campaign2015,2015_b24,BAG,0.1,3,25,0.0003292560577392578,1169,0.8058169375534645,4.437116530570036,3.5616586578090725,13.725723184652665,1.0,3.3517151937456475,-1.4150038167195136,3.0396813717650635
ossl_lucas_campaign,campaign2015,2015_b25,BAG,0.1,3,25,0.0003292560577392578,76,0.8289473684210527,2.599294014721394,2.551629028418539,3.6032909423932065,1.0,0.8090254887376963,0.21249059062532294,0.7858084521862029
ossl_lucas_campaign,campaign2015,2015_b26,BAG,0.1,3,25,0.0003292560577392578,873,0.9518900343642611,3.192852774841538,2.5062105407862982,7.547429297089288,1.0,2.829154395320543,-0.27656720166009013,2.81721786321224
ossl_lucas_campaign,campaign2015,2015_b27,BAG,0.1,3,25,0.0003292560577392578,662,0.8595166163141994,3.6497861194507335,2.9256255290420508,11.063810814738144,1.0,2.961763134642857,-1.4208727591753507,2.6006495440796518
ossl_lucas_campaign,campaign2015,2015_b28,BAG,0.1,3,25,0.0003292560577392578,791,0.9469026548672567,3.45259013486733,2.8742317761487968,6.039847295653703,1.0,4.078844308559447,-0.2992410360082923,4.07042648924068
ossl_lucas_campaign,campaign2015,2015_b29,BAG,0.1,3,25,0.0003292560577392578,711,0.7805907172995781,3.2851356887564203,2.6235015770190047,10.420249017701856,1.0,2.895145855130485,-1.3800224683399023,2.5468668238689625
ossl_lucas_campaign,campaign2015,2015_b3,BAG,0.1,3,25,0.0003292560577392578,1000,0.913,2.7854481569721163,2.4426921222774505,5.765097874904416,1.0,1.7058569261167036,-0.7940787313771516,1.5105192780113814
ossl_lucas_campaign,campaign2015,2015_b4,BAG,0.1,3,25,0.0003292560577392578,729,0.821673525377229,11.96194890015198,3.228175454865136,24.50094517235219,1.0,10.106217943648197,1.1791094288664952,10.044089233881538
ossl_lucas_campaign,campaign2015,2015_b5,BAG,0.1,3,25,0.0003292560577392578,409,0.7603911980440098,2.5015560785331963,2.2522851591457163,8.655786394240074,1.0,1.8586419312305578,-0.9784026448415115,1.5822132829475084
ossl_lucas_campaign,campaign2015,2015_b6,BAG,0.1,3,25,0.0003292560577392578,731,0.7428180574555403,13.388126014321337,4.442210548124226,38.08185897987586,1.0,11.372136573163045,-1.4350606049198709,11.288951608109933
ossl_lucas_campaign,campaign2015,2015_b7,BAG,0.1,3,25,0.0003292560577392578,428,0.8621495327102804,3.7825370176661184,3.2360625168602493,12.920477393737858,1.0,3.921617471926034,-1.4530487711229985,3.6467526429380777
ossl_lucas_campaign,campaign2015,2015_b8,BAG,0.1,3,25,0.0003292560577392578,840,0.9154761904761904,2.6529258779546576,2.3803197342477667,5.47898820101503,1.0,1.7013216986649229,-0.9300435592673291,1.4254590378641159
ossl_lucas_campaign,campaign2015,2015_b9,BAG,0.1,3,25,0.0003292560577392578,684,0.8961988304093568,3.53524298736029,2.7726866005886737,9.314419303284467,1.0,2.718948005250529,-0.48112327753272055,2.677999918701279
ossl_lucas_campaign,campaign2015,2015_b0,BAG,0.2,3,25,0.000446319580078125,759,0.8972332015810277,5.086856627447025,2.6015754117054284,8.328412715815361,1.0,5.587635078334462,-0.10928540904522795,5.590250105706058
ossl_lucas_campaign,campaign2015,2015_b1,BAG,0.2,3,25,0.000446319580078125,495,0.6787878787878788,2.4976497675965845,1.9104438354662912,7.749692630231055,1.0,3.6786401682356202,-0.8955061908651761,3.5715868064171747
ossl_lucas_campaign,campaign2015,2015_b10,BAG,0.2,3,25,0.000446319580078125,746,0.8270777479892761,2.0952754821442734,1.9522965409150201,4.103663855536111,1.0,1.4812827253843897,-0.6912914656995124,1.3109608689771395
ossl_lucas_campaign,campaign2015,2015_b11,BAG,0.2,3,25,0.000446319580078125,231,0.5541125541125541,10.453703889651083,3.7527824202086615,32.88064272900665,1.0,16.352927800273463,-0.23417004662593152,16.386758729161258
ossl_lucas_campaign,campaign2015,2015_b12,BAG,0.2,3,25,0.000446319580078125,544,0.6286764705882353,13.071238500867004,3.496226395376062,30.35482775642021,1.0,14.739294081579544,2.513644176333618,14.536740798363398
ossl_lucas_campaign,campaign2015,2015_b13,BAG,0.2,3,25,0.000446319580078125,570,0.6578947368421053,1.888958972351654,1.7625532582812955,5.180862447128791,1.0,1.6185309930487748,-0.86683112192869,1.3680386570092116
ossl_lucas_campaign,campaign2015,2015_b14,BAG,0.2,3,25,0.000446319580078125,779,0.6880616174582799,6.0654089438240275,3.3677630824796374,19.096287502208103,1.0,7.436832821096665,-1.877156946630634,7.200647403500929
ossl_lucas_campaign,campaign2015,2015_b15,BAG,0.2,3,25,0.000446319580078125,1380,0.7304347826086957,2.225384357325652,1.9170205746941509,5.016126445398061,1.0,1.7969731448891426,-0.8184402741531424,1.6003511764522955
ossl_lucas_campaign,campaign2015,2015_b16,BAG,0.2,3,25,0.000446319580078125,689,0.7895500725689405,2.252707806641199,1.9384200810088168,5.445365992916464,1.0,2.031713137575887,-0.868203555162873,1.8382015796690545
ossl_lucas_campaign,campaign2015,2015_b17,BAG,0.2,3,25,0.000446319580078125,279,0.4982078853046595,4.753552033458282,3.247813512197742,28.48802461380423,1.0,8.362491324869579,-3.5189378174445225,7.59969382309669
ossl_lucas_campaign,campaign2015,2015_b18,BAG,0.2,3,25,0.000446319580078125,1543,0.762799740764744,2.451656577965942,2.062514645452474,6.0497666288289595,1.0,2.1049955631880577,-0.6650757208872082,1.9978156320161555
ossl_lucas_campaign,campaign2015,2015_b19,BAG,0.2,3,25,0.000446319580078125,645,0.7612403100775194,2.026150367399075,1.7759201226344592,3.211915054036695,1.0,1.0460505391134314,-0.09268896231874167,1.0427445747972024
ossl_lucas_campaign,campaign2015,2015_b2,BAG,0.2,3,25,0.000446319580078125,1055,0.7090047393364929,1.9002219712806059,1.738663375065955,5.486838814027888,1.0,1.822761351691537,-0.65445058087298,1.7020279840501378
ossl_lucas_campaign,campaign2015,2015_b20,BAG,0.2,3,25,0.000446319580078125,807,0.5204460966542751,3.330053370856249,2.612890534029208,17.541704442813042,1.0,5.024448518944666,-2.873686439559602,4.124085942408525
ossl_lucas_campaign,campaign2015,2015_b21,BAG,0.2,3,25,0.000446319580078125,775,0.8529032258064516,1.889923421171464,1.7491156895927,2.5636475199037765,1.0,0.8979380588469682,-0.5476804664105559,0.7120344435610516
ossl_lucas_campaign,campaign2015,2015_b22,BAG,0.2,3,25,0.000446319580078125,564,0.6400709219858156,8.359505085843862,3.5703168439738397,19.156239489649376,1.0,8.796790917207897,-1.171327803222896,8.726198095514457
ossl_lucas_campaign,campaign2015,2015_b23,BAG,0.2,3,25,0.000446319580078125,818,0.6552567237163814,3.487846621504895,2.480952480741184,10.674019750801985,1.0,3.882780128626792,-1.0463371144270956,3.7414265960162045
ossl_lucas_campaign,campaign2015,2015_b24,BAG,0.2,3,25,0.000446319580078125,1169,0.7082976903336184,3.398455893825219,2.728641873155694,9.815608156668636,1.0,3.3517151937456475,-1.4150038167195136,3.0396813717650635
ossl_lucas_campaign,campaign2015,2015_b25,BAG,0.2,3,25,0.000446319580078125,76,0.7631578947368421,1.9902111901387083,1.9545411550827858,2.9860717911078267,1.0,0.8090254887376963,0.21249059062532294,0.7858084521862029
ossl_lucas_campaign,campaign2015,2015_b26,BAG,0.2,3,25,0.000446319580078125,873,0.9049255441008018,2.445454376713655,1.9198723045959813,5.121700307845229,1.0,2.829154395320543,-0.27656720166009013,2.81721786321224
ossl_lucas_campaign,campaign2015,2015_b27,BAG,0.2,3,25,0.000446319580078125,662,0.756797583081571,2.7956915065318926,2.241341785893346,7.902687245516648,1.0,2.961763134642857,-1.4208727591753507,2.6006495440796518
ossl_lucas_campaign,campaign2015,2015_b28,BAG,0.2,3,25,0.000446319580078125,791,0.8798988621997471,2.64450325089879,2.201398557874196,4.514726362828002,1.0,4.078844308559447,-0.2992410360082923,4.07042648924068
ossl_lucas_campaign,campaign2015,2015_b29,BAG,0.2,3,25,0.000446319580078125,711,0.6540084388185654,2.5159889933312187,2.009223457593725,7.973263741611432,1.0,2.895145855130485,-1.3800224683399023,2.5468668238689625
ossl_lucas_campaign,campaign2015,2015_b3,BAG,0.2,3,25,0.000446319580078125,1000,0.811,2.1336582432868294,1.871165766108068,4.310395554446812,1.0,1.7058569261167036,-0.7940787313771516,1.5105192780113814
ossl_lucas_campaign,campaign2015,2015_b4,BAG,0.2,3,25,0.000446319580078125,729,0.7297668038408779,9.155552380804716,2.4730679126793307,19.178051245725364,1.0,10.106217943648197,1.1791094288664952,10.044089233881538
ossl_lucas_campaign,campaign2015,2015_b5,BAG,0.2,3,25,0.000446319580078125,409,0.6332518337408313,1.915707238844453,1.725266031765269,6.250608650815884,1.0,1.8586419312305578,-0.9784026448415115,1.5822132829475084
ossl_lucas_campaign,campaign2015,2015_b6,BAG,0.2,3,25,0.000446319580078125,731,0.6046511627906976,10.251469969464923,3.4030133656397075,28.209942274244227,1.0,11.372136573163045,-1.4350606049198709,11.288951608109933
ossl_lucas_campaign,campaign2015,2015_b7,BAG,0.2,3,25,0.000446319580078125,428,0.7406542056074766,2.8972240870800685,2.478901592031102,8.792985564425607,1.0,3.921617471926034,-1.4530487711229985,3.6467526429380777
ossl_lucas_campaign,campaign2015,2015_b8,BAG,0.2,3,25,0.000446319580078125,840,0.7904761904761904,2.0320508190602853,1.823378296407176,4.140804789395156,1.0,1.7013216986649229,-0.9300435592673291,1.4254590378641159
ossl_lucas_campaign,campaign2015,2015_b9,BAG,0.2,3,25,0.000446319580078125,684,0.8128654970760234,2.7079908320001236,2.1238911851348647,6.5107599508457525,1.0,2.718948005250529,-0.48112327753272055,2.677999918701279
ossl_lucas_campaign,campaign2015,2015_b0,QGB,0.05,3,25,3.6136932373046875,759,0.9657444005270093,8.348813816160122,4.13774123349093,9.754099591194706,1.0,5.587635078334462,-0.10928540904522795,5.590250105706058
ossl_lucas_campaign,campaign2015,2015_b1,QGB,0.05,3,25,3.6136932373046875,495,0.8909090909090909,4.732767657226347,3.587097412813827,7.316986720029531,1.0,3.6786401682356202,-0.8955061908651761,3.5715868064171747
ossl_lucas_campaign,campaign2015,2015_b10,QGB,0.05,3,25,3.6136932373046875,746,0.9088471849865952,4.07339979956217,3.1207143366508636,5.5487258672272475,1.0,1.4812827253843897,-0.6912914656995124,1.3109608689771395
ossl_lucas_campaign,campaign2015,2015_b11,QGB,0.05,3,25,3.6136932373046875,231,0.8441558441558441,13.17707790033575,6.418694920618282,37.519345372522174,1.0,16.352927800273463,-0.23417004662593152,16.386758729161258
ossl_lucas_campaign,campaign2015,2015_b12,QGB,0.05,3,25,3.6136932373046875,544,0.8841911764705882,16.076885872947372,7.691620430820592,26.004430920634586,1.0,14.739294081579544,2.513644176333618,14.536740798363398
ossl_lucas_campaign,campaign2015,2015_b13,QGB,0.05,3,25,3.6136932373046875,570,0.8947368421052632,3.607456921249112,3.1288064491609777,5.752748378503952,1.0,1.6185309930487748,-0.86683112192869,1.3680386570092116
ossl_lucas_campaign,campaign2015,2015_b14,QGB,0.05,3,25,3.6136932373046875,779,0.9152759948652118,12.371960083617596,7.327919000202747,24.36957606132336,1.0,7.436832821096665,-1.877156946630634,7.200647403500929
ossl_lucas_campaign,campaign2015,2015_b15,QGB,0.05,3,25,3.6136932373046875,1380,0.8855072463768116,4.034963435391723,3.2643231363510807,6.734586059907246,1.0,1.7969731448891426,-0.8184402741531424,1.6003511764522955
ossl_lucas_campaign,campaign2015,2015_b16,QGB,0.05,3,25,3.6136932373046875,689,0.941944847605225,4.1786453161043005,3.19553213141457,7.145621905841996,1.0,2.031713137575887,-0.868203555162873,1.8382015796690545
ossl_lucas_campaign,campaign2015,2015_b17,QGB,0.05,3,25,3.6136932373046875,279,0.7956989247311828,8.917292943040168,5.084721742046764,46.81548029221272,1.0,8.362491324869579,-3.5189378174445225,7.59969382309669
ossl_lucas_campaign,campaign2015,2015_b18,QGB,0.05,3,25,3.6136932373046875,1543,0.8535320803629294,5.246702522687096,3.410243227097804,7.581182788692708,1.0,2.1049955631880577,-0.6650757208872082,1.9978156320161555
ossl_lucas_campaign,campaign2015,2015_b19,QGB,0.05,3,25,3.6136932373046875,645,0.8666666666666667,3.5736850787845102,3.1119281692040484,4.982133282945471,1.0,1.0460505391134314,-0.09268896231874167,1.0427445747972024
ossl_lucas_campaign,campaign2015,2015_b2,QGB,0.05,3,25,3.6136932373046875,1055,0.814218009478673,3.5676937866377707,3.021165472191621,8.508012607032649,1.0,1.822761351691537,-0.65445058087298,1.7020279840501378
ossl_lucas_campaign,campaign2015,2015_b20,QGB,0.05,3,25,3.6136932373046875,807,0.7534076827757125,6.0148892702773695,4.03010555079642,26.110451277895976,1.0,5.024448518944666,-2.873686439559602,4.124085942408525
ossl_lucas_campaign,campaign2015,2015_b21,QGB,0.05,3,25,3.6136932373046875,775,0.9496774193548387,3.3710132162334636,2.959476998666317,3.693186201274848,1.0,0.8979380588469682,-0.5476804664105559,0.7120344435610516
ossl_lucas_campaign,campaign2015,2015_b22,QGB,0.05,3,25,3.6136932373046875,564,0.8953900709219859,12.858832268182072,6.807136008535433,22.424307047299198,1.0,8.796790917207897,-1.171327803222896,8.726198095514457
ossl_lucas_campaign,campaign2015,2015_b23,QGB,0.05,3,25,3.6136932373046875,818,0.8899755501222494,7.896488917220803,4.505584559834533,16.091470590812275,1.0,3.882780128626792,-1.0463371144270956,3.7414265960162045
ossl_lucas_campaign,campaign2015,2015_b24,QGB,0.05,3,25,3.6136932373046875,1169,0.9024807527801539,6.34726358853541,4.287748018695737,10.476234136494337,1.0,3.3517151937456475,-1.4150038167195136,3.0396813717650635
ossl_lucas_campaign,campaign2015,2015_b25,QGB,0.05,3,25,3.6136932373046875,76,0.8026315789473685,4.802133662791569,3.8908739993799704,6.30604645299118,1.0,0.8090254887376963,0.21249059062532294,0.7858084521862029
ossl_lucas_campaign,campaign2015,2015_b26,QGB,0.05,3,25,3.6136932373046875,873,0.9335624284077892,5.625497949342293,3.8472492567333667,8.465487386869208,1.0,2.829154395320543,-0.27656720166009013,2.81721786321224
ossl_lucas_campaign,campaign2015,2015_b27,QGB,0.05,3,25,3.6136932373046875,662,0.8972809667673716,4.479572398132139,3.168125197292426,10.608101135898655,1.0,2.961763134642857,-1.4208727591753507,2.6006495440796518
ossl_lucas_campaign,campaign2015,2015_b28,QGB,0.05,3,25,3.6136932373046875,791,0.965865992414665,4.0424522310433595,3.195812395146075,5.391386538378792,1.0,4.078844308559447,-0.2992410360082923,4.07042648924068
ossl_lucas_campaign,campaign2015,2015_b29,QGB,0.05,3,25,3.6136932373046875,711,0.90014064697609,4.700143999466083,3.62555050298674,10.437620671861733,1.0,2.895145855130485,-1.3800224683399023,2.5468668238689625
ossl_lucas_campaign,campaign2015,2015_b3,QGB,0.05,3,25,3.6136932373046875,1000,0.929,3.3679135555737343,2.7890219154485223,6.258245432292774,1.0,1.7058569261167036,-0.7940787313771516,1.5105192780113814
ossl_lucas_campaign,campaign2015,2015_b4,QGB,0.05,3,25,3.6136932373046875,729,0.8930041152263375,11.618904646027202,5.40695168221105,20.34045334883136,1.0,10.106217943648197,1.1791094288664952,10.044089233881538
ossl_lucas_campaign,campaign2015,2015_b5,QGB,0.05,3,25,3.6136932373046875,409,0.8924205378973105,4.245723560387208,3.3892840492398104,6.748101113441153,1.0,1.8586419312305578,-0.9784026448415115,1.5822132829475084
ossl_lucas_campaign,campaign2015,2015_b6,QGB,0.05,3,25,3.6136932373046875,731,0.8385772913816689,15.16193115690513,7.678969932386746,33.30611939124029,1.0,11.372136573163045,-1.4350606049198709,11.288951608109933
ossl_lucas_campaign,campaign2015,2015_b7,QGB,0.05,3,25,3.6136932373046875,428,0.8808411214953271,4.592465727499828,3.5313766431744193,14.56287444445408,1.0,3.921617471926034,-1.4530487711229985,3.6467526429380777
ossl_lucas_campaign,campaign2015,2015_b8,QGB,0.05,3,25,3.6136932373046875,840,0.9488095238095238,3.685483825473108,2.7086213302262463,5.182829711112793,1.0,1.7013216986649229,-0.9300435592673291,1.4254590378641159
ossl_lucas_campaign,campaign2015,2015_b9,QGB,0.05,3,25,3.6136932373046875,684,0.9210526315789473,5.937762827450373,3.9696318699816286,9.916081336378934,1.0,2.718948005250529,-0.48112327753272055,2.677999918701279
ossl_lucas_campaign,campaign2015,2015_b0,QGB,0.1,3,25,3.3167402744293213,759,0.9235836627140975,6.312815014838292,3.161103605938663,8.738685262504305,1.0,5.587635078334462,-0.10928540904522795,5.590250105706058
ossl_lucas_campaign,campaign2015,2015_b1,QGB,0.1,3,25,3.3167402744293213,495,0.806060606060606,3.153611393004752,2.3317029000677234,6.485904294207574,1.0,3.6786401682356202,-0.8955061908651761,3.5715868064171747
ossl_lucas_campaign,campaign2015,2015_b10,QGB,0.1,3,25,3.3167402744293213,746,0.8431635388739946,2.809114270815381,2.1673185085171998,4.612575665949982,1.0,1.4812827253843897,-0.6912914656995124,1.3109608689771395
ossl_lucas_campaign,campaign2015,2015_b11,QGB,0.1,3,25,3.3167402744293213,231,0.7402597402597403,10.234851447529788,4.898508736986299,26.750232438389535,1.0,16.352927800273463,-0.23417004662593152,16.386758729161258
ossl_lucas_campaign,campaign2015,2015_b12,QGB,0.1,3,25,3.3167402744293213,544,0.8033088235294118,12.329166564357031,5.505548361610085,21.245712906007668,1.0,14.739294081579544,2.513644176333618,14.536740798363398
ossl_lucas_campaign,campaign2015,2015_b13,QGB,0.1,3,25,3.3167402744293213,570,0.7824561403508772,2.3489088034422796,2.0257399124248288,5.278818480003811,1.0,1.6185309930487748,-0.86683112192869,1.3680386570092116
ossl_lucas_campaign,campaign2015,2015_b14,QGB,0.1,3,25,3.3167402744293213,779,0.8305519897304237,8.78149151424068,5.515126336052653,20.943973682235853,1.0,7.436832821096665,-1.877156946630634,7.200647403500929
ossl_lucas_campaign,campaign2015,2015_b15,QGB,0.1,3,25,3.3167402744293213,1380,0.7804347826086957,2.7813346997216364,2.1669041087268357,6.122054209040441,1.0,1.7969731448891426,-0.8184402741531424,1.6003511764522955
ossl_lucas_campaign,campaign2015,2015_b16,QGB,0.1,3,25,3.3167402744293213,689,0.9085631349782293,3.0614188785158185,2.3685071618354994,5.621769530511703,1.0,2.031713137575887,-0.868203555162873,1.8382015796690545
ossl_lucas_campaign,campaign2015,2015_b17,QGB,0.1,3,25,3.3167402744293213,279,0.6774193548387096,6.740711796580204,4.139185499873053,33.2595953357305,1.0,8.362491324869579,-3.5189378174445225,7.59969382309669
ossl_lucas_campaign,campaign2015,2015_b18,QGB,0.1,3,25,3.3167402744293213,1543,0.7906675307841866,3.5805232981419093,2.398483652254563,5.975400765816475,1.0,2.1049955631880577,-0.6650757208872082,1.9978156320161555
ossl_lucas_campaign,campaign2015,2015_b19,QGB,0.1,3,25,3.3167402744293213,645,0.8186046511627907,2.433441116561205,2.141653058210068,3.8226433044085,1.0,1.0460505391134314,-0.09268896231874167,1.0427445747972024
ossl_lucas_campaign,campaign2015,2015_b2,QGB,0.1,3,25,3.3167402744293213,1055,0.7260663507109004,2.318064837093277,1.9464322989557594,6.507018663801298,1.0,1.822761351691537,-0.65445058087298,1.7020279840501378
ossl_lucas_campaign,campaign2015,2015_b20,QGB,0.1,3,25,3.3167402744293213,807,0.6344485749690211,4.677002959926407,3.0759740199976315,19.794851666526743,1.0,5.024448518944666,-2.873686439559602,4.124085942408525
ossl_lucas_campaign,campaign2015,2015_b21,QGB,0.1,3,25,3.3167402744293213,775,0.9019354838709678,2.141661074907933,1.8699038526031648,2.7662491410206846,1.0,0.8979380588469682,-0.5476804664105559,0.7120344435610516
ossl_lucas_campaign,campaign2015,2015_b22,QGB,0.1,3,25,3.3167402744293213,564,0.8280141843971631,10.082644063453733,5.318363259370291,18.67288547444141,1.0,8.796790917207897,-1.171327803222896,8.726198095514457
ossl_lucas_campaign,campaign2015,2015_b23,QGB,0.1,3,25,3.3167402744293213,818,0.8166259168704156,5.666996364464905,3.4171712144673574,12.316621894439459,1.0,3.882780128626792,-1.0463371144270956,3.7414265960162045
ossl_lucas_campaign,campaign2015,2015_b24,QGB,0.1,3,25,3.3167402744293213,1169,0.7921300256629598,4.379257492323741,3.1721299511111787,9.41318040934797,1.0,3.3517151937456475,-1.4150038167195136,3.0396813717650635
ossl_lucas_campaign,campaign2015,2015_b25,QGB,0.1,3,25,3.3167402744293213,76,0.7368421052631579,2.924437477645542,2.593268517578408,4.191594119124225,1.0,0.8090254887376963,0.21249059062532294,0.7858084521862029
ossl_lucas_campaign,campaign2015,2015_b26,QGB,0.1,3,25,3.3167402744293213,873,0.9049255441008018,4.200830202301361,2.7948616318882333,6.3803498727340555,1.0,2.829154395320543,-0.27656720166009013,2.81721786321224
ossl_lucas_campaign,campaign2015,2015_b27,QGB,0.1,3,25,3.3167402744293213,662,0.7930513595166163,3.397558271153573,2.3269709689363123,8.480725189158873,1.0,2.961763134642857,-1.4208727591753507,2.6006495440796518
ossl_lucas_campaign,campaign2015,2015_b28,QGB,0.1,3,25,3.3167402744293213,791,0.9077117572692794,2.8795626755659445,2.2773245046367148,4.099412882125446,1.0,4.078844308559447,-0.2992410360082923,4.07042648924068
ossl_lucas_campaign,campaign2015,2015_b29,QGB,0.1,3,25,3.3167402744293213,711,0.8059071729957806,3.3499021205693387,2.5379557933497554,8.667497323192016,1.0,2.895145855130485,-1.3800224683399023,2.5468668238689625
ossl_lucas_campaign,campaign2015,2015_b3,QGB,0.1,3,25,3.3167402744293213,1000,0.839,2.3410913784485046,1.8882136796466622,5.389243464716549,1.0,1.7058569261167036,-0.7940787313771516,1.5105192780113814
ossl_lucas_campaign,campaign2015,2015_b4,QGB,0.1,3,25,3.3167402744293213,729,0.8285322359396433,8.723455773432612,3.600709149696928,15.644515614574305,1.0,10.106217943648197,1.1791094288664952,10.044089233881538
ossl_lucas_campaign,campaign2015,2015_b5,QGB,0.1,3,25,3.3167402744293213,409,0.8068459657701712,2.7361465049710905,2.238343556236977,5.270403901909369,1.0,1.8586419312305578,-0.9784026448415115,1.5822132829475084
ossl_lucas_campaign,campaign2015,2015_b6,QGB,0.1,3,25,3.3167402744293213,731,0.774281805745554,11.585735181421814,5.874688610116059,27.835164391354382,1.0,11.372136573163045,-1.4350606049198709,11.288951608109933
ossl_lucas_campaign,campaign2015,2015_b7,QGB,0.1,3,25,3.3167402744293213,428,0.7780373831775701,3.457180282303999,2.65994139980221,10.511551359705772,1.0,3.921617471926034,-1.4530487711229985,3.6467526429380777
ossl_lucas_campaign,campaign2015,2015_b8,QGB,0.1,3,25,3.3167402744293213,840,0.8595238095238096,2.415266165561231,1.7967637557526632,4.203148706507808,1.0,1.7013216986649229,-0.9300435592673291,1.4254590378641159
ossl_lucas_campaign,campaign2015,2015_b9,QGB,0.1,3,25,3.3167402744293213,684,0.8742690058479532,4.381514944086327,2.9308249894599707,7.619725705887887,1.0,2.718948005250529,-0.48112327753272055,2.677999918701279
ossl_lucas_campaign,campaign2015,2015_b0,QGB,0.2,3,25,3.4722087383270264,759,0.8537549407114624,4.260806843733564,2.1279745604895677,6.564773188468161,1.0,5.587635078334462,-0.10928540904522795,5.590250105706058
ossl_lucas_campaign,campaign2015,2015_b1,QGB,0.2,3,25,3.4722087383270264,495,0.6545454545454545,2.0969721695996557,1.5414527396491673,5.312054911091811,1.0,3.6786401682356202,-0.8955061908651761,3.5715868064171747
ossl_lucas_campaign,campaign2015,2015_b10,QGB,0.2,3,25,3.4722087383270264,746,0.7037533512064343,1.800063326579981,1.453674674172947,3.7850860043393455,1.0,1.4812827253843897,-0.6912914656995124,1.3109608689771395
ossl_lucas_campaign,campaign2015,2015_b11,QGB,0.2,3,25,3.4722087383270264,231,0.6190476190476191,6.634160226831384,3.526686177560716,19.396712573161967,1.0,16.352927800273463,-0.23417004662593152,16.386758729161258
ossl_lucas_campaign,campaign2015,2015_b12,QGB,0.2,3,25,3.4722087383270264,544,0.6764705882352942,7.6595571979674615,3.866136150520558,15.653642242672701,1.0,14.739294081579544,2.513644176333618,14.536740798363398
ossl_lucas_campaign,campaign2015,2015_b13,QGB,0.2,3,25,3.4722087383270264,570,0.6228070175438597,1.538369801869678,1.3565553067235585,4.168019359848401,1.0,1.6185309930487748,-0.86683112192869,1.3680386570092116
ossl_lucas_campaign,campaign2015,2015_b14,QGB,0.2,3,25,3.4722087383270264,779,0.6842105263157895,5.463092621164384,3.6421825063814857,16.57531137449734,1.0,7.436832821096665,-1.877156946630634,7.200647403500929
ossl_lucas_campaign,campaign2015,2015_b15,QGB,0.2,3,25,3.4722087383270264,1380,0.6471014492753623,1.9344031256455523,1.455794626192276,4.6082993125832985,1.0,1.7969731448891426,-0.8184402741531424,1.6003511764522955
ossl_lucas_campaign,campaign2015,2015_b16,QGB,0.2,3,25,3.4722087383270264,689,0.7924528301886793,2.13001816351978,1.649550655008343,4.443795087423531,1.0,2.031713137575887,-0.868203555162873,1.8382015796690545
ossl_lucas_campaign,campaign2015,2015_b17,QGB,0.2,3,25,3.4722087383270264,279,0.5268817204301075,4.5377522017882335,3.021308249333925,23.141441319203228,1.0,8.362491324869579,-3.5189378174445225,7.59969382309669
ossl_lucas_campaign,campaign2015,2015_b18,QGB,0.2,3,25,3.4722087383270264,1543,0.6325340246273493,2.38434916645413,1.634739602038054,4.75918549013749,1.0,2.1049955631880577,-0.6650757208872082,1.9978156320161555
ossl_lucas_campaign,campaign2015,2015_b19,QGB,0.2,3,25,3.4722087383270264,645,0.6651162790697674,1.675513818400823,1.4577087137063436,3.0280338872822274,1.0,1.0460505391134314,-0.09268896231874167,1.0427445747972024
ossl_lucas_campaign,campaign2015,2015_b2,QGB,0.2,3,25,3.4722087383270264,1055,0.566824644549763,1.473688717889499,1.2024866228471667,4.690498552978418,1.0,1.822761351691537,-0.65445058087298,1.7020279840501378
ossl_lucas_campaign,campaign2015,2015_b20,QGB,0.2,3,25,3.4722087383270264,807,0.4882280049566295,3.336105227998854,2.1820364356665216,14.352835879652126,1.0,5.024448518944666,-2.873686439559602,4.124085942408525
ossl_lucas_campaign,campaign2015,2015_b21,QGB,0.2,3,25,3.4722087383270264,775,0.7845161290322581,1.3817986016228327,1.1743261334045225,2.1513708902744595,1.0,0.8979380588469682,-0.5476804664105559,0.7120344435610516
ossl_lucas_campaign,campaign2015,2015_b22,QGB,0.2,3,25,3.4722087383270264,564,0.6968085106382979,6.649861619257866,3.807228779066288,15.261520418393003,1.0,8.796790917207897,-1.171327803222896,8.726198095514457
ossl_lucas_campaign,campaign2015,2015_b23,QGB,0.2,3,25,3.4722087383270264,818,0.7163814180929096,3.722493596181869,2.441179336835223,9.341980273574745,1.0,3.882780128626792,-1.0463371144270956,3.7414265960162045
ossl_lucas_campaign,campaign2015,2015_b24,QGB,0.2,3,25,3.4722087383270264,1169,0.613344739093242,2.940749985615849,2.191402367390645,8.446306479412508,1.0,3.3517151937456475,-1.4150038167195136,3.0396813717650635
ossl_lucas_campaign,campaign2015,2015_b25,QGB,0.2,3,25,3.4722087383270264,76,0.631578947368421,1.7318383814678417,1.5624461812321073,2.8642153601452414,1.0,0.8090254887376963,0.21249059062532294,0.7858084521862029
ossl_lucas_campaign,campaign2015,2015_b26,QGB,0.2,3,25,3.4722087383270264,873,0.7961053837342497,2.885181350535291,1.893435665939316,4.6725445652216635,1.0,2.829154395320543,-0.27656720166009013,2.81721786321224
ossl_lucas_campaign,campaign2015,2015_b27,QGB,0.2,3,25,3.4722087383270264,662,0.649546827794562,2.383563199581252,1.5597330576023358,6.675771603202616,1.0,2.961763134642857,-1.4208727591753507,2.6006495440796518
ossl_lucas_campaign,campaign2015,2015_b28,QGB,0.2,3,25,3.4722087383270264,791,0.7939317319848294,1.9303072782867776,1.549027526193177,3.303551944685499,1.0,4.078844308559447,-0.2992410360082923,4.07042648924068
ossl_lucas_campaign,campaign2015,2015_b29,QGB,0.2,3,25,3.4722087383270264,711,0.6568213783403657,2.238156312179797,1.6845036517339094,6.780705756830889,1.0,2.895145855130485,-1.3800224683399023,2.5468668238689625
ossl_lucas_campaign,campaign2015,2015_b3,QGB,0.2,3,25,3.4722087383270264,1000,0.696,1.5759875330691264,1.2598777213935461,4.066422777646354,1.0,1.7058569261167036,-0.7940787313771516,1.5105192780113814
ossl_lucas_campaign,campaign2015,2015_b4,QGB,0.2,3,25,3.4722087383270264,729,0.7037037037037037,4.799614757373222,2.3511644883260274,10.762926516787084,1.0,10.106217943648197,1.1791094288664952,10.044089233881538
ossl_lucas_campaign,campaign2015,2015_b5,QGB,0.2,3,25,3.4722087383270264,409,0.6601466992665037,1.7936870922751884,1.514728024037686,4.457608814231601,1.0,1.8586419312305578,-0.9784026448415115,1.5822132829475084
ossl_lucas_campaign,campaign2015,2015_b6,QGB,0.2,3,25,3.4722087383270264,731,0.6511627906976745,7.264124316628094,3.980989539229646,19.34758921696381,1.0,11.372136573163045,-1.4350606049198709,11.288951608109933
ossl_lucas_campaign,campaign2015,2015_b7,QGB,0.2,3,25,3.4722087383270264,428,0.6098130841121495,2.4357134152763837,1.8041618851794405,7.861394509555968,1.0,3.921617471926034,-1.4530487711229985,3.6467526429380777
ossl_lucas_campaign,campaign2015,2015_b8,QGB,0.2,3,25,3.4722087383270264,840,0.6904761904761905,1.5544218317479517,1.1170700689316306,3.6158781532130093,1.0,1.7013216986649229,-0.9300435592673291,1.4254590378641159
ossl_lucas_campaign,campaign2015,2015_b9,QGB,0.2,3,25,3.4722087383270264,684,0.7675438596491229,2.9620835001267545,2.040633229572921,5.814083577913244,1.0,2.718948005250529,-0.48112327753272055,2.677999918701279
ossl_lucas_campaign,campaign2015,2015_b0,SCP,0.05,3,25,0.00021529197692871094,759,0.9657444005270093,7.962587844651722,4.100622041518069,12.92355435708544,1.0,5.587635078334462,-0.10928540904522795,5.590250105706058
ossl_lucas_campaign,campaign2015,2015_b1,SCP,0.05,3,25,0.00021529197692871094,495,0.8282828282828283,3.925105826292707,3.0803356291053228,14.214628974269367,1.0,3.6786401682356202,-0.8955061908651761,3.5715868064171747
ossl_lucas_campaign,campaign2015,2015_b10,SCP,0.05,3,25,0.00021529197692871094,746,0.9450402144772118,3.3699437512949584,3.1523619782346675,7.304195794110214,1.0,1.4812827253843897,-0.6912914656995124,1.3109608689771395
ossl_lucas_campaign,campaign2015,2015_b11,SCP,0.05,3,25,0.00021529197692871094,231,0.8268398268398268,16.19595144964504,6.078177336599732,57.93137112622703,1.0,16.352927800273463,-0.23417004662593152,16.386758729161258
ossl_lucas_campaign,campaign2015,2015_b12,SCP,0.05,3,25,0.00021529197692871094,544,0.8419117647058824,20.656930387794713,5.4587472731041,47.147741055957965,1.0,14.739294081579544,2.513644176333618,14.536740798363398
ossl_lucas_campaign,campaign2015,2015_b13,SCP,0.05,3,25,0.00021529197692871094,570,0.8175438596491228,2.9617448975161316,2.7805668083365696,9.400813003660712,1.0,1.6185309930487748,-0.86683112192869,1.3680386570092116
ossl_lucas_campaign,campaign2015,2015_b14,SCP,0.05,3,25,0.00021529197692871094,779,0.8408215661103979,9.590105787918905,5.459641473188997,37.90879974818285,1.0,7.436832821096665,-1.877156946630634,7.200647403500929
ossl_lucas_campaign,campaign2015,2015_b15,SCP,0.05,3,25,0.00021529197692871094,1380,0.9079710144927536,3.5701208400841242,3.1150337119115035,7.516629386934952,1.0,1.7969731448891426,-0.8184402741531424,1.6003511764522955
ossl_lucas_campaign,campaign2015,2015_b16,SCP,0.05,3,25,0.00021529197692871094,689,0.9288824383164006,3.6267382836403037,3.1161054146093865,10.15371009468868,1.0,2.031713137575887,-0.868203555162873,1.8382015796690545
ossl_lucas_campaign,campaign2015,2015_b17,SCP,0.05,3,25,0.00021529197692871094,279,0.7240143369175627,7.655501576043271,5.230392070702879,71.58799357943302,1.0,8.362491324869579,-3.5189378174445225,7.59969382309669
ossl_lucas_campaign,campaign2015,2015_b18,SCP,0.05,3,25,0.00021529197692871094,1543,0.898250162022035,3.9036150141216104,3.296750741964566,11.023915026072585,1.0,2.1049955631880577,-0.6650757208872082,1.9978156320161555
ossl_lucas_campaign,campaign2015,2015_b19,SCP,0.05,3,25,0.00021529197692871094,645,0.9286821705426357,3.208431901224872,2.8552659853888884,4.447453614302704,1.0,1.0460505391134314,-0.09268896231874167,1.0427445747972024
ossl_lucas_campaign,campaign2015,2015_b2,SCP,0.05,3,25,0.00021529197692871094,1055,0.8748815165876778,3.0536000066028866,2.783622629261353,9.994685883515222,1.0,1.822761351691537,-0.65445058087298,1.7020279840501378
ossl_lucas_campaign,campaign2015,2015_b20,SCP,0.05,3,25,0.00021529197692871094,807,0.7410161090458488,5.329475586685776,4.218595905480496,37.85375743619997,1.0,5.024448518944666,-2.873686439559602,4.124085942408525
ossl_lucas_campaign,campaign2015,2015_b21,SCP,0.05,3,25,0.00021529197692871094,775,0.9716129032258064,3.0093568031270275,2.777991058122678,3.581573417777373,1.0,0.8979380588469682,-0.5476804664105559,0.7120344435610516
ossl_lucas_campaign,campaign2015,2015_b22,SCP,0.05,3,25,0.00021529197692871094,564,0.8421985815602837,13.064276875809393,5.5823951360029636,29.49606488003448,1.0,8.796790917207897,-1.171327803222896,8.726198095514457
ossl_lucas_campaign,campaign2015,2015_b23,SCP,0.05,3,25,0.00021529197692871094,818,0.8655256723716381,5.623612032675953,4.041923558088863,20.470235858158382,1.0,3.882780128626792,-1.0463371144270956,3.7414265960162045
ossl_lucas_campaign,campaign2015,2015_b24,SCP,0.05,3,25,0.00021529197692871094,1169,0.8699743370402053,5.405382512187439,4.38703156338563,19.615623173116102,1.0,3.3517151937456475,-1.4150038167195136,3.0396813717650635
ossl_lucas_campaign,campaign2015,2015_b25,SCP,0.05,3,25,0.00021529197692871094,76,0.8947368421052632,3.2068722041428295,3.1299849969383464,4.0972664674406625,1.0,0.8090254887376963,0.21249059062532294,0.7858084521862029
ossl_lucas_campaign,campaign2015,2015_b26,SCP,0.05,3,25,0.00021529197692871094,873,0.9690721649484536,3.9227582630373234,3.097123157181443,11.063461981836205,1.0,2.829154395320543,-0.27656720166009013,2.81721786321224
ossl_lucas_campaign,campaign2015,2015_b27,SCP,0.05,3,25,0.00021529197692871094,662,0.9033232628398792,4.474296357890211,3.5842866772956157,15.666519987475063,1.0,2.961763134642857,-1.4208727591753507,2.6006495440796518
ossl_lucas_campaign,campaign2015,2015_b28,SCP,0.05,3,25,0.00021529197692871094,791,0.9721871049304678,4.273210204266017,3.5820582755685177,7.885550682177919,1.0,4.078844308559447,-0.2992410360082923,4.07042648924068
ossl_lucas_campaign,campaign2015,2015_b29,SCP,0.05,3,25,0.00021529197692871094,711,0.8565400843881856,3.983614354275402,3.187491076647682,13.81031909034073,1.0,2.895145855130485,-1.3800224683399023,2.5468668238689625
ossl_lucas_campaign,campaign2015,2015_b3,SCP,0.05,3,25,0.00021529197692871094,1000,0.954,3.457466296387998,3.034665343179549,7.7623363915086285,1.0,1.7058569261167036,-0.7940787313771516,1.5105192780113814
ossl_lucas_campaign,campaign2015,2015_b4,SCP,0.05,3,25,0.00021529197692871094,729,0.8641975308641975,14.399601240016827,3.891577165310359,32.76282211688381,1.0,10.106217943648197,1.1791094288664952,10.044089233881538
ossl_lucas_campaign,campaign2015,2015_b5,SCP,0.05,3,25,0.00021529197692871094,409,0.8141809290953546,2.9859718154271606,2.6796924489536775,12.42782341866351,1.0,1.8586419312305578,-0.9784026448415115,1.5822132829475084
ossl_lucas_campaign,campaign2015,2015_b6,SCP,0.05,3,25,0.00021529197692871094,731,0.8235294117647058,16.028859300916963,5.519997279384331,51.104769230290806,1.0,11.372136573163045,-1.4350606049198709,11.288951608109933
ossl_lucas_campaign,campaign2015,2015_b7,SCP,0.05,3,25,0.00021529197692871094,428,0.9112149532710281,4.669291451811233,3.952160884691252,19.225006634206707,1.0,3.921617471926034,-1.4530487711229985,3.6467526429380777
ossl_lucas_campaign,campaign2015,2015_b8,SCP,0.05,3,25,0.00021529197692871094,840,0.9547619047619048,3.226489993505691,2.9134683581955345,7.970172407058705,1.0,1.7013216986649229,-0.9300435592673291,1.4254590378641159
ossl_lucas_campaign,campaign2015,2015_b9,SCP,0.05,3,25,0.00021529197692871094,684,0.935672514619883,4.381415481741393,3.4212542347809642,13.026814726383353,1.0,2.718948005250529,-0.48112327753272055,2.677999918701279
ossl_lucas_campaign,campaign2015,2015_b0,SCP,0.1,3,25,0.000213623046875,759,0.9380764163372859,6.185655446839608,3.18552656013508,10.84033820776925,1.0,5.587635078334462,-0.10928540904522795,5.590250105706058
ossl_lucas_campaign,campaign2015,2015_b1,SCP,0.1,3,25,0.000213623046875,495,0.7434343434343434,3.0491785720313547,2.3929274293742933,11.336408008389892,1.0,3.6786401682356202,-0.8955061908651761,3.5715868064171747
ossl_lucas_campaign,campaign2015,2015_b10,SCP,0.1,3,25,0.000213623046875,746,0.8967828418230563,2.6179065559373456,2.448880366723319,5.648675651246825,1.0,1.4812827253843897,-0.6912914656995124,1.3109608689771395
ossl_lucas_campaign,campaign2015,2015_b11,SCP,0.1,3,25,0.000213623046875,231,0.7012987012987013,12.581660291325626,4.721770294094592,43.16883535394531,1.0,16.352927800273463,-0.23417004662593152,16.386758729161258
ossl_lucas_campaign,campaign2015,2015_b12,SCP,0.1,3,25,0.000213623046875,544,0.7591911764705882,16.047126444460325,4.240572344263302,39.395679932486885,1.0,14.739294081579544,2.513644176333618,14.536740798363398
ossl_lucas_campaign,campaign2015,2015_b13,SCP,0.1,3,25,0.000213623046875,570,0.7210526315789474,2.3008014247246766,2.160055067378766,7.674170448959165,1.0,1.6185309930487748,-0.86683112192869,1.3680386570092116
ossl_lucas_campaign,campaign2015,2015_b14,SCP,0.1,3,25,0.000213623046875,779,0.7625160462130937,7.449976221317692,4.241266994511893,28.087079251777872,1.0,7.436832821096665,-1.877156946630634,7.200647403500929
ossl_lucas_campaign,campaign2015,2015_b15,SCP,0.1,3,25,0.000213623046875,1380,0.8101449275362319,2.7734120930514994,2.419882282380921,6.600753010948973,1.0,1.7969731448891426,-0.8184402741531424,1.6003511764522955
ossl_lucas_campaign,campaign2015,2015_b16,SCP,0.1,3,25,0.000213623046875,689,0.865021770682148,2.8173947786999407,2.4207148237305285,7.641305850623092,1.0,2.031713137575887,-0.868203555162873,1.8382015796690545
ossl_lucas_campaign,campaign2015,2015_b17,SCP,0.1,3,25,0.000213623046875,279,0.6236559139784946,5.947098599853815,4.063176925951398,46.309521280916826,1.0,8.362491324869579,-3.5189378174445225,7.59969382309669
ossl_lucas_campaign,campaign2015,2015_b18,SCP,0.1,3,25,0.000213623046875,1543,0.8276085547634479,3.0324836529979096,2.5610473104673916,8.419620938792587,1.0,2.1049955631880577,-0.6650757208872082,1.9978156320161555
ossl_lucas_campaign,campaign2015,2015_b19,SCP,0.1,3,25,0.000213623046875,645,0.862015503875969,2.492437716584293,2.21808436393698,3.810276884272124,1.0,1.0460505391134314,-0.09268896231874167,1.0427445747972024
ossl_lucas_campaign,campaign2015,2015_b2,SCP,0.1,3,25,0.000213623046875,1055,0.7914691943127962,2.372158132735649,2.1624289508092214,7.62863101281605,1.0,1.822761351691537,-0.65445058087298,1.7020279840501378
ossl_lucas_campaign,campaign2015,2015_b20,SCP,0.1,3,25,0.000213623046875,807,0.6245353159851301,4.140148948400519,3.2771733574377993,27.426501566796066,1.0,5.024448518944666,-2.873686439559602,4.124085942408525
ossl_lucas_campaign,campaign2015,2015_b21,SCP,0.1,3,25,0.000213623046875,775,0.9251612903225807,2.3377882497396456,2.1580541220013205,3.0799698426931283,1.0,0.8979380588469682,-0.5476804664105559,0.7120344435610516
ossl_lucas_campaign,campaign2015,2015_b22,SCP,0.1,3,25,0.000213623046875,564,0.723404255319149,10.148850724472696,4.336626929977438,25.692366162085214,1.0,8.796790917207897,-1.171327803222896,8.726198095514457
ossl_lucas_campaign,campaign2015,2015_b23,SCP,0.1,3,25,0.000213623046875,818,0.7726161369193154,4.368645857288658,3.13992723980997,15.165639264607027,1.0,3.882780128626792,-1.0463371144270956,3.7414265960162045
ossl_lucas_campaign,campaign2015,2015_b24,SCP,0.1,3,25,0.000213623046875,1169,0.7801539777587682,4.199116472067788,3.4080208865438943,14.490106129151782,1.0,3.3517151937456475,-1.4150038167195136,3.0396813717650635
ossl_lucas_campaign,campaign2015,2015_b25,SCP,0.1,3,25,0.000213623046875,76,0.7894736842105263,2.491226081756623,2.4314970362106907,3.7335027255502133,1.0,0.8090254887376963,0.21249059062532294,0.7858084521862029
ossl_lucas_campaign,campaign2015,2015_b26,SCP,0.1,3,25,0.000213623046875,873,0.9495990836197021,3.0473548913736628,2.405968649955963,7.5836900145873205,1.0,2.829154395320543,-0.27656720166009013,2.81721786321224
ossl_lucas_campaign,campaign2015,2015_b27,SCP,0.1,3,25,0.000213623046875,662,0.8444108761329305,3.475811655321054,2.784416679728073,11.471477609114292,1.0,2.961763134642857,-1.4208727591753507,2.6006495440796518
ossl_lucas_campaign,campaign2015,2015_b28,SCP,0.1,3,25,0.000213623046875,791,0.9355246523388117,3.319599920428235,2.782685568492644,5.891788104884036,1.0,4.078844308559447,-0.2992410360082923,4.07042648924068
ossl_lucas_campaign,campaign2015,2015_b29,SCP,0.1,3,25,0.000213623046875,711,0.7355836849507735,3.0946303273982756,2.476170049823894,11.432199498392537,1.0,2.895145855130485,-1.3800224683399023,2.5468668238689625
ossl_lucas_campaign,campaign2015,2015_b3,SCP,0.1,3,25,0.000213623046875,1000,0.902,2.685897555639743,2.357448931879885,5.8262334784561425,1.0,1.7058569261167036,-0.7940787313771516,1.5105192780113814
ossl_lucas_campaign,campaign2015,2015_b4,SCP,0.1,3,25,0.000213623046875,729,0.7983539094650206,11.186183886493042,3.023132172484252,26.81972674064173,1.0,10.106217943648197,1.1791094288664952,10.044089233881538
ossl_lucas_campaign,campaign2015,2015_b5,SCP,0.1,3,25,0.000213623046875,409,0.7163814180929096,2.319621859696349,2.081691846433913,9.484329098819735,1.0,1.8586419312305578,-0.9784026448415115,1.5822132829475084
ossl_lucas_campaign,campaign2015,2015_b6,SCP,0.1,3,25,0.000213623046875,731,0.7086183310533516,12.451856453670239,4.288153789185223,39.3525722311363,1.0,11.372136573163045,-1.4350606049198709,11.288951608109933
ossl_lucas_campaign,campaign2015,2015_b7,SCP,0.1,3,25,0.000213623046875,428,0.8434579439252337,3.6272916123842256,3.0701960191996056,13.116846611761083,1.0,3.921617471926034,-1.4530487711229985,3.6467526429380777
ossl_lucas_campaign,campaign2015,2015_b8,SCP,0.1,3,25,0.000213623046875,840,0.888095238095238,2.5064659620561986,2.2632982857667066,5.771899456391938,1.0,1.7013216986649229,-0.9300435592673291,1.4254590378641159
ossl_lucas_campaign,campaign2015,2015_b9,SCP,0.1,3,25,0.000213623046875,684,0.8888888888888888,3.4036580905923373,2.6577665835875726,9.355715009519232,1.0,2.718948005250529,-0.48112327753272055,2.677999918701279
ossl_lucas_campaign,campaign2015,2015_b0,SCP,0.2,3,25,0.00023889541625976562,759,0.8656126482213439,4.469987376844864,2.301981355861489,8.709474390404026,1.0,5.587635078334462,-0.10928540904522795,5.590250105706058
ossl_lucas_campaign,campaign2015,2015_b1,SCP,0.2,3,25,0.00023889541625976562,495,0.6141414141414141,2.203451169219226,1.7292194004232702,8.335009261815742,1.0,3.6786401682356202,-0.8955061908651761,3.5715868064171747
ossl_lucas_campaign,campaign2015,2015_b10,SCP,0.2,3,25,0.00023889541625976562,746,0.7613941018766756,1.89179778268739,1.7696530983227101,4.325408946714268,1.0,1.4812827253843897,-0.6912914656995124,1.3109608689771395
ossl_lucas_campaign,campaign2015,2015_b11,SCP,0.2,3,25,0.00023889541625976562,231,0.49783549783549785,9.091981143358066,3.4121288830834495,31.641677163950227,1.0,16.352927800273463,-0.23417004662593152,16.386758729161258
ossl_lucas_campaign,campaign2015,2015_b12,SCP,0.2,3,25,0.00023889541625976562,544,0.5955882352941176,11.596257382557543,3.0643971382433026,31.217387198199475,1.0,14.739294081579544,2.513644176333618,14.536740798363398
ossl_lucas_campaign,campaign2015,2015_b13,SCP,0.2,3,25,0.00023889541625976562,570,0.5701754385964912,1.662645682989116,1.5609370692326616,5.867405213291641,1.0,1.6185309930487748,-0.86683112192869,1.3680386570092116
ossl_lucas_campaign,campaign2015,2015_b14,SCP,0.2,3,25,0.00023889541625976562,779,0.6521181001283697,5.383633141755233,3.0648991186509096,19.900666741173787,1.0,7.436832821096665,-1.877156946630634,7.200647403500929
ossl_lucas_campaign,campaign2015,2015_b15,SCP,0.2,3,25,0.00023889541625976562,1380,0.6688405797101449,2.0041719350959104,1.7486979914504985,5.44645388818532,1.0,1.7969731448891426,-0.8184402741531424,1.6003511764522955
ossl_lucas_campaign,campaign2015,2015_b16,SCP,0.2,3,25,0.00023889541625976562,689,0.7416545718432511,2.0359554787054592,1.7492996171562023,5.685611580922862,1.0,2.031713137575887,-0.868203555162873,1.8382015796690545
ossl_lucas_campaign,campaign2015,2015_b17,SCP,0.2,3,25,0.00023889541625976562,279,0.46953405017921146,4.29759722290714,2.936204534019047,29.411719001197092,1.0,8.362491324869579,-3.5189378174445225,7.59969382309669
ossl_lucas_campaign,campaign2015,2015_b18,SCP,0.2,3,25,0.00023889541625976562,1543,0.7083603370058328,2.1913867925370303,1.8507091524376282,6.297453767325077,1.0,2.1049955631880577,-0.6650757208872082,1.9978156320161555
ossl_lucas_campaign,campaign2015,2015_b19,SCP,0.2,3,25,0.00023889541625976562,645,0.7147286821705426,1.801129278287898,1.6028712224249368,3.235314365847878,1.0,1.0460505391134314,-0.09268896231874167,1.0427445747972024
ossl_lucas_campaign,campaign2015,2015_b2,SCP,0.2,3,25,0.00023889541625976562,1055,0.6587677725118484,1.7142107251747773,1.5626525267228875,5.592962572426107,1.0,1.822761351691537,-0.65445058087298,1.7020279840501378
ossl_lucas_campaign,campaign2015,2015_b20,SCP,0.2,3,25,0.00023889541625976562,807,0.46592317224287483,2.991827413708148,2.3682087800353853,19.014700610748225,1.0,5.024448518944666,-2.873686439559602,4.124085942408525
ossl_lucas_campaign,campaign2015,2015_b21,SCP,0.2,3,25,0.00023889541625976562,775,0.7651612903225806,1.6893737544679357,1.55949111081228,2.682120401629626,1.0,0.8979380588469682,-0.5476804664105559,0.7120344435610516
ossl_lucas_campaign,campaign2015,2015_b22,SCP,0.2,3,25,0.00023889541625976562,564,0.5921985815602837,7.333941409726264,3.1338097961774958,20.97340611272084,1.0,8.796790917207897,-1.171327803222896,8.726198095514457
ossl_lucas_campaign,campaign2015,2015_b23,SCP,0.2,3,25,0.00023889541625976562,818,0.6161369193154034,3.1569478778458477,2.2690295712046042,10.924845848655172,1.0,3.882780128626792,-1.0463371144270956,3.7414265960162045
ossl_lucas_campaign,campaign2015,2015_b24,SCP,0.2,3,25,0.00023889541625976562,1169,0.6467065868263473,3.034439565112598,2.4627641280372563,10.447354261488243,1.0,3.3517151937456475,-1.4150038167195136,3.0396813717650635
ossl_lucas_campaign,campaign2015,2015_b25,SCP,0.2,3,25,0.00023889541625976562,76,0.75,1.800253705370594,1.7570912496024305,3.0301878547559475,1.0,0.8090254887376963,0.21249059062532294,0.7858084521862029
ossl_lucas_campaign,campaign2015,2015_b26,SCP,0.2,3,25,0.00023889541625976562,873,0.8785796105383734,2.2021333089553723,1.738643477124551,5.1246190035741686,1.0,2.829154395320543,-0.27656720166009013,2.81721786321224
ossl_lucas_campaign,campaign2015,2015_b27,SCP,0.2,3,25,0.00023889541625976562,662,0.6888217522658611,2.5117522883550656,2.0121242635038583,8.387832981437615,1.0,2.961763134642857,-1.4208727591753507,2.6006495440796518
ossl_lucas_campaign,campaign2015,2015_b28,SCP,0.2,3,25,0.00023889541625976562,791,0.8381795195954488,2.3988678108592016,2.010873297387691,4.488635961363683,1.0,4.078844308559447,-0.2992410360082923,4.07042648924068
ossl_lucas_campaign,campaign2015,2015_b29,SCP,0.2,3,25,0.00023889541625976562,711,0.5879043600562588,2.236296317884818,1.7893736501746549,8.880411992514041,1.0,2.895145855130485,-1.3800224683399023,2.5468668238689625
ossl_lucas_campaign,campaign2015,2015_b3,SCP,0.2,3,25,0.00023889541625976562,1000,0.758,1.9409306374059723,1.7035813031654519,4.449852198464685,1.0,1.7058569261167036,-0.7940787313771516,1.5105192780113814
ossl_lucas_campaign,campaign2015,2015_b4,SCP,0.2,3,25,0.00023889541625976562,729,0.6817558299039781,8.08355738489064,2.1846290608447134,21.007325302769008,1.0,10.106217943648197,1.1791094288664952,10.044089233881538
ossl_lucas_campaign,campaign2015,2015_b5,SCP,0.2,3,25,0.00023889541625976562,409,0.5476772616136919,1.6762460374661965,1.5043088571631764,6.942129800481269,1.0,1.8586419312305578,-0.9784026448415115,1.5822132829475084
ossl_lucas_campaign,campaign2015,2015_b6,SCP,0.2,3,25,0.00023889541625976562,731,0.5526675786593708,8.998180006070012,3.098781280716304,29.751413735495678,1.0,11.372136573163045,-1.4350606049198709,11.288951608109933
ossl_lucas_campaign,campaign2015,2015_b7,SCP,0.2,3,25,0.00023889541625976562,428,0.6612149532710281,2.6212174051460972,2.218639167377704,9.175213804333724,1.0,3.921617471926034,-1.4530487711229985,3.6467526429380777
ossl_lucas_campaign,campaign2015,2015_b8,SCP,0.2,3,25,0.00023889541625976562,840,0.680952380952381,1.811266616314175,1.635544503627463,4.5091902329379,1.0,1.7013216986649229,-0.9300435592673291,1.4254590378641159
ossl_lucas_campaign,campaign2015,2015_b9,SCP,0.2,3,25,0.00023889541625976562,684,0.7748538011695907,2.4596114075214097,1.920602138501977,6.590296561490732,1.0,2.718948005250529,-0.48112327753272055,2.677999918701279
ossl_lucas_campaign,campaign2015,2015_b0,NCP-kNN,0.05,3,25,2.848435878753662,759,0.9565217391304348,8.76346224649822,4.4256289430099525,13.077415995849119,1.0,5.587635078334462,-0.10928540904522795,5.590250105706058
ossl_lucas_campaign,campaign2015,2015_b1,NCP-kNN,0.05,3,25,2.848435878753662,495,0.8101010101010101,3.329317638010053,2.4652144159518867,13.683582136440892,1.0,3.6786401682356202,-0.8955061908651761,3.5715868064171747
ossl_lucas_campaign,campaign2015,2015_b10,NCP-kNN,0.05,3,25,2.848435878753662,746,0.8579088471849866,2.6771134654603226,2.2499091388112245,6.354418662452472,1.0,1.4812827253843897,-0.6912914656995124,1.3109608689771395
ossl_lucas_campaign,campaign2015,2015_b11,NCP-kNN,0.05,3,25,2.848435878753662,231,0.7575757575757576,21.713543774595106,5.167397911707662,44.67880950890635,1.0,16.352927800273463,-0.23417004662593152,16.386758729161258
ossl_lucas_campaign,campaign2015,2015_b12,NCP-kNN,0.05,3,25,2.848435878753662,544,0.8915441176470589,26.68512952511255,5.51334856490803,38.44778898870177,1.0,14.739294081579544,2.513644176333618,14.536740798363398
ossl_lucas_campaign,campaign2015,2015_b13,NCP-kNN,0.05,3,25,2.848435878753662,570,0.7771929824561403,2.629224844043215,2.289600554694258,9.192052919298682,1.0,1.6185309930487748,-0.86683112192869,1.3680386570092116
ossl_lucas_campaign,campaign2015,2015_b14,NCP-kNN,0.05,3,25,2.848435878753662,779,0.8716302952503209,12.33616509404565,5.807396011593188,31.39181136434659,1.0,7.436832821096665,-1.877156946630634,7.200647403500929
ossl_lucas_campaign,campaign2015,2015_b15,NCP-kNN,0.05,3,25,2.848435878753662,1380,0.8057971014492754,2.902265220164288,2.280539877566139,9.714698647702665,1.0,1.7969731448891426,-0.8184402741531424,1.6003511764522955
ossl_lucas_campaign,campaign2015,2015_b16,NCP-kNN,0.05,3,25,2.848435878753662,689,0.8998548621190131,3.4865552957927606,2.7276739287659906,8.384292683990735,1.0,2.031713137575887,-0.868203555162873,1.8382015796690545
ossl_lucas_campaign,campaign2015,2015_b17,NCP-kNN,0.05,3,25,2.848435878753662,279,0.7419354838709677,8.73539305501156,5.0528180053159115,57.0950767671223,1.0,8.362491324869579,-3.5189378174445225,7.59969382309669
ossl_lucas_campaign,campaign2015,2015_b18,NCP-kNN,0.05,3,25,2.848435878753662,1543,0.8755670771224887,3.7428395687420126,2.678820395759679,9.790036091625332,1.0,2.1049955631880577,-0.6650757208872082,1.9978156320161555
ossl_lucas_campaign,campaign2015,2015_b19,NCP-kNN,0.05,3,25,2.848435878753662,645,0.8914728682170543,3.048201914341721,2.323925295145139,4.366814711705725,1.0,1.0460505391134314,-0.09268896231874167,1.0427445747972024
ossl_lucas_campaign,campaign2015,2015_b2,NCP-kNN,0.05,3,25,2.848435878753662,1055,0.7924170616113744,2.654657898355145,1.9530114188409435,8.690269520365565,1.0,1.822761351691537,-0.65445058087298,1.7020279840501378
ossl_lucas_campaign,campaign2015,2015_b20,NCP-kNN,0.05,3,25,2.848435878753662,807,0.701363073110285,5.115847372008407,3.501469266361819,31.774899478723327,1.0,5.024448518944666,-2.873686439559602,4.124085942408525
ossl_lucas_campaign,campaign2015,2015_b21,NCP-kNN,0.05,3,25,2.848435878753662,775,0.8541935483870968,2.246403166197082,1.868441944397994,3.991049687258324,1.0,0.8979380588469682,-0.5476804664105559,0.7120344435610516
ossl_lucas_campaign,campaign2015,2015_b22,NCP-kNN,0.05,3,25,2.848435878753662,564,0.875886524822695,16.08431874505153,5.716178957456012,25.083116411732117,1.0,8.796790917207897,-1.171327803222896,8.726198095514457
ossl_lucas_campaign,campaign2015,2015_b23,NCP-kNN,0.05,3,25,2.848435878753662,818,0.8801955990220048,6.890159111361156,4.359593363731231,16.68334935052174,1.0,3.882780128626792,-1.0463371144270956,3.7414265960162045
ossl_lucas_campaign,campaign2015,2015_b24,NCP-kNN,0.05,3,25,2.848435878753662,1169,0.8109495295124037,4.894179536476859,3.492350971459122,15.804765710146013,1.0,3.3517151937456475,-1.4150038167195136,3.0396813717650635
ossl_lucas_campaign,campaign2015,2015_b25,NCP-kNN,0.05,3,25,2.848435878753662,76,0.881578947368421,2.7456326315223385,2.483081624317321,4.978436506224316,1.0,0.8090254887376963,0.21249059062532294,0.7858084521862029
ossl_lucas_campaign,campaign2015,2015_b26,NCP-kNN,0.05,3,25,2.848435878753662,873,0.9667812142038946,4.264546932879306,3.1326464111201204,9.618980627932293,1.0,2.829154395320543,-0.27656720166009013,2.81721786321224
ossl_lucas_campaign,campaign2015,2015_b27,NCP-kNN,0.05,3,25,2.848435878753662,662,0.8217522658610272,3.728482465349071,2.7698371187356594,14.779791510418264,1.0,2.961763134642857,-1.4208727591753507,2.6006495440796518
ossl_lucas_campaign,campaign2015,2015_b28,NCP-kNN,0.05,3,25,2.848435878753662,791,0.9190897597977244,3.7646078510606977,2.628664001051402,6.088365215903185,1.0,4.078844308559447,-0.2992410360082923,4.07042648924068
ossl_lucas_campaign,campaign2015,2015_b29,NCP-kNN,0.05,3,25,2.848435878753662,711,0.7749648382559775,3.3958920241901533,2.471402837051042,14.402671595703165,1.0,2.895145855130485,-1.3800224683399023,2.5468668238689625
ossl_lucas_campaign,campaign2015,2015_b3,NCP-kNN,0.05,3,25,2.848435878753662,1000,0.783,2.551850701218812,1.968532200167762,7.944985975726359,1.0,1.7058569261167036,-0.7940787313771516,1.5105192780113814
ossl_lucas_campaign,campaign2015,2015_b4,NCP-kNN,0.05,3,25,2.848435878753662,729,0.869684499314129,18.819126412294782,3.5285059759188937,32.71322172563716,1.0,10.106217943648197,1.1791094288664952,10.044089233881538
ossl_lucas_campaign,campaign2015,2015_b5,NCP-kNN,0.05,3,25,2.848435878753662,409,0.80440097799511,2.544352995793137,2.1783810250620554,11.339878391153883,1.0,1.8586419312305578,-0.9784026448415115,1.5822132829475084
ossl_lucas_campaign,campaign2015,2015_b6,NCP-kNN,0.05,3,25,2.848435878753662,731,0.841313269493844,19.852041107896024,5.670183604696486,45.372376603244575,1.0,11.372136573163045,-1.4350606049198709,11.288951608109933
ossl_lucas_campaign,campaign2015,2015_b7,NCP-kNN,0.05,3,25,2.848435878753662,428,0.8411214953271028,4.259606562349333,3.3458420298293734,16.96600571402096,1.0,3.921617471926034,-1.4530487711229985,3.6467526429380777
ossl_lucas_campaign,campaign2015,2015_b8,NCP-kNN,0.05,3,25,2.848435878753662,840,0.7773809523809524,2.488189607543515,1.9757134328300126,7.815145977904313,1.0,1.7013216986649229,-0.9300435592673291,1.4254590378641159
ossl_lucas_campaign,campaign2015,2015_b9,NCP-kNN,0.05,3,25,2.848435878753662,684,0.9429824561403509,5.066435946380537,3.649898517690197,10.955166259515913,1.0,2.718948005250529,-0.48112327753272055,2.677999918701279
ossl_lucas_campaign,campaign2015,2015_b0,NCP-kNN,0.1,3,25,0.0002923011779785156,759,0.9367588932806324,7.102518386721685,3.5961179599935638,10.930798935986466,1.0,5.587635078334462,-0.10928540904522795,5.590250105706058
ossl_lucas_campaign,campaign2015,2015_b1,NCP-kNN,0.1,3,25,0.0002923011779785156,495,0.703030303030303,2.7160868263376035,2.0025250604304476,10.51010958257161,1.0,3.6786401682356202,-0.8955061908651761,3.5715868064171747
ossl_lucas_campaign,campaign2015,2015_b10,NCP-kNN,0.1,3,25,0.0002923011779785156,746,0.7734584450402144,2.187939353073572,1.8540913749969485,5.365281522872643,1.0,1.4812827253843897,-0.6912914656995124,1.3109608689771395
ossl_lucas_campaign,campaign2015,2015_b11,NCP-kNN,0.1,3,25,0.0002923011779785156,231,0.6666666666666666,17.33313792705867,4.23291814420292,35.46807805692711,1.0,16.352927800273463,-0.23417004662593152,16.386758729161258
ossl_lucas_campaign,campaign2015,2015_b12,NCP-kNN,0.1,3,25,0.0002923011779785156,544,0.8106617647058824,21.46351989220585,4.487222416380051,33.155358290798695,1.0,14.739294081579544,2.513644176333618,14.536740798363398
ossl_lucas_campaign,campaign2015,2015_b13,NCP-kNN,0.1,3,25,0.0002923011779785156,570,0.6736842105263158,2.143005076317185,1.8623797050320023,7.274805212660947,1.0,1.6185309930487748,-0.86683112192869,1.3680386570092116
ossl_lucas_campaign,campaign2015,2015_b14,NCP-kNN,0.1,3,25,0.0002923011779785156,779,0.8189987163029525,9.895715005541446,4.71299823389332,23.468076901656904,1.0,7.436832821096665,-1.877156946630634,7.200647403500929
ossl_lucas_campaign,campaign2015,2015_b15,NCP-kNN,0.1,3,25,0.0002923011779785156,1380,0.7115942028985507,2.370642846910501,1.8746682872472717,7.488494814168497,1.0,1.7969731448891426,-0.8184402741531424,1.6003511764522955
ossl_lucas_campaign,campaign2015,2015_b16,NCP-kNN,0.1,3,25,0.0002923011779785156,689,0.8098693759071117,2.834508728129712,2.2323205450695487,6.618521819486855,1.0,2.031713137575887,-0.868203555162873,1.8382015796690545
ossl_lucas_campaign,campaign2015,2015_b17,NCP-kNN,0.1,3,25,0.0002923011779785156,279,0.6451612903225806,7.058633560010024,4.108934960545071,39.458566312825084,1.0,8.362491324869579,-3.5189378174445225,7.59969382309669
ossl_lucas_campaign,campaign2015,2015_b18,NCP-kNN,0.1,3,25,0.0002923011779785156,1543,0.7900194426441997,3.039723053079232,2.1989268793228893,7.598591302209503,1.0,2.1049955631880577,-0.6650757208872082,1.9978156320161555
ossl_lucas_campaign,campaign2015,2015_b19,NCP-kNN,0.1,3,25,0.0002923011779785156,645,0.813953488372093,2.4778481745257777,1.9106134407426147,3.8389553293754233,1.0,1.0460505391134314,-0.09268896231874167,1.0427445747972024
ossl_lucas_campaign,campaign2015,2015_b2,NCP-kNN,0.1,3,25,0.0002923011779785156,1055,0.7014218009478673,2.1569119767024434,1.607284001335474,6.947503928744348,1.0,1.822761351691537,-0.65445058087298,1.7020279840501378
ossl_lucas_campaign,campaign2015,2015_b20,NCP-kNN,0.1,3,25,0.0002923011779785156,807,0.5514250309789344,4.151027135472626,2.88327576167437,23.81747874692605,1.0,5.024448518944666,-2.873686439559602,4.124085942408525
ossl_lucas_campaign,campaign2015,2015_b21,NCP-kNN,0.1,3,25,0.0002923011779785156,775,0.7238709677419355,1.840707474287118,1.5396684541475913,3.594564696416419,1.0,0.8979380588469682,-0.5476804664105559,0.7120344435610516
ossl_lucas_campaign,campaign2015,2015_b22,NCP-kNN,0.1,3,25,0.0002923011779785156,564,0.7890070921985816,12.961610679853719,4.648419645460533,21.059955606488423,1.0,8.796790917207897,-1.171327803222896,8.726198095514457
ossl_lucas_campaign,campaign2015,2015_b23,NCP-kNN,0.1,3,25,0.0002923011779785156,818,0.7982885085574573,5.5382405593867885,3.558467625327756,13.042699509525349,1.0,3.882780128626792,-1.0463371144270956,3.7414265960162045
ossl_lucas_campaign,campaign2015,2015_b24,NCP-kNN,0.1,3,25,0.0002923011779785156,1169,0.7065868263473054,3.9838038680256393,2.8627921217170593,12.687913724318209,1.0,3.3517151937456475,-1.4150038167195136,3.0396813717650635
ossl_lucas_campaign,campaign2015,2015_b25,NCP-kNN,0.1,3,25,0.0002923011779785156,76,0.8157894736842105,2.2355098146454786,2.0472965699855017,3.8665987512905162,1.0,0.8090254887376963,0.21249059062532294,0.7858084521862029
ossl_lucas_campaign,campaign2015,2015_b26,NCP-kNN,0.1,3,25,0.0002923011779785156,873,0.9381443298969072,3.4518629358244084,2.5550105467484516,7.138354208320763,1.0,2.829154395320543,-0.27656720166009013,2.81721786321224
ossl_lucas_campaign,campaign2015,2015_b27,NCP-kNN,0.1,3,25,0.0002923011779785156,662,0.702416918429003,3.038494902680073,2.276879557454874,11.17936821952885,1.0,2.961763134642857,-1.4208727591753507,2.6006495440796518
ossl_lucas_campaign,campaign2015,2015_b28,NCP-kNN,0.1,3,25,0.0002923011779785156,791,0.8621997471554994,3.0624078387744396,2.1561362465552616,5.2244093475303774,1.0,4.078844308559447,-0.2992410360082923,4.07042648924068
ossl_lucas_campaign,campaign2015,2015_b29,NCP-kNN,0.1,3,25,0.0002923011779785156,711,0.6483825597749648,2.769108496832549,2.0260242400273984,11.21688807922077,1.0,2.895145855130485,-1.3800224683399023,2.5468668238689625
ossl_lucas_campaign,campaign2015,2015_b3,NCP-kNN,0.1,3,25,0.0002923011779785156,1000,0.672,2.0836085771869217,1.62282427883975,6.152045343268154,1.0,1.7058569261167036,-0.7940787313771516,1.5105192780113814
ossl_lucas_campaign,campaign2015,2015_b4,NCP-kNN,0.1,3,25,0.0002923011779785156,729,0.8024691358024691,15.092525109201747,2.8813855477008428,24.850953741677618,1.0,10.106217943648197,1.1791094288664952,10.044089233881538
ossl_lucas_campaign,campaign2015,2015_b5,NCP-kNN,0.1,3,25,0.0002923011779785156,409,0.6797066014669927,2.075402169291312,1.784134137145263,8.496896329778014,1.0,1.8586419312305578,-0.9784026448415115,1.5822132829475084
ossl_lucas_campaign,campaign2015,2015_b6,NCP-kNN,0.1,3,25,0.0002923011779785156,731,0.7441860465116279,15.977715024548676,4.620035436530543,34.83659450171334,1.0,11.372136573163045,-1.4350606049198709,11.288951608109933
ossl_lucas_campaign,campaign2015,2015_b7,NCP-kNN,0.1,3,25,0.0002923011779785156,428,0.764018691588785,3.467289645266822,2.7498119476707945,12.477433935750879,1.0,3.921617471926034,-1.4530487711229985,3.6467526429380777
ossl_lucas_campaign,campaign2015,2015_b8,NCP-kNN,0.1,3,25,0.0002923011779785156,840,0.6523809523809524,2.0326422879424175,1.6239273886692063,6.326592343504149,1.0,1.7013216986649229,-0.9300435592673291,1.4254590378641159
ossl_lucas_campaign,campaign2015,2015_b9,NCP-kNN,0.1,3,25,0.0002923011779785156,684,0.9049707602339181,4.092583588803616,2.964227655205635,8.189892655970558,1.0,2.718948005250529,-0.48112327753272055,2.677999918701279
ossl_lucas_campaign,campaign2015,2015_b0,NCP-kNN,0.2,3,25,0.00031113624572753906,759,0.8959156785243741,5.34903397808119,2.7154720032652113,8.678042371442807,1.0,5.587635078334462,-0.10928540904522795,5.590250105706058
ossl_lucas_campaign,campaign2015,2015_b1,NCP-kNN,0.2,3,25,0.00031113624572753906,495,0.5494949494949495,2.0580417574041574,1.5166484071310573,7.8634139391867865,1.0,3.6786401682356202,-0.8955061908651761,3.5715868064171747
ossl_lucas_campaign,campaign2015,2015_b10,NCP-kNN,0.2,3,25,0.00031113624572753906,746,0.6045576407506702,1.6605780124085172,1.4144597516066133,4.328339840988636,1.0,1.4812827253843897,-0.6912914656995124,1.3109608689771395
ossl_lucas_campaign,campaign2015,2015_b11,NCP-kNN,0.2,3,25,0.00031113624572753906,231,0.4805194805194805,12.873223432679334,3.2304178978709692,27.433566734659014,1.0,16.352927800273463,-0.23417004662593152,16.386758729161258
ossl_lucas_campaign,campaign2015,2015_b12,NCP-kNN,0.2,3,25,0.00031113624572753906,544,0.6617647058823529,16.05082491267796,3.374315100406291,27.32153456119689,1.0,14.739294081579544,2.513644176333618,14.536740798363398
ossl_lucas_campaign,campaign2015,2015_b13,NCP-kNN,0.2,3,25,0.00031113624572753906,570,0.5245614035087719,1.6224313298185407,1.4171692291035773,5.613407173325145,1.0,1.6185309930487748,-0.86683112192869,1.3680386570092116
ossl_lucas_campaign,campaign2015,2015_b14,NCP-kNN,0.2,3,25,0.00031113624572753906,779,0.7175866495507061,7.382901922027277,3.546401294785153,17.4949878858405,1.0,7.436832821096665,-1.877156946630634,7.200647403500929
ossl_lucas_campaign,campaign2015,2015_b15,NCP-kNN,0.2,3,25,0.00031113624572753906,1380,0.5768115942028985,1.7983837832958107,1.4296844011506944,5.7289774367009425,1.0,1.7969731448891426,-0.8184402741531424,1.6003511764522955
ossl_lucas_campaign,campaign2015,2015_b16,NCP-kNN,0.2,3,25,0.00031113624572753906,689,0.6632801161103048,2.140869148010038,1.7028389358088596,5.236690661827717,1.0,2.031713137575887,-0.868203555162873,1.8382015796690545
ossl_lucas_campaign,campaign2015,2015_b17,NCP-kNN,0.2,3,25,0.00031113624572753906,279,0.5232974910394266,5.301402791091343,3.120551980903551,26.615584698197818,1.0,8.362491324869579,-3.5189378174445225,7.59969382309669
ossl_lucas_campaign,campaign2015,2015_b18,NCP-kNN,0.2,3,25,0.00031113624572753906,1543,0.6973428386260532,2.293784773406019,1.6680224418947067,5.853938967245585,1.0,2.1049955631880577,-0.6650757208872082,1.9978156320161555
ossl_lucas_campaign,campaign2015,2015_b19,NCP-kNN,0.2,3,25,0.00031113624572753906,645,0.6883720930232559,1.8713427079990348,1.453360515365557,3.1945484010157337,1.0,1.0460505391134314,-0.09268896231874167,1.0427445747972024
ossl_lucas_campaign,campaign2015,2015_b2,NCP-kNN,0.2,3,25,0.00031113624572753906,1055,0.5582938388625592,1.628407122259057,1.230211077359504,5.342985756665015,1.0,1.822761351691537,-0.65445058087298,1.7020279840501378
ossl_lucas_campaign,campaign2015,2015_b20,NCP-kNN,0.2,3,25,0.00031113624572753906,807,0.38166047087980176,3.12984670707163,2.19885540591038,17.484086605499552,1.0,5.024448518944666,-2.873686439559602,4.124085942408525
ossl_lucas_campaign,campaign2015,2015_b21,NCP-kNN,0.2,3,25,0.00031113624572753906,775,0.5729032258064516,1.4003462621255756,1.1732195803309469,3.1167826249824935,1.0,0.8979380588469682,-0.5476804664105559,0.7120344435610516
ossl_lucas_campaign,campaign2015,2015_b22,NCP-kNN,0.2,3,25,0.00031113624572753906,564,0.6436170212765957,9.710147320244504,3.5122082352734703,18.237341645690044,1.0,8.796790917207897,-1.171327803222896,8.726198095514457
ossl_lucas_campaign,campaign2015,2015_b23,NCP-kNN,0.2,3,25,0.00031113624572753906,818,0.6625916870415648,4.139630084274168,2.6697905938331745,10.004171184665593,1.0,3.882780128626792,-1.0463371144270956,3.7414265960162045
ossl_lucas_campaign,campaign2015,2015_b24,NCP-kNN,0.2,3,25,0.00031113624572753906,1169,0.5757057313943541,3.0124483728488447,2.181565463631495,9.821129381010524,1.0,3.3517151937456475,-1.4150038167195136,3.0396813717650635
ossl_lucas_campaign,campaign2015,2015_b25,NCP-kNN,0.2,3,25,0.00031113624572753906,76,0.7105263157894737,1.6908420709014786,1.5627212350035866,2.97497187158988,1.0,0.8090254887376963,0.21249059062532294,0.7858084521862029
ossl_lucas_campaign,campaign2015,2015_b26,NCP-kNN,0.2,3,25,0.00031113624572753906,873,0.8900343642611683,2.596683352975222,1.9396220209613495,5.065729902987423,1.0,2.829154395320543,-0.27656720166009013,2.81721786321224
ossl_lucas_campaign,campaign2015,2015_b27,NCP-kNN,0.2,3,25,0.00031113624572753906,662,0.5362537764350453,2.300467737296165,1.7359563204351764,8.452089701624885,1.0,2.961763134642857,-1.4208727591753507,2.6006495440796518
ossl_lucas_campaign,campaign2015,2015_b28,NCP-kNN,0.2,3,25,0.00031113624572753906,791,0.7446270543615676,2.314417648689048,1.6450625803357262,4.214961895058441,1.0,4.078844308559447,-0.2992410360082923,4.07042648924068
ossl_lucas_campaign,campaign2015,2015_b29,NCP-kNN,0.2,3,25,0.00031113624572753906,711,0.5049226441631505,2.0973530234458813,1.5470416287489097,8.585045362457876,1.0,2.895145855130485,-1.3800224683399023,2.5468668238689625
ossl_lucas_campaign,campaign2015,2015_b3,NCP-kNN,0.2,3,25,0.00031113624572753906,1000,0.512,1.5803044690037855,1.2347658872976024,4.74787519822638,1.0,1.7058569261167036,-0.7940787313771516,1.5105192780113814
ossl_lucas_campaign,campaign2015,2015_b4,NCP-kNN,0.2,3,25,0.00031113624572753906,729,0.7023319615912208,11.25657116193864,2.1791406557788706,19.15768204072368,1.0,10.106217943648197,1.1791094288664952,10.044089233881538
ossl_lucas_campaign,campaign2015,2015_b5,NCP-kNN,0.2,3,25,0.00031113624572753906,409,0.5134474327628362,1.5723476314233278,1.3515550655606374,6.389831810285053,1.0,1.8586419312305578,-0.9784026448415115,1.5822132829475084
ossl_lucas_campaign,campaign2015,2015_b6,NCP-kNN,0.2,3,25,0.00031113624572753906,731,0.6046511627906976,11.956405069999414,3.4856900425669286,26.801358869379627,1.0,11.372136573163045,-1.4350606049198709,11.288951608109933
ossl_lucas_campaign,campaign2015,2015_b7,NCP-kNN,0.2,3,25,0.00031113624572753906,428,0.6261682242990654,2.6219105343021596,2.090870527067863,9.036254520037945,1.0,3.921617471926034,-1.4530487711229985,3.6467526429380777
ossl_lucas_campaign,campaign2015,2015_b8,NCP-kNN,0.2,3,25,0.00031113624572753906,840,0.47023809523809523,1.5421432326248692,1.2343551649546731,4.982397807463857,1.0,1.7013216986649229,-0.9300435592673291,1.4254590378641159
ossl_lucas_campaign,campaign2015,2015_b9,NCP-kNN,0.2,3,25,0.00031113624572753906,684,0.8172514619883041,3.0727409683302636,2.2421412535218312,6.160568179983693,1.0,2.718948005250529,-0.48112327753272055,2.677999918701279
ossl_lucas_campaign,campaign2015,2015_b0,CV+,0.05,3,25,1.4219157695770264,759,0.9736495388669302,8.21735994908695,4.189472765003932,12.644670998580004,1.0,5.587635078334462,-0.10928540904522795,5.590250105706058
ossl_lucas_campaign,campaign2015,2015_b1,CV+,0.05,3,25,1.4219157695770264,495,0.8525252525252526,4.0231179536363655,3.101514545373378,13.513843302230471,1.0,3.6786401682356202,-0.8955061908651761,3.5715868064171747
ossl_lucas_campaign,campaign2015,2015_b10,CV+,0.05,3,25,1.4219157695770264,746,0.9477211796246648,3.4009724650307236,3.1738776849521084,7.173414894566661,1.0,1.4812827253843897,-0.6912914656995124,1.3109608689771395
ossl_lucas_campaign,campaign2015,2015_b11,CV+,0.05,3,25,1.4219157695770264,231,0.8398268398268398,16.807722980474207,6.085341125449216,64.6964417207146,1.0,16.352927800273463,-0.23417004662593152,16.386758729161258
ossl_lucas_campaign,campaign2015,2015_b12,CV+,0.05,3,25,1.4219157695770264,544,0.8511029411764706,20.94142337853981,5.628083448288303,47.982879905707875,1.0,14.739294081579544,2.513644176333618,14.536740798363398
ossl_lucas_campaign,campaign2015,2015_b13,CV+,0.05,3,25,1.4219157695770264,570,0.8456140350877193,3.048475726436411,2.8534884807387595,8.570495461432467,1.0,1.6185309930487748,-0.86683112192869,1.3680386570092116
ossl_lucas_campaign,campaign2015,2015_b14,CV+,0.05,3,25,1.4219157695770264,779,0.8446726572528883,9.830747710512327,5.439936570457956,37.66069512683416,1.0,7.436832821096665,-1.877156946630634,7.200647403500929
ossl_lucas_campaign,campaign2015,2015_b15,CV+,0.05,3,25,1.4219157695770264,1380,0.9101449275362319,3.5924730727393532,3.110856404790174,7.312073016686963,1.0,1.7969731448891426,-0.8184402741531424,1.6003511764522955
ossl_lucas_campaign,campaign2015,2015_b16,CV+,0.05,3,25,1.4219157695770264,689,0.9332365747460087,3.6563119360852117,3.143555165991273,10.007682031629722,1.0,2.031713137575887,-0.868203555162873,1.8382015796690545
ossl_lucas_campaign,campaign2015,2015_b17,CV+,0.05,3,25,1.4219157695770264,279,0.7275985663082437,7.727633231931642,5.310499280074259,70.23700887899537,1.0,8.362491324869579,-3.5189378174445225,7.59969382309669
ossl_lucas_campaign,campaign2015,2015_b18,CV+,0.05,3,25,1.4219157695770264,1543,0.9053791315618924,3.964777989315416,3.354757534866428,10.781690149734798,1.0,2.1049955631880577,-0.6650757208872082,1.9978156320161555
ossl_lucas_campaign,campaign2015,2015_b19,CV+,0.05,3,25,1.4219157695770264,645,0.9302325581395349,3.2626261105620227,2.8859163804974988,4.592994265603242,1.0,1.0460505391134314,-0.09268896231874167,1.0427445747972024
ossl_lucas_campaign,campaign2015,2015_b2,CV+,0.05,3,25,1.4219157695770264,1055,0.8777251184834123,3.057665346283297,2.7851608050421355,10.629052972193026,1.0,1.822761351691537,-0.65445058087298,1.7020279840501378
ossl_lucas_campaign,campaign2015,2015_b20,CV+,0.05,3,25,1.4219157695770264,807,0.7509293680297398,5.404152510666262,4.269789517843417,36.068076208333686,1.0,5.024448518944666,-2.873686439559602,4.124085942408525
ossl_lucas_campaign,campaign2015,2015_b21,CV+,0.05,3,25,1.4219157695770264,775,0.9754838709677419,3.050818556594275,2.8226053270114297,3.4860272564155004,1.0,0.8979380588469682,-0.5476804664105559,0.7120344435610516
ossl_lucas_campaign,campaign2015,2015_b22,CV+,0.05,3,25,1.4219157695770264,564,0.8599290780141844,13.44900418553669,5.788213833689437,28.366669165391098,1.0,8.796790917207897,-1.171327803222896,8.726198095514457
ossl_lucas_campaign,campaign2015,2015_b23,CV+,0.05,3,25,1.4219157695770264,818,0.8569682151589242,5.663041481616847,4.039911362014093,20.33739990938041,1.0,3.882780128626792,-1.0463371144270956,3.7414265960162045
ossl_lucas_campaign,campaign2015,2015_b24,CV+,0.05,3,25,1.4219157695770264,1169,0.8785286569717707,5.485075803293233,4.431605158334202,18.721882030227764,1.0,3.3517151937456475,-1.4150038167195136,3.0396813717650635
ossl_lucas_campaign,campaign2015,2015_b25,CV+,0.05,3,25,1.4219157695770264,76,0.8947368421052632,3.185979818593353,3.094278407794613,4.09891570548948,1.0,0.8090254887376963,0.21249059062532294,0.7858084521862029
ossl_lucas_campaign,campaign2015,2015_b26,CV+,0.05,3,25,1.4219157695770264,873,0.9667812142038946,3.9635211075420593,3.109506459778901,10.915982923919037,1.0,2.829154395320543,-0.27656720166009013,2.81721786321224
ossl_lucas_campaign,campaign2015,2015_b27,CV+,0.05,3,25,1.4219157695770264,662,0.9018126888217523,4.525905313697908,3.6117314539957013,15.128994777505348,1.0,2.961763134642857,-1.4208727591753507,2.6006495440796518
ossl_lucas_campaign,campaign2015,2015_b28,CV+,0.05,3,25,1.4219157695770264,791,0.9747155499367889,4.279572258288141,3.5565990524729565,8.325879180214757,1.0,4.078844308559447,-0.2992410360082923,4.07042648924068
ossl_lucas_campaign,campaign2015,2015_b29,CV+,0.05,3,25,1.4219157695770264,711,0.8734177215189873,4.079265868412858,3.28326980334084,13.10247504808083,1.0,2.895145855130485,-1.3800224683399023,2.5468668238689625
ossl_lucas_campaign,campaign2015,2015_b3,CV+,0.05,3,25,1.4219157695770264,1000,0.953,3.439840972258854,3.014203167343159,7.772825528737037,1.0,1.7058569261167036,-0.7940787313771516,1.5105192780113814
ossl_lucas_campaign,campaign2015,2015_b4,CV+,0.05,3,25,1.4219157695770264,729,0.8765432098765432,14.567970988928153,3.9597797027172486,31.456420960549924,1.0,10.106217943648197,1.1791094288664952,10.044089233881538
ossl_lucas_campaign,campaign2015,2015_b5,CV+,0.05,3,25,1.4219157695770264,409,0.8533007334963325,3.097718667962911,2.7790605098223247,11.413883132769813,1.0,1.8586419312305578,-0.9784026448415115,1.5822132829475084
ossl_lucas_campaign,campaign2015,2015_b6,CV+,0.05,3,25,1.4219157695770264,731,0.8276333789329685,16.456268482186786,5.514955866290273,51.65098858422673,1.0,11.372136573163045,-1.4350606049198709,11.288951608109933
ossl_lucas_campaign,campaign2015,2015_b7,CV+,0.05,3,25,1.4219157695770264,428,0.9135514018691588,4.691540265314826,4.011056057809055,19.05667507817978,1.0,3.921617471926034,-1.4530487711229985,3.6467526429380777
ossl_lucas_campaign,campaign2015,2015_b8,CV+,0.05,3,25,1.4219157695770264,840,0.9547619047619048,3.296435817925964,2.9631237250006324,7.684986303053966,1.0,1.7013216986649229,-0.9300435592673291,1.4254590378641159
ossl_lucas_campaign,campaign2015,2015_b9,CV+,0.05,3,25,1.4219157695770264,684,0.9298245614035088,4.398133931847764,3.4426354373701065,12.98167669472388,1.0,2.718948005250529,-0.48112327753272055,2.677999918701279
ossl_lucas_campaign,campaign2015,2015_b0,CV+,0.1,3,25,0.9380838871002197,759,0.9433465085638999,6.455156433861057,3.2865085742625646,10.504092006244502,1.0,5.587635078334462,-0.10928540904522795,5.590250105706058
ossl_lucas_campaign,campaign2015,2015_b1,CV+,0.1,3,25,0.9380838871002197,495,0.7656565656565657,3.1622971882435635,2.43941369552006,10.771885821102265,1.0,3.6786401682356202,-0.8955061908651761,3.5715868064171747
ossl_lucas_campaign,campaign2015,2015_b10,CV+,0.1,3,25,0.9380838871002197,746,0.9115281501340483,2.6696411955742407,2.493510107891238,5.488198021678527,1.0,1.4812827253843897,-0.6912914656995124,1.3109608689771395
ossl_lucas_campaign,campaign2015,2015_b11,CV+,0.1,3,25,0.9380838871002197,231,0.7056277056277056,13.223191686956195,4.791741818371401,47.12796736538017,1.0,16.352927800273463,-0.23417004662593152,16.386758729161258
ossl_lucas_campaign,campaign2015,2015_b12,CV+,0.1,3,25,0.9380838871002197,544,0.7628676470588235,16.442586616773813,4.419928789399103,40.1456329847389,1.0,14.739294081579544,2.513644176333618,14.536740798363398
ossl_lucas_campaign,campaign2015,2015_b13,CV+,0.1,3,25,0.9380838871002197,570,0.7508771929824561,2.39625763266032,2.2446155608415292,6.990237981138811,1.0,1.6185309930487748,-0.86683112192869,1.3680386570092116
ossl_lucas_campaign,campaign2015,2015_b14,CV+,0.1,3,25,0.9380838871002197,779,0.7740693196405648,7.723247641943643,4.272443190773258,27.669303788871527,1.0,7.436832821096665,-1.877156946630634,7.200647403500929
ossl_lucas_campaign,campaign2015,2015_b15,CV+,0.1,3,25,0.9380838871002197,1380,0.8318840579710145,2.8229230443201896,2.444915581726952,6.318275741304669,1.0,1.7969731448891426,-0.8184402741531424,1.6003511764522955
ossl_lucas_campaign,campaign2015,2015_b16,CV+,0.1,3,25,0.9380838871002197,689,0.8708272859216255,2.8743276724081337,2.4720753120741525,7.432755638520471,1.0,2.031713137575887,-0.868203555162873,1.8382015796690545
ossl_lucas_campaign,campaign2015,2015_b17,CV+,0.1,3,25,0.9380838871002197,279,0.6272401433691757,6.0775398389273,4.1734034267923334,45.01209156455941,1.0,8.362491324869579,-3.5189378174445225,7.59969382309669
ossl_lucas_campaign,campaign2015,2015_b18,CV+,0.1,3,25,0.9380838871002197,1543,0.8425145819831497,3.1185081151903473,2.638933540272438,8.137298026493585,1.0,2.1049955631880577,-0.6650757208872082,1.9978156320161555
ossl_lucas_campaign,campaign2015,2015_b19,CV+,0.1,3,25,0.9380838871002197,645,0.875968992248062,2.5642835491211824,2.2695495347414782,3.881746961141001,1.0,1.0460505391134314,-0.09268896231874167,1.0427445747972024
ossl_lucas_campaign,campaign2015,2015_b2,CV+,0.1,3,25,0.9380838871002197,1055,0.795260663507109,2.4018962411216447,2.1849568741528334,7.821795846095176,1.0,1.822761351691537,-0.65445058087298,1.7020279840501378
ossl_lucas_campaign,campaign2015,2015_b20,CV+,0.1,3,25,0.9380838871002197,807,0.644361833952912,4.2500196778115304,3.352517350865283,25.900029274531196,1.0,5.024448518944666,-2.873686439559602,4.124085942408525
ossl_lucas_campaign,campaign2015,2015_b21,CV+,0.1,3,25,0.9380838871002197,775,0.9303225806451613,2.3941728926640877,2.2133800402924146,2.9952094950593637,1.0,0.8979380588469682,-0.5476804664105559,0.7120344435610516
ossl_lucas_campaign,campaign2015,2015_b22,CV+,0.1,3,25,0.9380838871002197,564,0.7570921985815603,10.5663094481038,4.538003942731772,24.343701709403593,1.0,8.796790917207897,-1.171327803222896,8.726198095514457
ossl_lucas_campaign,campaign2015,2015_b23,CV+,0.1,3,25,0.9380838871002197,818,0.7677261613691931,4.449104748332596,3.174294174914847,15.002171723928452,1.0,3.882780128626792,-1.0463371144270956,3.7414265960162045
ossl_lucas_campaign,campaign2015,2015_b24,CV+,0.1,3,25,0.9380838871002197,1169,0.7989734816082121,4.3088634517501125,3.485218753691113,13.77105976515255,1.0,3.3517151937456475,-1.4150038167195136,3.0396813717650635
ossl_lucas_campaign,campaign2015,2015_b25,CV+,0.1,3,25,0.9380838871002197,76,0.8026315789473685,2.502661901911795,2.4286765643088066,3.648358856240329,1.0,0.8090254887376963,0.21249059062532294,0.7858084521862029
ossl_lucas_campaign,campaign2015,2015_b26,CV+,0.1,3,25,0.9380838871002197,873,0.9495990836197021,3.113846994443569,2.4395061137469853,7.51681909674354,1.0,2.829154395320543,-0.27656720166009013,2.81721786321224
ossl_lucas_campaign,campaign2015,2015_b27,CV+,0.1,3,25,0.9380838871002197,662,0.8564954682779456,3.5548821857185757,2.8331793584554434,11.070747478317566,1.0,2.961763134642857,-1.4208727591753507,2.6006495440796518
ossl_lucas_campaign,campaign2015,2015_b28,CV+,0.1,3,25,0.9380838871002197,791,0.943109987357775,3.35956416693404,2.7978698397590143,6.090278249405076,1.0,4.078844308559447,-0.2992410360082923,4.07042648924068
ossl_lucas_campaign,campaign2015,2015_b29,CV+,0.1,3,25,0.9380838871002197,711,0.7777777777777778,3.2087051536294333,2.5857188339432886,10.554594992337229,1.0,2.895145855130485,-1.3800224683399023,2.5468668238689625
ossl_lucas_campaign,campaign2015,2015_b3,CV+,0.1,3,25,0.9380838871002197,1000,0.906,2.699672595889109,2.3676804084759495,5.7922646754491804,1.0,1.7058569261167036,-0.7940787313771516,1.5105192780113814
ossl_lucas_campaign,campaign2015,2015_b4,CV+,0.1,3,25,0.9380838871002197,729,0.7969821673525377,11.442954165003213,3.106672378245082,25.813469544010733,1.0,10.106217943648197,1.1791094288664952,10.044089233881538
ossl_lucas_campaign,campaign2015,2015_b5,CV+,0.1,3,25,0.9380838871002197,409,0.7579462102689487,2.4379248235669566,2.1904709636507813,8.658655006498117,1.0,1.8586419312305578,-0.9784026448415115,1.5822132829475084
ossl_lucas_campaign,campaign2015,2015_b6,CV+,0.1,3,25,0.9380838871002197,731,0.719562243502052,12.92727857013328,4.324952158940848,39.20893508635413,1.0,11.372136573163045,-1.4350606049198709,11.288951608109933
ossl_lucas_campaign,campaign2015,2015_b7,CV+,0.1,3,25,0.9380838871002197,428,0.8551401869158879,3.686177468745164,3.1509745336302704,12.88698226429126,1.0,3.921617471926034,-1.4530487711229985,3.6467526429380777
ossl_lucas_campaign,campaign2015,2015_b8,CV+,0.1,3,25,0.9380838871002197,840,0.9107142857142857,2.586551007065618,2.3209958715569936,5.538913967303542,1.0,1.7013216986649229,-0.9300435592673291,1.4254590378641159
ossl_lucas_campaign,campaign2015,2015_b9,CV+,0.1,3,25,0.9380838871002197,684,0.8932748538011696,3.4538588615483032,2.705586481855148,9.274516331823365,1.0,2.718948005250529,-0.48112327753272055,2.677999918701279
ossl_lucas_campaign,campaign2015,2015_b0,CV+,0.2,3,25,1.058288335800171,759,0.8827404479578392,4.71591337793359,2.4007559359399417,8.420642871789811,1.0,5.587635078334462,-0.10928540904522795,5.590250105706058
ossl_lucas_campaign,campaign2015,2015_b1,CV+,0.2,3,25,1.058288335800171,495,0.6626262626262627,2.312073776577667,1.7848298540456988,7.9534337057155735,1.0,3.6786401682356202,-0.8955061908651761,3.5715868064171747
ossl_lucas_campaign,campaign2015,2015_b10,CV+,0.2,3,25,1.058288335800171,746,0.7908847184986595,1.949325823577576,1.819065448387894,4.153848187829092,1.0,1.4812827253843897,-0.6912914656995124,1.3109608689771395
ossl_lucas_campaign,campaign2015,2015_b11,CV+,0.2,3,25,1.058288335800171,231,0.5281385281385281,9.663691595865629,3.5115876039842564,34.00208426476088,1.0,16.352927800273463,-0.23417004662593152,16.386758729161258
ossl_lucas_campaign,campaign2015,2015_b12,CV+,0.2,3,25,1.058288335800171,544,0.5955882352941176,12.01223367926833,3.2248136484499588,31.87302007246729,1.0,14.739294081579544,2.513644176333618,14.536740798363398
ossl_lucas_campaign,campaign2015,2015_b13,CV+,0.2,3,25,1.058288335800171,570,0.631578947368421,1.7537037302182947,1.6396549379655618,5.386191550196641,1.0,1.6185309930487748,-0.86683112192869,1.3680386570092116
ossl_lucas_campaign,campaign2015,2015_b14,CV+,0.2,3,25,1.058288335800171,779,0.6495507060333762,5.636786181182394,3.1248136700926503,19.75669118508465,1.0,7.436832821096665,-1.877156946630634,7.200647403500929
ossl_lucas_campaign,campaign2015,2015_b15,CV+,0.2,3,25,1.058288335800171,1380,0.6978260869565217,2.0620153360063416,1.7844050487335419,5.168037176223857,1.0,1.7969731448891426,-0.8184402741531424,1.6003511764522955
ossl_lucas_campaign,campaign2015,2015_b16,CV+,0.2,3,25,1.058288335800171,689,0.7648766328011611,2.0980928694523246,1.8058907210237978,5.502548058034491,1.0,2.031713137575887,-0.868203555162873,1.8382015796690545
ossl_lucas_campaign,campaign2015,2015_b17,CV+,0.2,3,25,1.058288335800171,279,0.4838709677419355,4.436547604247955,3.041184074989724,28.90091253804907,1.0,8.362491324869579,-3.5189378174445225,7.59969382309669
ossl_lucas_campaign,campaign2015,2015_b18,CV+,0.2,3,25,1.058288335800171,1543,0.7316915100453661,2.2802626427207784,1.9314592436845088,6.082202303606838,1.0,2.1049955631880577,-0.6650757208872082,1.9978156320161555
ossl_lucas_campaign,campaign2015,2015_b19,CV+,0.2,3,25,1.058288335800171,645,0.7317829457364341,1.8741426660143243,1.6593503786162036,3.247484666455788,1.0,1.0460505391134314,-0.09268896231874167,1.0427445747972024
ossl_lucas_campaign,campaign2015,2015_b2,CV+,0.2,3,25,1.058288335800171,1055,0.6720379146919432,1.7550523249958192,1.5942984009326966,5.636983911478967,1.0,1.822761351691537,-0.65445058087298,1.7020279840501378
ossl_lucas_campaign,campaign2015,2015_b20,CV+,0.2,3,25,1.058288335800171,807,0.4919454770755886,3.105679607031714,2.448088204344079,18.009203243018224,1.0,5.024448518944666,-2.873686439559602,4.124085942408525
ossl_lucas_campaign,campaign2015,2015_b21,CV+,0.2,3,25,1.058288335800171,775,0.8012903225806451,1.7496014005922997,1.6196479728714313,2.5715199964968156,1.0,0.8979380588469682,-0.5476804664105559,0.7120344435610516
ossl_lucas_campaign,campaign2015,2015_b22,CV+,0.2,3,25,1.058288335800171,564,0.6117021276595744,7.719069905027703,3.319659896585428,20.05418959106629,1.0,8.796790917207897,-1.171327803222896,8.726198095514457
ossl_lucas_campaign,campaign2015,2015_b23,CV+,0.2,3,25,1.058288335800171,818,0.6295843520782396,3.2465101662512414,2.3123064870193195,10.880548074107379,1.0,3.882780128626792,-1.0463371144270956,3.7414265960162045
ossl_lucas_campaign,campaign2015,2015_b24,CV+,0.2,3,25,1.058288335800171,1169,0.6723695466210436,3.147813398040092,2.5440126170538733,9.980050867334372,1.0,3.3517151937456475,-1.4150038167195136,3.0396813717650635
ossl_lucas_campaign,campaign2015,2015_b25,CV+,0.2,3,25,1.058288335800171,76,0.75,1.828516827204818,1.773849571648033,2.9677903164287636,1.0,0.8090254887376963,0.21249059062532294,0.7858084521862029
ossl_lucas_campaign,campaign2015,2015_b26,CV+,0.2,3,25,1.058288335800171,873,0.8785796105383734,2.2732489322195173,1.7791631008077449,5.081669108876685,1.0,2.829154395320543,-0.27656720166009013,2.81721786321224
ossl_lucas_campaign,campaign2015,2015_b27,CV+,0.2,3,25,1.058288335800171,662,0.7311178247734139,2.595805959148568,2.0718025363819828,8.022557096662094,1.0,2.961763134642857,-1.4208727591753507,2.6006495440796518
ossl_lucas_campaign,campaign2015,2015_b28,CV+,0.2,3,25,1.058288335800171,791,0.8584070796460177,2.452702177218439,2.042892843749732,4.542302857601475,1.0,4.078844308559447,-0.2992410360082923,4.07042648924068
ossl_lucas_campaign,campaign2015,2015_b29,CV+,0.2,3,25,1.058288335800171,711,0.6343178621659634,2.3475081265317788,1.894296024133838,8.237755148093113,1.0,2.895145855130485,-1.3800224683399023,2.5468668238689625
ossl_lucas_campaign,campaign2015,2015_b3,CV+,0.2,3,25,1.058288335800171,1000,0.78,1.9702253380691814,1.7270970331755662,4.40037409943744,1.0,1.7058569261167036,-0.7940787313771516,1.5105192780113814
ossl_lucas_campaign,campaign2015,2015_b4,CV+,0.2,3,25,1.058288335800171,729,0.6995884773662552,8.360570968050013,2.269986289091732,20.509318261197006,1.0,10.106217943648197,1.1791094288664952,10.044089233881538
ossl_lucas_campaign,campaign2015,2015_b5,CV+,0.2,3,25,1.058288335800171,409,0.5941320293398533,1.7853912605135227,1.601964201871358,6.375019374628937,1.0,1.8586419312305578,-0.9784026448415115,1.5822132829475084
ossl_lucas_campaign,campaign2015,2015_b6,CV+,0.2,3,25,1.058288335800171,731,0.5745554035567716,9.43568816101794,3.154849970247599,29.516045649184537,1.0,11.372136573163045,-1.4350606049198709,11.288951608109933
ossl_lucas_campaign,campaign2015,2015_b7,CV+,0.2,3,25,1.058288335800171,428,0.7009345794392523,2.6909852567406074,2.302614697116703,8.89030545157037,1.0,3.921617471926034,-1.4530487711229985,3.6467526429380777
ossl_lucas_campaign,campaign2015,2015_b8,CV+,0.2,3,25,1.058288335800171,840,0.7535714285714286,1.8903621910497688,1.69744320799537,4.229633979952901,1.0,1.7013216986649229,-0.9300435592673291,1.4254590378641159
ossl_lucas_campaign,campaign2015,2015_b9,CV+,0.2,3,25,1.058288335800171,684,0.7792397660818714,2.5195822675294637,1.9756159388032288,6.527826050658191,1.0,2.718948005250529,-0.48112327753272055,2.677999918701279
ossl_lucas_campaign,campaign2015,2015_b0,CQR,0.05,3,25,0.0003542900085449219,759,0.9894598155467721,9.497283567871548,4.86219975198755,9.968844691287368,1.0,5.587635078334462,-0.10928540904522795,5.590250105706058
ossl_lucas_campaign,campaign2015,2015_b1,CQR,0.05,3,25,0.0003542900085449219,495,0.9414141414141414,5.500730943861866,4.219217665769406,6.5900488213956265,1.0,3.6786401682356202,-0.8955061908651761,3.5715868064171747
ossl_lucas_campaign,campaign2015,2015_b10,CQR,0.05,3,25,0.0003542900085449219,746,0.9638069705093834,4.7816876163919435,3.723190082984225,5.284630863460655,1.0,1.4812827253843897,-0.6912914656995124,1.3109608689771395
ossl_lucas_campaign,campaign2015,2015_b11,CQR,0.05,3,25,0.0003542900085449219,231,0.9004329004329005,14.827466179664881,7.418280943310376,29.753745616241005,1.0,16.352927800273463,-0.23417004662593152,16.386758729161258
ossl_lucas_campaign,campaign2015,2015_b12,CQR,0.05,3,25,0.0003542900085449219,544,0.9466911764705882,17.97737307576637,8.7449105575087,23.130749824098125,1.0,14.739294081579544,2.513644176333618,14.536740798363398
ossl_lucas_campaign,campaign2015,2015_b13,CQR,0.05,3,25,0.0003542900085449219,570,0.9456140350877194,4.2547335347538855,3.7230213218763417,5.410034462686556,1.0,1.6185309930487748,-0.86683112192869,1.3680386570092116
ossl_lucas_campaign,campaign2015,2015_b14,CQR,0.05,3,25,0.0003542900085449219,779,0.9589216944801027,13.919817537926527,8.409648083386852,21.33361486947412,1.0,7.436832821096665,-1.877156946630634,7.200647403500929
ossl_lucas_campaign,campaign2015,2015_b15,CQR,0.05,3,25,0.0003542900085449219,1380,0.941304347826087,4.7253074329850335,3.8738697779634412,6.138208601462186,1.0,1.7969731448891426,-0.8184402741531424,1.6003511764522955
ossl_lucas_campaign,campaign2015,2015_b16,CQR,0.05,3,25,0.0003542900085449219,689,0.9709724238026125,4.890485962932265,3.8129758721987046,6.810359139592766,1.0,2.031713137575887,-0.868203555162873,1.8382015796690545
ossl_lucas_campaign,campaign2015,2015_b17,CQR,0.05,3,25,0.0003542900085449219,279,0.8458781362007168,10.129494056996075,5.9191447102141534,39.295360554449694,1.0,8.362491324869579,-3.5189378174445225,7.59969382309669
ossl_lucas_campaign,campaign2015,2015_b18,CQR,0.05,3,25,0.0003542900085449219,1543,0.9442644199611148,6.059561805246317,4.038165566023101,7.157823257708533,1.0,2.1049955631880577,-0.6650757208872082,1.9978156320161555
ossl_lucas_campaign,campaign2015,2015_b19,CQR,0.05,3,25,0.0003542900085449219,645,0.931782945736434,4.21098230851661,3.6961868575276915,4.8411823641291205,1.0,1.0460505391134314,-0.09268896231874167,1.0427445747972024
ossl_lucas_campaign,campaign2015,2015_b2,CQR,0.05,3,25,0.0003542900085449219,1055,0.8862559241706162,4.204895619428532,3.601576305950025,7.320806455145478,1.0,1.822761351691537,-0.65445058087298,1.7020279840501378
ossl_lucas_campaign,campaign2015,2015_b20,CQR,0.05,3,25,0.0003542900085449219,807,0.8475836431226765,6.934453555084298,4.75393695962952,19.375277078167198,1.0,5.024448518944666,-2.873686439559602,4.124085942408525
ossl_lucas_campaign,campaign2015,2015_b21,CQR,0.05,3,25,0.0003542900085449219,775,0.983225806451613,4.0107313081758615,3.557076242010499,4.086213728630024,1.0,0.8979380588469682,-0.5476804664105559,0.7120344435610516
ossl_lucas_campaign,campaign2015,2015_b22,CQR,0.05,3,25,0.0003542900085449219,564,0.9539007092198581,14.453772974091178,7.8068916563595785,17.62068235382031,1.0,8.796790917207897,-1.171327803222896,8.726198095514457
ossl_lucas_campaign,campaign2015,2015_b23,CQR,0.05,3,25,0.0003542900085449219,818,0.9364303178484108,8.98906005550843,5.29132985938362,14.169146782471104,1.0,3.882780128626792,-1.0463371144270956,3.7414265960162045
ossl_lucas_campaign,campaign2015,2015_b24,CQR,0.05,3,25,0.0003542900085449219,1169,0.9486740804106074,7.3063678119944955,5.054574451645722,9.763870567431331,1.0,3.3517151937456475,-1.4150038167195136,3.0396813717650635
ossl_lucas_campaign,campaign2015,2015_b25,CQR,0.05,3,25,0.0003542900085449219,76,0.881578947368421,5.5443192342501515,4.54857807844434,6.1686164805497805,1.0,0.8090254887376963,0.21249059062532294,0.7858084521862029
ossl_lucas_campaign,campaign2015,2015_b26,CQR,0.05,3,25,0.0003542900085449219,873,0.9702176403207331,6.46421062642877,4.501386641833749,8.52300798664267,1.0,2.829154395320543,-0.27656720166009013,2.81721786321224
ossl_lucas_campaign,campaign2015,2015_b27,CQR,0.05,3,25,0.0003542900085449219,662,0.9410876132930514,5.244004708172006,3.8016328516601496,8.898057642557264,1.0,2.961763134642857,-1.4208727591753507,2.6006495440796518
ossl_lucas_campaign,campaign2015,2015_b28,CQR,0.05,3,25,0.0003542900085449219,791,0.9785082174462706,4.7575319276896435,3.830988724515454,5.710571452840333,1.0,4.078844308559447,-0.2992410360082923,4.07042648924068
ossl_lucas_campaign,campaign2015,2015_b29,CQR,0.05,3,25,0.0003542900085449219,711,0.9423347398030942,5.46833771108238,4.296680849146834,8.742797252890874,1.0,2.895145855130485,-1.3800224683399023,2.5468668238689625
ossl_lucas_campaign,campaign2015,2015_b3,CQR,0.05,3,25,0.0003542900085449219,1000,0.964,4.003508349470248,3.354286020311106,5.7555743008071625,1.0,1.7058569261167036,-0.7940787313771516,1.5105192780113814
ossl_lucas_campaign,campaign2015,2015_b4,CQR,0.05,3,25,0.0003542900085449219,729,0.9506172839506173,13.068099423602467,6.264427759364363,18.863698476997047,1.0,10.106217943648197,1.1791094288664952,10.044089233881538
ossl_lucas_campaign,campaign2015,2015_b5,CQR,0.05,3,25,0.0003542900085449219,409,0.9364303178484108,4.961525778660248,3.989711375586365,6.5612092562504225,1.0,1.8586419312305578,-0.9784026448415115,1.5822132829475084
ossl_lucas_campaign,campaign2015,2015_b6,CQR,0.05,3,25,0.0003542900085449219,731,0.920656634746922,16.971281309267063,8.706497081566436,26.06350367804199,1.0,11.372136573163045,-1.4350606049198709,11.288951608109933
ossl_lucas_campaign,campaign2015,2015_b7,CQR,0.05,3,25,0.0003542900085449219,428,0.9392523364485982,5.367112988141867,4.18818855079267,12.542443241238875,1.0,3.921617471926034,-1.4530487711229985,3.6467526429380777
ossl_lucas_campaign,campaign2015,2015_b8,CQR,0.05,3,25,0.0003542900085449219,840,0.9738095238095238,4.366309302215284,3.274722552879566,5.071600516095165,1.0,1.7013216986649229,-0.9300435592673291,1.4254590378641159
ossl_lucas_campaign,campaign2015,2015_b9,CQR,0.05,3,25,0.0003542900085449219,684,0.9634502923976608,6.822746057652373,4.655833341508989,9.55894271425485,1.0,2.718948005250529,-0.48112327753272055,2.677999918701279
ossl_lucas_campaign,campaign2015,2015_b0,CQR,0.1,3,25,0.00024437904357910156,759,0.9631093544137023,7.200248834224757,3.7010684507347418,8.399543242108987,1.0,5.587635078334462,-0.10928540904522795,5.590250105706058
ossl_lucas_campaign,campaign2015,2015_b1,CQR,0.1,3,25,0.00024437904357910156,495,0.8666666666666667,3.7012652218763162,2.775716709040397,5.8606892696133555,1.0,3.6786401682356202,-0.8955061908651761,3.5715868064171747
ossl_lucas_campaign,campaign2015,2015_b10,CQR,0.1,3,25,0.00024437904357910156,746,0.9021447721179625,3.305000753030386,2.596862471424239,4.285019859619348,1.0,1.4812827253843897,-0.6912914656995124,1.3109608689771395
ossl_lucas_campaign,campaign2015,2015_b11,CQR,0.1,3,25,0.00024437904357910156,231,0.8311688311688312,11.61081853539202,5.651570927118313,22.59210434789516,1.0,16.352927800273463,-0.23417004662593152,16.386758729161258
ossl_lucas_campaign,campaign2015,2015_b12,CQR,0.1,3,25,0.00024437904357910156,544,0.8841911764705882,13.913355811775363,6.294837569373688,19.559340450918466,1.0,14.739294081579544,2.513644176333618,14.536740798363398
ossl_lucas_campaign,campaign2015,2015_b13,CQR,0.1,3,25,0.00024437904357910156,570,0.8543859649122807,2.800578226638124,2.4274235914196973,4.700359719538364,1.0,1.6185309930487748,-0.86683112192869,1.3680386570092116
ossl_lucas_campaign,campaign2015,2015_b14,CQR,0.1,3,25,0.00024437904357910156,779,0.8767650834403081,9.923669014082398,6.290470275266793,18.592462661336466,1.0,7.436832821096665,-1.877156946630634,7.200647403500929
ossl_lucas_campaign,campaign2015,2015_b15,CQR,0.1,3,25,0.00024437904357910156,1380,0.8492753623188406,3.2764515448469647,2.5895231281026985,5.420246796865524,1.0,1.7969731448891426,-0.8184402741531424,1.6003511764522955
ossl_lucas_campaign,campaign2015,2015_b16,CQR,0.1,3,25,0.00024437904357910156,689,0.9375907111756169,3.582150139966504,2.8248771795514895,5.493598815533595,1.0,2.031713137575887,-0.868203555162873,1.8382015796690545
ossl_lucas_campaign,campaign2015,2015_b17,CQR,0.1,3,25,0.00024437904357910156,279,0.7634408602150538,7.679241421018322,4.769764913077667,29.4136609694708,1.0,8.362491324869579,-3.5189378174445225,7.59969382309669
ossl_lucas_campaign,campaign2015,2015_b18,CQR,0.1,3,25,0.00024437904357910156,1543,0.8852883992222942,4.151783609586745,2.8378057117618876,5.68474325194353,1.0,2.1049955631880577,-0.6650757208872082,1.9978156320161555
ossl_lucas_campaign,campaign2015,2015_b19,CQR,0.1,3,25,0.00024437904357910156,645,0.8744186046511628,2.882754768361485,2.5596552975029154,3.734043269158274,1.0,1.0460505391134314,-0.09268896231874167,1.0427445747972024
ossl_lucas_campaign,campaign2015,2015_b2,CQR,0.1,3,25,0.00024437904357910156,1055,0.8037914691943128,2.758724557233086,2.3424279024900954,5.821513021365423,1.0,1.822761351691537,-0.65445058087298,1.7020279840501378
ossl_lucas_campaign,campaign2015,2015_b20,CQR,0.1,3,25,0.00024437904357910156,807,0.7261462205700124,5.386398267381196,3.6056664321228844,16.34878952915488,1.0,5.024448518944666,-2.873686439559602,4.124085942408525
ossl_lucas_campaign,campaign2015,2015_b21,CQR,0.1,3,25,0.00024437904357910156,775,0.9432258064516129,2.5837448873480984,2.277872789498519,2.865708149797512,1.0,0.8979380588469682,-0.5476804664105559,0.7120344435610516
ossl_lucas_campaign,campaign2015,2015_b22,CQR,0.1,3,25,0.00024437904357910156,564,0.8953900709219859,11.390742202960332,6.037935960174323,16.221108346101264,1.0,8.796790917207897,-1.171327803222896,8.726198095514457
ossl_lucas_campaign,campaign2015,2015_b23,CQR,0.1,3,25,0.00024437904357910156,818,0.8704156479217604,6.445400069687538,3.967491743073325,11.237572882878446,1.0,3.882780128626792,-1.0463371144270956,3.7414265960162045
ossl_lucas_campaign,campaign2015,2015_b24,CQR,0.1,3,25,0.00024437904357910156,1169,0.8597091531223268,5.09821219287879,3.7333146128371353,8.53359702845975,1.0,3.3517151937456475,-1.4150038167195136,3.0396813717650635
ossl_lucas_campaign,campaign2015,2015_b25,CQR,0.1,3,25,0.00024437904357910156,76,0.8289473684210527,3.4040284949786197,3.0470345845808207,4.115077548749831,1.0,0.8090254887376963,0.21249059062532294,0.7858084521862029
ossl_lucas_campaign,campaign2015,2015_b26,CQR,0.1,3,25,0.00024437904357910156,873,0.9438717067583047,4.800764958579921,3.267140523753017,6.385531451613729,1.0,2.829154395320543,-0.27656720166009013,2.81721786321224
ossl_lucas_campaign,campaign2015,2015_b27,CQR,0.1,3,25,0.00024437904357910156,662,0.8882175226586103,3.985495240812686,2.811950792485062,7.442095116588142,1.0,2.961763134642857,-1.4208727591753507,2.6006495440796518
ossl_lucas_campaign,campaign2015,2015_b28,CQR,0.1,3,25,0.00024437904357910156,791,0.9532237673830595,3.4117939618669997,2.747632171622349,4.233095508465941,1.0,4.078844308559447,-0.2992410360082923,4.07042648924068
ossl_lucas_campaign,campaign2015,2015_b29,CQR,0.1,3,25,0.00024437904357910156,711,0.8776371308016878,3.9135873320568217,3.0099156427059226,7.581940477562446,1.0,2.895145855130485,-1.3800224683399023,2.5468668238689625
ossl_lucas_campaign,campaign2015,2015_b3,CQR,0.1,3,25,0.00024437904357910156,1000,0.896,2.8064158367380334,2.320187088357182,4.924510762347121,1.0,1.7058569261167036,-0.7940787313771516,1.5105192780113814
ossl_lucas_campaign,campaign2015,2015_b4,CQR,0.1,3,25,0.00024437904357910156,729,0.8930041152263375,9.920257876105305,4.157480288708161,14.951614358774965,1.0,10.106217943648197,1.1791094288664952,10.044089233881538
ossl_lucas_campaign,campaign2015,2015_b5,CQR,0.1,3,25,0.00024437904357910156,409,0.8801955990220048,3.2306308227822846,2.6671786908555393,4.882929209631311,1.0,1.8586419312305578,-0.9784026448415115,1.5822132829475084
ossl_lucas_campaign,campaign2015,2015_b6,CQR,0.1,3,25,0.00024437904357910156,731,0.8426812585499316,13.069044602461027,6.649344349512233,24.038742494644698,1.0,11.372136573163045,-1.4350606049198709,11.288951608109933
ossl_lucas_campaign,campaign2015,2015_b7,CQR,0.1,3,25,0.00024437904357910156,428,0.8738317757009346,4.053046095732331,3.166912705354041,9.400494582924306,1.0,3.921617471926034,-1.4530487711229985,3.6467526429380777
ossl_lucas_campaign,campaign2015,2015_b8,CQR,0.1,3,25,0.00024437904357910156,840,0.9214285714285714,2.896383149578382,2.204652894863554,3.975516461124743,1.0,1.7013216986649229,-0.9300435592673291,1.4254590378641159
ossl_lucas_campaign,campaign2015,2015_b9,CQR,0.1,3,25,0.00024437904357910156,684,0.9269005847953217,5.015984059484432,3.4623195136700993,7.499079054995857,1.0,2.718948005250529,-0.48112327753272055,2.677999918701279
ossl_lucas_campaign,campaign2015,2015_b0,CQR,0.2,3,25,0.00024080276489257812,759,0.9051383399209486,4.936857857019737,2.5208053770198466,6.589740222144184,1.0,5.587635078334462,-0.10928540904522795,5.590250105706058
ossl_lucas_campaign,campaign2015,2015_b1,CQR,0.2,3,25,0.00024080276489257812,495,0.7333333333333333,2.4943345066766174,1.8392870603662783,4.949763605425781,1.0,3.6786401682356202,-0.8955061908651761,3.5715868064171747
ossl_lucas_campaign,campaign2015,2015_b10,CQR,0.2,3,25,0.00024080276489257812,746,0.7949061662198391,2.1412105880190424,1.7711412106576678,3.6194252780494116,1.0,1.4812827253843897,-0.6912914656995124,1.3109608689771395
ossl_lucas_campaign,campaign2015,2015_b11,CQR,0.2,3,25,0.00024080276489257812,231,0.70995670995671,7.756816644206451,4.102667716329732,17.94997632122457,1.0,16.352927800273463,-0.23417004662593152,16.386758729161258
ossl_lucas_campaign,campaign2015,2015_b12,CQR,0.2,3,25,0.00024080276489257812,544,0.7518382352941176,8.968338901996754,4.386961238076204,15.063669615563597,1.0,14.739294081579544,2.513644176333618,14.536740798363398
ossl_lucas_campaign,campaign2015,2015_b13,CQR,0.2,3,25,0.00024080276489257812,570,0.7210526315789474,1.8548515263839291,1.6512030552604626,3.8242943769074116,1.0,1.6185309930487748,-0.86683112192869,1.3680386570092116
ossl_lucas_campaign,campaign2015,2015_b14,CQR,0.2,3,25,0.00024080276489257812,779,0.7650834403080873,6.285791763072045,4.2015712089204005,15.550271925949746,1.0,7.436832821096665,-1.877156946630634,7.200647403500929
ossl_lucas_campaign,campaign2015,2015_b15,CQR,0.2,3,25,0.00024080276489257812,1380,0.7239130434782609,2.2905286536843756,1.7578812432449153,4.291265274718593,1.0,1.7969731448891426,-0.8184402741531424,1.6003511764522955
ossl_lucas_campaign,campaign2015,2015_b16,CQR,0.2,3,25,0.00024080276489257812,689,0.8505079825834543,2.497687361623812,1.9621734932390862,4.329850178392007,1.0,2.031713137575887,-0.868203555162873,1.8382015796690545
ossl_lucas_campaign,campaign2015,2015_b17,CQR,0.2,3,25,0.00024080276489257812,279,0.6057347670250897,5.233339949496422,3.490999566196859,21.794478443085183,1.0,8.362491324869579,-3.5189378174445225,7.59969382309669
ossl_lucas_campaign,campaign2015,2015_b18,CQR,0.2,3,25,0.00024080276489257812,1543,0.7323395981853532,2.7826886908955832,1.9432044150253818,4.518650165452594,1.0,2.1049955631880577,-0.6650757208872082,1.9978156320161555
ossl_lucas_campaign,campaign2015,2015_b19,CQR,0.2,3,25,0.00024080276489257812,645,0.7581395348837209,1.9910473413161245,1.7485220507029946,2.947652087514843,1.0,1.0460505391134314,-0.09268896231874167,1.0427445747972024
ossl_lucas_campaign,campaign2015,2015_b2,CQR,0.2,3,25,0.00024080276489257812,1055,0.6616113744075829,1.7826266693884778,1.480336829622181,4.331855877602723,1.0,1.822761351691537,-0.65445058087298,1.7020279840501378
ossl_lucas_campaign,campaign2015,2015_b20,CQR,0.2,3,25,0.00024080276489257812,807,0.563816604708798,3.861695886644429,2.581458805676154,12.99508988200355,1.0,5.024448518944666,-2.873686439559602,4.124085942408525
ossl_lucas_campaign,campaign2015,2015_b21,CQR,0.2,3,25,0.00024080276489257812,775,0.8696774193548387,1.6919001372944067,1.4683214584441147,2.162268528576718,1.0,0.8979380588469682,-0.5476804664105559,0.7120344435610516
ossl_lucas_campaign,campaign2015,2015_b22,CQR,0.2,3,25,0.00024080276489257812,564,0.7783687943262412,7.69547092664358,4.34492762664637,14.102867869126271,1.0,8.796790917207897,-1.171327803222896,8.726198095514457
ossl_lucas_campaign,campaign2015,2015_b23,CQR,0.2,3,25,0.00024080276489257812,818,0.7665036674816625,4.253917093936693,2.8382760407824565,8.966883104469494,1.0,3.882780128626792,-1.0463371144270956,3.7414265960162045
ossl_lucas_campaign,campaign2015,2015_b24,CQR,0.2,3,25,0.00024080276489257812,1169,0.7108639863130881,3.4731908966038536,2.6126062021201975,7.899024656182773,1.0,3.3517151937456475,-1.4150038167195136,3.0396813717650635
ossl_lucas_campaign,campaign2015,2015_b25,CQR,0.2,3,25,0.00024080276489257812,76,0.75,2.0442016160964593,1.8782070894749028,2.818629194558479,1.0,0.8090254887376963,0.21249059062532294,0.7858084521862029
ossl_lucas_campaign,campaign2015,2015_b26,CQR,0.2,3,25,0.00024080276489257812,873,0.8717067583046965,3.2967818642661557,2.2022120196849744,4.744804522325539,1.0,2.829154395320543,-0.27656720166009013,2.81721786321224
ossl_lucas_campaign,campaign2015,2015_b27,CQR,0.2,3,25,0.00024080276489257812,662,0.7401812688821753,2.817634004081427,1.8948050291212506,6.175231721559585,1.0,2.961763134642857,-1.4208727591753507,2.6006495440796518
ossl_lucas_campaign,campaign2015,2015_b28,CQR,0.2,3,25,0.00024080276489257812,791,0.8609355246523388,2.3104848432682137,1.8752046883381241,3.319866339837557,1.0,4.078844308559447,-0.2992410360082923,4.07042648924068
ossl_lucas_campaign,campaign2015,2015_b29,CQR,0.2,3,25,0.00024080276489257812,711,0.7341772151898734,2.6407247859516216,1.99751214118196,6.20634897539497,1.0,2.895145855130485,-1.3800224683399023,2.5468668238689625
ossl_lucas_campaign,campaign2015,2015_b3,CQR,0.2,3,25,0.00024080276489257812,1000,0.79,1.9096410337177492,1.5734736664574593,3.8199746107216934,1.0,1.7058569261167036,-0.7940787313771516,1.5105192780113814
ossl_lucas_campaign,campaign2015,2015_b4,CQR,0.2,3,25,0.00024080276489257812,729,0.7901234567901234,5.786702649459307,2.7365527729871433,10.4162596824576,1.0,10.106217943648197,1.1791094288664952,10.044089233881538
ossl_lucas_campaign,campaign2015,2015_b5,CQR,0.2,3,25,0.00024080276489257812,409,0.7481662591687042,2.141092051619313,1.817014525509339,4.2018341146522395,1.0,1.8586419312305578,-0.9784026448415115,1.5822132829475084
ossl_lucas_campaign,campaign2015,2015_b6,CQR,0.2,3,25,0.00024080276489257812,731,0.7222982216142271,8.486039513893175,4.529973982850735,18.055199595777516,1.0,11.372136573163045,-1.4350606049198709,11.288951608109933
ossl_lucas_campaign,campaign2015,2015_b7,CQR,0.2,3,25,0.00024080276489257812,428,0.7172897196261683,2.878020414931162,2.1599456964073047,7.236770130991479,1.0,3.921617471926034,-1.4530487711229985,3.6467526429380777
ossl_lucas_campaign,campaign2015,2015_b8,CQR,0.2,3,25,0.00024080276489257812,840,0.7892857142857143,1.892569952242162,1.4043244367544006,3.412504713463286,1.0,1.7013216986649229,-0.9300435592673291,1.4254590378641159
ossl_lucas_campaign,campaign2015,2015_b9,CQR,0.2,3,25,0.00024080276489257812,684,0.8362573099415205,3.393206736984665,2.3680531413186037,5.7827210499089645,1.0,2.718948005250529,-0.48112327753272055,2.677999918701279
ossl_lucas_campaign,campaign2015,2015_b0,WCP,0.05,3,25,0.25187253952026367,759,0.9828722002635046,inf,4.824471344540687,inf,0.8274044795783926,5.587635078334462,-0.10928540904522795,5.590250105706058
ossl_lucas_campaign,campaign2015,2015_b1,WCP,0.05,3,25,0.25187253952026367,495,0.9656565656565657,inf,inf,inf,0.45454545454545453,3.6786401682356202,-0.8955061908651761,3.5715868064171747
ossl_lucas_campaign,campaign2015,2015_b10,WCP,0.05,3,25,0.25187253952026367,746,0.985254691689008,inf,inf,inf,0.1675603217158177,1.4812827253843897,-0.6912914656995124,1.3109608689771395
ossl_lucas_campaign,campaign2015,2015_b11,WCP,0.05,3,25,0.25187253952026367,231,0.9264069264069265,inf,8.905731704435617,inf,0.9956709956709957,16.352927800273463,-0.23417004662593152,16.386758729161258
ossl_lucas_campaign,campaign2015,2015_b12,WCP,0.05,3,25,0.25187253952026367,544,0.9558823529411765,inf,9.636473733704836,inf,0.8694852941176471,14.739294081579544,2.513644176333618,14.536740798363398
ossl_lucas_campaign,campaign2015,2015_b13,WCP,0.05,3,25,0.25187253952026367,570,0.9438596491228071,inf,3.961912732994903,inf,0.7315789473684211,1.6185309930487748,-0.86683112192869,1.3680386570092116
ossl_lucas_campaign,campaign2015,2015_b14,WCP,0.05,3,25,0.25187253952026367,779,0.9370988446726572,inf,8.036561358109703,inf,0.9768934531450578,7.436832821096665,-1.877156946630634,7.200647403500929
ossl_lucas_campaign,campaign2015,2015_b15,WCP,0.05,3,25,0.25187253952026367,1380,0.991304347826087,inf,inf,inf,0.49927536231884057,1.7969731448891426,-0.8184402741531424,1.6003511764522955
ossl_lucas_campaign,campaign2015,2015_b16,WCP,0.05,3,25,0.25187253952026367,689,0.9956458635703919,inf,inf,inf,0.19738751814223512,2.031713137575887,-0.868203555162873,1.8382015796690545
ossl_lucas_campaign,campaign2015,2015_b17,WCP,0.05,3,25,0.25187253952026367,279,0.7706093189964157,inf,5.787030661907657,inf,0.978494623655914,8.362491324869579,-3.5189378174445225,7.59969382309669
ossl_lucas_campaign,campaign2015,2015_b18,WCP,0.05,3,25,0.25187253952026367,1543,0.9656513285806869,inf,5.42055432945363,inf,0.7524303305249513,2.1049955631880577,-0.6650757208872082,1.9978156320161555
ossl_lucas_campaign,campaign2015,2015_b19,WCP,0.05,3,25,0.25187253952026367,645,0.9736434108527132,inf,4.271549758608334,inf,0.7968992248062016,1.0460505391134314,-0.09268896231874167,1.0427445747972024
ossl_lucas_campaign,campaign2015,2015_b2,WCP,0.05,3,25,0.25187253952026367,1055,0.9819905213270143,inf,inf,inf,0.45592417061611373,1.822761351691537,-0.65445058087298,1.7020279840501378
ossl_lucas_campaign,campaign2015,2015_b20,WCP,0.05,3,25,0.25187253952026367,807,0.9442379182156134,inf,9.367544658348393,inf,0.6133828996282528,5.024448518944666,-2.873686439559602,4.124085942408525
ossl_lucas_campaign,campaign2015,2015_b21,WCP,0.05,3,25,0.25187253952026367,775,0.9961290322580645,inf,inf,inf,0.3393548387096774,0.8979380588469682,-0.5476804664105559,0.7120344435610516
ossl_lucas_campaign,campaign2015,2015_b22,WCP,0.05,3,25,0.25187253952026367,564,0.973404255319149,inf,inf,inf,0.3475177304964539,8.796790917207897,-1.171327803222896,8.726198095514457
ossl_lucas_campaign,campaign2015,2015_b23,WCP,0.05,3,25,0.25187253952026367,818,0.9621026894865525,inf,6.697348724153927,inf,0.8141809290953546,3.882780128626792,-1.0463371144270956,3.7414265960162045
ossl_lucas_campaign,campaign2015,2015_b24,WCP,0.05,3,25,0.25187253952026367,1169,0.9435414884516681,inf,6.5738342971067265,inf,0.9837467921300257,3.3517151937456475,-1.4150038167195136,3.0396813717650635
ossl_lucas_campaign,campaign2015,2015_b25,WCP,0.05,3,25,0.25187253952026367,76,1.0,inf,inf,inf,0.11842105263157894,0.8090254887376963,0.21249059062532294,0.7858084521862029
ossl_lucas_campaign,campaign2015,2015_b26,WCP,0.05,3,25,0.25187253952026367,873,0.9942726231386025,inf,inf,inf,0.09736540664375716,2.829154395320543,-0.27656720166009013,2.81721786321224
ossl_lucas_campaign,campaign2015,2015_b27,WCP,0.05,3,25,0.25187253952026367,662,0.9939577039274925,inf,7.368135919094582,inf,0.6359516616314199,2.961763134642857,-1.4208727591753507,2.6006495440796518
ossl_lucas_campaign,campaign2015,2015_b28,WCP,0.05,3,25,0.25187253952026367,791,0.9759797724399494,4.640764765444941,3.8901643117002136,7.817137336809722,1.0,4.078844308559447,-0.2992410360082923,4.07042648924068
ossl_lucas_campaign,campaign2015,2015_b29,WCP,0.05,3,25,0.25187253952026367,711,0.9760900140646976,inf,9.723075414757082,inf,0.559774964838256,2.895145855130485,-1.3800224683399023,2.5468668238689625
ossl_lucas_campaign,campaign2015,2015_b3,WCP,0.05,3,25,0.25187253952026367,1000,0.983,inf,4.463143911176307,inf,0.996,1.7058569261167036,-0.7940787313771516,1.5105192780113814
ossl_lucas_campaign,campaign2015,2015_b4,WCP,0.05,3,25,0.25187253952026367,729,0.9643347050754458,inf,6.182333686217396,inf,0.8834019204389575,10.106217943648197,1.1791094288664952,10.044089233881538
ossl_lucas_campaign,campaign2015,2015_b5,WCP,0.05,3,25,0.25187253952026367,409,0.9951100244498777,inf,inf,inf,0.029339853300733496,1.8586419312305578,-0.9784026448415115,1.5822132829475084
ossl_lucas_campaign,campaign2015,2015_b6,WCP,0.05,3,25,0.25187253952026367,731,0.9247606019151847,inf,8.095036701558845,inf,0.9904240766073872,11.372136573163045,-1.4350606049198709,11.288951608109933
ossl_lucas_campaign,campaign2015,2015_b7,WCP,0.05,3,25,0.25187253952026367,428,0.9766355140186916,inf,5.9592124228856,inf,0.9182242990654206,3.921617471926034,-1.4530487711229985,3.6467526429380777
ossl_lucas_campaign,campaign2015,2015_b8,WCP,0.05,3,25,0.25187253952026367,840,0.9964285714285714,inf,inf,inf,0.2154761904761905,1.7013216986649229,-0.9300435592673291,1.4254590378641159
ossl_lucas_campaign,campaign2015,2015_b9,WCP,0.05,3,25,0.25187253952026367,684,0.9824561403508771,inf,inf,inf,0.2573099415204678,2.718948005250529,-0.48112327753272055,2.677999918701279
ossl_lucas_campaign,campaign2015,2015_b0,WCP,0.1,3,25,0.009911060333251953,759,0.9828722002635046,inf,4.794786795696008,inf,0.8484848484848485,5.587635078334462,-0.10928540904522795,5.590250105706058
ossl_lucas_campaign,campaign2015,2015_b1,WCP,0.1,3,25,0.009911060333251953,495,0.9555555555555556,inf,7.006372571080512,inf,0.5535353535353535,3.6786401682356202,-0.8955061908651761,3.5715868064171747
ossl_lucas_campaign,campaign2015,2015_b10,WCP,0.1,3,25,0.009911060333251953,746,0.9812332439678284,inf,inf,inf,0.23324396782841822,1.4812827253843897,-0.6912914656995124,1.3109608689771395
ossl_lucas_campaign,campaign2015,2015_b11,WCP,0.1,3,25,0.009911060333251953,231,0.9264069264069265,inf,8.905731704435617,inf,0.9956709956709957,16.352927800273463,-0.23417004662593152,16.386758729161258
ossl_lucas_campaign,campaign2015,2015_b12,WCP,0.1,3,25,0.009911060333251953,544,0.9558823529411765,inf,8.982692848852874,inf,0.9154411764705882,14.739294081579544,2.513644176333618,14.536740798363398
ossl_lucas_campaign,campaign2015,2015_b13,WCP,0.1,3,25,0.009911060333251953,570,0.9350877192982456,inf,3.747384523368737,inf,0.7842105263157895,1.6185309930487748,-0.86683112192869,1.3680386570092116
ossl_lucas_campaign,campaign2015,2015_b14,WCP,0.1,3,25,0.009911060333251953,779,0.9319640564826701,inf,8.018604381411748,inf,0.9858793324775353,7.436832821096665,-1.877156946630634,7.200647403500929
ossl_lucas_campaign,campaign2015,2015_b15,WCP,0.1,3,25,0.009911060333251953,1380,0.9884057971014493,inf,6.538064528027507,inf,0.6173913043478261,1.7969731448891426,-0.8184402741531424,1.6003511764522955
ossl_lucas_campaign,campaign2015,2015_b16,WCP,0.1,3,25,0.009911060333251953,689,0.9898403483309144,inf,inf,inf,0.25689404934687954,2.031713137575887,-0.868203555162873,1.8382015796690545
ossl_lucas_campaign,campaign2015,2015_b17,WCP,0.1,3,25,0.009911060333251953,279,0.7706093189964157,inf,5.698370839273553,inf,0.989247311827957,8.362491324869579,-3.5189378174445225,7.59969382309669
ossl_lucas_campaign,campaign2015,2015_b18,WCP,0.1,3,25,0.009911060333251953,1543,0.9624108878807518,inf,5.052709454296332,inf,0.812702527543746,2.1049955631880577,-0.6650757208872082,1.9978156320161555
ossl_lucas_campaign,campaign2015,2015_b19,WCP,0.1,3,25,0.009911060333251953,645,0.9720930232558139,inf,4.041265434737182,inf,0.8465116279069768,1.0460505391134314,-0.09268896231874167,1.0427445747972024
ossl_lucas_campaign,campaign2015,2015_b2,WCP,0.1,3,25,0.009911060333251953,1055,0.9725118483412323,inf,5.810668973670863,inf,0.5601895734597157,1.822761351691537,-0.65445058087298,1.7020279840501378
ossl_lucas_campaign,campaign2015,2015_b20,WCP,0.1,3,25,0.009911060333251953,807,0.9318463444857497,inf,8.128129542646475,inf,0.6926889714993805,5.024448518944666,-2.873686439559602,4.124085942408525
ossl_lucas_campaign,campaign2015,2015_b21,WCP,0.1,3,25,0.009911060333251953,775,0.9961290322580645,inf,inf,inf,0.4103225806451613,0.8979380588469682,-0.5476804664105559,0.7120344435610516
ossl_lucas_campaign,campaign2015,2015_b22,WCP,0.1,3,25,0.009911060333251953,564,0.9609929078014184,inf,inf,inf,0.425531914893617,8.796790917207897,-1.171327803222896,8.726198095514457
ossl_lucas_campaign,campaign2015,2015_b23,WCP,0.1,3,25,0.009911060333251953,818,0.9596577017114915,inf,6.542620139538708,inf,0.8533007334963325,3.882780128626792,-1.0463371144270956,3.7414265960162045
ossl_lucas_campaign,campaign2015,2015_b24,WCP,0.1,3,25,0.009911060333251953,1169,0.9426860564585116,inf,6.559810944573927,inf,0.9863130881094953,3.3517151937456475,-1.4150038167195136,3.0396813717650635
ossl_lucas_campaign,campaign2015,2015_b25,WCP,0.1,3,25,0.009911060333251953,76,1.0,inf,inf,inf,0.17105263157894737,0.8090254887376963,0.21249059062532294,0.7858084521862029
ossl_lucas_campaign,campaign2015,2015_b26,WCP,0.1,3,25,0.009911060333251953,873,0.9942726231386025,inf,inf,inf,0.12600229095074456,2.829154395320543,-0.27656720166009013,2.81721786321224
ossl_lucas_campaign,campaign2015,2015_b27,WCP,0.1,3,25,0.009911060333251953,662,0.9924471299093656,inf,6.628256246778699,inf,0.7099697885196374,2.961763134642857,-1.4208727591753507,2.6006495440796518
ossl_lucas_campaign,campaign2015,2015_b28,WCP,0.1,3,25,0.009911060333251953,791,0.9759797724399494,4.640764765444941,3.8901643117002136,6.228951051127331,1.0,4.078844308559447,-0.2992410360082923,4.07042648924068
ossl_lucas_campaign,campaign2015,2015_b29,WCP,0.1,3,25,0.009911060333251953,711,0.9746835443037974,inf,6.808374929021185,inf,0.6497890295358649,2.895145855130485,-1.3800224683399023,2.5468668238689625
ossl_lucas_campaign,campaign2015,2015_b3,WCP,0.1,3,25,0.009911060333251953,1000,0.982,inf,4.449685043557155,inf,0.997,1.7058569261167036,-0.7940787313771516,1.5105192780113814
ossl_lucas_campaign,campaign2015,2015_b4,WCP,0.1,3,25,0.009911060333251953,729,0.9615912208504801,inf,6.080580788636609,inf,0.9039780521262003,10.106217943648197,1.1791094288664952,10.044089233881538
ossl_lucas_campaign,campaign2015,2015_b5,WCP,0.1,3,25,0.009911060333251953,409,0.9877750611246944,inf,inf,inf,0.05623471882640587,1.8586419312305578,-0.9784026448415115,1.5822132829475084
ossl_lucas_campaign,campaign2015,2015_b6,WCP,0.1,3,25,0.009911060333251953,731,0.8563611491108071,inf,6.000091591731204,inf,0.9904240766073872,11.372136573163045,-1.4350606049198709,11.288951608109933
ossl_lucas_campaign,campaign2015,2015_b7,WCP,0.1,3,25,0.009911060333251953,428,0.9766355140186916,inf,5.908895929256619,inf,0.9439252336448598,3.921617471926034,-1.4530487711229985,3.6467526429380777
ossl_lucas_campaign,campaign2015,2015_b8,WCP,0.1,3,25,0.009911060333251953,840,0.9809523809523809,inf,inf,inf,0.30238095238095236,1.7013216986649229,-0.9300435592673291,1.4254590378641159
ossl_lucas_campaign,campaign2015,2015_b9,WCP,0.1,3,25,0.009911060333251953,684,0.97953216374269,inf,inf,inf,0.3347953216374269,2.718948005250529,-0.48112327753272055,2.677999918701279
ossl_lucas_campaign,campaign2015,2015_b0,WCP,0.2,3,25,0.009150266647338867,759,0.9828722002635046,inf,4.747697499603713,inf,0.8695652173913043,5.587635078334462,-0.10928540904522795,5.590250105706058
ossl_lucas_campaign,campaign2015,2015_b1,WCP,0.2,3,25,0.009150266647338867,495,0.9494949494949495,inf,5.225054022036117,inf,0.6202020202020202,3.6786401682356202,-0.8955061908651761,3.5715868064171747
ossl_lucas_campaign,campaign2015,2015_b10,WCP,0.2,3,25,0.009150266647338867,746,0.9691689008042895,inf,inf,inf,0.30294906166219837,1.4812827253843897,-0.6912914656995124,1.3109608689771395
ossl_lucas_campaign,campaign2015,2015_b11,WCP,0.2,3,25,0.009150266647338867,231,0.9264069264069265,23.730271481235373,8.905731704435617,28.968030813135968,1.0,16.352927800273463,-0.23417004662593152,16.386758729161258
ossl_lucas_campaign,campaign2015,2015_b12,WCP,0.2,3,25,0.009150266647338867,544,0.9540441176470589,inf,8.334190841647924,inf,0.9558823529411765,14.739294081579544,2.513644176333618,14.536740798363398
ossl_lucas_campaign,campaign2015,2015_b13,WCP,0.2,3,25,0.009150266647338867,570,0.9298245614035088,inf,3.655573539324184,inf,0.8245614035087719,1.6185309930487748,-0.86683112192869,1.3680386570092116
ossl_lucas_campaign,campaign2015,2015_b14,WCP,0.2,3,25,0.009150266647338867,779,0.9319640564826701,inf,8.014695470024773,inf,0.993581514762516,7.436832821096665,-1.877156946630634,7.200647403500929
ossl_lucas_campaign,campaign2015,2015_b15,WCP,0.2,3,25,0.009150266647338867,1380,0.9869565217391304,inf,5.511090074347763,inf,0.7289855072463768,1.7969731448891426,-0.8184402741531424,1.6003511764522955
ossl_lucas_campaign,campaign2015,2015_b16,WCP,0.2,3,25,0.009150266647338867,689,0.9825834542815675,inf,inf,inf,0.3439767779390421,2.031713137575887,-0.868203555162873,1.8382015796690545
ossl_lucas_campaign,campaign2015,2015_b17,WCP,0.2,3,25,0.009150266647338867,279,0.7670250896057348,inf,5.698370839273553,inf,0.992831541218638,8.362491324869579,-3.5189378174445225,7.59969382309669
ossl_lucas_campaign,campaign2015,2015_b18,WCP,0.2,3,25,0.009150266647338867,1543,0.9591704471808166,inf,4.783843641993967,inf,0.8574206092028516,2.1049955631880577,-0.6650757208872082,1.9978156320161555
ossl_lucas_campaign,campaign2015,2015_b19,WCP,0.2,3,25,0.009150266647338867,645,0.9705426356589147,inf,3.9071528456273894,inf,0.8930232558139535,1.0460505391134314,-0.09268896231874167,1.0427445747972024
ossl_lucas_campaign,campaign2015,2015_b2,WCP,0.2,3,25,0.009150266647338867,1055,0.9696682464454977,inf,4.638970234370513,inf,0.6587677725118484,1.822761351691537,-0.65445058087298,1.7020279840501378
ossl_lucas_campaign,campaign2015,2015_b20,WCP,0.2,3,25,0.009150266647338867,807,0.8513011152416357,inf,5.363997237798253,inf,0.7719950433705081,5.024448518944666,-2.873686439559602,4.124085942408525
ossl_lucas_campaign,campaign2015,2015_b21,WCP,0.2,3,25,0.009150266647338867,775,0.9909677419354839,inf,inf,inf,0.4967741935483871,0.8979380588469682,-0.5476804664105559,0.7120344435610516
ossl_lucas_campaign,campaign2015,2015_b22,WCP,0.2,3,25,0.009150266647338867,564,0.9397163120567376,inf,inf,inf,0.49645390070921985,8.796790917207897,-1.171327803222896,8.726198095514457
ossl_lucas_campaign,campaign2015,2015_b23,WCP,0.2,3,25,0.009150266647338867,818,0.9547677261613692,inf,6.3116899334838035,inf,0.8960880195599022,3.882780128626792,-1.0463371144270956,3.7414265960162045
ossl_lucas_campaign,campaign2015,2015_b24,WCP,0.2,3,25,0.009150266647338867,1169,0.9426860564585116,inf,6.48878908430727,inf,0.9914456800684346,3.3517151937456475,-1.4150038167195136,3.0396813717650635
ossl_lucas_campaign,campaign2015,2015_b25,WCP,0.2,3,25,0.009150266647338867,76,0.9868421052631579,inf,inf,inf,0.2631578947368421,0.8090254887376963,0.21249059062532294,0.7858084521862029
ossl_lucas_campaign,campaign2015,2015_b26,WCP,0.2,3,25,0.009150266647338867,873,0.9908361970217641,inf,inf,inf,0.16838487972508592,2.829154395320543,-0.27656720166009013,2.81721786321224
ossl_lucas_campaign,campaign2015,2015_b27,WCP,0.2,3,25,0.009150266647338867,662,0.959214501510574,inf,4.726056273610361,inf,0.7764350453172205,2.961763134642857,-1.4208727591753507,2.6006495440796518
ossl_lucas_campaign,campaign2015,2015_b28,WCP,0.2,3,25,0.009150266647338867,791,0.9759797724399494,4.640764765444941,3.8901643117002136,5.434857908286136,1.0,4.078844308559447,-0.2992410360082923,4.07042648924068
ossl_lucas_campaign,campaign2015,2015_b29,WCP,0.2,3,25,0.009150266647338867,711,0.9732770745428974,inf,5.763841543891397,inf,0.7538677918424754,2.895145855130485,-1.3800224683399023,2.5468668238689625
ossl_lucas_campaign,campaign2015,2015_b3,WCP,0.2,3,25,0.009150266647338867,1000,0.982,inf,4.449685043557155,inf,0.998,1.7058569261167036,-0.7940787313771516,1.5105192780113814
ossl_lucas_campaign,campaign2015,2015_b4,WCP,0.2,3,25,0.009150266647338867,729,0.9615912208504801,inf,6.006697944401414,inf,0.9245541838134431,10.106217943648197,1.1791094288664952,10.044089233881538
ossl_lucas_campaign,campaign2015,2015_b5,WCP,0.2,3,25,0.009150266647338867,409,0.9853300733496333,inf,inf,inf,0.08557457212713937,1.8586419312305578,-0.9784026448415115,1.5822132829475084
ossl_lucas_campaign,campaign2015,2015_b6,WCP,0.2,3,25,0.009150266647338867,731,0.8563611491108071,inf,6.000091591731204,inf,0.9931600547195623,11.372136573163045,-1.4350606049198709,11.288951608109933
ossl_lucas_campaign,campaign2015,2015_b7,WCP,0.2,3,25,0.009150266647338867,428,0.9719626168224299,inf,5.844647755325026,inf,0.9626168224299065,3.921617471926034,-1.4530487711229985,3.6467526429380777
ossl_lucas_campaign,campaign2015,2015_b8,WCP,0.2,3,25,0.009150266647338867,840,0.9666666666666667,inf,inf,inf,0.3869047619047619,1.7013216986649229,-0.9300435592673291,1.4254590378641159
ossl_lucas_campaign,campaign2015,2015_b9,WCP,0.2,3,25,0.009150266647338867,684,0.9766081871345029,inf,inf,inf,0.391812865497076,2.718948005250529,-0.48112327753272055,2.677999918701279
ossl_lucas_campaign,campaign2015,2015_b0,R-U-A,0.05,3,25,0.0009915828704833984,759,0.9736495388669302,8.206149956862713,4.159800067773836,12.54717085857005,1.0,5.587635078334462,-0.10928540904522795,5.590250105706058
ossl_lucas_campaign,campaign2015,2015_b1,R-U-A,0.05,3,25,0.0009915828704833984,495,0.8484848484848485,4.042282950967737,3.12872454816177,13.523551796433233,1.0,3.6786401682356202,-0.8955061908651761,3.5715868064171747
ossl_lucas_campaign,campaign2015,2015_b10,R-U-A,0.05,3,25,0.0009915828704833984,746,0.9504021447721179,3.4148023486879975,3.1870181558028206,7.187510092233186,1.0,1.4812827253843897,-0.6912914656995124,1.3109608689771395
ossl_lucas_campaign,campaign2015,2015_b11,R-U-A,0.05,3,25,0.0009915828704833984,231,0.8354978354978355,16.909686315229038,6.154214940551136,66.02426106228982,1.0,16.352927800273463,-0.23417004662593152,16.386758729161258
ossl_lucas_campaign,campaign2015,2015_b12,R-U-A,0.05,3,25,0.0009915828704833984,544,0.8547794117647058,20.702303980989942,5.606057305980703,47.91995583633694,1.0,14.739294081579544,2.513644176333618,14.536740798363398
ossl_lucas_campaign,campaign2015,2015_b13,R-U-A,0.05,3,25,0.0009915828704833984,570,0.8368421052631579,3.0481561308199847,2.86548960768845,8.697742008035192,1.0,1.6185309930487748,-0.86683112192869,1.3680386570092116
ossl_lucas_campaign,campaign2015,2015_b14,R-U-A,0.05,3,25,0.0009915828704833984,779,0.8459563543003851,9.869447148160505,5.409036045079073,38.356380753178875,1.0,7.436832821096665,-1.877156946630634,7.200647403500929
ossl_lucas_campaign,campaign2015,2015_b15,R-U-A,0.05,3,25,0.0009915828704833984,1380,0.9115942028985508,3.596202532582786,3.127395984561103,7.272793805845933,1.0,1.7969731448891426,-0.8184402741531424,1.6003511764522955
ossl_lucas_campaign,campaign2015,2015_b16,R-U-A,0.05,3,25,0.0009915828704833984,689,0.9332365747460087,3.6699007505601386,3.1677011781142177,9.932362531915691,1.0,2.031713137575887,-0.868203555162873,1.8382015796690545
ossl_lucas_campaign,campaign2015,2015_b17,R-U-A,0.05,3,25,0.0009915828704833984,279,0.7311827956989247,7.7560196470340905,5.304842637612256,68.9943021104546,1.0,8.362491324869579,-3.5189378174445225,7.59969382309669
ossl_lucas_campaign,campaign2015,2015_b18,R-U-A,0.05,3,25,0.0009915828704833984,1543,0.9092676604018146,3.9774501946685383,3.3796143988953453,10.567453615927374,1.0,2.1049955631880577,-0.6650757208872082,1.9978156320161555
ossl_lucas_campaign,campaign2015,2015_b19,R-U-A,0.05,3,25,0.0009915828704833984,645,0.9255813953488372,3.2628236798462082,2.9111520243590894,4.615618139226519,1.0,1.0460505391134314,-0.09268896231874167,1.0427445747972024
ossl_lucas_campaign,campaign2015,2015_b2,R-U-A,0.05,3,25,0.0009915828704833984,1055,0.8739336492890996,3.0586163176984003,2.775873562158636,10.571125155592425,1.0,1.822761351691537,-0.65445058087298,1.7020279840501378
ossl_lucas_campaign,campaign2015,2015_b20,R-U-A,0.05,3,25,0.0009915828704833984,807,0.7496902106567535,5.437695206713426,4.296463160323288,35.21097440213031,1.0,5.024448518944666,-2.873686439559602,4.124085942408525
ossl_lucas_campaign,campaign2015,2015_b21,R-U-A,0.05,3,25,0.0009915828704833984,775,0.9741935483870968,3.0451512998735177,2.816598333371772,3.4733068265554525,1.0,0.8979380588469682,-0.5476804664105559,0.7120344435610516
ossl_lucas_campaign,campaign2015,2015_b22,R-U-A,0.05,3,25,0.0009915828704833984,564,0.8563829787234043,13.423826588600681,5.805655614893028,28.508751462106314,1.0,8.796790917207897,-1.171327803222896,8.726198095514457
ossl_lucas_campaign,campaign2015,2015_b23,R-U-A,0.05,3,25,0.0009915828704833984,818,0.8581907090464548,5.681580015335627,4.060207601554103,20.11984334394526,1.0,3.882780128626792,-1.0463371144270956,3.7414265960162045
ossl_lucas_campaign,campaign2015,2015_b24,R-U-A,0.05,3,25,0.0009915828704833984,1169,0.8776732249786142,5.480146270272752,4.453197570642648,18.545156008303998,1.0,3.3517151937456475,-1.4150038167195136,3.0396813717650635
ossl_lucas_campaign,campaign2015,2015_b25,R-U-A,0.05,3,25,0.0009915828704833984,76,0.9078947368421053,3.1666457792868594,3.081480658735262,4.138596716545024,1.0,0.8090254887376963,0.21249059062532294,0.7858084521862029
ossl_lucas_campaign,campaign2015,2015_b26,R-U-A,0.05,3,25,0.0009915828704833984,873,0.9679266895761741,3.974971416881485,3.110988569289808,10.78426872985692,1.0,2.829154395320543,-0.27656720166009013,2.81721786321224
ossl_lucas_campaign,campaign2015,2015_b27,R-U-A,0.05,3,25,0.0009915828704833984,662,0.9033232628398792,4.529302757706362,3.6155007120896157,14.876972261068788,1.0,2.961763134642857,-1.4208727591753507,2.6006495440796518
ossl_lucas_campaign,campaign2015,2015_b28,R-U-A,0.05,3,25,0.0009915828704833984,791,0.9734513274336283,4.275969204905775,3.560351680308658,8.38101144574937,1.0,4.078844308559447,-0.2992410360082923,4.07042648924068
ossl_lucas_campaign,campaign2015,2015_b29,R-U-A,0.05,3,25,0.0009915828704833984,711,0.8776371308016878,4.113028005200866,3.337514511781099,12.964068838544707,1.0,2.895145855130485,-1.3800224683399023,2.5468668238689625
ossl_lucas_campaign,campaign2015,2015_b3,R-U-A,0.05,3,25,0.0009915828704833984,1000,0.95,3.420691681280158,3.0040337623102418,7.7955332182004025,1.0,1.7058569261167036,-0.7940787313771516,1.5105192780113814
ossl_lucas_campaign,campaign2015,2015_b4,R-U-A,0.05,3,25,0.0009915828704833984,729,0.8724279835390947,14.432115435757023,3.9576208117302194,31.690123626222878,1.0,10.106217943648197,1.1791094288664952,10.044089233881538
ossl_lucas_campaign,campaign2015,2015_b5,R-U-A,0.05,3,25,0.0009915828704833984,409,0.8557457212713936,3.1195116508952387,2.793450548261525,11.088691085200036,1.0,1.8586419312305578,-0.9784026448415115,1.5822132829475084
ossl_lucas_campaign,campaign2015,2015_b6,R-U-A,0.05,3,25,0.0009915828704833984,731,0.8248974008207934,16.45031641814748,5.465062021781265,52.272949423686576,1.0,11.372136573163045,-1.4350606049198709,11.288951608109933
ossl_lucas_campaign,campaign2015,2015_b7,R-U-A,0.05,3,25,0.0009915828704833984,428,0.9182242990654206,4.685932177561715,3.9959057626024634,18.84387871368146,1.0,3.921617471926034,-1.4530487711229985,3.6467526429380777
ossl_lucas_campaign,campaign2015,2015_b8,R-U-A,0.05,3,25,0.0009915828704833984,840,0.9547619047619048,3.3050870668169248,2.9832839964254863,7.7689953200435715,1.0,1.7013216986649229,-0.9300435592673291,1.4254590378641159
ossl_lucas_campaign,campaign2015,2015_b9,R-U-A,0.05,3,25,0.0009915828704833984,684,0.9342105263157895,4.404124149710177,3.4524479672551234,12.813842858160564,1.0,2.718948005250529,-0.48112327753272055,2.677999918701279
ossl_lucas_campaign,campaign2015,2015_b0,R-U-A,0.1,3,25,0.0009124279022216797,759,0.9420289855072463,6.438508932052086,3.2637607200334506,10.423198724962793,1.0,5.587635078334462,-0.10928540904522795,5.590250105706058
ossl_lucas_campaign,campaign2015,2015_b1,R-U-A,0.1,3,25,0.0009124279022216797,495,0.7717171717171717,3.171557310370882,2.4547834313487917,10.798272552455952,1.0,3.6786401682356202,-0.8955061908651761,3.5715868064171747
ossl_lucas_campaign,campaign2015,2015_b10,R-U-A,0.1,3,25,0.0009124279022216797,746,0.9115281501340483,2.6792388073329403,2.500520337870291,5.506838345991793,1.0,1.4812827253843897,-0.6912914656995124,1.3109608689771395
ossl_lucas_campaign,campaign2015,2015_b11,R-U-A,0.1,3,25,0.0009124279022216797,231,0.7272727272727273,13.267265033068483,4.828569801039256,47.955577180817,1.0,16.352927800273463,-0.23417004662593152,16.386758729161258
ossl_lucas_campaign,campaign2015,2015_b12,R-U-A,0.1,3,25,0.0009124279022216797,544,0.7573529411764706,16.242936065796677,4.398487747346982,39.863655543808406,1.0,14.739294081579544,2.513644176333618,14.536740798363398
ossl_lucas_campaign,campaign2015,2015_b13,R-U-A,0.1,3,25,0.0009124279022216797,570,0.7456140350877193,2.391569807734398,2.248250462249403,7.113191701338837,1.0,1.6185309930487748,-0.86683112192869,1.3680386570092116
ossl_lucas_campaign,campaign2015,2015_b14,R-U-A,0.1,3,25,0.0009124279022216797,779,0.7650834403080873,7.743524545844522,4.243905738148081,28.258399906011544,1.0,7.436832821096665,-1.877156946630634,7.200647403500929
ossl_lucas_campaign,campaign2015,2015_b15,R-U-A,0.1,3,25,0.0009124279022216797,1380,0.8326086956521739,2.82156458865817,2.4537410462285267,6.323480565436493,1.0,1.7969731448891426,-0.8184402741531424,1.6003511764522955
ossl_lucas_campaign,campaign2015,2015_b16,R-U-A,0.1,3,25,0.0009124279022216797,689,0.8737300435413643,2.8793878842618152,2.4853643226814253,7.40223509411147,1.0,2.031713137575887,-0.868203555162873,1.8382015796690545
ossl_lucas_campaign,campaign2015,2015_b17,R-U-A,0.1,3,25,0.0009124279022216797,279,0.6272401433691757,6.085338683439306,4.162156051856398,44.595945661406724,1.0,8.362491324869579,-3.5189378174445225,7.59969382309669
ossl_lucas_campaign,campaign2015,2015_b18,R-U-A,0.1,3,25,0.0009124279022216797,1543,0.847051198963059,3.1206898167574058,2.651630497683282,8.011280382029314,1.0,2.1049955631880577,-0.6650757208872082,1.9978156320161555
ossl_lucas_campaign,campaign2015,2015_b19,R-U-A,0.1,3,25,0.0009124279022216797,645,0.8713178294573644,2.559997016485464,2.2840769922468382,3.885018716413507,1.0,1.0460505391134314,-0.09268896231874167,1.0427445747972024
ossl_lucas_campaign,campaign2015,2015_b2,R-U-A,0.1,3,25,0.0009124279022216797,1055,0.7914691943127962,2.399776824057722,2.1779381096075454,7.85574895911998,1.0,1.822761351691537,-0.65445058087298,1.7020279840501378
ossl_lucas_campaign,campaign2015,2015_b20,R-U-A,0.1,3,25,0.0009124279022216797,807,0.6517967781908303,4.266391589508084,3.3709859775155717,25.573749042775756,1.0,5.024448518944666,-2.873686439559602,4.124085942408525
ossl_lucas_campaign,campaign2015,2015_b21,R-U-A,0.1,3,25,0.0009124279022216797,775,0.9303225806451613,2.3892122306745303,2.209890584835258,3.0109320298403595,1.0,0.8979380588469682,-0.5476804664105559,0.7120344435610516
ossl_lucas_campaign,campaign2015,2015_b22,R-U-A,0.1,3,25,0.0009124279022216797,564,0.7553191489361702,10.532274921535375,4.555091697007903,24.515951225082496,1.0,8.796790917207897,-1.171327803222896,8.726198095514457
ossl_lucas_campaign,campaign2015,2015_b23,R-U-A,0.1,3,25,0.0009124279022216797,818,0.7652811735941321,4.457742530809451,3.185620911878398,14.961437283452963,1.0,3.882780128626792,-1.0463371144270956,3.7414265960162045
ossl_lucas_campaign,campaign2015,2015_b24,R-U-A,0.1,3,25,0.0009124279022216797,1169,0.7972626176218991,4.299698506069273,3.493959102075304,13.700993285727147,1.0,3.3517151937456475,-1.4150038167195136,3.0396813717650635
ossl_lucas_campaign,campaign2015,2015_b25,R-U-A,0.1,3,25,0.0009124279022216797,76,0.8026315789473685,2.484536261433149,2.41771608482741,3.689342262107053,1.0,0.8090254887376963,0.21249059062532294,0.7858084521862029
ossl_lucas_campaign,campaign2015,2015_b26,R-U-A,0.1,3,25,0.0009124279022216797,873,0.9495990836197021,3.1187449786778667,2.440867860833252,7.463763499096078,1.0,2.829154395320543,-0.27656720166009013,2.81721786321224
ossl_lucas_campaign,campaign2015,2015_b27,R-U-A,0.1,3,25,0.0009124279022216797,662,0.8549848942598187,3.553670894969783,2.8367058548768256,10.973184786925598,1.0,2.961763134642857,-1.4208727591753507,2.6006495440796518
ossl_lucas_campaign,campaign2015,2015_b28,R-U-A,0.1,3,25,0.0009124279022216797,791,0.943109987357775,3.3549065108104354,2.793436168655851,6.125459282247861,1.0,4.078844308559447,-0.2992410360082923,4.07042648924068
ossl_lucas_campaign,campaign2015,2015_b29,R-U-A,0.1,3,25,0.0009124279022216797,711,0.7777777777777778,3.2270635667728373,2.618599112606438,10.473350530963772,1.0,2.895145855130485,-1.3800224683399023,2.5468668238689625
ossl_lucas_campaign,campaign2015,2015_b3,R-U-A,0.1,3,25,0.0009124279022216797,1000,0.905,2.6838595516159205,2.356951592707058,5.83136685652682,1.0,1.7058569261167036,-0.7940787313771516,1.5105192780113814
ossl_lucas_campaign,campaign2015,2015_b4,R-U-A,0.1,3,25,0.0009124279022216797,729,0.7956104252400549,11.323373887875313,3.105131770677748,25.988963617784478,1.0,10.106217943648197,1.1791094288664952,10.044089233881538
ossl_lucas_campaign,campaign2015,2015_b5,R-U-A,0.1,3,25,0.0009124279022216797,409,0.7579462102689487,2.447555032933889,2.1917289351002447,8.477820790096672,1.0,1.8586419312305578,-0.9784026448415115,1.5822132829475084
ossl_lucas_campaign,campaign2015,2015_b6,R-U-A,0.1,3,25,0.0009124279022216797,731,0.7181942544459644,12.906845445195607,4.287863471472504,39.662126569667905,1.0,11.372136573163045,-1.4350606049198709,11.288951608109933
ossl_lucas_campaign,campaign2015,2015_b7,R-U-A,0.1,3,25,0.0009124279022216797,428,0.8574766355140186,3.6765616444761884,3.1351699736657377,12.821399621499806,1.0,3.921617471926034,-1.4530487711229985,3.6467526429380777
ossl_lucas_campaign,campaign2015,2015_b8,R-U-A,0.1,3,25,0.0009124279022216797,840,0.9107142857142857,2.5931566828259713,2.340671418241654,5.575058437698204,1.0,1.7013216986649229,-0.9300435592673291,1.4254590378641159
ossl_lucas_campaign,campaign2015,2015_b9,R-U-A,0.1,3,25,0.0009124279022216797,684,0.8932748538011696,3.4554563132326703,2.708775393024305,9.19124449339124,1.0,2.718948005250529,-0.48112327753272055,2.677999918701279
ossl_lucas_campaign,campaign2015,2015_b0,R-U-A,0.2,3,25,0.001041412353515625,759,0.8853754940711462,4.689890030818505,2.377363924691077,8.372898510069222,1.0,5.587635078334462,-0.10928540904522795,5.590250105706058
ossl_lucas_campaign,campaign2015,2015_b1,R-U-A,0.2,3,25,0.001041412353515625,495,0.6626262626262627,2.3102018136576876,1.7880948002089374,7.9651720301141955,1.0,3.6786401682356202,-0.8955061908651761,3.5715868064171747
ossl_lucas_campaign,campaign2015,2015_b10,R-U-A,0.2,3,25,0.001041412353515625,746,0.7989276139410187,1.9515908893346807,1.8214101320970142,4.159517922439191,1.0,1.4812827253843897,-0.6912914656995124,1.3109608689771395
ossl_lucas_campaign,campaign2015,2015_b11,R-U-A,0.2,3,25,0.001041412353515625,231,0.5238095238095238,9.664040955983168,3.517190332729371,34.71207711841308,1.0,16.352927800273463,-0.23417004662593152,16.386758729161258
ossl_lucas_campaign,campaign2015,2015_b12,R-U-A,0.2,3,25,0.001041412353515625,544,0.5900735294117647,11.83155676727823,3.203913212617886,31.618566027069164,1.0,14.739294081579544,2.513644176333618,14.536740798363398
ossl_lucas_campaign,campaign2015,2015_b13,R-U-A,0.2,3,25,0.001041412353515625,570,0.6228070175438597,1.7420492100995266,1.6376536152953607,5.450744241783869,1.0,1.6185309930487748,-0.86683112192869,1.3680386570092116
ossl_lucas_campaign,campaign2015,2015_b14,R-U-A,0.2,3,25,0.001041412353515625,779,0.6431322207958922,5.640479644311043,3.09131375340509,20.210851122040232,1.0,7.436832821096665,-1.877156946630634,7.200647403500929
ossl_lucas_campaign,campaign2015,2015_b15,R-U-A,0.2,3,25,0.001041412353515625,1380,0.6992753623188406,2.055262759640358,1.7873355139152638,5.162802868351048,1.0,1.7969731448891426,-0.8184402741531424,1.6003511764522955
ossl_lucas_campaign,campaign2015,2015_b16,R-U-A,0.2,3,25,0.001041412353515625,689,0.7677793904208998,2.0973819677462284,1.8103703020227955,5.480967025532516,1.0,2.031713137575887,-0.868203555162873,1.8382015796690545
ossl_lucas_campaign,campaign2015,2015_b17,R-U-A,0.2,3,25,0.001041412353515625,279,0.4838709677419355,4.432636426664093,3.03176626456753,28.73331555437649,1.0,8.362491324869579,-3.5189378174445225,7.59969382309669
ossl_lucas_campaign,campaign2015,2015_b18,R-U-A,0.2,3,25,0.001041412353515625,1543,0.7303953337653921,2.2731492982836765,1.931480653011313,6.015660291076178,1.0,2.1049955631880577,-0.6650757208872082,1.9978156320161555
ossl_lucas_campaign,campaign2015,2015_b19,R-U-A,0.2,3,25,0.001041412353515625,645,0.7317829457364341,1.8647336849641831,1.6637501055925696,3.244952129363509,1.0,1.0460505391134314,-0.09268896231874167,1.0427445747972024
ossl_lucas_campaign,campaign2015,2015_b2,R-U-A,0.2,3,25,0.001041412353515625,1055,0.6672985781990521,1.7480273029225262,1.586437222621453,5.666086178408181,1.0,1.822761351691537,-0.65445058087298,1.7020279840501378
ossl_lucas_campaign,campaign2015,2015_b20,R-U-A,0.2,3,25,0.001041412353515625,807,0.4993804213135068,3.107692727363294,2.4554681366172186,17.856384004960496,1.0,5.024448518944666,-2.873686439559602,4.124085942408525
ossl_lucas_campaign,campaign2015,2015_b21,R-U-A,0.2,3,25,0.001041412353515625,775,0.7870967741935484,1.7403319216299988,1.6097118032133082,2.5889248608289996,1.0,0.8979380588469682,-0.5476804664105559,0.7120344435610516
ossl_lucas_campaign,campaign2015,2015_b22,R-U-A,0.2,3,25,0.001041412353515625,564,0.6081560283687943,7.671840122866032,3.317985478425472,20.154288383345254,1.0,8.796790917207897,-1.171327803222896,8.726198095514457
ossl_lucas_campaign,campaign2015,2015_b23,R-U-A,0.2,3,25,0.001041412353515625,818,0.6246943765281173,3.247075134294427,2.320445916011752,10.900079787616766,1.0,3.882780128626792,-1.0463371144270956,3.7414265960162045
ossl_lucas_campaign,campaign2015,2015_b24,R-U-A,0.2,3,25,0.001041412353515625,1169,0.6715141146278871,3.1319538998779435,2.545043290898704,9.981155848664763,1.0,3.3517151937456475,-1.4150038167195136,3.0396813717650635
ossl_lucas_campaign,campaign2015,2015_b25,R-U-A,0.2,3,25,0.001041412353515625,76,0.7368421052631579,1.8097671319046547,1.7610944837142124,2.992027239271349,1.0,0.8090254887376963,0.21249059062532294,0.7858084521862029
ossl_lucas_campaign,campaign2015,2015_b26,R-U-A,0.2,3,25,0.001041412353515625,873,0.8820160366552119,2.271732654023795,1.7779585254716164,5.053800002104739,1.0,2.829154395320543,-0.27656720166009013,2.81721786321224
ossl_lucas_campaign,campaign2015,2015_b27,R-U-A,0.2,3,25,0.001041412353515625,662,0.7250755287009063,2.588538103932824,2.066291846381131,7.973287352823085,1.0,2.961763134642857,-1.4208727591753507,2.6006495440796518
ossl_lucas_campaign,campaign2015,2015_b28,R-U-A,0.2,3,25,0.001041412353515625,791,0.8533501896333755,2.4437556529665567,2.0347736684635427,4.565953064862046,1.0,4.078844308559447,-0.2992410360082923,4.07042648924068
ossl_lucas_campaign,campaign2015,2015_b29,R-U-A,0.2,3,25,0.001041412353515625,711,0.6427566807313643,2.3506332615744054,1.907420181058742,8.180310031044952,1.0,2.895145855130485,-1.3800224683399023,2.5468668238689625
ossl_lucas_campaign,campaign2015,2015_b3,R-U-A,0.2,3,25,0.001041412353515625,1000,0.768,1.9549566969737493,1.7168328714635392,4.452675369623434,1.0,1.7058569261167036,-0.7940787313771516,1.5105192780113814
ossl_lucas_campaign,campaign2015,2015_b4,R-U-A,0.2,3,25,0.001041412353515625,729,0.691358024691358,8.248086454863584,2.2618166239054887,20.51635568661961,1.0,10.106217943648197,1.1791094288664952,10.044089233881538
ossl_lucas_campaign,campaign2015,2015_b5,R-U-A,0.2,3,25,0.001041412353515625,409,0.5941320293398533,1.782829544848947,1.5964826315317344,6.280838315183867,1.0,1.8586419312305578,-0.9784026448415115,1.5822132829475084
ossl_lucas_campaign,campaign2015,2015_b6,R-U-A,0.2,3,25,0.001041412353515625,731,0.5718194254445964,9.401506842896527,3.1233331133953053,29.8042146904567,1.0,11.372136573163045,-1.4350606049198709,11.288951608109933
ossl_lucas_campaign,campaign2015,2015_b7,R-U-A,0.2,3,25,0.001041412353515625,428,0.6962616822429907,2.6780532552003415,2.283696824775564,8.890472358130285,1.0,3.921617471926034,-1.4530487711229985,3.6467526429380777
ossl_lucas_campaign,campaign2015,2015_b8,R-U-A,0.2,3,25,0.001041412353515625,840,0.7511904761904762,1.8888875985856164,1.7049741897825696,4.241630017318637,1.0,1.7013216986649229,-0.9300435592673291,1.4254590378641159
ossl_lucas_campaign,campaign2015,2015_b9,R-U-A,0.2,3,25,0.001041412353515625,684,0.7792397660818714,2.516997380353664,1.9731057059234645,6.464039388104728,1.0,2.718948005250529,-0.48112327753272055,2.677999918701279
ossl_lucas_campaign,campaign2015,2015_b0,R-U-D,0.05,3,25,0.04790496826171875,759,0.9762845849802372,9.39747178047639,3.9651682077212347,11.799762881268954,1.0,5.587635078334462,-0.10928540904522795,5.590250105706058
ossl_lucas_campaign,campaign2015,2015_b1,R-U-D,0.05,3,25,0.04790496826171875,495,0.9333333333333333,4.9857375753698685,3.735768649194353,9.92307039266358,1.0,3.6786401682356202,-0.8955061908651761,3.5715868064171747
ossl_lucas_campaign,campaign2015,2015_b10,R-U-D,0.05,3,25,0.04790496826171875,746,0.9584450402144772,3.7129839932790376,3.454783312180277,6.52942952601728,1.0,1.4812827253843897,-0.6912914656995124,1.3109608689771395
ossl_lucas_campaign,campaign2015,2015_b11,R-U-D,0.05,3,25,0.04790496826171875,231,0.8917748917748918,23.546487632445164,7.068695254337771,51.6521659090564,1.0,16.352927800273463,-0.23417004662593152,16.386758729161258
ossl_lucas_campaign,campaign2015,2015_b12,R-U-D,0.05,3,25,0.04790496826171875,544,0.8933823529411765,27.482208689578574,6.167104599297373,39.51429265664765,1.0,14.739294081579544,2.513644176333618,14.536740798363398
ossl_lucas_campaign,campaign2015,2015_b13,R-U-D,0.05,3,25,0.04790496826171875,570,0.9298245614035088,3.6814886003051064,3.3966420731003635,6.332301434953773,1.0,1.6185309930487748,-0.86683112192869,1.3680386570092116
ossl_lucas_campaign,campaign2015,2015_b14,R-U-D,0.05,3,25,0.04790496826171875,779,0.8767650834403081,11.625391776832025,5.607509468697234,34.15101668350049,1.0,7.436832821096665,-1.877156946630634,7.200647403500929
ossl_lucas_campaign,campaign2015,2015_b15,R-U-D,0.05,3,25,0.04790496826171875,1380,0.9623188405797102,4.2504877564407995,3.6241648735166434,6.1266145893095505,1.0,1.7969731448891426,-0.8184402741531424,1.6003511764522955
ossl_lucas_campaign,campaign2015,2015_b16,R-U-D,0.05,3,25,0.04790496826171875,689,0.9390420899854862,3.90429723041198,3.302237636300239,9.734332953219434,1.0,2.031713137575887,-0.868203555162873,1.8382015796690545
ossl_lucas_campaign,campaign2015,2015_b17,R-U-D,0.05,3,25,0.04790496826171875,279,0.7491039426523297,8.73919854111541,5.301183784649304,64.37475539800397,1.0,8.362491324869579,-3.5189378174445225,7.59969382309669
ossl_lucas_campaign,campaign2015,2015_b18,R-U-D,0.05,3,25,0.04790496826171875,1543,0.9507453013609851,4.857208356782141,3.9824154478376195,9.259148260433715,1.0,2.1049955631880577,-0.6650757208872082,1.9978156320161555
ossl_lucas_campaign,campaign2015,2015_b19,R-U-D,0.05,3,25,0.04790496826171875,645,0.9534883720930233,3.941869118104389,3.474469335114013,4.586903832644643,1.0,1.0460505391134314,-0.09268896231874167,1.0427445747972024
ossl_lucas_campaign,campaign2015,2015_b2,R-U-D,0.05,3,25,0.04790496826171875,1055,0.9260663507109005,3.815182147473561,3.369946979523557,7.78673768878314,1.0,1.822761351691537,-0.65445058087298,1.7020279840501378
ossl_lucas_campaign,campaign2015,2015_b20,R-U-D,0.05,3,25,0.04790496826171875,807,0.8166047087980174,6.116463063395444,4.807474935195319,27.913318948291586,1.0,5.024448518944666,-2.873686439559602,4.124085942408525
ossl_lucas_campaign,campaign2015,2015_b21,R-U-D,0.05,3,25,0.04790496826171875,775,0.9935483870967742,3.4434148327658525,3.1632405005367783,3.543104461302971,1.0,0.8979380588469682,-0.5476804664105559,0.7120344435610516
ossl_lucas_campaign,campaign2015,2015_b22,R-U-D,0.05,3,25,0.04790496826171875,564,0.8900709219858156,16.673273403033207,6.320464517288681,25.61769735678402,1.0,8.796790917207897,-1.171327803222896,8.726198095514457
ossl_lucas_campaign,campaign2015,2015_b23,R-U-D,0.05,3,25,0.04790496826171875,818,0.8777506112469438,6.417314062843835,4.184287503607335,18.49366558385258,1.0,3.882780128626792,-1.0463371144270956,3.7414265960162045
ossl_lucas_campaign,campaign2015,2015_b24,R-U-D,0.05,3,25,0.04790496826171875,1169,0.9050470487596236,6.39104675223211,5.043307229528571,15.342595599745417,1.0,3.3517151937456475,-1.4150038167195136,3.0396813717650635
ossl_lucas_campaign,campaign2015,2015_b25,R-U-D,0.05,3,25,0.04790496826171875,76,0.9473684210526315,4.190757879292472,3.993640730789105,4.357693962169028,1.0,0.8090254887376963,0.21249059062532294,0.7858084521862029
ossl_lucas_campaign,campaign2015,2015_b26,R-U-D,0.05,3,25,0.04790496826171875,873,0.9759450171821306,4.43330718634009,3.2367070790888106,9.733189204664681,1.0,2.829154395320543,-0.27656720166009013,2.81721786321224
ossl_lucas_campaign,campaign2015,2015_b27,R-U-D,0.05,3,25,0.04790496826171875,662,0.9214501510574018,4.785868313010675,3.6480948170188956,12.85711559859825,1.0,2.961763134642857,-1.4208727591753507,2.6006495440796518
ossl_lucas_campaign,campaign2015,2015_b28,R-U-D,0.05,3,25,0.04790496826171875,791,0.9785082174462706,4.7826619828891745,3.800757427614324,7.589027267637966,1.0,4.078844308559447,-0.2992410360082923,4.07042648924068
ossl_lucas_campaign,campaign2015,2015_b29,R-U-D,0.05,3,25,0.04790496826171875,711,0.9254571026722925,4.8020619492377685,3.8326987260469587,10.856257494823673,1.0,2.895145855130485,-1.3800224683399023,2.5468668238689625
ossl_lucas_campaign,campaign2015,2015_b3,R-U-D,0.05,3,25,0.04790496826171875,1000,0.959,3.671995743262697,3.1125575573713986,7.6687127705675815,1.0,1.7058569261167036,-0.7940787313771516,1.5105192780113814
ossl_lucas_campaign,campaign2015,2015_b4,R-U-D,0.05,3,25,0.04790496826171875,729,0.9135802469135802,19.580308520823188,4.29710428908192,30.595370918031872,1.0,10.106217943648197,1.1791094288664952,10.044089233881538
ossl_lucas_campaign,campaign2015,2015_b5,R-U-D,0.05,3,25,0.04790496826171875,409,0.9119804400977995,3.8990098775876163,3.5454352858888685,9.359723736157274,1.0,1.8586419312305578,-0.9784026448415115,1.5822132829475084
ossl_lucas_campaign,campaign2015,2015_b6,R-U-D,0.05,3,25,0.04790496826171875,731,0.8495212038303693,20.730276582436684,5.570634631431048,47.387941888539864,1.0,11.372136573163045,-1.4350606049198709,11.288951608109933
ossl_lucas_campaign,campaign2015,2015_b7,R-U-D,0.05,3,25,0.04790496826171875,428,0.9345794392523364,5.1344619315432665,4.28135456178365,17.957488952040574,1.0,3.921617471926034,-1.4530487711229985,3.6467526429380777
ossl_lucas_campaign,campaign2015,2015_b8,R-U-D,0.05,3,25,0.04790496826171875,840,0.9654761904761905,3.657743135735276,3.222680680383653,6.595372275310652,1.0,1.7013216986649229,-0.9300435592673291,1.4254590378641159
ossl_lucas_campaign,campaign2015,2015_b9,R-U-D,0.05,3,25,0.04790496826171875,684,0.9473684210526315,4.702555398677701,3.4895942353609706,12.154809155953808,1.0,2.718948005250529,-0.48112327753272055,2.677999918701279
ossl_lucas_campaign,campaign2015,2015_b0,R-U-D,0.1,3,25,0.0021965503692626953,759,0.9578392621870883,7.424536708760989,3.166843636670804,9.76659568154494,1.0,5.587635078334462,-0.10928540904522795,5.590250105706058
ossl_lucas_campaign,campaign2015,2015_b1,R-U-D,0.1,3,25,0.0021965503692626953,495,0.8303030303030303,3.9295084398702063,2.952640626505588,8.833221903561666,1.0,3.6786401682356202,-0.8955061908651761,3.5715868064171747
ossl_lucas_campaign,campaign2015,2015_b10,R-U-D,0.1,3,25,0.0021965503692626953,746,0.9289544235924933,2.944313937522683,2.7436202114322663,5.200430263229235,1.0,1.4812827253843897,-0.6912914656995124,1.3109608689771395
ossl_lucas_campaign,campaign2015,2015_b11,R-U-D,0.1,3,25,0.0021965503692626953,231,0.7965367965367965,18.411469788258064,5.595604076042508,39.699704550787075,1.0,16.352927800273463,-0.23417004662593152,16.386758729161258
ossl_lucas_campaign,campaign2015,2015_b12,R-U-D,0.1,3,25,0.0021965503692626953,544,0.8216911764705882,21.564720672381736,4.852907997519328,34.46900870915377,1.0,14.739294081579544,2.513644176333618,14.536740798363398
ossl_lucas_campaign,campaign2015,2015_b13,R-U-D,0.1,3,25,0.0021965503692626953,570,0.8263157894736842,2.90161067816147,2.68384641314459,5.705076898523752,1.0,1.6185309930487748,-0.86683112192869,1.3680386570092116
ossl_lucas_campaign,campaign2015,2015_b14,R-U-D,0.1,3,25,0.0021965503692626953,779,0.7843388960205392,9.179027298146437,4.461407823916284,25.96397335354035,1.0,7.436832821096665,-1.877156946630634,7.200647403500929
ossl_lucas_campaign,campaign2015,2015_b15,R-U-D,0.1,3,25,0.0021965503692626953,1380,0.9036231884057971,3.3569545133522074,2.8662203962624373,5.36627898591027,1.0,1.7969731448891426,-0.8184402741531424,1.6003511764522955
ossl_lucas_campaign,campaign2015,2015_b16,R-U-D,0.1,3,25,0.0021965503692626953,689,0.8809869375907112,3.0984115445179943,2.6238130510324056,7.265585237817467,1.0,2.031713137575887,-0.868203555162873,1.8382015796690545
ossl_lucas_campaign,campaign2015,2015_b17,R-U-D,0.1,3,25,0.0021965503692626953,279,0.6523297491039427,6.912356045035437,4.203545903668852,42.05899808890456,1.0,8.362491324869579,-3.5189378174445225,7.59969382309669
ossl_lucas_campaign,campaign2015,2015_b18,R-U-D,0.1,3,25,0.0021965503692626953,1543,0.9086195722618277,3.8297004339667646,3.1481286244219957,7.245819865918403,1.0,2.1049955631880577,-0.6650757208872082,1.9978156320161555
ossl_lucas_campaign,campaign2015,2015_b19,R-U-D,0.1,3,25,0.0021965503692626953,645,0.9255813953488372,3.1083953208078676,2.734709772065732,3.8394345618224195,1.0,1.0460505391134314,-0.09268896231874167,1.0427445747972024
ossl_lucas_campaign,campaign2015,2015_b2,R-U-D,0.1,3,25,0.0021965503692626953,1055,0.8578199052132701,3.0035747977783953,2.657860614341064,6.502620508441799,1.0,1.822761351691537,-0.65445058087298,1.7020279840501378
ossl_lucas_campaign,campaign2015,2015_b20,R-U-D,0.1,3,25,0.0021965503692626953,807,0.7075588599752168,4.841783893173767,3.807196228558981,21.76071310299988,1.0,5.024448518944666,-2.873686439559602,4.124085942408525
ossl_lucas_campaign,campaign2015,2015_b21,R-U-D,0.1,3,25,0.0021965503692626953,775,0.9690322580645161,2.7250411405426176,2.5041065980369206,2.952390972650321,1.0,0.8979380588469682,-0.5476804664105559,0.7120344435610516
ossl_lucas_campaign,campaign2015,2015_b22,R-U-D,0.1,3,25,0.0021965503692626953,564,0.8138297872340425,13.126336534918108,5.018920371555939,22.334270215957932,1.0,8.796790917207897,-1.171327803222896,8.726198095514457
ossl_lucas_campaign,campaign2015,2015_b23,R-U-D,0.1,3,25,0.0021965503692626953,818,0.8019559902200489,5.078150486380549,3.321014066676228,14.055529148596824,1.0,3.882780128626792,-1.0463371144270956,3.7414265960162045
ossl_lucas_campaign,campaign2015,2015_b24,R-U-D,0.1,3,25,0.0021965503692626953,1169,0.8511548331907614,5.050264983769438,3.986295551419244,12.221596238521215,1.0,3.3517151937456475,-1.4150038167195136,3.0396813717650635
ossl_lucas_campaign,campaign2015,2015_b25,R-U-D,0.1,3,25,0.0021965503692626953,76,0.9210526315789473,3.2855653497325723,3.139990896021596,3.6404389593402486,1.0,0.8090254887376963,0.21249059062532294,0.7858084521862029
ossl_lucas_campaign,campaign2015,2015_b26,R-U-D,0.1,3,25,0.0021965503692626953,873,0.9553264604810997,3.50990487555713,2.5692675553919795,7.094971369493049,1.0,2.829154395320543,-0.27656720166009013,2.81721786321224
ossl_lucas_campaign,campaign2015,2015_b27,R-U-D,0.1,3,25,0.0021965503692626953,662,0.8625377643504532,3.7981624118811754,2.896090773476968,10.149383464461975,1.0,2.961763134642857,-1.4208727591753507,2.6006495440796518
ossl_lucas_campaign,campaign2015,2015_b28,R-U-D,0.1,3,25,0.0021965503692626953,791,0.9671302149178256,3.7850992009591518,3.0085221120086927,5.831979998206965,1.0,4.078844308559447,-0.2992410360082923,4.07042648924068
ossl_lucas_campaign,campaign2015,2015_b29,R-U-D,0.1,3,25,0.0021965503692626953,711,0.8452883263009845,3.7929452598158715,3.0349923422098186,9.075472987952729,1.0,2.895145855130485,-1.3800224683399023,2.5468668238689625
ossl_lucas_campaign,campaign2015,2015_b3,R-U-D,0.1,3,25,0.0021965503692626953,1000,0.915,2.9123045929989444,2.470766824284827,5.7390785427733935,1.0,1.7058569261167036,-0.7940787313771516,1.5105192780113814
ossl_lucas_campaign,campaign2015,2015_b4,R-U-D,0.1,3,25,0.0021965503692626953,729,0.8545953360768176,15.33214364806047,3.4159023523786574,24.265177724581516,1.0,10.106217943648197,1.1791094288664952,10.044089233881538
ossl_lucas_campaign,campaign2015,2015_b5,R-U-D,0.1,3,25,0.0021965503692626953,409,0.8484107579462102,3.0709466342961433,2.785825597608765,7.58858137218172,1.0,1.8586419312305578,-0.9784026448415115,1.5822132829475084
ossl_lucas_campaign,campaign2015,2015_b6,R-U-D,0.1,3,25,0.0021965503692626953,731,0.7523939808481532,16.307593569663464,4.425522555887169,36.77899662943037,1.0,11.372136573163045,-1.4350606049198709,11.288951608109933
ossl_lucas_campaign,campaign2015,2015_b7,R-U-D,0.1,3,25,0.0021965503692626953,428,0.8808411214953271,4.068339977689584,3.398511174144778,12.250140420908698,1.0,3.921617471926034,-1.4530487711229985,3.6467526429380777
ossl_lucas_campaign,campaign2015,2015_b8,R-U-D,0.1,3,25,0.0021965503692626953,840,0.9404761904761905,2.8971990403173686,2.5591916277835693,5.086217587939275,1.0,1.7013216986649229,-0.9300435592673291,1.4254590378641159
ossl_lucas_campaign,campaign2015,2015_b9,R-U-D,0.1,3,25,0.0021965503692626953,684,0.9035087719298246,3.7307442525027907,2.7746571325786222,8.708188735429081,1.0,2.718948005250529,-0.48112327753272055,2.677999918701279
ossl_lucas_campaign,campaign2015,2015_b0,R-U-D,0.2,3,25,0.0021965503692626953,759,0.8880105401844532,5.447800268322882,2.3408152921629766,8.00725440516819,1.0,5.587635078334462,-0.10928540904522795,5.590250105706058
ossl_lucas_campaign,campaign2015,2015_b1,R-U-D,0.2,3,25,0.0021965503692626953,495,0.7353535353535353,2.87721794429264,2.165313615826092,7.236225755023037,1.0,3.6786401682356202,-0.8955061908651761,3.5715868064171747
ossl_lucas_campaign,campaign2015,2015_b10,R-U-D,0.2,3,25,0.0021965503692626953,746,0.8351206434316354,2.1672395632719743,2.0223383678621047,4.023690305047825,1.0,1.4812827253843897,-0.6912914656995124,1.3109608689771395
ossl_lucas_campaign,campaign2015,2015_b11,R-U-D,0.2,3,25,0.0021965503692626953,231,0.6233766233766234,13.388977907713832,4.086641926829924,30.80788485935159,1.0,16.352927800273463,-0.23417004662593152,16.386758729161258
ossl_lucas_campaign,campaign2015,2015_b12,R-U-D,0.2,3,25,0.0021965503692626953,544,0.6654411764705882,15.729770198544717,3.559393531846733,28.299934003296677,1.0,14.739294081579544,2.513644176333618,14.536740798363398
ossl_lucas_campaign,campaign2015,2015_b13,R-U-D,0.2,3,25,0.0021965503692626953,570,0.7070175438596491,2.124727645081634,1.968248269114945,4.867052138043111,1.0,1.6185309930487748,-0.86683112192869,1.3680386570092116
ossl_lucas_campaign,campaign2015,2015_b14,R-U-D,0.2,3,25,0.0021965503692626953,779,0.686777920410783,6.731467744752526,3.2900400267344025,19.144958228334705,1.0,7.436832821096665,-1.877156946630634,7.200647403500929
ossl_lucas_campaign,campaign2015,2015_b15,R-U-D,0.2,3,25,0.0021965503692626953,1380,0.7797101449275362,2.4623980703049044,2.1041179635340708,4.6763810596198985,1.0,1.7969731448891426,-0.8184402741531424,1.6003511764522955
ossl_lucas_campaign,campaign2015,2015_b16,R-U-D,0.2,3,25,0.0021965503692626953,689,0.8011611030478955,2.2821929224023525,1.9366745330667046,5.382787509952282,1.0,2.031713137575887,-0.868203555162873,1.8382015796690545
ossl_lucas_campaign,campaign2015,2015_b17,R-U-D,0.2,3,25,0.0021965503692626953,279,0.5053763440860215,5.076972016681907,3.0925445783715,27.469609831397836,1.0,8.362491324869579,-3.5189378174445225,7.59969382309669
ossl_lucas_campaign,campaign2015,2015_b18,R-U-D,0.2,3,25,0.0021965503692626953,1543,0.8172391445236552,2.805098519012304,2.3124156862610104,5.627186730300142,1.0,2.1049955631880577,-0.6650757208872082,1.9978156320161555
ossl_lucas_campaign,campaign2015,2015_b19,R-U-D,0.2,3,25,0.0021965503692626953,645,0.8201550387596899,2.2770501382652166,1.996276991155021,3.171294370191133,1.0,1.0460505391134314,-0.09268896231874167,1.0427445747972024
ossl_lucas_campaign,campaign2015,2015_b2,R-U-D,0.2,3,25,0.0021965503692626953,1055,0.7563981042654029,2.197167774357487,1.948630574465911,5.13296835872139,1.0,1.822761351691537,-0.65445058087298,1.7020279840501378
ossl_lucas_campaign,campaign2015,2015_b20,R-U-D,0.2,3,25,0.0021965503692626953,807,0.5563816604708798,3.5585951495064396,2.796023000033189,16.26805449146437,1.0,5.024448518944666,-2.873686439559602,4.124085942408525
ossl_lucas_campaign,campaign2015,2015_b21,R-U-D,0.2,3,25,0.0021965503692626953,775,0.8722580645161291,2.0023629008565775,1.8409874444310208,2.5215989302031776,1.0,0.8979380588469682,-0.5476804664105559,0.7120344435610516
ossl_lucas_campaign,campaign2015,2015_b22,R-U-D,0.2,3,25,0.0021965503692626953,564,0.6666666666666666,9.602125223715129,3.705891989523334,18.634469970976763,1.0,8.796790917207897,-1.171327803222896,8.726198095514457
ossl_lucas_campaign,campaign2015,2015_b23,R-U-D,0.2,3,25,0.0021965503692626953,818,0.6589242053789731,3.731199728737414,2.4516955859086482,10.447039401235795,1.0,3.882780128626792,-1.0463371144270956,3.7414265960162045
ossl_lucas_campaign,campaign2015,2015_b24,R-U-D,0.2,3,25,0.0021965503692626953,1169,0.7296834901625321,3.706209582247365,2.9258204915369688,9.366439106681602,1.0,3.3517151937456475,-1.4150038167195136,3.0396813717650635
ossl_lucas_campaign,campaign2015,2015_b25,R-U-D,0.2,3,25,0.0021965503692626953,76,0.8289473684210527,2.394903598916478,2.3021990574527633,2.9898541697046754,1.0,0.8090254887376963,0.21249059062532294,0.7858084521862029
ossl_lucas_campaign,campaign2015,2015_b26,R-U-D,0.2,3,25,0.0021965503692626953,873,0.9072164948453608,2.5800471786076904,1.8936144383888007,5.000881591045152,1.0,2.829154395320543,-0.27656720166009013,2.81721786321224
ossl_lucas_campaign,campaign2015,2015_b27,R-U-D,0.2,3,25,0.0021965503692626953,662,0.7598187311178247,2.797709559552671,2.1393958949219596,7.600372306898564,1.0,2.961763134642857,-1.4208727591753507,2.6006495440796518
ossl_lucas_campaign,campaign2015,2015_b28,R-U-D,0.2,3,25,0.0021965503692626953,791,0.8836915297092288,2.7814496772549444,2.2055203130862977,4.42969310504882,1.0,4.078844308559447,-0.2992410360082923,4.07042648924068
ossl_lucas_campaign,campaign2015,2015_b29,R-U-D,0.2,3,25,0.0021965503692626953,711,0.7116736990154712,2.7825041735400453,2.231021574333639,7.455425242028861,1.0,2.895145855130485,-1.3800224683399023,2.5468668238689625
ossl_lucas_campaign,campaign2015,2015_b3,R-U-D,0.2,3,25,0.0021965503692626953,1000,0.796,2.1440129490713247,1.81973146876671,4.385209623863165,1.0,1.7058569261167036,-0.7940787313771516,1.5105192780113814
ossl_lucas_campaign,campaign2015,2015_b4,R-U-D,0.2,3,25,0.0021965503692626953,729,0.7613168724279835,11.163678773792167,2.501586402236538,19.02149649818514,1.0,10.106217943648197,1.1791094288664952,10.044089233881538
ossl_lucas_campaign,campaign2015,2015_b5,R-U-D,0.2,3,25,0.0021965503692626953,409,0.7383863080684596,2.2472711608189977,2.037660776787189,5.783715439069624,1.0,1.8586419312305578,-0.9784026448415115,1.5822132829475084
ossl_lucas_campaign,campaign2015,2015_b6,R-U-D,0.2,3,25,0.0021965503692626953,731,0.6046511627906976,11.921179555652618,3.2638126933785436,28.022380212103684,1.0,11.372136573163045,-1.4350606049198709,11.288951608109933
ossl_lucas_campaign,campaign2015,2015_b7,R-U-D,0.2,3,25,0.0021965503692626953,428,0.735981308411215,2.9926479836426227,2.5010239961666936,8.64152769576157,1.0,3.921617471926034,-1.4530487711229985,3.6467526429380777
ossl_lucas_campaign,campaign2015,2015_b8,R-U-D,0.2,3,25,0.0021965503692626953,840,0.8333333333333334,2.1304823823921457,1.881839570723386,3.9528693267865926,1.0,1.7013216986649229,-0.9300435592673291,1.4254590378641159
ossl_lucas_campaign,campaign2015,2015_b9,R-U-D,0.2,3,25,0.0021965503692626953,684,0.8114035087719298,2.7472236770068386,2.0471068533532595,6.252174123615974,1.0,2.718948005250529,-0.48112327753272055,2.677999918701279
ossl_lucas_campaign,campaign2015,2015_b0,G-U-A,0.05,3,25,0.001329660415649414,759,0.9762845849802372,8.563748660287917,4.3410713239126535,12.470355620443248,1.0,5.587635078334462,-0.10928540904522795,5.590250105706058
ossl_lucas_campaign,campaign2015,2015_b1,G-U-A,0.05,3,25,0.001329660415649414,495,0.8707070707070707,4.21843317363519,3.265064713486387,12.772857166971503,1.0,3.6786401682356202,-0.8955061908651761,3.5715868064171747
ossl_lucas_campaign,campaign2015,2015_b10,G-U-A,0.05,3,25,0.001329660415649414,746,0.9557640750670241,3.5636089021586606,3.325898576743042,7.052037532340419,1.0,1.4812827253843897,-0.6912914656995124,1.3109608689771395
ossl_lucas_campaign,campaign2015,2015_b11,G-U-A,0.05,3,25,0.001329660415649414,231,0.8528138528138528,17.646558287279206,6.4223966451153665,63.51950497083025,1.0,16.352927800273463,-0.23417004662593152,16.386758729161258
ossl_lucas_campaign,campaign2015,2015_b12,G-U-A,0.05,3,25,0.001329660415649414,544,0.8639705882352942,21.604446532665502,5.850351991610909,45.721924475577495,1.0,14.739294081579544,2.513644176333618,14.536740798363398
ossl_lucas_campaign,campaign2015,2015_b13,G-U-A,0.05,3,25,0.001329660415649414,570,0.8508771929824561,3.180985373028415,2.9903588062498105,8.263450943909355,1.0,1.6185309930487748,-0.86683112192869,1.3680386570092116
ossl_lucas_campaign,campaign2015,2015_b14,G-U-A,0.05,3,25,0.001329660415649414,779,0.8562259306803595,10.299527212777683,5.64474515186707,36.708540311057504,1.0,7.436832821096665,-1.877156946630634,7.200647403500929
ossl_lucas_campaign,campaign2015,2015_b15,G-U-A,0.05,3,25,0.001329660415649414,1380,0.9282608695652174,3.7529139465425785,3.2636782551819294,6.969072192523643,1.0,1.7969731448891426,-0.8184402741531424,1.6003511764522955
ossl_lucas_campaign,campaign2015,2015_b16,G-U-A,0.05,3,25,0.001329660415649414,689,0.9375907111756169,3.8298237055388005,3.3057398247495766,9.66666808069646,1.0,2.031713137575887,-0.868203555162873,1.8382015796690545
ossl_lucas_campaign,campaign2015,2015_b17,G-U-A,0.05,3,25,0.001329660415649414,279,0.7526881720430108,8.094003059974323,5.536011317085199,66.56986638384815,1.0,8.362491324869579,-3.5189378174445225,7.59969382309669
ossl_lucas_campaign,campaign2015,2015_b18,G-U-A,0.05,3,25,0.001329660415649414,1543,0.9183408943616331,4.150775205791729,3.5268875700505258,10.254784099367232,1.0,2.1049955631880577,-0.6650757208872082,1.9978156320161555
ossl_lucas_campaign,campaign2015,2015_b19,G-U-A,0.05,3,25,0.001329660415649414,645,0.937984496124031,3.4050074717037164,3.0380110501942044,4.5884718642918365,1.0,1.0460505391134314,-0.09268896231874167,1.0427445747972024
ossl_lucas_campaign,campaign2015,2015_b2,G-U-A,0.05,3,25,0.001329660415649414,1055,0.8872037914691943,3.1919013825867686,2.8968375698745925,10.182672352040177,1.0,1.822761351691537,-0.65445058087298,1.7020279840501378
ossl_lucas_campaign,campaign2015,2015_b20,G-U-A,0.05,3,25,0.001329660415649414,807,0.7732342007434945,5.6746531913668745,4.483689772501011,33.22804203860544,1.0,5.024448518944666,-2.873686439559602,4.124085942408525
ossl_lucas_campaign,campaign2015,2015_b21,G-U-A,0.05,3,25,0.001329660415649414,775,0.9780645161290322,3.177849600817638,2.9393370010025057,3.535786871375845,1.0,0.8979380588469682,-0.5476804664105559,0.7120344435610516
ossl_lucas_campaign,campaign2015,2015_b22,G-U-A,0.05,3,25,0.001329660415649414,564,0.8812056737588653,14.008795545824512,6.058648179168898,27.165811515223236,1.0,8.796790917207897,-1.171327803222896,8.726198095514457
ossl_lucas_campaign,campaign2015,2015_b23,G-U-A,0.05,3,25,0.001329660415649414,818,0.8777506112469438,5.929165747691331,4.237138925205906,19.342737097271865,1.0,3.882780128626792,-1.0463371144270956,3.7414265960162045
ossl_lucas_campaign,campaign2015,2015_b24,G-U-A,0.05,3,25,0.001329660415649414,1169,0.8819503849443969,5.718954141336714,4.647254184978135,17.86147131588409,1.0,3.3517151937456475,-1.4150038167195136,3.0396813717650635
ossl_lucas_campaign,campaign2015,2015_b25,G-U-A,0.05,3,25,0.001329660415649414,76,0.9078947368421053,3.3046384348966775,3.2157620810814436,4.1162578456419565,1.0,0.8090254887376963,0.21249059062532294,0.7858084521862029
ossl_lucas_campaign,campaign2015,2015_b26,G-U-A,0.05,3,25,0.001329660415649414,873,0.9713631156930126,4.148188410514454,3.246555855361435,10.643041324335476,1.0,2.829154395320543,-0.27656720166009013,2.81721786321224
ossl_lucas_campaign,campaign2015,2015_b27,G-U-A,0.05,3,25,0.001329660415649414,662,0.9199395770392749,4.726675801349258,3.773053081187492,14.303127916872624,1.0,2.961763134642857,-1.4208727591753507,2.6006495440796518
ossl_lucas_campaign,campaign2015,2015_b28,G-U-A,0.05,3,25,0.001329660415649414,791,0.9759797724399494,4.462302753719571,3.7155008247075347,8.336181046562446,1.0,4.078844308559447,-0.2992410360082923,4.07042648924068
ossl_lucas_campaign,campaign2015,2015_b29,G-U-A,0.05,3,25,0.001329660415649414,711,0.8987341772151899,4.292261079120185,3.482953099712048,12.428923057786205,1.0,2.895145855130485,-1.3800224683399023,2.5468668238689625
ossl_lucas_campaign,campaign2015,2015_b3,G-U-A,0.05,3,25,0.001329660415649414,1000,0.958,3.5697548736996674,3.134940287793524,7.683587331346867,1.0,1.7058569261167036,-0.7940787313771516,1.5105192780113814
ossl_lucas_campaign,campaign2015,2015_b4,G-U-A,0.05,3,25,0.001329660415649414,729,0.8834019204389575,15.061022510894439,4.130081719508269,30.60742231107078,1.0,10.106217943648197,1.1791094288664952,10.044089233881538
ossl_lucas_campaign,campaign2015,2015_b5,G-U-A,0.05,3,25,0.001329660415649414,409,0.8679706601466992,3.2554503465739666,2.915180506816006,10.551706294675283,1.0,1.8586419312305578,-0.9784026448415115,1.5822132829475084
ossl_lucas_campaign,campaign2015,2015_b6,G-U-A,0.05,3,25,0.001329660415649414,731,0.8372093023255814,17.167170466999504,5.703212567823011,50.29520551710538,1.0,11.372136573163045,-1.4350606049198709,11.288951608109933
ossl_lucas_campaign,campaign2015,2015_b7,G-U-A,0.05,3,25,0.001329660415649414,428,0.9299065420560748,4.8901306482017945,4.170035010450408,18.406492508881534,1.0,3.921617471926034,-1.4530487711229985,3.6467526429380777
ossl_lucas_campaign,campaign2015,2015_b8,G-U-A,0.05,3,25,0.001329660415649414,840,0.955952380952381,3.4491125667180995,3.1132863111137223,7.667335992346099,1.0,1.7013216986649229,-0.9300435592673291,1.4254590378641159
ossl_lucas_campaign,campaign2015,2015_b9,G-U-A,0.05,3,25,0.001329660415649414,684,0.9488304093567251,4.596042295727349,3.602895000665834,12.564468990967972,1.0,2.718948005250529,-0.48112327753272055,2.677999918701279
ossl_lucas_campaign,campaign2015,2015_b0,G-U-A,0.1,3,25,0.0008945465087890625,759,0.9486166007905138,6.74981902525998,3.421567700606831,10.277692553174894,1.0,5.587635078334462,-0.10928540904522795,5.590250105706058
ossl_lucas_campaign,campaign2015,2015_b1,G-U-A,0.1,3,25,0.0008945465087890625,495,0.7858585858585858,3.3249061388536054,2.573475331427405,10.396512639444637,1.0,3.6786401682356202,-0.8955061908651761,3.5715868064171747
ossl_lucas_campaign,campaign2015,2015_b10,G-U-A,0.1,3,25,0.0008945465087890625,746,0.9195710455764075,2.808783410227696,2.6214236755321263,5.441102719028774,1.0,1.4812827253843897,-0.6912914656995124,1.3109608689771395
ossl_lucas_campaign,campaign2015,2015_b11,G-U-A,0.1,3,25,0.0008945465087890625,231,0.7402597402597403,13.908754166289576,5.062037290280321,46.580379670944005,1.0,16.352927800273463,-0.23417004662593152,16.386758729161258
ossl_lucas_campaign,campaign2015,2015_b12,G-U-A,0.1,3,25,0.0008945465087890625,544,0.7738970588235294,17.02830267691379,4.61116022245745,38.46462292992849,1.0,14.739294081579544,2.513644176333618,14.536740798363398
ossl_lucas_campaign,campaign2015,2015_b13,G-U-A,0.1,3,25,0.0008945465087890625,570,0.7614035087719299,2.5072052487373027,2.356956230672478,6.8305864992507095,1.0,1.6185309930487748,-0.86683112192869,1.3680386570092116
ossl_lucas_campaign,campaign2015,2015_b14,G-U-A,0.1,3,25,0.0008945465087890625,779,0.7766367137355584,8.117933803261854,4.449103976568062,27.36175710644596,1.0,7.436832821096665,-1.877156946630634,7.200647403500929
ossl_lucas_campaign,campaign2015,2015_b15,G-U-A,0.1,3,25,0.0008945465087890625,1380,0.8485507246376811,2.957990824042348,2.5723825456612186,6.0971233619934475,1.0,1.7969731448891426,-0.8184402741531424,1.6003511764522955
ossl_lucas_campaign,campaign2015,2015_b16,G-U-A,0.1,3,25,0.0008945465087890625,689,0.8838896952104499,3.0186099495087646,2.605534847738526,7.232820430370786,1.0,2.031713137575887,-0.868203555162873,1.8382015796690545
ossl_lucas_campaign,campaign2015,2015_b17,G-U-A,0.1,3,25,0.0008945465087890625,279,0.6523297491039427,6.37957254608292,4.363401589002256,43.28115349360179,1.0,8.362491324869579,-3.5189378174445225,7.59969382309669
ossl_lucas_campaign,campaign2015,2015_b18,G-U-A,0.1,3,25,0.0008945465087890625,1543,0.8600129617627997,3.2715791372476453,2.7798402037034577,7.829717723812254,1.0,2.1049955631880577,-0.6650757208872082,1.9978156320161555
ossl_lucas_campaign,campaign2015,2015_b19,G-U-A,0.1,3,25,0.0008945465087890625,645,0.8868217054263566,2.6837761271808995,2.3945150189474926,3.851035686456371,1.0,1.0460505391134314,-0.09268896231874167,1.0427445747972024
ossl_lucas_campaign,campaign2015,2015_b2,G-U-A,0.1,3,25,0.0008945465087890625,1055,0.8066350710900474,2.5158090847347987,2.283244186380643,7.622650865260609,1.0,1.822761351691537,-0.65445058087298,1.7020279840501378
ossl_lucas_campaign,campaign2015,2015_b20,G-U-A,0.1,3,25,0.0008945465087890625,807,0.6790582403965304,4.472677047431309,3.5339774356214493,24.51934212282527,1.0,5.024448518944666,-2.873686439559602,4.124085942408525
ossl_lucas_campaign,campaign2015,2015_b21,G-U-A,0.1,3,25,0.0008945465087890625,775,0.9380645161290323,2.5047336798290116,2.316741604412091,3.016042609639157,1.0,0.8979380588469682,-0.5476804664105559,0.7120344435610516
ossl_lucas_campaign,campaign2015,2015_b22,G-U-A,0.1,3,25,0.0008945465087890625,564,0.7854609929078015,11.041523805417768,4.775336172201026,23.55859251327881,1.0,8.796790917207897,-1.171327803222896,8.726198095514457
ossl_lucas_campaign,campaign2015,2015_b23,G-U-A,0.1,3,25,0.0008945465087890625,818,0.7885085574572127,4.673280050040753,3.339649733375396,14.48702472875384,1.0,3.882780128626792,-1.0463371144270956,3.7414265960162045
ossl_lucas_campaign,campaign2015,2015_b24,G-U-A,0.1,3,25,0.0008945465087890625,1169,0.8143712574850299,4.507594395756834,3.662896467109751,13.295659076908242,1.0,3.3517151937456475,-1.4150038167195136,3.0396813717650635
ossl_lucas_campaign,campaign2015,2015_b25,G-U-A,0.1,3,25,0.0008945465087890625,76,0.8421052631578947,2.604666748676044,2.534615731571855,3.645703442071081,1.0,0.8090254887376963,0.21249059062532294,0.7858084521862029
ossl_lucas_campaign,campaign2015,2015_b26,G-U-A,0.1,3,25,0.0008945465087890625,873,0.9541809851088202,3.269540263774165,2.558886925384269,7.441650285446761,1.0,2.829154395320543,-0.27656720166009013,2.81721786321224
ossl_lucas_campaign,campaign2015,2015_b27,G-U-A,0.1,3,25,0.0008945465087890625,662,0.8670694864048338,3.7254954011121746,2.973864189734276,10.704221793211172,1.0,2.961763134642857,-1.4208727591753507,2.6006495440796518
ossl_lucas_campaign,campaign2015,2015_b28,G-U-A,0.1,3,25,0.0008945465087890625,791,0.95448798988622,3.5171205062566284,2.9285023591685952,6.132323086273264,1.0,4.078844308559447,-0.2992410360082923,4.07042648924068
ossl_lucas_campaign,campaign2015,2015_b29,G-U-A,0.1,3,25,0.0008945465087890625,711,0.7946554149085795,3.3830961933268955,2.745211709159877,10.018475175533585,1.0,2.895145855130485,-1.3800224683399023,2.5468668238689625
ossl_lucas_campaign,campaign2015,2015_b3,G-U-A,0.1,3,25,0.0008945465087890625,1000,0.911,2.8136275733718765,2.4709131989975175,5.748071824589476,1.0,1.7058569261167036,-0.7940787313771516,1.5105192780113814
ossl_lucas_campaign,campaign2015,2015_b4,G-U-A,0.1,3,25,0.0008945465087890625,729,0.8093278463648834,11.870873412635428,3.255268839858515,25.2113596361359,1.0,10.106217943648197,1.1791094288664952,10.044089233881538
ossl_lucas_campaign,campaign2015,2015_b5,G-U-A,0.1,3,25,0.0008945465087890625,409,0.7775061124694377,2.565897430758481,2.2977018158204747,8.179523631734396,1.0,1.8586419312305578,-0.9784026448415115,1.5822132829475084
ossl_lucas_campaign,campaign2015,2015_b6,G-U-A,0.1,3,25,0.0008945465087890625,731,0.7387140902872777,13.53090783308191,4.495187122189471,38.39685840977602,1.0,11.372136573163045,-1.4350606049198709,11.288951608109933
ossl_lucas_campaign,campaign2015,2015_b7,G-U-A,0.1,3,25,0.0008945465087890625,428,0.8644859813084113,3.8543280746085857,3.286759428153517,12.57499409682296,1.0,3.921617471926034,-1.4530487711229985,3.6467526429380777
ossl_lucas_campaign,campaign2015,2015_b8,G-U-A,0.1,3,25,0.0008945465087890625,840,0.9285714285714286,2.7185391055503483,2.453845857397029,5.521336788607527,1.0,1.7013216986649229,-0.9300435592673291,1.4254590378641159
ossl_lucas_campaign,campaign2015,2015_b9,G-U-A,0.1,3,25,0.0008945465087890625,684,0.8947368421052632,3.622532019471602,2.839748127391994,9.050165230865035,1.0,2.718948005250529,-0.48112327753272055,2.677999918701279
ossl_lucas_campaign,campaign2015,2015_b0,G-U-A,0.2,3,25,0.000885009765625,759,0.8945981554677207,4.988882543577556,2.528926969648456,8.318160575560471,1.0,5.587635078334462,-0.10928540904522795,5.590250105706058
ossl_lucas_campaign,campaign2015,2015_b1,G-U-A,0.2,3,25,0.000885009765625,495,0.6808080808080809,2.4574831018557135,1.9020904277935273,7.764449933074106,1.0,3.6786401682356202,-0.8955061908651761,3.5715868064171747
ossl_lucas_campaign,campaign2015,2015_b10,G-U-A,0.2,3,25,0.000885009765625,746,0.8190348525469169,2.0760098117498003,1.9375296974987297,4.109186283231931,1.0,1.4812827253843897,-0.6912914656995124,1.3109608689771395
ossl_lucas_campaign,campaign2015,2015_b11,G-U-A,0.2,3,25,0.000885009765625,231,0.5627705627705628,10.280148342264782,3.7414202333292086,33.78088687826444,1.0,16.352927800273463,-0.23417004662593152,16.386758729161258
ossl_lucas_campaign,campaign2015,2015_b12,G-U-A,0.2,3,25,0.000885009765625,544,0.6176470588235294,12.58584884330852,3.4081708936738666,30.720165676501125,1.0,14.739294081579544,2.513644176333618,14.536740798363398
ossl_lucas_campaign,campaign2015,2015_b13,G-U-A,0.2,3,25,0.000885009765625,570,0.6491228070175439,1.8531093132692966,1.742058231661312,5.292229587615381,1.0,1.6185309930487748,-0.86683112192869,1.3680386570092116
ossl_lucas_campaign,campaign2015,2015_b14,G-U-A,0.2,3,25,0.000885009765625,779,0.6700898587933247,6.000074681921021,3.288392930269264,19.716927727813403,1.0,7.436832821096665,-1.877156946630634,7.200647403500929
ossl_lucas_campaign,campaign2015,2015_b15,G-U-A,0.2,3,25,0.000885009765625,1380,0.7289855072463768,2.1862910295671325,1.9012827350520785,5.017402329474997,1.0,1.7969731448891426,-0.8184402741531424,1.6003511764522955
ossl_lucas_campaign,campaign2015,2015_b16,G-U-A,0.2,3,25,0.000885009765625,689,0.7924528301886793,2.231095445169179,1.9257860499548838,5.3813979980448705,1.0,2.031713137575887,-0.868203555162873,1.8382015796690545
ossl_lucas_campaign,campaign2015,2015_b17,G-U-A,0.2,3,25,0.000885009765625,279,0.5053763440860215,4.715228362646929,3.2250491363586558,28.08348720070578,1.0,8.362491324869579,-3.5189378174445225,7.59969382309669
ossl_lucas_campaign,campaign2015,2015_b18,G-U-A,0.2,3,25,0.000885009765625,1543,0.7543745949449125,2.418068393636472,2.054617496304962,5.896598175786865,1.0,2.1049955631880577,-0.6650757208872082,1.9978156320161555
ossl_lucas_campaign,campaign2015,2015_b19,G-U-A,0.2,3,25,0.000885009765625,645,0.7612403100775194,1.983615237928141,1.7698184401175574,3.2020714192792696,1.0,1.0460505391134314,-0.09268896231874167,1.0427445747972024
ossl_lucas_campaign,campaign2015,2015_b2,G-U-A,0.2,3,25,0.000885009765625,1055,0.6881516587677725,1.8594685248355738,1.6875766626529063,5.54279850741125,1.0,1.822761351691537,-0.65445058087298,1.7020279840501378
ossl_lucas_campaign,campaign2015,2015_b20,G-U-A,0.2,3,25,0.000885009765625,807,0.5328376703841388,3.3058161058074615,2.6120105253177144,17.279333748948005,1.0,5.024448518944666,-2.873686439559602,4.124085942408525
ossl_lucas_campaign,campaign2015,2015_b21,G-U-A,0.2,3,25,0.000885009765625,775,0.8464516129032258,1.8512825432572888,1.712335057425657,2.560960262800903,1.0,0.8979380588469682,-0.5476804664105559,0.7120344435610516
ossl_lucas_campaign,campaign2015,2015_b22,G-U-A,0.2,3,25,0.000885009765625,564,0.6329787234042553,8.16093959870621,3.5295155588694564,19.531582434450897,1.0,8.796790917207897,-1.171327803222896,8.726198095514457
ossl_lucas_campaign,campaign2015,2015_b23,G-U-A,0.2,3,25,0.000885009765625,818,0.6540342298288508,3.4540844985098795,2.4683802919972697,10.629384133571934,1.0,3.882780128626792,-1.0463371144270956,3.7414265960162045
ossl_lucas_campaign,campaign2015,2015_b24,G-U-A,0.2,3,25,0.000885009765625,1169,0.7040205303678357,3.3316239902673734,2.7072963253250926,9.753206796976903,1.0,3.3517151937456475,-1.4150038167195136,3.0396813717650635
ossl_lucas_campaign,campaign2015,2015_b25,G-U-A,0.2,3,25,0.000885009765625,76,0.75,1.9251444261953867,1.8733687719025691,2.9881550699687405,1.0,0.8090254887376963,0.21249059062532294,0.7858084521862029
ossl_lucas_campaign,campaign2015,2015_b26,G-U-A,0.2,3,25,0.000885009765625,873,0.8991981672394044,2.416561434673226,1.8913079395557157,5.066892390418302,1.0,2.829154395320543,-0.27656720166009013,2.81721786321224
ossl_lucas_campaign,campaign2015,2015_b27,G-U-A,0.2,3,25,0.000885009765625,662,0.7598187311178247,2.753564044196151,2.1980232488624836,7.792142793423726,1.0,2.961763134642857,-1.4208727591753507,2.6006495440796518
ossl_lucas_campaign,campaign2015,2015_b28,G-U-A,0.2,3,25,0.000885009765625,791,0.8735777496839444,2.5995513408074697,2.164495706300684,4.553355894092069,1.0,4.078844308559447,-0.2992410360082923,4.07042648924068
ossl_lucas_campaign,campaign2015,2015_b29,G-U-A,0.2,3,25,0.000885009765625,711,0.6680731364275668,2.500492158229702,2.02902310758249,7.898727776257011,1.0,2.895145855130485,-1.3800224683399023,2.5468668238689625
ossl_lucas_campaign,campaign2015,2015_b3,G-U-A,0.2,3,25,0.000885009765625,1000,0.797,2.0795901982546536,1.8262853683990874,4.374248345512259,1.0,1.7058569261167036,-0.7940787313771516,1.5105192780113814
ossl_lucas_campaign,campaign2015,2015_b4,G-U-A,0.2,3,25,0.000885009765625,729,0.720164609053498,8.773923111669616,2.4060132322135246,20.04483615793573,1.0,10.106217943648197,1.1791094288664952,10.044089233881538
ossl_lucas_campaign,campaign2015,2015_b5,G-U-A,0.2,3,25,0.000885009765625,409,0.6356968215158925,1.8964894989060004,1.698262492134255,6.097172460345152,1.0,1.8586419312305578,-0.9784026448415115,1.5822132829475084
ossl_lucas_campaign,campaign2015,2015_b6,G-U-A,0.2,3,25,0.000885009765625,731,0.5923392612859097,10.000877006420055,3.3224536065456824,28.98790941303309,1.0,11.372136573163045,-1.4350606049198709,11.288951608109933
ossl_lucas_campaign,campaign2015,2015_b7,G-U-A,0.2,3,25,0.000885009765625,428,0.7383177570093458,2.848786015843594,2.429288351982514,8.702324161145116,1.0,3.921617471926034,-1.4530487711229985,3.6467526429380777
ossl_lucas_campaign,campaign2015,2015_b8,G-U-A,0.2,3,25,0.000885009765625,840,0.7916666666666666,2.009309025465419,1.8136706653593013,4.150573697052112,1.0,1.7013216986649229,-0.9300435592673291,1.4254590378641159
ossl_lucas_campaign,campaign2015,2015_b9,G-U-A,0.2,3,25,0.000885009765625,684,0.8157894736842105,2.6774624160825624,2.0988962530528443,6.398933061313333,1.0,2.718948005250529,-0.48112327753272055,2.677999918701279
ossl_lucas_campaign,campaign2015,2015_b0,G-W-A,0.05,3,25,0.0024025440216064453,759,0.9762845849802372,8.603357433235765,4.3611495064049315,12.466554528962332,1.0,5.587635078334462,-0.10928540904522795,5.590250105706058
ossl_lucas_campaign,campaign2015,2015_b1,G-W-A,0.05,3,25,0.0024025440216064453,495,0.8707070707070707,4.237944134126709,3.280166185052948,12.695670942353312,1.0,3.6786401682356202,-0.8955061908651761,3.5715868064171747
ossl_lucas_campaign,campaign2015,2015_b10,G-W-A,0.05,3,25,0.0024025440216064453,746,0.9557640750670241,3.580091190637663,3.3412814151236994,7.0385416258877225,1.0,1.4812827253843897,-0.6912914656995124,1.3109608689771395
ossl_lucas_campaign,campaign2015,2015_b11,G-W-A,0.05,3,25,0.0024025440216064453,231,0.8528138528138528,17.728176577147174,6.4521013060750025,63.261069468742015,1.0,16.352927800273463,-0.23417004662593152,16.386758729161258
ossl_lucas_campaign,campaign2015,2015_b12,G-W-A,0.05,3,25,0.0024025440216064453,544,0.8639705882352942,21.70437071906117,5.877410850166071,45.505656075028845,1.0,14.739294081579544,2.513644176333618,14.536740798363398
ossl_lucas_campaign,campaign2015,2015_b13,G-W-A,0.05,3,25,0.0024025440216064453,570,0.8508771929824561,3.1956979635525826,3.0041897169511715,8.219111655974025,1.0,1.6185309930487748,-0.86683112192869,1.3680386570092116
ossl_lucas_campaign,campaign2015,2015_b14,G-W-A,0.05,3,25,0.0024025440216064453,779,0.8575096277278562,10.347164252469526,5.670853044326077,36.528942394763924,1.0,7.436832821096665,-1.877156946630634,7.200647403500929
ossl_lucas_campaign,campaign2015,2015_b15,G-W-A,0.05,3,25,0.0024025440216064453,1380,0.9289855072463769,3.770271802581807,3.2787733141464432,6.940141105266399,1.0,1.7969731448891426,-0.8184402741531424,1.6003511764522955
ossl_lucas_campaign,campaign2015,2015_b16,G-W-A,0.05,3,25,0.0024025440216064453,689,0.9390420899854862,3.847537282104447,3.3210294255233994,9.638689994076143,1.0,2.031713137575887,-0.868203555162873,1.8382015796690545
ossl_lucas_campaign,campaign2015,2015_b17,G-W-A,0.05,3,25,0.0024025440216064453,279,0.7562724014336918,8.131439180785337,5.561616297333156,66.31230067093297,1.0,8.362491324869579,-3.5189378174445225,7.59969382309669
ossl_lucas_campaign,campaign2015,2015_b18,G-W-A,0.05,3,25,0.0024025440216064453,1543,0.9189889825016202,4.1699732368416305,3.5432000162135613,10.223343057916743,1.0,2.1049955631880577,-0.6650757208872082,1.9978156320161555
ossl_lucas_campaign,campaign2015,2015_b19,G-W-A,0.05,3,25,0.0024025440216064453,645,0.9395348837209302,3.420756201983231,3.0520623605109347,4.586928048714901,1.0,1.0460505391134314,-0.09268896231874167,1.0427445747972024
ossl_lucas_campaign,campaign2015,2015_b2,G-W-A,0.05,3,25,0.0024025440216064453,1055,0.8881516587677725,3.206664461484806,2.91023592918236,10.142626286070136,1.0,1.822761351691537,-0.65445058087298,1.7020279840501378
ossl_lucas_campaign,campaign2015,2015_b20,G-W-A,0.05,3,25,0.0024025440216064453,807,0.7744733581164808,5.7008994135215385,4.50442758922269,33.01565347126198,1.0,5.024448518944666,-2.873686439559602,4.124085942408525
ossl_lucas_campaign,campaign2015,2015_b21,G-W-A,0.05,3,25,0.0024025440216064453,775,0.9780645161290322,3.1925476878697343,2.9529319273026897,3.543411710560601,1.0,0.8979380588469682,-0.5476804664105559,0.7120344435610516
ossl_lucas_campaign,campaign2015,2015_b22,G-W-A,0.05,3,25,0.0024025440216064453,564,0.8829787234042553,14.073588573277599,6.086670442504628,27.044020026535904,1.0,8.796790917207897,-1.171327803222896,8.726198095514457
ossl_lucas_campaign,campaign2015,2015_b23,G-W-A,0.05,3,25,0.0024025440216064453,818,0.8789731051344744,5.95658913307856,4.256736402933765,19.266103325724366,1.0,3.882780128626792,-1.0463371144270956,3.7414265960162045
ossl_lucas_campaign,campaign2015,2015_b24,G-W-A,0.05,3,25,0.0024025440216064453,1169,0.8828058169375534,5.745405262810396,4.6687485145230125,17.786897027100093,1.0,3.3517151937456475,-1.4150038167195136,3.0396813717650635
ossl_lucas_campaign,campaign2015,2015_b25,G-W-A,0.05,3,25,0.0024025440216064453,76,0.9210526315789473,3.3199229415578237,3.230635519709378,4.114688212133763,1.0,0.8090254887376963,0.21249059062532294,0.7858084521862029
ossl_lucas_campaign,campaign2015,2015_b26,G-W-A,0.05,3,25,0.0024025440216064453,873,0.9725085910652921,4.167374477202617,3.2615717203568457,10.629907101153274,1.0,2.829154395320543,-0.27656720166009013,2.81721786321224
ossl_lucas_campaign,campaign2015,2015_b27,G-W-A,0.05,3,25,0.0024025440216064453,662,0.9229607250755287,4.748537469181932,3.7905040841000295,14.246647817390453,1.0,2.961763134642857,-1.4208727591753507,2.6006495440796518
ossl_lucas_campaign,campaign2015,2015_b28,G-W-A,0.05,3,25,0.0024025440216064453,791,0.9759797724399494,4.482941651894648,3.7326856387873577,8.331694001052478,1.0,4.078844308559447,-0.2992410360082923,4.07042648924068
ossl_lucas_campaign,campaign2015,2015_b29,G-W-A,0.05,3,25,0.0024025440216064453,711,0.8987341772151899,4.312113506049076,3.4990623415857876,12.376416478551402,1.0,2.895145855130485,-1.3800224683399023,2.5468668238689625
ossl_lucas_campaign,campaign2015,2015_b3,G-W-A,0.05,3,25,0.0024025440216064453,1000,0.959,3.58626558832719,3.1494399120807337,7.67372807499367,1.0,1.7058569261167036,-0.7940787313771516,1.5105192780113814
ossl_lucas_campaign,campaign2015,2015_b4,G-W-A,0.05,3,25,0.0024025440216064453,729,0.8847736625514403,15.130682264427694,4.149184039715614,30.496184848144082,1.0,10.106217943648197,1.1791094288664952,10.044089233881538
ossl_lucas_campaign,campaign2015,2015_b5,G-W-A,0.05,3,25,0.0024025440216064453,409,0.8704156479217604,3.2705073500820654,2.9286637052816396,10.4954828075961,1.0,1.8586419312305578,-0.9784026448415115,1.5822132829475084
ossl_lucas_campaign,campaign2015,2015_b6,G-W-A,0.05,3,25,0.0024025440216064453,731,0.8385772913816689,17.246571507847136,5.729590881880702,50.08118539272181,1.0,11.372136573163045,-1.4350606049198709,11.288951608109933
ossl_lucas_campaign,campaign2015,2015_b7,G-W-A,0.05,3,25,0.0024025440216064453,428,0.9299065420560748,4.912748322098289,4.189322121325046,18.361786044789355,1.0,3.921617471926034,-1.4530487711229985,3.6467526429380777
ossl_lucas_campaign,campaign2015,2015_b8,G-W-A,0.05,3,25,0.0024025440216064453,840,0.9583333333333334,3.465065290454635,3.127685782129304,7.657201987890122,1.0,1.7013216986649229,-0.9300435592673291,1.4254590378641159
ossl_lucas_campaign,campaign2015,2015_b9,G-W-A,0.05,3,25,0.0024025440216064453,684,0.9502923976608187,4.617299761700673,3.6195589939352844,12.541886551168712,1.0,2.718948005250529,-0.48112327753272055,2.677999918701279
ossl_lucas_campaign,campaign2015,2015_b0,G-W-A,0.1,3,25,0.0023958683013916016,759,0.9486166007905138,6.752163637394249,3.4227562138275625,10.276856655226581,1.0,5.587635078334462,-0.10928540904522795,5.590250105706058
ossl_lucas_campaign,campaign2015,2015_b1,G-W-A,0.1,3,25,0.0023958683013916016,495,0.7858585858585858,3.3260610757858835,2.5743692519113064,10.393611151711546,1.0,3.6786401682356202,-0.8955061908651761,3.5715868064171747
ossl_lucas_campaign,campaign2015,2015_b10,G-W-A,0.1,3,25,0.0023958683013916016,746,0.9195710455764075,2.809759067151462,2.622334251317301,5.440651869449303,1.0,1.4812827253843897,-0.6912914656995124,1.3109608689771395
ossl_lucas_campaign,campaign2015,2015_b11,G-W-A,0.1,3,25,0.0023958683013916016,231,0.7402597402597403,13.91358550082889,5.063795635801956,46.570326600122506,1.0,16.352927800273463,-0.23417004662593152,16.386758729161258
ossl_lucas_campaign,campaign2015,2015_b12,G-W-A,0.1,3,25,0.0023958683013916016,544,0.7757352941176471,17.034217615511835,4.612761951654956,38.45468719708597,1.0,14.739294081579544,2.513644176333618,14.536740798363398
ossl_lucas_campaign,campaign2015,2015_b13,G-W-A,0.1,3,25,0.0023958683013916016,570,0.7614035087719299,2.5080761496943946,2.3577749412420053,6.828538339602681,1.0,1.6185309930487748,-0.86683112192869,1.3680386570092116
ossl_lucas_campaign,campaign2015,2015_b14,G-W-A,0.1,3,25,0.0023958683013916016,779,0.7766367137355584,8.120753642731492,4.4506494140280966,27.35525522451938,1.0,7.436832821096665,-1.877156946630634,7.200647403500929
ossl_lucas_campaign,campaign2015,2015_b15,G-W-A,0.1,3,25,0.0023958683013916016,1380,0.8485507246376811,2.9590183095427967,2.573276086555866,6.0955071975683035,1.0,1.7969731448891426,-0.8184402741531424,1.6003511764522955
ossl_lucas_campaign,campaign2015,2015_b16,G-W-A,0.1,3,25,0.0023958683013916016,689,0.8838896952104499,3.019658491623711,2.606439904392254,7.231619411265561,1.0,2.031713137575887,-0.868203555162873,1.8382015796690545
ossl_lucas_campaign,campaign2015,2015_b17,G-W-A,0.1,3,25,0.0023958683013916016,279,0.6523297491039427,6.3817885496745745,4.36491725694446,43.27176565610023,1.0,8.362491324869579,-3.5189378174445225,7.59969382309669
ossl_lucas_campaign,campaign2015,2015_b18,G-W-A,0.1,3,25,0.0023958683013916016,1543,0.8606610499027868,3.272715550552166,2.7808058069364545,7.828426443773857,1.0,2.1049955631880577,-0.6650757208872082,1.9978156320161555
ossl_lucas_campaign,campaign2015,2015_b19,G-W-A,0.1,3,25,0.0023958683013916016,645,0.8868217054263566,2.6847083616674694,2.3953467759098808,3.8508711621193674,1.0,1.0460505391134314,-0.09268896231874167,1.0427445747972024
ossl_lucas_campaign,campaign2015,2015_b2,G-W-A,0.1,3,25,0.0023958683013916016,1055,0.8066350710900474,2.516682974313986,2.284037292389094,7.621016204671441,1.0,1.822761351691537,-0.65445058087298,1.7020279840501378
ossl_lucas_campaign,campaign2015,2015_b20,G-W-A,0.1,3,25,0.0023958683013916016,807,0.6802973977695167,4.474230673215769,3.535204995404428,24.511728037887128,1.0,5.024448518944666,-2.873686439559602,4.124085942408525
ossl_lucas_campaign,campaign2015,2015_b21,G-W-A,0.1,3,25,0.0023958683013916016,775,0.9380645161290323,2.5056037222637593,2.317546346058844,3.0161205213482556,1.0,0.8979380588469682,-0.5476804664105559,0.7120344435610516
ossl_lucas_campaign,campaign2015,2015_b22,G-W-A,0.1,3,25,0.0023958683013916016,564,0.7854609929078015,11.045359180943857,4.776994929434762,23.55265225622492,1.0,8.796790917207897,-1.171327803222896,8.726198095514457
ossl_lucas_campaign,campaign2015,2015_b23,G-W-A,0.1,3,25,0.0023958683013916016,818,0.7897310513447433,4.6749033571355305,3.3408097916317407,14.483616654708962,1.0,3.882780128626792,-1.0463371144270956,3.7414265960162045
ossl_lucas_campaign,campaign2015,2015_b24,G-W-A,0.1,3,25,0.0023958683013916016,1169,0.8160821214713431,4.50916015040553,3.6641688081119654,13.292819076391753,1.0,3.3517151937456475,-1.4150038167195136,3.0396813717650635
ossl_lucas_campaign,campaign2015,2015_b25,G-W-A,0.1,3,25,0.0023958683013916016,76,0.8421052631578947,2.6055715037875258,2.53549615381395,3.6454698594100368,1.0,0.8090254887376963,0.21249059062532294,0.7858084521862029
ossl_lucas_campaign,campaign2015,2015_b26,G-W-A,0.1,3,25,0.0023958683013916016,873,0.9541809851088202,3.2706759688571077,2.559775778450259,7.441496869245943,1.0,2.829154395320543,-0.27656720166009013,2.81721786321224
ossl_lucas_campaign,campaign2015,2015_b27,G-W-A,0.1,3,25,0.0023958683013916016,662,0.8670694864048338,3.7267894864337108,2.974897188995268,10.70224855266955,1.0,2.961763134642857,-1.4208727591753507,2.6006495440796518
ossl_lucas_campaign,campaign2015,2015_b28,G-W-A,0.1,3,25,0.0023958683013916016,791,0.95448798988622,3.5183422106291156,2.9295196015777396,6.132451551377637,1.0,4.078844308559447,-0.2992410360082923,4.07042648924068
ossl_lucas_campaign,campaign2015,2015_b29,G-W-A,0.1,3,25,0.0023958683013916016,711,0.7946554149085795,3.3842713431133706,2.7461652838646726,10.015157957928496,1.0,2.895145855130485,-1.3800224683399023,2.5468668238689625
ossl_lucas_campaign,campaign2015,2015_b3,G-W-A,0.1,3,25,0.0023958683013916016,1000,0.911,2.814604912960561,2.471771493575108,5.747470398683589,1.0,1.7058569261167036,-0.7940787313771516,1.5105192780113814
ossl_lucas_campaign,campaign2015,2015_b4,G-W-A,0.1,3,25,0.0023958683013916016,729,0.8093278463648834,11.874996870426445,3.2563995876302223,25.20595175777778,1.0,10.106217943648197,1.1791094288664952,10.044089233881538
ossl_lucas_campaign,campaign2015,2015_b5,G-W-A,0.1,3,25,0.0023958683013916016,409,0.7775061124694377,2.5667887189884224,2.2984999438203735,8.177340996405606,1.0,1.8586419312305578,-0.9784026448415115,1.5822132829475084
ossl_lucas_campaign,campaign2015,2015_b6,G-W-A,0.1,3,25,0.0023958683013916016,731,0.7387140902872777,13.535607919198945,4.496748567056816,38.38769389984119,1.0,11.372136573163045,-1.4350606049198709,11.288951608109933
ossl_lucas_campaign,campaign2015,2015_b7,G-W-A,0.1,3,25,0.0023958683013916016,428,0.8644859813084113,3.8556669111521087,3.287901114472637,12.573214682138127,1.0,3.921617471926034,-1.4530487711229985,3.6467526429380777
ossl_lucas_campaign,campaign2015,2015_b8,G-W-A,0.1,3,25,0.0023958683013916016,840,0.9285714285714286,2.7194834152793215,2.4546982234754897,5.521057653225189,1.0,1.7013216986649229,-0.9300435592673291,1.4254590378641159
ossl_lucas_campaign,campaign2015,2015_b9,G-W-A,0.1,3,25,0.0023958683013916016,684,0.8947368421052632,3.623790339509199,2.8407345401969657,9.049102675455007,1.0,2.718948005250529,-0.48112327753272055,2.677999918701279
ossl_lucas_campaign,campaign2015,2015_b0,G-W-A,0.2,3,25,0.0023317337036132812,759,0.8919631093544137,4.911052313634028,2.4894738524746476,8.327800149018811,1.0,5.587635078334462,-0.10928540904522795,5.590250105706058
ossl_lucas_campaign,campaign2015,2015_b1,G-W-A,0.2,3,25,0.0023317337036132812,495,0.6747474747474748,2.4191445614653424,1.8724164208239436,7.8158341886441205,1.0,3.6786401682356202,-0.8955061908651761,3.5715868064171747
ossl_lucas_campaign,campaign2015,2015_b10,G-W-A,0.2,3,25,0.0023317337036132812,746,0.8150134048257373,2.043622534718892,1.907302811906309,4.121259632746579,1.0,1.4812827253843897,-0.6912914656995124,1.3109608689771395
ossl_lucas_campaign,campaign2015,2015_b11,G-W-A,0.2,3,25,0.0023317337036132812,231,0.5541125541125541,10.119770481623007,3.683051331168893,34.00841724111573,1.0,16.352927800273463,-0.23417004662593152,16.386758729161258
ossl_lucas_campaign,campaign2015,2015_b12,G-W-A,0.2,3,25,0.0023317337036132812,544,0.6066176470588235,12.389500362270368,3.355000925845508,30.94397508390436,1.0,14.739294081579544,2.513644176333618,14.536740798363398
ossl_lucas_campaign,campaign2015,2015_b13,G-W-A,0.2,3,25,0.0023317337036132812,570,0.643859649122807,1.824199447642591,1.7148808444286212,5.331700381219853,1.0,1.6185309930487748,-0.86683112192869,1.3680386570092116
ossl_lucas_campaign,campaign2015,2015_b14,G-W-A,0.2,3,25,0.0023317337036132812,779,0.6649550706033376,5.906469112318377,3.23709158659722,19.838998081839677,1.0,7.436832821096665,-1.877156946630634,7.200647403500929
ossl_lucas_campaign,campaign2015,2015_b15,G-W-A,0.2,3,25,0.0023317337036132812,1380,0.722463768115942,2.1521832845824886,1.871621328682176,5.0532028365236155,1.0,1.7969731448891426,-0.8184402741531424,1.6003511764522955
ossl_lucas_campaign,campaign2015,2015_b16,G-W-A,0.2,3,25,0.0023317337036132812,689,0.7866473149492017,2.1962887184108943,1.8957423738849823,5.405282321031368,1.0,2.031713137575887,-0.868203555162873,1.8382015796690545
ossl_lucas_campaign,campaign2015,2015_b17,G-W-A,0.2,3,25,0.0023317337036132812,279,0.5017921146953405,4.64166733881134,3.174736002371345,28.248900765093225,1.0,8.362491324869579,-3.5189378174445225,7.59969382309669
ossl_lucas_campaign,campaign2015,2015_b18,G-W-A,0.2,3,25,0.0023317337036132812,1543,0.7478937135450421,2.3803447516280656,2.02256395509877,5.926292702432685,1.0,2.1049955631880577,-0.6650757208872082,1.9978156320161555
ossl_lucas_campaign,campaign2015,2015_b19,G-W-A,0.2,3,25,0.0023317337036132812,645,0.7550387596899225,1.9526693840743183,1.7422079732545972,3.2113524256940384,1.0,1.0460505391134314,-0.09268896231874167,1.0427445747972024
ossl_lucas_campaign,campaign2015,2015_b2,G-W-A,0.2,3,25,0.0023317337036132812,1055,0.6853080568720379,1.8304594508402323,1.661249227890848,5.573701502518805,1.0,1.822761351691537,-0.65445058087298,1.7020279840501378
ossl_lucas_campaign,campaign2015,2015_b20,G-W-A,0.2,3,25,0.0023317337036132812,807,0.5241635687732342,3.254242947806931,2.5712612436850755,17.425658422942522,1.0,5.024448518944666,-2.873686439559602,4.124085942408525
ossl_lucas_campaign,campaign2015,2015_b21,G-W-A,0.2,3,25,0.0023317337036132812,775,0.8270967741935484,1.8224011765837749,1.6856213735303782,2.564219312201524,1.0,0.8979380588469682,-0.5476804664105559,0.7120344435610516
ossl_lucas_campaign,campaign2015,2015_b22,G-W-A,0.2,3,25,0.0023317337036132812,564,0.625886524822695,8.033622950143249,3.4744525251867504,19.683509848918,1.0,8.796790917207897,-1.171327803222896,8.726198095514457
ossl_lucas_campaign,campaign2015,2015_b23,G-W-A,0.2,3,25,0.0023317337036132812,818,0.6454767726161369,3.4001982447415915,2.429871747441226,10.696010837275256,1.0,3.882780128626792,-1.0463371144270956,3.7414265960162045
ossl_lucas_campaign,campaign2015,2015_b24,G-W-A,0.2,3,25,0.0023317337036132812,1169,0.6894781864841745,3.279648210324088,2.6650605152644644,9.809170461381434,1.0,3.3517151937456475,-1.4150038167195136,3.0396813717650635
ossl_lucas_campaign,campaign2015,2015_b25,G-W-A,0.2,3,25,0.0023317337036132812,76,0.7368421052631579,1.8951107599271397,1.8441428438490202,2.988138477093006,1.0,0.8090254887376963,0.21249059062532294,0.7858084521862029
ossl_lucas_campaign,campaign2015,2015_b26,G-W-A,0.2,3,25,0.0023317337036132812,873,0.8946162657502864,2.3788613023308818,1.8618021473179043,5.060688982734586,1.0,2.829154395320543,-0.27656720166009013,2.81721786321224
ossl_lucas_campaign,campaign2015,2015_b27,G-W-A,0.2,3,25,0.0023317337036132812,662,0.7507552870090635,2.710606423756697,2.1637324726443863,7.836293698493074,1.0,2.961763134642857,-1.4208727591753507,2.6006495440796518
ossl_lucas_campaign,campaign2015,2015_b28,G-W-A,0.2,3,25,0.0023317337036132812,791,0.8697850821744627,2.558996431599291,2.130727984358616,4.554911231680701,1.0,4.078844308559447,-0.2992410360082923,4.07042648924068
ossl_lucas_campaign,campaign2015,2015_b29,G-W-A,0.2,3,25,0.0023317337036132812,711,0.659634317862166,2.461482644987594,1.997368857628825,7.969300490226025,1.0,2.895145855130485,-1.3800224683399023,2.5468668238689625
ossl_lucas_campaign,campaign2015,2015_b3,G-W-A,0.2,3,25,0.0023317337036132812,1000,0.79,2.0471470645659613,1.7977939760034118,4.392747973132397,1.0,1.7058569261167036,-0.7940787313771516,1.5105192780113814
ossl_lucas_campaign,campaign2015,2015_b4,G-W-A,0.2,3,25,0.0023317337036132812,729,0.7146776406035665,8.637043470322439,2.3684776595728296,20.160899178501538,1.0,10.106217943648197,1.1791094288664952,10.044089233881538
ossl_lucas_campaign,campaign2015,2015_b5,G-W-A,0.2,3,25,0.0023317337036132812,409,0.6185819070904646,1.8669028705386195,1.6717683505879806,6.143362094304622,1.0,1.8586419312305578,-0.9784026448415115,1.5822132829475084
ossl_lucas_campaign,campaign2015,2015_b6,G-W-A,0.2,3,25,0.0023317337036132812,731,0.5882352941176471,9.844855983626351,3.270620891320296,29.193547316393104,1.0,11.372136573163045,-1.4350606049198709,11.288951608109933
ossl_lucas_campaign,campaign2015,2015_b7,G-W-A,0.2,3,25,0.0023317337036132812,428,0.7242990654205608,2.8043428627454214,2.391389670387506,8.74502422157348,1.0,3.921617471926034,-1.4530487711229985,3.6467526429380777
ossl_lucas_campaign,campaign2015,2015_b8,G-W-A,0.2,3,25,0.0023317337036132812,840,0.7785714285714286,1.977962329664592,1.7853760715913105,4.1713692740983,1.0,1.7013216986649229,-0.9300435592673291,1.4254590378641159
ossl_lucas_campaign,campaign2015,2015_b9,G-W-A,0.2,3,25,0.0023317337036132812,684,0.8099415204678363,2.6356920369067423,2.0661519307370155,6.412721676554279,1.0,2.718948005250529,-0.48112327753272055,2.677999918701279
ossl_lucas_campaign,campaign2015,2015_b0,G-U-D,0.05,3,25,0.04430079460144043,759,0.9776021080368906,9.467312804190172,3.893639488539985,11.802097653337416,1.0,5.587635078334462,-0.10928540904522795,5.590250105706058
ossl_lucas_campaign,campaign2015,2015_b1,G-U-D,0.05,3,25,0.04430079460144043,495,0.9333333333333333,5.072899501824911,3.8143212163830724,9.843153020860223,1.0,3.6786401682356202,-0.8955061908651761,3.5715868064171747
ossl_lucas_campaign,campaign2015,2015_b10,G-U-D,0.05,3,25,0.04430079460144043,746,0.9597855227882037,3.7457805157411794,3.4944170173568567,6.491978319651221,1.0,1.4812827253843897,-0.6912914656995124,1.3109608689771395
ossl_lucas_campaign,campaign2015,2015_b11,G-U-D,0.05,3,25,0.04430079460144043,231,0.8917748917748918,24.212879252077403,7.121598524717406,51.27376051219316,1.0,16.352927800273463,-0.23417004662593152,16.386758729161258
ossl_lucas_campaign,campaign2015,2015_b12,G-U-D,0.05,3,25,0.04430079460144043,544,0.8970588235294118,28.046100839782838,6.088459747901802,39.02114453822035,1.0,14.739294081579544,2.513644176333618,14.536740798363398
ossl_lucas_campaign,campaign2015,2015_b13,G-U-D,0.05,3,25,0.04430079460144043,570,0.9315789473684211,3.68956051406473,3.385289761921818,6.234719598411958,1.0,1.6185309930487748,-0.86683112192869,1.3680386570092116
ossl_lucas_campaign,campaign2015,2015_b14,G-U-D,0.05,3,25,0.04430079460144043,779,0.8767650834403081,11.795436451843539,5.673568216777059,34.150603143558826,1.0,7.436832821096665,-1.877156946630634,7.200647403500929
ossl_lucas_campaign,campaign2015,2015_b15,G-U-D,0.05,3,25,0.04430079460144043,1380,0.9630434782608696,4.302214396230257,3.673483773395854,6.0919514215427455,1.0,1.7969731448891426,-0.8184402741531424,1.6003511764522955
ossl_lucas_campaign,campaign2015,2015_b16,G-U-D,0.05,3,25,0.04430079460144043,689,0.9404934687953556,3.916914971776164,3.3124892500588143,9.709064545614936,1.0,2.031713137575887,-0.868203555162873,1.8382015796690545
ossl_lucas_campaign,campaign2015,2015_b17,G-U-D,0.05,3,25,0.04430079460144043,279,0.7562724014336918,8.798000192272852,5.293532054796049,64.01715640322381,1.0,8.362491324869579,-3.5189378174445225,7.59969382309669
ossl_lucas_campaign,campaign2015,2015_b18,G-U-D,0.05,3,25,0.04430079460144043,1543,0.9533376539209333,4.9139207009619374,4.021754802808966,9.240880414295459,1.0,2.1049955631880577,-0.6650757208872082,1.9978156320161555
ossl_lucas_campaign,campaign2015,2015_b19,G-U-D,0.05,3,25,0.04430079460144043,645,0.9534883720930233,3.9882609147225736,3.486699351623064,4.592572713416769,1.0,1.0460505391134314,-0.09268896231874167,1.0427445747972024
ossl_lucas_campaign,campaign2015,2015_b2,G-U-D,0.05,3,25,0.04430079460144043,1055,0.9327014218009478,3.8923730715761615,3.4294997858450635,7.578135613968596,1.0,1.822761351691537,-0.65445058087298,1.7020279840501378
ossl_lucas_campaign,campaign2015,2015_b20,G-U-D,0.05,3,25,0.04430079460144043,807,0.8178438661710037,6.140803940819725,4.808140054340383,27.730667853356792,1.0,5.024448518944666,-2.873686439559602,4.124085942408525
ossl_lucas_campaign,campaign2015,2015_b21,G-U-D,0.05,3,25,0.04430079460144043,775,0.9948387096774194,3.4744330674837327,3.1941787228598293,3.5695647146582243,1.0,0.8979380588469682,-0.5476804664105559,0.7120344435610516
ossl_lucas_campaign,campaign2015,2015_b22,G-U-D,0.05,3,25,0.04430079460144043,564,0.8953900709219859,16.946844181720373,6.2752240634455045,25.737010279692115,1.0,8.796790917207897,-1.171327803222896,8.726198095514457
ossl_lucas_campaign,campaign2015,2015_b23,G-U-D,0.05,3,25,0.04430079460144043,818,0.8789731051344744,6.508173637225213,4.239455335805011,18.363450551351185,1.0,3.882780128626792,-1.0463371144270956,3.7414265960162045
ossl_lucas_campaign,campaign2015,2015_b24,G-U-D,0.05,3,25,0.04430079460144043,1169,0.9067579127459366,6.486199947216782,5.119021908663271,15.137182381878212,1.0,3.3517151937456475,-1.4150038167195136,3.0396813717650635
ossl_lucas_campaign,campaign2015,2015_b25,G-U-D,0.05,3,25,0.04430079460144043,76,0.9736842105263158,4.299877642418526,4.127550968291235,4.428102900276871,1.0,0.8090254887376963,0.21249059062532294,0.7858084521862029
ossl_lucas_campaign,campaign2015,2015_b26,G-U-D,0.05,3,25,0.04430079460144043,873,0.979381443298969,4.483179000809731,3.2602289241685485,9.6768008418263,1.0,2.829154395320543,-0.27656720166009013,2.81721786321224
ossl_lucas_campaign,campaign2015,2015_b27,G-U-D,0.05,3,25,0.04430079460144043,662,0.9214501510574018,4.796008131298312,3.643739731904639,12.729708318110296,1.0,2.961763134642857,-1.4208727591753507,2.6006495440796518
ossl_lucas_campaign,campaign2015,2015_b28,G-U-D,0.05,3,25,0.04430079460144043,791,0.9797724399494311,4.850417180642363,3.8264275205497666,7.580611909534482,1.0,4.078844308559447,-0.2992410360082923,4.07042648924068
ossl_lucas_campaign,campaign2015,2015_b29,G-U-D,0.05,3,25,0.04430079460144043,711,0.9310829817158931,4.834068315247888,3.861530458749539,10.718867057066326,1.0,2.895145855130485,-1.3800224683399023,2.5468668238689625
ossl_lucas_campaign,campaign2015,2015_b3,G-U-D,0.05,3,25,0.04430079460144043,1000,0.96,3.7295672158249764,3.1599596295266794,7.709296879496972,1.0,1.7058569261167036,-0.7940787313771516,1.5105192780113814
ossl_lucas_campaign,campaign2015,2015_b4,G-U-D,0.05,3,25,0.04430079460144043,729,0.9135802469135802,19.993861327418543,4.31249050079853,30.793013923444402,1.0,10.106217943648197,1.1791094288664952,10.044089233881538
ossl_lucas_campaign,campaign2015,2015_b5,G-U-D,0.05,3,25,0.04430079460144043,409,0.9144254278728606,3.9336490084490308,3.5615497447595836,9.304673168055816,1.0,1.8586419312305578,-0.9784026448415115,1.5822132829475084
ossl_lucas_campaign,campaign2015,2015_b6,G-U-D,0.05,3,25,0.04430079460144043,731,0.8508891928864569,21.084002546302255,5.648913367917994,47.31347145901191,1.0,11.372136573163045,-1.4350606049198709,11.288951608109933
ossl_lucas_campaign,campaign2015,2015_b7,G-U-D,0.05,3,25,0.04430079460144043,428,0.9392523364485982,5.172112908636856,4.328087145325918,17.900867708494367,1.0,3.921617471926034,-1.4530487711229985,3.6467526429380777
ossl_lucas_campaign,campaign2015,2015_b8,G-U-D,0.05,3,25,0.04430079460144043,840,0.9654761904761905,3.683274332706586,3.2227331771517416,6.548327034969101,1.0,1.7013216986649229,-0.9300435592673291,1.4254590378641159
ossl_lucas_campaign,campaign2015,2015_b9,G-U-D,0.05,3,25,0.04430079460144043,684,0.9502923976608187,4.758971616556938,3.490568548505408,12.099370118563174,1.0,2.718948005250529,-0.48112327753272055,2.677999918701279
ossl_lucas_campaign,campaign2015,2015_b0,G-U-D,0.1,3,25,0.002127408981323242,759,0.9591567852437418,7.587503893414275,3.1575022469836074,9.795614140028821,1.0,5.587635078334462,-0.10928540904522795,5.590250105706058
ossl_lucas_campaign,campaign2015,2015_b1,G-U-D,0.1,3,25,0.002127408981323242,495,0.8444444444444444,4.0548707020098815,3.0476866482141145,8.637521623172805,1.0,3.6786401682356202,-0.8955061908651761,3.5715868064171747
ossl_lucas_campaign,campaign2015,2015_b10,G-U-D,0.1,3,25,0.002127408981323242,746,0.9316353887399463,3.0130739726770632,2.8125845301760215,5.173135401921268,1.0,1.4812827253843897,-0.6912914656995124,1.3109608689771395
ossl_lucas_campaign,campaign2015,2015_b11,G-U-D,0.1,3,25,0.002127408981323242,231,0.7965367965367965,19.191100321585534,5.735261258834101,38.937578259600365,1.0,16.352927800273463,-0.23417004662593152,16.386758729161258
ossl_lucas_campaign,campaign2015,2015_b12,G-U-D,0.1,3,25,0.002127408981323242,544,0.8216911764705882,22.317970949185764,4.892794426288392,34.11846115522576,1.0,14.739294081579544,2.513644176333618,14.536740798363398
ossl_lucas_campaign,campaign2015,2015_b13,G-U-D,0.1,3,25,0.002127408981323242,570,0.8368421052631579,2.951034967294972,2.725138312689978,5.579284610497011,1.0,1.6185309930487748,-0.86683112192869,1.3680386570092116
ossl_lucas_campaign,campaign2015,2015_b14,G-U-D,0.1,3,25,0.002127408981323242,779,0.7894736842105263,9.445977328446292,4.572561163528167,25.655750221781503,1.0,7.436832821096665,-1.877156946630634,7.200647403500929
ossl_lucas_campaign,campaign2015,2015_b15,G-U-D,0.1,3,25,0.002127408981323242,1380,0.9152173913043479,3.446660978726967,2.9494209984852984,5.302604494328097,1.0,1.7969731448891426,-0.8184402741531424,1.6003511764522955
ossl_lucas_campaign,campaign2015,2015_b16,G-U-D,0.1,3,25,0.002127408981323242,689,0.8853410740203193,3.153726605465903,2.6688105254095573,7.217775376762736,1.0,2.031713137575887,-0.868203555162873,1.8382015796690545
ossl_lucas_campaign,campaign2015,2015_b17,G-U-D,0.1,3,25,0.002127408981323242,279,0.6702508960573477,7.059973890365188,4.273112789773657,41.55248368083371,1.0,8.362491324869579,-3.5189378174445225,7.59969382309669
ossl_lucas_campaign,campaign2015,2015_b18,G-U-D,0.1,3,25,0.002127408981323242,1543,0.9131561892417369,3.930542785172631,3.232524989355514,7.205252983830494,1.0,2.1049955631880577,-0.6650757208872082,1.9978156320161555
ossl_lucas_campaign,campaign2015,2015_b19,G-U-D,0.1,3,25,0.002127408981323242,645,0.9271317829457364,3.1902888782966237,2.7905422235767743,3.8589358011093022,1.0,1.0460505391134314,-0.09268896231874167,1.0427445747972024
ossl_lucas_campaign,campaign2015,2015_b2,G-U-D,0.1,3,25,0.002127408981323242,1055,0.8748815165876778,3.107326850591769,2.7474443506843347,6.3421618003929945,1.0,1.822761351691537,-0.65445058087298,1.7020279840501378
ossl_lucas_campaign,campaign2015,2015_b20,G-U-D,0.1,3,25,0.002127408981323242,807,0.7199504337050805,4.932336630384714,3.8577130426411026,21.331890312506882,1.0,5.024448518944666,-2.873686439559602,4.124085942408525
ossl_lucas_campaign,campaign2015,2015_b21,G-U-D,0.1,3,25,0.002127408981323242,775,0.9716129032258064,2.789240919828342,2.5655348539742855,2.9868890477677783,1.0,0.8979380588469682,-0.5476804664105559,0.7120344435610516
ossl_lucas_campaign,campaign2015,2015_b22,G-U-D,0.1,3,25,0.002127408981323242,564,0.8209219858156028,13.531030740356764,5.066653760710646,22.30198483288199,1.0,8.796790917207897,-1.171327803222896,8.726198095514457
ossl_lucas_campaign,campaign2015,2015_b23,G-U-D,0.1,3,25,0.002127408981323242,818,0.8056234718826406,5.223153584475887,3.4131266139499674,13.885365436404925,1.0,3.882780128626792,-1.0463371144270956,3.7414265960162045
ossl_lucas_campaign,campaign2015,2015_b24,G-U-D,0.1,3,25,0.002127408981323242,1169,0.8562874251497006,5.198336273381914,4.111443460801945,12.040206740916393,1.0,3.3517151937456475,-1.4150038167195136,3.0396813717650635
ossl_lucas_campaign,campaign2015,2015_b25,G-U-D,0.1,3,25,0.002127408981323242,76,0.9342105263157895,3.4187497017000616,3.2779571456255185,3.7135389845572657,1.0,0.8090254887376963,0.21249059062532294,0.7858084521862029
ossl_lucas_campaign,campaign2015,2015_b26,G-U-D,0.1,3,25,0.002127408981323242,873,0.9564719358533792,3.600339160194286,2.6308799833188967,7.056999307757109,1.0,2.829154395320543,-0.27656720166009013,2.81721786321224
ossl_lucas_campaign,campaign2015,2015_b27,G-U-D,0.1,3,25,0.002127408981323242,662,0.8640483383685801,3.861898552712562,2.937815325228486,10.00464387467448,1.0,2.961763134642857,-1.4208727591753507,2.6006495440796518
ossl_lucas_campaign,campaign2015,2015_b28,G-U-D,0.1,3,25,0.002127408981323242,791,0.9709228824273072,3.8931760519649274,3.082508847315593,5.8564165206470244,1.0,4.078844308559447,-0.2992410360082923,4.07042648924068
ossl_lucas_campaign,campaign2015,2015_b29,G-U-D,0.1,3,25,0.002127408981323242,711,0.8509142053445851,3.8738469930920676,3.0910692118501086,8.90751516855932,1.0,2.895145855130485,-1.3800224683399023,2.5468668238689625
ossl_lucas_campaign,campaign2015,2015_b3,G-U-D,0.1,3,25,0.002127408981323242,1000,0.921,2.9995422226046395,2.551468571889174,5.74073563069002,1.0,1.7058569261167036,-0.7940787313771516,1.5105192780113814
ossl_lucas_campaign,campaign2015,2015_b4,G-U-D,0.1,3,25,0.002127408981323242,729,0.8614540466392319,15.876520457763167,3.472873540291355,24.37571174875853,1.0,10.106217943648197,1.1791094288664952,10.044089233881538
ossl_lucas_campaign,campaign2015,2015_b5,G-U-D,0.1,3,25,0.002127408981323242,409,0.8533007334963325,3.1436739824378055,2.840295053261683,7.492004641867305,1.0,1.8586419312305578,-0.9784026448415115,1.5822132829475084
ossl_lucas_campaign,campaign2015,2015_b6,G-U-D,0.1,3,25,0.002127408981323242,731,0.7647058823529411,16.822258530507945,4.557159894357195,36.48828306188052,1.0,11.372136573163045,-1.4350606049198709,11.288951608109933
ossl_lucas_campaign,campaign2015,2015_b7,G-U-D,0.1,3,25,0.002127408981323242,428,0.883177570093458,4.157522861563258,3.480463770585302,12.160094981297533,1.0,3.921617471926034,-1.4530487711229985,3.6467526429380777
ossl_lucas_campaign,campaign2015,2015_b8,G-U-D,0.1,3,25,0.002127408981323242,840,0.9416666666666667,2.959423075966096,2.585467734974264,5.046236082666375,1.0,1.7013216986649229,-0.9300435592673291,1.4254590378641159
ossl_lucas_campaign,campaign2015,2015_b9,G-U-D,0.1,3,25,0.002127408981323242,684,0.9078947368421053,3.8290736151479585,2.8199616823687816,8.625964075042033,1.0,2.718948005250529,-0.48112327753272055,2.677999918701279
ossl_lucas_campaign,campaign2015,2015_b0,G-U-D,0.2,3,25,0.002207517623901367,759,0.8919631093544137,5.596008438148473,2.351480060829032,7.99119678513111,1.0,5.587635078334462,-0.10928540904522795,5.590250105706058
ossl_lucas_campaign,campaign2015,2015_b1,G-U-D,0.2,3,25,0.002207517623901367,495,0.7434343434343434,2.983201118963729,2.2449566961084395,7.151935333145224,1.0,3.6786401682356202,-0.8955061908651761,3.5715868064171747
ossl_lucas_campaign,campaign2015,2015_b10,G-U-D,0.2,3,25,0.002207517623901367,746,0.8445040214477212,2.2296924034046555,2.0837898430478092,4.010679653808101,1.0,1.4812827253843897,-0.6912914656995124,1.3109608689771395
ossl_lucas_campaign,campaign2015,2015_b11,G-U-D,0.2,3,25,0.002207517623901367,231,0.658008658008658,14.009570361364062,4.2479494306214,30.48496115466139,1.0,16.352927800273463,-0.23417004662593152,16.386758729161258
ossl_lucas_campaign,campaign2015,2015_b12,G-U-D,0.2,3,25,0.002207517623901367,544,0.6783088235294118,16.35203453261819,3.6174672181540473,28.00044406412006,1.0,14.739294081579544,2.513644176333618,14.536740798363398
ossl_lucas_campaign,campaign2015,2015_b13,G-U-D,0.2,3,25,0.002207517623901367,570,0.724561403508772,2.172525696203928,2.0104353703662508,4.797314236839172,1.0,1.6185309930487748,-0.86683112192869,1.3680386570092116
ossl_lucas_campaign,campaign2015,2015_b14,G-U-D,0.2,3,25,0.002207517623901367,779,0.6970474967907574,6.961552450973146,3.385921106079336,19.017514490716422,1.0,7.436832821096665,-1.877156946630634,7.200647403500929
ossl_lucas_campaign,campaign2015,2015_b15,G-U-D,0.2,3,25,0.002207517623901367,1380,0.7927536231884058,2.541068556523774,2.18318706344645,4.6168279442917255,1.0,1.7969731448891426,-0.8184402741531424,1.6003511764522955
ossl_lucas_campaign,campaign2015,2015_b16,G-U-D,0.2,3,25,0.002207517623901367,689,0.8142235123367199,2.335825054212891,1.9851412826753334,5.358895810932355,1.0,2.031713137575887,-0.868203555162873,1.8382015796690545
ossl_lucas_campaign,campaign2015,2015_b17,G-U-D,0.2,3,25,0.002207517623901367,279,0.5089605734767025,5.2129561023493265,3.168059902553785,27.252487135474176,1.0,8.362491324869579,-3.5189378174445225,7.59969382309669
ossl_lucas_campaign,campaign2015,2015_b18,G-U-D,0.2,3,25,0.002207517623901367,1543,0.8256642903434868,2.8936125236423647,2.38837491198663,5.596347899500875,1.0,2.1049955631880577,-0.6650757208872082,1.9978156320161555
ossl_lucas_campaign,campaign2015,2015_b19,G-U-D,0.2,3,25,0.002207517623901367,645,0.834108527131783,2.3487874149218926,2.0604615335251837,3.1696065245093585,1.0,1.0460505391134314,-0.09268896231874167,1.0427445747972024
ossl_lucas_campaign,campaign2015,2015_b2,G-U-D,0.2,3,25,0.002207517623901367,1055,0.7725118483412322,2.2834874974009263,2.0238379476203727,5.057517836762771,1.0,1.822761351691537,-0.65445058087298,1.7020279840501378
ossl_lucas_campaign,campaign2015,2015_b20,G-U-D,0.2,3,25,0.002207517623901367,807,0.5625774473358116,3.6450315677605505,2.8650227276001807,16.031004607821803,1.0,5.024448518944666,-2.873686439559602,4.124085942408525
ossl_lucas_campaign,campaign2015,2015_b21,G-U-D,0.2,3,25,0.002207517623901367,775,0.8877419354838709,2.060291727755032,1.8945553845915475,2.529114773161909,1.0,0.8979380588469682,-0.5476804664105559,0.7120344435610516
ossl_lucas_campaign,campaign2015,2015_b22,G-U-D,0.2,3,25,0.002207517623901367,564,0.6719858156028369,9.94500276894848,3.7542215913882577,18.514274654627133,1.0,8.796790917207897,-1.171327803222896,8.726198095514457
ossl_lucas_campaign,campaign2015,2015_b23,G-U-D,0.2,3,25,0.002207517623901367,818,0.6687041564792175,3.8570697350099263,2.530866906436813,10.349102393055196,1.0,3.882780128626792,-1.0463371144270956,3.7414265960162045
ossl_lucas_campaign,campaign2015,2015_b24,G-U-D,0.2,3,25,0.002207517623901367,1169,0.739093242087254,3.8338573468368926,3.0384133156067326,9.275601040303272,1.0,3.3517151937456475,-1.4150038167195136,3.0396813717650635
ossl_lucas_campaign,campaign2015,2015_b25,G-U-D,0.2,3,25,0.002207517623901367,76,0.8421052631578947,2.503007580095294,2.4059639463342823,3.026094260666995,1.0,0.8090254887376963,0.21249059062532294,0.7858084521862029
ossl_lucas_campaign,campaign2015,2015_b26,G-U-D,0.2,3,25,0.002207517623901367,873,0.9152348224513173,2.6603143771412268,1.9486907886409288,5.0133120087044825,1.0,2.829154395320543,-0.27656720166009013,2.81721786321224
ossl_lucas_campaign,campaign2015,2015_b27,G-U-D,0.2,3,25,0.002207517623901367,662,0.770392749244713,2.8605946058635934,2.1823589522392526,7.524463076922034,1.0,2.961763134642857,-1.4208727591753507,2.6006495440796518
ossl_lucas_campaign,campaign2015,2015_b28,G-U-D,0.2,3,25,0.002207517623901367,791,0.8900126422250316,2.875275796443016,2.2841678060965416,4.439144929441407,1.0,4.078844308559447,-0.2992410360082923,4.07042648924068
ossl_lucas_campaign,campaign2015,2015_b29,G-U-D,0.2,3,25,0.002207517623901367,711,0.7243319268635724,2.8568361283797556,2.2844320249926793,7.355436366486828,1.0,2.895145855130485,-1.3800224683399023,2.5468668238689625
ossl_lucas_campaign,campaign2015,2015_b3,G-U-D,0.2,3,25,0.002207517623901367,1000,0.812,2.219371449421764,1.88999832482776,4.372689060130189,1.0,1.7058569261167036,-0.7940787313771516,1.5105192780113814
ossl_lucas_campaign,campaign2015,2015_b4,G-U-D,0.2,3,25,0.002207517623901367,729,0.7695473251028807,11.610018851461962,2.5678336727382454,19.042016766679552,1.0,10.106217943648197,1.1791094288664952,10.044089233881538
ossl_lucas_campaign,campaign2015,2015_b5,G-U-D,0.2,3,25,0.002207517623901367,409,0.7530562347188264,2.3124373781773877,2.0867496075208583,5.738967284864804,1.0,1.8586419312305578,-0.9784026448415115,1.5822132829475084
ossl_lucas_campaign,campaign2015,2015_b6,G-U-D,0.2,3,25,0.002207517623901367,731,0.6169630642954856,12.355723829821715,3.3801225240806145,27.827462954048208,1.0,11.372136573163045,-1.4350606049198709,11.288951608109933
ossl_lucas_campaign,campaign2015,2015_b7,G-U-D,0.2,3,25,0.002207517623901367,428,0.75,3.07468634088558,2.573923075612198,8.589724488448283,1.0,3.921617471926034,-1.4530487711229985,3.6467526429380777
ossl_lucas_campaign,campaign2015,2015_b8,G-U-D,0.2,3,25,0.002207517623901367,840,0.8428571428571429,2.1877264855612455,1.920236833360477,3.9263020996694564,1.0,1.7013216986649229,-0.9300435592673291,1.4254590378641159
ossl_lucas_campaign,campaign2015,2015_b9,G-U-D,0.2,3,25,0.002207517623901367,684,0.8260233918128655,2.834240433351687,2.096827340164647,6.205802837575726,1.0,2.718948005250529,-0.48112327753272055,2.677999918701279
ossl_lucas_campaign,campaign2015,2015_b0,GC-D,0.05,3,25,0.003782510757446289,759,0.9776021080368906,9.374836753387058,3.8579460591612773,11.791522447123555,1.0,5.587635078334462,-0.10928540904522795,5.590250105706058
ossl_lucas_campaign,campaign2015,2015_b1,GC-D,0.05,3,25,0.003782510757446289,495,0.9333333333333333,5.022668230774369,3.7766977061692986,9.939669910878003,1.0,3.6786401682356202,-0.8955061908651761,3.5715868064171747
ossl_lucas_campaign,campaign2015,2015_b10,GC-D,0.05,3,25,0.003782510757446289,746,0.9584450402144772,3.709894862024217,3.461053911298465,6.52039051946467,1.0,1.4812827253843897,-0.6912914656995124,1.3109608689771395
ossl_lucas_campaign,campaign2015,2015_b11,GC-D,0.05,3,25,0.003782510757446289,231,0.8917748917748918,23.962737532143468,7.053417593410141,51.47542630454068,1.0,16.352927800273463,-0.23417004662593152,16.386758729161258
ossl_lucas_campaign,campaign2015,2015_b12,GC-D,0.05,3,25,0.003782510757446289,544,0.8952205882352942,27.762032842198543,6.029833597751978,39.17225608499737,1.0,14.739294081579544,2.513644176333618,14.536740798363398
ossl_lucas_campaign,campaign2015,2015_b13,GC-D,0.05,3,25,0.003782510757446289,570,0.9280701754385965,3.65314074552305,3.3529874347940614,6.290608660553908,1.0,1.6185309930487748,-0.86683112192869,1.3680386570092116
ossl_lucas_campaign,campaign2015,2015_b14,GC-D,0.05,3,25,0.003782510757446289,779,0.8741976893453145,11.67975662337829,5.62015993176184,34.40405524298414,1.0,7.436832821096665,-1.877156946630634,7.200647403500929
ossl_lucas_campaign,campaign2015,2015_b15,GC-D,0.05,3,25,0.003782510757446289,1380,0.9601449275362319,4.260109651942309,3.638001029406956,6.113313490188465,1.0,1.7969731448891426,-0.8184402741531424,1.6003511764522955
ossl_lucas_campaign,campaign2015,2015_b16,GC-D,0.05,3,25,0.003782510757446289,689,0.9375907111756169,3.8795786556629825,3.2813786658560145,9.761320667512612,1.0,2.031713137575887,-0.868203555162873,1.8382015796690545
ossl_lucas_campaign,campaign2015,2015_b17,GC-D,0.05,3,25,0.003782510757446289,279,0.7526881720430108,8.71262651856409,5.242839973839017,64.52893731353662,1.0,8.362491324869579,-3.5189378174445225,7.59969382309669
ossl_lucas_campaign,campaign2015,2015_b18,GC-D,0.05,3,25,0.003782510757446289,1543,0.9513933895009722,4.865437450188568,3.983572681518142,9.274415623770443,1.0,2.1049955631880577,-0.6650757208872082,1.9978156320161555
ossl_lucas_campaign,campaign2015,2015_b19,GC-D,0.05,3,25,0.003782510757446289,645,0.9534883720930233,3.948919602513376,3.4509415504136842,4.5788973521899745,1.0,1.0460505391134314,-0.09268896231874167,1.0427445747972024
ossl_lucas_campaign,campaign2015,2015_b2,GC-D,0.05,3,25,0.003782510757446289,1055,0.9270142180094787,3.853578649146979,3.396460015141957,7.651310556630042,1.0,1.822761351691537,-0.65445058087298,1.7020279840501378
ossl_lucas_campaign,campaign2015,2015_b20,GC-D,0.05,3,25,0.003782510757446289,807,0.8116480793060719,6.081511973468231,4.7631374357954614,28.130026498836532,1.0,5.024448518944666,-2.873686439559602,4.124085942408525
ossl_lucas_campaign,campaign2015,2015_b21,GC-D,0.05,3,25,0.003782510757446289,775,0.9948387096774194,3.4407939242820147,3.162789817880312,3.5411913716586647,1.0,0.8979380588469682,-0.5476804664105559,0.7120344435610516
ossl_lucas_campaign,campaign2015,2015_b22,GC-D,0.05,3,25,0.003782510757446289,564,0.8918439716312057,16.778078705185244,6.215668783119796,25.916524448616013,1.0,8.796790917207897,-1.171327803222896,8.726198095514457
ossl_lucas_campaign,campaign2015,2015_b23,GC-D,0.05,3,25,0.003782510757446289,818,0.8753056234718827,6.445064136485629,4.198506436678194,18.52737731999007,1.0,3.882780128626792,-1.0463371144270956,3.7414265960162045
ossl_lucas_campaign,campaign2015,2015_b24,GC-D,0.05,3,25,0.003782510757446289,1169,0.9067579127459366,6.422848498500776,5.070042284125716,15.289483582587463,1.0,3.3517151937456475,-1.4150038167195136,3.0396813717650635
ossl_lucas_campaign,campaign2015,2015_b25,GC-D,0.05,3,25,0.003782510757446289,76,0.9736842105263158,4.256133821820704,4.084222693225996,4.394635972696684,1.0,0.8090254887376963,0.21249059062532294,0.7858084521862029
ossl_lucas_campaign,campaign2015,2015_b26,GC-D,0.05,3,25,0.003782510757446289,873,0.9782359679266895,4.439853656958536,3.2278805850084242,9.698322904286542,1.0,2.829154395320543,-0.27656720166009013,2.81721786321224
ossl_lucas_campaign,campaign2015,2015_b27,GC-D,0.05,3,25,0.003782510757446289,662,0.9169184290030211,4.750314874188524,3.6095332899776107,12.865348101087257,1.0,2.961763134642857,-1.4208727591753507,2.6006495440796518
ossl_lucas_campaign,campaign2015,2015_b28,GC-D,0.05,3,25,0.003782510757446289,791,0.9797724399494311,4.803410913257485,3.7900585095594828,7.586126282827149,1.0,4.078844308559447,-0.2992410360082923,4.07042648924068
ossl_lucas_campaign,campaign2015,2015_b29,GC-D,0.05,3,25,0.003782510757446289,711,0.9254571026722925,4.786824545724494,3.8243699669194213,10.810864279459174,1.0,2.895145855130485,-1.3800224683399023,2.5468668238689625
ossl_lucas_campaign,campaign2015,2015_b3,GC-D,0.05,3,25,0.003782510757446289,1000,0.957,3.6938046824124693,3.130418019774211,7.730390954630122,1.0,1.7058569261167036,-0.7940787313771516,1.5105192780113814
ossl_lucas_campaign,campaign2015,2015_b4,GC-D,0.05,3,25,0.003782510757446289,729,0.9094650205761317,19.789176041615395,4.271848084727888,30.808385052292014,1.0,10.106217943648197,1.1791094288664952,10.044089233881538
ossl_lucas_campaign,campaign2015,2015_b5,GC-D,0.05,3,25,0.003782510757446289,409,0.9119804400977995,3.894662252728905,3.526073158669836,9.38777997517276,1.0,1.8586419312305578,-0.9784026448415115,1.5822132829475084
ossl_lucas_campaign,campaign2015,2015_b6,GC-D,0.05,3,25,0.003782510757446289,731,0.8426812585499316,20.873275238231862,5.595578499365606,47.64409583390442,1.0,11.372136573163045,-1.4350606049198709,11.288951608109933
ossl_lucas_campaign,campaign2015,2015_b7,GC-D,0.05,3,25,0.003782510757446289,428,0.9345794392523364,5.122377721393156,4.286559337497545,17.980769120117586,1.0,3.921617471926034,-1.4530487711229985,3.6467526429380777
ossl_lucas_campaign,campaign2015,2015_b8,GC-D,0.05,3,25,0.003782510757446289,840,0.9654761904761905,3.6477727790213734,3.191877615814146,6.563380564300161,1.0,1.7013216986649229,-0.9300435592673291,1.4254590378641159
ossl_lucas_campaign,campaign2015,2015_b9,GC-D,0.05,3,25,0.003782510757446289,684,0.9473684210526315,4.71344125157081,3.4578478151927543,12.133528737683472,1.0,2.718948005250529,-0.48112327753272055,2.677999918701279
ossl_lucas_campaign,campaign2015,2015_b0,GC-D,0.1,3,25,0.004235506057739258,759,0.9565217391304348,7.467627411937569,3.1098093345784665,9.758902610611838,1.0,5.587635078334462,-0.10928540904522795,5.590250105706058
ossl_lucas_campaign,campaign2015,2015_b1,GC-D,0.1,3,25,0.004235506057739258,495,0.8363636363636363,3.990166899720676,2.9992956976416716,8.762753260563967,1.0,3.6786401682356202,-0.8955061908651761,3.5715868064171747
ossl_lucas_campaign,campaign2015,2015_b10,GC-D,0.1,3,25,0.004235506057739258,746,0.9316353887399463,2.9661210029084675,2.76892877507163,5.187849725191629,1.0,1.4812827253843897,-0.6912914656995124,1.3109608689771395
ossl_lucas_campaign,campaign2015,2015_b11,GC-D,0.1,3,25,0.004235506057739258,231,0.7922077922077922,18.875283971887313,5.646728008492657,39.283801068222466,1.0,16.352927800273463,-0.23417004662593152,16.386758729161258
ossl_lucas_campaign,campaign2015,2015_b12,GC-D,0.1,3,25,0.004235506057739258,544,0.8198529411764706,21.955947577043677,4.816270105596833,34.2601016619886,1.0,14.739294081579544,2.513644176333618,14.536740798363398
ossl_lucas_campaign,campaign2015,2015_b13,GC-D,0.1,3,25,0.004235506057739258,570,0.8298245614035088,2.9040640403407654,2.681959969457872,5.655869249669626,1.0,1.6185309930487748,-0.86683112192869,1.3680386570092116
ossl_lucas_campaign,campaign2015,2015_b14,GC-D,0.1,3,25,0.004235506057739258,779,0.785622593068036,9.296296100636946,4.4973343489880016,25.929978236670348,1.0,7.436832821096665,-1.877156946630634,7.200647403500929
ossl_lucas_campaign,campaign2015,2015_b15,GC-D,0.1,3,25,0.004235506057739258,1380,0.908695652173913,3.3921262091127407,2.9033151373092125,5.332578691049848,1.0,1.7969731448891426,-0.8184402741531424,1.6003511764522955
ossl_lucas_campaign,campaign2015,2015_b16,GC-D,0.1,3,25,0.004235506057739258,689,0.8824383164005806,3.1047593022677966,2.6279204594832217,7.267489977492358,1.0,2.031713137575887,-0.868203555162873,1.8382015796690545
ossl_lucas_campaign,campaign2015,2015_b17,GC-D,0.1,3,25,0.004235506057739258,279,0.6487455197132617,6.948956458483208,4.208192250181235,41.94725651078943,1.0,8.362491324869579,-3.5189378174445225,7.59969382309669
ossl_lucas_campaign,campaign2015,2015_b18,GC-D,0.1,3,25,0.004235506057739258,1543,0.9099157485418017,3.867986221530551,3.1816578369416577,7.23492059443302,1.0,2.1049955631880577,-0.6650757208872082,1.9978156320161555
ossl_lucas_campaign,campaign2015,2015_b19,GC-D,0.1,3,25,0.004235506057739258,645,0.9255813953488372,3.1395248545767838,2.747611877681824,3.845316893593631,1.0,1.0460505391134314,-0.09268896231874167,1.0427445747972024
ossl_lucas_campaign,campaign2015,2015_b2,GC-D,0.1,3,25,0.004235506057739258,1055,0.8625592417061612,3.0575139938113027,2.704305624992346,6.404065333251648,1.0,1.822761351691537,-0.65445058087298,1.7020279840501378
ossl_lucas_campaign,campaign2015,2015_b20,GC-D,0.1,3,25,0.004235506057739258,807,0.711276332094176,4.8550469262064135,3.7984912142167424,21.677248568202472,1.0,5.024448518944666,-2.873686439559602,4.124085942408525
ossl_lucas_campaign,campaign2015,2015_b21,GC-D,0.1,3,25,0.004235506057739258,775,0.9690322580645161,2.745448301609999,2.5258511170088753,2.9649347384841445,1.0,0.8979380588469682,-0.5476804664105559,0.7120344435610516
ossl_lucas_campaign,campaign2015,2015_b22,GC-D,0.1,3,25,0.004235506057739258,564,0.8138297872340425,13.314243985118955,4.989005287929515,22.43292403094913,1.0,8.796790917207897,-1.171327803222896,8.726198095514457
ossl_lucas_campaign,campaign2015,2015_b23,GC-D,0.1,3,25,0.004235506057739258,818,0.8019559902200489,5.141055980383235,3.3603856301807955,14.010815460861856,1.0,3.882780128626792,-1.0463371144270956,3.7414265960162045
ossl_lucas_campaign,campaign2015,2015_b24,GC-D,0.1,3,25,0.004235506057739258,1169,0.8528656971770744,5.116203969278564,4.048158193070716,12.151992503261068,1.0,3.3517151937456475,-1.4150038167195136,3.0396813717650635
ossl_lucas_campaign,campaign2015,2015_b25,GC-D,0.1,3,25,0.004235506057739258,76,0.9342105263157895,3.363126467301459,3.225024497728832,3.6805595760448107,1.0,0.8090254887376963,0.21249059062532294,0.7858084521862029
ossl_lucas_campaign,campaign2015,2015_b26,GC-D,0.1,3,25,0.004235506057739258,873,0.9564719358533792,3.543889116142277,2.5899209050382312,7.069940321720567,1.0,2.829154395320543,-0.27656720166009013,2.81721786321224
ossl_lucas_campaign,campaign2015,2015_b27,GC-D,0.1,3,25,0.004235506057739258,662,0.8625377643504532,3.8019576279268437,2.892593908056341,10.109153070764469,1.0,2.961763134642857,-1.4208727591753507,2.6006495440796518
ossl_lucas_campaign,campaign2015,2015_b28,GC-D,0.1,3,25,0.004235506057739258,791,0.9671302149178256,3.832011371088504,3.0347429439333635,5.8395424164014855,1.0,4.078844308559447,-0.2992410360082923,4.07042648924068
ossl_lucas_campaign,campaign2015,2015_b29,GC-D,0.1,3,25,0.004235506057739258,711,0.8466947960618847,3.812621743167279,3.041163221241079,9.023792177780624,1.0,2.895145855130485,-1.3800224683399023,2.5468668238689625
ossl_lucas_campaign,campaign2015,2015_b3,GC-D,0.1,3,25,0.004235506057739258,1000,0.916,2.9527724231711336,2.512460657647488,5.760586815631252,1.0,1.7058569261167036,-0.7940787313771516,1.5105192780113814
ossl_lucas_campaign,campaign2015,2015_b4,GC-D,0.1,3,25,0.004235506057739258,729,0.8573388203017832,15.61700397821875,3.419351087195884,24.39440460752012,1.0,10.106217943648197,1.1791094288664952,10.044089233881538
ossl_lucas_campaign,campaign2015,2015_b5,GC-D,0.1,3,25,0.004235506057739258,409,0.8484107579462102,3.093476345978583,2.7962117015174845,7.567149319726625,1.0,1.8586419312305578,-0.9784026448415115,1.5822132829475084
ossl_lucas_campaign,campaign2015,2015_b6,GC-D,0.1,3,25,0.004235506057739258,731,0.7551299589603283,16.552024485598636,4.4860468460891845,36.7543047127188,1.0,11.372136573163045,-1.4350606049198709,11.288951608109933
ossl_lucas_campaign,campaign2015,2015_b7,GC-D,0.1,3,25,0.004235506057739258,428,0.8785046728971962,4.092568298534149,3.4261669768846676,12.233354205004446,1.0,3.921617471926034,-1.4530487711229985,3.6467526429380777
ossl_lucas_campaign,campaign2015,2015_b8,GC-D,0.1,3,25,0.004235506057739258,840,0.9404761904761905,2.9131083837277294,2.5445292598198472,5.059268068363722,1.0,1.7013216986649229,-0.9300435592673291,1.4254590378641159
ossl_lucas_campaign,campaign2015,2015_b9,GC-D,0.1,3,25,0.004235506057739258,684,0.9049707602339181,3.7694649910963425,2.7769549860448723,8.66244578401942,1.0,2.718948005250529,-0.48112327753272055,2.677999918701279
ossl_lucas_campaign,campaign2015,2015_b0,GC-D,0.2,3,25,0.003699064254760742,759,0.8880105401844532,5.453295935933958,2.292325029280648,7.992048032402589,1.0,5.587635078334462,-0.10928540904522795,5.590250105706058
ossl_lucas_campaign,campaign2015,2015_b1,GC-D,0.2,3,25,0.003699064254760742,495,0.7353535353535353,2.906660074977658,2.1875269935324893,7.229222575915944,1.0,3.6786401682356202,-0.8955061908651761,3.5715868064171747
ossl_lucas_campaign,campaign2015,2015_b10,GC-D,0.2,3,25,0.003699064254760742,746,0.8351206434316354,2.173292370014881,2.0313344372443893,4.024419283779617,1.0,1.4812827253843897,-0.6912914656995124,1.3109608689771395
ossl_lucas_campaign,campaign2015,2015_b11,GC-D,0.2,3,25,0.003699064254760742,231,0.6277056277056277,13.643336883687901,4.139803962013766,30.708340274472608,1.0,16.352927800273463,-0.23417004662593152,16.386758729161258
ossl_lucas_campaign,campaign2015,2015_b12,GC-D,0.2,3,25,0.003699064254760742,544,0.6654411764705882,15.92829278838865,3.5257619170657684,28.182826764910903,1.0,14.739294081579544,2.513644176333618,14.536740798363398
ossl_lucas_campaign,campaign2015,2015_b13,GC-D,0.2,3,25,0.003699064254760742,570,0.7070175438596491,2.1168774950523574,1.95854787409337,4.856292371154386,1.0,1.6185309930487748,-0.86683112192869,1.3680386570092116
ossl_lucas_campaign,campaign2015,2015_b14,GC-D,0.2,3,25,0.003699064254760742,779,0.6880616174582799,6.783691855065462,3.30024948872519,19.169588665037118,1.0,7.436832821096665,-1.877156946630634,7.200647403500929
ossl_lucas_campaign,campaign2015,2015_b15,GC-D,0.2,3,25,0.003699064254760742,1380,0.782608695652174,2.476204317739127,2.128061460543825,4.664167768039904,1.0,1.7969731448891426,-0.8184402741531424,1.6003511764522955
ossl_lucas_campaign,campaign2015,2015_b16,GC-D,0.2,3,25,0.003699064254760742,689,0.8040638606676342,2.2768681551272345,1.9350162683429182,5.385454272251782,1.0,2.031713137575887,-0.868203555162873,1.8382015796690545
ossl_lucas_campaign,campaign2015,2015_b17,GC-D,0.2,3,25,0.003699064254760742,279,0.5017921146953405,5.080386106816147,3.088031127318974,27.49455037805825,1.0,8.362491324869579,-3.5189378174445225,7.59969382309669
ossl_lucas_campaign,campaign2015,2015_b18,GC-D,0.2,3,25,0.003699064254760742,1543,0.8172391445236552,2.8194876546004126,2.3274226709260644,5.624690813440348,1.0,2.1049955631880577,-0.6650757208872082,1.9978156320161555
ossl_lucas_campaign,campaign2015,2015_b19,GC-D,0.2,3,25,0.003699064254760742,645,0.8170542635658915,2.2886288200163896,2.0084529522642787,3.1665177297066287,1.0,1.0460505391134314,-0.09268896231874167,1.0427445747972024
ossl_lucas_campaign,campaign2015,2015_b2,GC-D,0.2,3,25,0.003699064254760742,1055,0.7592417061611374,2.224739572184583,1.9717164134152894,5.100859556332574,1.0,1.822761351691537,-0.65445058087298,1.7020279840501378
ossl_lucas_campaign,campaign2015,2015_b20,GC-D,0.2,3,25,0.003699064254760742,807,0.5526641883519207,3.5525249832713066,2.7931924195968763,16.28239673777368,1.0,5.024448518944666,-2.873686439559602,4.124085942408525
ossl_lucas_campaign,campaign2015,2015_b21,GC-D,0.2,3,25,0.003699064254760742,775,0.8761290322580645,2.0079434427114617,1.8461506486220183,2.522247101172277,1.0,0.8979380588469682,-0.5476804664105559,0.7120344435610516
ossl_lucas_campaign,campaign2015,2015_b22,GC-D,0.2,3,25,0.003699064254760742,564,0.6613475177304965,9.68923247667302,3.659517352159512,18.693924859146183,1.0,8.796790917207897,-1.171327803222896,8.726198095514457
ossl_lucas_campaign,campaign2015,2015_b23,GC-D,0.2,3,25,0.003699064254760742,818,0.6625916870415648,3.7590034533392647,2.467167602115175,10.442992557453914,1.0,3.882780128626792,-1.0463371144270956,3.7414265960162045
ossl_lucas_campaign,campaign2015,2015_b24,GC-D,0.2,3,25,0.003699064254760742,1169,0.7322497861420018,3.736077221671015,2.9624109300539088,9.360303258481217,1.0,3.3517151937456475,-1.4150038167195136,3.0396813717650635
ossl_lucas_campaign,campaign2015,2015_b25,GC-D,0.2,3,25,0.003699064254760742,76,0.8289473684210527,2.438033404707017,2.345061687744838,3.0025703762648988,1.0,0.8090254887376963,0.21249059062532294,0.7858084521862029
ossl_lucas_campaign,campaign2015,2015_b26,GC-D,0.2,3,25,0.003699064254760742,873,0.9072164948453608,2.5927773047794735,1.8994251534429523,4.999185566831341,1.0,2.829154395320543,-0.27656720166009013,2.81721786321224
ossl_lucas_campaign,campaign2015,2015_b27,GC-D,0.2,3,25,0.003699064254760742,662,0.7522658610271903,2.7884087162382087,2.1274515866072408,7.599073669749235,1.0,2.961763134642857,-1.4208727591753507,2.6006495440796518
ossl_lucas_campaign,campaign2015,2015_b28,GC-D,0.2,3,25,0.003699064254760742,791,0.8836915297092288,2.802193343981539,2.2267601595563065,4.432400275283156,1.0,4.078844308559447,-0.2992410360082923,4.07042648924068
ossl_lucas_campaign,campaign2015,2015_b29,GC-D,0.2,3,25,0.003699064254760742,711,0.710267229254571,2.783965036875121,2.2265309365892714,7.466431734024841,1.0,2.895145855130485,-1.3800224683399023,2.5468668238689625
ossl_lucas_campaign,campaign2015,2015_b3,GC-D,0.2,3,25,0.003699064254760742,1000,0.799,2.163214185238544,1.841976165903859,4.397463404677901,1.0,1.7058569261167036,-0.7940787313771516,1.5105192780113814
ossl_lucas_campaign,campaign2015,2015_b4,GC-D,0.2,3,25,0.003699064254760742,729,0.7626886145404664,11.307774007946227,2.5018000105348546,19.053393824066866,1.0,10.106217943648197,1.1791094288664952,10.044089233881538
ossl_lucas_campaign,campaign2015,2015_b5,GC-D,0.2,3,25,0.003699064254760742,409,0.7457212713936431,2.2530820921924595,2.032813899086213,5.788584946167121,1.0,1.8586419312305578,-0.9784026448415115,1.5822132829475084
ossl_lucas_campaign,campaign2015,2015_b6,GC-D,0.2,3,25,0.003699064254760742,731,0.6019151846785226,12.037436591549849,3.2951458899139703,28.035130562150364,1.0,11.372136573163045,-1.4350606049198709,11.288951608109933
ossl_lucas_campaign,campaign2015,2015_b7,GC-D,0.2,3,25,0.003699064254760742,428,0.7313084112149533,2.9967954802475116,2.5085476894284984,8.654018134555095,1.0,3.921617471926034,-1.4530487711229985,3.6467526429380777
ossl_lucas_campaign,campaign2015,2015_b8,GC-D,0.2,3,25,0.003699064254760742,840,0.8261904761904761,2.1322481654729026,1.8722599045554111,3.9461898752714584,1.0,1.7013216986649229,-0.9300435592673291,1.4254590378641159
ossl_lucas_campaign,campaign2015,2015_b9,GC-D,0.2,3,25,0.003699064254760742,684,0.8157894736842105,2.762592886273613,2.0442673209099955,6.229740316499963,1.0,2.718948005250529,-0.48112327753272055,2.677999918701279
ossl_lucas_campaign,campaign2015,2015_b0,GC-D+,0.05,3,25,0.0037581920623779297,759,0.9907773386034255,12.894831496961759,5.200308927915393,13.516663840963936,1.0,5.587635078334462,-0.10928540904522795,5.590250105706058
ossl_lucas_campaign,campaign2015,2015_b1,GC-D+,0.05,3,25,0.0037581920623779297,495,0.9797979797979798,6.9453786294422875,5.198897034182494,8.45496221790365,1.0,3.6786401682356202,-0.8955061908651761,3.5715868064171747
ossl_lucas_campaign,campaign2015,2015_b10,GC-D+,0.05,3,25,0.0037581920623779297,746,0.9798927613941019,5.064116387227979,4.7135967481102945,6.113647219068742,1.0,1.4812827253843897,-0.6912914656995124,1.3109608689771395
ossl_lucas_campaign,campaign2015,2015_b11,GC-D+,0.05,3,25,0.0037581920623779297,231,0.9437229437229437,33.712623258034114,9.621323640065128,47.38984484533801,1.0,16.352927800273463,-0.23417004662593152,16.386758729161258
ossl_lucas_campaign,campaign2015,2015_b12,GC-D+,0.05,3,25,0.0037581920623779297,544,0.96875,38.74084030244081,8.32265327320777,40.939089089093535,1.0,14.739294081579544,2.513644176333618,14.536740798363398
ossl_lucas_campaign,campaign2015,2015_b13,GC-D+,0.05,3,25,0.0037581920623779297,570,0.980701754385965,5.046116195935128,4.593508387902357,5.7838940387853714,1.0,1.6185309930487748,-0.86683112192869,1.3680386570092116
ossl_lucas_campaign,campaign2015,2015_b14,GC-D+,0.05,3,25,0.0037581920623779297,779,0.9345314505776636,16.089895819722738,7.620188137414775,27.916860149147592,1.0,7.436832821096665,-1.877156946630634,7.200647403500929
ossl_lucas_campaign,campaign2015,2015_b15,GC-D+,0.05,3,25,0.0037581920623779297,1380,0.9905797101449275,5.863824209815966,5.000361741548179,6.475089269166537,1.0,1.7969731448891426,-0.8184402741531424,1.6003511764522955
ossl_lucas_campaign,campaign2015,2015_b16,GC-D+,0.05,3,25,0.0037581920623779297,689,0.9724238026124818,5.285517884173669,4.460741728091527,8.835661085977874,1.0,2.031713137575887,-0.868203555162873,1.8382015796690545
ossl_lucas_campaign,campaign2015,2015_b17,GC-D+,0.05,3,25,0.0037581920623779297,279,0.8530465949820788,11.952946407385268,7.128848293923966,48.564399563559675,1.0,8.362491324869579,-3.5189378174445225,7.59969382309669
ossl_lucas_campaign,campaign2015,2015_b18,GC-D+,0.05,3,25,0.0037581920623779297,1543,0.9844458846403111,6.718487186200765,5.445172700246019,9.180767946157788,1.0,2.1049955631880577,-0.6650757208872082,1.9978156320161555
ossl_lucas_campaign,campaign2015,2015_b19,GC-D+,0.05,3,25,0.0037581920623779297,645,0.9875968992248062,5.45257754304894,4.774167896522044,5.532428095626684,1.0,1.0460505391134314,-0.09268896231874167,1.0427445747972024
ossl_lucas_campaign,campaign2015,2015_b2,GC-D+,0.05,3,25,0.0037581920623779297,1055,0.9819905213270143,5.343019168827711,4.666823952242292,6.691495925930973,1.0,1.822761351691537,-0.65445058087298,1.7020279840501378
ossl_lucas_campaign,campaign2015,2015_b20,GC-D+,0.05,3,25,0.0037581920623779297,807,0.9281288723667905,8.326694711652015,6.477892971731684,18.125899356362762,1.0,5.024448518944666,-2.873686439559602,4.124085942408525
ossl_lucas_campaign,campaign2015,2015_b21,GC-D+,0.05,3,25,0.0037581920623779297,775,1.0,4.716141328033873,4.328244929675719,4.716141328033873,1.0,0.8979380588469682,-0.5476804664105559,0.7120344435610516
ossl_lucas_campaign,campaign2015,2015_b22,GC-D+,0.05,3,25,0.0037581920623779297,564,0.9716312056737588,23.254963608607977,8.501316899780985,25.94306908411141,1.0,8.796790917207897,-1.171327803222896,8.726198095514457
ossl_lucas_campaign,campaign2015,2015_b23,GC-D+,0.05,3,25,0.0037581920623779297,818,0.9498777506112469,8.83932046047564,5.720901305769527,14.888872696933047,1.0,3.882780128626792,-1.0463371144270956,3.7414265960162045
ossl_lucas_campaign,campaign2015,2015_b24,GC-D+,0.05,3,25,0.0037581920623779297,1169,0.9589392643284859,8.833709323742873,6.917244559923415,12.205252873568451,1.0,3.3517151937456475,-1.4150038167195136,3.0396813717650635
ossl_lucas_campaign,campaign2015,2015_b25,GC-D+,0.05,3,25,0.0037581920623779297,76,1.0,5.950596324452611,5.707009637205749,5.950596324452611,1.0,0.8090254887376963,0.21249059062532294,0.7858084521862029
ossl_lucas_campaign,campaign2015,2015_b26,GC-D+,0.05,3,25,0.0037581920623779297,873,0.9919816723940436,6.081252477021078,4.388984104198918,9.760695111880702,1.0,2.829154395320543,-0.27656720166009013,2.81721786321224
ossl_lucas_campaign,campaign2015,2015_b27,GC-D+,0.05,3,25,0.0037581920623779297,662,0.9712990936555891,6.4706243753406305,4.892588296893412,10.641818715718797,1.0,2.961763134642857,-1.4208727591753507,2.6006495440796518
ossl_lucas_campaign,campaign2015,2015_b28,GC-D+,0.05,3,25,0.0037581920623779297,791,0.9911504424778761,6.586410884038152,5.165474053415657,7.915875210267724,1.0,4.078844308559447,-0.2992410360082923,4.07042648924068
ossl_lucas_campaign,campaign2015,2015_b29,GC-D+,0.05,3,25,0.0037581920623779297,711,0.9746835443037974,6.5856262880377585,5.229301638481384,9.213510581829894,1.0,2.895145855130485,-1.3800224683399023,2.5468668238689625
ossl_lucas_campaign,campaign2015,2015_b3,GC-D+,0.05,3,25,0.0037581920623779297,1000,0.981,5.0440489846463885,4.275463567644151,7.558298067365643,1.0,1.7058569261167036,-0.7940787313771516,1.5105192780113814
ossl_lucas_campaign,campaign2015,2015_b4,GC-D+,0.05,3,25,0.0037581920623779297,729,0.9643347050754458,27.737948244935925,5.794584321385385,33.98478526212156,1.0,10.106217943648197,1.1791094288664952,10.044089233881538
ossl_lucas_campaign,campaign2015,2015_b5,GC-D+,0.05,3,25,0.0037581920623779297,409,0.9706601466992665,5.387548958979961,4.887185785258374,7.673638252056093,1.0,1.8586419312305578,-0.9784026448415115,1.5822132829475084
ossl_lucas_campaign,campaign2015,2015_b6,GC-D+,0.05,3,25,0.0037581920623779297,731,0.9220246238030095,28.972526684589464,7.604789632695372,41.66355140463779,1.0,11.372136573163045,-1.4350606049198709,11.288951608109933
ossl_lucas_campaign,campaign2015,2015_b7,GC-D+,0.05,3,25,0.0037581920623779297,428,0.9672897196261683,7.002572101132817,5.853734287414013,16.072713928251403,1.0,3.921617471926034,-1.4530487711229985,3.6467526429380777
ossl_lucas_campaign,campaign2015,2015_b8,GC-D+,0.05,3,25,0.0037581920623779297,840,0.9821428571428571,4.991178825455336,4.334332338834555,6.33222723692157,1.0,1.7013216986649229,-0.9300435592673291,1.4254590378641159
ossl_lucas_campaign,campaign2015,2015_b9,GC-D+,0.05,3,25,0.0037581920623779297,684,0.9722222222222222,6.430747098078823,4.7000494819715435,11.242919334201826,1.0,2.718948005250529,-0.48112327753272055,2.677999918701279
ossl_lucas_campaign,campaign2015,2015_b0,GC-D+,0.1,3,25,0.003709554672241211,759,0.9710144927536232,8.520421946016215,3.52561045913327,10.152803429331511,1.0,5.587635078334462,-0.10928540904522795,5.590250105706058
ossl_lucas_campaign,campaign2015,2015_b1,GC-D+,0.1,3,25,0.003709554672241211,495,0.8929292929292929,4.559300659874589,3.4245950540194645,7.886479090291804,1.0,3.6786401682356202,-0.8955061908651761,3.5715868064171747
ossl_lucas_campaign,campaign2015,2015_b10,GC-D+,0.1,3,25,0.003709554672241211,746,0.9517426273458445,3.377551576651654,3.151474096915779,5.109221910784353,1.0,1.4812827253843897,-0.6912914656995124,1.3109608689771395
ossl_lucas_campaign,campaign2015,2015_b11,GC-D+,0.1,3,25,0.003709554672241211,231,0.8701298701298701,21.666859351618577,6.421923598961138,37.59315360013769,1.0,16.352927800273463,-0.23417004662593152,16.386758729161258
ossl_lucas_campaign,campaign2015,2015_b12,GC-D+,0.1,3,25,0.003709554672241211,544,0.8584558823529411,25.148630127575313,5.4872122890650905,33.368836044784246,1.0,14.739294081579544,2.513644176333618,14.536740798363398
ossl_lucas_campaign,campaign2015,2015_b13,GC-D+,0.1,3,25,0.003709554672241211,570,0.8964912280701754,3.3170847094891998,3.05368263145076,5.137756654325117,1.0,1.6185309930487748,-0.86683112192869,1.3680386570092116
ossl_lucas_campaign,campaign2015,2015_b14,GC-D+,0.1,3,25,0.003709554672241211,779,0.834403080872914,10.611440753369338,5.124484438109375,23.980284106953714,1.0,7.436832821096665,-1.877156946630634,7.200647403500929
ossl_lucas_campaign,campaign2015,2015_b15,GC-D+,0.1,3,25,0.003709554672241211,1380,0.9398550724637681,3.871169479918749,3.3098536363242568,5.167511536629745,1.0,1.7969731448891426,-0.8184402741531424,1.6003511764522955
ossl_lucas_campaign,campaign2015,2015_b16,GC-D+,0.1,3,25,0.003709554672241211,689,0.9216255442670537,3.533592739840295,2.988276052385848,6.953634922841677,1.0,2.031713137575887,-0.868203555162873,1.8382015796690545
ossl_lucas_campaign,campaign2015,2015_b17,GC-D+,0.1,3,25,0.003709554672241211,279,0.7204301075268817,7.923205794438759,4.774727770019023,38.735456826397154,1.0,8.362491324869579,-3.5189378174445225,7.59969382309669
ossl_lucas_campaign,campaign2015,2015_b18,GC-D+,0.1,3,25,0.003709554672241211,1543,0.9358392741412832,4.418007531531061,3.6280807213212634,7.062084548176379,1.0,2.1049955631880577,-0.6650757208872082,1.9978156320161555
ossl_lucas_campaign,campaign2015,2015_b19,GC-D+,0.1,3,25,0.003709554672241211,645,0.9457364341085271,3.585852926345145,3.134035886553919,4.035144342902207,1.0,1.0460505391134314,-0.09268896231874167,1.0427445747972024
ossl_lucas_campaign,campaign2015,2015_b2,GC-D+,0.1,3,25,0.003709554672241211,1055,0.9080568720379147,3.496003469175627,3.0847486897421135,5.975209190577459,1.0,1.822761351691537,-0.65445058087298,1.7020279840501378
ossl_lucas_campaign,campaign2015,2015_b20,GC-D+,0.1,3,25,0.003709554672241211,807,0.7645600991325898,5.532917187748898,4.324647357605221,18.905976506531644,1.0,5.024448518944666,-2.873686439559602,4.124085942408525
ossl_lucas_campaign,campaign2015,2015_b21,GC-D+,0.1,3,25,0.003709554672241211,775,0.9883870967741936,3.1296538723656884,2.8749563874152733,3.2207786019318227,1.0,0.8979380588469682,-0.5476804664105559,0.7120344435610516
ossl_lucas_campaign,campaign2015,2015_b22,GC-D+,0.1,3,25,0.003709554672241211,564,0.8652482269503546,15.22237425902542,5.664284851749599,21.599945170759682,1.0,8.796790917207897,-1.171327803222896,8.726198095514457
ossl_lucas_campaign,campaign2015,2015_b23,GC-D+,0.1,3,25,0.003709554672241211,818,0.8484107579462102,5.861451495163644,3.8232254250470485,13.051048556634827,1.0,3.882780128626792,-1.0463371144270956,3.7414265960162045
ossl_lucas_campaign,campaign2015,2015_b24,GC-D+,0.1,3,25,0.003709554672241211,1169,0.8905047048759623,5.837501544049557,4.6049421601206895,11.327378492905032,1.0,3.3517151937456475,-1.4150038167195136,3.0396813717650635
ossl_lucas_campaign,campaign2015,2015_b25,GC-D+,0.1,3,25,0.003709554672241211,76,0.9473684210526315,3.853928635936323,3.6915010008717326,4.0196440408292515,1.0,0.8090254887376963,0.21249059062532294,0.7858084521862029
ossl_lucas_campaign,campaign2015,2015_b26,GC-D+,0.1,3,25,0.003709554672241211,873,0.9690721649484536,4.039038717369101,2.9424019846647886,7.023714651896366,1.0,2.829154395320543,-0.27656720166009013,2.81721786321224
ossl_lucas_campaign,campaign2015,2015_b27,GC-D+,0.1,3,25,0.003709554672241211,662,0.8942598187311178,4.326864087590889,3.2897063536485147,9.309100328397323,1.0,2.961763134642857,-1.4208727591753507,2.6006495440796518
ossl_lucas_campaign,campaign2015,2015_b28,GC-D+,0.1,3,25,0.003709554672241211,791,0.9759797724399494,4.368688741680136,3.452914239562644,6.016699757767073,1.0,4.078844308559447,-0.2992410360082923,4.07042648924068
ossl_lucas_campaign,campaign2015,2015_b29,GC-D+,0.1,3,25,0.003709554672241211,711,0.8888888888888888,4.35035622909149,3.4762572936468867,8.173607820209968,1.0,2.895145855130485,-1.3800224683399023,2.5468668238689625
ossl_lucas_campaign,campaign2015,2015_b3,GC-D+,0.1,3,25,0.003709554672241211,1000,0.944,3.362642941321115,2.853215581121164,5.6744247574616065,1.0,1.7058569261167036,-0.7940787313771516,1.5105192780113814
ossl_lucas_campaign,campaign2015,2015_b4,GC-D+,0.1,3,25,0.003709554672241211,729,0.8916323731138546,17.908542420533607,3.887506392999782,24.63725724332542,1.0,10.106217943648197,1.1791094288664952,10.044089233881538
ossl_lucas_campaign,campaign2015,2015_b5,GC-D+,0.1,3,25,0.003709554672241211,409,0.8801955990220048,3.535061195782369,3.1961302900039925,6.970578255993575,1.0,1.8586419312305578,-0.9784026448415115,1.5822132829475084
ossl_lucas_campaign,campaign2015,2015_b6,GC-D+,0.1,3,25,0.003709554672241211,731,0.8125854993160054,18.931575431143255,5.100762370292216,35.047712963600965,1.0,11.372136573163045,-1.4350606049198709,11.288951608109933
ossl_lucas_campaign,campaign2015,2015_b7,GC-D+,0.1,3,25,0.003709554672241211,428,0.9252336448598131,4.661988982841967,3.902031136434461,11.757242049431047,1.0,3.921617471926034,-1.4530487711229985,3.6467526429380777
ossl_lucas_campaign,campaign2015,2015_b8,GC-D+,0.1,3,25,0.003709554672241211,840,0.9583333333333334,3.3192321309262285,2.9041722885486037,5.01573012283745,1.0,1.7013216986649229,-0.9300435592673291,1.4254590378641159
ossl_lucas_campaign,campaign2015,2015_b9,GC-D+,0.1,3,25,0.003709554672241211,684,0.9298245614035088,4.2917128228976145,3.154017373472281,8.440657633130174,1.0,2.718948005250529,-0.48112327753272055,2.677999918701279
ossl_lucas_campaign,campaign2015,2015_b0,GC-D+,0.2,3,25,0.004261493682861328,759,0.9051383399209486,5.884474315304744,2.4711439967922897,8.0039225232977,1.0,5.587635078334462,-0.10928540904522795,5.590250105706058
ossl_lucas_campaign,campaign2015,2015_b1,GC-D+,0.2,3,25,0.004261493682861328,495,0.7696969696969697,3.13801459559953,2.3610774620548347,7.007361304464793,1.0,3.6786401682356202,-0.8955061908651761,3.5715868064171747
ossl_lucas_campaign,campaign2015,2015_b10,GC-D+,0.2,3,25,0.004261493682861328,746,0.8592493297587132,2.3435920092604974,2.189667312692078,3.9913110167660757,1.0,1.4812827253843897,-0.6912914656995124,1.3109608689771395
ossl_lucas_campaign,campaign2015,2015_b11,GC-D+,0.2,3,25,0.004261493682861328,231,0.6796536796536796,14.751820541332515,4.466501100495124,30.095439066713737,1.0,16.352927800273463,-0.23417004662593152,16.386758729161258
ossl_lucas_campaign,campaign2015,2015_b12,GC-D+,0.2,3,25,0.004261493682861328,544,0.7077205882352942,17.210025175763683,3.802709742129216,27.719198568601414,1.0,14.739294081579544,2.513644176333618,14.536740798363398
ossl_lucas_campaign,campaign2015,2015_b13,GC-D+,0.2,3,25,0.004261493682861328,570,0.7368421052631579,2.285062267100259,2.116097778541489,4.686384839048148,1.0,1.6185309930487748,-0.86683112192869,1.3680386570092116
ossl_lucas_campaign,campaign2015,2015_b14,GC-D+,0.2,3,25,0.004261493682861328,779,0.7150192554557124,7.321132879098536,3.5589396278962306,18.74060436839836,1.0,7.436832821096665,-1.877156946630634,7.200647403500929
ossl_lucas_campaign,campaign2015,2015_b15,GC-D+,0.2,3,25,0.004261493682861328,1380,0.8115942028985508,2.6721917420487653,2.294447905466444,4.532841745107021,1.0,1.7969731448891426,-0.8184402741531424,1.6003511764522955
ossl_lucas_campaign,campaign2015,2015_b16,GC-D+,0.2,3,25,0.004261493682861328,689,0.8345428156748912,2.4548602433627504,2.084985535185287,5.315215040779769,1.0,2.031713137575887,-0.868203555162873,1.8382015796690545
ossl_lucas_campaign,campaign2015,2015_b17,GC-D+,0.2,3,25,0.004261493682861328,279,0.5340501792114696,5.480838521534092,3.3296537099283467,26.77083550630796,1.0,8.362491324869579,-3.5189378174445225,7.59969382309669
ossl_lucas_campaign,campaign2015,2015_b18,GC-D+,0.2,3,25,0.004261493682861328,1543,0.8386260531432275,3.0435134468414455,2.5110083286564584,5.551224879742259,1.0,2.1049955631880577,-0.6650757208872082,1.9978156320161555
ossl_lucas_campaign,campaign2015,2015_b19,GC-D+,0.2,3,25,0.004261493682861328,645,0.8573643410852713,2.470442954301451,2.1654680421403034,3.1908598060434468,1.0,1.0460505391134314,-0.09268896231874167,1.0427445747972024
ossl_lucas_campaign,campaign2015,2015_b2,GC-D+,0.2,3,25,0.004261493682861328,1055,0.7914691943127962,2.4023480723655597,2.1286374049138526,4.979087592023777,1.0,1.822761351691537,-0.65445058087298,1.7020279840501378
ossl_lucas_campaign,campaign2015,2015_b20,GC-D+,0.2,3,25,0.004261493682861328,807,0.5824039653035935,3.831915808887466,3.009942803033897,15.536354988674764,1.0,5.024448518944666,-2.873686439559602,4.124085942408525
ossl_lucas_campaign,campaign2015,2015_b21,GC-D+,0.2,3,25,0.004261493682861328,775,0.9045161290322581,2.1660605281565646,1.992414628336772,2.5524319134026308,1.0,0.8979380588469682,-0.5476804664105559,0.7120344435610516
ossl_lucas_campaign,campaign2015,2015_b22,GC-D+,0.2,3,25,0.004261493682861328,564,0.700354609929078,10.462465261114069,3.945419450421908,18.226748404507372,1.0,8.796790917207897,-1.171327803222896,8.726198095514457
ossl_lucas_campaign,campaign2015,2015_b23,GC-D+,0.2,3,25,0.004261493682861328,818,0.6858190709046454,4.055225304563899,2.6594369981554813,10.1651456640625,1.0,3.882780128626792,-1.0463371144270956,3.7414265960162045
ossl_lucas_campaign,campaign2015,2015_b24,GC-D+,0.2,3,25,0.004261493682861328,1169,0.7630453378956373,4.031501498230055,3.1917120263225156,9.11721767703716,1.0,3.3517151937456475,-1.4150038167195136,3.0396813717650635
ossl_lucas_campaign,campaign2015,2015_b25,GC-D+,0.2,3,25,0.004261493682861328,76,0.8552631578947368,2.6345930278887564,2.5302249379371307,3.082430498716866,1.0,0.8090254887376963,0.21249059062532294,0.7858084521862029
ossl_lucas_campaign,campaign2015,2015_b26,GC-D+,0.2,3,25,0.004261493682861328,873,0.9255441008018328,2.796759699411707,2.0481764761497834,5.045973980216699,1.0,2.829154395320543,-0.27656720166009013,2.81721786321224
ossl_lucas_campaign,campaign2015,2015_b27,GC-D+,0.2,3,25,0.004261493682861328,662,0.7870090634441088,3.006335918514893,2.2931789942336933,7.389772362985136,1.0,2.961763134642857,-1.4208727591753507,2.6006495440796518
ossl_lucas_campaign,campaign2015,2015_b28,GC-D+,0.2,3,25,0.004261493682861328,791,0.9026548672566371,3.022943862028441,2.4011708649936923,4.46116226863392,1.0,4.078844308559447,-0.2992410360082923,4.07042648924068
ossl_lucas_campaign,campaign2015,2015_b29,GC-D+,0.2,3,25,0.004261493682861328,711,0.7412095639943741,3.0041343986155504,2.4001861777186617,7.151596183624658,1.0,2.895145855130485,-1.3800224683399023,2.5468668238689625
ossl_lucas_campaign,campaign2015,2015_b3,GC-D+,0.2,3,25,0.004261493682861328,1000,0.837,2.332785149253355,1.9868198292702848,4.3359775811993,1.0,1.7058569261167036,-0.7940787313771516,1.5105192780113814
ossl_lucas_campaign,campaign2015,2015_b4,GC-D+,0.2,3,25,0.004261493682861328,729,0.7846364883401921,12.222311083089188,2.701426746688816,19.071215289257392,1.0,10.106217943648197,1.1791094288664952,10.044089233881538
ossl_lucas_campaign,campaign2015,2015_b5,GC-D+,0.2,3,25,0.004261493682861328,409,0.7677261613691931,2.4324958846892017,2.1959269996940702,5.647605784505493,1.0,1.8586419312305578,-0.9784026448415115,1.5822132829475084
ossl_lucas_campaign,campaign2015,2015_b6,GC-D+,0.2,3,25,0.004261493682861328,731,0.6443228454172366,12.999779684497922,3.5516170705126333,27.47705693769885,1.0,11.372136573163045,-1.4350606049198709,11.288951608109933
ossl_lucas_campaign,campaign2015,2015_b7,GC-D+,0.2,3,25,0.004261493682861328,428,0.7710280373831776,3.2320129931901187,2.7060071423925427,8.47905025844467,1.0,3.921617471926034,-1.4530487711229985,3.6467526429380777
ossl_lucas_campaign,campaign2015,2015_b8,GC-D+,0.2,3,25,0.004261493682861328,840,0.8595238095238096,2.2997958874444073,2.01699524412674,3.8970304494825454,1.0,1.7013216986649229,-0.9300435592673291,1.4254590378641159
ossl_lucas_campaign,campaign2015,2015_b9,GC-D+,0.2,3,25,0.004261493682861328,684,0.8450292397660819,2.9789228344498992,2.2028667537782125,6.173133823043385,1.0,2.718948005250529,-0.48112327753272055,2.677999918701279
ossl_lucas_campaign,campaign2015,2015_b0,HJ+,0.05,3,25,5.145540714263916,759,0.9907773386034255,12.018871727495936,6.100463932909371,13.696394898526492,1.0,5.587635078334462,-0.10928540904522795,5.590250105706058
ossl_lucas_campaign,campaign2015,2015_b1,HJ+,0.05,3,25,5.145540714263916,495,0.9555555555555556,5.867356690810681,4.527857988987442,9.045079749624575,1.0,3.6786401682356202,-0.8955061908651761,3.5715868064171747
ossl_lucas_campaign,campaign2015,2015_b10,HJ+,0.05,3,25,5.145540714263916,746,0.9758713136729222,4.958304392626413,4.630844031622173,6.450051480023711,1.0,1.4812827253843897,-0.6912914656995124,1.3109608689771395
ossl_lucas_campaign,campaign2015,2015_b11,HJ+,0.05,3,25,5.145540714263916,231,0.9177489177489178,24.558725317640995,8.91525655801777,47.87289304438567,1.0,16.352927800273463,-0.23417004662593152,16.386758729161258
ossl_lucas_campaign,campaign2015,2015_b12,HJ+,0.05,3,25,5.145540714263916,544,0.9466911764705882,30.83930826719123,8.221366767939683,38.730984928071365,1.0,14.739294081579544,2.513644176333618,14.536740798363398
ossl_lucas_campaign,campaign2015,2015_b13,HJ+,0.05,3,25,5.145540714263916,570,0.9403508771929825,4.448569974491744,4.182216786372805,6.414795566461682,1.0,1.6185309930487748,-0.86683112192869,1.3680386570092116
ossl_lucas_campaign,campaign2015,2015_b14,HJ+,0.05,3,25,5.145540714263916,779,0.9332477535301669,14.39818846917931,7.965434382289571,26.684348789180884,1.0,7.436832821096665,-1.877156946630634,7.200647403500929
ossl_lucas_campaign,campaign2015,2015_b15,HJ+,0.05,3,25,5.145540714263916,1380,0.9818840579710145,5.259177801064947,4.549361791348656,6.409786523141095,1.0,1.7969731448891426,-0.8184402741531424,1.6003511764522955
ossl_lucas_campaign,campaign2015,2015_b16,HJ+,0.05,3,25,5.145540714263916,689,0.9738751814223512,5.3408805062294835,4.587629429853894,8.80433007435823,1.0,2.031713137575887,-0.868203555162873,1.8382015796690545
ossl_lucas_campaign,campaign2015,2015_b17,HJ+,0.05,3,25,5.145540714263916,279,0.8602150537634409,11.306333602378974,7.734260853797448,51.33519983932677,1.0,8.362491324869579,-3.5189378174445225,7.59969382309669
ossl_lucas_campaign,campaign2015,2015_b18,HJ+,0.05,3,25,5.145540714263916,1543,0.9695398574206092,5.788017995006009,4.88162862658692,9.206387173930947,1.0,2.1049955631880577,-0.6650757208872082,1.9978156320161555
ossl_lucas_campaign,campaign2015,2015_b19,HJ+,0.05,3,25,5.145540714263916,645,0.9813953488372092,4.766805810270305,4.221256770294243,5.127735449956335,1.0,1.0460505391134314,-0.09268896231874167,1.0427445747972024
ossl_lucas_campaign,campaign2015,2015_b2,HJ+,0.05,3,25,5.145540714263916,1055,0.957345971563981,4.472714693236819,4.086091683664181,7.801772715568497,1.0,1.822761351691537,-0.65445058087298,1.7020279840501378
ossl_lucas_campaign,campaign2015,2015_b20,HJ+,0.05,3,25,5.145540714263916,807,0.8971499380421314,7.884474203183918,6.193521970607573,21.29383213316475,1.0,5.024448518944666,-2.873686439559602,4.124085942408525
ossl_lucas_campaign,campaign2015,2015_b21,HJ+,0.05,3,25,5.145540714263916,775,0.9935483870967742,4.457317336245151,4.127757055335872,4.513618383525816,1.0,0.8979380588469682,-0.5476804664105559,0.7120344435610516
ossl_lucas_campaign,campaign2015,2015_b22,HJ+,0.05,3,25,5.145540714263916,564,0.973404255319149,19.715133039190153,8.384411380102081,23.33621925088835,1.0,8.796790917207897,-1.171327803222896,8.726198095514457
ossl_lucas_campaign,campaign2015,2015_b23,HJ+,0.05,3,25,5.145540714263916,818,0.9498777506112469,8.288002372678042,5.911418196763469,14.912749853062875,1.0,3.882780128626792,-1.0463371144270956,3.7414265960162045
ossl_lucas_campaign,campaign2015,2015_b24,HJ+,0.05,3,25,5.145540714263916,1169,0.9409751924721984,8.033049734216897,6.46552216619826,13.660514178182396,1.0,3.3517151937456475,-1.4150038167195136,3.0396813717650635
ossl_lucas_campaign,campaign2015,2015_b25,HJ+,0.05,3,25,5.145540714263916,76,0.9868421052631579,4.662467954410891,4.5651265257417055,4.697596415918414,1.0,0.8090254887376963,0.21249059062532294,0.7858084521862029
ossl_lucas_campaign,campaign2015,2015_b26,HJ+,0.05,3,25,5.145540714263916,873,0.9885452462772051,5.7985949629771625,4.553132678908447,10.26590653128004,1.0,2.829154395320543,-0.27656720166009013,2.81721786321224
ossl_lucas_campaign,campaign2015,2015_b27,HJ+,0.05,3,25,5.145540714263916,662,0.9712990936555891,6.619288618812478,5.280156602715653,11.70301348168226,1.0,2.961763134642857,-1.4208727591753507,2.6006495440796518
ossl_lucas_campaign,campaign2015,2015_b28,HJ+,0.05,3,25,5.145540714263916,791,0.988621997471555,6.259325229704194,5.2121885025534285,8.382237662753303,1.0,4.078844308559447,-0.2992410360082923,4.07042648924068
ossl_lucas_campaign,campaign2015,2015_b29,HJ+,0.05,3,25,5.145540714263916,711,0.9592123769338959,5.945524841542942,4.773141044471331,9.885989623601464,1.0,2.895145855130485,-1.3800224683399023,2.5468668238689625
ossl_lucas_campaign,campaign2015,2015_b3,HJ+,0.05,3,25,5.145540714263916,1000,0.981,5.043297116835166,4.415783097583671,7.630781639867752,1.0,1.7058569261167036,-0.7940787313771516,1.5105192780113814
ossl_lucas_campaign,campaign2015,2015_b4,HJ+,0.05,3,25,5.145540714263916,729,0.9602194787379973,21.657101266220383,5.802791024133948,29.154981458444144,1.0,10.106217943648197,1.1791094288664952,10.044089233881538
ossl_lucas_campaign,campaign2015,2015_b5,HJ+,0.05,3,25,5.145540714263916,409,0.9462102689486552,4.5017912693192415,4.031265144050173,8.03097605239152,1.0,1.8586419312305578,-0.9784026448415115,1.5822132829475084
ossl_lucas_campaign,campaign2015,2015_b6,HJ+,0.05,3,25,5.145540714263916,731,0.9220246238030095,24.159918079608595,8.051244598964978,39.13564638415304,1.0,11.372136573163045,-1.4350606049198709,11.288951608109933
ossl_lucas_campaign,campaign2015,2015_b7,HJ+,0.05,3,25,5.145540714263916,428,0.9649532710280374,6.879158141805449,5.877152137647043,16.462230173979155,1.0,3.921617471926034,-1.4530487711229985,3.6467526429380777
ossl_lucas_campaign,campaign2015,2015_b8,HJ+,0.05,3,25,5.145540714263916,840,0.975,4.805529658539993,4.314054774535055,7.117538027338815,1.0,1.7013216986649229,-0.9300435592673291,1.4254590378641159
ossl_lucas_campaign,campaign2015,2015_b9,HJ+,0.05,3,25,5.145540714263916,684,0.9722222222222222,6.431166841776661,5.031315940274496,11.643100057661195,1.0,2.718948005250529,-0.48112327753272055,2.677999918701279
ossl_lucas_campaign,campaign2015,2015_b0,HJ+,0.1,3,25,3.1963047981262207,759,0.9683794466403162,7.812643491007426,3.970655705564693,10.335778248304356,1.0,5.587635078334462,-0.10928540904522795,5.590250105706058
ossl_lucas_campaign,campaign2015,2015_b1,HJ+,0.1,3,25,3.1963047981262207,495,0.8303030303030303,3.8276028964659163,2.9559733864693487,9.074918045452094,1.0,3.6786401682356202,-0.8955061908651761,3.5715868064171747
ossl_lucas_campaign,campaign2015,2015_b10,HJ+,0.1,3,25,3.1963047981262207,746,0.9410187667560321,3.2283011487909548,3.0077513894412764,5.271153358592216,1.0,1.4812827253843897,-0.6912914656995124,1.3109608689771395
ossl_lucas_campaign,campaign2015,2015_b11,HJ+,0.1,3,25,3.1963047981262207,231,0.8051948051948052,16.004601496458186,5.803049353391727,41.9991914979863,1.0,16.352927800273463,-0.23417004662593152,16.386758729161258
ossl_lucas_campaign,campaign2015,2015_b12,HJ+,0.1,3,25,3.1963047981262207,544,0.8345588235294118,19.97055581210385,5.338194171170693,35.77126734634419,1.0,14.739294081579544,2.513644176333618,14.536740798363398
ossl_lucas_campaign,campaign2015,2015_b13,HJ+,0.1,3,25,3.1963047981262207,570,0.8228070175438597,2.898592088524545,2.7323673879698767,5.965603453380398,1.0,1.6185309930487748,-0.86683112192869,1.3680386570092116
ossl_lucas_campaign,campaign2015,2015_b14,HJ+,0.1,3,25,3.1963047981262207,779,0.82798459563543,9.352507660784767,5.160471819486039,24.433220165268718,1.0,7.436832821096665,-1.877156946630634,7.200647403500929
ossl_lucas_campaign,campaign2015,2015_b15,HJ+,0.1,3,25,3.1963047981262207,1380,0.9021739130434783,3.419434650229833,2.954709613986955,5.523386471585177,1.0,1.7969731448891426,-0.8184402741531424,1.6003511764522955
ossl_lucas_campaign,campaign2015,2015_b16,HJ+,0.1,3,25,3.1963047981262207,689,0.9230769230769231,3.473270975058407,2.9866268859661877,6.891784377300833,1.0,2.031713137575887,-0.868203555162873,1.8382015796690545
ossl_lucas_campaign,campaign2015,2015_b17,HJ+,0.1,3,25,3.1963047981262207,279,0.7204301075268817,7.337530198568609,5.034868744536294,40.216857201056335,1.0,8.362491324869579,-3.5189378174445225,7.59969382309669
ossl_lucas_campaign,campaign2015,2015_b18,HJ+,0.1,3,25,3.1963047981262207,1543,0.8937135450421257,3.7680236569031673,3.1860941641476024,7.478306764981402,1.0,2.1049955631880577,-0.6650757208872082,1.9978156320161555
ossl_lucas_campaign,campaign2015,2015_b19,HJ+,0.1,3,25,3.1963047981262207,645,0.9193798449612403,3.1020333440650365,2.7399498868691987,3.8744225164349015,1.0,1.0460505391134314,-0.09268896231874167,1.0427445747972024
ossl_lucas_campaign,campaign2015,2015_b2,HJ+,0.1,3,25,3.1963047981262207,1055,0.8654028436018958,2.909860312540276,2.648104238743714,6.933612168067794,1.0,1.822761351691537,-0.65445058087298,1.7020279840501378
ossl_lucas_campaign,campaign2015,2015_b20,HJ+,0.1,3,25,3.1963047981262207,807,0.7298636926889716,5.136948645316678,4.04872237157834,21.619986087675496,1.0,5.024448518944666,-2.873686439559602,4.124085942408525
ossl_lucas_campaign,campaign2015,2015_b21,HJ+,0.1,3,25,3.1963047981262207,775,0.9690322580645161,2.897694467411703,2.674623383541427,3.1560659095414727,1.0,0.8979380588469682,-0.5476804664105559,0.7120344435610516
ossl_lucas_campaign,campaign2015,2015_b22,HJ+,0.1,3,25,3.1963047981262207,564,0.8421985815602837,12.811671723747956,5.482313851563276,21.51417755279369,1.0,8.796790917207897,-1.171327803222896,8.726198095514457
ossl_lucas_campaign,campaign2015,2015_b23,HJ+,0.1,3,25,3.1963047981262207,818,0.8447432762836186,5.379512567268357,3.838302231083584,13.329026685912764,1.0,3.882780128626792,-1.0463371144270956,3.7414265960162045
ossl_lucas_campaign,campaign2015,2015_b24,HJ+,0.1,3,25,3.1963047981262207,1169,0.8665526090675791,5.218920960953244,4.208049602549338,12.330391344973904,1.0,3.3517151937456475,-1.4150038167195136,3.0396813717650635
ossl_lucas_campaign,campaign2015,2015_b25,HJ+,0.1,3,25,3.1963047981262207,76,0.881578947368421,3.0295667006724116,2.956740708664728,3.5921783307296793,1.0,0.8090254887376963,0.21249059062532294,0.7858084521862029
ossl_lucas_campaign,campaign2015,2015_b26,HJ+,0.1,3,25,3.1963047981262207,873,0.9633447880870561,3.773681473027089,2.9565626084295316,7.429720430290983,1.0,2.829154395320543,-0.27656720166009013,2.81721786321224
ossl_lucas_campaign,campaign2015,2015_b27,HJ+,0.1,3,25,3.1963047981262207,662,0.8957703927492447,4.305194279009582,3.4376252335414748,10.029171158358075,1.0,2.961763134642857,-1.4208727591753507,2.6006495440796518
ossl_lucas_campaign,campaign2015,2015_b28,HJ+,0.1,3,25,3.1963047981262207,791,0.9721871049304678,4.066408189714003,3.3841522240208213,6.23134968701074,1.0,4.078844308559447,-0.2992410360082923,4.07042648924068
ossl_lucas_campaign,campaign2015,2015_b29,HJ+,0.1,3,25,3.1963047981262207,711,0.8607594936708861,3.8797409029478622,3.1213087747454087,8.847753089665446,1.0,2.895145855130485,-1.3800224683399023,2.5468668238689625
ossl_lucas_campaign,campaign2015,2015_b3,HJ+,0.1,3,25,3.1963047981262207,1000,0.945,3.2713047087993137,2.872039773704389,5.584066338863825,1.0,1.7058569261167036,-0.7940787313771516,1.5105192780113814
ossl_lucas_campaign,campaign2015,2015_b4,HJ+,0.1,3,25,3.1963047981262207,729,0.8628257887517147,13.989058061056877,3.769506936475843,23.69292145055136,1.0,10.106217943648197,1.1791094288664952,10.044089233881538
ossl_lucas_campaign,campaign2015,2015_b5,HJ+,0.1,3,25,3.1963047981262207,409,0.8361858190709046,2.942818897691361,2.638822307390547,7.469362099178037,1.0,1.8586419312305578,-0.9784026448415115,1.5822132829475084
ossl_lucas_campaign,campaign2015,2015_b6,HJ+,0.1,3,25,3.1963047981262207,731,0.8071135430916553,15.673035938506363,5.231927840736032,34.91928860451273,1.0,11.372136573163045,-1.4350606049198709,11.288951608109933
ossl_lucas_campaign,campaign2015,2015_b7,HJ+,0.1,3,25,3.1963047981262207,428,0.9042056074766355,4.466314998571943,3.8117096057900124,12.00734280710452,1.0,3.921617471926034,-1.4530487711229985,3.6467526429380777
ossl_lucas_campaign,campaign2015,2015_b8,HJ+,0.1,3,25,3.1963047981262207,840,0.9535714285714286,3.127952712910114,2.8061571213069048,5.4466180035230565,1.0,1.7013216986649229,-0.9300435592673291,1.4254590378641159
ossl_lucas_campaign,campaign2015,2015_b9,HJ+,0.1,3,25,3.1963047981262207,684,0.9254385964912281,4.179671012867276,3.2741540913749665,8.757326328692915,1.0,2.718948005250529,-0.48112327753272055,2.677999918701279
ossl_lucas_campaign,campaign2015,2015_b0,HJ+,0.2,3,25,3.795592784881592,759,0.9025032938076416,5.356072723702149,2.7315065841060893,8.353071693918835,1.0,5.587635078334462,-0.10928540904522795,5.590250105706058
ossl_lucas_campaign,campaign2015,2015_b1,HJ+,0.2,3,25,3.795592784881592,495,0.705050505050505,2.6206992061195145,2.0213834893732323,7.5077740500525705,1.0,3.6786401682356202,-0.8955061908651761,3.5715868064171747
ossl_lucas_campaign,campaign2015,2015_b10,HJ+,0.2,3,25,3.795592784881592,746,0.853887399463807,2.213525184809062,2.064614360738,4.050285070767244,1.0,1.4812827253843897,-0.6912914656995124,1.3109608689771395
ossl_lucas_campaign,campaign2015,2015_b11,HJ+,0.2,3,25,3.795592784881592,231,0.5974025974025974,10.980347989804649,3.984173885177644,32.23130858907233,1.0,16.352927800273463,-0.23417004662593152,16.386758729161258
ossl_lucas_campaign,campaign2015,2015_b12,HJ+,0.2,3,25,3.795592784881592,544,0.65625,13.65464404300759,3.6580648075859195,30.264651093130738,1.0,14.739294081579544,2.513644176333618,14.536740798363398
ossl_lucas_campaign,campaign2015,2015_b13,HJ+,0.2,3,25,3.795592784881592,570,0.6842105263157895,1.9851515853640314,1.862590026818968,5.055448788988148,1.0,1.6185309930487748,-0.86683112192869,1.3680386570092116
ossl_lucas_campaign,campaign2015,2015_b14,HJ+,0.2,3,25,3.795592784881592,779,0.7060333761232349,6.412047086973041,3.542636716806525,18.81077742110884,1.0,7.436832821096665,-1.877156946630634,7.200647403500929
ossl_lucas_campaign,campaign2015,2015_b15,HJ+,0.2,3,25,3.795592784881592,1380,0.7579710144927536,2.340999195180238,2.028660228991874,4.852801854596424,1.0,1.7969731448891426,-0.8184402741531424,1.6003511764522955
ossl_lucas_campaign,campaign2015,2015_b16,HJ+,0.2,3,25,3.795592784881592,689,0.8156748911465893,2.3805295116916017,2.046741896574464,5.293821173670917,1.0,2.031713137575887,-0.868203555162873,1.8382015796690545
ossl_lucas_campaign,campaign2015,2015_b17,HJ+,0.2,3,25,3.795592784881592,279,0.5448028673835126,5.033633714087577,3.4483422008120193,27.558714941001455,1.0,8.362491324869579,-3.5189378174445225,7.59969382309669
ossl_lucas_campaign,campaign2015,2015_b18,HJ+,0.2,3,25,3.795592784881592,1543,0.780946208684381,2.582102866594131,2.1831023903364724,5.833072407849486,1.0,2.1049955631880577,-0.6650757208872082,1.9978156320161555
ossl_lucas_campaign,campaign2015,2015_b19,HJ+,0.2,3,25,3.795592784881592,645,0.786046511627907,2.124536698396095,1.8788577552255705,3.1672697354911157,1.0,1.0460505391134314,-0.09268896231874167,1.0427445747972024
ossl_lucas_campaign,campaign2015,2015_b2,HJ+,0.2,3,25,3.795592784881592,1055,0.7203791469194313,1.993867032866455,1.8130351533965139,5.3657018050410965,1.0,1.822761351691537,-0.65445058087298,1.7020279840501378
ossl_lucas_campaign,campaign2015,2015_b20,HJ+,0.2,3,25,3.795592784881592,807,0.5650557620817844,3.5179010967413524,2.771681642023899,16.775143762097922,1.0,5.024448518944666,-2.873686439559602,4.124085942408525
ossl_lucas_campaign,campaign2015,2015_b21,HJ+,0.2,3,25,3.795592784881592,775,0.8787096774193548,1.9829728538824496,1.8353040837354846,2.5492172664035806,1.0,0.8979380588469682,-0.5476804664105559,0.7120344435610516
ossl_lucas_campaign,campaign2015,2015_b22,HJ+,0.2,3,25,3.795592784881592,564,0.6666666666666666,8.773220356281096,3.7602707665963973,18.821029669046837,1.0,8.796790917207897,-1.171327803222896,8.726198095514457
ossl_lucas_campaign,campaign2015,2015_b23,HJ+,0.2,3,25,3.795592784881592,818,0.6809290953545232,3.690072382391346,2.6352241982521027,10.332393290255661,1.0,3.882780128626792,-1.0463371144270956,3.7414265960162045
ossl_lucas_campaign,campaign2015,2015_b24,HJ+,0.2,3,25,3.795592784881592,1169,0.737382378100941,3.5753503924258383,2.8856594003297884,9.512308590131951,1.0,3.3517151937456475,-1.4150038167195136,3.0396813717650635
ossl_lucas_campaign,campaign2015,2015_b25,HJ+,0.2,3,25,3.795592784881592,76,0.7894736842105263,2.073477004068836,2.0192705406155307,2.987641280414746,1.0,0.8090254887376963,0.21249059062532294,0.7858084521862029
ossl_lucas_campaign,campaign2015,2015_b26,HJ+,0.2,3,25,3.795592784881592,873,0.9152348224513173,2.5880109417706896,2.026037589224936,5.1260325719796205,1.0,2.829154395320543,-0.27656720166009013,2.81721786321224
ossl_lucas_campaign,campaign2015,2015_b27,HJ+,0.2,3,25,3.795592784881592,662,0.7960725075528701,2.9467351020687143,2.3511215434087824,7.6536402616235035,1.0,2.961763134642857,-1.4208727591753507,2.6006495440796518
ossl_lucas_campaign,campaign2015,2015_b28,HJ+,0.2,3,25,3.795592784881592,791,0.888748419721871,2.786623853717997,2.3229276426990624,4.541099235359457,1.0,4.078844308559447,-0.2992410360082923,4.07042648924068
ossl_lucas_campaign,campaign2015,2015_b29,HJ+,0.2,3,25,3.795592784881592,711,0.6891701828410689,2.655945892059815,2.138656014779708,7.620174856987127,1.0,2.895145855130485,-1.3800224683399023,2.5468668238689625
ossl_lucas_campaign,campaign2015,2015_b3,HJ+,0.2,3,25,3.795592784881592,1000,0.834,2.2412424599131513,1.9657537196577262,4.25055718806472,1.0,1.7058569261167036,-0.7940787313771516,1.5105192780113814
ossl_lucas_campaign,campaign2015,2015_b4,HJ+,0.2,3,25,3.795592784881592,729,0.7489711934156379,9.53952075857517,2.5725876367649168,19.664525936654123,1.0,10.106217943648197,1.1791094288664952,10.044089233881538
ossl_lucas_campaign,campaign2015,2015_b5,HJ+,0.2,3,25,3.795592784881592,409,0.6674816625916871,2.0164417111047706,1.8070341014181581,5.97565678658216,1.0,1.8586419312305578,-0.9784026448415115,1.5822132829475084
ossl_lucas_campaign,campaign2015,2015_b6,HJ+,0.2,3,25,3.795592784881592,731,0.6210670314637483,10.73696451571305,3.585856801272544,27.886723112029046,1.0,11.372136573163045,-1.4350606049198709,11.288951608109933
ossl_lucas_campaign,campaign2015,2015_b7,HJ+,0.2,3,25,3.795592784881592,428,0.7663551401869159,3.0569777424989923,2.6053956852102154,8.543833595280008,1.0,3.921617471926034,-1.4530487711229985,3.6467526429380777
ossl_lucas_campaign,campaign2015,2015_b8,HJ+,0.2,3,25,3.795592784881592,840,0.8380952380952381,2.1427812202581222,1.9252822282270712,4.059738547968523,1.0,1.7013216986649229,-0.9300435592673291,1.4254590378641159
ossl_lucas_campaign,campaign2015,2015_b9,HJ+,0.2,3,25,3.795592784881592,684,0.8406432748538012,2.866844801748206,2.2412508900207753,6.400659456144363,1.0,2.718948005250529,-0.48112327753272055,2.677999918701279
ossl_lucas_campaign,campaign2015,2015_b0,HJ+-D,0.05,3,25,2.3987536430358887,759,0.9920948616600791,13.055344519744134,5.337921085244149,13.693241009324547,1.0,5.587635078334462,-0.10928540904522795,5.590250105706058
ossl_lucas_campaign,campaign2015,2015_b1,HJ+-D,0.05,3,25,2.3987536430358887,495,0.9797979797979798,6.9417370679177495,5.160698630586085,8.465584176154678,1.0,3.6786401682356202,-0.8955061908651761,3.5715868064171747
ossl_lucas_campaign,campaign2015,2015_b10,HJ+-D,0.05,3,25,2.3987536430358887,746,0.9798927613941019,5.077944292370274,4.724898936773805,6.099258758525577,1.0,1.4812827253843897,-0.6912914656995124,1.3109608689771395
ossl_lucas_campaign,campaign2015,2015_b11,HJ+-D,0.05,3,25,2.3987536430358887,231,0.948051948051948,33.583495161390324,9.643040004612308,47.5394030808472,1.0,16.352927800273463,-0.23417004662593152,16.386758729161258
ossl_lucas_campaign,campaign2015,2015_b12,HJ+-D,0.05,3,25,2.3987536430358887,544,0.96875,39.84124061622606,8.515924256032632,41.9073630802993,1.0,14.739294081579544,2.513644176333618,14.536740798363398
ossl_lucas_campaign,campaign2015,2015_b13,HJ+-D,0.05,3,25,2.3987536430358887,570,0.9824561403508771,5.0569042484401505,4.611005132485274,5.786789293309981,1.0,1.6185309930487748,-0.86683112192869,1.3680386570092116
ossl_lucas_campaign,campaign2015,2015_b14,HJ+-D,0.05,3,25,2.3987536430358887,779,0.9358151476251605,16.045108579455224,7.674757239926008,27.60764363164931,1.0,7.436832821096665,-1.877156946630634,7.200647403500929
ossl_lucas_campaign,campaign2015,2015_b15,HJ+-D,0.05,3,25,2.3987536430358887,1380,0.9898550724637681,5.880076409547258,4.992297167602126,6.467743452004718,1.0,1.7969731448891426,-0.8184402741531424,1.6003511764522955
ossl_lucas_campaign,campaign2015,2015_b16,HJ+-D,0.05,3,25,2.3987536430358887,689,0.9724238026124818,5.299394689616819,4.46966983781823,8.857477465080517,1.0,2.031713137575887,-0.868203555162873,1.8382015796690545
ossl_lucas_campaign,campaign2015,2015_b17,HJ+-D,0.05,3,25,2.3987536430358887,279,0.8530465949820788,11.978452678737101,7.098612004907807,49.622021268058866,1.0,8.362491324869579,-3.5189378174445225,7.59969382309669
ossl_lucas_campaign,campaign2015,2015_b18,HJ+-D,0.05,3,25,2.3987536430358887,1543,0.9844458846403111,6.7230205633602695,5.443038085949305,9.252617793886246,1.0,2.1049955631880577,-0.6650757208872082,1.9978156320161555
ossl_lucas_campaign,campaign2015,2015_b19,HJ+-D,0.05,3,25,2.3987536430358887,645,0.9875968992248062,5.470496756475014,4.778207277270626,5.5416680958195315,1.0,1.0460505391134314,-0.09268896231874167,1.0427445747972024
ossl_lucas_campaign,campaign2015,2015_b2,HJ+-D,0.05,3,25,2.3987536430358887,1055,0.9819905213270143,5.3481707447834586,4.6831863999609915,6.6847499121414025,1.0,1.822761351691537,-0.65445058087298,1.7020279840501378
ossl_lucas_campaign,campaign2015,2015_b20,HJ+-D,0.05,3,25,2.3987536430358887,807,0.9281288723667905,8.301829760492488,6.425264920117145,18.338052972937625,1.0,5.024448518944666,-2.873686439559602,4.124085942408525
ossl_lucas_campaign,campaign2015,2015_b21,HJ+-D,0.05,3,25,2.3987536430358887,775,1.0,4.739857058267005,4.347343396725591,4.739857058267005,1.0,0.8979380588469682,-0.5476804664105559,0.7120344435610516
ossl_lucas_campaign,campaign2015,2015_b22,HJ+-D,0.05,3,25,2.3987536430358887,564,0.973404255319149,23.545603348986482,8.573459912831,26.188098180424678,1.0,8.796790917207897,-1.171327803222896,8.726198095514457
ossl_lucas_campaign,campaign2015,2015_b23,HJ+-D,0.05,3,25,2.3987536430358887,818,0.9511002444987775,8.862760914993064,5.747764298206083,14.946011855220835,1.0,3.882780128626792,-1.0463371144270956,3.7414265960162045
ossl_lucas_campaign,campaign2015,2015_b24,HJ+-D,0.05,3,25,2.3987536430358887,1169,0.9580838323353293,8.879501863228166,6.921210722753261,12.219628076744348,1.0,3.3517151937456475,-1.4150038167195136,3.0396813717650635
ossl_lucas_campaign,campaign2015,2015_b25,HJ+-D,0.05,3,25,2.3987536430358887,76,1.0,5.961002905199831,5.718977903787829,5.961002905199831,1.0,0.8090254887376963,0.21249059062532294,0.7858084521862029
ossl_lucas_campaign,campaign2015,2015_b26,HJ+-D,0.05,3,25,2.3987536430358887,873,0.9908361970217641,6.1013099157126955,4.440434296313663,9.8532509100561,1.0,2.829154395320543,-0.27656720166009013,2.81721786321224
ossl_lucas_campaign,campaign2015,2015_b27,HJ+-D,0.05,3,25,2.3987536430358887,662,0.9712990936555891,6.507746404882965,4.898830464607112,10.726618731819855,1.0,2.961763134642857,-1.4208727591753507,2.6006495440796518
ossl_lucas_campaign,campaign2015,2015_b28,HJ+-D,0.05,3,25,2.3987536430358887,791,0.9911504424778761,6.605583977859499,5.18617196102571,7.878988419610427,1.0,4.078844308559447,-0.2992410360082923,4.07042648924068
ossl_lucas_campaign,campaign2015,2015_b29,HJ+-D,0.05,3,25,2.3987536430358887,711,0.9746835443037974,6.541569175864688,5.179726548632394,9.21504110680783,1.0,2.895145855130485,-1.3800224683399023,2.5468668238689625
ossl_lucas_campaign,campaign2015,2015_b3,HJ+-D,0.05,3,25,2.3987536430358887,1000,0.98,5.0844168796117994,4.304272825547752,7.591416619451607,1.0,1.7058569261167036,-0.7940787313771516,1.5105192780113814
ossl_lucas_campaign,campaign2015,2015_b4,HJ+-D,0.05,3,25,2.3987536430358887,729,0.9657064471879286,28.63376495344054,5.887307741031709,34.843157067528594,1.0,10.106217943648197,1.1791094288664952,10.044089233881538
ossl_lucas_campaign,campaign2015,2015_b5,HJ+-D,0.05,3,25,2.3987536430358887,409,0.9657701711491442,5.371549234901401,4.848636592484741,7.722195416582918,1.0,1.8586419312305578,-0.9784026448415115,1.5822132829475084
ossl_lucas_campaign,campaign2015,2015_b6,HJ+-D,0.05,3,25,2.3987536430358887,731,0.9261285909712722,29.276916152046567,7.645702734017273,41.66885170860901,1.0,11.372136573163045,-1.4350606049198709,11.288951608109933
ossl_lucas_campaign,campaign2015,2015_b7,HJ+-D,0.05,3,25,2.3987536430358887,428,0.9649532710280374,7.048216464684813,5.871424588069255,16.30708275481172,1.0,3.921617471926034,-1.4530487711229985,3.6467526429380777
ossl_lucas_campaign,campaign2015,2015_b8,HJ+-D,0.05,3,25,2.3987536430358887,840,0.9833333333333333,5.001237343514948,4.341560239171978,6.231225579237926,1.0,1.7013216986649229,-0.9300435592673291,1.4254590378641159
ossl_lucas_campaign,campaign2015,2015_b9,HJ+-D,0.05,3,25,2.3987536430358887,684,0.9736842105263158,6.46639848747063,4.762673089372738,11.269517079623776,1.0,2.718948005250529,-0.48112327753272055,2.677999918701279
ossl_lucas_campaign,campaign2015,2015_b0,HJ+-D,0.1,3,25,3.2988078594207764,759,0.9710144927536232,8.628362313719887,3.605684040281543,10.2601073704461,1.0,5.587635078334462,-0.10928540904522795,5.590250105706058
ossl_lucas_campaign,campaign2015,2015_b1,HJ+-D,0.1,3,25,3.2988078594207764,495,0.8949494949494949,4.576939508236146,3.4257933023212788,7.756484069429693,1.0,3.6786401682356202,-0.8955061908651761,3.5715868064171747
ossl_lucas_campaign,campaign2015,2015_b10,HJ+-D,0.1,3,25,3.2988078594207764,746,0.9517426273458445,3.40057331152053,3.1756897147447654,5.089923252889159,1.0,1.4812827253843897,-0.6912914656995124,1.3109608689771395
ossl_lucas_campaign,campaign2015,2015_b11,HJ+-D,0.1,3,25,3.2988078594207764,231,0.8701298701298701,21.611569760657645,6.404154497342189,37.47099215165812,1.0,16.352927800273463,-0.23417004662593152,16.386758729161258
ossl_lucas_campaign,campaign2015,2015_b12,HJ+-D,0.1,3,25,3.2988078594207764,544,0.8621323529411765,25.651214058796636,5.605460479022917,33.73620881094757,1.0,14.739294081579544,2.513644176333618,14.536740798363398
ossl_lucas_campaign,campaign2015,2015_b13,HJ+-D,0.1,3,25,3.2988078594207764,570,0.9052631578947369,3.338789212382239,3.068193738610201,5.099615009896356,1.0,1.6185309930487748,-0.86683112192869,1.3680386570092116
ossl_lucas_campaign,campaign2015,2015_b14,HJ+-D,0.1,3,25,3.2988078594207764,779,0.8421052631578947,10.603360180549684,5.147897057445933,23.60902440906983,1.0,7.436832821096665,-1.877156946630634,7.200647403500929
ossl_lucas_campaign,campaign2015,2015_b15,HJ+-D,0.1,3,25,3.2988078594207764,1380,0.941304347826087,3.8941047985795176,3.3263577055026037,5.142447259719781,1.0,1.7969731448891426,-0.8184402741531424,1.6003511764522955
ossl_lucas_campaign,campaign2015,2015_b16,HJ+-D,0.1,3,25,3.2988078594207764,689,0.9216255442670537,3.5548858359885727,3.008854940898585,6.948202605791666,1.0,2.031713137575887,-0.868203555162873,1.8382015796690545
ossl_lucas_campaign,campaign2015,2015_b17,HJ+-D,0.1,3,25,3.2988078594207764,279,0.7168458781362007,7.941106001722128,4.779739567517967,39.077909524254586,1.0,8.362491324869579,-3.5189378174445225,7.59969382309669
ossl_lucas_campaign,campaign2015,2015_b18,HJ+-D,0.1,3,25,3.2988078594207764,1543,0.9345430978613092,4.436287675301351,3.640378969499485,7.100507931494969,1.0,2.1049955631880577,-0.6650757208872082,1.9978156320161555
ossl_lucas_campaign,campaign2015,2015_b19,HJ+-D,0.1,3,25,3.2988078594207764,645,0.9457364341085271,3.6062213477728906,3.1653885891783373,4.045995832054316,1.0,1.0460505391134314,-0.09268896231874167,1.0427445747972024
ossl_lucas_campaign,campaign2015,2015_b2,HJ+-D,0.1,3,25,3.2988078594207764,1055,0.9127962085308057,3.514047510697728,3.1117383294871486,5.952034021133331,1.0,1.822761351691537,-0.65445058087298,1.7020279840501378
ossl_lucas_campaign,campaign2015,2015_b20,HJ+-D,0.1,3,25,3.2988078594207764,807,0.7645600991325898,5.545651683501109,4.33598051178258,18.944740792879582,1.0,5.024448518944666,-2.873686439559602,4.124085942408525
ossl_lucas_campaign,campaign2015,2015_b21,HJ+-D,0.1,3,25,3.2988078594207764,775,0.9896774193548387,3.1585074764315975,2.9070080022608096,3.2480699932945125,1.0,0.8979380588469682,-0.5476804664105559,0.7120344435610516
ossl_lucas_campaign,campaign2015,2015_b22,HJ+-D,0.1,3,25,3.2988078594207764,564,0.8705673758865248,15.403194366840735,5.748018948425484,21.47374355750685,1.0,8.796790917207897,-1.171327803222896,8.726198095514457
ossl_lucas_campaign,campaign2015,2015_b23,HJ+-D,0.1,3,25,3.2988078594207764,818,0.8496332518337408,5.885130448925529,3.862858331161539,13.067288978595501,1.0,3.882780128626792,-1.0463371144270956,3.7414265960162045
ossl_lucas_campaign,campaign2015,2015_b24,HJ+-D,0.1,3,25,3.2988078594207764,1169,0.8922155688622755,5.879980508386671,4.608029407240967,11.286195844606247,1.0,3.3517151937456475,-1.4150038167195136,3.0396813717650635
ossl_lucas_campaign,campaign2015,2015_b25,HJ+-D,0.1,3,25,3.2988078594207764,76,0.9473684210526315,3.8721984665718865,3.7127650236747405,4.046621798909826,1.0,0.8090254887376963,0.21249059062532294,0.7858084521862029
ossl_lucas_campaign,campaign2015,2015_b26,HJ+-D,0.1,3,25,3.2988078594207764,873,0.9713631156930126,4.068514958731207,2.973898596417897,7.072945946352533,1.0,2.829154395320543,-0.27656720166009013,2.81721786321224
ossl_lucas_campaign,campaign2015,2015_b27,HJ+-D,0.1,3,25,3.2988078594207764,662,0.8957703927492447,4.3611556491634165,3.308972648281278,9.325842078764458,1.0,2.961763134642857,-1.4208727591753507,2.6006495440796518
ossl_lucas_campaign,campaign2015,2015_b28,HJ+-D,0.1,3,25,3.2988078594207764,791,0.9759797724399494,4.38818193509368,3.4832105507914353,6.005986005076302,1.0,4.078844308559447,-0.2992410360082923,4.07042648924068
ossl_lucas_campaign,campaign2015,2015_b29,HJ+-D,0.1,3,25,3.2988078594207764,711,0.8917018284106891,4.350432078838527,3.4712024666780468,8.148637887061492,1.0,2.895145855130485,-1.3800224683399023,2.5468668238689625
ossl_lucas_campaign,campaign2015,2015_b3,HJ+-D,0.1,3,25,3.2988078594207764,1000,0.948,3.394849395031936,2.88148842585888,5.652732962795761,1.0,1.7058569261167036,-0.7940787313771516,1.5105192780113814
ossl_lucas_campaign,campaign2015,2015_b4,HJ+-D,0.1,3,25,3.2988078594207764,729,0.8916323731138546,18.329267568094906,3.9373397645853685,24.83348589391396,1.0,10.106217943648197,1.1791094288664952,10.044089233881538
ossl_lucas_campaign,campaign2015,2015_b5,HJ+-D,0.1,3,25,3.2988078594207764,409,0.8801955990220048,3.5473256059136453,3.1979098994323993,6.971539310743863,1.0,1.8586419312305578,-0.9784026448415115,1.5822132829475084
ossl_lucas_campaign,campaign2015,2015_b6,HJ+-D,0.1,3,25,3.2988078594207764,731,0.8180574555403557,19.080683411372743,5.13748821081577,34.80890541337029,1.0,11.372136573163045,-1.4350606049198709,11.288951608109933
ossl_lucas_campaign,campaign2015,2015_b7,HJ+-D,0.1,3,25,3.2988078594207764,428,0.9228971962616822,4.699242957846909,3.9176752770665986,11.805875778796889,1.0,3.921617471926034,-1.4530487711229985,3.6467526429380777
ossl_lucas_campaign,campaign2015,2015_b8,HJ+-D,0.1,3,25,3.2988078594207764,840,0.9595238095238096,3.341419962853524,2.9262578624813145,4.983908305240936,1.0,1.7013216986649229,-0.9300435592673291,1.4254590378641159
ossl_lucas_campaign,campaign2015,2015_b9,HJ+-D,0.1,3,25,3.2988078594207764,684,0.9254385964912281,4.323472942913742,3.1990069984103524,8.48346833986823,1.0,2.718948005250529,-0.48112327753272055,2.677999918701279
ossl_lucas_campaign,campaign2015,2015_b0,HJ+-D,0.2,3,25,3.8485100269317627,759,0.9077733860342556,5.965609712008202,2.5263298499530467,8.07780132370283,1.0,5.587635078334462,-0.10928540904522795,5.590250105706058
ossl_lucas_campaign,campaign2015,2015_b1,HJ+-D,0.2,3,25,3.8485100269317627,495,0.7616161616161616,3.1513983162596313,2.354042931832123,6.928858744212281,1.0,3.6786401682356202,-0.8955061908651761,3.5715868064171747
ossl_lucas_campaign,campaign2015,2015_b10,HJ+-D,0.2,3,25,3.8485100269317627,746,0.8659517426273459,2.3574080152617625,2.203214918598146,3.9745043244715452,1.0,1.4812827253843897,-0.6912914656995124,1.3109608689771395
ossl_lucas_campaign,campaign2015,2015_b11,HJ+-D,0.2,3,25,3.8485100269317627,231,0.683982683982684,14.750530110230645,4.393257624535928,29.650676048036917,1.0,16.352927800273463,-0.23417004662593152,16.386758729161258
ossl_lucas_campaign,campaign2015,2015_b12,HJ+-D,0.2,3,25,3.8485100269317627,544,0.7132352941176471,17.59276030229965,3.8842742533747527,28.004845335061592,1.0,14.739294081579544,2.513644176333618,14.536740798363398
ossl_lucas_campaign,campaign2015,2015_b13,HJ+-D,0.2,3,25,3.8485100269317627,570,0.7456140350877193,2.3012124452892504,2.1285943183813814,4.624275442131435,1.0,1.6185309930487748,-0.86683112192869,1.3680386570092116
ossl_lucas_campaign,campaign2015,2015_b14,HJ+-D,0.2,3,25,3.8485100269317627,779,0.7214377406931964,7.322700985890526,3.5625768500762636,18.38663419185244,1.0,7.436832821096665,-1.877156946630634,7.200647403500929
ossl_lucas_campaign,campaign2015,2015_b15,HJ+-D,0.2,3,25,3.8485100269317627,1380,0.813768115942029,2.690944045422262,2.3000152089454833,4.506442509276978,1.0,1.7969731448891426,-0.8184402741531424,1.6003511764522955
ossl_lucas_campaign,campaign2015,2015_b16,HJ+-D,0.2,3,25,3.8485100269317627,689,0.8345428156748912,2.467902510535045,2.092486675380615,5.311547315270549,1.0,2.031713137575887,-0.868203555162873,1.8382015796690545
ossl_lucas_campaign,campaign2015,2015_b17,HJ+-D,0.2,3,25,3.8485100269317627,279,0.5412186379928315,5.499017401767844,3.3163852798739653,26.957810549588928,1.0,8.362491324869579,-3.5189378174445225,7.59969382309669
ossl_lucas_campaign,campaign2015,2015_b18,HJ+-D,0.2,3,25,3.8485100269317627,1543,0.8353856124432922,3.0571610864446486,2.5146943649206044,5.593445916863968,1.0,2.1049955631880577,-0.6650757208872082,1.9978156320161555
ossl_lucas_campaign,campaign2015,2015_b19,HJ+-D,0.2,3,25,3.8485100269317627,645,0.8604651162790697,2.4861885637648555,2.183149783620525,3.1885283357511365,1.0,1.0460505391134314,-0.09268896231874167,1.0427445747972024
ossl_lucas_campaign,campaign2015,2015_b2,HJ+-D,0.2,3,25,3.8485100269317627,1055,0.7981042654028436,2.4189844028361063,2.1411839826781383,4.935186086683445,1.0,1.822761351691537,-0.65445058087298,1.7020279840501378
ossl_lucas_campaign,campaign2015,2015_b20,HJ+-D,0.2,3,25,3.8485100269317627,807,0.5836431226765799,3.8424336309962523,2.9980764694058135,15.600556827355318,1.0,5.024448518944666,-2.873686439559602,4.124085942408525
ossl_lucas_campaign,campaign2015,2015_b21,HJ+-D,0.2,3,25,3.8485100269317627,775,0.912258064516129,2.184960001096095,2.0155884705340834,2.548158929670141,1.0,0.8979380588469682,-0.5476804664105559,0.7120344435610516
ossl_lucas_campaign,campaign2015,2015_b22,HJ+-D,0.2,3,25,3.8485100269317627,564,0.7056737588652482,10.599080640638393,4.01427152866176,18.12867889011334,1.0,8.796790917207897,-1.171327803222896,8.726198095514457
ossl_lucas_campaign,campaign2015,2015_b23,HJ+-D,0.2,3,25,3.8485100269317627,818,0.6894865525672371,4.070579229686537,2.67784251557988,10.143494255918515,1.0,3.882780128626792,-1.0463371144270956,3.7414265960162045
ossl_lucas_campaign,campaign2015,2015_b24,HJ+-D,0.2,3,25,3.8485100269317627,1169,0.7630453378956373,4.064193412688166,3.202217068956534,9.099146735343304,1.0,3.3517151937456475,-1.4150038167195136,3.0396813717650635
ossl_lucas_campaign,campaign2015,2015_b25,HJ+-D,0.2,3,25,3.8485100269317627,76,0.8552631578947368,2.6480989259516265,2.5590548170243452,3.0626202289455557,1.0,0.8090254887376963,0.21249059062532294,0.7858084521862029
ossl_lucas_campaign,campaign2015,2015_b26,HJ+-D,0.2,3,25,3.8485100269317627,873,0.9289805269186713,2.815277258601581,2.0710843135757764,5.073809137672283,1.0,2.829154395320543,-0.27656720166009013,2.81721786321224
ossl_lucas_campaign,campaign2015,2015_b27,HJ+-D,0.2,3,25,3.8485100269317627,662,0.7915407854984894,3.0310330563577494,2.308599536870415,7.405296817391231,1.0,2.961763134642857,-1.4208727591753507,2.6006495440796518
ossl_lucas_campaign,campaign2015,2015_b28,HJ+-D,0.2,3,25,3.8485100269317627,791,0.9077117572692794,3.038173161604241,2.4166365918789814,4.443762949259197,1.0,4.078844308559447,-0.2992410360082923,4.07042648924068
ossl_lucas_campaign,campaign2015,2015_b29,HJ+-D,0.2,3,25,3.8485100269317627,711,0.7440225035161744,3.0051665846345212,2.3982901763702578,7.147596932411791,1.0,2.895145855130485,-1.3800224683399023,2.5468668238689625
ossl_lucas_campaign,campaign2015,2015_b3,HJ+-D,0.2,3,25,3.8485100269317627,1000,0.849,2.3561607560703464,2.001283222874174,4.2923391503335315,1.0,1.7058569261167036,-0.7940787313771516,1.5105192780113814
ossl_lucas_campaign,campaign2015,2015_b4,HJ+-D,0.2,3,25,3.8485100269317627,729,0.7928669410150891,12.520260341225127,2.732244105858501,19.220283658195978,1.0,10.106217943648197,1.1791094288664952,10.044089233881538
ossl_lucas_campaign,campaign2015,2015_b5,HJ+-D,0.2,3,25,3.8485100269317627,409,0.7701711491442543,2.4400617689296507,2.200891730462866,5.679722260981048,1.0,1.8586419312305578,-0.9784026448415115,1.5822132829475084
ossl_lucas_campaign,campaign2015,2015_b6,HJ+-D,0.2,3,25,3.8485100269317627,731,0.6443228454172366,13.126791378138618,3.5685970281340396,27.238091076124633,1.0,11.372136573163045,-1.4350606049198709,11.288951608109933
ossl_lucas_campaign,campaign2015,2015_b7,HJ+-D,0.2,3,25,3.8485100269317627,428,0.7757009345794392,3.258345027764651,2.7102448848205145,8.47709648111094,1.0,3.921617471926034,-1.4530487711229985,3.6467526429380777
ossl_lucas_campaign,campaign2015,2015_b8,HJ+-D,0.2,3,25,3.8485100269317627,840,0.8595238095238096,2.314888917068804,2.0328442467988985,3.8791120730170605,1.0,1.7013216986649229,-0.9300435592673291,1.4254590378641159
ossl_lucas_campaign,campaign2015,2015_b9,HJ+-D,0.2,3,25,3.8485100269317627,684,0.847953216374269,2.999174368631721,2.223356389713966,6.211009385027035,1.0,2.718948005250529,-0.48112327753272055,2.677999918701279
ossl_lucas_campaign,campaign2015,2015_b0,HCP-D,0.05,3,25,2.7322378158569336,759,1.0,inf,inf,inf,0.0,5.587635078334462,-0.10928540904522795,5.590250105706058
ossl_lucas_campaign,campaign2015,2015_b1,HCP-D,0.05,3,25,2.7322378158569336,495,1.0,inf,inf,inf,0.0,3.6786401682356202,-0.8955061908651761,3.5715868064171747
ossl_lucas_campaign,campaign2015,2015_b10,HCP-D,0.05,3,25,2.7322378158569336,746,1.0,inf,inf,inf,0.0,1.4812827253843897,-0.6912914656995124,1.3109608689771395
ossl_lucas_campaign,campaign2015,2015_b11,HCP-D,0.05,3,25,2.7322378158569336,231,1.0,inf,inf,inf,0.0,16.352927800273463,-0.23417004662593152,16.386758729161258
ossl_lucas_campaign,campaign2015,2015_b12,HCP-D,0.05,3,25,2.7322378158569336,544,1.0,inf,inf,inf,0.0,14.739294081579544,2.513644176333618,14.536740798363398
ossl_lucas_campaign,campaign2015,2015_b13,HCP-D,0.05,3,25,2.7322378158569336,570,1.0,inf,inf,inf,0.0,1.6185309930487748,-0.86683112192869,1.3680386570092116
ossl_lucas_campaign,campaign2015,2015_b14,HCP-D,0.05,3,25,2.7322378158569336,779,1.0,inf,inf,inf,0.0,7.436832821096665,-1.877156946630634,7.200647403500929
ossl_lucas_campaign,campaign2015,2015_b15,HCP-D,0.05,3,25,2.7322378158569336,1380,1.0,inf,inf,inf,0.0,1.7969731448891426,-0.8184402741531424,1.6003511764522955
ossl_lucas_campaign,campaign2015,2015_b16,HCP-D,0.05,3,25,2.7322378158569336,689,1.0,inf,inf,inf,0.0,2.031713137575887,-0.868203555162873,1.8382015796690545
ossl_lucas_campaign,campaign2015,2015_b17,HCP-D,0.05,3,25,2.7322378158569336,279,1.0,inf,inf,inf,0.0,8.362491324869579,-3.5189378174445225,7.59969382309669
ossl_lucas_campaign,campaign2015,2015_b18,HCP-D,0.05,3,25,2.7322378158569336,1543,1.0,inf,inf,inf,0.0,2.1049955631880577,-0.6650757208872082,1.9978156320161555
ossl_lucas_campaign,campaign2015,2015_b19,HCP-D,0.05,3,25,2.7322378158569336,645,1.0,inf,inf,inf,0.0,1.0460505391134314,-0.09268896231874167,1.0427445747972024
ossl_lucas_campaign,campaign2015,2015_b2,HCP-D,0.05,3,25,2.7322378158569336,1055,1.0,inf,inf,inf,0.0,1.822761351691537,-0.65445058087298,1.7020279840501378
ossl_lucas_campaign,campaign2015,2015_b20,HCP-D,0.05,3,25,2.7322378158569336,807,1.0,inf,inf,inf,0.0,5.024448518944666,-2.873686439559602,4.124085942408525
ossl_lucas_campaign,campaign2015,2015_b21,HCP-D,0.05,3,25,2.7322378158569336,775,1.0,inf,inf,inf,0.0,0.8979380588469682,-0.5476804664105559,0.7120344435610516
ossl_lucas_campaign,campaign2015,2015_b22,HCP-D,0.05,3,25,2.7322378158569336,564,1.0,inf,inf,inf,0.0,8.796790917207897,-1.171327803222896,8.726198095514457
ossl_lucas_campaign,campaign2015,2015_b23,HCP-D,0.05,3,25,2.7322378158569336,818,1.0,inf,inf,inf,0.0,3.882780128626792,-1.0463371144270956,3.7414265960162045
ossl_lucas_campaign,campaign2015,2015_b24,HCP-D,0.05,3,25,2.7322378158569336,1169,1.0,inf,inf,inf,0.0,3.3517151937456475,-1.4150038167195136,3.0396813717650635
ossl_lucas_campaign,campaign2015,2015_b25,HCP-D,0.05,3,25,2.7322378158569336,76,1.0,inf,inf,inf,0.0,0.8090254887376963,0.21249059062532294,0.7858084521862029
ossl_lucas_campaign,campaign2015,2015_b26,HCP-D,0.05,3,25,2.7322378158569336,873,1.0,inf,inf,inf,0.0,2.829154395320543,-0.27656720166009013,2.81721786321224
ossl_lucas_campaign,campaign2015,2015_b27,HCP-D,0.05,3,25,2.7322378158569336,662,1.0,inf,inf,inf,0.0,2.961763134642857,-1.4208727591753507,2.6006495440796518
ossl_lucas_campaign,campaign2015,2015_b28,HCP-D,0.05,3,25,2.7322378158569336,791,1.0,inf,inf,inf,0.0,4.078844308559447,-0.2992410360082923,4.07042648924068
ossl_lucas_campaign,campaign2015,2015_b29,HCP-D,0.05,3,25,2.7322378158569336,711,1.0,inf,inf,inf,0.0,2.895145855130485,-1.3800224683399023,2.5468668238689625
ossl_lucas_campaign,campaign2015,2015_b3,HCP-D,0.05,3,25,2.7322378158569336,1000,1.0,inf,inf,inf,0.0,1.7058569261167036,-0.7940787313771516,1.5105192780113814
ossl_lucas_campaign,campaign2015,2015_b4,HCP-D,0.05,3,25,2.7322378158569336,729,1.0,inf,inf,inf,0.0,10.106217943648197,1.1791094288664952,10.044089233881538
ossl_lucas_campaign,campaign2015,2015_b5,HCP-D,0.05,3,25,2.7322378158569336,409,1.0,inf,inf,inf,0.0,1.8586419312305578,-0.9784026448415115,1.5822132829475084
ossl_lucas_campaign,campaign2015,2015_b6,HCP-D,0.05,3,25,2.7322378158569336,731,1.0,inf,inf,inf,0.0,11.372136573163045,-1.4350606049198709,11.288951608109933
ossl_lucas_campaign,campaign2015,2015_b7,HCP-D,0.05,3,25,2.7322378158569336,428,1.0,inf,inf,inf,0.0,3.921617471926034,-1.4530487711229985,3.6467526429380777
ossl_lucas_campaign,campaign2015,2015_b8,HCP-D,0.05,3,25,2.7322378158569336,840,1.0,inf,inf,inf,0.0,1.7013216986649229,-0.9300435592673291,1.4254590378641159
ossl_lucas_campaign,campaign2015,2015_b9,HCP-D,0.05,3,25,2.7322378158569336,684,1.0,inf,inf,inf,0.0,2.718948005250529,-0.48112327753272055,2.677999918701279
ossl_lucas_campaign,campaign2015,2015_b0,HCP-D,0.1,3,25,2.6208441257476807,759,0.9881422924901185,12.015087782474692,4.75564925830412,12.7307643123709,1.0,5.587635078334462,-0.10928540904522795,5.590250105706058
ossl_lucas_campaign,campaign2015,2015_b1,HCP-D,0.1,3,25,2.6208441257476807,495,0.9777777777777777,6.302026338299328,4.532002267074122,7.2738022410215635,1.0,3.6786401682356202,-0.8955061908651761,3.5715868064171747
ossl_lucas_campaign,campaign2015,2015_b10,HCP-D,0.1,3,25,2.6208441257476807,746,0.9772117962466488,4.501825933734912,4.156351489008195,5.202975209316009,1.0,1.4812827253843897,-0.6912914656995124,1.3109608689771395
ossl_lucas_campaign,campaign2015,2015_b11,HCP-D,0.1,3,25,2.6208441257476807,231,0.9307359307359307,29.857439863412157,8.36914846339003,39.118081494660224,1.0,16.352927800273463,-0.23417004662593152,16.386758729161258
ossl_lucas_campaign,campaign2015,2015_b12,HCP-D,0.1,3,25,2.6208441257476807,544,0.9356617647058824,37.739967182646126,7.618175919156281,42.8554410520681,1.0,14.739294081579544,2.513644176333618,14.536740798363398
ossl_lucas_campaign,campaign2015,2015_b13,HCP-D,0.1,3,25,2.6208441257476807,570,0.9771929824561404,4.7147007904409595,4.325866607679398,5.1344140507784894,1.0,1.6185309930487748,-0.86683112192869,1.3680386570092116
ossl_lucas_campaign,campaign2015,2015_b14,HCP-D,0.1,3,25,2.6208441257476807,779,0.9139922978177151,14.730532690758519,6.963784973632732,22.052446912771472,1.0,7.436832821096665,-1.877156946630634,7.200647403500929
ossl_lucas_campaign,campaign2015,2015_b15,HCP-D,0.1,3,25,2.6208441257476807,1380,0.986231884057971,5.445884857528139,4.604657628173851,5.799823097207399,1.0,1.7969731448891426,-0.8184402741531424,1.6003511764522955
ossl_lucas_campaign,campaign2015,2015_b16,HCP-D,0.1,3,25,2.6208441257476807,689,0.9564586357039188,4.611541702105453,3.895340315674814,6.849370644610929,1.0,2.031713137575887,-0.868203555162873,1.8382015796690545
ossl_lucas_campaign,campaign2015,2015_b17,HCP-D,0.1,3,25,2.6208441257476807,279,0.8387096774193549,11.151140957409813,6.610155793695542,31.745044871838157,1.0,8.362491324869579,-3.5189378174445225,7.59969382309669
ossl_lucas_campaign,campaign2015,2015_b18,HCP-D,0.1,3,25,2.6208441257476807,1543,0.9766688269604666,6.133260509103076,4.880294272514362,7.590074826277146,1.0,2.1049955631880577,-0.6650757208872082,1.9978156320161555
ossl_lucas_campaign,campaign2015,2015_b19,HCP-D,0.1,3,25,2.6208441257476807,645,0.9767441860465116,4.821412814534234,4.27231255287775,4.953221587285357,1.0,1.0460505391134314,-0.09268896231874167,1.0427445747972024
ossl_lucas_campaign,campaign2015,2015_b2,HCP-D,0.1,3,25,2.6208441257476807,1055,0.9677725118483412,4.82427323989393,4.26218700411998,5.834783319444014,1.0,1.822761351691537,-0.65445058087298,1.7020279840501378
ossl_lucas_campaign,campaign2015,2015_b20,HCP-D,0.1,3,25,2.6208441257476807,807,0.9132589838909542,7.753223000751272,5.856353914575572,13.175871899680857,1.0,5.024448518944666,-2.873686439559602,4.124085942408525
ossl_lucas_campaign,campaign2015,2015_b21,HCP-D,0.1,3,25,2.6208441257476807,775,1.0,4.3754871043118,3.9949826190316635,4.3754871043118,1.0,0.8979380588469682,-0.5476804664105559,0.7120344435610516
ossl_lucas_campaign,campaign2015,2015_b22,HCP-D,0.1,3,25,2.6208441257476807,564,0.9556737588652482,21.36755226019143,7.806641547236586,23.38176768870968,1.0,8.796790917207897,-1.171327803222896,8.726198095514457
ossl_lucas_campaign,campaign2015,2015_b23,HCP-D,0.1,3,25,2.6208441257476807,818,0.921760391198044,7.960809300807879,5.025819277414497,12.289863075819653,1.0,3.882780128626792,-1.0463371144270956,3.7414265960162045
ossl_lucas_campaign,campaign2015,2015_b24,HCP-D,0.1,3,25,2.6208441257476807,1169,0.9546621043627032,8.13468358156948,6.265859368778871,9.861300099909686,1.0,3.3517151937456475,-1.4150038167195136,3.0396813717650635
ossl_lucas_campaign,campaign2015,2015_b25,HCP-D,0.1,3,25,2.6208441257476807,76,0.9473684210526315,5.378153760413569,5.093415906124714,5.44092846904596,1.0,0.8090254887376963,0.21249059062532294,0.7858084521862029
ossl_lucas_campaign,campaign2015,2015_b26,HCP-D,0.1,3,25,2.6208441257476807,873,0.9885452462772051,5.180201040394398,3.6515917356314183,7.270835608840925,1.0,2.829154395320543,-0.27656720166009013,2.81721786321224
ossl_lucas_campaign,campaign2015,2015_b27,HCP-D,0.1,3,25,2.6208441257476807,662,0.9652567975830816,5.850335069408893,4.352948531117654,8.422771302977933,1.0,2.961763134642857,-1.4208727591753507,2.6006495440796518
ossl_lucas_campaign,campaign2015,2015_b28,HCP-D,0.1,3,25,2.6208441257476807,791,0.9898862199747156,5.692367382894308,4.490602879775479,6.783119552530222,1.0,4.078844308559447,-0.2992410360082923,4.07042648924068
ossl_lucas_campaign,campaign2015,2015_b29,HCP-D,0.1,3,25,2.6208441257476807,711,0.9648382559774965,6.034846297547058,4.679829560117953,7.6282107989308825,1.0,2.895145855130485,-1.3800224683399023,2.5468668238689625
ossl_lucas_campaign,campaign2015,2015_b3,HCP-D,0.1,3,25,2.6208441257476807,1000,0.973,4.486370840975156,3.735975149879998,6.108599899536087,1.0,1.7058569261167036,-0.7940787313771516,1.5105192780113814
ossl_lucas_campaign,campaign2015,2015_b4,HCP-D,0.1,3,25,2.6208441257476807,729,0.953360768175583,27.6619155397476,5.623232146153558,31.288791089536456,1.0,10.106217943648197,1.1791094288664952,10.044089233881538
ossl_lucas_campaign,campaign2015,2015_b5,HCP-D,0.1,3,25,2.6208441257476807,409,0.9706601466992665,4.965265644001675,4.39860470865209,6.159530007503095,1.0,1.8586419312305578,-0.9784026448415115,1.5822132829475084
ossl_lucas_campaign,campaign2015,2015_b6,HCP-D,0.1,3,25,2.6208441257476807,731,0.8974008207934336,26.612421118569184,6.889122725870507,35.593884353794394,1.0,11.372136573163045,-1.4350606049198709,11.288951608109933
ossl_lucas_campaign,campaign2015,2015_b7,HCP-D,0.1,3,25,2.6208441257476807,428,0.9602803738317757,6.4750836306579,5.378138968781464,11.783796275367605,1.0,3.921617471926034,-1.4530487711229985,3.6467526429380777
ossl_lucas_campaign,campaign2015,2015_b8,HCP-D,0.1,3,25,2.6208441257476807,840,0.9880952380952381,4.639697311646312,3.9844260026294798,5.07498801170762,1.0,1.7013216986649229,-0.9300435592673291,1.4254590378641159
ossl_lucas_campaign,campaign2015,2015_b9,HCP-D,0.1,3,25,2.6208441257476807,684,0.9619883040935673,5.501092709509458,4.033838436541254,8.603063786453887,1.0,2.718948005250529,-0.48112327753272055,2.677999918701279
ossl_lucas_campaign,campaign2015,2015_b0,HCP-D,0.2,3,25,2.7454636096954346,759,0.9407114624505929,7.259050924450498,2.942077098602261,8.903209777648502,1.0,5.587635078334462,-0.10928540904522795,5.590250105706058
ossl_lucas_campaign,campaign2015,2015_b1,HCP-D,0.2,3,25,2.7454636096954346,495,0.8626262626262626,3.7964097991229364,2.739550216510811,5.7541579782125725,1.0,3.6786401682356202,-0.8955061908651761,3.5715868064171747
ossl_lucas_campaign,campaign2015,2015_b10,HCP-D,0.2,3,25,2.7454636096954346,746,0.9048257372654156,2.745213025785541,2.5414716532375903,3.880062733869438,1.0,1.4812827253843897,-0.6912914656995124,1.3109608689771395
ossl_lucas_campaign,campaign2015,2015_b11,HCP-D,0.2,3,25,2.7454636096954346,231,0.7575757575757576,17.623773440973793,5.021121820015681,31.11493195140843,1.0,16.352927800273463,-0.23417004662593152,16.386758729161258
ossl_lucas_campaign,campaign2015,2015_b12,HCP-D,0.2,3,25,2.7454636096954346,544,0.7408088235294118,22.381891683083776,4.65136959020628,33.917492809153224,1.0,14.739294081579544,2.513644176333618,14.536740798363398
ossl_lucas_campaign,campaign2015,2015_b13,HCP-D,0.2,3,25,2.7454636096954346,570,0.8789473684210526,2.838774054677609,2.61145358415381,3.9055742713622252,1.0,1.6185309930487748,-0.86683112192869,1.3680386570092116
ossl_lucas_campaign,campaign2015,2015_b14,HCP-D,0.2,3,25,2.7454636096954346,779,0.7843388960205392,8.880546458996047,4.259768141707107,17.570847533995888,1.0,7.436832821096665,-1.877156946630634,7.200647403500929
ossl_lucas_campaign,campaign2015,2015_b15,HCP-D,0.2,3,25,2.7454636096954346,1380,0.9173913043478261,3.2907512423757526,2.786199445404036,4.081857548815888,1.0,1.7969731448891426,-0.8184402741531424,1.6003511764522955
ossl_lucas_campaign,campaign2015,2015_b16,HCP-D,0.2,3,25,2.7454636096954346,689,0.8621190130624092,2.816107124456294,2.384815412417731,5.199764220545715,1.0,2.031713137575887,-0.868203555162873,1.8382015796690545
ossl_lucas_campaign,campaign2015,2015_b17,HCP-D,0.2,3,25,2.7454636096954346,279,0.6487455197132617,6.745589663340641,4.033301388487728,24.231040197191376,1.0,8.362491324869579,-3.5189378174445225,7.59969382309669
ossl_lucas_campaign,campaign2015,2015_b18,HCP-D,0.2,3,25,2.7454636096954346,1543,0.8846403110823072,3.6877321368370146,2.956962380794679,5.473222842297891,1.0,2.1049955631880577,-0.6650757208872082,1.9978156320161555
ossl_lucas_campaign,campaign2015,2015_b19,HCP-D,0.2,3,25,2.7454636096954346,645,0.9069767441860465,2.901916992346334,2.5731356389451463,3.384069866050351,1.0,1.0460505391134314,-0.09268896231874167,1.0427445747972024
ossl_lucas_campaign,campaign2015,2015_b2,HCP-D,0.2,3,25,2.7454636096954346,1055,0.8530805687203792,2.897531938897531,2.5717478015063318,4.60021692506857,1.0,1.822761351691537,-0.65445058087298,1.7020279840501378
ossl_lucas_campaign,campaign2015,2015_b20,HCP-D,0.2,3,25,2.7454636096954346,807,0.7261462205700124,4.707432230578394,3.589181388689509,12.394422038708397,1.0,5.024448518944666,-2.873686439559602,4.124085942408525
ossl_lucas_campaign,campaign2015,2015_b21,HCP-D,0.2,3,25,2.7454636096954346,775,0.9703225806451613,2.656693728604602,2.4326333706060046,2.7518555102294675,1.0,0.8979380588469682,-0.5476804664105559,0.7120344435610516
ossl_lucas_campaign,campaign2015,2015_b22,HCP-D,0.2,3,25,2.7454636096954346,564,0.7907801418439716,12.796939527366217,4.754333078299085,18.70691255616732,1.0,8.796790917207897,-1.171327803222896,8.726198095514457
ossl_lucas_campaign,campaign2015,2015_b23,HCP-D,0.2,3,25,2.7454636096954346,818,0.7322738386308069,4.825196194382784,3.067984066065107,10.049680755520559,1.0,3.882780128626792,-1.0463371144270956,3.7414265960162045
ossl_lucas_campaign,campaign2015,2015_b24,HCP-D,0.2,3,25,2.7454636096954346,1169,0.8579982891360137,4.9215695863559334,3.807985177894048,7.9863065833615625,1.0,3.3517151937456475,-1.4150038167195136,3.0396813717650635
ossl_lucas_campaign,campaign2015,2015_b25,HCP-D,0.2,3,25,2.7454636096954346,76,0.881578947368421,3.2009914209843857,3.062851463899811,3.724279677781131,1.0,0.8090254887376963,0.21249059062532294,0.7858084521862029
ossl_lucas_campaign,campaign2015,2015_b26,HCP-D,0.2,3,25,2.7454636096954346,873,0.9473081328751431,3.1499834981131256,2.2420341280592404,4.984677566729901,1.0,2.829154395320543,-0.27656720166009013,2.81721786321224
ossl_lucas_campaign,campaign2015,2015_b27,HCP-D,0.2,3,25,2.7454636096954346,662,0.8625377643504532,3.572900021464816,2.685233361928127,6.797647998335595,1.0,2.961763134642857,-1.4208727591753507,2.6006495440796518
ossl_lucas_campaign,campaign2015,2015_b28,HCP-D,0.2,3,25,2.7454636096954346,791,0.9557522123893806,3.455586499023172,2.7484789535562624,4.696453977260501,1.0,4.078844308559447,-0.2992410360082923,4.07042648924068
ossl_lucas_campaign,campaign2015,2015_b29,HCP-D,0.2,3,25,2.7454636096954346,711,0.869198312236287,3.6504349586619833,2.820930106370808,5.925497768043386,1.0,2.895145855130485,-1.3800224683399023,2.5468668238689625
ossl_lucas_campaign,campaign2015,2015_b3,HCP-D,0.2,3,25,2.7454636096954346,1000,0.893,2.7346491366054475,2.284912465315469,4.289485083455727,1.0,1.7058569261167036,-0.7940787313771516,1.5105192780113814
ossl_lucas_campaign,campaign2015,2015_b4,HCP-D,0.2,3,25,2.7454636096954346,729,0.8381344307270233,16.29970413803451,3.4216532391755745,22.987956660797746,1.0,10.106217943648197,1.1791094288664952,10.044089233881538
ossl_lucas_campaign,campaign2015,2015_b5,HCP-D,0.2,3,25,2.7454636096954346,409,0.8679706601466992,2.9823970249439418,2.6360664791480604,4.842023468932126,1.0,1.8586419312305578,-0.9784026448415115,1.5822132829475084
ossl_lucas_campaign,campaign2015,2015_b6,HCP-D,0.2,3,25,2.7454636096954346,731,0.7318741450068399,15.896732489882893,4.243927289968038,27.6430505880846,1.0,11.372136573163045,-1.4350606049198709,11.288951608109933
ossl_lucas_campaign,campaign2015,2015_b7,HCP-D,0.2,3,25,2.7454636096954346,428,0.866822429906542,3.9357499746130657,3.2949615986050285,8.132652772569271,1.0,3.921617471926034,-1.4530487711229985,3.6467526429380777
ossl_lucas_campaign,campaign2015,2015_b8,HCP-D,0.2,3,25,2.7454636096954346,840,0.944047619047619,2.820027317944141,2.433198367069137,3.5848773518370542,1.0,1.7013216986649229,-0.9300435592673291,1.4254590378641159
ossl_lucas_campaign,campaign2015,2015_b9,HCP-D,0.2,3,25,2.7454636096954346,684,0.8728070175438597,3.3578930754810714,2.4794815849702987,6.19684166738508,1.0,2.718948005250529,-0.48112327753272055,2.677999918701279
ossl_lucas_campaign,campaign2015,2015_b0,HCP-A,0.05,3,25,0.4634668827056885,759,1.0,inf,inf,inf,0.0,5.587635078334462,-0.10928540904522795,5.590250105706058
ossl_lucas_campaign,campaign2015,2015_b1,HCP-A,0.05,3,25,0.4634668827056885,495,1.0,inf,inf,inf,0.0,3.6786401682356202,-0.8955061908651761,3.5715868064171747
ossl_lucas_campaign,campaign2015,2015_b10,HCP-A,0.05,3,25,0.4634668827056885,746,1.0,inf,inf,inf,0.0,1.4812827253843897,-0.6912914656995124,1.3109608689771395
ossl_lucas_campaign,campaign2015,2015_b11,HCP-A,0.05,3,25,0.4634668827056885,231,1.0,inf,inf,inf,0.0,16.352927800273463,-0.23417004662593152,16.386758729161258
ossl_lucas_campaign,campaign2015,2015_b12,HCP-A,0.05,3,25,0.4634668827056885,544,1.0,inf,inf,inf,0.0,14.739294081579544,2.513644176333618,14.536740798363398
ossl_lucas_campaign,campaign2015,2015_b13,HCP-A,0.05,3,25,0.4634668827056885,570,1.0,inf,inf,inf,0.0,1.6185309930487748,-0.86683112192869,1.3680386570092116
ossl_lucas_campaign,campaign2015,2015_b14,HCP-A,0.05,3,25,0.4634668827056885,779,1.0,inf,inf,inf,0.0,7.436832821096665,-1.877156946630634,7.200647403500929
ossl_lucas_campaign,campaign2015,2015_b15,HCP-A,0.05,3,25,0.4634668827056885,1380,1.0,inf,inf,inf,0.0,1.7969731448891426,-0.8184402741531424,1.6003511764522955
ossl_lucas_campaign,campaign2015,2015_b16,HCP-A,0.05,3,25,0.4634668827056885,689,1.0,inf,inf,inf,0.0,2.031713137575887,-0.868203555162873,1.8382015796690545
ossl_lucas_campaign,campaign2015,2015_b17,HCP-A,0.05,3,25,0.4634668827056885,279,1.0,inf,inf,inf,0.0,8.362491324869579,-3.5189378174445225,7.59969382309669
ossl_lucas_campaign,campaign2015,2015_b18,HCP-A,0.05,3,25,0.4634668827056885,1543,1.0,inf,inf,inf,0.0,2.1049955631880577,-0.6650757208872082,1.9978156320161555
ossl_lucas_campaign,campaign2015,2015_b19,HCP-A,0.05,3,25,0.4634668827056885,645,1.0,inf,inf,inf,0.0,1.0460505391134314,-0.09268896231874167,1.0427445747972024
ossl_lucas_campaign,campaign2015,2015_b2,HCP-A,0.05,3,25,0.4634668827056885,1055,1.0,inf,inf,inf,0.0,1.822761351691537,-0.65445058087298,1.7020279840501378
ossl_lucas_campaign,campaign2015,2015_b20,HCP-A,0.05,3,25,0.4634668827056885,807,1.0,inf,inf,inf,0.0,5.024448518944666,-2.873686439559602,4.124085942408525
ossl_lucas_campaign,campaign2015,2015_b21,HCP-A,0.05,3,25,0.4634668827056885,775,1.0,inf,inf,inf,0.0,0.8979380588469682,-0.5476804664105559,0.7120344435610516
ossl_lucas_campaign,campaign2015,2015_b22,HCP-A,0.05,3,25,0.4634668827056885,564,1.0,inf,inf,inf,0.0,8.796790917207897,-1.171327803222896,8.726198095514457
ossl_lucas_campaign,campaign2015,2015_b23,HCP-A,0.05,3,25,0.4634668827056885,818,1.0,inf,inf,inf,0.0,3.882780128626792,-1.0463371144270956,3.7414265960162045
ossl_lucas_campaign,campaign2015,2015_b24,HCP-A,0.05,3,25,0.4634668827056885,1169,1.0,inf,inf,inf,0.0,3.3517151937456475,-1.4150038167195136,3.0396813717650635
ossl_lucas_campaign,campaign2015,2015_b25,HCP-A,0.05,3,25,0.4634668827056885,76,1.0,inf,inf,inf,0.0,0.8090254887376963,0.21249059062532294,0.7858084521862029
ossl_lucas_campaign,campaign2015,2015_b26,HCP-A,0.05,3,25,0.4634668827056885,873,1.0,inf,inf,inf,0.0,2.829154395320543,-0.27656720166009013,2.81721786321224
ossl_lucas_campaign,campaign2015,2015_b27,HCP-A,0.05,3,25,0.4634668827056885,662,1.0,inf,inf,inf,0.0,2.961763134642857,-1.4208727591753507,2.6006495440796518
ossl_lucas_campaign,campaign2015,2015_b28,HCP-A,0.05,3,25,0.4634668827056885,791,1.0,inf,inf,inf,0.0,4.078844308559447,-0.2992410360082923,4.07042648924068
ossl_lucas_campaign,campaign2015,2015_b29,HCP-A,0.05,3,25,0.4634668827056885,711,1.0,inf,inf,inf,0.0,2.895145855130485,-1.3800224683399023,2.5468668238689625
ossl_lucas_campaign,campaign2015,2015_b3,HCP-A,0.05,3,25,0.4634668827056885,1000,1.0,inf,inf,inf,0.0,1.7058569261167036,-0.7940787313771516,1.5105192780113814
ossl_lucas_campaign,campaign2015,2015_b4,HCP-A,0.05,3,25,0.4634668827056885,729,1.0,inf,inf,inf,0.0,10.106217943648197,1.1791094288664952,10.044089233881538
ossl_lucas_campaign,campaign2015,2015_b5,HCP-A,0.05,3,25,0.4634668827056885,409,1.0,inf,inf,inf,0.0,1.8586419312305578,-0.9784026448415115,1.5822132829475084
ossl_lucas_campaign,campaign2015,2015_b6,HCP-A,0.05,3,25,0.4634668827056885,731,1.0,inf,inf,inf,0.0,11.372136573163045,-1.4350606049198709,11.288951608109933
ossl_lucas_campaign,campaign2015,2015_b7,HCP-A,0.05,3,25,0.4634668827056885,428,1.0,inf,inf,inf,0.0,3.921617471926034,-1.4530487711229985,3.6467526429380777
ossl_lucas_campaign,campaign2015,2015_b8,HCP-A,0.05,3,25,0.4634668827056885,840,1.0,inf,inf,inf,0.0,1.7013216986649229,-0.9300435592673291,1.4254590378641159
ossl_lucas_campaign,campaign2015,2015_b9,HCP-A,0.05,3,25,0.4634668827056885,684,1.0,inf,inf,inf,0.0,2.718948005250529,-0.48112327753272055,2.677999918701279
ossl_lucas_campaign,campaign2015,2015_b0,HCP-A,0.1,3,25,0.4531674385070801,759,0.9841897233201581,10.738885754436282,5.20009400444407,12.288739595308435,1.0,5.587635078334462,-0.10928540904522795,5.590250105706058
ossl_lucas_campaign,campaign2015,2015_b1,HCP-A,0.1,3,25,0.4531674385070801,495,0.9555555555555556,5.321031716397862,3.982060770629451,7.308003803121356,1.0,3.6786401682356202,-0.8955061908651761,3.5715868064171747
ossl_lucas_campaign,campaign2015,2015_b10,HCP-A,0.1,3,25,0.4531674385070801,746,0.9718498659517426,4.280732971192396,3.9681767175270704,5.282042426328301,1.0,1.4812827253843897,-0.6912914656995124,1.3109608689771395
ossl_lucas_campaign,campaign2015,2015_b11,HCP-A,0.1,3,25,0.4531674385070801,231,0.8874458874458875,21.707791748484393,7.689045791933373,41.32194914006842,1.0,16.352927800273463,-0.23417004662593152,16.386758729161258
ossl_lucas_campaign,campaign2015,2015_b12,HCP-A,0.1,3,25,0.4531674385070801,544,0.9025735294117647,28.212578608684932,7.159030490233604,42.269446174691055,1.0,14.739294081579544,2.513644176333618,14.536740798363398
ossl_lucas_campaign,campaign2015,2015_b13,HCP-A,0.1,3,25,0.4531674385070801,570,0.9491228070175438,4.02435586905374,3.741013172225819,4.992239760694434,1.0,1.6185309930487748,-0.86683112192869,1.3680386570092116
ossl_lucas_campaign,campaign2015,2015_b14,HCP-A,0.1,3,25,0.4531674385070801,779,0.8947368421052632,12.707636067834056,7.006386246508219,21.839386027752646,1.0,7.436832821096665,-1.877156946630634,7.200647403500929
ossl_lucas_campaign,campaign2015,2015_b15,HCP-A,0.1,3,25,0.4531674385070801,1380,0.9760869565217392,4.740255474337355,4.037095891023803,5.413339083069956,1.0,1.7969731448891426,-0.8184402741531424,1.6003511764522955
ossl_lucas_campaign,campaign2015,2015_b16,HCP-A,0.1,3,25,0.4531674385070801,689,0.9593613933236574,4.470834918200587,3.8383095237682507,6.788019684842736,1.0,2.031713137575887,-0.868203555162873,1.8382015796690545
ossl_lucas_campaign,campaign2015,2015_b17,HCP-A,0.1,3,25,0.4531674385070801,279,0.8351254480286738,10.009223928903475,6.706437090146369,32.94638071802784,1.0,8.362491324869579,-3.5189378174445225,7.59969382309669
ossl_lucas_campaign,campaign2015,2015_b18,HCP-A,0.1,3,25,0.4531674385070801,1543,0.9513933895009722,5.111965400529387,4.258970743261926,7.213427555618077,1.0,2.1049955631880577,-0.6650757208872082,1.9978156320161555
ossl_lucas_campaign,campaign2015,2015_b19,HCP-A,0.1,3,25,0.4531674385070801,645,0.9596899224806201,4.087839673940443,3.6614973388936702,4.428541685707074,1.0,1.0460505391134314,-0.09268896231874167,1.0427445747972024
ossl_lucas_campaign,campaign2015,2015_b2,HCP-A,0.1,3,25,0.4531674385070801,1055,0.9355450236966825,3.9967985989339776,3.6131165699998515,6.080088547894314,1.0,1.822761351691537,-0.65445058087298,1.7020279840501378
ossl_lucas_campaign,campaign2015,2015_b20,HCP-A,0.1,3,25,0.4531674385070801,807,0.8736059479553904,7.076391599135859,5.500329842677944,14.745452252601284,1.0,5.024448518944666,-2.873686439559602,4.124085942408525
ossl_lucas_campaign,campaign2015,2015_b21,HCP-A,0.1,3,25,0.4531674385070801,775,0.9935483870967742,4.002423660448754,3.6806304073017175,4.053203177319274,1.0,0.8979380588469682,-0.5476804664105559,0.7120344435610516
ossl_lucas_campaign,campaign2015,2015_b22,HCP-A,0.1,3,25,0.4531674385070801,564,0.9361702127659575,17.452938996674035,7.3392895211241616,22.432218431570856,1.0,8.796790917207897,-1.171327803222896,8.726198095514457
ossl_lucas_campaign,campaign2015,2015_b23,HCP-A,0.1,3,25,0.4531674385070801,818,0.9095354523227384,7.183237514661561,4.947036689516674,12.193338605974125,1.0,3.882780128626792,-1.0463371144270956,3.7414265960162045
ossl_lucas_campaign,campaign2015,2015_b24,HCP-A,0.1,3,25,0.4531674385070801,1169,0.932420872540633,7.186329429474775,5.717621101855884,10.105491782145032,1.0,3.3517151937456475,-1.4150038167195136,3.0396813717650635
ossl_lucas_campaign,campaign2015,2015_b25,HCP-A,0.1,3,25,0.4531674385070801,76,0.9210526315789473,4.188432781276257,3.989243758290881,4.625534919699574,1.0,0.8090254887376963,0.21249059062532294,0.7858084521862029
ossl_lucas_campaign,campaign2015,2015_b26,HCP-A,0.1,3,25,0.4531674385070801,873,0.9851088201603666,4.827357245581204,3.673946154565257,7.33106219280042,1.0,2.829154395320543,-0.27656720166009013,2.81721786321224
ossl_lucas_campaign,campaign2015,2015_b27,HCP-A,0.1,3,25,0.4531674385070801,662,0.9531722054380665,5.714373414244342,4.52764629547102,8.867124688843735,1.0,2.961763134642857,-1.4208727591753507,2.6006495440796518
ossl_lucas_campaign,campaign2015,2015_b28,HCP-A,0.1,3,25,0.4531674385070801,791,0.9797724399494311,5.239510932997185,4.355182771023801,6.852467625365858,1.0,4.078844308559447,-0.2992410360082923,4.07042648924068
ossl_lucas_campaign,campaign2015,2015_b29,HCP-A,0.1,3,25,0.4531674385070801,711,0.9563994374120957,5.353099478544775,4.188537593939056,7.565106122344836,1.0,2.895145855130485,-1.3800224683399023,2.5468668238689625
ossl_lucas_campaign,campaign2015,2015_b3,HCP-A,0.1,3,25,0.4531674385070801,1000,0.97,4.286722784496841,3.7090463780216183,6.02854654361531,1.0,1.7058569261167036,-0.7940787313771516,1.5105192780113814
ossl_lucas_campaign,campaign2015,2015_b4,HCP-A,0.1,3,25,0.4531674385070801,729,0.9231824417009602,20.018223712341026,5.303705407037272,28.564678957580114,1.0,10.106217943648197,1.1791094288664952,10.044089233881538
ossl_lucas_campaign,campaign2015,2015_b5,HCP-A,0.1,3,25,0.4531674385070801,409,0.9437652811735942,4.09110827076137,3.547786625814748,5.910478935734578,1.0,1.8586419312305578,-0.9784026448415115,1.5822132829475084
ossl_lucas_campaign,campaign2015,2015_b6,HCP-A,0.1,3,25,0.4531674385070801,731,0.8878248974008208,21.290497767878026,7.084886666653331,33.450113380167245,1.0,11.372136573163045,-1.4350606049198709,11.288951608109933
ossl_lucas_campaign,campaign2015,2015_b7,HCP-A,0.1,3,25,0.4531674385070801,428,0.9532710280373832,6.019013851218042,5.133890464215963,11.73781839181734,1.0,3.921617471926034,-1.4530487711229985,3.6467526429380777
ossl_lucas_campaign,campaign2015,2015_b8,HCP-A,0.1,3,25,0.4531674385070801,840,0.9785714285714285,4.297527255762893,3.767663334933828,5.121986677015061,1.0,1.7013216986649229,-0.9300435592673291,1.4254590378641159
ossl_lucas_campaign,campaign2015,2015_b9,HCP-A,0.1,3,25,0.4531674385070801,684,0.9605263157894737,5.328543448962532,4.098479545940554,8.729293915071665,1.0,2.718948005250529,-0.48112327753272055,2.677999918701279
ossl_lucas_campaign,campaign2015,2015_b0,HCP-A,0.2,3,25,0.45507240295410156,759,0.932806324110672,6.338973506052489,3.0695231215711645,9.09066723688608,1.0,5.587635078334462,-0.10928540904522795,5.590250105706058
ossl_lucas_campaign,campaign2015,2015_b1,HCP-A,0.2,3,25,0.45507240295410156,495,0.806060606060606,3.1409105047213197,2.350539739570597,6.038848446090892,1.0,3.6786401682356202,-0.8955061908651761,3.5715868064171747
ossl_lucas_campaign,campaign2015,2015_b10,HCP-A,0.2,3,25,0.45507240295410156,746,0.8914209115281502,2.5268406342496172,2.34234422964665,3.898515715556718,1.0,1.4812827253843897,-0.6912914656995124,1.3109608689771395
ossl_lucas_campaign,campaign2015,2015_b11,HCP-A,0.2,3,25,0.45507240295410156,231,0.6753246753246753,12.813723873699105,4.538707150483935,33.87647032748536,1.0,16.352927800273463,-0.23417004662593152,16.386758729161258
ossl_lucas_campaign,campaign2015,2015_b12,HCP-A,0.2,3,25,0.45507240295410156,544,0.6764705882352942,16.653384012768537,4.22584853255057,37.00314101223362,1.0,14.739294081579544,2.513644176333618,14.536740798363398
ossl_lucas_campaign,campaign2015,2015_b13,HCP-A,0.2,3,25,0.45507240295410156,570,0.8070175438596491,2.375505784882766,2.208253623960606,4.042631838085427,1.0,1.6185309930487748,-0.86683112192869,1.3680386570092116
ossl_lucas_campaign,campaign2015,2015_b14,HCP-A,0.2,3,25,0.45507240295410156,779,0.7496790757381258,7.501091845146052,4.135745346898661,18.07182321492611,1.0,7.436832821096665,-1.877156946630634,7.200647403500929
ossl_lucas_campaign,campaign2015,2015_b15,HCP-A,0.2,3,25,0.45507240295410156,1380,0.8608695652173913,2.7980886053594216,2.3830259935507265,4.089415005315704,1.0,1.7969731448891426,-0.8184402741531424,1.6003511764522955
ossl_lucas_campaign,campaign2015,2015_b16,HCP-A,0.2,3,25,0.45507240295410156,689,0.8505079825834543,2.639054436788312,2.2656859320013405,5.167953221310732,1.0,2.031713137575887,-0.868203555162873,1.8382015796690545
ossl_lucas_campaign,campaign2015,2015_b17,HCP-A,0.2,3,25,0.45507240295410156,279,0.6379928315412187,5.908267091421008,3.958690687894107,25.330636880467804,1.0,8.362491324869579,-3.5189378174445225,7.59969382309669
ossl_lucas_campaign,campaign2015,2015_b18,HCP-A,0.2,3,25,0.45507240295410156,1543,0.83149708360337,3.0175023721084187,2.5139947776646414,5.528948855542392,1.0,2.1049955631880577,-0.6650757208872082,1.9978156320161555
ossl_lucas_campaign,campaign2015,2015_b19,HCP-A,0.2,3,25,0.45507240295410156,645,0.8527131782945736,2.4129791472447755,2.161316839984117,3.170680243035535,1.0,1.0460505391134314,-0.09268896231874167,1.0427445747972024
ossl_lucas_campaign,campaign2015,2015_b2,HCP-A,0.2,3,25,0.45507240295410156,1055,0.7658767772511849,2.359239217830765,2.1327585314935305,4.871939656435863,1.0,1.822761351691537,-0.65445058087298,1.7020279840501378
ossl_lucas_campaign,campaign2015,2015_b20,HCP-A,0.2,3,25,0.45507240295410156,807,0.677819083023544,4.177068263049914,3.246747003792443,13.674823751309201,1.0,5.024448518944666,-2.873686439559602,4.124085942408525
ossl_lucas_campaign,campaign2015,2015_b21,HCP-A,0.2,3,25,0.45507240295410156,775,0.944516129032258,2.362559591724988,2.1726107504047576,2.5721631497315207,1.0,0.8979380588469682,-0.5476804664105559,0.7120344435610516
ossl_lucas_campaign,campaign2015,2015_b22,HCP-A,0.2,3,25,0.45507240295410156,564,0.7411347517730497,10.302159873240457,4.332252236544712,19.237092045111478,1.0,8.796790917207897,-1.171327803222896,8.726198095514457
ossl_lucas_campaign,campaign2015,2015_b23,HCP-A,0.2,3,25,0.45507240295410156,818,0.7053789731051344,4.240137509081101,2.9201478836257486,10.391409918542445,1.0,3.882780128626792,-1.0463371144270956,3.7414265960162045
ossl_lucas_campaign,campaign2015,2015_b24,HCP-A,0.2,3,25,0.45507240295410156,1169,0.8186484174508126,4.241962611473667,3.375010174341281,8.218110802317684,1.0,3.3517151937456475,-1.4150038167195136,3.0396813717650635
ossl_lucas_campaign,campaign2015,2015_b25,HCP-A,0.2,3,25,0.45507240295410156,76,0.8157894736842105,2.472357471670082,2.354779729595754,3.3597031911684367,1.0,0.8090254887376963,0.21249059062532294,0.7858084521862029
ossl_lucas_campaign,campaign2015,2015_b26,HCP-A,0.2,3,25,0.45507240295410156,873,0.9381443298969072,2.8495032337361987,2.1686651547467832,5.084540636686477,1.0,2.829154395320543,-0.27656720166009013,2.81721786321224
ossl_lucas_campaign,campaign2015,2015_b27,HCP-A,0.2,3,25,0.45507240295410156,662,0.8489425981873112,3.3730931220328513,2.6725891836507474,7.058677533288458,1.0,2.961763134642857,-1.4208727591753507,2.6006495440796518
ossl_lucas_campaign,campaign2015,2015_b28,HCP-A,0.2,3,25,0.45507240295410156,791,0.934260429835651,3.0927902343333002,2.5707870286385544,4.703738142531838,1.0,4.078844308559447,-0.2992410360082923,4.07042648924068
ossl_lucas_campaign,campaign2015,2015_b29,HCP-A,0.2,3,25,0.45507240295410156,711,0.8241912798874824,3.159839535097092,2.4724193407231443,6.033766438980042,1.0,2.895145855130485,-1.3800224683399023,2.5468668238689625
ossl_lucas_campaign,campaign2015,2015_b3,HCP-A,0.2,3,25,0.45507240295410156,1000,0.879,2.530376314646198,2.189384193167924,4.220469919278719,1.0,1.7058569261167036,-0.7940787313771516,1.5105192780113814
ossl_lucas_campaign,campaign2015,2015_b4,HCP-A,0.2,3,25,0.45507240295410156,729,0.7736625514403292,11.81640187375497,3.1306830920729385,24.305969084403685,1.0,10.106217943648197,1.1791094288664952,10.044089233881538
ossl_lucas_campaign,campaign2015,2015_b5,HCP-A,0.2,3,25,0.45507240295410156,409,0.7775061124694377,2.4149085418880936,2.0941954258966398,4.8859521266538835,1.0,1.8586419312305578,-0.9784026448415115,1.5822132829475084
ossl_lucas_campaign,campaign2015,2015_b6,HCP-A,0.2,3,25,0.45507240295410156,731,0.6908344733242134,12.567402649338728,4.182082750507621,27.952579185351237,1.0,11.372136573163045,-1.4350606049198709,11.288951608109933
ossl_lucas_campaign,campaign2015,2015_b7,HCP-A,0.2,3,25,0.45507240295410156,428,0.8481308411214953,3.552916960651378,3.030444347747773,8.177989585427303,1.0,3.921617471926034,-1.4530487711229985,3.6467526429380777
ossl_lucas_campaign,campaign2015,2015_b8,HCP-A,0.2,3,25,0.45507240295410156,840,0.930952380952381,2.536754002114762,2.2239847416203946,3.637706826573799,1.0,1.7013216986649229,-0.9300435592673291,1.4254590378641159
ossl_lucas_campaign,campaign2015,2015_b9,HCP-A,0.2,3,25,0.45507240295410156,684,0.8654970760233918,3.145344547023365,2.419259674690431,6.344641576561679,1.0,2.718948005250529,-0.48112327753272055,2.677999918701279
ossl_lucas_campaign,campaign2015,2015_b0,ORACLE,0.05,3,25,0.03644919395446777,759,0.9512516469038208,6.928418627807541,3.543249680378734,13.547792123408026,1.0,5.587635078334462,-0.10928540904522795,5.590250105706058
ossl_lucas_campaign,campaign2015,2015_b1,ORACLE,0.05,3,25,0.03644919395446777,495,0.9494949494949495,5.816011544170763,4.447507718162888,9.279989921654366,1.0,3.6786401682356202,-0.8955061908651761,3.5715868064171747
ossl_lucas_campaign,campaign2015,2015_b10,ORACLE,0.05,3,25,0.03644919395446777,746,0.9490616621983914,3.6100549021477195,3.331025606068779,7.406796853225226,1.0,1.4812827253843897,-0.6912914656995124,1.3109608689771395
ossl_lucas_campaign,campaign2015,2015_b11,ORACLE,0.05,3,25,0.03644919395446777,231,0.961038961038961,30.560371716805502,11.067508102278161,45.120473741797234,1.0,16.352927800273463,-0.23417004662593152,16.386758729161258
ossl_lucas_campaign,campaign2015,2015_b12,ORACLE,0.05,3,25,0.03644919395446777,544,0.9558823529411765,30.87755877272738,8.409156161777434,37.93328833512708,1.0,14.739294081579544,2.513644176333618,14.536740798363398
ossl_lucas_campaign,campaign2015,2015_b13,ORACLE,0.05,3,25,0.03644919395446777,570,0.9421052631578948,4.721738540999772,4.420291316330125,6.420640072097774,1.0,1.6185309930487748,-0.86683112192869,1.3680386570092116
ossl_lucas_campaign,campaign2015,2015_b14,ORACLE,0.05,3,25,0.03644919395446777,779,0.9525032092426188,16.297916218051196,9.032321257931468,25.503410732746342,1.0,7.436832821096665,-1.877156946630634,7.200647403500929
ossl_lucas_campaign,campaign2015,2015_b15,ORACLE,0.05,3,25,0.03644919395446777,1380,0.9492753623188406,4.192056992177316,3.6160212190904857,6.4609609193668245,1.0,1.7969731448891426,-0.8184402741531424,1.6003511764522955
ossl_lucas_campaign,campaign2015,2015_b16,ORACLE,0.05,3,25,0.03644919395446777,689,0.9564586357039188,4.386098989597999,3.8727436330739735,9.548513701999754,1.0,2.031713137575887,-0.868203555162873,1.8382015796690545
ossl_lucas_campaign,campaign2015,2015_b17,ORACLE,0.05,3,25,0.03644919395446777,279,0.956989247311828,19.41377221760424,13.308348024234425,30.652801357021673,1.0,8.362491324869579,-3.5189378174445225,7.59969382309669
ossl_lucas_campaign,campaign2015,2015_b18,ORACLE,0.05,3,25,0.03644919395446777,1543,0.9513933895009722,5.073952375492008,4.314673733589496,9.256929397293455,1.0,2.1049955631880577,-0.6650757208872082,1.9978156320161555
ossl_lucas_campaign,campaign2015,2015_b19,ORACLE,0.05,3,25,0.03644919395446777,645,0.9488372093023256,3.624770060817376,3.2197300677324985,4.621678653672372,1.0,1.0460505391134314,-0.09268896231874167,1.0427445747972024
ossl_lucas_campaign,campaign2015,2015_b2,ORACLE,0.05,3,25,0.03644919395446777,1055,0.9516587677725118,4.276734096369551,3.8889999714687704,8.041395691625299,1.0,1.822761351691537,-0.65445058087298,1.7020279840501378
ossl_lucas_campaign,campaign2015,2015_b20,ORACLE,0.05,3,25,0.03644919395446777,807,0.9479553903345725,9.85524815553876,7.7729257285015825,16.903101444632856,1.0,5.024448518944666,-2.873686439559602,4.124085942408525
ossl_lucas_campaign,campaign2015,2015_b21,ORACLE,0.05,3,25,0.03644919395446777,775,0.9535483870967741,2.684773698953701,2.506959305262363,3.487742630703491,1.0,0.8979380588469682,-0.5476804664105559,0.7120344435610516
ossl_lucas_campaign,campaign2015,2015_b22,ORACLE,0.05,3,25,0.03644919395446777,564,0.9361702127659575,17.01132848737748,7.266194954293262,24.86186213738541,1.0,8.796790917207897,-1.171327803222896,8.726198095514457
ossl_lucas_campaign,campaign2015,2015_b23,ORACLE,0.05,3,25,0.03644919395446777,818,0.9547677261613692,8.657790506557347,6.20587067215173,14.817089364006046,1.0,3.882780128626792,-1.0463371144270956,3.7414265960162045
ossl_lucas_campaign,campaign2015,2015_b24,ORACLE,0.05,3,25,0.03644919395446777,1169,0.9503849443969205,8.70557106165576,7.046600831336518,12.920075607052699,1.0,3.3517151937456475,-1.4150038167195136,3.0396813717650635
ossl_lucas_campaign,campaign2015,2015_b25,ORACLE,0.05,3,25,0.03644919395446777,76,0.9868421052631579,4.697515920274666,4.664309791894162,4.743284966439706,1.0,0.8090254887376963,0.21249059062532294,0.7858084521862029
ossl_lucas_campaign,campaign2015,2015_b26,ORACLE,0.05,3,25,0.03644919395446777,873,0.9495990836197021,3.2466857547778303,2.5323407994490137,11.571753775038072,1.0,2.829154395320543,-0.27656720166009013,2.81721786321224
ossl_lucas_campaign,campaign2015,2015_b27,ORACLE,0.05,3,25,0.03644919395446777,662,0.9577039274924471,5.919666164114359,4.747733625243779,12.651469411372101,1.0,2.961763134642857,-1.4208727591753507,2.6006495440796518
ossl_lucas_campaign,campaign2015,2015_b28,ORACLE,0.05,3,25,0.03644919395446777,791,0.9329962073324906,3.4798475667212303,2.871928503901768,8.945556329935108,1.0,4.078844308559447,-0.2992410360082923,4.07042648924068
ossl_lucas_campaign,campaign2015,2015_b29,ORACLE,0.05,3,25,0.03644919395446777,711,0.9549929676511955,5.6549933624773265,4.581574120928977,10.300350234781389,1.0,2.895145855130485,-1.3800224683399023,2.5468668238689625
ossl_lucas_campaign,campaign2015,2015_b3,ORACLE,0.05,3,25,0.03644919395446777,1000,0.944,3.348992748792884,2.9413207164047606,7.926719469805938,1.0,1.7058569261167036,-0.7940787313771516,1.5105192780113814
ossl_lucas_campaign,campaign2015,2015_b4,ORACLE,0.05,3,25,0.03644919395446777,729,0.9519890260631001,19.698064984441864,5.395061642173028,28.187785093552147,1.0,10.106217943648197,1.1791094288664952,10.044089233881538
ossl_lucas_campaign,campaign2015,2015_b5,ORACLE,0.05,3,25,0.03644919395446777,409,0.9535452322738386,4.60446561440668,4.174010513320521,7.856920750602226,1.0,1.8586419312305578,-0.9784026448415115,1.5822132829475084
ossl_lucas_campaign,campaign2015,2015_b6,ORACLE,0.05,3,25,0.03644919395446777,731,0.9521203830369357,29.88428615938859,9.886455076892084,36.45109992797048,1.0,11.372136573163045,-1.4350606049198709,11.288951608109933
ossl_lucas_campaign,campaign2015,2015_b7,ORACLE,0.05,3,25,0.03644919395446777,428,0.955607476635514,5.907408475702914,5.02718313174618,16.93016039572177,1.0,3.921617471926034,-1.4530487711229985,3.6467526429380777
ossl_lucas_campaign,campaign2015,2015_b8,ORACLE,0.05,3,25,0.03644919395446777,840,0.9511904761904761,3.2766896353197885,2.9901656790013718,8.208944195357114,1.0,1.7013216986649229,-0.9300435592673291,1.4254590378641159
ossl_lucas_campaign,campaign2015,2015_b9,ORACLE,0.05,3,25,0.03644919395446777,684,0.9517543859649122,4.818620214474075,3.7612687907023625,12.30966661292285,1.0,2.718948005250529,-0.48112327753272055,2.677999918701279
ossl_lucas_campaign,campaign2015,2015_b0,ORACLE,0.1,3,25,0.036795616149902344,759,0.9011857707509882,5.265846206657674,2.709022121536001,11.477923425599588,1.0,5.587635078334462,-0.10928540904522795,5.590250105706058
ossl_lucas_campaign,campaign2015,2015_b1,ORACLE,0.1,3,25,0.036795616149902344,495,0.8949494949494949,4.680831804011532,3.5849946283985448,8.07522218695779,1.0,3.6786401682356202,-0.8955061908651761,3.5715868064171747
ossl_lucas_campaign,campaign2015,2015_b10,ORACLE,0.1,3,25,0.036795616149902344,746,0.8941018766756033,2.5788825672945803,2.391236277601876,5.639054606138148,1.0,1.4812827253843897,-0.6912914656995124,1.3109608689771395
ossl_lucas_campaign,campaign2015,2015_b11,ORACLE,0.1,3,25,0.036795616149902344,231,0.9047619047619048,23.509944478643433,8.746835242284538,37.71327791204109,1.0,16.352927800273463,-0.23417004662593152,16.386758729161258
ossl_lucas_campaign,campaign2015,2015_b12,ORACLE,0.1,3,25,0.036795616149902344,544,0.8988970588235294,23.665838086811924,6.501446034197084,32.977355702386,1.0,14.739294081579544,2.513644176333618,14.536740798363398
ossl_lucas_campaign,campaign2015,2015_b13,ORACLE,0.1,3,25,0.036795616149902344,570,0.8947368421052632,3.649319219112256,3.427930859771765,5.48221520114183,1.0,1.6185309930487748,-0.86683112192869,1.3680386570092116
ossl_lucas_campaign,campaign2015,2015_b14,ORACLE,0.1,3,25,0.036795616149902344,779,0.9024390243902439,12.477372864496388,6.894628505950038,21.55714815568496,1.0,7.436832821096665,-1.877156946630634,7.200647403500929
ossl_lucas_campaign,campaign2015,2015_b15,ORACLE,0.1,3,25,0.036795616149902344,1380,0.8978260869565218,3.4350588455430096,2.9654815860224133,5.550370347061061,1.0,1.7969731448891426,-0.8184402741531424,1.6003511764522955
ossl_lucas_campaign,campaign2015,2015_b16,ORACLE,0.1,3,25,0.036795616149902344,689,0.8969521044992743,3.145002632363537,2.7012441086477392,7.147038938381896,1.0,2.031713137575887,-0.868203555162873,1.8382015796690545
ossl_lucas_campaign,campaign2015,2015_b17,ORACLE,0.1,3,25,0.036795616149902344,279,0.8960573476702509,14.159794459571266,9.765898811770391,28.304748742665435,1.0,8.362491324869579,-3.5189378174445225,7.59969382309669
ossl_lucas_campaign,campaign2015,2015_b18,ORACLE,0.1,3,25,0.036795616149902344,1543,0.9008425145819832,3.820982395191142,3.250895188426359,7.359309807045864,1.0,2.1049955631880577,-0.6650757208872082,1.9978156320161555
ossl_lucas_campaign,campaign2015,2015_b19,ORACLE,0.1,3,25,0.036795616149902344,645,0.9131782945736434,2.9287349961423064,2.6263986127865877,3.87111759513523,1.0,1.0460505391134314,-0.09268896231874167,1.0427445747972024
ossl_lucas_campaign,campaign2015,2015_b2,ORACLE,0.1,3,25,0.036795616149902344,1055,0.8985781990521327,3.37482707457983,3.0834795841019007,6.549940739097289,1.0,1.822761351691537,-0.65445058087298,1.7020279840501378
ossl_lucas_campaign,campaign2015,2015_b20,ORACLE,0.1,3,25,0.036795616149902344,807,0.9083023543990086,8.023886506950973,6.327811079228611,14.288188597696186,1.0,5.024448518944666,-2.873686439559602,4.124085942408525
ossl_lucas_campaign,campaign2015,2015_b21,ORACLE,0.1,3,25,0.036795616149902344,775,0.9070967741935484,2.1750850820015857,2.017620164865442,3.042238026444467,1.0,0.8979380588469682,-0.5476804664105559,0.7120344435610516
ossl_lucas_campaign,campaign2015,2015_b22,ORACLE,0.1,3,25,0.036795616149902344,564,0.9042553191489362,14.846506512914043,6.320252330489099,20.768552917470902,1.0,8.796790917207897,-1.171327803222896,8.726198095514457
ossl_lucas_campaign,campaign2015,2015_b23,ORACLE,0.1,3,25,0.036795616149902344,818,0.8960880195599022,6.5506192200724715,4.650943990076602,12.170435607684334,1.0,3.882780128626792,-1.0463371144270956,3.7414265960162045
ossl_lucas_campaign,campaign2015,2015_b24,ORACLE,0.1,3,25,0.036795616149902344,1169,0.9024807527801539,6.19624466552504,5.010947690768182,11.4380932013088,1.0,3.3517151937456475,-1.4150038167195136,3.0396813717650635
ossl_lucas_campaign,campaign2015,2015_b25,ORACLE,0.1,3,25,0.036795616149902344,76,0.9473684210526315,3.8863418680835853,3.8221618514760154,4.119257910842574,1.0,0.8090254887376963,0.21249059062532294,0.7858084521862029
ossl_lucas_campaign,campaign2015,2015_b26,ORACLE,0.1,3,25,0.036795616149902344,873,0.8946162657502864,2.413954472952575,1.8832274773389028,7.7455592422512325,1.0,2.829154395320543,-0.27656720166009013,2.81721786321224
ossl_lucas_campaign,campaign2015,2015_b27,ORACLE,0.1,3,25,0.036795616149902344,662,0.9033232628398792,4.38406007897709,3.49945164308974,10.022632285645416,1.0,2.961763134642857,-1.4208727591753507,2.6006495440796518
ossl_lucas_campaign,campaign2015,2015_b28,ORACLE,0.1,3,25,0.036795616149902344,791,0.877370417193426,2.7924753156659525,2.299592650435404,6.5188999309943,1.0,4.078844308559447,-0.2992410360082923,4.07042648924068
ossl_lucas_campaign,campaign2015,2015_b29,ORACLE,0.1,3,25,0.036795616149902344,711,0.8973277074542897,4.408689939724499,3.5948563358252943,8.335448705433034,1.0,2.895145855130485,-1.3800224683399023,2.5468668238689625
ossl_lucas_campaign,campaign2015,2015_b3,ORACLE,0.1,3,25,0.036795616149902344,1000,0.896,2.668750218534331,2.344917059410097,5.8576235911886725,1.0,1.7058569261167036,-0.7940787313771516,1.5105192780113814
ossl_lucas_campaign,campaign2015,2015_b4,ORACLE,0.1,3,25,0.036795616149902344,729,0.9012345679012346,16.496864616157044,4.52387407501454,22.707725367999352,1.0,10.106217943648197,1.1791094288664952,10.044089233881538
ossl_lucas_campaign,campaign2015,2015_b5,ORACLE,0.1,3,25,0.036795616149902344,409,0.9046454767726161,3.6759199566690133,3.3366792753589025,6.537859404492866,1.0,1.8586419312305578,-0.9784026448415115,1.5822132829475084
ossl_lucas_campaign,campaign2015,2015_b6,ORACLE,0.1,3,25,0.036795616149902344,731,0.9042407660738714,21.985051942707994,7.369742012868041,31.702862912082633,1.0,11.372136573163045,-1.4350606049198709,11.288951608109933
ossl_lucas_campaign,campaign2015,2015_b7,ORACLE,0.1,3,25,0.036795616149902344,428,0.9018691588785047,4.41611644024477,3.767453191058284,12.014753154319955,1.0,3.921617471926034,-1.4530487711229985,3.6467526429380777
ossl_lucas_campaign,campaign2015,2015_b8,ORACLE,0.1,3,25,0.036795616149902344,840,0.9071428571428571,2.536191357217541,2.28480917669552,5.643684846282752,1.0,1.7013216986649229,-0.9300435592673291,1.4254590378641159
ossl_lucas_campaign,campaign2015,2015_b9,ORACLE,0.1,3,25,0.036795616149902344,684,0.8903508771929824,3.5844700357782546,2.8088087390676235,9.133433477789373,1.0,2.718948005250529,-0.48112327753272055,2.677999918701279
ossl_lucas_campaign,campaign2015,2015_b0,ORACLE,0.2,3,25,0.03574013710021973,759,0.7997364953886693,3.534414457366939,1.8109395955680605,9.054221529542318,1.0,5.587635078334462,-0.10928540904522795,5.590250105706058
ossl_lucas_campaign,campaign2015,2015_b1,ORACLE,0.2,3,25,0.03574013710021973,495,0.8121212121212121,3.701627316283935,2.850434720965539,6.593057359139256,1.0,3.6786401682356202,-0.8955061908651761,3.5715868064171747
ossl_lucas_campaign,campaign2015,2015_b10,ORACLE,0.2,3,25,0.03574013710021973,746,0.8042895442359249,1.9715436905100838,1.8419467598546055,4.151257887495971,1.0,1.4812827253843897,-0.6912914656995124,1.3109608689771395
ossl_lucas_campaign,campaign2015,2015_b11,ORACLE,0.2,3,25,0.03574013710021973,231,0.8008658008658008,16.01901836848167,5.8485768254117865,29.809261227717254,1.0,16.352927800273463,-0.23417004662593152,16.386758729161258
ossl_lucas_campaign,campaign2015,2015_b12,ORACLE,0.2,3,25,0.03574013710021973,544,0.8051470588235294,18.161327695755606,4.945790962821815,27.522083684637323,1.0,14.739294081579544,2.513644176333618,14.536740798363398
ossl_lucas_campaign,campaign2015,2015_b13,ORACLE,0.2,3,25,0.03574013710021973,570,0.8105263157894737,2.819036874645952,2.6334298819742044,4.585568093882579,1.0,1.6185309930487748,-0.86683112192869,1.3680386570092116
ossl_lucas_campaign,campaign2015,2015_b14,ORACLE,0.2,3,25,0.03574013710021973,779,0.8010269576379975,8.743322132465854,4.786965895338954,17.391111611126064,1.0,7.436832821096665,-1.877156946630634,7.200647403500929
ossl_lucas_campaign,campaign2015,2015_b15,ORACLE,0.2,3,25,0.03574013710021973,1380,0.7963768115942029,2.5949241722073944,2.2366879875862193,4.689669460275087,1.0,1.7969731448891426,-0.8184402741531424,1.6003511764522955
ossl_lucas_campaign,campaign2015,2015_b16,ORACLE,0.2,3,25,0.03574013710021973,689,0.8040638606676342,2.2904085011733484,1.970052700725883,5.365539546847003,1.0,2.031713137575887,-0.868203555162873,1.8382015796690545
ossl_lucas_campaign,campaign2015,2015_b17,ORACLE,0.2,3,25,0.03574013710021973,279,0.7921146953405018,9.050049978705681,6.215836977781053,22.24139466194411,1.0,8.362491324869579,-3.5189378174445225,7.59969382309669
ossl_lucas_campaign,campaign2015,2015_b18,ORACLE,0.2,3,25,0.03574013710021973,1543,0.8088139987038238,2.7664467772367147,2.3666970159272225,5.696875078736245,1.0,2.1049955631880577,-0.6650757208872082,1.9978156320161555
ossl_lucas_campaign,campaign2015,2015_b19,ORACLE,0.2,3,25,0.03574013710021973,645,0.8046511627906977,2.2023001454017037,1.9652707547230535,3.163082170988875,1.0,1.0460505391134314,-0.09268896231874167,1.0427445747972024
ossl_lucas_campaign,campaign2015,2015_b2,ORACLE,0.2,3,25,0.03574013710021973,1055,0.7962085308056872,2.441369438072689,2.229042554220261,5.132457571390549,1.0,1.822761351691537,-0.65445058087298,1.7020279840501378
ossl_lucas_campaign,campaign2015,2015_b20,ORACLE,0.2,3,25,0.03574013710021973,807,0.7992565055762082,6.072389295848199,4.805571366930474,12.118506063992527,1.0,5.024448518944666,-2.873686439559602,4.124085942408525
ossl_lucas_campaign,campaign2015,2015_b21,ORACLE,0.2,3,25,0.03574013710021973,775,0.8090322580645162,1.7872732848732977,1.6574041008485256,2.5726633307689184,1.0,0.8979380588469682,-0.5476804664105559,0.7120344435610516
ossl_lucas_campaign,campaign2015,2015_b22,ORACLE,0.2,3,25,0.03574013710021973,564,0.799645390070922,11.441488531226138,4.9368366266865475,17.208676482031958,1.0,8.796790917207897,-1.171327803222896,8.726198095514457
ossl_lucas_campaign,campaign2015,2015_b23,ORACLE,0.2,3,25,0.03574013710021973,818,0.8007334963325183,4.769203860825297,3.4029279816579256,9.529438224793616,1.0,3.882780128626792,-1.0463371144270956,3.7414265960162045
ossl_lucas_campaign,campaign2015,2015_b24,ORACLE,0.2,3,25,0.03574013710021973,1169,0.7972626176218991,4.321391151849309,3.4949160135296404,9.007919025091164,1.0,3.3517151937456475,-1.4150038167195136,3.0396813717650635
ossl_lucas_campaign,campaign2015,2015_b25,ORACLE,0.2,3,25,0.03574013710021973,76,0.8157894736842105,2.4840232684260974,2.3821741018552354,3.2398876831143317,1.0,0.8090254887376963,0.21249059062532294,0.7858084521862029
ossl_lucas_campaign,campaign2015,2015_b26,ORACLE,0.2,3,25,0.03574013710021973,873,0.8029782359679267,1.7001904489065915,1.3267196276039706,5.169303542341939,1.0,2.829154395320543,-0.27656720166009013,2.81721786321224
ossl_lucas_campaign,campaign2015,2015_b27,ORACLE,0.2,3,25,0.03574013710021973,662,0.8036253776435045,2.986235038492349,2.3943807192014344,7.585774212360473,1.0,2.961763134642857,-1.4208727591753507,2.6006495440796518
ossl_lucas_campaign,campaign2015,2015_b28,ORACLE,0.2,3,25,0.03574013710021973,791,0.8103666245259166,2.174234745059816,1.7923394536474548,4.718625899053155,1.0,4.078844308559447,-0.2992410360082923,4.07042648924068
ossl_lucas_campaign,campaign2015,2015_b29,ORACLE,0.2,3,25,0.03574013710021973,711,0.8030942334739803,3.418466144780948,2.7661680868136047,6.6772804726484685,1.0,2.895145855130485,-1.3800224683399023,2.5468668238689625
ossl_lucas_campaign,campaign2015,2015_b3,ORACLE,0.2,3,25,0.03574013710021973,1000,0.807,2.1217646408468163,1.860681035642907,4.354801055599531,1.0,1.7058569261167036,-0.7940787313771516,1.5105192780113814
ossl_lucas_campaign,campaign2015,2015_b4,ORACLE,0.2,3,25,0.03574013710021973,729,0.7983539094650206,11.23952564610041,3.102462637867556,18.861346324486348,1.0,10.106217943648197,1.1791094288664952,10.044089233881538
ossl_lucas_campaign,campaign2015,2015_b5,ORACLE,0.2,3,25,0.03574013710021973,409,0.7872860635696821,2.6542502044557343,2.341576100100041,5.374577242486524,1.0,1.8586419312305578,-0.9784026448415115,1.5822132829475084
ossl_lucas_campaign,campaign2015,2015_b6,ORACLE,0.2,3,25,0.03574013710021973,731,0.7948016415868673,15.366053026034542,5.184642648839609,25.620344436646015,1.0,11.372136573163045,-1.4350606049198709,11.288951608109933
ossl_lucas_campaign,campaign2015,2015_b7,ORACLE,0.2,3,25,0.03574013710021973,428,0.8037383177570093,3.26701753299383,2.8154099686086944,8.4383666570917,1.0,3.921617471926034,-1.4530487711229985,3.6467526429380777
ossl_lucas_campaign,campaign2015,2015_b8,ORACLE,0.2,3,25,0.03574013710021973,840,0.7916666666666666,2.024610662831422,1.8348602552613427,4.148760691262529,1.0,1.7013216986649229,-0.9300435592673291,1.4254590378641159
ossl_lucas_campaign,campaign2015,2015_b9,ORACLE,0.2,3,25,0.03574013710021973,684,0.7923976608187134,2.587095217386301,2.0135483559208947,6.436603290273612,1.0,2.718948005250529,-0.48112327753272055,2.677999918701279
