task,fold,group,method,alpha,seed,A,time_s,n,coverage,width_mean,width_median,interval_score,finite_frac,rmse,bias,sep
mango_instrument,inst14002,14002,ASTM-R,0.05,1,14,2.9010119438171387,3364,0.933115338882283,4.648301050069655,4.648248383754606,5.93078171772397,1.0,1.2519828069048706,-0.5818561850329316,1.1087243786411596
mango_instrument,inst14002,14002,ASTM-R,0.1,1,14,0.0008795261383056641,3364,0.8864447086801427,3.9009598939633796,3.90091569519472,5.213931255511579,1.0,1.2519828069048706,-0.5818561850329316,1.1087243786411596
mango_instrument,inst14002,14002,ASTM-R,0.2,1,14,0.0006544589996337891,3364,0.7904280618311534,3.039334566942646,3.039300130586196,4.368434868659343,1.0,1.2519828069048706,-0.5818561850329316,1.1087243786411596
mango_instrument,inst14002,14002,ASTM-G,0.05,1,14,0.0010287761688232422,3364,0.9791914387633769,5.83056826217782,5.830502200504596,6.1079979590162115,1.0,1.2519828069048706,-0.5818561850329316,1.1087243786411596
mango_instrument,inst14002,14002,ASTM-G,0.1,1,14,0.0008757114410400391,3364,0.9441141498216409,4.893145410500166,4.89308997004246,5.3840200087069965,1.0,1.2519828069048706,-0.5818561850329316,1.1087243786411596
mango_instrument,inst14002,14002,ASTM-G,0.2,1,14,0.0007402896881103516,3364,0.8793103448275862,3.8123709013834666,3.8123277063483743,4.520489849746665,1.0,1.2519828069048706,-0.5818561850329316,1.1087243786411596
mango_instrument,inst14002,14002,GPR,0.05,1,14,10.550244808197021,3364,0.9616527942925089,4.874320900324758,4.6675230060659265,5.4783620178536605,1.0,1.2519828069048706,-0.5818561850329316,1.1087243786411596
mango_instrument,inst14002,14002,GPR,0.1,1,14,0.00019097328186035156,3364,0.9218192627824019,4.090659050403942,3.9171087866742793,4.871831473803734,1.0,1.2519828069048706,-0.5818561850329316,1.1087243786411596
mango_instrument,inst14002,14002,GPR,0.2,1,14,0.00013685226440429688,3364,0.8403686087990487,3.1871471261977677,3.0519292511606793,4.129407210859799,1.0,1.2519828069048706,-0.5818561850329316,1.1087243786411596
mango_instrument,inst14002,14002,BAG,0.05,1,14,12.837682247161865,3364,0.9357907253269917,4.649848337027823,4.649010227476939,5.834615172198154,1.0,1.2519828069048706,-0.5818561850329316,1.1087243786411596
mango_instrument,inst14002,14002,BAG,0.1,1,14,0.00014901161193847656,3364,0.8897146254458977,3.9022757368316245,3.901572373124215,5.142362846201721,1.0,1.2519828069048706,-0.5818561850329316,1.1087243786411596
mango_instrument,inst14002,14002,BAG,0.2,1,14,0.00010466575622558594,3364,0.7951843043995244,3.0403724062620308,3.0398243958825013,4.3155676688359925,1.0,1.2519828069048706,-0.5818561850329316,1.1087243786411596
mango_instrument,inst14002,14002,QGB,0.05,1,14,4.249681234359741,3364,0.8763376932223543,4.667920334205406,4.48669656709465,7.791349502112436,1.0,1.2519828069048706,-0.5818561850329316,1.1087243786411596
mango_instrument,inst14002,14002,QGB,0.1,1,14,3.8198070526123047,3364,0.762782401902497,3.479716835720919,3.3092213266603903,6.622524812200257,1.0,1.2519828069048706,-0.5818561850329316,1.1087243786411596
mango_instrument,inst14002,14002,QGB,0.2,1,14,4.120605707168579,3364,0.56064209274673,2.345558850707333,2.2626212487444484,5.609593658961331,1.0,1.2519828069048706,-0.5818561850329316,1.1087243786411596
mango_instrument,inst14002,14002,SCP,0.05,1,14,0.0005121231079101562,3364,0.9375743162901308,4.8130425957353395,4.8130425957353395,5.950670627287939,1.0,1.2519828069048706,-0.5818561850329316,1.1087243786411596
mango_instrument,inst14002,14002,SCP,0.1,1,14,0.0005178451538085938,3364,0.8861474435196195,3.91806586821485,3.9180658682148497,5.25793974699738,1.0,1.2519828069048706,-0.5818561850329316,1.1087243786411596
mango_instrument,inst14002,14002,SCP,0.2,1,14,0.0003864765167236328,3364,0.7824019024970273,2.99166052593327,2.99166052593327,4.39804283901367,1.0,1.2519828069048706,-0.5818561850329316,1.1087243786411596
mango_instrument,inst14002,14002,NCP-kNN,0.05,1,14,8.242984533309937,3364,0.9063614744351962,4.31130234226183,4.273354843771046,6.147048969384016,1.0,1.2519828069048706,-0.5818561850329316,1.1087243786411596
mango_instrument,inst14002,14002,NCP-kNN,0.1,1,14,0.0003292560577392578,3364,0.8403686087990487,3.5870446971531367,3.5554720162262434,5.317819887545778,1.0,1.2519828069048706,-0.5818561850329316,1.1087243786411596
mango_instrument,inst14002,14002,NCP-kNN,0.2,1,14,0.0002474784851074219,3364,0.7387039239001189,2.844704250626248,2.81966554962883,4.43269818460101,1.0,1.2519828069048706,-0.5818561850329316,1.1087243786411596
mango_instrument,inst14002,14002,CV+,0.05,1,14,0.14814162254333496,3364,0.9354934601664685,4.7004209141819215,4.700344033450082,5.913275628461553,1.0,1.2519828069048706,-0.5818561850329316,1.1087243786411596
mango_instrument,inst14002,14002,CV+,0.1,1,14,0.14063763618469238,3364,0.8825802615933412,3.8474623936556163,3.8474158494610924,5.220761571646863,1.0,1.2519828069048706,-0.5818561850329316,1.1087243786411596
mango_instrument,inst14002,14002,CV+,0.2,1,14,0.15323543548583984,3364,0.772294887039239,2.939234994182972,2.939204436299816,4.37592594922358,1.0,1.2519828069048706,-0.5818561850329316,1.1087243786411596
mango_instrument,inst14002,14002,CQR,0.05,1,14,0.0003497600555419922,3364,0.9253864447086801,5.328743087740699,5.147519320629942,7.159809643479038,1.0,1.2519828069048706,-0.5818561850329316,1.1087243786411596
mango_instrument,inst14002,14002,CQR,0.1,1,14,0.0002789497375488281,3364,0.8362068965517241,4.033743494445017,3.863247985384488,6.076012521863572,1.0,1.2519828069048706,-0.5818561850329316,1.1087243786411596
mango_instrument,inst14002,14002,CQR,0.2,1,14,0.00030112266540527344,3364,0.6539833531510107,2.7355568016726988,2.6526191997098145,5.2372868626967275,1.0,1.2519828069048706,-0.5818561850329316,1.1087243786411596
mango_instrument,inst14002,14002,WCP,0.05,1,14,0.03673124313354492,3364,0.995243757431629,inf,12.480765726752871,inf,0.5029726516052319,1.2519828069048706,-0.5818561850329316,1.1087243786411596
mango_instrument,inst14002,14002,WCP,0.1,1,14,0.0044744014739990234,3364,0.9833531510107015,inf,4.7131737999248315,inf,0.6150416171224733,1.2519828069048706,-0.5818561850329316,1.1087243786411596
mango_instrument,inst14002,14002,WCP,0.2,1,14,0.005364894866943359,3364,0.9087395957193817,inf,3.5016626544273706,inf,0.7517835909631391,1.2519828069048706,-0.5818561850329316,1.1087243786411596
mango_instrument,inst14002,14002,R-U-A,0.05,1,14,0.002835512161254883,3364,0.9354934601664685,4.6993736110181885,4.6993736110181885,5.915231766368399,1.0,1.2519828069048706,-0.5818561850329316,1.1087243786411596
mango_instrument,inst14002,14002,R-U-A,0.1,1,14,0.0026521682739257812,3364,0.8816884661117717,3.845625348318936,3.8456253483189364,5.222480519771439,1.0,1.2519828069048706,-0.5818561850329316,1.1087243786411596
mango_instrument,inst14002,14002,R-U-A,0.2,1,14,0.002371072769165039,3364,0.772294887039239,2.9389838865759255,2.938983886575926,4.377383150439601,1.0,1.2519828069048706,-0.5818561850329316,1.1087243786411596
mango_instrument,inst14002,14002,R-U-D,0.05,1,14,0.09279799461364746,3364,0.9571938168846611,5.096292454239812,5.154769617491581,5.698370182397379,1.0,1.2519828069048706,-0.5818561850329316,1.1087243786411596
mango_instrument,inst14002,14002,R-U-D,0.1,1,14,0.004278898239135742,3364,0.9081450653983353,4.215161441385985,4.26352810910644,5.099768358167739,1.0,1.2519828069048706,-0.5818561850329316,1.1087243786411596
mango_instrument,inst14002,14002,R-U-D,0.2,1,14,0.004153251647949219,3364,0.8156956004756243,3.227276603771053,3.2643078343199052,4.331855126817052,1.0,1.2519828069048706,-0.5818561850329316,1.1087243786411596
mango_instrument,inst14002,14002,G-U-A,0.05,1,14,0.002895832061767578,3364,0.977705112960761,5.735785339476997,5.7357853394769975,6.0543370719005365,1.0,1.2519828069048706,-0.5818561850329316,1.1087243786411596
mango_instrument,inst14002,14002,G-U-A,0.1,1,14,0.0024330615997314453,3364,0.9334126040428062,4.658244944940361,4.6582449449403605,5.2930493157321425,1.0,1.2519828069048706,-0.5818561850329316,1.1087243786411596
mango_instrument,inst14002,14002,G-U-A,0.2,1,14,0.0026297569274902344,3364,0.8489892984542212,3.4975355143736775,3.497535514373677,4.416986466876276,1.0,1.2519828069048706,-0.5818561850329316,1.1087243786411596
mango_instrument,inst14002,14002,G-W-A,0.05,1,14,0.011183023452758789,3364,0.9821640903686087,5.920978966537331,5.92097896653733,6.164236395117933,1.0,1.2519828069048706,-0.5818561850329316,1.1087243786411596
mango_instrument,inst14002,14002,G-W-A,0.1,1,14,0.010689020156860352,3364,0.942627824019025,4.859247745069716,4.859247745069716,5.369521217363956,1.0,1.2519828069048706,-0.5818561850329316,1.1087243786411596
mango_instrument,inst14002,14002,G-W-A,0.2,1,14,0.010822534561157227,3364,0.8703923900118906,3.703216935804608,3.7032169358046083,4.479632846244927,1.0,1.2519828069048706,-0.5818561850329316,1.1087243786411596
mango_instrument,inst14002,14002,G-U-D,0.05,1,14,0.08341741561889648,3364,0.9785969084423306,5.564667362153099,5.689012264712796,5.828505434471127,1.0,1.2519828069048706,-0.5818561850329316,1.1087243786411596
mango_instrument,inst14002,14002,G-U-D,0.1,1,14,0.005606412887573242,3364,0.9310344827586207,4.577736129281164,4.680027625950109,5.153335484480089,1.0,1.2519828069048706,-0.5818561850329316,1.1087243786411596
mango_instrument,inst14002,14002,G-U-D,0.2,1,14,0.0049898624420166016,3364,0.8466111771700356,3.5043723110314278,3.5826790282508183,4.37942079795448,1.0,1.2519828069048706,-0.5818561850329316,1.1087243786411596
mango_instrument,inst14002,14002,GC-D,0.05,1,14,0.013021707534790039,3364,0.9839476813317479,5.799668339323977,5.929264440509937,5.976855374783553,1.0,1.2519828069048706,-0.5818561850329316,1.1087243786411596
mango_instrument,inst14002,14002,GC-D,0.1,1,14,0.012729167938232422,3364,0.9423305588585018,4.816241186075713,4.923862181547912,5.238098410474243,1.0,1.2519828069048706,-0.5818561850329316,1.1087243786411596
mango_instrument,inst14002,14002,GC-D,0.2,1,14,0.013021469116210938,3364,0.8703923900118906,3.7790431213149933,3.863487476764658,4.461346949427434,1.0,1.2519828069048706,-0.5818561850329316,1.1087243786411596
mango_instrument,inst14002,14002,GC-D+,0.05,1,14,0.012649297714233398,3364,0.9994054696789536,7.1335577742231795,7.292960212610178,7.139837236354628,1.0,1.2519828069048706,-0.5818561850329316,1.1087243786411596
mango_instrument,inst14002,14002,GC-D+,0.1,1,14,0.012460470199584961,3364,0.9696789536266349,5.3432786734284665,5.462676549843435,5.533899136641049,1.0,1.2519828069048706,-0.5818561850329316,1.1087243786411596
mango_instrument,inst14002,14002,GC-D+,0.2,1,14,0.012402534484863281,3364,0.888525564803805,4.025402646321222,4.11535201206852,4.559274847850284,1.0,1.2519828069048706,-0.5818561850329316,1.1087243786411596
mango_instrument,inst14002,14002,HJ+,0.05,1,14,0.6344444751739502,3364,1.0,7.7213820382900105,7.716625864399287,7.7213820382900105,1.0,1.2519828069048706,-0.5818561850329316,1.1087243786411596
mango_instrument,inst14002,14002,HJ+,0.1,1,14,0.757601261138916,3364,0.9791914387633769,5.586024677926024,5.581035718970421,5.720669628826136,1.0,1.2519828069048706,-0.5818561850329316,1.1087243786411596
mango_instrument,inst14002,14002,HJ+,0.2,1,14,0.8070940971374512,3364,0.9057669441141498,4.074339365615956,4.074052178584982,4.5519256654617575,1.0,1.2519828069048706,-0.5818561850329316,1.1087243786411596
mango_instrument,inst14002,14002,HJ+-D,0.05,1,14,0.5733425617218018,3364,1.0,7.378113647429784,7.538493023472361,7.378113647429784,1.0,1.2519828069048706,-0.5818561850329316,1.1087243786411596
mango_instrument,inst14002,14002,HJ+-D,0.1,1,14,0.6927921772003174,3364,0.9812722948870393,5.54556009063601,5.668006556379211,5.653568980143999,1.0,1.2519828069048706,-0.5818561850329316,1.1087243786411596
mango_instrument,inst14002,14002,HJ+-D,0.2,1,14,0.8347842693328857,3364,0.9099286563614745,4.149327488569778,4.240608459864413,4.54718375628302,1.0,1.2519828069048706,-0.5818561850329316,1.1087243786411596
mango_instrument,inst14002,14002,HCP-D,0.05,1,14,0.3276348114013672,3364,1.0,inf,inf,inf,0.0,1.2519828069048706,-0.5818561850329316,1.1087243786411596
mango_instrument,inst14002,14002,HCP-D,0.1,1,14,0.267547607421875,3364,0.9970273483947681,6.888601948046835,6.8310834743266495,6.906387434705428,1.0,1.2519828069048706,-0.5818561850329316,1.1087243786411596
mango_instrument,inst14002,14002,HCP-D,0.2,1,14,0.26584672927856445,3364,0.9444114149821641,4.992806610901324,4.951117656015418,5.216221159999728,1.0,1.2519828069048706,-0.5818561850329316,1.1087243786411596
mango_instrument,inst14002,14002,HCP-A,0.05,1,14,0.25687360763549805,3364,1.0,inf,inf,inf,0.0,1.2519828069048706,-0.5818561850329316,1.1087243786411596
mango_instrument,inst14002,14002,HCP-A,0.1,1,14,0.17922544479370117,3364,0.9982164090368609,7.0190903672807465,7.0190903672807465,7.025830237022415,1.0,1.2519828069048706,-0.5818561850329316,1.1087243786411596
mango_instrument,inst14002,14002,HCP-A,0.2,1,14,0.15489673614501953,3364,0.9527348394768134,5.083492334404149,5.0834923344041485,5.2553037016088355,1.0,1.2519828069048706,-0.5818561850329316,1.1087243786411596
mango_instrument,inst14002,14002,ORACLE,0.05,1,14,0.0020530223846435547,3364,0.950653983353151,5.066979529467722,4.910338311439888,5.894327315768117,1.0,1.2519828069048706,-0.5818561850329316,1.1087243786411596
mango_instrument,inst14002,14002,ORACLE,0.1,1,14,0.0018739700317382812,3364,0.8989298454221165,4.100082733444284,4.1112668606334974,5.201331988629211,1.0,1.2519828069048706,-0.5818561850329316,1.1087243786411596
mango_instrument,inst14002,14002,ORACLE,0.2,1,14,0.0018036365509033203,3364,0.8011296076099881,3.111136214436063,3.116194864770227,4.366858523793507,1.0,1.2519828069048706,-0.5818561850329316,1.1087243786411596
mango_instrument,inst15006,15006,ASTM-R,0.05,1,16,0.8346478939056396,15040,0.9031914893617021,3.899150133718482,3.8986223910949827,6.412718165273215,1.0,1.1858611710224407,0.0497143594156117,1.1848580265414668
mango_instrument,inst15006,15006,ASTM-R,0.1,1,16,0.0007946491241455078,15040,0.8505984042553192,3.272234559650462,3.2717916688686266,5.290251844881976,1.0,1.1858611710224407,0.0497143594156117,1.1848580265414668
mango_instrument,inst15006,15006,ASTM-R,0.2,1,16,0.0007534027099609375,15040,0.7490026595744681,2.5494638617509895,2.5491187966212117,4.274296542710914,1.0,1.1858611710224407,0.0497143594156117,1.1848580265414668
mango_instrument,inst15006,15006,ASTM-G,0.05,1,16,0.0009124279022216797,15040,0.9704122340425532,5.449682218475339,5.448944614255808,6.194816395573597,1.0,1.1858611710224407,0.0497143594156117,1.1848580265414668
mango_instrument,inst15006,15006,ASTM-G,0.1,1,16,0.0006167888641357422,15040,0.9423537234042553,4.573468033507407,4.572849023226777,5.315221140727995,1.0,1.1858611710224407,0.0497143594156117,1.1848580265414668
mango_instrument,inst15006,15006,ASTM-G,0.2,1,16,0.0005707740783691406,15040,0.8776595744680851,3.5632810734527527,3.562798790073689,4.374961425265576,1.0,1.1858611710224407,0.0497143594156117,1.1848580265414668
mango_instrument,inst15006,15006,GPR,0.05,1,16,15.06908917427063,15040,0.8527925531914894,3.879478660754291,3.3541941219594342,7.903390124322737,1.0,1.1858611710224407,0.0497143594156117,1.1848580265414668
mango_instrument,inst15006,15006,GPR,0.1,1,16,0.00026297569274902344,15040,0.7811170212765958,3.2557611242637248,2.814928442830034,6.309995549529403,1.0,1.1858611710224407,0.0497143594156117,1.1848580265414668
mango_instrument,inst15006,15006,GPR,0.2,1,16,0.0002639293670654297,15040,0.6676196808510638,2.5366547499867735,2.19318965146513,4.987310674988878,1.0,1.1858611710224407,0.0497143594156117,1.1848580265414668
mango_instrument,inst15006,15006,BAG,0.05,1,16,4.429922103881836,15040,0.9037898936170212,3.9144434921593136,3.909921206331309,6.331622405142863,1.0,1.1858611710224407,0.0497143594156117,1.1848580265414668
mango_instrument,inst15006,15006,BAG,0.1,1,16,0.00024509429931640625,15040,0.8517287234042553,3.285104535778398,3.2813093138738223,5.248627652485238,1.0,1.1858611710224407,0.0497143594156117,1.1848580265414668
mango_instrument,inst15006,15006,BAG,0.2,1,16,0.0001747608184814453,15040,0.7505984042553191,2.559517024385466,2.556560060620603,4.255687141200167,1.0,1.1858611710224407,0.0497143594156117,1.1848580265414668
mango_instrument,inst15006,15006,QGB,0.05,1,16,2.4703757762908936,15040,0.8813829787234042,4.896357753632361,4.671939708748513,8.063900825754994,1.0,1.1858611710224407,0.0497143594156117,1.1848580265414668
mango_instrument,inst15006,15006,QGB,0.1,1,16,2.591317653656006,15040,0.766156914893617,3.2962593157113385,3.084198500062212,6.550960767748516,1.0,1.1858611710224407,0.0497143594156117,1.1848580265414668
mango_instrument,inst15006,15006,QGB,0.2,1,16,2.732072591781616,15040,0.6077127659574468,2.172286763277954,2.0584449764272605,5.023673527765375,1.0,1.1858611710224407,0.0497143594156117,1.1848580265414668
mango_instrument,inst15006,15006,SCP,0.05,1,16,0.00017786026000976562,15040,0.9105053191489362,4.028955773828592,4.028955773828592,6.3942517000612895,1.0,1.1858611710224407,0.0497143594156117,1.1848580265414668
mango_instrument,inst15006,15006,SCP,0.1,1,16,0.00016021728515625,15040,0.8398271276595745,3.221451828795008,3.221451828795008,5.383135882867305,1.0,1.1858611710224407,0.0497143594156117,1.1848580265414668
mango_instrument,inst15006,15006,SCP,0.2,1,16,0.0001285076141357422,15040,0.7289228723404255,2.462704519388111,2.4627045193881116,4.34302679532207,1.0,1.1858611710224407,0.0497143594156117,1.1848580265414668
mango_instrument,inst15006,15006,NCP-kNN,0.05,1,16,2.0627880096435547,15040,0.8702127659574468,3.975035395794898,3.6502120855830675,7.528517483726842,1.0,1.1858611710224407,0.0497143594156117,1.1848580265414668
mango_instrument,inst15006,15006,NCP-kNN,0.1,1,16,0.0001850128173828125,15040,0.8162898936170213,3.3748235595829637,3.099047056771372,5.8862395706642,1.0,1.1858611710224407,0.0497143594156117,1.1848580265414668
mango_instrument,inst15006,15006,NCP-kNN,0.2,1,16,0.00017523765563964844,15040,0.7238031914893617,2.6672000502172803,2.449247588655493,4.58563445133669,1.0,1.1858611710224407,0.0497143594156117,1.1848580265414668
mango_instrument,inst15006,15006,CV+,0.05,1,16,0.5897500514984131,15040,0.9027260638297873,3.8875244524870682,3.885200978487296,6.418400586827397,1.0,1.1858611710224407,0.0497143594156117,1.1848580265414668
mango_instrument,inst15006,15006,CV+,0.1,1,16,0.5846724510192871,15040,0.8365026595744681,3.1755837398252065,3.174437358794724,5.340362769600476,1.0,1.1858611710224407,0.0497143594156117,1.1848580265414668
mango_instrument,inst15006,15006,CV+,0.2,1,16,0.6411736011505127,15040,0.729720744680851,2.445692992632356,2.4452350950037935,4.305731421626218,1.0,1.1858611710224407,0.0497143594156117,1.1848580265414668
mango_instrument,inst15006,15006,CQR,0.05,1,16,0.00019741058349609375,15040,0.9271276595744681,5.590331184929236,5.3659131400453886,7.446986627560106,1.0,1.1858611710224407,0.0497143594156117,1.1848580265414668
mango_instrument,inst15006,15006,CQR,0.1,1,16,0.00017333030700683594,15040,0.8445478723404255,3.877497849411017,3.6654370337618927,6.011728540852908,1.0,1.1858611710224407,0.0497143594156117,1.1848580265414668
mango_instrument,inst15006,15006,CQR,0.2,1,16,0.0001862049102783203,15040,0.6976728723404255,2.589522271867758,2.4756804850170653,4.719156873796154,1.0,1.1858611710224407,0.0497143594156117,1.1848580265414668
mango_instrument,inst15006,15006,WCP,0.05,1,16,0.028057098388671875,15040,0.9434840425531915,inf,4.30195416452321,inf,0.9065824468085106,1.1858611710224407,0.0497143594156117,1.1848580265414668
mango_instrument,inst15006,15006,WCP,0.1,1,16,0.0034792423248291016,15040,0.7990691489361702,inf,2.648427499261892,inf,0.9402260638297872,1.1858611710224407,0.0497143594156117,1.1848580265414668
mango_instrument,inst15006,15006,WCP,0.2,1,16,0.003314495086669922,15040,0.7047207446808511,inf,2.209085513070306,inf,0.9622340425531914,1.1858611710224407,0.0497143594156117,1.1848580265414668
mango_instrument,inst15006,15006,R-U-A,0.05,1,16,0.0011768341064453125,15040,0.902127659574468,3.880581639611855,3.8805816396118544,6.433606003207732,1.0,1.1858611710224407,0.0497143594156117,1.1848580265414668
mango_instrument,inst15006,15006,R-U-A,0.1,1,16,0.0020155906677246094,15040,0.8362367021276595,3.1737205046887094,3.17372050468871,5.347685379217862,1.0,1.1858611710224407,0.0497143594156117,1.1848580265414668
mango_instrument,inst15006,15006,R-U-A,0.2,1,16,0.0019652843475341797,15040,0.729654255319149,2.4460873543832378,2.4460873543832378,4.306194938269509,1.0,1.1858611710224407,0.0497143594156117,1.1848580265414668
mango_instrument,inst15006,15006,R-U-D,0.05,1,16,0.056250810623168945,15040,0.939627659574468,4.327070684425243,4.308650516809629,5.689530904694229,1.0,1.1858611710224407,0.0497143594156117,1.1848580265414668
mango_instrument,inst15006,15006,R-U-D,0.1,1,16,0.0022890567779541016,15040,0.8837101063829788,3.547374706801553,3.5322736739180662,4.933906636415547,1.0,1.1858611710224407,0.0497143594156117,1.1848580265414668
mango_instrument,inst15006,15006,R-U-D,0.2,1,16,0.001983642578125,15040,0.7797872340425532,2.7502178140747904,2.7385102463437994,4.120235186586448,1.0,1.1858611710224407,0.0497143594156117,1.1848580265414668
mango_instrument,inst15006,15006,G-U-A,0.05,1,16,0.0011513233184814453,15040,0.9795877659574468,5.959576269760765,5.959576269760767,6.452522730892025,1.0,1.1858611710224407,0.0497143594156117,1.1848580265414668
mango_instrument,inst15006,15006,G-U-A,0.1,1,16,0.0011587142944335938,15040,0.9574468085106383,4.976652175642567,4.976652175642567,5.520568498183222,1.0,1.1858611710224407,0.0497143594156117,1.1848580265414668
mango_instrument,inst15006,15006,G-U-A,0.2,1,16,0.0010843276977539062,15040,0.8918882978723405,3.741430228588662,3.741430228588662,4.451362278190274,1.0,1.1858611710224407,0.0497143594156117,1.1848580265414668
mango_instrument,inst15006,15006,G-W-A,0.05,1,16,0.004547834396362305,15040,0.9724734042553191,5.566718457063707,5.566718457063708,6.2464863848522265,1.0,1.1858611710224407,0.0497143594156117,1.1848580265414668
mango_instrument,inst15006,15006,G-W-A,0.1,1,16,0.004429340362548828,15040,0.9438164893617021,4.612707233865219,4.612707233865219,5.333537178281268,1.0,1.1858611710224407,0.0497143594156117,1.1848580265414668
mango_instrument,inst15006,15006,G-W-A,0.2,1,16,0.0043642520904541016,15040,0.8630984042553191,3.403475276220061,3.4034752762200604,4.319337976058011,1.0,1.1858611710224407,0.0497143594156117,1.1848580265414668
mango_instrument,inst15006,15006,G-U-D,0.05,1,16,0.03500962257385254,15040,0.9809175531914893,5.600324981655542,5.318452534809208,5.987750754327065,1.0,1.1858611710224407,0.0497143594156117,1.1848580265414668
mango_instrument,inst15006,15006,G-U-D,0.1,1,16,0.002019643783569336,15040,0.9526595744680851,4.634265385847653,4.40101611407807,5.103287872218102,1.0,1.1858611710224407,0.0497143594156117,1.1848580265414668
mango_instrument,inst15006,15006,G-U-D,0.2,1,16,0.0019485950469970703,15040,0.8792553191489362,3.5427391186390724,3.364427940773494,4.182193574517193,1.0,1.1858611710224407,0.0497143594156117,1.1848580265414668
mango_instrument,inst15006,15006,GC-D,0.05,1,16,0.005432605743408203,15040,0.9772606382978724,5.427010755091468,5.153861463646812,5.879929465138142,1.0,1.1858611710224407,0.0497143594156117,1.1848580265414668
mango_instrument,inst15006,15006,GC-D,0.1,1,16,0.005450010299682617,15040,0.951063829787234,4.586533626428203,4.355686763065977,5.076835193386982,1.0,1.1858611710224407,0.0497143594156117,1.1848580265414668
mango_instrument,inst15006,15006,GC-D,0.2,1,16,0.005620718002319336,15040,0.8779920212765957,3.531771096655692,3.3540119551815106,4.177502280283941,1.0,1.1858611710224407,0.0497143594156117,1.1848580265414668
mango_instrument,inst15006,15006,GC-D+,0.05,1,16,0.005464315414428711,15040,0.9938164893617021,6.769363159466446,6.428651332277772,6.924341950289783,1.0,1.1858611710224407,0.0497143594156117,1.1848580265414668
mango_instrument,inst15006,15006,GC-D+,0.1,1,16,0.0056362152099609375,15040,0.9680186170212766,5.064639656657601,4.809729026097187,5.379384484818153,1.0,1.1858611710224407,0.0497143594156117,1.1848580265414668
mango_instrument,inst15006,15006,GC-D+,0.2,1,16,0.005475282669067383,15040,0.8985372340425531,3.7569570108024117,3.5678639369539873,4.2842774214260615,1.0,1.1858611710224407,0.0497143594156117,1.1848580265414668
mango_instrument,inst15006,15006,HJ+,0.05,1,16,2.1237809658050537,15040,0.9897606382978723,7.098554746313725,7.047762259633491,7.313025402535579,1.0,1.1858611710224407,0.0497143594156117,1.1848580265414668
mango_instrument,inst15006,15006,HJ+,0.1,1,16,2.1203365325927734,15040,0.9630984042553191,5.267493960416181,5.253007557017847,5.756242466295676,1.0,1.1858611710224407,0.0497143594156117,1.1848580265414668
mango_instrument,inst15006,15006,HJ+,0.2,1,16,2.6411821842193604,15040,0.8883643617021276,3.703941276701223,3.696575638766931,4.463546049562358,1.0,1.1858611710224407,0.0497143594156117,1.1848580265414668
mango_instrument,inst15006,15006,HJ+-D,0.05,1,16,1.7313003540039062,15040,0.9941489361702127,7.031451984473558,6.635515341997273,7.168056595479225,1.0,1.1858611710224407,0.0497143594156117,1.1848580265414668
mango_instrument,inst15006,15006,HJ+-D,0.1,1,16,2.4457998275756836,15040,0.9702127659574468,5.166085579809699,4.892767713399142,5.474891548654811,1.0,1.1858611710224407,0.0497143594156117,1.1848580265414668
mango_instrument,inst15006,15006,HJ+-D,0.2,1,16,2.784625291824341,15040,0.9045877659574468,3.827747552279884,3.625974899909047,4.337339335011419,1.0,1.1858611710224407,0.0497143594156117,1.1848580265414668
mango_instrument,inst15006,15006,HCP-D,0.05,1,16,0.1489248275756836,15040,1.0,inf,inf,inf,0.0,1.1858611710224407,0.0497143594156117,1.1848580265414668
mango_instrument,inst15006,15006,HCP-D,0.1,1,16,0.14412331581115723,15040,0.8424202127659575,5.336706696963868,5.257138383246945,9.379933863209708,1.0,1.1858611710224407,0.0497143594156117,1.1848580265414668
mango_instrument,inst15006,15006,HCP-D,0.2,1,16,0.14713525772094727,15040,0.7223404255319149,3.861413174755817,3.8038409392319066,7.50882735716492,1.0,1.1858611710224407,0.0497143594156117,1.1848580265414668
mango_instrument,inst15006,15006,HCP-A,0.05,1,16,0.08370757102966309,15040,1.0,inf,inf,inf,0.0,1.1858611710224407,0.0497143594156117,1.1848580265414668
mango_instrument,inst15006,15006,HCP-A,0.1,1,16,0.08301281929016113,15040,0.8601063829787234,5.762656239907314,5.762656239907315,9.682631483265768,1.0,1.1858611710224407,0.0497143594156117,1.1848580265414668
mango_instrument,inst15006,15006,HCP-A,0.2,1,16,0.10847663879394531,15040,0.7519281914893617,4.1536572766018764,4.1536572766018764,7.621104347297888,1.0,1.1858611710224407,0.0497143594156117,1.1848580265414668
mango_instrument,inst15006,15006,ORACLE,0.05,1,16,0.00813746452331543,15040,0.9497340425531915,4.7517034274696845,4.73134845998856,6.046167820648886,1.0,1.1858611710224407,0.0497143594156117,1.1848580265414668
mango_instrument,inst15006,15006,ORACLE,0.1,1,16,0.007917165756225586,15040,0.899468085106383,3.8519789220694425,3.8009271895176173,5.1595026766975955,1.0,1.1858611710224407,0.0497143594156117,1.1848580265414668
mango_instrument,inst15006,15006,ORACLE,0.2,1,16,0.007854223251342773,15040,0.7996675531914894,2.885916895577562,2.8672695374238746,4.235262363141959,1.0,1.1858611710224407,0.0497143594156117,1.1848580265414668
mango_instrument,inst15013,15013,ASTM-R,0.05,1,12,4.140816688537598,768,0.8411458333333334,4.3957537410319585,4.395739485438787,8.248876361043655,1.0,1.5944682317016408,-1.2379924341253545,1.0054949564197866
mango_instrument,inst15013,15013,ASTM-R,0.1,1,12,0.0009109973907470703,768,0.7330729166666666,3.6890196122751266,3.689007648647067,7.080141450398727,1.0,1.5944682317016408,-1.2379924341253545,1.0054949564197866
mango_instrument,inst15013,15013,ASTM-R,0.2,1,12,0.0006721019744873047,768,0.5924479166666666,2.8742089435630347,2.8741996223963335,5.965779146974959,1.0,1.5944682317016408,-1.2379924341253545,1.0054949564197866
mango_instrument,inst15013,15013,ASTM-G,0.05,1,12,0.0011713504791259766,768,0.91796875,5.276410752862752,5.276393641266077,7.028986413875063,1.0,1.5944682317016408,-1.2379924341253545,1.0054949564197866
mango_instrument,inst15013,15013,ASTM-G,0.1,1,12,0.0011813640594482422,768,0.8450520833333334,4.428087626483021,4.428073266029854,6.303817145050043,1.0,1.5944682317016408,-1.2379924341253545,1.0054949564197866
mango_instrument,inst15013,15013,ASTM-G,0.2,1,12,0.0009441375732421875,768,0.68359375,3.4500356182896623,3.4500244296956017,5.493617611868767,1.0,1.5944682317016408,-1.2379924341253545,1.0054949564197866
mango_instrument,inst15013,15013,GPR,0.05,1,12,11.038443803787231,768,0.5442708333333334,3.8465425294937767,3.7947862884258434,17.046585366563885,1.0,1.5944682317016408,-1.2379924341253545,1.0054949564197866
mango_instrument,inst15013,15013,GPR,0.1,1,12,0.0001266002655029297,768,0.4153645833333333,3.2281202515798726,3.1846850448569572,12.990006323707695,1.0,1.5944682317016408,-1.2379924341253545,1.0054949564197866
mango_instrument,inst15013,15013,GPR,0.2,1,12,8.940696716308594e-05,768,0.2877604166666667,2.5151189713128606,2.4812773842783518,9.685036993416102,1.0,1.5944682317016408,-1.2379924341253545,1.0054949564197866
mango_instrument,inst15013,15013,BAG,0.05,1,12,15.519542217254639,768,0.8411458333333334,4.403873757677846,4.4036748881989265,8.285754902464937,1.0,1.5944682317016408,-1.2379924341253545,1.0054949564197866
mango_instrument,inst15013,15013,BAG,0.1,1,12,0.00011920928955078125,768,0.7330729166666666,3.6958473625487063,3.695680466020878,7.109345675333664,1.0,1.5944682317016408,-1.2379924341253545,1.0054949564197866
mango_instrument,inst15013,15013,BAG,0.2,1,12,8.368492126464844e-05,768,0.5911458333333334,2.879538273728665,2.879408239965773,5.987390909508569,1.0,1.5944682317016408,-1.2379924341253545,1.0054949564197866
mango_instrument,inst15013,15013,QGB,0.05,1,12,4.59990119934082,768,0.61328125,3.7157658678870207,3.660880024688888,16.6415574863054,1.0,1.5944682317016408,-1.2379924341253545,1.0054949564197866
mango_instrument,inst15013,15013,QGB,0.1,1,12,4.221239805221558,768,0.4713541666666667,2.822677060907638,2.769301037812447,13.988674767003038,1.0,1.5944682317016408,-1.2379924341253545,1.0054949564197866
mango_instrument,inst15013,15013,QGB,0.2,1,12,4.604692220687866,768,0.3216145833333333,1.9489260210050332,1.8889896511798927,10.391138034399432,1.0,1.5944682317016408,-1.2379924341253545,1.0054949564197866
mango_instrument,inst15013,15013,SCP,0.05,1,12,0.00041556358337402344,768,0.83984375,4.385685693101699,4.385685693101699,8.281826890019703,1.0,1.5944682317016408,-1.2379924341253545,1.0054949564197866
mango_instrument,inst15013,15013,SCP,0.1,1,12,0.0002598762512207031,768,0.7096354166666666,3.5675993850745726,3.5675993850745726,7.30563575631949,1.0,1.5944682317016408,-1.2379924341253545,1.0054949564197866
mango_instrument,inst15013,15013,SCP,0.2,1,12,0.0002989768981933594,768,0.5690104166666666,2.7929078219387513,2.7929078219387513,6.06449871947743,1.0,1.5944682317016408,-1.2379924341253545,1.0054949564197866
mango_instrument,inst15013,15013,NCP-kNN,0.05,1,12,6.541202783584595,768,0.6536458333333334,3.4827757274703255,3.2074824449130457,14.469431403843506,1.0,1.5944682317016408,-1.2379924341253545,1.0054949564197866
mango_instrument,inst15013,15013,NCP-kNN,0.1,1,12,0.00043392181396484375,768,0.5559895833333334,2.874004145193215,2.6468307360721672,10.359702831723007,1.0,1.5944682317016408,-1.2379924341253545,1.0054949564197866
mango_instrument,inst15013,15013,NCP-kNN,0.2,1,12,0.00032448768615722656,768,0.43359375,2.2777824132037896,2.0977368844216144,7.316001640831817,1.0,1.5944682317016408,-1.2379924341253545,1.0054949564197866
mango_instrument,inst15013,15013,CV+,0.05,1,12,0.04322028160095215,768,0.84375,4.420694100395365,4.420713220567526,8.206104534900179,1.0,1.5944682317016408,-1.2379924341253545,1.0054949564197866
mango_instrument,inst15013,15013,CV+,0.1,1,12,0.039880990982055664,768,0.72265625,3.6220685837904694,3.6220122182717835,7.196743747812306,1.0,1.5944682317016408,-1.2379924341253545,1.0054949564197866
mango_instrument,inst15013,15013,CV+,0.2,1,12,0.04214024543762207,768,0.5716145833333334,2.7934350395922025,2.7934734834852666,6.054400763329883,1.0,1.5944682317016408,-1.2379924341253545,1.0054949564197866
mango_instrument,inst15013,15013,CQR,0.05,1,12,0.0004017353057861328,768,0.6888020833333334,4.190644850526591,4.135759007328458,13.781119460435582,1.0,1.5944682317016408,-1.2379924341253545,1.0054949564197866
mango_instrument,inst15013,15013,CQR,0.1,1,12,0.00034689903259277344,768,0.5130208333333334,3.127077822532685,3.0737017994374938,12.746276796708608,1.0,1.5944682317016408,-1.2379924341253545,1.0054949564197866
mango_instrument,inst15013,15013,CQR,0.2,1,12,0.00033736228942871094,768,0.3580729166666667,2.1571718991416984,2.097235529316558,9.914137105627226,1.0,1.5944682317016408,-1.2379924341253545,1.0054949564197866
mango_instrument,inst15013,15013,WCP,0.05,1,12,0.027615785598754883,768,0.8619791666666666,inf,5.469742301813611,inf,0.7161458333333334,1.5944682317016408,-1.2379924341253545,1.0054949564197866
mango_instrument,inst15013,15013,WCP,0.1,1,12,0.004347801208496094,768,0.7591145833333334,inf,3.6244741736009587,inf,0.8567708333333334,1.5944682317016408,-1.2379924341253545,1.0054949564197866
mango_instrument,inst15013,15013,WCP,0.2,1,12,0.0045623779296875,768,0.6484375,inf,3.1278360411273027,inf,0.9322916666666666,1.5944682317016408,-1.2379924341253545,1.0054949564197866
mango_instrument,inst15013,15013,R-U-A,0.05,1,12,0.004089832305908203,768,0.84375,4.415118483968032,4.415118483968033,8.20694549305441,1.0,1.5944682317016408,-1.2379924341253545,1.0054949564197866
mango_instrument,inst15013,15013,R-U-A,0.1,1,12,0.0038123130798339844,768,0.7239583333333334,3.6217543288618828,3.6217543288618828,7.1948629007174505,1.0,1.5944682317016408,-1.2379924341253545,1.0054949564197866
mango_instrument,inst15013,15013,R-U-A,0.2,1,12,0.003284454345703125,768,0.5716145833333334,2.793122207359289,2.793122207359289,6.0543764467660415,1.0,1.5944682317016408,-1.2379924341253545,1.0054949564197866
mango_instrument,inst15013,15013,R-U-D,0.05,1,12,0.11333775520324707,768,0.8268229166666666,4.271493469076551,4.255939306554193,8.718942723021513,1.0,1.5944682317016408,-1.2379924341253545,1.0054949564197866
mango_instrument,inst15013,15013,R-U-D,0.1,1,12,0.006806373596191406,768,0.6966145833333334,3.519560722694005,3.506744638604351,7.487998983734857,1.0,1.5944682317016408,-1.2379924341253545,1.0054949564197866
mango_instrument,inst15013,15013,R-U-D,0.2,1,12,0.006350040435791016,768,0.5546875,2.7157694206146297,2.705880252049278,6.164078194121164,1.0,1.5944682317016408,-1.2379924341253545,1.0054949564197866
mango_instrument,inst15013,15013,G-U-A,0.05,1,12,0.004807233810424805,768,0.91015625,5.171834291657127,5.171834291657127,7.102679406672841,1.0,1.5944682317016408,-1.2379924341253545,1.0054949564197866
mango_instrument,inst15013,15013,G-U-A,0.1,1,12,0.003873586654663086,768,0.8203125,4.2544217652466925,4.254421765246693,6.41822932735543,1.0,1.5944682317016408,-1.2379924341253545,1.0054949564197866
mango_instrument,inst15013,15013,G-U-A,0.2,1,12,0.004047393798828125,768,0.6497395833333334,3.271659646960689,3.271659646960689,5.612957422237031,1.0,1.5944682317016408,-1.2379924341253545,1.0054949564197866
mango_instrument,inst15013,15013,G-W-A,0.05,1,12,0.018880367279052734,768,0.9166666666666666,5.228329409229033,5.228329409229033,7.060103929180289,1.0,1.5944682317016408,-1.2379924341253545,1.0054949564197866
mango_instrument,inst15013,15013,G-W-A,0.1,1,12,0.018360137939453125,768,0.83984375,4.3633487579651105,4.36334875796511,6.341614196584101,1.0,1.5944682317016408,-1.2379924341253545,1.0054949564197866
mango_instrument,inst15013,15013,G-W-A,0.2,1,12,0.017359495162963867,768,0.6796875,3.429690980229733,3.429690980229733,5.5056419828216,1.0,1.5944682317016408,-1.2379924341253545,1.0054949564197866
mango_instrument,inst15013,15013,G-U-D,0.05,1,12,0.11089849472045898,768,0.8619791666666666,4.691115059735129,4.663383862136477,7.779196800349059,1.0,1.5944682317016408,-1.2379924341253545,1.0054949564197866
mango_instrument,inst15013,15013,G-U-D,0.1,1,12,0.005082130432128906,768,0.7708333333333334,3.8948844078222913,3.8718600718676495,6.8135088503350545,1.0,1.5944682317016408,-1.2379924341253545,1.0054949564197866
mango_instrument,inst15013,15013,G-U-D,0.2,1,12,0.00473332405090332,768,0.6263020833333334,3.03210596227388,3.014181880577061,5.773433431628052,1.0,1.5944682317016408,-1.2379924341253545,1.0054949564197866
mango_instrument,inst15013,15013,GC-D,0.05,1,12,0.015600204467773438,768,0.86328125,4.705611882683004,4.677794988132433,7.754440750998538,1.0,1.5944682317016408,-1.2379924341253545,1.0054949564197866
mango_instrument,inst15013,15013,GC-D,0.1,1,12,0.015639066696166992,768,0.7747395833333334,3.925323648867181,3.902119373474381,6.7753591676914375,1.0,1.5944682317016408,-1.2379924341253545,1.0054949564197866
mango_instrument,inst15013,15013,GC-D,0.2,1,12,0.01573920249938965,768,0.6393229166666666,3.12250390214878,3.104045439371715,5.697354047782881,1.0,1.5944682317016408,-1.2379924341253545,1.0054949564197866
mango_instrument,inst15013,15013,GC-D+,0.05,1,12,0.01760554313659668,768,0.9440104166666666,5.804650520196707,5.770336735836922,6.963803703408483,1.0,1.5944682317016408,-1.2379924341253545,1.0054949564197866
mango_instrument,inst15013,15013,GC-D+,0.1,1,12,0.020075559616088867,768,0.8385416666666666,4.349888522269921,4.324174461410797,6.393356592005517,1.0,1.5944682317016408,-1.2379924341253545,1.0054949564197866
mango_instrument,inst15013,15013,GC-D+,0.2,1,12,0.02007746696472168,768,0.67578125,3.2804414492310787,3.2610493497235957,5.585903773904733,1.0,1.5944682317016408,-1.2379924341253545,1.0054949564197866
mango_instrument,inst15013,15013,HJ+,0.05,1,12,0.2839357852935791,768,0.96484375,6.527074541424928,6.525781929728511,7.096927512151808,1.0,1.5944682317016408,-1.2379924341253545,1.0054949564197866
mango_instrument,inst15013,15013,HJ+,0.1,1,12,0.3231055736541748,768,0.8802083333333334,4.886661372832739,4.887276675496557,6.277547835803431,1.0,1.5944682317016408,-1.2379924341253545,1.0054949564197866
mango_instrument,inst15013,15013,HJ+,0.2,1,12,0.4079442024230957,768,0.7369791666666666,3.6872028092756537,3.687687371441921,5.399143658276581,1.0,1.5944682317016408,-1.2379924341253545,1.0054949564197866
mango_instrument,inst15013,15013,HJ+-D,0.05,1,12,0.28978967666625977,768,0.9466145833333334,5.901519233266479,5.874825278197095,7.049242006844241,1.0,1.5944682317016408,-1.2379924341253545,1.0054949564197866
mango_instrument,inst15013,15013,HJ+-D,0.1,1,12,0.3203563690185547,768,0.8424479166666666,4.4305955336704494,4.4138316115361285,6.428324952617044,1.0,1.5944682317016408,-1.2379924341253545,1.0054949564197866
mango_instrument,inst15013,15013,HJ+-D,0.2,1,12,0.3314640522003174,768,0.6822916666666666,3.338998646277748,3.3264283012775993,5.548844297246945,1.0,1.5944682317016408,-1.2379924341253545,1.0054949564197866
mango_instrument,inst15013,15013,HCP-D,0.05,1,12,0.36202502250671387,768,1.0,inf,inf,inf,0.0,1.5944682317016408,-1.2379924341253545,1.0054949564197866
mango_instrument,inst15013,15013,HCP-D,0.1,1,12,0.21368074417114258,768,0.9609375,8.208930477110114,8.066629197148515,8.45308825244681,1.0,1.5944682317016408,-1.2379924341253545,1.0054949564197866
mango_instrument,inst15013,15013,HCP-D,0.2,1,12,0.22966742515563965,768,0.65234375,5.731305291811554,5.631953484514659,7.801694982664543,1.0,1.5944682317016408,-1.2379924341253545,1.0054949564197866
mango_instrument,inst15013,15013,HCP-A,0.05,1,12,0.19408178329467773,768,1.0,inf,inf,inf,0.0,1.5944682317016408,-1.2379924341253545,1.0054949564197866
mango_instrument,inst15013,15013,HCP-A,0.1,1,12,0.19158697128295898,768,0.9401041666666666,7.8789275993107095,7.878927599310707,8.30102259425373,1.0,1.5944682317016408,-1.2379924341253545,1.0054949564197866
mango_instrument,inst15013,15013,HCP-A,0.2,1,12,0.2044689655303955,768,0.6692708333333334,5.524974337297593,5.524974337297593,7.736656942548966,1.0,1.5944682317016408,-1.2379924341253545,1.0054949564197866
mango_instrument,inst15013,15013,ORACLE,0.05,1,12,0.0007176399230957031,768,0.9466145833333334,5.89440179215237,5.89440179215237,6.926776186128733,1.0,1.5944682317016408,-1.2379924341253545,1.0054949564197866
mango_instrument,inst15013,15013,ORACLE,0.1,1,12,0.0005095005035400391,768,0.8984375,5.092524030533739,5.092524030533739,6.13592837095315,1.0,1.5944682317016408,-1.2379924341253545,1.0054949564197866
mango_instrument,inst15013,15013,ORACLE,0.2,1,12,0.0004925727844238281,768,0.7994791666666666,4.071783652967017,4.071783652967017,5.325533099120947,1.0,1.5944682317016408,-1.2379924341253545,1.0054949564197866
mango_instrument,inst15014,15014,ASTM-R,0.05,1,15,1.639801025390625,8219,0.90181287261224,3.9381654676538673,3.9381234228790376,6.7552880227478065,1.0,1.1957286745372986,0.10762065717878777,1.190948121379997
mango_instrument,inst15014,15014,ASTM-R,0.1,1,15,0.0006482601165771484,8219,0.8539968365981263,3.304990777760132,3.3049554929062595,5.472895751061882,1.0,1.1957286745372986,0.10762065717878777,1.190948121379997
mango_instrument,inst15014,15014,ASTM-R,0.2,1,15,0.0005488395690917969,8219,0.7616498357464412,2.5749950066858562,2.5749675154374216,4.336842836384809,1.0,1.1957286745372986,0.10762065717878777,1.190948121379997
mango_instrument,inst15014,15014,ASTM-G,0.05,1,15,0.0007417201995849609,8219,0.9454921523299672,4.876671983723914,4.8766199192342015,6.302389640874228,1.0,1.1957286745372986,0.10762065717878777,1.190948121379997
mango_instrument,inst15014,15014,ASTM-G,0.1,1,15,0.0007343292236328125,8219,0.9094780386908383,4.092605063131218,4.092561369523182,5.355299272210535,1.0,1.1957286745372986,0.10762065717878777,1.190948121379997
mango_instrument,inst15014,15014,ASTM-G,0.2,1,15,0.0006592273712158203,8219,0.8432899379486556,3.188643572870204,3.188609530166275,4.360772199201923,1.0,1.1957286745372986,0.10762065717878777,1.190948121379997
mango_instrument,inst15014,15014,GPR,0.05,1,15,17.746899366378784,8219,0.8449933081883441,3.38477129753791,3.324630065162612,7.332805410078213,1.0,1.1957286745372986,0.10762065717878777,1.190948121379997
mango_instrument,inst15014,15014,GPR,0.1,1,15,0.0001857280731201172,8219,0.7730867502129213,2.840589617499012,2.7901175042448223,5.833387401997363,1.0,1.1957286745372986,0.10762065717878777,1.190948121379997
mango_instrument,inst15014,15014,GPR,0.2,1,15,0.0001544952392578125,8219,0.6537291641318895,2.2131829919252732,2.1738587537697267,4.585696235888952,1.0,1.1957286745372986,0.10762065717878777,1.190948121379997
mango_instrument,inst15014,15014,BAG,0.05,1,15,8.453739404678345,8219,0.9027862270349191,3.9531723040240516,3.9518568073323053,6.743583387594787,1.0,1.1957286745372986,0.10762065717878777,1.190948121379997
mango_instrument,inst15014,15014,BAG,0.1,1,15,0.002079486846923828,8219,0.8549701910208054,3.3176067792715025,3.3165027796461395,5.468796856007108,1.0,1.1957286745372986,0.10762065717878777,1.190948121379997
mango_instrument,inst15014,15014,BAG,0.2,1,15,0.0001761913299560547,8219,0.7648132376201484,2.58484043331973,2.583980276266807,4.333703053599758,1.0,1.1957286745372986,0.10762065717878777,1.190948121379997
mango_instrument,inst15014,15014,QGB,0.05,1,15,3.2322185039520264,8219,0.8123859350285922,3.6004149942060137,3.493384454858292,8.892837826050545,1.0,1.1957286745372986,0.10762065717878777,1.190948121379997
mango_instrument,inst15014,15014,QGB,0.1,1,15,2.996954917907715,8219,0.6938800340674048,2.558728611443242,2.4911447212304267,7.003428581187167,1.0,1.1957286745372986,0.10762065717878777,1.190948121379997
mango_instrument,inst15014,15014,QGB,0.2,1,15,3.1957967281341553,8219,0.5580970921036622,1.778225243922482,1.7418004201065624,5.157863835771844,1.0,1.1957286745372986,0.10762065717878777,1.190948121379997
mango_instrument,inst15014,15014,SCP,0.05,1,15,0.00022482872009277344,8219,0.9083830149653243,4.059835911203017,4.059835911203017,6.674806343865849,1.0,1.1957286745372986,0.10762065717878777,1.190948121379997
mango_instrument,inst15014,15014,SCP,0.1,1,15,0.0001900196075439453,8219,0.8561868840491544,3.3407456695302495,3.34074566953025,5.476715978431255,1.0,1.1957286745372986,0.10762065717878777,1.190948121379997
mango_instrument,inst15014,15014,SCP,0.2,1,15,0.00018858909606933594,8219,0.7461978342864095,2.4866853772272464,2.4866853772272464,4.372152170759659,1.0,1.1957286745372986,0.10762065717878777,1.190948121379997
mango_instrument,inst15014,15014,NCP-kNN,0.05,1,15,8.598344802856445,8219,0.8379364886239202,3.469121939997193,3.3387590341003666,8.488954864160558,1.0,1.1957286745372986,0.10762065717878777,1.190948121379997
mango_instrument,inst15014,15014,NCP-kNN,0.1,1,15,0.00030159950256347656,8219,0.7803869083830149,2.9052958081235096,2.7961203998825557,6.288839718129024,1.0,1.1957286745372986,0.10762065717878777,1.190948121379997
mango_instrument,inst15014,15014,NCP-kNN,0.2,1,15,0.00018930435180664062,8219,0.6927850103418908,2.2940023603777693,2.207798179894777,4.664320258439392,1.0,1.1957286745372986,0.10762065717878777,1.190948121379997
mango_instrument,inst15014,15014,CV+,0.05,1,15,0.34716081619262695,8219,0.90181287261224,3.9348934134210927,3.9342812771409257,6.7279572283792275,1.0,1.1957286745372986,0.10762065717878777,1.190948121379997
mango_instrument,inst15014,15014,CV+,0.1,1,15,0.33972787857055664,8219,0.849738410998905,3.2506404668642577,3.2501505199667093,5.479317676253359,1.0,1.1957286745372986,0.10762065717878777,1.190948121379997
mango_instrument,inst15014,15014,CV+,0.2,1,15,0.3796272277832031,8219,0.7472928580119236,2.4816246471350767,2.4809909232756873,4.344786286253126,1.0,1.1957286745372986,0.10762065717878777,1.190948121379997
mango_instrument,inst15014,15014,CQR,0.05,1,15,0.00027489662170410156,8219,0.8741939408687188,4.193089813467326,4.086059274119602,7.655252628175324,1.0,1.1957286745372986,0.10762065717878777,1.190948121379997
mango_instrument,inst15014,15014,CQR,0.1,1,15,0.00021338462829589844,8219,0.7694366711278744,2.985609525778492,2.9180256355656766,6.286307850360175,1.0,1.1957286745372986,0.10762065717878777,1.190948121379997
mango_instrument,inst15014,15014,CQR,0.2,1,15,0.00023174285888671875,8219,0.6303686579875897,2.098405741489562,2.061980917673642,4.828612463817957,1.0,1.1957286745372986,0.10762065717878777,1.190948121379997
mango_instrument,inst15014,15014,WCP,0.05,1,15,0.02160930633544922,8219,0.8126292736342621,inf,2.868512796583012,inf,0.9991483148801558,1.1957286745372986,0.10762065717878777,1.190948121379997
mango_instrument,inst15014,15014,WCP,0.1,1,15,0.003363370895385742,8219,0.7811169242000243,inf,2.688103958270375,inf,0.9997566613943302,1.1957286745372986,0.10762065717878777,1.190948121379997
mango_instrument,inst15014,15014,WCP,0.2,1,15,0.003207683563232422,8219,0.5812142596422922,inf,1.7101640392453241,inf,0.9998783306971651,1.1957286745372986,0.10762065717878777,1.190948121379997
mango_instrument,inst15014,15014,R-U-A,0.05,1,15,0.001951456069946289,8219,0.9014478647037353,3.9322018085047574,3.9322018085047574,6.761045256479528,1.0,1.1957286745372986,0.10762065717878777,1.190948121379997
mango_instrument,inst15014,15014,R-U-A,0.1,1,15,0.0017843246459960938,8219,0.848521717970556,3.248490083006632,3.248490083006633,5.500502787166544,1.0,1.1957286745372986,0.10762065717878777,1.190948121379997
mango_instrument,inst15014,15014,R-U-A,0.2,1,15,0.0017018318176269531,8219,0.74571115707507,2.476847818232656,2.476847818232656,4.359685621709193,1.0,1.1957286745372986,0.10762065717878777,1.190948121379997
mango_instrument,inst15014,15014,R-U-D,0.05,1,15,0.05937790870666504,8219,0.8987711400413676,3.927978143005676,3.906405979843816,6.768663088742197,1.0,1.1957286745372986,0.10762065717878777,1.190948121379997
mango_instrument,inst15014,15014,R-U-D,0.1,1,15,0.0031032562255859375,8219,0.8492517337875654,3.2612614044608303,3.2433507999286313,5.509104390099859,1.0,1.1957286745372986,0.10762065717878777,1.190948121379997
mango_instrument,inst15014,15014,R-U-D,0.2,1,15,0.0031409263610839844,8219,0.7521596301253194,2.5025407502074524,2.488796982951822,4.361888989240048,1.0,1.1957286745372986,0.10762065717878777,1.190948121379997
mango_instrument,inst15014,15014,G-U-A,0.05,1,15,0.002056598663330078,8219,0.9396520257938922,4.702451554745366,4.702451554745366,6.327797236941138,1.0,1.1957286745372986,0.10762065717878777,1.190948121379997
mango_instrument,inst15014,15014,G-U-A,0.1,1,15,0.0016598701477050781,8219,0.8958510767733301,3.8381197958310125,3.8381197958310125,5.348029055603798,1.0,1.1957286745372986,0.10762065717878777,1.190948121379997
mango_instrument,inst15014,15014,G-U-A,0.2,1,15,0.0015788078308105469,8219,0.8159143448108043,2.9165640540203097,2.9165640540203093,4.3197534141594645,1.0,1.1957286745372986,0.10762065717878777,1.190948121379997
mango_instrument,inst15014,15014,G-W-A,0.05,1,15,0.007399320602416992,8219,0.9426937583647645,4.787674961543556,4.787674961543555,6.312890527110103,1.0,1.1957286745372986,0.10762065717878777,1.190948121379997
mango_instrument,inst15014,15014,G-W-A,0.1,1,15,0.0072400569915771484,8219,0.90753132984548,4.054041495186777,4.054041495186777,5.351945996704438,1.0,1.1957286745372986,0.10762065717878777,1.190948121379997
mango_instrument,inst15014,15014,G-W-A,0.2,1,15,0.007057905197143555,8219,0.8436549458571603,3.1977666223423142,3.1977666223423142,4.362747398559964,1.0,1.1957286745372986,0.10762065717878777,1.190948121379997
mango_instrument,inst15014,15014,G-U-D,0.05,1,15,0.06002974510192871,8219,0.9134931256843898,4.2196037690025605,4.172716553832878,6.486065514117942,1.0,1.1957286745372986,0.10762065717878777,1.190948121379997
mango_instrument,inst15014,15014,G-U-D,0.1,1,15,0.0030541419982910156,8219,0.8679888064241392,3.530540742433878,3.4913102287368645,5.400936779421073,1.0,1.1957286745372986,0.10762065717878777,1.190948121379997
mango_instrument,inst15014,15014,G-U-D,0.2,1,15,0.002844095230102539,8219,0.7828202944397129,2.728347020205835,2.698030288873454,4.336047739917308,1.0,1.1957286745372986,0.10762065717878777,1.190948121379997
mango_instrument,inst15014,15014,GC-D,0.05,1,15,0.008742094039916992,8219,0.9290667964472563,4.46569598437266,4.416074252104854,6.352328093064693,1.0,1.1957286745372986,0.10762065717878777,1.190948121379997
mango_instrument,inst15014,15014,GC-D,0.1,1,15,0.008318662643432617,8219,0.8880642413918968,3.8260126065352464,3.783498881042263,5.342386561233675,1.0,1.1957286745372986,0.10762065717878777,1.190948121379997
mango_instrument,inst15014,15014,GC-D,0.2,1,15,0.00850367546081543,8219,0.8178610536561626,3.0182702356138686,2.984731947726015,4.343740962342041,1.0,1.1957286745372986,0.10762065717878777,1.190948121379997
mango_instrument,inst15014,15014,GC-D+,0.05,1,15,0.008260011672973633,8219,0.9649592407835503,5.513553622066418,5.452288349500664,6.372532082760093,1.0,1.1957286745372986,0.10762065717878777,1.190948121379997
mango_instrument,inst15014,15014,GC-D+,0.1,1,15,0.008417367935180664,8219,0.9115464168390315,4.178158554536893,4.131731868553073,5.347354497464408,1.0,1.1957286745372986,0.10762065717878777,1.190948121379997
mango_instrument,inst15014,15014,GC-D+,0.2,1,15,0.00846242904663086,8219,0.8413432291032973,3.220771513458676,3.184983080413545,4.376300316187221,1.0,1.1957286745372986,0.10762065717878777,1.190948121379997
mango_instrument,inst15014,15014,HJ+,0.05,1,15,1.218459129333496,8219,0.979194549215233,6.301693779826969,6.297236223886504,6.733311510061971,1.0,1.1957286745372986,0.10762065717878777,1.190948121379997
mango_instrument,inst15014,15014,HJ+,0.1,1,15,1.2509469985961914,8219,0.935271930891836,4.583274796975517,4.573545318996739,5.454864491548413,1.0,1.1957286745372986,0.10762065717878777,1.190948121379997
mango_instrument,inst15014,15014,HJ+,0.2,1,15,1.4633257389068604,8219,0.8651904124589366,3.4305659680191103,3.422750852345631,4.414332259557457,1.0,1.1957286745372986,0.10762065717878777,1.190948121379997
mango_instrument,inst15014,15014,HJ+-D,0.05,1,15,1.0549352169036865,8219,0.9638642170580363,5.511344478150015,5.466090138088509,6.365324303711237,1.0,1.1957286745372986,0.10762065717878777,1.190948121379997
mango_instrument,inst15014,15014,HJ+-D,0.1,1,15,1.470526933670044,8219,0.9158048424382528,4.233035899245139,4.197695356984944,5.343791160555854,1.0,1.1957286745372986,0.10762065717878777,1.190948121379997
mango_instrument,inst15014,15014,HJ+-D,0.2,1,15,1.6117513179779053,8219,0.844019953765665,3.2358984115440097,3.209612112081155,4.3655839955434415,1.0,1.1957286745372986,0.10762065717878777,1.190948121379997
mango_instrument,inst15014,15014,HCP-D,0.05,1,15,0.211669921875,8219,1.0,inf,inf,inf,0.0,1.1957286745372986,0.10762065717878777,1.190948121379997
mango_instrument,inst15014,15014,HCP-D,0.1,1,15,0.1572246551513672,8219,0.9963499209149531,12.594290278250352,11.700797131366189,12.619855505253554,1.0,1.1957286745372986,0.10762065717878777,1.190948121379997
mango_instrument,inst15014,15014,HCP-D,0.2,1,15,0.15346431732177734,8219,0.9608224844871639,7.117651305885891,6.612694494250164,7.3233669726883255,1.0,1.1957286745372986,0.10762065717878777,1.190948121379997
mango_instrument,inst15014,15014,HCP-A,0.05,1,15,0.1146702766418457,8219,1.0,inf,inf,inf,0.0,1.1957286745372986,0.10762065717878777,1.190948121379997
mango_instrument,inst15014,15014,HCP-A,0.1,1,15,0.11215829849243164,8219,0.9925781725270714,8.378816727132033,8.378816727132033,8.449590499557814,1.0,1.1957286745372986,0.10762065717878777,1.190948121379997
mango_instrument,inst15014,15014,HCP-A,0.2,1,15,0.11153125762939453,8219,0.9287017885387516,5.566776047174755,5.566776047174756,6.024409959042396,1.0,1.1957286745372986,0.10762065717878777,1.190948121379997
mango_instrument,inst15014,15014,ORACLE,0.05,1,15,0.004496574401855469,8219,0.9497505779291885,5.005386711232701,5.077875833916677,6.303103352684152,1.0,1.1957286745372986,0.10762065717878777,1.190948121379997
mango_instrument,inst15014,15014,ORACLE,0.1,1,15,0.0042726993560791016,8219,0.9005961795838909,3.921727607294637,3.9515087255422667,5.347328261568656,1.0,1.1957286745372986,0.10762065717878777,1.190948121379997
mango_instrument,inst15014,15014,ORACLE,0.2,1,15,0.00421142578125,8219,0.8008273512592773,2.8135707889727266,2.8343492334980027,4.316010570842545,1.0,1.1957286745372986,0.10762065717878777,1.190948121379997
mango_instrument,inst15015,15015,ASTM-R,0.05,1,14,2.7797484397888184,2987,0.9745564111148309,4.609477158868529,4.609450945713961,5.06152193530587,1.0,1.106744941505051,-0.6311617161367389,0.9092832626705977
mango_instrument,inst15015,15015,ASTM-R,0.1,1,14,0.0009484291076660156,2987,0.9367258118513558,3.8683786290857007,3.868356630407014,4.414664441443028,1.0,1.106744941505051,-0.6311617161367389,0.9092832626705977
mango_instrument,inst15015,15015,ASTM-R,0.2,1,14,0.0006933212280273438,2987,0.829594911282223,3.013950152980346,3.0139330132617843,3.7546816255340683,1.0,1.106744941505051,-0.6311617161367389,0.9092832626705977
mango_instrument,inst15015,15015,ASTM-G,0.05,1,14,0.0010721683502197266,2987,0.9933043187144291,5.76432679674296,5.764294016194517,5.904922431985517,1.0,1.106744941505051,-0.6311617161367389,0.9092832626705977
mango_instrument,inst15015,15015,ASTM-G,0.1,1,14,0.0009970664978027344,2987,0.9812520924004018,4.8375548512447875,4.837527341058994,5.013595280729695,1.0,1.106744941505051,-0.6311617161367389,0.9092832626705977
mango_instrument,inst15015,15015,ASTM-G,0.2,1,14,0.0008080005645751953,2987,0.9280214261801139,3.7690594902821326,3.769038056411091,4.075549824674255,1.0,1.106744941505051,-0.6311617161367389,0.9092832626705977
mango_instrument,inst15015,15015,GPR,0.05,1,14,12.321239948272705,2987,0.9544693672581185,4.141004790502752,4.09491505019801,4.783994433046536,1.0,1.106744941505051,-0.6311617161367389,0.9092832626705977
mango_instrument,inst15015,15015,GPR,0.1,1,14,0.00016164779663085938,2987,0.9159691998660864,3.475240771059523,3.4365610416851595,4.209444748115079,1.0,1.106744941505051,-0.6311617161367389,0.9092832626705977
mango_instrument,inst15015,15015,GPR,0.2,1,14,0.00010800361633300781,2987,0.8413123535319719,2.7076574947584393,2.677521033420888,3.5320877419661176,1.0,1.106744941505051,-0.6311617161367389,0.9092832626705977
mango_instrument,inst15015,15015,BAG,0.05,1,14,15.34002137184143,2987,0.9755607633076665,4.611396095281284,4.6096806484747965,5.042077538667385,1.0,1.106744941505051,-0.6311617161367389,0.9092832626705977
mango_instrument,inst15015,15015,BAG,0.1,1,14,0.00019311904907226562,2987,0.9380649481084701,3.8700055982984143,3.8685659499560217,4.391642463108609,1.0,1.106744941505051,-0.6311617161367389,0.9092832626705977
mango_instrument,inst15015,15015,BAG,0.2,1,14,0.00014638900756835938,2987,0.8352862403749581,3.015229836807858,3.0141081664313596,3.725924994211243,1.0,1.106744941505051,-0.6311617161367389,0.9092832626705977
mango_instrument,inst15015,15015,QGB,0.05,1,14,4.229159593582153,2987,0.9059256779377302,4.11203396612934,4.001391754514149,5.7435816630830425,1.0,1.106744941505051,-0.6311617161367389,0.9092832626705977
mango_instrument,inst15015,15015,QGB,0.1,1,14,3.8590290546417236,2987,0.812855708068296,3.123319176642595,3.0358372597984324,4.917207107904808,1.0,1.106744941505051,-0.6311617161367389,0.9092832626705977
mango_instrument,inst15015,15015,QGB,0.2,1,14,4.194967985153198,2987,0.6561767659859391,2.163860798422928,2.0949321896628295,4.033001243034495,1.0,1.106744941505051,-0.6311617161367389,0.9092832626705977
mango_instrument,inst15015,15015,SCP,0.05,1,14,0.00031638145446777344,2987,0.975225979243388,4.715261627713396,4.715261627713396,5.123862662175338,1.0,1.106744941505051,-0.6311617161367389,0.9092832626705977
mango_instrument,inst15015,15015,SCP,0.1,1,14,0.0002856254577636719,2987,0.9310344827586207,3.8310778340822766,3.8310778340822758,4.42498543236515,1.0,1.106744941505051,-0.6311617161367389,0.9092832626705977
mango_instrument,inst15015,15015,SCP,0.2,1,14,0.00023865699768066406,2987,0.7937730164044191,2.887646506666081,2.88764650666608,3.7976617657871268,1.0,1.106744941505051,-0.6311617161367389,0.9092832626705977
mango_instrument,inst15015,15015,NCP-kNN,0.05,1,14,7.906579971313477,2987,0.8764646802812186,3.9994591592645743,3.941651864006875,6.325141521941268,1.0,1.106744941505051,-0.6311617161367389,0.9092832626705977
mango_instrument,inst15015,15015,NCP-kNN,0.1,1,14,0.00032782554626464844,2987,0.8088382992969535,3.2712184904980557,3.2239370242791487,5.25133142581712,1.0,1.106744941505051,-0.6311617161367389,0.9092832626705977
mango_instrument,inst15015,15015,NCP-kNN,0.2,1,14,0.0002677440643310547,2987,0.7204553063274188,2.649746076049113,2.611447234211642,4.212221862828503,1.0,1.106744941505051,-0.6311617161367389,0.9092832626705977
mango_instrument,inst15015,15015,CV+,0.05,1,14,0.14246273040771484,2987,0.9768998995647807,4.675176180883774,4.6732772673685545,5.081497054989485,1.0,1.106744941505051,-0.6311617161367389,0.9092832626705977
mango_instrument,inst15015,15015,CV+,0.1,1,14,0.13951802253723145,2987,0.933712755272849,3.811744740504101,3.8100473635066763,4.3815104563756915,1.0,1.106744941505051,-0.6311617161367389,0.9092832626705977
mango_instrument,inst15015,15015,CV+,0.2,1,14,0.1484827995300293,2987,0.813525276196853,2.90738267228682,2.9060136645208736,3.7249589235411302,1.0,1.106744941505051,-0.6311617161367389,0.9092832626705977
mango_instrument,inst15015,15015,CQR,0.05,1,14,0.0003337860107421875,2987,0.949782390358219,4.77552598669916,4.664883775083968,5.502606581320533,1.0,1.106744941505051,-0.6311617161367389,0.9092832626705977
mango_instrument,inst15015,15015,CQR,0.1,1,14,0.000362396240234375,2987,0.8690994308670907,3.548441962881326,3.4609600460371635,4.679121005411915,1.0,1.106744941505051,-0.6311617161367389,0.9092832626705977
mango_instrument,inst15015,15015,CQR,0.2,1,14,0.0003421306610107422,2987,0.7238031469702042,2.4456124440379376,2.3766838352778397,3.8767267509757755,1.0,1.106744941505051,-0.6311617161367389,0.9092832626705977
mango_instrument,inst15015,15015,WCP,0.05,1,14,0.035683631896972656,2987,0.9866086374288584,inf,5.0816906867547935,inf,0.9457649815868765,1.106744941505051,-0.6311617161367389,0.9092832626705977
mango_instrument,inst15015,15015,WCP,0.1,1,14,0.004609584808349609,2987,0.9856042852360227,inf,5.0816906867547935,inf,0.9835955808503515,1.106744941505051,-0.6311617161367389,0.9092832626705977
mango_instrument,inst15015,15015,WCP,0.2,1,14,0.0040285587310791016,2987,0.9601606963508537,inf,4.384375130198277,inf,0.9929695346501507,1.106744941505051,-0.6311617161367389,0.9092832626705977
mango_instrument,inst15015,15015,R-U-A,0.05,1,14,0.003040790557861328,2987,0.9768998995647807,4.67546642391799,4.675466423917989,5.095438294292148,1.0,1.106744941505051,-0.6311617161367389,0.9092832626705977
mango_instrument,inst15015,15015,R-U-A,0.1,1,14,0.002634286880493164,2987,0.9320388349514563,3.806199422821472,3.8061994228214715,4.393286442699658,1.0,1.106744941505051,-0.6311617161367389,0.9092832626705977
mango_instrument,inst15015,15015,R-U-A,0.2,1,14,0.002595663070678711,2987,0.8101774355540676,2.901465335232974,2.901465335232974,3.743078961879162,1.0,1.106744941505051,-0.6311617161367389,0.9092832626705977
mango_instrument,inst15015,15015,R-U-D,0.05,1,14,0.09296107292175293,2987,0.9738868429862738,4.598910321286036,4.598006769538607,4.962518669075024,1.0,1.106744941505051,-0.6311617161367389,0.9092832626705977
mango_instrument,inst15015,15015,R-U-D,0.1,1,14,0.004688262939453125,2987,0.9286909943086709,3.794385240323081,3.7936397542894795,4.355116254517143,1.0,1.106744941505051,-0.6311617161367389,0.9092832626705977
mango_instrument,inst15015,15015,R-U-D,0.2,1,14,0.00420069694519043,2987,0.8081687311683964,2.9092202170827184,2.9086486401596723,3.732758933994101,1.0,1.106744941505051,-0.6311617161367389,0.9092832626705977
mango_instrument,inst15015,15015,G-U-A,0.05,1,14,0.003271341323852539,2987,0.9926347505858721,5.630150047511135,5.630150047511133,5.789775209818019,1.0,1.106744941505051,-0.6311617161367389,0.9092832626705977
mango_instrument,inst15015,15015,G-U-A,0.1,1,14,0.002576589584350586,2987,0.9728824907934382,4.571202178570552,4.571202178570552,4.807360325170348,1.0,1.106744941505051,-0.6311617161367389,0.9092832626705977
mango_instrument,inst15015,15015,G-U-A,0.2,1,14,0.0024156570434570312,2987,0.8915299631737529,3.407155378023685,3.4071553780236847,3.877612520453426,1.0,1.106744941505051,-0.6311617161367389,0.9092832626705977
mango_instrument,inst15015,15015,G-W-A,0.05,1,14,0.01165151596069336,2987,0.9933043187144291,5.82869269861679,5.828692698616791,5.96077760569349,1.0,1.106744941505051,-0.6311617161367389,0.9092832626705977
mango_instrument,inst15015,15015,G-W-A,0.1,1,14,0.011583805084228516,2987,0.9812520924004018,4.84006968153113,4.84006968153113,5.015690676102303,1.0,1.106744941505051,-0.6311617161367389,0.9092832626705977
mango_instrument,inst15015,15015,G-W-A,0.2,1,14,0.011909723281860352,2987,0.9196518245731503,3.690534876674875,3.6905348766748745,4.027195280299314,1.0,1.106744941505051,-0.6311617161367389,0.9092832626705977
mango_instrument,inst15015,15015,G-U-D,0.05,1,14,0.0957024097442627,2987,0.9802477402075661,4.851919568949737,4.840377075742564,5.096515542192182,1.0,1.106744941505051,-0.6311617161367389,0.9092832626705977
mango_instrument,inst15015,15015,G-U-D,0.1,1,14,0.0043239593505859375,2987,0.9437562772012053,4.020359433811753,4.010795183869909,4.430532526479223,1.0,1.106744941505051,-0.6311617161367389,0.9092832626705977
mango_instrument,inst15015,15015,G-U-D,0.2,1,14,0.004136085510253906,2987,0.8329427519250083,3.0698339593425943,3.0625309657295894,3.756381905395328,1.0,1.106744941505051,-0.6311617161367389,0.9092832626705977
mango_instrument,inst15015,15015,GC-D,0.05,1,14,0.013396978378295898,2987,0.9852695011717443,5.05320173381569,5.041180399608027,5.233027764855655,1.0,1.106744941505051,-0.6311617161367389,0.9092832626705977
mango_instrument,inst15015,15015,GC-D,0.1,1,14,0.012722492218017578,2987,0.9568128557080683,4.254904593612486,4.244782371537077,4.54944540095751,1.0,1.106744941505051,-0.6311617161367389,0.9092832626705977
mango_instrument,inst15015,15015,GC-D,0.2,1,14,0.013106107711791992,2987,0.8714429193170405,3.3165227067332306,3.3086328519510353,3.8236962652554944,1.0,1.106744941505051,-0.6311617161367389,0.9092832626705977
mango_instrument,inst15015,15015,GC-D+,0.05,1,14,0.012936830520629883,2987,0.9973217274857716,6.086664885626203,6.072184990174872,6.126005633977114,1.0,1.106744941505051,-0.6311617161367389,0.9092832626705977
mango_instrument,inst15015,15015,GC-D+,0.1,1,14,0.013541460037231445,2987,0.9738868429862738,4.6712246406783615,4.660112012383934,4.832615301181561,1.0,1.106744941505051,-0.6311617161367389,0.9092832626705977
mango_instrument,inst15015,15015,GC-D+,0.2,1,14,0.012984514236450195,2987,0.9015734851021091,3.531787004100558,3.5233850454685793,3.9202755388708144,1.0,1.106744941505051,-0.6311617161367389,0.9092832626705977
mango_instrument,inst15015,15015,HJ+,0.05,1,14,0.61234450340271,2987,0.9986608637428859,7.3013357678135655,7.295194076535022,7.3271699837334765,1.0,1.106744941505051,-0.6311617161367389,0.9092832626705977
mango_instrument,inst15015,15015,HJ+,0.1,1,14,0.6512916088104248,2987,0.9926347505858721,5.387973700083217,5.383297429676794,5.474949357857562,1.0,1.106744941505051,-0.6311617161367389,0.9092832626705977
mango_instrument,inst15015,15015,HJ+,0.2,1,14,0.7276625633239746,2987,0.954804151322397,3.9765873416173103,3.973238429130223,4.169368049436417,1.0,1.106744941505051,-0.6311617161367389,0.9092832626705977
mango_instrument,inst15015,15015,HJ+-D,0.05,1,14,0.6262891292572021,2987,0.9986608637428859,6.156332524276487,6.138622627255776,6.182591408027117,1.0,1.106744941505051,-0.6311617161367389,0.9092832626705977
mango_instrument,inst15015,15015,HJ+-D,0.1,1,14,0.6888153553009033,2987,0.9819216605289588,4.728727616344612,4.711552059812229,4.833874425697685,1.0,1.106744941505051,-0.6311617161367389,0.9092832626705977
mango_instrument,inst15015,15015,HJ+-D,0.2,1,14,0.7637777328491211,2987,0.9223300970873787,3.567460385797388,3.55695775301019,3.860598187745997,1.0,1.106744941505051,-0.6311617161367389,0.9092832626705977
mango_instrument,inst15015,15015,HCP-D,0.05,1,14,0.26924562454223633,2987,1.0,inf,inf,inf,0.0,1.106744941505051,-0.6311617161367389,0.9092832626705977
mango_instrument,inst15015,15015,HCP-D,0.1,1,14,0.25623583793640137,2987,0.9933043187144291,7.813027948923415,7.6073328171407155,7.849483424204526,1.0,1.106744941505051,-0.6311617161367389,0.9092832626705977
mango_instrument,inst15015,15015,HCP-D,0.2,1,14,0.26482129096984863,2987,0.9250083696016069,4.726229382674092,4.6018010071377695,5.046827189421808,1.0,1.106744941505051,-0.6311617161367389,0.9092832626705977
mango_instrument,inst15015,15015,HCP-A,0.05,1,14,0.14353561401367188,2987,1.0,inf,inf,inf,0.0,1.106744941505051,-0.6311617161367389,0.9092832626705977
mango_instrument,inst15015,15015,HCP-A,0.1,1,14,0.14329195022583008,2987,1.0,9.692261057831232,9.692261057831232,9.692261057831232,1.0,1.106744941505051,-0.6311617161367389,0.9092832626705977
mango_instrument,inst15015,15015,HCP-A,0.2,1,14,0.1531519889831543,2987,0.995647807164379,6.827465546938903,6.827465546938903,6.842421240050615,1.0,1.106744941505051,-0.6311617161367389,0.9092832626705977
mango_instrument,inst15015,15015,ORACLE,0.05,1,14,0.002530336380004883,2987,0.949782390358219,4.094441696796806,4.064945815231383,4.931135069031835,1.0,1.106744941505051,-0.6311617161367389,0.9092832626705977
mango_instrument,inst15015,15015,ORACLE,0.1,1,14,0.0018177032470703125,2987,0.8998995647807164,3.499223063851387,3.452297587192925,4.347532533875385,1.0,1.106744941505051,-0.6311617161367389,0.9092832626705977
mango_instrument,inst15015,15015,ORACLE,0.2,1,14,0.0016407966613769531,2987,0.8001339136257114,2.8351789123169677,2.828197505650204,3.741306430288017,1.0,1.106744941505051,-0.6311617161367389,0.9092832626705977
mango_instrument,inst15016,15016,ASTM-R,0.05,1,12,2.0865235328674316,7584,0.9123154008438819,4.637430541364424,4.637307256922273,6.748009783472573,1.0,1.3767707238102838,-0.7218379252265833,1.1724456872089801
mango_instrument,inst15016,15016,ASTM-R,0.1,1,12,0.0007817745208740234,7584,0.853243670886076,3.891831448069953,3.891727985114608,5.810220289016567,1.0,1.3767707238102838,-0.7218379252265833,1.1724456872089801
mango_instrument,inst15016,15016,ASTM-R,0.2,1,12,0.0006480216979980469,7584,0.7366824894514767,3.032218235267764,3.0321376248240544,4.850785310759533,1.0,1.3767707238102838,-0.7218379252265833,1.1724456872089801
mango_instrument,inst15016,15016,ASTM-G,0.05,1,12,0.0014464855194091797,7584,0.9553006329113924,5.4616327099229665,5.461487514359201,6.494045849295682,1.0,1.3767707238102838,-0.7218379252265833,1.1724456872089801
mango_instrument,inst15016,15016,ASTM-G,0.1,1,12,0.0008597373962402344,7584,0.9088871308016878,4.583519634135987,4.583397782896137,5.687015414853173,1.0,1.3767707238102838,-0.7218379252265833,1.1724456872089801
mango_instrument,inst15016,15016,ASTM-G,0.2,1,12,0.0007600784301757812,7584,0.8180379746835443,3.5711289149553016,3.5710339777627764,4.7922150142883995,1.0,1.3767707238102838,-0.7218379252265833,1.1724456872089801
mango_instrument,inst15016,15016,GPR,0.05,1,12,16.156313180923462,7584,0.7850738396624473,4.1596028764382975,3.907925829270223,10.078291913535356,1.0,1.3767707238102838,-0.7218379252265833,1.1724456872089801
mango_instrument,inst15016,15016,GPR,0.1,1,12,0.00019097328186035156,7584,0.6758966244725738,3.4908487767916365,3.279634740656178,8.193155906516775,1.0,1.3767707238102838,-0.7218379252265833,1.1724456872089801
mango_instrument,inst15016,15016,GPR,0.2,1,12,0.000244140625,7584,0.5261075949367089,2.7198181295123605,2.555255353688917,6.558919597302878,1.0,1.3767707238102838,-0.7218379252265833,1.1724456872089801
mango_instrument,inst15016,15016,BAG,0.05,1,12,8.635197401046753,7584,0.9117879746835443,4.640778482089161,4.639003575272108,6.770442096413316,1.0,1.3767707238102838,-0.7218379252265833,1.1724456872089801
mango_instrument,inst15016,15016,BAG,0.1,1,12,0.0001976490020751953,7584,0.8527162447257384,3.894664074622799,3.8931745258665167,5.829828288759099,1.0,1.3767707238102838,-0.7218379252265833,1.1724456872089801
mango_instrument,inst15016,15016,BAG,0.2,1,12,0.00015616416931152344,7584,0.734704641350211,3.034441946882375,3.0332813976947204,4.8687784910788405,1.0,1.3767707238102838,-0.7218379252265833,1.1724456872089801
mango_instrument,inst15016,15016,QGB,0.05,1,12,3.2401955127716064,7584,0.8098628691983122,4.207161569241945,4.0907787528172435,9.338973767074982,1.0,1.3767707238102838,-0.7218379252265833,1.1724456872089801
mango_instrument,inst15016,15016,QGB,0.1,1,12,3.0835018157958984,7584,0.609045358649789,2.81604020671104,2.7046716158669835,9.272776510837206,1.0,1.3767707238102838,-0.7218379252265833,1.1724456872089801
mango_instrument,inst15016,15016,QGB,0.2,1,12,3.1821041107177734,7584,0.4305116033755274,1.9391161225549851,1.8799971486107214,7.131666481376047,1.0,1.3767707238102838,-0.7218379252265833,1.1724456872089801
mango_instrument,inst15016,15016,SCP,0.05,1,12,0.00024700164794921875,7584,0.9107331223628692,4.6224040239821065,4.6224040239821065,6.794862600559327,1.0,1.3767707238102838,-0.7218379252265833,1.1724456872089801
mango_instrument,inst15016,15016,SCP,0.1,1,12,0.00037169456481933594,7584,0.8425632911392406,3.791389512835615,3.7913895128356145,5.887380381101858,1.0,1.3767707238102838,-0.7218379252265833,1.1724456872089801
mango_instrument,inst15016,15016,SCP,0.2,1,12,0.00019860267639160156,7584,0.7143987341772152,2.9101892837095957,2.9101892837095953,4.913363571911986,1.0,1.3767707238102838,-0.7218379252265833,1.1724456872089801
mango_instrument,inst15016,15016,NCP-kNN,0.05,1,12,4.156259298324585,7584,0.7906118143459916,3.6178402373346663,3.56795100557272,9.317443043781541,1.0,1.3767707238102838,-0.7218379252265833,1.1724456872089801
mango_instrument,inst15016,15016,NCP-kNN,0.1,1,12,0.0002701282501220703,7584,0.7117616033755274,3.0270979549921084,2.98535493110613,7.175986033302451,1.0,1.3767707238102838,-0.7218379252265833,1.1724456872089801
mango_instrument,inst15016,15016,NCP-kNN,0.2,1,12,0.00023484230041503906,7584,0.6152426160337553,2.452886042227173,2.419061276007957,5.403416094130953,1.0,1.3767707238102838,-0.7218379252265833,1.1724456872089801
mango_instrument,inst15016,15016,CV+,0.05,1,12,0.31693267822265625,7584,0.915084388185654,4.676647304571045,4.676354147530356,6.71755372128731,1.0,1.3767707238102838,-0.7218379252265833,1.1724456872089801
mango_instrument,inst15016,15016,CV+,0.1,1,12,0.29764294624328613,7584,0.8442774261603375,3.7963930715361363,3.7960832990143913,5.85479200655261,1.0,1.3767707238102838,-0.7218379252265833,1.1724456872089801
mango_instrument,inst15016,15016,CV+,0.2,1,12,0.3238668441772461,7584,0.7150580168776371,2.9128780514102317,2.9127747113428635,4.894018526793772,1.0,1.3767707238102838,-0.7218379252265833,1.1724456872089801
mango_instrument,inst15016,15016,CQR,0.05,1,12,0.0003159046173095703,7584,0.8761867088607594,4.837284905392612,4.720902088967911,8.028722277845569,1.0,1.3767707238102838,-0.7218379252265833,1.1724456872089801
mango_instrument,inst15016,15016,CQR,0.1,1,12,0.0002307891845703125,7584,0.6751054852320675,3.2148023228678424,3.1034337320237864,8.24470736839777,1.0,1.3767707238102838,-0.7218379252265833,1.1724456872089801
mango_instrument,inst15016,15016,CQR,0.2,1,12,0.0002281665802001953,7584,0.4943301687763713,2.2261059309991253,2.1669869570548617,6.646001707362176,1.0,1.3767707238102838,-0.7218379252265833,1.1724456872089801
mango_instrument,inst15016,15016,WCP,0.05,1,12,0.03497004508972168,7584,0.9556962025316456,inf,inf,inf,0.495253164556962,1.3767707238102838,-0.7218379252265833,1.1724456872089801
mango_instrument,inst15016,15016,WCP,0.1,1,12,0.004899263381958008,7584,0.880801687763713,inf,3.8868735820622557,inf,0.6139240506329114,1.3767707238102838,-0.7218379252265833,1.1724456872089801
mango_instrument,inst15016,15016,WCP,0.2,1,12,0.008735895156860352,7584,0.7646360759493671,inf,2.476881299150028,inf,0.7298259493670886,1.3767707238102838,-0.7218379252265833,1.1724456872089801
mango_instrument,inst15016,15016,R-U-A,0.05,1,12,0.003125429153442383,7584,0.9149525316455697,4.675564712854473,4.675564712854474,6.720733230864079,1.0,1.3767707238102838,-0.7218379252265833,1.1724456872089801
mango_instrument,inst15016,15016,R-U-A,0.1,1,12,0.0027627944946289062,7584,0.8441455696202531,3.79523762624115,3.79523762624115,5.859642194753185,1.0,1.3767707238102838,-0.7218379252265833,1.1724456872089801
mango_instrument,inst15016,15016,R-U-A,0.2,1,12,0.004059553146362305,7584,0.7150580168776371,2.913397493071983,2.913397493071983,4.8946101255258885,1.0,1.3767707238102838,-0.7218379252265833,1.1724456872089801
mango_instrument,inst15016,15016,R-U-D,0.05,1,12,0.0996711254119873,7584,0.9386867088607594,5.045141929783935,4.878542282900531,6.499062756100424,1.0,1.3767707238102838,-0.7218379252265833,1.1724456872089801
mango_instrument,inst15016,15016,R-U-D,0.1,1,12,0.004464387893676758,7584,0.8757911392405063,4.1361228892721424,3.999540683576174,5.642231746827749,1.0,1.3767707238102838,-0.7218379252265833,1.1724456872089801
mango_instrument,inst15016,15016,R-U-D,0.2,1,12,0.00434112548828125,7584,0.7590981012658228,3.175018719124262,3.070173899133845,4.7579251837628265,1.0,1.3767707238102838,-0.7218379252265833,1.1724456872089801
mango_instrument,inst15016,15016,G-U-A,0.05,1,12,0.002934694290161133,7584,0.9549050632911392,5.454727593472953,5.454727593472953,6.493548288984968,1.0,1.3767707238102838,-0.7218379252265833,1.1724456872089801
mango_instrument,inst15016,15016,G-U-A,0.1,1,12,0.002504110336303711,7584,0.8924050632911392,4.378201388635875,4.378201388635876,5.685242565431381,1.0,1.3767707238102838,-0.7218379252265833,1.1724456872089801
mango_instrument,inst15016,15016,G-U-A,0.2,1,12,0.0024237632751464844,7584,0.7881065400843882,3.368394289778614,3.368394289778614,4.789100616269825,1.0,1.3767707238102838,-0.7218379252265833,1.1724456872089801
mango_instrument,inst15016,15016,G-W-A,0.05,1,12,0.009510040283203125,7584,0.959256329113924,5.567732712539811,5.5677327125398115,6.510142603615348,1.0,1.3767707238102838,-0.7218379252265833,1.1724456872089801
mango_instrument,inst15016,15016,G-W-A,0.1,1,12,0.008051395416259766,7584,0.8999208860759493,4.462424156819498,4.462424156819498,5.682176620513374,1.0,1.3767707238102838,-0.7218379252265833,1.1724456872089801
mango_instrument,inst15016,15016,G-W-A,0.2,1,12,0.008255958557128906,7584,0.7896888185654009,3.3800355254110888,3.3800355254110883,4.788446585378611,1.0,1.3767707238102838,-0.7218379252265833,1.1724456872089801
mango_instrument,inst15016,15016,G-U-D,0.05,1,12,0.06330060958862305,7584,0.9429061181434599,5.169142552095067,4.9788769106239865,6.53528747078036,1.0,1.3767707238102838,-0.7218379252265833,1.1724456872089801
mango_instrument,inst15016,15016,G-U-D,0.1,1,12,0.003407001495361328,7584,0.8872626582278481,4.27761092888062,4.12016075621759,5.649798177292042,1.0,1.3767707238102838,-0.7218379252265833,1.1724456872089801
mango_instrument,inst15016,15016,G-U-D,0.2,1,12,0.0031766891479492188,7584,0.7849419831223629,3.3255371420027884,3.2031308722622462,4.753396498734965,1.0,1.3767707238102838,-0.7218379252265833,1.1724456872089801
mango_instrument,inst15016,15016,GC-D,0.05,1,12,0.00944375991821289,7584,0.9564873417721519,5.559565129820597,5.3549288260110135,6.557060406688223,1.0,1.3767707238102838,-0.7218379252265833,1.1724456872089801
mango_instrument,inst15016,15016,GC-D,0.1,1,12,0.009369134902954102,7584,0.9115242616033755,4.573974181332315,4.40561547910797,5.662435905349174,1.0,1.3767707238102838,-0.7218379252265833,1.1724456872089801
mango_instrument,inst15016,15016,GC-D,0.2,1,12,0.00919795036315918,7584,0.8037974683544303,3.4823154544505472,3.354138493364969,4.753133182782309,1.0,1.3767707238102838,-0.7218379252265833,1.1724456872089801
mango_instrument,inst15016,15016,GC-D+,0.05,1,12,0.009921073913574219,7584,0.9862869198312236,6.868619072324597,6.615799150907132,7.231813788745031,1.0,1.3767707238102838,-0.7218379252265833,1.1724456872089801
mango_instrument,inst15016,15016,GC-D+,0.1,1,12,0.009340763092041016,7584,0.9397415611814346,5.124719298838319,4.936088787118827,5.832288977909565,1.0,1.3767707238102838,-0.7218379252265833,1.1724456872089801
mango_instrument,inst15016,15016,GC-D+,0.2,1,12,0.012258291244506836,7584,0.8357067510548524,3.735080581092013,3.5975998489308108,4.7837997671331305,1.0,1.3767707238102838,-0.7218379252265833,1.1724456872089801
mango_instrument,inst15016,15016,HJ+,0.05,1,12,1.198890209197998,7584,0.9899789029535865,7.181888367223862,7.173827033423618,7.459792965865866,1.0,1.3767707238102838,-0.7218379252265833,1.1724456872089801
mango_instrument,inst15016,15016,HJ+,0.1,1,12,1.3525171279907227,7584,0.9458069620253164,5.158617897412381,5.154155993744063,5.784714161803617,1.0,1.3767707238102838,-0.7218379252265833,1.1724456872089801
mango_instrument,inst15016,15016,HJ+,0.2,1,12,1.5915775299072266,7584,0.8426951476793249,3.7009350580334757,3.6970502763031297,4.723299517253587,1.0,1.3767707238102838,-0.7218379252265833,1.1724456872089801
mango_instrument,inst15016,15016,HJ+-D,0.05,1,12,1.078139066696167,7584,0.9901107594936709,7.074856617546036,6.8419849872667236,7.365482228373335,1.0,1.3767707238102838,-0.7218379252265833,1.1724456872089801
mango_instrument,inst15016,15016,HJ+-D,0.1,1,12,1.3788578510284424,7584,0.952795358649789,5.25760273586938,5.083378915953577,5.810888168958809,1.0,1.3767707238102838,-0.7218379252265833,1.1724456872089801
mango_instrument,inst15016,15016,HJ+-D,0.2,1,12,1.6189517974853516,7584,0.8589135021097046,3.8485655622317063,3.7235208424810997,4.718611066170705,1.0,1.3767707238102838,-0.7218379252265833,1.1724456872089801
mango_instrument,inst15016,15016,HCP-D,0.05,1,12,0.22093772888183594,7584,1.0,inf,inf,inf,0.0,1.3767707238102838,-0.7218379252265833,1.1724456872089801
mango_instrument,inst15016,15016,HCP-D,0.1,1,12,0.22283697128295898,7584,0.9993407172995781,13.753790601275504,13.48193272059428,13.762052309681984,1.0,1.3767707238102838,-0.7218379252265833,1.1724456872089801
mango_instrument,inst15016,15016,HCP-D,0.2,1,12,0.2517728805541992,7584,0.9948575949367089,9.152443180167133,8.971535685051943,9.18342302181476,1.0,1.3767707238102838,-0.7218379252265833,1.1724456872089801
mango_instrument,inst15016,15016,HCP-A,0.05,1,12,0.12737393379211426,7584,1.0,inf,inf,inf,0.0,1.3767707238102838,-0.7218379252265833,1.1724456872089801
mango_instrument,inst15016,15016,HCP-A,0.1,1,12,0.12280726432800293,7584,1.0,13.608612258164808,13.608612258164808,13.608612258164808,1.0,1.3767707238102838,-0.7218379252265833,1.1724456872089801
mango_instrument,inst15016,15016,HCP-A,0.2,1,12,0.12452983856201172,7584,0.9854957805907173,6.958612603384981,6.9586126033849816,7.048222576483558,1.0,1.3767707238102838,-0.7218379252265833,1.1724456872089801
mango_instrument,inst15016,15016,ORACLE,0.05,1,12,0.004530668258666992,7584,0.9491033755274262,5.351321931567762,5.316791692259679,6.490421959667401,1.0,1.3767707238102838,-0.7218379252265833,1.1724456872089801
mango_instrument,inst15016,15016,ORACLE,0.1,1,12,0.00402379035949707,7584,0.8978111814345991,4.4554386299342434,4.332186825835274,5.700764700983684,1.0,1.3767707238102838,-0.7218379252265833,1.1724456872089801
mango_instrument,inst15016,15016,ORACLE,0.2,1,12,0.0037364959716796875,7584,0.8008966244725738,3.4513529774900045,3.39997923908083,4.789640770714818,1.0,1.3767707238102838,-0.7218379252265833,1.1724456872089801
mango_instrument,inst15023,15023,ASTM-R,0.05,1,13,2.0869147777557373,5835,0.9701799485861182,4.581146859408361,4.581112672969034,5.195091810047631,1.0,1.042167893518579,-0.10155744522695766,1.0372966814673592
mango_instrument,inst15023,15023,ASTM-R,0.1,1,13,0.0009257793426513672,5835,0.9348757497857755,3.8445987977123393,3.844570107703575,4.480246139269285,1.0,1.042167893518579,-0.10155744522695766,1.0372966814673592
mango_instrument,inst15023,15023,ASTM-R,0.2,1,13,0.0006601810455322266,5835,0.8544987146529563,2.995419488120615,2.99539713504403,3.7394846703722315,1.0,1.042167893518579,-0.10155744522695766,1.0372966814673592
mango_instrument,inst15023,15023,ASTM-G,0.05,1,13,0.0011773109436035156,5835,0.9921165381319623,5.88283514141027,5.882791241227018,6.075921262702908,1.0,1.042167893518579,-0.10155744522695766,1.0372966814673592
mango_instrument,inst15023,15023,ASTM-G,0.1,1,13,0.0009696483612060547,5835,0.9789203084832905,4.937004118380685,4.936967276385232,5.151789165416574,1.0,1.042167893518579,-0.10155744522695766,1.0372966814673592
mango_instrument,inst15023,15023,ASTM-G,0.2,1,13,0.0007464885711669922,5835,0.9350471293916024,3.8465387748466284,3.8465100703609423,4.163732343383545,1.0,1.042167893518579,-0.10155744522695766,1.0372966814673592
mango_instrument,inst15023,15023,GPR,0.05,1,13,16.67237901687622,5835,0.9341902313624678,4.2265669232042855,4.153266557473636,5.900858120997522,1.0,1.042167893518579,-0.10155744522695766,1.0372966814673592
mango_instrument,inst15023,15023,GPR,0.1,1,13,0.00017714500427246094,5835,0.8805484147386461,3.547046776381017,3.485531170288276,5.010145148335956,1.0,1.042167893518579,-0.10155744522695766,1.0372966814673592
mango_instrument,inst15023,15023,GPR,0.2,1,13,0.00014972686767578125,5835,0.7749785775492717,2.763603566206643,2.71567503323457,4.168259171132026,1.0,1.042167893518579,-0.10155744522695766,1.0372966814673592
mango_instrument,inst15023,15023,BAG,0.05,1,13,10.059781312942505,5835,0.9700085689802913,4.592172456740341,4.591251458372234,5.188033074577149,1.0,1.042167893518579,-0.10155744522695766,1.0372966814673592
mango_instrument,inst15023,15023,BAG,0.1,1,13,0.0002646446228027344,5835,0.9353898886032562,3.853872612270769,3.8530996860751117,4.4798217248955785,1.0,1.042167893518579,-0.10155744522695766,1.0372966814673592
mango_instrument,inst15023,15023,BAG,0.2,1,13,0.0001456737518310547,5835,0.8520994001713796,3.0026601751906368,3.002057966726696,3.744944258026366,1.0,1.042167893518579,-0.10155744522695766,1.0372966814673592
mango_instrument,inst15023,15023,QGB,0.05,1,13,3.6337039470672607,5835,0.847814910025707,4.148328850209084,4.100089954984426,7.876634668826504,1.0,1.042167893518579,-0.10155744522695766,1.0372966814673592
mango_instrument,inst15023,15023,QGB,0.1,1,13,3.32177734375,5835,0.7694944301628106,3.101965907540146,3.0548009914899144,5.977808182157857,1.0,1.042167893518579,-0.10155744522695766,1.0372966814673592
mango_instrument,inst15023,15023,QGB,0.2,1,13,3.4436070919036865,5835,0.642159383033419,2.297145030348269,2.271049944863984,4.664102917286733,1.0,1.042167893518579,-0.10155744522695766,1.0372966814673592
mango_instrument,inst15023,15023,SCP,0.05,1,13,0.00026535987854003906,5835,0.9698371893744644,4.592322109191674,4.592322109191674,5.214042424807418,1.0,1.042167893518579,-0.10155744522695766,1.0372966814673592
mango_instrument,inst15023,15023,SCP,0.1,1,13,0.0003609657287597656,5835,0.9280205655526992,3.7578077740637923,3.7578077740637923,4.45912679972845,1.0,1.042167893518579,-0.10155744522695766,1.0372966814673592
mango_instrument,inst15023,15023,SCP,0.2,1,13,0.0002357959747314453,5835,0.8425021422450728,2.9022272392923303,2.90222723929233,3.7226607974908577,1.0,1.042167893518579,-0.10155744522695766,1.0372966814673592
mango_instrument,inst15023,15023,NCP-kNN,0.05,1,13,6.24034309387207,5835,0.9413881748071979,4.453372456478602,4.1763038491063575,5.685929350847259,1.0,1.042167893518579,-0.10155744522695766,1.0372966814673592
mango_instrument,inst15023,15023,NCP-kNN,0.1,1,13,0.0003330707550048828,5835,0.8976863753213368,3.721304707424701,3.4897820304040543,4.7955496902032655,1.0,1.042167893518579,-0.10155744522695766,1.0372966814673592
mango_instrument,inst15023,15023,NCP-kNN,0.2,1,13,0.0002391338348388672,5835,0.8279348757497857,2.9967037073550125,2.810262413477556,3.9333966678009196,1.0,1.042167893518579,-0.10155744522695766,1.0372966814673592
mango_instrument,inst15023,15023,CV+,0.05,1,13,0.23607611656188965,5835,0.970694087403599,4.6389818980694875,4.638950352638391,5.217664514671335,1.0,1.042167893518579,-0.10155744522695766,1.0372966814673592
mango_instrument,inst15023,15023,CV+,0.1,1,13,0.22341108322143555,5835,0.9305912596401028,3.7820733949912233,3.782117793386666,4.459928411599519,1.0,1.042167893518579,-0.10155744522695766,1.0372966814673592
mango_instrument,inst15023,15023,CV+,0.2,1,13,0.26331591606140137,5835,0.8394173093401885,2.8731579352898766,2.873046937145215,3.7111055916957447,1.0,1.042167893518579,-0.10155744522695766,1.0372966814673592
mango_instrument,inst15023,15023,CQR,0.05,1,13,0.0002887248992919922,5835,0.9016281062553556,4.705897142949813,4.657658247725157,7.057836797499065,1.0,1.042167893518579,-0.10155744522695766,1.0372966814673592
mango_instrument,inst15023,15023,CQR,0.1,1,13,0.0006842613220214844,5835,0.8332476435304199,3.539552682683195,3.492387766632964,5.540232203334389,1.0,1.042167893518579,-0.10155744522695766,1.0372966814673592
mango_instrument,inst15023,15023,CQR,0.2,1,13,0.00027489662170410156,5835,0.7110539845758355,2.636962231823724,2.610867146339439,4.452825909796311,1.0,1.042167893518579,-0.10155744522695766,1.0372966814673592
mango_instrument,inst15023,15023,WCP,0.05,1,13,0.047292470932006836,5835,0.9885175664095972,inf,4.930971760713689,inf,0.7455012853470437,1.042167893518579,-0.10155744522695766,1.0372966814673592
mango_instrument,inst15023,15023,WCP,0.1,1,13,0.003943920135498047,5835,0.9643530419880034,inf,4.139420144010543,inf,0.8485004284490145,1.042167893518579,-0.10155744522695766,1.0372966814673592
mango_instrument,inst15023,15023,WCP,0.2,1,13,0.0035707950592041016,5835,0.8666666666666667,inf,2.8320767340923965,inf,0.9172236503856042,1.042167893518579,-0.10155744522695766,1.0372966814673592
mango_instrument,inst15023,15023,R-U-A,0.05,1,13,0.0026557445526123047,5835,0.970694087403599,4.636427589735366,4.636427589735366,5.217734811061061,1.0,1.042167893518579,-0.10155744522695766,1.0372966814673592
mango_instrument,inst15023,15023,R-U-A,0.1,1,13,0.002352476119995117,5835,0.9305912596401028,3.781212819238095,3.781212819238096,4.45963003673981,1.0,1.042167893518579,-0.10155744522695766,1.0372966814673592
mango_instrument,inst15023,15023,R-U-A,0.2,1,13,0.0023250579833984375,5835,0.8394173093401885,2.8737294015858765,2.8737294015858765,3.7112246284690382,1.0,1.042167893518579,-0.10155744522695766,1.0372966814673592
mango_instrument,inst15023,15023,R-U-D,0.05,1,13,0.0812523365020752,5835,0.9758354755784062,4.723944582271988,4.709341053690739,5.2152090295217635,1.0,1.042167893518579,-0.10155744522695766,1.0372966814673592
mango_instrument,inst15023,15023,R-U-D,0.1,1,13,0.004053354263305664,5835,0.9371036846615253,3.8667211463243545,3.8547676248990648,4.464757737862562,1.0,1.042167893518579,-0.10155744522695766,1.0372966814673592
mango_instrument,inst15023,15023,R-U-D,0.2,1,13,0.003599882125854492,5835,0.8522707797772066,2.9793837048835043,2.970173284580934,3.724165726952841,1.0,1.042167893518579,-0.10155744522695766,1.0372966814673592
mango_instrument,inst15023,15023,G-U-A,0.05,1,13,0.002660036087036133,5835,0.9905741216795202,5.608085419001494,5.608085419001494,5.847269147554973,1.0,1.042167893518579,-0.10155744522695766,1.0372966814673592
mango_instrument,inst15023,15023,G-U-A,0.1,1,13,0.002074718475341797,5835,0.9674378748928878,4.49180007455179,4.49180007455179,4.826913146708633,1.0,1.042167893518579,-0.10155744522695766,1.0372966814673592
mango_instrument,inst15023,15023,G-U-A,0.2,1,13,0.002115011215209961,5835,0.8952870608397601,3.3474514760394887,3.3474514760394882,3.8727692128231728,1.0,1.042167893518579,-0.10155744522695766,1.0372966814673592
mango_instrument,inst15023,15023,G-W-A,0.05,1,13,0.009692668914794922,5835,0.9919451585261354,5.835625708606753,5.835625708606752,6.036213164793994,1.0,1.042167893518579,-0.10155744522695766,1.0372966814673592
mango_instrument,inst15023,15023,G-W-A,0.1,1,13,0.009082317352294922,5835,0.974293059125964,4.779853406452454,4.779853406452453,5.031178797104939,1.0,1.042167893518579,-0.10155744522695766,1.0372966814673592
mango_instrument,inst15023,15023,G-W-A,0.2,1,13,0.009409189224243164,5835,0.9216795201371036,3.6569067666693122,3.6569067666693122,4.042053819136681,1.0,1.042167893518579,-0.10155744522695766,1.0372966814673592
mango_instrument,inst15023,15023,G-U-D,0.05,1,13,0.07593202590942383,5835,0.9821765209940018,5.077694798054121,5.022100409797133,5.434229367967776,1.0,1.042167893518579,-0.10155744522695766,1.0372966814673592
mango_instrument,inst15023,15023,G-U-D,0.1,1,13,0.0036454200744628906,5835,0.9537275064267352,4.187431252491625,4.1415841332556145,4.619105584899975,1.0,1.042167893518579,-0.10155744522695766,1.0372966814673592
mango_instrument,inst15023,15023,G-U-D,0.2,1,13,0.003654956817626953,5835,0.8786632390745501,3.2213643052384375,3.1860944071793327,3.8083512996719935,1.0,1.042167893518579,-0.10155744522695766,1.0372966814673592
mango_instrument,inst15023,15023,GC-D,0.05,1,13,0.010582208633422852,5835,0.9847472150814053,5.311224704438982,5.253073456661774,5.594816786630036,1.0,1.042167893518579,-0.10155744522695766,1.0372966814673592
mango_instrument,inst15023,15023,GC-D,0.1,1,13,0.010618209838867188,5835,0.9650385604113111,4.441189049768026,4.392563600981681,4.773956680215451,1.0,1.042167893518579,-0.10155744522695766,1.0372966814673592
mango_instrument,inst15023,15023,GC-D,0.2,1,13,0.010428190231323242,5835,0.9021422450728364,3.447187675842101,3.409445295162014,3.9126659403241413,1.0,1.042167893518579,-0.10155744522695766,1.0372966814673592
mango_instrument,inst15023,15023,GC-D+,0.05,1,13,0.010562419891357422,5835,0.9955441302485004,6.437050932534387,6.3665732998672055,6.537486211562399,1.0,1.042167893518579,-0.10155744522695766,1.0372966814673592
mango_instrument,inst15023,15023,GC-D+,0.1,1,13,0.010269880294799805,5835,0.9792630676949443,4.91052568162357,4.85676158548398,5.119564359687447,1.0,1.042167893518579,-0.10155744522695766,1.0372966814673592
mango_instrument,inst15023,15023,GC-D+,0.2,1,13,0.010775089263916016,5835,0.9220222793487575,3.681929865821349,3.6416173526364464,4.045523644000717,1.0,1.042167893518579,-0.10155744522695766,1.0372966814673592
mango_instrument,inst15023,15023,HJ+,0.05,1,13,0.9856362342834473,5835,0.9984575835475579,7.78677952797231,7.777454096474296,7.805763618172856,1.0,1.042167893518579,-0.10155744522695766,1.0372966814673592
mango_instrument,inst15023,15023,HJ+,0.1,1,13,1.042590618133545,5835,0.9904027420736933,5.4016893162234,5.391818423274927,5.5305536730350955,1.0,1.042167893518579,-0.10155744522695766,1.0372966814673592
mango_instrument,inst15023,15023,HJ+,0.2,1,13,1.2691137790679932,5835,0.943101970865467,3.929927184273704,3.9254265545106684,4.204786970489984,1.0,1.042167893518579,-0.10155744522695766,1.0372966814673592
mango_instrument,inst15023,15023,HJ+-D,0.05,1,13,0.9597711563110352,5835,0.9969151670951156,6.650688627397962,6.554024098561765,6.720433493844689,1.0,1.042167893518579,-0.10155744522695766,1.0372966814673592
mango_instrument,inst15023,15023,HJ+-D,0.1,1,13,1.125467300415039,5835,0.9823479005998286,5.047249732973215,4.984470048880228,5.219747946898237,1.0,1.042167893518579,-0.10155744522695766,1.0372966814673592
mango_instrument,inst15023,15023,HJ+-D,0.2,1,13,1.2516226768493652,5835,0.9336760925449872,3.7727173811915673,3.727321877028235,4.092594161265719,1.0,1.042167893518579,-0.10155744522695766,1.0372966814673592
mango_instrument,inst15023,15023,HCP-D,0.05,1,13,0.30143070220947266,5835,1.0,inf,inf,inf,0.0,1.042167893518579,-0.10155744522695766,1.0372966814673592
mango_instrument,inst15023,15023,HCP-D,0.1,1,13,0.29987668991088867,5835,0.9878320479862897,10.69783559539214,10.63109384658657,10.804192755317484,1.0,1.042167893518579,-0.10155744522695766,1.0372966814673592
mango_instrument,inst15023,15023,HCP-D,0.2,1,13,0.30603671073913574,5835,0.8853470437017995,6.290516882161592,6.251271551284823,7.088940073277731,1.0,1.042167893518579,-0.10155744522695766,1.0372966814673592
mango_instrument,inst15023,15023,HCP-A,0.05,1,13,0.15336132049560547,5835,1.0,inf,inf,inf,0.0,1.042167893518579,-0.10155744522695766,1.0372966814673592
mango_instrument,inst15023,15023,HCP-A,0.1,1,13,0.15599584579467773,5835,0.9957155098543273,9.671524901904194,9.671524901904196,9.721999393381008,1.0,1.042167893518579,-0.10155744522695766,1.0372966814673592
mango_instrument,inst15023,15023,HCP-A,0.2,1,13,0.1815798282623291,5835,0.8541559554413025,5.935108716379073,5.935108716379073,6.767005851046137,1.0,1.042167893518579,-0.10155744522695766,1.0372966814673592
mango_instrument,inst15023,15023,ORACLE,0.05,1,13,0.0033397674560546875,5835,0.9475578406169666,4.068907959037215,3.9401741830231973,5.107229937144909,1.0,1.042167893518579,-0.10155744522695766,1.0372966814673592
mango_instrument,inst15023,15023,ORACLE,0.1,1,13,0.003141164779663086,5835,0.900942587832048,3.407884887536995,3.321081262256607,4.407490981637619,1.0,1.042167893518579,-0.10155744522695766,1.0372966814673592
mango_instrument,inst15023,15023,ORACLE,0.2,1,13,0.003170490264892578,5835,0.7989717223650386,2.6264252403361454,2.565252551465081,3.690495271192908,1.0,1.042167893518579,-0.10155744522695766,1.0372966814673592
mango_instrument,inst15025,15025,ASTM-R,0.05,1,12,3.832341194152832,800,0.9475,4.3864295922939265,4.386406887433606,5.359959073081407,1.0,1.1063667537647621,-0.23182147369956843,1.0824836773861755
mango_instrument,inst15025,15025,ASTM-R,0.1,1,12,0.0029222965240478516,800,0.9125,3.6811945760018587,3.6811755215506476,4.640052556068531,1.0,1.1063667537647621,-0.23182147369956843,1.0824836773861755
mango_instrument,inst15025,15025,ASTM-R,0.2,1,12,0.0013566017150878906,800,0.825,2.8681122647352115,2.8680974189279373,3.8588539467989516,1.0,1.1063667537647621,-0.23182147369956843,1.0824836773861755
mango_instrument,inst15025,15025,ASTM-G,0.05,1,12,0.0021979808807373047,800,0.985,5.443453454960527,5.44342527877583,5.701713333900459,1.0,1.1063667537647621,-0.23182147369956843,1.0824836773861755
mango_instrument,inst15025,15025,ASTM-G,0.1,1,12,0.0018973350524902344,800,0.95375,4.568273788851581,4.568250142736648,4.9647897063083635,1.0,1.1063667537647621,-0.23182147369956843,1.0824836773861755
mango_instrument,inst15025,15025,ASTM-G,0.2,1,12,0.001566171646118164,800,0.9025,3.559258227720207,3.559239804431015,4.095042069828676,1.0,1.1063667537647621,-0.23182147369956843,1.0824836773861755
mango_instrument,inst15025,15025,GPR,0.05,1,12,15.935338497161865,800,0.89125,3.834692862447989,3.8005705623478763,6.210020923811105,1.0,1.1063667537647621,-0.23182147369956843,1.0824836773861755
mango_instrument,inst15025,15025,GPR,0.1,1,12,0.00011920928955078125,800,0.78375,3.2181756975104236,3.1895393605561155,5.332257254056325,1.0,1.1063667537647621,-0.23182147369956843,1.0824836773861755
mango_instrument,inst15025,15025,GPR,0.2,1,12,8.821487426757812e-05,800,0.65875,2.507370890494286,2.485059517704676,4.532794797580614,1.0,1.1063667537647621,-0.23182147369956843,1.0824836773861755
mango_instrument,inst15025,15025,BAG,0.05,1,12,16.892199516296387,800,0.9475,4.392742592759207,4.392301600579028,5.3666274476948645,1.0,1.1063667537647621,-0.23182147369956843,1.0824836773861755
mango_instrument,inst15025,15025,BAG,0.1,1,12,0.00012969970703125,800,0.91375,3.686505794472438,3.686135702168319,4.643806889216682,1.0,1.1063667537647621,-0.23182147369956843,1.0824836773861755
mango_instrument,inst15025,15025,BAG,0.2,1,12,0.00010275840759277344,800,0.8275,2.8722599961989066,2.8719716469111853,3.860451664765998,1.0,1.1063667537647621,-0.23182147369956843,1.0824836773861755
mango_instrument,inst15025,15025,QGB,0.05,1,12,4.762096405029297,800,0.905,3.902031676738342,3.881267627730879,5.6354068983460435,1.0,1.1063667537647621,-0.23182147369956843,1.0824836773861755
mango_instrument,inst15025,15025,QGB,0.1,1,12,4.278591632843018,800,0.8025,3.067791554092005,3.041443426945307,4.938380368201604,1.0,1.1063667537647621,-0.23182147369956843,1.0824836773861755
mango_instrument,inst15025,15025,QGB,0.2,1,12,4.402472734451294,800,0.64875,2.2567258488193436,2.1958330389971525,4.210624694491645,1.0,1.1063667537647621,-0.23182147369956843,1.0824836773861755
mango_instrument,inst15025,15025,SCP,0.05,1,12,0.0007913112640380859,800,0.9475,4.36121529667291,4.36121529667291,5.391224600368819,1.0,1.1063667537647621,-0.23182147369956843,1.0824836773861755
mango_instrument,inst15025,15025,SCP,0.1,1,12,0.0004284381866455078,800,0.90375,3.582710484445322,3.5827104844453217,4.647646794639392,1.0,1.1063667537647621,-0.23182147369956843,1.0824836773861755
mango_instrument,inst15025,15025,SCP,0.2,1,12,0.0003688335418701172,800,0.7975,2.749734763026865,2.749734763026865,3.860682295905699,1.0,1.1063667537647621,-0.23182147369956843,1.0824836773861755
mango_instrument,inst15025,15025,NCP-kNN,0.05,1,12,6.30423378944397,800,0.9075,4.126635605558701,4.018562702085262,5.87217426496473,1.0,1.1063667537647621,-0.23182147369956843,1.0824836773861755
mango_instrument,inst15025,15025,NCP-kNN,0.1,1,12,0.000331878662109375,800,0.84875,3.411500407303508,3.3221562564118052,4.996180566231428,1.0,1.1063667537647621,-0.23182147369956843,1.0824836773861755
mango_instrument,inst15025,15025,NCP-kNN,0.2,1,12,0.0003077983856201172,800,0.75625,2.7131364076223154,2.6420817865900457,4.070237231120939,1.0,1.1063667537647621,-0.23182147369956843,1.0824836773861755
mango_instrument,inst15025,15025,CV+,0.05,1,12,0.05021095275878906,800,0.9475,4.406492303651012,4.406213597650096,5.366528438228962,1.0,1.1063667537647621,-0.23182147369956843,1.0824836773861755
mango_instrument,inst15025,15025,CV+,0.1,1,12,0.043875932693481445,800,0.90625,3.6185979493863,3.618206679509422,4.639511358307866,1.0,1.1063667537647621,-0.23182147369956843,1.0824836773861755
mango_instrument,inst15025,15025,CV+,0.2,1,12,0.04989743232727051,800,0.8025,2.7669704530483044,2.7667689552098134,3.8556289449294217,1.0,1.1063667537647621,-0.23182147369956843,1.0824836773861755
mango_instrument,inst15025,15025,CQR,0.05,1,12,0.0004189014434814453,800,0.93875,4.326109468762556,4.305345419755093,5.433413887168618,1.0,1.1063667537647621,-0.23182147369956843,1.0824836773861755
mango_instrument,inst15025,15025,CQR,0.1,1,12,0.00043582916259765625,800,0.855,3.402666309392871,3.376318182246173,4.702024851688116,1.0,1.1063667537647621,-0.23182147369956843,1.0824836773861755
mango_instrument,inst15025,15025,CQR,0.2,1,12,0.0003325939178466797,800,0.715,2.485944892109892,2.425052082287701,4.078673089561034,1.0,1.1063667537647621,-0.23182147369956843,1.0824836773861755
mango_instrument,inst15025,15025,WCP,0.05,1,12,0.027154922485351562,800,0.98625,5.774343679629143,5.762991362914928,5.958565875245568,1.0,1.1063667537647621,-0.23182147369956843,1.0824836773861755
mango_instrument,inst15025,15025,WCP,0.1,1,12,0.004572868347167969,800,0.96375,4.869464762355579,4.842597669092626,5.158215143926125,1.0,1.1063667537647621,-0.23182147369956843,1.0824836773861755
mango_instrument,inst15025,15025,WCP,0.2,1,12,0.004286289215087891,800,0.92,3.786387058688259,3.7862053769228154,4.229556647679163,1.0,1.1063667537647621,-0.23182147369956843,1.0824836773861755
mango_instrument,inst15025,15025,R-U-A,0.05,1,12,0.0036804676055908203,800,0.9475,4.4049569435462885,4.4049569435462885,5.3590907248432975,1.0,1.1063667537647621,-0.23182147369956843,1.0824836773861755
mango_instrument,inst15025,15025,R-U-A,0.1,1,12,0.003208160400390625,800,0.9075,3.617178935062853,3.617178935062853,4.634082559551143,1.0,1.1063667537647621,-0.23182147369956843,1.0824836773861755
mango_instrument,inst15025,15025,R-U-A,0.2,1,12,0.0039212703704833984,800,0.80375,2.7653760173694586,2.7653760173694586,3.8518384284024125,1.0,1.1063667537647621,-0.23182147369956843,1.0824836773861755
mango_instrument,inst15025,15025,R-U-D,0.05,1,12,0.11820173263549805,800,0.9425,4.239047422086384,4.220484083749102,5.3935090291208185,1.0,1.1063667537647621,-0.23182147369956843,1.0824836773861755
mango_instrument,inst15025,15025,R-U-D,0.1,1,12,0.0052449703216552734,800,0.895,3.4839103704972865,3.4686538752273,4.641729477307604,1.0,1.1063667537647621,-0.23182147369956843,1.0824836773861755
mango_instrument,inst15025,15025,R-U-D,0.2,1,12,0.0051271915435791016,800,0.78625,2.6741429104425922,2.6624324918824804,3.8651198844905355,1.0,1.1063667537647621,-0.23182147369956843,1.0824836773861755
mango_instrument,inst15025,15025,G-U-A,0.05,1,12,0.003760099411010742,800,0.97625,5.170958064815295,5.170958064815295,5.538186607174356,1.0,1.1063667537647621,-0.23182147369956843,1.0824836773861755
mango_instrument,inst15025,15025,G-U-A,0.1,1,12,0.003038167953491211,800,0.94125,4.2474956576631975,4.2474956576631975,4.809936225039835,1.0,1.1063667537647621,-0.23182147369956843,1.0824836773861755
mango_instrument,inst15025,15025,G-U-A,0.2,1,12,0.0028705596923828125,800,0.88,3.270851457555625,3.270851457555626,3.9613541659469367,1.0,1.1063667537647621,-0.23182147369956843,1.0824836773861755
mango_instrument,inst15025,15025,G-W-A,0.05,1,12,0.01444101333618164,800,0.985,5.427001695981434,5.427001695981435,5.6902399609559255,1.0,1.1063667537647621,-0.23182147369956843,1.0824836773861755
mango_instrument,inst15025,15025,G-W-A,0.1,1,12,0.01361846923828125,800,0.95125,4.498883762890419,4.498883762890419,4.927821571331066,1.0,1.1063667537647621,-0.23182147369956843,1.0824836773861755
mango_instrument,inst15025,15025,G-W-A,0.2,1,12,0.014689445495605469,800,0.9,3.494474628231245,3.494474628231245,4.062075123745348,1.0,1.1063667537647621,-0.23182147369956843,1.0824836773861755
mango_instrument,inst15025,15025,G-U-D,0.05,1,12,0.10879898071289062,800,0.9475,4.416047247706677,4.370315189245196,5.555967946105372,1.0,1.1063667537647621,-0.23182147369956843,1.0824836773861755
mango_instrument,inst15025,15025,G-U-D,0.1,1,12,0.004830837249755859,800,0.9025,3.67005526642703,3.63204861192661,4.759746111350889,1.0,1.1063667537647621,-0.23182147369956843,1.0824836773861755
mango_instrument,inst15025,15025,G-U-D,0.2,1,12,0.004613161087036133,800,0.8175,2.849328477837223,2.8198211720464874,3.9149981451367,1.0,1.1063667537647621,-0.23182147369956843,1.0824836773861755
mango_instrument,inst15025,15025,GC-D,0.05,1,12,0.015667438507080078,800,0.94875,4.462997970433006,4.416779695888206,5.55678266839539,1.0,1.1063667537647621,-0.23182147369956843,1.0824836773861755
mango_instrument,inst15025,15025,GC-D,0.1,1,12,0.01535344123840332,800,0.90875,3.745870401582879,3.707078614587556,4.7677219544036085,1.0,1.1063667537647621,-0.23182147369956843,1.0824836773861755
mango_instrument,inst15025,15025,GC-D,0.2,1,12,0.01545858383178711,800,0.83625,2.958046225274212,2.9274130514610786,3.933783277909364,1.0,1.1063667537647621,-0.23182147369956843,1.0824836773861755
mango_instrument,inst15025,15025,GC-D+,0.05,1,12,0.01566171646118164,800,0.97875,5.496727733768755,5.439804277119123,5.848939815942226,1.0,1.1063667537647621,-0.23182147369956843,1.0824836773861755
mango_instrument,inst15025,15025,GC-D+,0.1,1,12,0.01524806022644043,800,0.93,4.126306133443002,4.083574599394632,4.862133137034319,1.0,1.1063667537647621,-0.23182147369956843,1.0824836773861755
mango_instrument,inst15025,15025,GC-D+,0.2,1,12,0.018010854721069336,800,0.85625,3.1312438933193287,3.0988171051184548,3.979306942648784,1.0,1.1063667537647621,-0.23182147369956843,1.0824836773861755
mango_instrument,inst15025,15025,HJ+,0.05,1,12,0.280259370803833,800,0.9975,6.7975644443708765,6.794824531740967,6.811144077577316,1.0,1.1063667537647621,-0.23182147369956843,1.0824836773861755
mango_instrument,inst15025,15025,HJ+,0.1,1,12,0.3063700199127197,800,0.96875,5.039131657329808,5.036447344535084,5.277646925371489,1.0,1.1063667537647621,-0.23182147369956843,1.0824836773861755
mango_instrument,inst15025,15025,HJ+,0.2,1,12,0.34444499015808105,800,0.9125,3.748025526376951,3.745106796677411,4.225651619441124,1.0,1.1063667537647621,-0.23182147369956843,1.0824836773861755
mango_instrument,inst15025,15025,HJ+-D,0.05,1,12,0.2900421619415283,800,0.9825,5.671719830564518,5.6065204339966535,5.938881627489411,1.0,1.1063667537647621,-0.23182147369956843,1.0824836773861755
mango_instrument,inst15025,15025,HJ+-D,0.1,1,12,0.31775856018066406,800,0.93875,4.261948488116187,4.211018086457975,4.925824180488603,1.0,1.1063667537647621,-0.23182147369956843,1.0824836773861755
mango_instrument,inst15025,15025,HJ+-D,0.2,1,12,0.35332751274108887,800,0.8675,3.2539159159803637,3.2192325612491492,4.04696130900001,1.0,1.1063667537647621,-0.23182147369956843,1.0824836773861755
mango_instrument,inst15025,15025,HCP-D,0.05,1,12,0.34097790718078613,800,1.0,inf,inf,inf,0.0,1.1063667537647621,-0.23182147369956843,1.0824836773861755
mango_instrument,inst15025,15025,HCP-D,0.1,1,12,0.25358104705810547,800,0.89875,4.8568605972640135,4.805606913324148,5.949068597123166,1.0,1.1063667537647621,-0.23182147369956843,1.0824836773861755
mango_instrument,inst15025,15025,HCP-D,0.2,1,12,0.24912714958190918,800,0.69125,3.654297002393034,3.6157337824215663,5.3886554741019586,1.0,1.1063667537647621,-0.23182147369956843,1.0824836773861755
mango_instrument,inst15025,15025,HCP-A,0.05,1,12,0.18714165687561035,800,1.0,inf,inf,inf,0.0,1.1063667537647621,-0.23182147369956843,1.0824836773861755
mango_instrument,inst15025,15025,HCP-A,0.1,1,12,0.19431781768798828,800,1.0,9.802009961693443,9.802009961693443,9.802009961693443,1.0,1.1063667537647621,-0.23182147369956843,1.0824836773861755
mango_instrument,inst15025,15025,HCP-A,0.2,1,12,0.19576430320739746,800,0.96125,6.219099017373909,6.21909901737391,6.415316590563446,1.0,1.1063667537647621,-0.23182147369956843,1.0824836773861755
mango_instrument,inst15025,15025,ORACLE,0.05,1,12,0.0007467269897460938,800,0.95125,4.499889730811127,4.499889730811127,5.415381075184943,1.0,1.1063667537647621,-0.23182147369956843,1.0824836773861755
mango_instrument,inst15025,15025,ORACLE,0.1,1,12,0.0005819797515869141,800,0.89875,3.5007708657675427,3.5007708657675423,4.636738351052632,1.0,1.1063667537647621,-0.23182147369956843,1.0824836773861755
mango_instrument,inst15025,15025,ORACLE,0.2,1,12,0.0006086826324462891,800,0.79375,2.7319952772428,2.731995277242799,3.873457429191939,1.0,1.1063667537647621,-0.23182147369956843,1.0824836773861755
mango_instrument,inst15027,15027,ASTM-R,0.05,1,13,3.231783866882324,2100,0.8652380952380953,4.533730700030589,4.5337277319954135,7.115826102770162,1.0,1.4855455003994364,0.8565248105922274,1.214047999756998
mango_instrument,inst15027,15027,ASTM-R,0.1,1,13,0.0009326934814453125,2100,0.7733333333333333,3.804811785175467,3.80480929433162,6.378860018312378,1.0,1.4855455003994364,0.8565248105922274,1.214047999756998
mango_instrument,inst15027,15027,ASTM-R,0.2,1,13,0.0006871223449707031,2100,0.6571428571428571,2.9644246013015723,2.9644226606224544,5.436606145267092,1.0,1.4855455003994364,0.8565248105922274,1.214047999756998
mango_instrument,inst15027,15027,ASTM-G,0.05,1,13,0.001207590103149414,2100,0.940952380952381,5.402811415868581,5.402807878884273,6.335398837437386,1.0,1.4855455003994364,0.8565248105922274,1.214047999756998
mango_instrument,inst15027,15027,ASTM-G,0.1,1,13,0.0010726451873779297,2100,0.8652380952380953,4.534164446079392,4.534161477760262,5.8246276248002795,1.0,1.4855455003994364,0.8565248105922274,1.214047999756998
mango_instrument,inst15027,15027,ASTM-G,0.2,1,13,0.0009090900421142578,2100,0.7385714285714285,3.5326816119196804,3.5326792992275537,5.151710940942518,1.0,1.4855455003994364,0.8565248105922274,1.214047999756998
mango_instrument,inst15027,15027,GPR,0.05,1,13,13.22435450553894,2100,0.8352380952380952,4.145206693555327,4.129334674811406,7.302002009666229,1.0,1.4855455003994364,0.8565248105922274,1.214047999756998
mango_instrument,inst15027,15027,GPR,0.1,1,13,0.00015091896057128906,2100,0.7461904761904762,3.4787671192631855,3.4654469012367777,6.415861274502705,1.0,1.4855455003994364,0.8565248105922274,1.214047999756998
mango_instrument,inst15027,15027,GPR,0.2,1,13,0.00010132789611816406,2100,0.6114285714285714,2.7104049714864655,2.7000268162601095,5.407318055124387,1.0,1.4855455003994364,0.8565248105922274,1.214047999756998
mango_instrument,inst15027,15027,BAG,0.05,1,13,16.024658679962158,2100,0.8671428571428571,4.538507612039819,4.538117493070971,7.071590669119661,1.0,1.4855455003994364,0.8565248105922274,1.214047999756998
mango_instrument,inst15027,15027,BAG,0.1,1,13,0.00012993812561035156,2100,0.7738095238095238,3.8088356548870053,3.8085082567276958,6.347023265583555,1.0,1.4855455003994364,0.8565248105922274,1.214047999756998
mango_instrument,inst15027,15027,BAG,0.2,1,13,9.584426879882812e-05,2100,0.6585714285714286,2.967570619319639,2.96731553423684,5.415508817781994,1.0,1.4855455003994364,0.8565248105922274,1.214047999756998
mango_instrument,inst15027,15027,QGB,0.05,1,13,4.7252936363220215,2100,0.7066666666666667,3.9168218707359728,3.913743180348529,11.745838110076358,1.0,1.4855455003994364,0.8565248105922274,1.214047999756998
mango_instrument,inst15027,15027,QGB,0.1,1,13,4.105145215988159,2100,0.5976190476190476,3.033758269920239,3.0296809464168373,9.21218119008785,1.0,1.4855455003994364,0.8565248105922274,1.214047999756998
mango_instrument,inst15027,15027,QGB,0.2,1,13,4.2402098178863525,2100,0.5004761904761905,2.259918738966791,2.2466034439157054,6.870924421018478,1.0,1.4855455003994364,0.8565248105922274,1.214047999756998
mango_instrument,inst15027,15027,SCP,0.05,1,13,0.00038814544677734375,2100,0.8695238095238095,4.584175433900015,4.584175433900015,7.089286811012728,1.0,1.4855455003994364,0.8565248105922274,1.214047999756998
mango_instrument,inst15027,15027,SCP,0.1,1,13,0.0002682209014892578,2100,0.7633333333333333,3.7478396181287574,3.747839618128758,6.505386667953658,1.0,1.4855455003994364,0.8565248105922274,1.214047999756998
mango_instrument,inst15027,15027,SCP,0.2,1,13,0.00024962425231933594,2100,0.6314285714285715,2.8492983176863618,2.8492983176863618,5.562814175091681,1.0,1.4855455003994364,0.8565248105922274,1.214047999756998
mango_instrument,inst15027,15027,NCP-kNN,0.05,1,13,7.201683044433594,2100,0.7852380952380953,4.046898251149798,3.9269932916025745,8.953484059559703,1.0,1.4855455003994364,0.8565248105922274,1.214047999756998
mango_instrument,inst15027,15027,NCP-kNN,0.1,1,13,0.0005025863647460938,2100,0.6952380952380952,3.3676425707562108,3.267863178946369,7.442163897927693,1.0,1.4855455003994364,0.8565248105922274,1.214047999756998
mango_instrument,inst15027,15027,NCP-kNN,0.2,1,13,0.0003113746643066406,2100,0.5904761904761905,2.699834975950639,2.6198419582157415,5.849533542872096,1.0,1.4855455003994364,0.8565248105922274,1.214047999756998
mango_instrument,inst15027,15027,CV+,0.05,1,13,0.0985863208770752,2100,0.8685714285714285,4.564118333802037,4.563955197586526,7.061522648028079,1.0,1.4855455003994364,0.8565248105922274,1.214047999756998
mango_instrument,inst15027,15027,CV+,0.1,1,13,0.09372711181640625,2100,0.7652380952380953,3.7358043973998654,3.7358680077665776,6.470033068818712,1.0,1.4855455003994364,0.8565248105922274,1.214047999756998
mango_instrument,inst15027,15027,CV+,0.2,1,13,0.12223696708679199,2100,0.6342857142857142,2.857770645215653,2.857629348898623,5.519679503001542,1.0,1.4855455003994364,0.8565248105922274,1.214047999756998
mango_instrument,inst15027,15027,CQR,0.05,1,13,0.0008857250213623047,2100,0.7919047619047619,4.564167367306251,4.561088676918807,9.161593112512652,1.0,1.4855455003994364,0.8565248105922274,1.214047999756998
mango_instrument,inst15027,15027,CQR,0.1,1,13,0.0005967617034912109,2100,0.670952380952381,3.468648008061149,3.4645706845577475,8.061097781488108,1.0,1.4855455003994364,0.8565248105922274,1.214047999756998
mango_instrument,inst15027,15027,CQR,0.2,1,13,0.00033974647521972656,2100,0.5461904761904762,2.574913606821137,2.5615983117700507,6.436297331802807,1.0,1.4855455003994364,0.8565248105922274,1.214047999756998
mango_instrument,inst15027,15027,WCP,0.05,1,13,0.03628063201904297,2100,0.9990476190476191,8.317209295483588,8.317209295483586,8.379902249153968,1.0,1.4855455003994364,0.8565248105922274,1.214047999756998
mango_instrument,inst15027,15027,WCP,0.1,1,13,0.006289482116699219,2100,0.9990476190476191,8.317209295483588,8.317209295483586,8.348555772318779,1.0,1.4855455003994364,0.8565248105922274,1.214047999756998
mango_instrument,inst15027,15027,WCP,0.2,1,13,0.00590062141418457,2100,0.9990476190476191,8.317209295483588,8.317209295483586,8.332882533901182,1.0,1.4855455003994364,0.8565248105922274,1.214047999756998
mango_instrument,inst15027,15027,R-U-A,0.05,1,13,0.0046596527099609375,2100,0.8680952380952381,4.561410268983356,4.561410268983355,7.069821003732682,1.0,1.4855455003994364,0.8565248105922274,1.214047999756998
mango_instrument,inst15027,15027,R-U-A,0.1,1,13,0.0030159950256347656,2100,0.7652380952380953,3.7383961623604307,3.7383961623604307,6.465147354541458,1.0,1.4855455003994364,0.8565248105922274,1.214047999756998
mango_instrument,inst15027,15027,R-U-A,0.2,1,13,0.002735137939453125,2100,0.6342857142857142,2.8565687223013474,2.856568722301347,5.5186058994103515,1.0,1.4855455003994364,0.8565248105922274,1.214047999756998
mango_instrument,inst15027,15027,R-U-D,0.05,1,13,0.10636234283447266,2100,0.8361904761904762,4.335298554632277,4.362174097658051,7.722371623568581,1.0,1.4855455003994364,0.8565248105922274,1.214047999756998
mango_instrument,inst15027,15027,R-U-D,0.1,1,13,0.004683256149291992,2100,0.7347619047619047,3.5506095338002126,3.572620603647156,6.90643580610937,1.0,1.4855455003994364,0.8565248105922274,1.214047999756998
mango_instrument,inst15027,15027,R-U-D,0.2,1,13,0.00442194938659668,2100,0.6152380952380953,2.738098663649849,2.755072786081418,5.691179818315357,1.0,1.4855455003994364,0.8565248105922274,1.214047999756998
mango_instrument,inst15027,15027,G-U-A,0.05,1,13,0.0032863616943359375,2100,0.9323809523809524,5.279107124878641,5.279107124878642,6.367997370786126,1.0,1.4855455003994364,0.8565248105922274,1.214047999756998
mango_instrument,inst15027,15027,G-U-A,0.1,1,13,0.0028998851776123047,2100,0.8385714285714285,4.295430169230902,4.295430169230901,5.93670270823218,1.0,1.4855455003994364,0.8565248105922274,1.214047999756998
mango_instrument,inst15027,15027,G-U-A,0.2,1,13,0.002710103988647461,2100,0.6995238095238095,3.2332182679940296,3.2332182679940296,5.2730303122314215,1.0,1.4855455003994364,0.8565248105922274,1.214047999756998
mango_instrument,inst15027,15027,G-W-A,0.05,1,13,0.012999534606933594,2100,0.9419047619047619,5.414256002806423,5.414256002806422,6.33339846763992,1.0,1.4855455003994364,0.8565248105922274,1.214047999756998
mango_instrument,inst15027,15027,G-W-A,0.1,1,13,0.012575626373291016,2100,0.861904761904762,4.484292137773761,4.48429213777376,5.843066625771041,1.0,1.4855455003994364,0.8565248105922274,1.214047999756998
mango_instrument,inst15027,15027,G-W-A,0.2,1,13,0.012608766555786133,2100,0.7195238095238096,3.396807809909621,3.396807809909621,5.198924118917856,1.0,1.4855455003994364,0.8565248105922274,1.214047999756998
mango_instrument,inst15027,15027,G-U-D,0.05,1,13,0.10189437866210938,2100,0.8423809523809523,4.4148434954804285,4.4046186809810415,7.7459197845463885,1.0,1.4855455003994364,0.8565248105922274,1.214047999756998
mango_instrument,inst15027,15027,G-U-D,0.1,1,13,0.004628896713256836,2100,0.7461904761904762,3.6512409584650034,3.6427846538347097,6.8343402793569386,1.0,1.4855455003994364,0.8565248105922274,1.214047999756998
mango_instrument,inst15027,15027,G-U-D,0.2,1,13,0.00442051887512207,2100,0.628095238095238,2.8096446073254757,2.8031374468907977,5.663552217036967,1.0,1.4855455003994364,0.8565248105922274,1.214047999756998
mango_instrument,inst15027,15027,GC-D,0.05,1,13,0.014219522476196289,2100,0.8657142857142858,4.629022117805528,4.6183012638236,7.364206640361037,1.0,1.4855455003994364,0.8565248105922274,1.214047999756998
mango_instrument,inst15027,15027,GC-D,0.1,1,13,0.014303207397460938,2100,0.7642857142857142,3.816404006859956,3.8075651832267283,6.609338872933144,1.0,1.4855455003994364,0.8565248105922274,1.214047999756998
mango_instrument,inst15027,15027,GC-D,0.2,1,13,0.014140844345092773,2100,0.6538095238095238,2.958913566415824,2.952060697822116,5.554440044424649,1.0,1.4855455003994364,0.8565248105922274,1.214047999756998
mango_instrument,inst15027,15027,GC-D+,0.05,1,13,0.014189720153808594,2100,0.9438095238095238,5.635798466936626,5.622745910500743,6.671949656008995,1.0,1.4855455003994364,0.8565248105922274,1.214047999756998
mango_instrument,inst15027,15027,GC-D+,0.1,1,13,0.014867067337036133,2100,0.8247619047619048,4.2437594762505295,4.233930893772104,6.181939443669022,1.0,1.4855455003994364,0.8565248105922274,1.214047999756998
mango_instrument,inst15027,15027,GC-D+,0.2,1,13,0.014402627944946289,2100,0.6823809523809524,3.153801227316631,3.146496997268553,5.433569880604265,1.0,1.4855455003994364,0.8565248105922274,1.214047999756998
mango_instrument,inst15027,15027,HJ+,0.05,1,13,0.510319709777832,2100,0.9947619047619047,6.858205651235729,6.848052187232395,6.99363521764874,1.0,1.4855455003994364,0.8565248105922274,1.214047999756998
mango_instrument,inst15027,15027,HJ+,0.1,1,13,0.5102250576019287,2100,0.9147619047619048,5.009475204067882,5.004670344963484,5.706192546884799,1.0,1.4855455003994364,0.8565248105922274,1.214047999756998
mango_instrument,inst15027,15027,HJ+,0.2,1,13,0.623988151550293,2100,0.7633333333333333,3.6578889430107804,3.6545416418183647,5.019967987265828,1.0,1.4855455003994364,0.8565248105922274,1.214047999756998
mango_instrument,inst15027,15027,HJ+-D,0.05,1,13,0.5131964683532715,2100,0.9557142857142857,5.690273739612879,5.683538391636694,6.432418668664092,1.0,1.4855455003994364,0.8565248105922274,1.214047999756998
mango_instrument,inst15027,15027,HJ+-D,0.1,1,13,0.5740630626678467,2100,0.8438095238095238,4.295934166146808,4.28885982877153,5.945603261026623,1.0,1.4855455003994364,0.8565248105922274,1.214047999756998
mango_instrument,inst15027,15027,HJ+-D,0.2,1,13,0.6169428825378418,2100,0.7042857142857143,3.1967002931543873,3.195238628689668,5.248964910389095,1.0,1.4855455003994364,0.8565248105922274,1.214047999756998
mango_instrument,inst15027,15027,HCP-D,0.05,1,13,0.25385236740112305,2100,1.0,inf,inf,inf,0.0,1.4855455003994364,0.8565248105922274,1.214047999756998
mango_instrument,inst15027,15027,HCP-D,0.1,1,13,0.2885770797729492,2100,0.9961904761904762,7.834299596585684,7.6066034413762,7.911631712528452,1.0,1.4855455003994364,0.8565248105922274,1.214047999756998
mango_instrument,inst15027,15027,HCP-D,0.2,1,13,0.2500150203704834,2100,0.9661904761904762,5.399293319659031,5.242368209178139,5.563665312076259,1.0,1.4855455003994364,0.8565248105922274,1.214047999756998
mango_instrument,inst15027,15027,HCP-A,0.05,1,13,0.17991900444030762,2100,1.0,inf,inf,inf,0.0,1.4855455003994364,0.8565248105922274,1.214047999756998
mango_instrument,inst15027,15027,HCP-A,0.1,1,13,0.1782829761505127,2100,0.9990476190476191,11.360649294149441,11.360649294149443,11.38079393449682,1.0,1.4855455003994364,0.8565248105922274,1.214047999756998
mango_instrument,inst15027,15027,HCP-A,0.2,1,13,0.17623472213745117,2100,0.9947619047619047,6.86130206067834,6.861302060678341,6.906557012671984,1.0,1.4855455003994364,0.8565248105922274,1.214047999756998
mango_instrument,inst15027,15027,ORACLE,0.05,1,13,0.0013043880462646484,2100,0.9519047619047619,5.577844723966553,5.705322731599203,6.347871003400489,1.0,1.4855455003994364,0.8565248105922274,1.214047999756998
mango_instrument,inst15027,15027,ORACLE,0.1,1,13,0.0011136531829833984,2100,0.8995238095238095,4.879797257753468,4.8681523735715775,5.762376715190141,1.0,1.4855455003994364,0.8565248105922274,1.214047999756998
mango_instrument,inst15027,15027,ORACLE,0.2,1,13,0.0010571479797363281,2100,0.799047619047619,3.9687416224599033,3.938713167388906,5.081939316442622,1.0,1.4855455003994364,0.8565248105922274,1.214047999756998
mango_instrument,inst15029,15029,ASTM-R,0.05,1,12,2.8485214710235596,4480,0.9256696428571428,4.632443236920593,4.632380249299591,6.5564878314782815,1.0,1.298406786530749,0.2597025986434165,1.2723113131277406
mango_instrument,inst15029,15029,ASTM-R,0.1,1,12,0.0008711814880371094,4480,0.8747767857142857,3.8876516175172573,3.8875987568745805,5.581542877894878,1.0,1.298406786530749,0.2597025986434165,1.2723113131277406
mango_instrument,inst15029,15029,ASTM-R,0.2,1,12,0.0007352828979492188,4480,0.7745535714285714,3.028965730225599,3.028924545188744,4.619137977991182,1.0,1.298406786530749,0.2597025986434165,1.2723113131277406
mango_instrument,inst15029,15029,ASTM-G,0.05,1,12,0.0011761188507080078,4480,0.9587053571428571,5.474078606629707,5.474004175239838,6.43873952176872,1.0,1.298406786530749,0.2597025986434165,1.2723113131277406
mango_instrument,inst15029,15029,ASTM-G,0.1,1,12,0.0011262893676757812,4480,0.9241071428571429,4.593971142456415,4.593908677942892,5.584853908307952,1.0,1.298406786530749,0.2597025986434165,1.2723113131277406
mango_instrument,inst15029,15029,ASTM-G,0.2,1,12,0.0008895397186279297,4480,0.8426339285714286,3.579276778157465,3.5792281105068042,4.640225917914794,1.0,1.298406786530749,0.2597025986434165,1.2723113131277406
mango_instrument,inst15029,15029,GPR,0.05,1,12,11.232227563858032,4480,0.8712053571428572,3.8334050983379444,3.6887260798158765,7.852108783208491,1.0,1.298406786530749,0.2597025986434165,1.2723113131277406
mango_instrument,inst15029,15029,GPR,0.1,1,12,0.00017070770263671875,4480,0.815625,3.217094971801292,3.0956765119535996,6.155298626215137,1.0,1.298406786530749,0.2597025986434165,1.2723113131277406
mango_instrument,inst15029,15029,GPR,0.2,1,12,0.00014257431030273438,4480,0.7274553571428571,2.5065288668018626,2.4119283414090846,4.759371682767624,1.0,1.298406786530749,0.2597025986434165,1.2723113131277406
mango_instrument,inst15029,15029,BAG,0.05,1,12,11.970160484313965,4480,0.9265625,4.642194939539181,4.641017753500661,6.514645130927804,1.0,1.298406786530749,0.2597025986434165,1.2723113131277406
mango_instrument,inst15029,15029,BAG,0.1,1,12,0.0001583099365234375,4480,0.8756696428571429,3.895852803187438,3.8948648775212877,5.555585484448394,1.0,1.298406786530749,0.2597025986434165,1.2723113131277406
mango_instrument,inst15029,15029,BAG,0.2,1,12,0.00014209747314453125,4480,0.7743303571428571,3.0353681186268133,3.034598398049039,4.601556752916977,1.0,1.298406786530749,0.2597025986434165,1.2723113131277406
mango_instrument,inst15029,15029,QGB,0.05,1,12,4.026177883148193,4480,0.8220982142857143,3.8481634458655964,3.7376536879176907,8.602201860574059,1.0,1.298406786530749,0.2597025986434165,1.2723113131277406
mango_instrument,inst15029,15029,QGB,0.1,1,12,3.7924256324768066,4480,0.7310267857142857,2.965738565134704,2.9104010757089576,6.513589161449949,1.0,1.298406786530749,0.2597025986434165,1.2723113131277406
mango_instrument,inst15029,15029,QGB,0.2,1,12,3.9696080684661865,4480,0.5839285714285715,2.0938421322759146,2.0636332612194526,5.080216636312874,1.0,1.298406786530749,0.2597025986434165,1.2723113131277406
mango_instrument,inst15029,15029,SCP,0.05,1,12,0.00031113624572753906,4480,0.9274553571428571,4.6759042019212105,4.67590420192121,6.534174070785194,1.0,1.298406786530749,0.2597025986434165,1.2723113131277406
mango_instrument,inst15029,15029,SCP,0.1,1,12,0.00024318695068359375,4480,0.8725446428571428,3.8442870036636023,3.8442870036636023,5.589495830019338,1.0,1.298406786530749,0.2597025986434165,1.2723113131277406
mango_instrument,inst15029,15029,SCP,0.2,1,12,0.00022554397583007812,4480,0.7665178571428571,2.9595013817534297,2.95950138175343,4.623805699532203,1.0,1.298406786530749,0.2597025986434165,1.2723113131277406
mango_instrument,inst15029,15029,NCP-kNN,0.05,1,12,5.217802047729492,4480,0.8756696428571429,4.201810961795545,4.009677150731659,7.182576451786186,1.0,1.298406786530749,0.2597025986434165,1.2723113131277406
mango_instrument,inst15029,15029,NCP-kNN,0.1,1,12,0.00030350685119628906,4480,0.8073660714285714,3.539396686634108,3.377552714962591,5.909904570114192,1.0,1.298406786530749,0.2597025986434165,1.2723113131277406
mango_instrument,inst15029,15029,NCP-kNN,0.2,1,12,0.0003063678741455078,4480,0.7084821428571428,2.858615584141288,2.727901301290026,4.755751928813873,1.0,1.298406786530749,0.2597025986434165,1.2723113131277406
mango_instrument,inst15029,15029,CV+,0.05,1,12,0.19155097007751465,4480,0.9274553571428571,4.6871525806195065,4.687053802522635,6.533870392904508,1.0,1.298406786530749,0.2597025986434165,1.2723113131277406
mango_instrument,inst15029,15029,CV+,0.1,1,12,0.18059945106506348,4480,0.8696428571428572,3.8186674462154753,3.8185346925616237,5.602154981471493,1.0,1.298406786530749,0.2597025986434165,1.2723113131277406
mango_instrument,inst15029,15029,CV+,0.2,1,12,0.1999979019165039,4480,0.7537946428571428,2.895098442567442,2.895021866165762,4.64448771945661,1.0,1.298406786530749,0.2597025986434165,1.2723113131277406
mango_instrument,inst15029,15029,CQR,0.05,1,12,0.0004031658172607422,4480,0.8743303571428571,4.4061655138349085,4.295655755887003,7.4741166897097875,1.0,1.298406786530749,0.2597025986434165,1.2723113131277406
mango_instrument,inst15029,15029,CQR,0.1,1,12,0.0003192424774169922,4480,0.7959821428571429,3.3768804663267353,3.3215429769009894,5.953178241440633,1.0,1.298406786530749,0.2597025986434165,1.2723113131277406
mango_instrument,inst15029,15029,CQR,0.2,1,12,0.0002791881561279297,4480,0.6457589285714286,2.372611004819807,2.342402133763345,4.8228267139063306,1.0,1.298406786530749,0.2597025986434165,1.2723113131277406
mango_instrument,inst15029,15029,WCP,0.05,1,12,0.02729654312133789,4480,0.8984375,inf,3.9479411642392037,inf,0.9587053571428571,1.298406786530749,0.2597025986434165,1.2723113131277406
mango_instrument,inst15029,15029,WCP,0.1,1,12,0.004436492919921875,4480,0.7959821428571429,inf,3.1078092072243066,inf,0.9850446428571429,1.298406786530749,0.2597025986434165,1.2723113131277406
mango_instrument,inst15029,15029,WCP,0.2,1,12,0.004227399826049805,4480,0.6569196428571429,inf,2.299257282661806,inf,0.9957589285714286,1.298406786530749,0.2597025986434165,1.2723113131277406
mango_instrument,inst15029,15029,R-U-A,0.05,1,12,0.002796649932861328,4480,0.9276785714285715,4.686897692830251,4.68689769283025,6.531095228318413,1.0,1.298406786530749,0.2597025986434165,1.2723113131277406
mango_instrument,inst15029,15029,R-U-A,0.1,1,12,0.0026865005493164062,4480,0.8696428571428572,3.8187030928701735,3.818703092870173,5.6008178653954745,1.0,1.298406786530749,0.2597025986434165,1.2723113131277406
mango_instrument,inst15029,15029,R-U-A,0.2,1,12,0.002529621124267578,4480,0.7542410714285714,2.896364692842326,2.896364692842326,4.642237851226546,1.0,1.298406786530749,0.2597025986434165,1.2723113131277406
mango_instrument,inst15029,15029,R-U-D,0.05,1,12,0.0880744457244873,4480,0.9104910714285714,4.4008323106273695,4.3188971493790795,6.719947971765383,1.0,1.298406786530749,0.2597025986434165,1.2723113131277406
mango_instrument,inst15029,15029,R-U-D,0.1,1,12,0.004328012466430664,4480,0.8455357142857143,3.6451573243361337,3.577291399878245,5.6803652135671046,1.0,1.298406786530749,0.2597025986434165,1.2723113131277406
mango_instrument,inst15029,15029,R-U-D,0.2,1,12,0.004009246826171875,4480,0.7395089285714286,2.794168012019515,2.7421458965513175,4.668170593295799,1.0,1.298406786530749,0.2597025986434165,1.2723113131277406
mango_instrument,inst15029,15029,G-U-A,0.05,1,12,0.0029366016387939453,4480,0.9524553571428571,5.313248976095792,5.313248976095792,6.419642052165063,1.0,1.298406786530749,0.2597025986434165,1.2723113131277406
mango_instrument,inst15029,15029,G-U-A,0.1,1,12,0.0026252269744873047,4480,0.9037946428571428,4.284412921157872,4.284412921157873,5.538877089098656,1.0,1.298406786530749,0.2597025986434165,1.2723113131277406
mango_instrument,inst15029,15029,G-U-A,0.2,1,12,0.0025777816772460938,4480,0.8,3.238384604886701,3.2383846048867007,4.604450746172863,1.0,1.298406786530749,0.2597025986434165,1.2723113131277406
mango_instrument,inst15029,15029,G-W-A,0.05,1,12,0.011180400848388672,4480,0.9587053571428571,5.472585998121154,5.472585998121154,6.438461612775568,1.0,1.298406786530749,0.2597025986434165,1.2723113131277406
mango_instrument,inst15029,15029,G-W-A,0.1,1,12,0.011069774627685547,4480,0.9167410714285714,4.462915149528648,4.462915149528648,5.558223361354483,1.0,1.298406786530749,0.2597025986434165,1.2723113131277406
mango_instrument,inst15029,15029,G-W-A,0.2,1,12,0.010875701904296875,4480,0.8169642857142857,3.3814353980921825,3.381435398092183,4.610585758713495,1.0,1.298406786530749,0.2597025986434165,1.2723113131277406
mango_instrument,inst15029,15029,G-U-D,0.05,1,12,0.08628606796264648,4480,0.9183035714285714,4.532513682498412,4.449167579075151,6.594318674942958,1.0,1.298406786530749,0.2597025986434165,1.2723113131277406
mango_instrument,inst15029,15029,G-U-D,0.1,1,12,0.004285573959350586,4480,0.8598214285714286,3.748003194031823,3.679083057497717,5.617754169577664,1.0,1.298406786530749,0.2597025986434165,1.2723113131277406
mango_instrument,inst15029,15029,G-U-D,0.2,1,12,0.004058837890625,4480,0.7520089285714285,2.876804947066075,2.8239048348010973,4.640489228016041,1.0,1.298406786530749,0.2597025986434165,1.2723113131277406
mango_instrument,inst15029,15029,GC-D,0.05,1,12,0.013278722763061523,4480,0.9292410714285714,4.74331038685121,4.656088049366016,6.490270245910557,1.0,1.298406786530749,0.2597025986434165,1.2723113131277406
mango_instrument,inst15029,15029,GC-D,0.1,1,12,0.012675285339355469,4480,0.8770089285714285,3.920522894053563,3.8484303799453787,5.564733276922402,1.0,1.298406786530749,0.2597025986434165,1.2723113131277406
mango_instrument,inst15029,15029,GC-D,0.2,1,12,0.012362241744995117,4480,0.7698660714285714,3.018244077313337,2.9627431123640715,4.6151049758345595,1.0,1.298406786530749,0.2597025986434165,1.2723113131277406
mango_instrument,inst15029,15029,GC-D+,0.05,1,12,0.01237940788269043,4480,0.96875,5.832526784900763,5.7252753975502175,6.5344455112027635,1.0,1.298406786530749,0.2597025986434165,1.2723113131277406
mango_instrument,inst15029,15029,GC-D+,0.1,1,12,0.012405633926391602,4480,0.9058035714285714,4.350635559708886,4.270633921166332,5.5391549518229075,1.0,1.298406786530749,0.2597025986434165,1.2723113131277406
mango_instrument,inst15029,15029,GC-D+,0.2,1,12,0.012862443923950195,4480,0.7982142857142858,3.2178743572337143,3.1587024919580156,4.601319402802493,1.0,1.298406786530749,0.2597025986434165,1.2723113131277406
mango_instrument,inst15029,15029,HJ+,0.05,1,12,0.8539276123046875,4480,0.9877232142857143,6.995093235087206,6.98976922294391,7.266126444531233,1.0,1.298406786530749,0.2597025986434165,1.2723113131277406
mango_instrument,inst15029,15029,HJ+,0.1,1,12,0.9584212303161621,4480,0.9412946428571428,5.025601985598873,5.022093280581566,5.760528654881624,1.0,1.298406786530749,0.2597025986434165,1.2723113131277406
mango_instrument,inst15029,15029,HJ+,0.2,1,12,1.0918948650360107,4480,0.85,3.6261137651199307,3.6230721423399253,4.65708490562584,1.0,1.298406786530749,0.2597025986434165,1.2723113131277406
mango_instrument,inst15029,15029,HJ+-D,0.05,1,12,0.8166844844818115,4480,0.9667410714285715,5.857146335305596,5.749233468183662,6.628898202628195,1.0,1.298406786530749,0.2597025986434165,1.2723113131277406
mango_instrument,inst15029,15029,HJ+-D,0.1,1,12,1.0918610095977783,4480,0.9073660714285714,4.385191869918088,4.30382132907297,5.607194534127934,1.0,1.298406786530749,0.2597025986434165,1.2723113131277406
mango_instrument,inst15029,15029,HJ+-D,0.2,1,12,1.1579883098602295,4480,0.8008928571428572,3.240996346490596,3.180071217327151,4.615349923139222,1.0,1.298406786530749,0.2597025986434165,1.2723113131277406
mango_instrument,inst15029,15029,HCP-D,0.05,1,12,0.21341681480407715,4480,1.0,inf,inf,inf,0.0,1.298406786530749,0.2597025986434165,1.2723113131277406
mango_instrument,inst15029,15029,HCP-D,0.1,1,12,0.2213304042816162,4480,0.9848214285714286,7.309632113910387,6.751707739689224,7.422624814542889,1.0,1.298406786530749,0.2597025986434165,1.2723113131277406
mango_instrument,inst15029,15029,HCP-D,0.2,1,12,0.24697613716125488,4480,0.9200892857142857,5.230961698087578,4.831696593291614,5.6540691079018615,1.0,1.298406786530749,0.2597025986434165,1.2723113131277406
mango_instrument,inst15029,15029,HCP-A,0.05,1,12,0.21587538719177246,4480,1.0,inf,inf,inf,0.0,1.298406786530749,0.2597025986434165,1.2723113131277406
mango_instrument,inst15029,15029,HCP-A,0.1,1,12,0.16559386253356934,4480,1.0,16.552589430585158,16.552589430585154,16.552589430585158,1.0,1.298406786530749,0.2597025986434165,1.2723113131277406
mango_instrument,inst15029,15029,HCP-A,0.2,1,12,0.15739083290100098,4480,0.9941964285714285,7.896733582630262,7.896733582630262,7.918979909743374,1.0,1.298406786530749,0.2597025986434165,1.2723113131277406
mango_instrument,inst15029,15029,ORACLE,0.05,1,12,0.0025207996368408203,4480,0.9470982142857143,5.205140954439311,5.0204211207284875,6.461207472143726,1.0,1.298406786530749,0.2597025986434165,1.2723113131277406
mango_instrument,inst15029,15029,ORACLE,0.1,1,12,0.0023713111877441406,4480,0.8982142857142857,4.216373647175583,4.071408793433301,5.562377601653315,1.0,1.298406786530749,0.2597025986434165,1.2723113131277406
mango_instrument,inst15029,15029,ORACLE,0.2,1,12,0.002309083938598633,4480,0.7966517857142857,3.226739858815504,3.087694528716442,4.624073232394141,1.0,1.298406786530749,0.2597025986434165,1.2723113131277406
mango_instrument,inst15038,15038,ASTM-R,0.05,1,14,3.0172410011291504,3634,0.8811227297743534,4.582769450732739,4.582752771254145,7.076097862655526,1.0,1.5957554675789751,1.3180684824881597,0.8996408754689008
mango_instrument,inst15038,15038,ASTM-R,0.1,1,14,0.0011374950408935547,3634,0.759493670886076,3.8459644794966543,3.8459504816984014,6.399681341099815,1.0,1.5957554675789751,1.3180684824881597,0.8996408754689008
mango_instrument,inst15038,15038,ASTM-R,0.2,1,14,0.000926971435546875,3634,0.5729223995597138,2.996486416947528,2.996475510915361,5.6735904890591895,1.0,1.5957554675789751,1.3180684824881597,0.8996408754689008
mango_instrument,inst15038,15038,ASTM-G,0.05,1,14,0.0023224353790283203,3634,0.9548706659328564,5.576050311960543,5.576030017330229,6.532228535087586,1.0,1.5957554675789751,1.3180684824881597,0.8996408754689008
mango_instrument,inst15038,15038,ASTM-G,0.1,1,14,0.0027666091918945312,3634,0.8904788112272978,4.6795483967140425,4.679531364998145,5.815386595738008,1.0,1.5957554675789751,1.3180684824881597,0.8996408754689008
mango_instrument,inst15038,15038,ASTM-G,0.2,1,14,0.0024352073669433594,3634,0.7182168409466153,3.6459523438025587,3.6459390739698243,5.182012206219708,1.0,1.5957554675789751,1.3180684824881597,0.8996408754689008
mango_instrument,inst15038,15038,GPR,0.05,1,14,22.51870822906494,3634,0.7812328013208586,4.198745957873722,4.166867674381732,9.154223106694406,1.0,1.5957554675789751,1.3180684824881597,0.8996408754689008
mango_instrument,inst15038,15038,GPR,0.1,1,14,0.00020122528076171875,3634,0.6265822784810127,3.523698686268021,3.496945587417028,7.9865638090288265,1.0,1.5957554675789751,1.3180684824881597,0.8996408754689008
mango_instrument,inst15038,15038,GPR,0.2,1,14,0.00010943412780761719,3634,0.43588332416070447,2.7454124147591785,2.7245683255624957,6.79997973900236,1.0,1.5957554675789751,1.3180684824881597,0.8996408754689008
mango_instrument,inst15038,15038,BAG,0.05,1,14,15.048843145370483,3634,0.8712162905888827,4.586096861945583,4.5826859940161295,7.242545973839345,1.0,1.5957554675789751,1.3180684824881597,0.8996408754689008
mango_instrument,inst15038,15038,BAG,0.1,1,14,0.00013184547424316406,3634,0.7465602641717116,3.848773812388285,3.8459113217868923,6.565955330514734,1.0,1.5957554675789751,1.3180684824881597,0.8996408754689008
mango_instrument,inst15038,15038,BAG,0.2,1,14,0.00012040138244628906,3634,0.5572372041827187,2.998687557284261,2.9964573106219046,5.813574008916225,1.0,1.5957554675789751,1.3180684824881597,0.8996408754689008
mango_instrument,inst15038,15038,QGB,0.05,1,14,4.176971912384033,3634,0.767473858007705,4.370617388956689,4.23894162558043,10.681085425572892,1.0,1.5957554675789751,1.3180684824881597,0.8996408754689008
mango_instrument,inst15038,15038,QGB,0.1,1,14,4.000408411026001,3634,0.6304347826086957,3.4087543057760756,3.2855335226927354,8.379444308474897,1.0,1.5957554675789751,1.3180684824881597,0.8996408754689008
mango_instrument,inst15038,15038,QGB,0.2,1,14,4.131875038146973,3634,0.426252063841497,2.4623672628487885,2.398230189658178,6.962800915715585,1.0,1.5957554675789751,1.3180684824881597,0.8996408754689008
mango_instrument,inst15038,15038,SCP,0.05,1,14,0.00030684471130371094,3634,0.8866263070996148,4.625911775786498,4.6259117757864985,6.964895767897364,1.0,1.5957554675789751,1.3180684824881597,0.8996408754689008
mango_instrument,inst15038,15038,SCP,0.1,1,14,0.0002524852752685547,3634,0.7534397358282884,3.7918174916371825,3.7918174916371825,6.423893902997642,1.0,1.5957554675789751,1.3180684824881597,0.8996408754689008
mango_instrument,inst15038,15038,SCP,0.2,1,14,0.00024056434631347656,3634,0.5500825536598789,2.9038372079682344,2.903837207968234,5.753865846619187,1.0,1.5957554675789751,1.3180684824881597,0.8996408754689008
mango_instrument,inst15038,15038,NCP-kNN,0.05,1,14,8.535784482955933,3634,0.6717116125481563,3.719902952085583,3.495466592450523,12.752975495122326,1.0,1.5957554675789751,1.3180684824881597,0.8996408754689008
mango_instrument,inst15038,15038,NCP-kNN,0.1,1,14,0.0004215240478515625,3634,0.5748486516235554,3.1312967457986076,2.942373311070255,9.428662765661123,1.0,1.5957554675789751,1.3180684824881597,0.8996408754689008
mango_instrument,inst15038,15038,NCP-kNN,0.2,1,14,0.0003693103790283203,3634,0.4499174463401211,2.4822463222703,2.332482649544505,6.9726498702247985,1.0,1.5957554675789751,1.3180684824881597,0.8996408754689008
mango_instrument,inst15038,15038,CV+,0.05,1,14,0.16454505920410156,3634,0.8860759493670886,4.639809282505423,4.639259710211137,7.0105690596456,1.0,1.5957554675789751,1.3180684824881597,0.8996408754689008
mango_instrument,inst15038,15038,CV+,0.1,1,14,0.18058300018310547,3634,0.7471106219042377,3.785543925547175,3.7852555572574635,6.511872939357115,1.0,1.5957554675789751,1.3180684824881597,0.8996408754689008
mango_instrument,inst15038,15038,CV+,0.2,1,14,0.2057807445526123,3634,0.5418271876719868,2.879813418008673,2.8793069540260348,5.834422112171096,1.0,1.5957554675789751,1.3180684824881597,0.8996408754689008
mango_instrument,inst15038,15038,CQR,0.05,1,14,0.0003609657287597656,3634,0.8247110621904238,4.858000617157587,4.726324853781327,9.177569604131666,1.0,1.5957554675789751,1.3180684824881597,0.8996408754689008
mango_instrument,inst15038,15038,CQR,0.1,1,14,0.0002987384796142578,3634,0.7008805723720418,3.7784593212278117,3.655238538144471,7.523903767675747,1.0,1.5957554675789751,1.3180684824881597,0.8996408754689008
mango_instrument,inst15038,15038,CQR,0.2,1,14,0.00027680397033691406,3634,0.48046230049532196,2.7159412649859807,2.65180419179537,6.523964452407771,1.0,1.5957554675789751,1.3180684824881597,0.8996408754689008
mango_instrument,inst15038,15038,WCP,0.05,1,14,0.037618398666381836,3634,0.9931205283434232,inf,6.816222728054084,inf,0.8326912493120529,1.5957554675789751,1.3180684824881597,0.8996408754689008
mango_instrument,inst15038,15038,WCP,0.1,1,14,0.004659414291381836,3634,0.9584479911942763,inf,5.391890462256512,inf,0.9020363236103467,1.5957554675789751,1.3180684824881597,0.8996408754689008
mango_instrument,inst15038,15038,WCP,0.2,1,14,0.004033327102661133,3634,0.767473858007705,inf,3.7929798126702874,inf,0.953494771601541,1.5957554675789751,1.3180684824881597,0.8996408754689008
mango_instrument,inst15038,15038,R-U-A,0.05,1,14,0.0028655529022216797,3634,0.8855255916345625,4.639141201171288,4.639141201171288,7.001516112091229,1.0,1.5957554675789751,1.3180684824881597,0.8996408754689008
mango_instrument,inst15038,15038,R-U-A,0.1,1,14,0.003039121627807617,3634,0.74821133736929,3.781457086987423,3.781457086987423,6.494481068936586,1.0,1.5957554675789751,1.3180684824881597,0.8996408754689008
mango_instrument,inst15038,15038,R-U-A,0.2,1,14,0.0024704933166503906,3634,0.5448541552008805,2.8792734740371095,2.8792734740371095,5.815240193706476,1.0,1.5957554675789751,1.3180684824881597,0.8996408754689008
mango_instrument,inst15038,15038,R-U-D,0.05,1,14,0.0965726375579834,3634,0.8973582828838745,4.779379742827408,4.780160958872445,6.685359477477714,1.0,1.5957554675789751,1.3180684824881597,0.8996408754689008
mango_instrument,inst15038,15038,R-U-D,0.1,1,14,0.005403041839599609,3634,0.775178866263071,3.937966041933924,3.9386097242572173,6.205368822505234,1.0,1.5957554675789751,1.3180684824881597,0.8996408754689008
mango_instrument,inst15038,15038,R-U-D,0.2,1,14,0.0049855709075927734,3634,0.5723720418271877,3.0102422366849737,3.0107342774227446,5.640893225409904,1.0,1.5957554675789751,1.3180684824881597,0.8996408754689008
mango_instrument,inst15038,15038,G-U-A,0.05,1,14,0.003895282745361328,3634,0.9603742432581178,5.661827824299794,5.661827824299795,6.544681618597222,1.0,1.5957554675789751,1.3180684824881597,0.8996408754689008
mango_instrument,inst15038,15038,G-U-A,0.1,1,14,0.0035657882690429688,3634,0.8659878921298845,4.479038727462235,4.479038727462235,5.857745457776208,1.0,1.5957554675789751,1.3180684824881597,0.8996408754689008
mango_instrument,inst15038,15038,G-U-A,0.2,1,14,0.0032482147216796875,3634,0.6406164006604292,3.284863977361894,3.284863977361894,5.3949746937912835,1.0,1.5957554675789751,1.3180684824881597,0.8996408754689008
mango_instrument,inst15038,15038,G-W-A,0.05,1,14,0.011347532272338867,3634,0.9600990643918547,5.658060752926232,5.658060752926232,6.543918210885488,1.0,1.5957554675789751,1.3180684824881597,0.8996408754689008
mango_instrument,inst15038,15038,G-W-A,0.1,1,14,0.01168203353881836,3634,0.8841496973032471,4.609232962705209,4.60923296270521,5.824830296056673,1.0,1.5957554675789751,1.3180684824881597,0.8996408754689008
mango_instrument,inst15038,15038,G-W-A,0.2,1,14,0.011098861694335938,3634,0.6835443037974683,3.4621236652532987,3.462123665253298,5.273176651603175,1.0,1.5957554675789751,1.3180684824881597,0.8996408754689008
mango_instrument,inst15038,15038,G-U-D,0.05,1,14,0.09472990036010742,3634,0.9235002751788662,5.2078516676424815,5.230065663254905,6.49452338921447,1.0,1.5957554675789751,1.3180684824881597,0.8996408754689008
mango_instrument,inst15038,15038,G-U-D,0.1,1,14,0.004135608673095703,3634,0.8258117776554761,4.284062616728748,4.302336207115864,6.014764740997186,1.0,1.5957554675789751,1.3180684824881597,0.8996408754689008
mango_instrument,inst15038,15038,G-U-D,0.2,1,14,0.004029035568237305,3634,0.6166758392955421,3.202384680029353,3.2160443930494935,5.512527981817532,1.0,1.5957554675789751,1.3180684824881597,0.8996408754689008
mango_instrument,inst15038,15038,GC-D,0.05,1,14,0.012713193893432617,3634,0.9279031370390755,5.275477129281089,5.297979580057753,6.465153298152674,1.0,1.5957554675789751,1.3180684824881597,0.8996408754689008
mango_instrument,inst15038,15038,GC-D,0.1,1,14,0.013772249221801758,3634,0.8376444689047882,4.392160296835136,4.410894975890834,5.947204580276781,1.0,1.5957554675789751,1.3180684824881597,0.8996408754689008
mango_instrument,inst15038,15038,GC-D,0.2,1,14,0.012980937957763672,3634,0.647220693450743,3.366350335944015,3.3807094414571672,5.381828155758264,1.0,1.5957554675789751,1.3180684824881597,0.8996408754689008
mango_instrument,inst15038,15038,GC-D+,0.05,1,14,0.01624441146850586,3634,0.9799119427627958,6.350187802757544,6.377274412167901,6.653807837424692,1.0,1.5957554675789751,1.3180684824881597,0.8996408754689008
mango_instrument,inst15038,15038,GC-D+,0.1,1,14,0.014154195785522461,3634,0.8962575674188222,4.86731364525255,4.888075082186656,5.811068932918177,1.0,1.5957554675789751,1.3180684824881597,0.8996408754689008
mango_instrument,inst15038,15038,GC-D+,0.2,1,14,0.012807369232177734,3634,0.6995046780407265,3.6024151808691456,3.6177812166414682,5.24086760802961,1.0,1.5957554675789751,1.3180684824881597,0.8996408754689008
mango_instrument,inst15038,15038,HJ+,0.05,1,14,0.7774417400360107,3634,0.9898183819482663,7.162167155623633,7.149470473440708,7.47725006589507,1.0,1.5957554675789751,1.3180684824881597,0.8996408754689008
mango_instrument,inst15038,15038,HJ+,0.1,1,14,0.7965707778930664,3634,0.9287286736378646,5.224869273985785,5.219006864350654,5.950970517997724,1.0,1.5957554675789751,1.3180684824881597,0.8996408754689008
mango_instrument,inst15038,15038,HJ+,0.2,1,14,0.8610825538635254,3634,0.7107870115575123,3.756572071291483,3.7489817077221845,5.294812088794638,1.0,1.5957554675789751,1.3180684824881597,0.8996408754689008
mango_instrument,inst15038,15038,HJ+-D,0.05,1,14,0.6609704494476318,3634,0.9815630159603742,6.477683646999515,6.497121547821799,6.7662504948592685,1.0,1.5957554675789751,1.3180684824881597,0.8996408754689008
mango_instrument,inst15038,15038,HJ+-D,0.1,1,14,0.8355638980865479,3634,0.8915795266923501,4.951457975697415,4.967223814122973,5.887542901031154,1.0,1.5957554675789751,1.3180684824881597,0.8996408754689008
mango_instrument,inst15038,15038,HJ+-D,0.2,1,14,0.9148273468017578,3634,0.6807925151348376,3.659623667679594,3.6693706822452477,5.364802645288914,1.0,1.5957554675789751,1.3180684824881597,0.8996408754689008
mango_instrument,inst15038,15038,HCP-D,0.05,1,14,0.2505605220794678,3634,1.0,inf,inf,inf,0.0,1.5957554675789751,1.3180684824881597,0.8996408754689008
mango_instrument,inst15038,15038,HCP-D,0.1,1,14,0.20097064971923828,3634,0.9986241056686846,12.209563800360929,11.012895100635628,12.217834484249781,1.0,1.5957554675789751,1.3180684824881597,0.8996408754689008
mango_instrument,inst15038,15038,HCP-D,0.2,1,14,0.19999074935913086,3634,0.9700055035773253,8.458184919276837,7.6291917369742945,8.654111921885297,1.0,1.5957554675789751,1.3180684824881597,0.8996408754689008
mango_instrument,inst15038,15038,HCP-A,0.05,1,14,0.16060352325439453,3634,1.0,inf,inf,inf,0.0,1.5957554675789751,1.3180684824881597,0.8996408754689008
mango_instrument,inst15038,15038,HCP-A,0.1,1,14,0.16896986961364746,3634,0.9966978536048432,15.969942069777552,15.969942069777556,16.130271142891047,1.0,1.5957554675789751,1.3180684824881597,0.8996408754689008
mango_instrument,inst15038,15038,HCP-A,0.2,1,14,0.17185735702514648,3634,0.9212988442487617,7.870549049992296,7.870549049992299,8.586297719254974,1.0,1.5957554675789751,1.3180684824881597,0.8996408754689008
mango_instrument,inst15038,15038,ORACLE,0.05,1,14,0.0022788047790527344,3634,0.949642267473858,5.486926599582105,5.616767199177039,6.553379326139658,1.0,1.5957554675789751,1.3180684824881597,0.8996408754689008
mango_instrument,inst15038,15038,ORACLE,0.1,1,14,0.002094745635986328,3634,0.9003852504127683,4.796449992988644,4.918689179998259,5.831810749271171,1.0,1.5957554675789751,1.3180684824881597,0.8996408754689008
mango_instrument,inst15038,15038,ORACLE,0.2,1,14,0.0020918846130371094,3634,0.8054485415520088,4.0919028376510465,4.131682305817421,5.10143283171033,1.0,1.5957554675789751,1.3180684824881597,0.8996408754689008
mango_instrument,inst16032,16032,ASTM-R,0.05,1,12,3.9096601009368896,828,0.3538647342995169,4.331320842724665,4.331306796276997,26.995884628698732,1.0,2.6603484637591914,-2.4537270990424105,1.0285693926397448
mango_instrument,inst16032,16032,ASTM-R,0.1,1,12,0.0009865760803222656,828,0.25120772946859904,3.63494603089818,3.634934242789873,19.857814352212937,1.0,2.6603484637591914,-2.4537270990424105,1.0285693926397448
mango_instrument,inst16032,16032,ASTM-R,0.2,1,12,0.0007052421569824219,828,0.16183574879227053,2.832078854850068,2.832069670435226,14.145248300632245,1.0,2.6603484637591914,-2.4537270990424105,1.0285693926397448
mango_instrument,inst16032,16032,ASTM-G,0.05,1,12,0.001291513442993164,828,0.5205314009661836,5.05537562859452,5.055359234041496,19.453990734527153,1.0,2.6603484637591914,-2.4537270990424105,1.0285693926397448
mango_instrument,inst16032,16032,ASTM-G,0.1,1,12,0.0011615753173828125,828,0.3357487922705314,4.242589787991646,4.242576029298259,16.155208342209868,1.0,2.6603484637591914,-2.4537270990424105,1.0285693926397448
mango_instrument,inst16032,16032,ASTM-G,0.2,1,12,0.0009207725524902344,828,0.20893719806763286,3.305509552615017,3.3054988328672454,12.69008797252393,1.0,2.6603484637591914,-2.4537270990424105,1.0285693926397448
mango_instrument,inst16032,16032,GPR,0.05,1,12,13.514368057250977,828,0.23792270531400966,4.535975527071661,4.466671649061832,44.60842223594352,1.0,2.6603484637591914,-2.4537270990424105,1.0285693926397448
mango_instrument,inst16032,16032,GPR,0.1,1,12,0.00019431114196777344,828,0.17149758454106281,3.80671066219506,3.7485490143252793,29.576822132851206,1.0,2.6603484637591914,-2.4537270990424105,1.0285693926397448
mango_instrument,inst16032,16032,GPR,0.2,1,12,0.0002231597900390625,828,0.10507246376811594,2.9659149779503937,2.920599607840339,19.424049358871933,1.0,2.6603484637591914,-2.4537270990424105,1.0285693926397448
mango_instrument,inst16032,16032,BAG,0.05,1,12,17.950183153152466,828,0.3756038647342995,4.342823832786042,4.341759280828869,25.265864345711584,1.0,2.6603484637591914,-2.4537270990424105,1.0285693926397448
mango_instrument,inst16032,16032,BAG,0.1,1,12,0.00010585784912109375,828,0.2632850241545894,3.644612650495075,3.643719250329741,18.86948122122023,1.0,2.6603484637591914,-2.4537270990424105,1.0285693926397448
mango_instrument,inst16032,16032,BAG,0.2,1,12,9.226799011230469e-05,828,0.17028985507246377,2.839619873473045,2.838923800362478,13.608239092130617,1.0,2.6603484637591914,-2.4537270990424105,1.0285693926397448
mango_instrument,inst16032,16032,QGB,0.05,1,12,4.914578199386597,828,0.48188405797101447,4.350626911276316,4.312025828468541,26.01226096497545,1.0,2.6603484637591914,-2.4537270990424105,1.0285693926397448
mango_instrument,inst16032,16032,QGB,0.1,1,12,4.148091077804565,828,0.2995169082125604,3.3034308008155087,3.266979232504541,21.917207543605006,1.0,2.6603484637591914,-2.4537270990424105,1.0285693926397448
mango_instrument,inst16032,16032,QGB,0.2,1,12,4.502426624298096,828,0.14855072463768115,2.3818223121772317,2.35643981551784,16.239833258980518,1.0,2.6603484637591914,-2.4537270990424105,1.0285693926397448
mango_instrument,inst16032,16032,SCP,0.05,1,12,0.0004215240478515625,828,0.3538647342995169,4.4105028095594685,4.410502809559468,27.1626911218781,1.0,2.6603484637591914,-2.4537270990424105,1.0285693926397448
mango_instrument,inst16032,16032,SCP,0.1,1,12,0.0003380775451660156,828,0.22705314009661837,3.577138639739033,3.577138639739033,20.883635861334017,1.0,2.6603484637591914,-2.4537270990424105,1.0285693926397448
mango_instrument,inst16032,16032,SCP,0.2,1,12,0.0002875328063964844,828,0.14371980676328502,2.727436545994607,2.727436545994607,14.839239748329092,1.0,2.6603484637591914,-2.4537270990424105,1.0285693926397448
mango_instrument,inst16032,16032,NCP-kNN,0.05,1,12,6.35929799079895,828,0.213768115942029,3.3544710618216107,3.2339387230491443,41.84377137085297,1.0,2.6603484637591914,-2.4537270990424105,1.0285693926397448
mango_instrument,inst16032,16032,NCP-kNN,0.1,1,12,0.0004222393035888672,828,0.14855072463768115,2.8087906907077627,2.7078656551853246,26.451723486918077,1.0,2.6603484637591914,-2.4537270990424105,1.0285693926397448
mango_instrument,inst16032,16032,NCP-kNN,0.2,1,12,0.00030493736267089844,828,0.09057971014492754,2.206485964598542,2.1272028499493842,16.652576281903666,1.0,2.6603484637591914,-2.4537270990424105,1.0285693926397448
mango_instrument,inst16032,16032,CV+,0.05,1,12,0.04734015464782715,828,0.3647342995169082,4.361156117480966,4.361082252555948,26.240449736019748,1.0,2.6603484637591914,-2.4537270990424105,1.0285693926397448
mango_instrument,inst16032,16032,CV+,0.1,1,12,0.04445052146911621,828,0.24396135265700483,3.576038464738006,3.5755449558983665,20.040627217357613,1.0,2.6603484637591914,-2.4537270990424105,1.0285693926397448
mango_instrument,inst16032,16032,CV+,0.2,1,12,0.05098867416381836,828,0.15458937198067632,2.736680495814904,2.736478072072156,14.340103360534968,1.0,2.6603484637591914,-2.4537270990424105,1.0285693926397448
mango_instrument,inst16032,16032,CQR,0.05,1,12,0.0007822513580322266,828,0.5640096618357487,4.948466347083344,4.909865264275569,20.843371279402902,1.0,2.6603484637591914,-2.4537270990424105,1.0285693926397448
mango_instrument,inst16032,16032,CQR,0.1,1,12,0.00036716461181640625,828,0.34782608695652173,3.696073188479918,3.6596216201689504,19.663189977904267,1.0,2.6603484637591914,-2.4537270990424105,1.0285693926397448
mango_instrument,inst16032,16032,CQR,0.2,1,12,0.0005664825439453125,828,0.19082125603864733,2.6480383324892935,2.622655835829902,15.398220117098862,1.0,2.6603484637591914,-2.4537270990424105,1.0285693926397448
mango_instrument,inst16032,16032,WCP,0.05,1,12,0.039385318756103516,828,0.9939613526570048,inf,inf,inf,0.010869565217391304,2.6603484637591914,-2.4537270990424105,1.0285693926397448
mango_instrument,inst16032,16032,WCP,0.1,1,12,0.010255813598632812,828,0.9903381642512077,inf,inf,inf,0.016908212560386472,2.6603484637591914,-2.4537270990424105,1.0285693926397448
mango_instrument,inst16032,16032,WCP,0.2,1,12,0.009688138961791992,828,0.9758454106280193,inf,inf,inf,0.042270531400966184,2.6603484637591914,-2.4537270990424105,1.0285693926397448
mango_instrument,inst16032,16032,R-U-A,0.05,1,12,0.004881143569946289,828,0.358695652173913,4.34750378590109,4.34750378590109,26.803615774221043,1.0,2.6603484637591914,-2.4537270990424105,1.0285693926397448
mango_instrument,inst16032,16032,R-U-A,0.1,1,12,0.004593849182128906,828,0.24033816425120774,3.572314115916825,3.572314115916825,20.268245653989027,1.0,2.6603484637591914,-2.4537270990424105,1.0285693926397448
mango_instrument,inst16032,16032,R-U-A,0.2,1,12,0.0040111541748046875,828,0.14855072463768115,2.731675384947334,2.7316753849473336,14.468321256472482,1.0,2.6603484637591914,-2.4537270990424105,1.0285693926397448
mango_instrument,inst16032,16032,R-U-D,0.05,1,12,0.1312854290008545,828,0.4396135265700483,4.746311486731458,4.744449848531411,22.49081278640067,1.0,2.6603484637591914,-2.4537270990424105,1.0285693926397448
mango_instrument,inst16032,16032,R-U-D,0.1,1,12,0.005155086517333984,828,0.2898550724637681,3.916698211504333,3.9151619711987875,18.110250440423613,1.0,2.6603484637591914,-2.4537270990424105,1.0285693926397448
mango_instrument,inst16032,16032,R-U-D,0.2,1,12,0.004982948303222656,828,0.17391304347826086,3.000352863337705,2.9991760397095835,13.625979030723892,1.0,2.6603484637591914,-2.4537270990424105,1.0285693926397448
mango_instrument,inst16032,16032,G-U-A,0.05,1,12,0.004068136215209961,828,0.5205314009661836,5.056340686546705,5.056340686546704,19.445771525810027,1.0,2.6603484637591914,-2.4537270990424105,1.0285693926397448
mango_instrument,inst16032,16032,G-U-A,0.1,1,12,0.0031321048736572266,828,0.3272946859903382,4.180815839669177,4.180815839669176,16.506292037922453,1.0,2.6603484637591914,-2.4537270990424105,1.0285693926397448
mango_instrument,inst16032,16032,G-U-A,0.2,1,12,0.0030155181884765625,828,0.20652173913043478,3.2301490916233817,3.2301490916233817,12.91338221742853,1.0,2.6603484637591914,-2.4537270990424105,1.0285693926397448
mango_instrument,inst16032,16032,G-W-A,0.05,1,12,0.01479339599609375,828,0.5,4.982527168404031,4.9825271684040295,20.094814938886284,1.0,2.6603484637591914,-2.4537270990424105,1.0285693926397448
mango_instrument,inst16032,16032,G-W-A,0.1,1,12,0.01483917236328125,828,0.32608695652173914,4.178950737090344,4.178950737090343,16.516978166874097,1.0,2.6603484637591914,-2.4537270990424105,1.0285693926397448
mango_instrument,inst16032,16032,G-W-A,0.2,1,12,0.014184951782226562,828,0.20652173913043478,3.2646283884042226,3.2646283884042226,12.811068651981033,1.0,2.6603484637591914,-2.4537270990424105,1.0285693926397448
mango_instrument,inst16032,16032,G-U-D,0.05,1,12,0.11555218696594238,828,0.5760869565217391,5.279561853570115,5.269109104219202,18.1987822272526,1.0,2.6603484637591914,-2.4537270990424105,1.0285693926397448
mango_instrument,inst16032,16032,G-U-D,0.1,1,12,0.005339860916137695,828,0.3671497584541063,4.388664186404779,4.379975282287708,15.52610840755129,1.0,2.6603484637591914,-2.4537270990424105,1.0285693926397448
mango_instrument,inst16032,16032,G-U-D,0.2,1,12,0.0052754878997802734,828,0.2222222222222222,3.4252661403471567,3.418484621460127,12.394578319121186,1.0,2.6603484637591914,-2.4537270990424105,1.0285693926397448
mango_instrument,inst16032,16032,GC-D,0.05,1,12,0.0175321102142334,828,0.5579710144927537,5.184982957280547,5.174717460115369,18.90907212917469,1.0,2.6603484637591914,-2.4537270990424105,1.0285693926397448
mango_instrument,inst16032,16032,GC-D,0.1,1,12,0.017850637435913086,828,0.35628019323671495,4.32771140088937,4.319143174246472,15.851277094138785,1.0,2.6603484637591914,-2.4537270990424105,1.0285693926397448
mango_instrument,inst16032,16032,GC-D,0.2,1,12,0.017855405807495117,828,0.21980676328502416,3.406515156893067,3.399770762171938,12.448533966305511,1.0,2.6603484637591914,-2.4537270990424105,1.0285693926397448
mango_instrument,inst16032,16032,GC-D+,0.05,1,12,0.01753377914428711,828,0.7705314009661836,6.32575806903716,6.3132340063622525,12.48200431926419,1.0,2.6603484637591914,-2.4537270990424105,1.0285693926397448
mango_instrument,inst16032,16032,GC-D+,0.1,1,12,0.018337249755859375,828,0.4468599033816425,4.772897838248928,4.763448208494708,13.641469356717142,1.0,2.6603484637591914,-2.4537270990424105,1.0285693926397448
mango_instrument,inst16032,16032,GC-D+,0.2,1,12,0.02167034149169922,828,0.24396135265700483,3.612895379961569,3.6057423830112096,11.863881568597492,1.0,2.6603484637591914,-2.4537270990424105,1.0285693926397448
mango_instrument,inst16032,16032,HJ+,0.05,1,12,0.32204484939575195,828,0.7729468599033816,6.27375449768728,6.2637009095600895,12.08252666700602,1.0,2.6603484637591914,-2.4537270990424105,1.0285693926397448
mango_instrument,inst16032,16032,HJ+,0.1,1,12,0.3698842525482178,828,0.45169082125603865,4.709688243464678,4.700592616940725,13.169722205106805,1.0,2.6603484637591914,-2.4537270990424105,1.0285693926397448
mango_instrument,inst16032,16032,HJ+,0.2,1,12,0.4022061824798584,828,0.25,3.5272806441207605,3.5210365499439655,11.499737833813573,1.0,2.6603484637591914,-2.4537270990424105,1.0285693926397448
mango_instrument,inst16032,16032,HJ+-D,0.05,1,12,0.2936065196990967,828,0.8091787439613527,6.534406913534286,6.511937413566207,11.472996732135822,1.0,2.6603484637591914,-2.4537270990424105,1.0285693926397448
mango_instrument,inst16032,16032,HJ+-D,0.1,1,12,0.3237884044647217,828,0.5205314009661836,4.961578294080676,4.940260109300249,12.31913579974598,1.0,2.6603484637591914,-2.4537270990424105,1.0285693926397448
mango_instrument,inst16032,16032,HJ+-D,0.2,1,12,0.3366725444793701,828,0.28019323671497587,3.7478660324530404,3.7321555818850776,10.9859727657524,1.0,2.6603484637591914,-2.4537270990424105,1.0285693926397448
mango_instrument,inst16032,16032,HCP-D,0.05,1,12,0.2478480339050293,828,1.0,inf,inf,inf,0.0,2.6603484637591914,-2.4537270990424105,1.0285693926397448
mango_instrument,inst16032,16032,HCP-D,0.1,1,12,0.2285318374633789,828,0.4251207729468599,16.10123674743711,16.19729910602733,29.522859153607847,1.0,2.6603484637591914,-2.4537270990424105,1.0285693926397448
mango_instrument,inst16032,16032,HCP-D,0.2,1,12,0.2500181198120117,828,0.035024154589371984,11.96303895310735,12.034412211930166,34.89141456685225,1.0,2.6603484637591914,-2.4537270990424105,1.0285693926397448
mango_instrument,inst16032,16032,HCP-A,0.05,1,12,0.19106125831604004,828,1.0,inf,inf,inf,0.0,2.6603484637591914,-2.4537270990424105,1.0285693926397448
mango_instrument,inst16032,16032,HCP-A,0.1,1,12,0.19480490684509277,828,0.0,9.038470245547998,9.038470245547998,83.94990265562298,1.0,2.6603484637591914,-2.4537270990424105,1.0285693926397448
mango_instrument,inst16032,16032,HCP-A,0.2,1,12,0.19257807731628418,828,0.0,6.31403287864257,6.314032878642571,57.3919359182072,1.0,2.6603484637591914,-2.4537270990424105,1.0285693926397448
mango_instrument,inst16032,16032,ORACLE,0.05,1,12,0.0007603168487548828,828,0.9528985507246377,8.353864354750623,8.353864354750623,9.345822366090417,1.0,2.6603484637591914,-2.4537270990424105,1.0285693926397448
mango_instrument,inst16032,16032,ORACLE,0.1,1,12,0.0005397796630859375,828,0.8973429951690821,7.43121005911646,7.431210059116459,8.623363603514248,1.0,2.6603484637591914,-2.4537270990424105,1.0285693926397448
mango_instrument,inst16032,16032,ORACLE,0.2,1,12,0.0005030632019042969,828,0.8007246376811594,6.450421360282601,6.450421360282601,7.725677869576373,1.0,2.6603484637591914,-2.4537270990424105,1.0285693926397448
mango_instrument,inst16033,16033,ASTM-R,0.05,1,13,3.7118000984191895,1504,0.9913563829787234,4.6193564093629025,4.619333357275573,4.661234048541031,1.0,0.9468008252621365,0.44025347072342474,0.8384963655740165
mango_instrument,inst16033,16033,ASTM-R,0.1,1,13,0.001184701919555664,1504,0.964095744680851,3.8766715903704356,3.876652244521332,4.0538789244074325,1.0,0.9468008252621365,0.44025347072342474,0.8384963655740165
mango_instrument,inst16033,16033,ASTM-R,0.2,1,13,0.0008630752563476562,1504,0.9009308510638298,3.0204129140106,3.020397841170122,3.367501209416808,1.0,0.9468008252621365,0.44025347072342474,0.8384963655740165
mango_instrument,inst16033,16033,ASTM-G,0.05,1,13,0.0016260147094726562,1504,1.0,5.897819061513005,5.897789629482214,5.897819061513005,1.0,0.9468008252621365,0.44025347072342474,0.8384963655740165
mango_instrument,inst16033,16033,ASTM-G,0.1,1,13,0.0014181137084960938,1504,0.9980053191489362,4.949587253014335,4.949562552967943,4.953496252753911,1.0,0.9468008252621365,0.44025347072342474,0.8384963655740165
mango_instrument,inst16033,16033,ASTM-G,0.2,1,13,0.0011746883392333984,1504,0.9634308510638298,3.856348651033971,3.8563294066029288,3.9486503383455296,1.0,0.9468008252621365,0.44025347072342474,0.8384963655740165
mango_instrument,inst16033,16033,GPR,0.05,1,13,16.390084981918335,1504,0.9481382978723404,4.156697252591834,4.130910985794042,4.843824340584205,1.0,0.9468008252621365,0.44025347072342474,0.8384963655740165
mango_instrument,inst16033,16033,GPR,0.1,1,13,0.00018358230590820312,1504,0.9022606382978723,3.4884103003909925,3.4667697831149376,4.32607264852481,1.0,0.9468008252621365,0.44025347072342474,0.8384963655740165
mango_instrument,inst16033,16033,GPR,0.2,1,13,9.036064147949219e-05,1504,0.8065159574468085,2.717918244198808,2.701057510611392,3.6696107495543586,1.0,0.9468008252621365,0.44025347072342474,0.8384963655740165
mango_instrument,inst16033,16033,BAG,0.05,1,13,16.934194326400757,1504,0.9913563829787234,4.626470761232142,4.625880273045219,4.666919861116114,1.0,0.9468008252621365,0.44025347072342474,0.8384963655740165
mango_instrument,inst16033,16033,BAG,0.1,1,13,0.00012183189392089844,1504,0.964095744680851,3.8826566567668026,3.8821611034588885,4.058160552173545,1.0,0.9468008252621365,0.44025347072342474,0.8384963655740165
mango_instrument,inst16033,16033,BAG,0.2,1,13,0.0001220703125,1504,0.9029255319148937,3.0250866310662063,3.0247005315937887,3.3709544355075023,1.0,0.9468008252621365,0.44025347072342474,0.8384963655740165
mango_instrument,inst16033,16033,QGB,0.05,1,13,5.950299024581909,1504,0.9361702127659575,4.471595903417933,4.613502081109558,5.561890175031337,1.0,0.9468008252621365,0.44025347072342474,0.8384963655740165
mango_instrument,inst16033,16033,QGB,0.1,1,13,5.8989667892456055,1504,0.8710106382978723,3.5159461532781378,3.6645694222575758,4.619250354862465,1.0,0.9468008252621365,0.44025347072342474,0.8384963655740165
mango_instrument,inst16033,16033,QGB,0.2,1,13,6.405582666397095,1504,0.7506648936170213,2.624198542048475,2.7664425752373507,3.882154772567135,1.0,0.9468008252621365,0.44025347072342474,0.8384963655740165
mango_instrument,inst16033,16033,SCP,0.05,1,13,0.0005636215209960938,1504,0.988031914893617,4.413562195197741,4.413562195197741,4.503627781556869,1.0,0.9468008252621365,0.44025347072342474,0.8384963655740165
mango_instrument,inst16033,16033,SCP,0.1,1,13,0.00035762786865234375,1504,0.9514627659574468,3.5983359682754426,3.5983359682754426,3.8911091859908726,1.0,0.9468008252621365,0.44025347072342474,0.8384963655740165
mango_instrument,inst16033,16033,SCP,0.2,1,13,0.0003573894500732422,1504,0.8663563829787234,2.783763165644612,2.7837631656446113,3.2607120391135958,1.0,0.9468008252621365,0.44025347072342474,0.8384963655740165
mango_instrument,inst16033,16033,NCP-kNN,0.05,1,13,10.187816858291626,1504,0.9222074468085106,4.400560031975534,4.255163002720021,5.625664671052137,1.0,0.9468008252621365,0.44025347072342474,0.8384963655740165
mango_instrument,inst16033,16033,NCP-kNN,0.1,1,13,0.0005052089691162109,1504,0.8849734042553191,3.6500047252671752,3.5294064741431725,4.670810423670055,1.0,0.9468008252621365,0.44025347072342474,0.8384963655740165
mango_instrument,inst16033,16033,NCP-kNN,0.2,1,13,0.0004165172576904297,1504,0.8218085106382979,2.9113537478544464,2.8151609489892735,3.771642020719567,1.0,0.9468008252621365,0.44025347072342474,0.8384963655740165
mango_instrument,inst16033,16033,CV+,0.05,1,13,0.1085200309753418,1504,0.9920212765957447,4.666086874580382,4.666028825566819,4.699728229707111,1.0,0.9468008252621365,0.44025347072342474,0.8384963655740165
mango_instrument,inst16033,16033,CV+,0.1,1,13,0.10725069046020508,1504,0.9621010638297872,3.82111799955002,3.8210136460514015,4.018315496416624,1.0,0.9468008252621365,0.44025347072342474,0.8384963655740165
mango_instrument,inst16033,16033,CV+,0.2,1,13,0.13376212120056152,1504,0.8896276595744681,2.919424371348013,2.91935076096771,3.3183702532779606,1.0,0.9468008252621365,0.44025347072342474,0.8384963655740165
mango_instrument,inst16033,16033,CQR,0.05,1,13,0.0005991458892822266,1504,0.9521276595744681,4.777501749591904,4.919407927283529,5.534511097894758,1.0,0.9468008252621365,0.44025347072342474,0.8384963655740165
mango_instrument,inst16033,16033,CQR,0.1,1,13,0.0007953643798828125,1504,0.8902925531914894,3.710539409783864,3.859162678763302,4.582847598514169,1.0,0.9468008252621365,0.44025347072342474,0.8384963655740165
mango_instrument,inst16033,16033,CQR,0.2,1,13,0.0006754398345947266,1504,0.7726063829787234,2.7868039199142127,2.9290479531030886,3.849264513413106,1.0,0.9468008252621365,0.44025347072342474,0.8384963655740165
mango_instrument,inst16033,16033,WCP,0.05,1,13,0.0637509822845459,1504,0.9793882978723404,inf,4.2723418091344385,inf,0.9940159574468085,0.9468008252621365,0.44025347072342474,0.8384963655740165
mango_instrument,inst16033,16033,WCP,0.1,1,13,0.007241725921630859,1504,0.9488031914893617,inf,3.5052269071856728,inf,0.9993351063829787,0.9468008252621365,0.44025347072342474,0.8384963655740165
mango_instrument,inst16033,16033,WCP,0.2,1,13,0.005514621734619141,1504,0.7686170212765957,2.29957791290534,2.2616847910198814,3.2063471544979354,1.0,0.9468008252621365,0.44025347072342474,0.8384963655740165
mango_instrument,inst16033,16033,R-U-A,0.05,1,13,0.0050623416900634766,1504,0.9920212765957447,4.66388023502648,4.663880235026479,4.69816889648445,1.0,0.9468008252621365,0.44025347072342474,0.8384963655740165
mango_instrument,inst16033,16033,R-U-A,0.1,1,13,0.004796743392944336,1504,0.9621010638297872,3.820543792722415,3.8205437927224146,4.0183309628682675,1.0,0.9468008252621365,0.44025347072342474,0.8384963655740165
mango_instrument,inst16033,16033,R-U-A,0.2,1,13,0.0050487518310546875,1504,0.8902925531914894,2.9198293149572088,2.9198293149572088,3.318695641458228,1.0,0.9468008252621365,0.44025347072342474,0.8384963655740165
mango_instrument,inst16033,16033,R-U-D,0.05,1,13,0.1487894058227539,1504,0.9920212765957447,4.6512202523929265,4.645275608946434,4.693159299159505,1.0,0.9468008252621365,0.44025347072342474,0.8384963655740165
mango_instrument,inst16033,16033,R-U-D,0.1,1,13,0.006930112838745117,1504,0.9581117021276596,3.8516075124698377,3.846684840113979,4.048127138756116,1.0,0.9468008252621365,0.44025347072342474,0.8384963655740165
mango_instrument,inst16033,16033,R-U-D,0.2,1,13,0.006998538970947266,1504,0.8882978723404256,2.9542583537106046,2.9504825676569135,3.3581639539522157,1.0,0.9468008252621365,0.44025347072342474,0.8384963655740165
mango_instrument,inst16033,16033,G-U-A,0.05,1,13,0.004915714263916016,1504,1.0,5.385893664465458,5.38589366446546,5.385893664465458,1.0,0.9468008252621365,0.44025347072342474,0.8384963655740165
mango_instrument,inst16033,16033,G-U-A,0.1,1,13,0.003995656967163086,1504,0.9873670212765957,4.385512370997875,4.385512370997876,4.431384263557428,1.0,0.9468008252621365,0.44025347072342474,0.8384963655740165
mango_instrument,inst16033,16033,G-U-A,0.2,1,13,0.0038869380950927734,1504,0.9295212765957447,3.289182586253006,3.2891825862530055,3.523838890347364,1.0,0.9468008252621365,0.44025347072342474,0.8384963655740165
mango_instrument,inst16033,16033,G-W-A,0.05,1,13,0.034609079360961914,1504,1.0,5.805511093319698,5.805511093319698,5.805511093319698,1.0,0.9468008252621365,0.44025347072342474,0.8384963655740165
mango_instrument,inst16033,16033,G-W-A,0.1,1,13,0.02287769317626953,1504,0.995345744680851,4.740454667530411,4.740454667530411,4.752789755419093,1.0,0.9468008252621365,0.44025347072342474,0.8384963655740165
mango_instrument,inst16033,16033,G-W-A,0.2,1,13,0.017432212829589844,1504,0.9514627659574468,3.6122086136520157,3.6122086136520153,3.7545063269192402,1.0,0.9468008252621365,0.44025347072342474,0.8384963655740165
mango_instrument,inst16033,16033,G-U-D,0.05,1,13,0.14106225967407227,1504,0.9913563829787234,4.807428806473821,4.8572781262673095,4.869110422812396,1.0,0.9468008252621365,0.44025347072342474,0.8384963655740165
mango_instrument,inst16033,16033,G-U-D,0.1,1,13,0.006955385208129883,1504,0.9621010638297872,3.9559043732778276,3.9969240430668904,4.15065339542783,1.0,0.9468008252621365,0.44025347072342474,0.8384963655740165
mango_instrument,inst16033,16033,G-U-D,0.2,1,13,0.0075571537017822266,1504,0.8889627659574468,3.0090972481566713,3.0402992600951695,3.4177652190605756,1.0,0.9468008252621365,0.44025347072342474,0.8384963655740165
mango_instrument,inst16033,16033,GC-D,0.05,1,13,0.020888090133666992,1504,0.995345744680851,5.108884517658212,5.16185970010206,5.13585003302671,1.0,0.9468008252621365,0.44025347072342474,0.8384963655740165
mango_instrument,inst16033,16033,GC-D,0.1,1,13,0.021175622940063477,1504,0.9740691489361702,4.2473904679277785,4.291432623151883,4.353869711053488,1.0,0.9468008252621365,0.44025347072342474,0.8384963655740165
mango_instrument,inst16033,16033,GC-D,0.2,1,13,0.02234339714050293,1504,0.9162234042553191,3.2837526339784784,3.317802609914363,3.565415292713143,1.0,0.9468008252621365,0.44025347072342474,0.8384963655740165
mango_instrument,inst16033,16033,GC-D+,0.05,1,13,0.021632671356201172,1504,1.0,6.175682228144681,6.239719278036963,6.175682228144681,1.0,0.9468008252621365,0.44025347072342474,0.8384963655740165
mango_instrument,inst16033,16033,GC-D+,0.1,1,13,0.021689653396606445,1504,0.9906914893617021,4.738321460578614,4.787454190626466,4.774590062954911,1.0,0.9468008252621365,0.44025347072342474,0.8384963655740165
mango_instrument,inst16033,16033,GC-D+,0.2,1,13,0.021520137786865234,1504,0.9381648936170213,3.5052563486320683,3.541603146830269,3.7099730660140553,1.0,0.9468008252621365,0.44025347072342474,0.8384963655740165
mango_instrument,inst16033,16033,HJ+,0.05,1,13,0.6732692718505859,1504,1.0,8.015114605926836,8.010548542295133,8.015114605926836,1.0,0.9468008252621365,0.44025347072342474,0.8384963655740165
mango_instrument,inst16033,16033,HJ+,0.1,1,13,0.7346229553222656,1504,1.0,5.371156340593792,5.36832188329381,5.371156340593792,1.0,0.9468008252621365,0.44025347072342474,0.8384963655740165
mango_instrument,inst16033,16033,HJ+,0.2,1,13,0.8031628131866455,1504,0.9674202127659575,3.914291820500217,3.9117881711806355,3.990644672160458,1.0,0.9468008252621365,0.44025347072342474,0.8384963655740165
mango_instrument,inst16033,16033,HJ+-D,0.05,1,13,0.7079648971557617,1504,1.0,6.425864463324434,6.4448538917424445,6.425864463324434,1.0,0.9468008252621365,0.44025347072342474,0.8384963655740165
mango_instrument,inst16033,16033,HJ+-D,0.1,1,13,0.7346231937408447,1504,0.9940159574468085,4.8553389157427755,4.874050748147887,4.8758971441232415,1.0,0.9468008252621365,0.44025347072342474,0.8384963655740165
mango_instrument,inst16033,16033,HJ+-D,0.2,1,13,0.9066307544708252,1504,0.9461436170212766,3.5903417697418285,3.606033474618174,3.7530360999805654,1.0,0.9468008252621365,0.44025347072342474,0.8384963655740165
mango_instrument,inst16033,16033,HCP-D,0.05,1,13,0.5256061553955078,1504,1.0,inf,inf,inf,0.0,0.9468008252621365,0.44025347072342474,0.8384963655740165
mango_instrument,inst16033,16033,HCP-D,0.1,1,13,0.45735979080200195,1504,1.0,10.986897321165142,10.878905304810267,10.986897321165142,1.0,0.9468008252621365,0.44025347072342474,0.8384963655740165
mango_instrument,inst16033,16033,HCP-D,0.2,1,13,0.5056779384613037,1504,0.9946808510638298,6.838582621142058,6.77136507057445,6.853203961582122,1.0,0.9468008252621365,0.44025347072342474,0.8384963655740165
mango_instrument,inst16033,16033,HCP-A,0.05,1,13,0.34229612350463867,1504,1.0,inf,inf,inf,0.0,0.9468008252621365,0.44025347072342474,0.8384963655740165
mango_instrument,inst16033,16033,HCP-A,0.1,1,13,0.3050806522369385,1504,1.0,9.810636017118073,9.810636017118075,9.810636017118073,1.0,0.9468008252621365,0.44025347072342474,0.8384963655740165
mango_instrument,inst16033,16033,HCP-A,0.2,1,13,0.31243133544921875,1504,0.9720744680851063,6.985580308312565,6.985580308312567,7.069756137292042,1.0,0.9468008252621365,0.44025347072342474,0.8384963655740165
mango_instrument,inst16033,16033,ORACLE,0.05,1,13,0.0016736984252929688,1504,0.9414893617021277,3.5219184747790107,3.698082090104947,4.23683831966447,1.0,0.9468008252621365,0.44025347072342474,0.8384963655740165
mango_instrument,inst16033,16033,ORACLE,0.1,1,13,0.0013949871063232422,1504,0.9042553191489362,3.0193564675841844,3.1113178860348523,3.7275438835624684,1.0,0.9468008252621365,0.44025347072342474,0.8384963655740165
mango_instrument,inst16033,16033,ORACLE,0.2,1,13,0.0014717578887939453,1504,0.8071808510638298,2.4589967426406654,2.511231358813397,3.2100370194261196,1.0,0.9468008252621365,0.44025347072342474,0.8384963655740165
mango_instrument,inst16041,16041,ASTM-R,0.05,1,13,2.5434110164642334,4672,0.9783818493150684,4.428745800682259,4.428651579240844,4.795908811536162,1.0,0.9572814218953773,-0.2289000273623373,0.9296114605961896
mango_instrument,inst16041,16041,ASTM-R,0.1,1,13,0.0008442401885986328,4672,0.9490582191780822,3.7167020122724104,3.7166229395424164,4.140439163854122,1.0,0.9572814218953773,-0.2289000273623373,0.9296114605961896
mango_instrument,inst16041,16041,ASTM-R,0.2,1,13,0.0006175041198730469,4672,0.8764982876712328,2.8957731327764686,2.8957115252851224,3.455319145742915,1.0,0.9572814218953773,-0.2289000273623373,0.9296114605961896
mango_instrument,inst16041,16041,ASTM-G,0.05,1,13,0.0010159015655517578,4672,0.9970034246575342,5.969066869985857,5.968939878257336,6.0426096541272525,1.0,0.9572814218953773,-0.2289000273623373,0.9296114605961896
mango_instrument,inst16041,16041,ASTM-G,0.1,1,13,0.0009331703186035156,4672,0.9888698630136986,5.009373724643966,5.0092671503599195,5.100823464177609,1.0,0.9572814218953773,-0.2289000273623373,0.9296114605961896
mango_instrument,inst16041,16041,ASTM-G,0.2,1,13,0.0008618831634521484,4672,0.9601883561643836,3.9029251728984677,3.902842138276008,4.072699209187616,1.0,0.9572814218953773,-0.2289000273623373,0.9296114605961896
mango_instrument,inst16041,16041,GPR,0.05,1,13,11.435673713684082,4672,0.804152397260274,4.540803192840381,4.308439903983189,8.496573837343723,1.0,0.9572814218953773,-0.2289000273623373,0.9296114605961896
mango_instrument,inst16041,16041,GPR,0.1,1,13,0.00021266937255859375,4672,0.696917808219178,3.8107621670247536,3.6157567478120036,7.56661023544895,1.0,0.9572814218953773,-0.2289000273623373,0.9296114605961896
mango_instrument,inst16041,16041,GPR,0.2,1,13,0.00013828277587890625,4672,0.5470890410958904,2.969071618925755,2.8171374308697885,6.4029125750606966,1.0,0.9572814218953773,-0.2289000273623373,0.9296114605961896
mango_instrument,inst16041,16041,BAG,0.05,1,13,12.732682943344116,4672,0.9800941780821918,4.441639301802394,4.439256323857119,4.788614987609182,1.0,0.9572814218953773,-0.2289000273623373,0.9296114605961896
mango_instrument,inst16041,16041,BAG,0.1,1,13,0.00017023086547851562,4672,0.9511986301369864,3.7275412062708586,3.725541348137165,4.133414450091142,1.0,0.9572814218953773,-0.2289000273623373,0.9296114605961896
mango_instrument,inst16041,16041,BAG,0.2,1,13,0.0001239776611328125,4672,0.8779965753424658,2.904231835742162,2.902673690214738,3.442215494160447,1.0,0.9572814218953773,-0.2289000273623373,0.9296114605961896
mango_instrument,inst16041,16041,QGB,0.05,1,13,3.8208796977996826,4672,0.7866010273972602,3.9158838861953664,3.768506864696737,8.843145060722485,1.0,0.9572814218953773,-0.2289000273623373,0.9296114605961896
mango_instrument,inst16041,16041,QGB,0.1,1,13,3.5966637134552,4672,0.6883561643835616,2.9379159371223387,2.827785344235198,7.211494398375878,1.0,0.9572814218953773,-0.2289000273623373,0.9296114605961896
mango_instrument,inst16041,16041,QGB,0.2,1,13,3.674387216567993,4672,0.5473030821917808,2.1986888004422007,2.097320815953494,5.80951871498601,1.0,0.9572814218953773,-0.2289000273623373,0.9296114605961896
mango_instrument,inst16041,16041,SCP,0.05,1,13,0.0003075599670410156,4672,0.9798801369863014,4.433070920883068,4.433070920883068,4.7763006012658815,1.0,0.9572814218953773,-0.2289000273623373,0.9296114605961896
mango_instrument,inst16041,16041,SCP,0.1,1,13,0.0002624988555908203,4672,0.9443493150684932,3.6348971284780194,3.63489712847802,4.083461842446231,1.0,0.9572814218953773,-0.2289000273623373,0.9296114605961896
mango_instrument,inst16041,16041,SCP,0.2,1,13,0.00021147727966308594,4672,0.8679366438356164,2.814986091296241,2.814986091296241,3.411706120151227,1.0,0.9572814218953773,-0.2289000273623373,0.9296114605961896
mango_instrument,inst16041,16041,NCP-kNN,0.05,1,13,6.133149862289429,4672,0.9550513698630136,4.167221315507748,4.209928637718912,4.825321149557471,1.0,0.9572814218953773,-0.2289000273623373,0.9296114605961896
mango_instrument,inst16041,16041,NCP-kNN,0.1,1,13,0.0005893707275390625,4672,0.916095890410959,3.4854067378748153,3.5211265562673333,4.1802088331051666,1.0,0.9572814218953773,-0.2289000273623373,0.9296114605961896
mango_instrument,inst16041,16041,NCP-kNN,0.2,1,13,0.0003979206085205078,4672,0.8480308219178082,2.7958535576956005,2.824506564028473,3.493945632906867,1.0,0.9572814218953773,-0.2289000273623373,0.9296114605961896
mango_instrument,inst16041,16041,CV+,0.05,1,13,0.22855710983276367,4672,0.9794520547945206,4.456756184381234,4.456676695879903,4.800567499440636,1.0,0.9572814218953773,-0.2289000273623373,0.9296114605961896
mango_instrument,inst16041,16041,CV+,0.1,1,13,0.18724799156188965,4672,0.9467037671232876,3.65522107751086,3.6543629140158442,4.095909431702043,1.0,0.9572814218953773,-0.2289000273623373,0.9296114605961896
mango_instrument,inst16041,16041,CV+,0.2,1,13,0.2054598331451416,4672,0.865154109589041,2.7897287680966874,2.7892856521996663,3.40251522241975,1.0,0.9572814218953773,-0.2289000273623373,0.9296114605961896
mango_instrument,inst16041,16041,CQR,0.05,1,13,0.00032901763916015625,4672,0.859375,4.498517342117331,4.351140320618701,7.380773170516246,1.0,0.9572814218953773,-0.2289000273623373,0.9296114605961896
mango_instrument,inst16041,16041,CQR,0.1,1,13,0.00026345252990722656,4672,0.7542808219178082,3.3648977208468493,3.254767127959707,6.448508935638544,1.0,0.9572814218953773,-0.2289000273623373,0.9296114605961896
mango_instrument,inst16041,16041,CQR,0.2,1,13,0.0002655982971191406,4672,0.6044520547945206,2.4981523798373027,2.396784395348596,5.4742206468982,1.0,0.9572814218953773,-0.2289000273623373,0.9296114605961896
mango_instrument,inst16041,16041,WCP,0.05,1,13,0.023657560348510742,4672,0.8523116438356164,inf,2.6294482243351496,inf,0.983304794520548,0.9572814218953773,-0.2289000273623373,0.9296114605961896
mango_instrument,inst16041,16041,WCP,0.1,1,13,0.003673076629638672,4672,0.8450342465753424,inf,2.6294482243351496,inf,0.9955051369863014,0.9572814218953773,-0.2289000273623373,0.9296114605961896
mango_instrument,inst16041,16041,WCP,0.2,1,13,0.003548860549926758,4672,0.8428938356164384,inf,2.6294482243351496,inf,0.998929794520548,0.9572814218953773,-0.2289000273623373,0.9296114605961896
mango_instrument,inst16041,16041,R-U-A,0.05,1,13,0.0024945735931396484,4672,0.9792380136986302,4.449512760139466,4.449512760139466,4.807919703950978,1.0,0.9572814218953773,-0.2289000273623373,0.9296114605961896
mango_instrument,inst16041,16041,R-U-A,0.1,1,13,0.0028192996978759766,4672,0.9449914383561644,3.651460577820589,3.6514605778205897,4.1099664073310604,1.0,0.9572814218953773,-0.2289000273623373,0.9296114605961896
mango_instrument,inst16041,16041,R-U-A,0.2,1,13,0.0021371841430664062,4672,0.8632277397260274,2.7836251155320895,2.7836251155320895,3.416249367870661,1.0,0.9572814218953773,-0.2289000273623373,0.9296114605961896
mango_instrument,inst16041,16041,R-U-D,0.05,1,13,0.08349990844726562,4672,0.986943493150685,4.8771417276225435,4.86775822500168,5.095367251080378,1.0,0.9572814218953773,-0.2289000273623373,0.9296114605961896
mango_instrument,inst16041,16041,R-U-D,0.1,1,13,0.0037589073181152344,4672,0.9608304794520548,4.005684799980193,3.9979779593923794,4.315347367330975,1.0,0.9572814218953773,-0.2289000273623373,0.9296114605961896
mango_instrument,inst16041,16041,R-U-D,0.2,1,13,0.009254932403564453,4672,0.8910530821917808,3.0684043880036387,3.062500852239314,3.5440088033999038,1.0,0.9572814218953773,-0.2289000273623373,0.9296114605961896
mango_instrument,inst16041,16041,G-U-A,0.05,1,13,0.0026979446411132812,4672,0.9955051369863014,5.61157133371822,5.611571333718221,5.7114080195156784,1.0,0.9572814218953773,-0.2289000273623373,0.9296114605961896
mango_instrument,inst16041,16041,G-U-A,0.1,1,13,0.0021905899047851562,4672,0.979666095890411,4.483893708572282,4.483893708572282,4.656030592152836,1.0,0.9572814218953773,-0.2289000273623373,0.9296114605961896
mango_instrument,inst16041,16041,G-U-A,0.2,1,13,0.002043485641479492,4672,0.9235873287671232,3.4042982425168518,3.4042982425168518,3.7141941336332027,1.0,0.9572814218953773,-0.2289000273623373,0.9296114605961896
mango_instrument,inst16041,16041,G-W-A,0.05,1,13,0.009967803955078125,4672,0.9961472602739726,5.717049968610745,5.717049968610745,5.807963767912695,1.0,0.9572814218953773,-0.2289000273623373,0.9296114605961896
mango_instrument,inst16041,16041,G-W-A,0.1,1,13,0.009612560272216797,4672,0.9792380136986302,4.462536866941186,4.462536866941186,4.639036275576893,1.0,0.9572814218953773,-0.2289000273623373,0.9296114605961896
mango_instrument,inst16041,16041,G-W-A,0.2,1,13,0.009488105773925781,4672,0.9203767123287672,3.3672990770909226,3.367299077090923,3.6915853313323077,1.0,0.9572814218953773,-0.2289000273623373,0.9296114605961896
mango_instrument,inst16041,16041,G-U-D,0.05,1,13,0.08136153221130371,4672,0.9944349315068494,5.779234431275863,5.790912663210443,5.867453992588086,1.0,0.9572814218953773,-0.2289000273623373,0.9296114605961896
mango_instrument,inst16041,16041,G-U-D,0.1,1,13,0.0036618709564208984,4672,0.9800941780821918,4.762102107526468,4.7717249967809465,4.907617228760824,1.0,0.9572814218953773,-0.2289000273623373,0.9296114605961896
mango_instrument,inst16041,16041,G-U-D,0.2,1,13,0.0034613609313964844,4672,0.9340753424657534,3.6935547248728944,3.7010183758552273,3.9658026513926714,1.0,0.9572814218953773,-0.2289000273623373,0.9296114605961896
mango_instrument,inst16041,16041,GC-D,0.05,1,13,0.010997772216796875,4672,0.9931506849315068,5.542920961130294,5.554121669000665,5.658328823459411,1.0,0.9572814218953773,-0.2289000273623373,0.9296114605961896
mango_instrument,inst16041,16041,GC-D,0.1,1,13,0.01095724105834961,4672,0.9768835616438356,4.629516200042338,4.63887116990416,4.801004176780847,1.0,0.9572814218953773,-0.2289000273623373,0.9296114605961896
mango_instrument,inst16041,16041,GC-D,0.2,1,13,0.010818243026733398,4672,0.9315068493150684,3.659489248592023,3.6668840626829464,3.9422372753811685,1.0,0.9572814218953773,-0.2289000273623373,0.9296114605961896
mango_instrument,inst16041,16041,GC-D+,0.05,1,13,0.011089324951171875,4672,0.998929794520548,7.0151200848660045,7.029295699365503,7.048780871095514,1.0,0.9572814218953773,-0.2289000273623373,0.9296114605961896
mango_instrument,inst16041,16041,GC-D+,0.1,1,13,0.011212587356567383,4672,0.9875856164383562,5.102171661158747,5.1124817367816675,5.197636286886542,1.0,0.9572814218953773,-0.2289000273623373,0.9296114605961896
mango_instrument,inst16041,16041,GC-D+,0.2,1,13,0.011087656021118164,4672,0.9409246575342466,3.841668980728478,3.849431929594168,4.071326848955968,1.0,0.9572814218953773,-0.2289000273623373,0.9296114605961896
mango_instrument,inst16041,16041,HJ+,0.05,1,13,0.7611660957336426,4672,1.0,9.627121604804502,9.570313415849924,9.627121604804502,1.0,0.9572814218953773,-0.2289000273623373,0.9296114605961896
mango_instrument,inst16041,16041,HJ+,0.1,1,13,0.8783144950866699,4672,0.9886558219178082,5.252021521389521,5.195333721714882,5.334744509830875,1.0,0.9572814218953773,-0.2289000273623373,0.9296114605961896
mango_instrument,inst16041,16041,HJ+,0.2,1,13,1.0516247749328613,4672,0.934931506849315,3.6892339612775293,3.673159569962025,3.961076053188616,1.0,0.9572814218953773,-0.2289000273623373,0.9296114605961896
mango_instrument,inst16041,16041,HJ+-D,0.05,1,13,0.7338085174560547,4672,0.998929794520548,7.170671969162307,7.031183635971764,7.204101872372011,1.0,0.9572814218953773,-0.2289000273623373,0.9296114605961896
mango_instrument,inst16041,16041,HJ+-D,0.1,1,13,0.89447021484375,4672,0.9871575342465754,5.241983612991504,5.149758239706945,5.346201339615318,1.0,0.9572814218953773,-0.2289000273623373,0.9296114605961896
mango_instrument,inst16041,16041,HJ+-D,0.2,1,13,1.1038939952850342,4672,0.9394263698630136,3.899583291123651,3.8546248132096714,4.134342627515368,1.0,0.9572814218953773,-0.2289000273623373,0.9296114605961896
mango_instrument,inst16041,16041,HCP-D,0.05,1,13,0.1902611255645752,4672,1.0,inf,inf,inf,0.0,0.9572814218953773,-0.2289000273623373,0.9296114605961896
mango_instrument,inst16041,16041,HCP-D,0.1,1,13,0.18558216094970703,4672,0.9995719178082192,21.483570857609166,13.349189243223051,21.49054315614808,1.0,0.9572814218953773,-0.2289000273623373,0.9296114605961896
mango_instrument,inst16041,16041,HCP-D,0.2,1,13,0.18699073791503906,4672,0.9882277397260274,12.93400685654659,8.036769415361498,12.990690526084032,1.0,0.9572814218953773,-0.2289000273623373,0.9296114605961896
mango_instrument,inst16041,16041,HCP-A,0.05,1,13,0.16637682914733887,4672,1.0,inf,inf,inf,0.0,0.9572814218953773,-0.2289000273623373,0.9296114605961896
mango_instrument,inst16041,16041,HCP-A,0.1,1,13,0.1691911220550537,4672,0.9315068493150684,7.425290478950871,7.425290478950874,44.446570343330244,1.0,0.9572814218953773,-0.2289000273623373,0.9296114605961896
mango_instrument,inst16041,16041,HCP-A,0.2,1,13,0.16259551048278809,4672,0.9019691780821918,5.273596213444364,5.273596213444364,24.645156442434068,1.0,0.9572814218953773,-0.2289000273623373,0.9296114605961896
mango_instrument,inst16041,16041,ORACLE,0.05,1,13,0.0028197765350341797,4672,0.9497003424657534,3.732399617828965,3.7636242657428465,4.566562717990304,1.0,0.9572814218953773,-0.2289000273623373,0.9296114605961896
mango_instrument,inst16041,16041,ORACLE,0.1,1,13,0.0027282238006591797,4672,0.8998287671232876,3.1191579681292,3.1118211684571353,3.9894590759399713,1.0,0.9572814218953773,-0.2289000273623373,0.9296114605961896
mango_instrument,inst16041,16041,ORACLE,0.2,1,13,0.0026133060455322266,4672,0.7988013698630136,2.3942237120873084,2.3582965620766743,3.3530391549511904,1.0,0.9572814218953773,-0.2289000273623373,0.9296114605961896
mango_instrument,inst16048,16048,ASTM-R,0.05,1,19,4.045090436935425,2466,0.7575020275750203,4.196656757127008,4.196465637787696,10.76092832847767,1.0,1.7495942821567603,1.278260948467315,1.1948673804307823
mango_instrument,inst16048,16048,ASTM-R,0.1,1,19,0.0009410381317138672,2466,0.6577453365774534,3.5219322753170768,3.521771883507949,8.764773833636932,1.0,1.7495942821567603,1.278260948467315,1.1948673804307823
mango_instrument,inst16048,16048,ASTM-R,0.2,1,19,0.0007331371307373047,2466,0.5032441200324412,2.744026602761765,2.743901637442529,6.98639085939784,1.0,1.7495942821567603,1.278260948467315,1.1948673804307823
mango_instrument,inst16048,16048,ASTM-G,0.05,1,19,0.001374959945678711,2466,0.9274128142741281,5.886451254439459,5.886183180412974,7.586295459956014,1.0,1.7495942821567603,1.278260948467315,1.1948673804307823
mango_instrument,inst16048,16048,ASTM-G,0.1,1,19,0.0011217594146728516,2466,0.8519870235198702,4.940047247105273,4.939822273127011,6.78569708843057,1.0,1.7495942821567603,1.278260948467315,1.1948673804307823
mango_instrument,inst16048,16048,ASTM-G,0.2,1,19,0.0011360645294189453,2466,0.7108678021086781,3.8489158806259254,3.8487405977036495,5.950560656748482,1.0,1.7495942821567603,1.278260948467315,1.1948673804307823
mango_instrument,inst16048,16048,GPR,0.05,1,19,18.537164449691772,2466,0.8333333333333334,5.5550672874491935,5.1894206803043375,10.856772505306992,1.0,1.7495942821567603,1.278260948467315,1.1948673804307823
mango_instrument,inst16048,16048,GPR,0.1,1,19,0.00017786026000976562,2466,0.7445255474452555,4.661959427721081,4.355099121772216,9.063661362076067,1.0,1.7495942821567603,1.278260948467315,1.1948673804307823
mango_instrument,inst16048,16048,GPR,0.2,1,19,0.00010776519775390625,2466,0.6115166261151662,3.6322632635552003,3.3931797979819667,7.421868197088132,1.0,1.7495942821567603,1.278260948467315,1.1948673804307823
mango_instrument,inst16048,16048,BAG,0.05,1,19,26.374685525894165,2466,0.7554744525547445,4.227263843180257,4.223494867648867,10.908905891761657,1.0,1.7495942821567603,1.278260948467315,1.1948673804307823
mango_instrument,inst16048,16048,BAG,0.1,1,19,0.0001220703125,2466,0.654095701540957,3.5476316500619696,3.5444686260872444,8.885971520490031,1.0,1.7495942821567603,1.278260948467315,1.1948673804307823
mango_instrument,inst16048,16048,BAG,0.2,1,19,9.5367431640625e-05,2466,0.4967558799675588,2.7640592576853193,2.7615948570479354,7.086406298906692,1.0,1.7495942821567603,1.278260948467315,1.1948673804307823
mango_instrument,inst16048,16048,QGB,0.05,1,19,5.52189564704895,2466,0.902676399026764,5.201212371731286,5.170849941408725,8.887556919269858,1.0,1.7495942821567603,1.278260948467315,1.1948673804307823
mango_instrument,inst16048,16048,QGB,0.1,1,19,5.414126873016357,2466,0.8292781832927818,4.078605441383042,4.01218160330497,6.864995232316166,1.0,1.7495942821567603,1.278260948467315,1.1948673804307823
mango_instrument,inst16048,16048,QGB,0.2,1,19,5.536120414733887,2466,0.6658556366585564,2.7404705898231043,2.660577501535351,5.305361334373127,1.0,1.7495942821567603,1.278260948467315,1.1948673804307823
mango_instrument,inst16048,16048,SCP,0.05,1,19,0.0003452301025390625,2466,0.7368207623682076,4.170620735876795,4.1706207358767955,11.690939743117891,1.0,1.7495942821567603,1.278260948467315,1.1948673804307823
mango_instrument,inst16048,16048,SCP,0.1,1,19,0.0002944469451904297,2466,0.616382806163828,3.4204776839052355,3.4204776839052364,9.573753708324636,1.0,1.7495942821567603,1.278260948467315,1.1948673804307823
mango_instrument,inst16048,16048,SCP,0.2,1,19,0.0003063678741455078,2466,0.45985401459854014,2.6433781740200217,2.6433781740200217,7.495106104675713,1.0,1.7495942821567603,1.278260948467315,1.1948673804307823
mango_instrument,inst16048,16048,NCP-kNN,0.05,1,19,7.165112733840942,2466,0.7222222222222222,4.775070934382967,4.001768233159941,13.26866232643571,1.0,1.7495942821567603,1.278260948467315,1.1948673804307823
mango_instrument,inst16048,16048,NCP-kNN,0.1,1,19,0.0003638267517089844,2466,0.6257096512570965,4.003758215376606,3.355366372503452,10.104631916467378,1.0,1.7495942821567603,1.278260948467315,1.1948673804307823
mango_instrument,inst16048,16048,NCP-kNN,0.2,1,19,0.00028395652770996094,2466,0.5227088402270884,3.2488039300775577,2.7226737658567437,7.537648706680141,1.0,1.7495942821567603,1.278260948467315,1.1948673804307823
mango_instrument,inst16048,16048,CV+,0.05,1,19,0.15453338623046875,2466,0.7635847526358476,4.232719086587523,4.230212181357826,10.58750903520424,1.0,1.7495942821567603,1.278260948467315,1.1948673804307823
mango_instrument,inst16048,16048,CV+,0.1,1,19,0.13593125343322754,2466,0.6463909164639091,3.4492130349199503,3.447532334230657,8.92163389512495,1.0,1.7495942821567603,1.278260948467315,1.1948673804307823
mango_instrument,inst16048,16048,CV+,0.2,1,19,0.1365966796875,2466,0.47769667477696676,2.6320382518401515,2.630160582634435,7.149240796144697,1.0,1.7495942821567603,1.278260948467315,1.1948673804307823
mango_instrument,inst16048,16048,CQR,0.05,1,19,0.00048732757568359375,2466,0.9225466342254663,5.675119418330665,5.644756988008104,8.53030073786424,1.0,1.7495942821567603,1.278260948467315,1.1948673804307823
mango_instrument,inst16048,16048,CQR,0.1,1,19,0.0005102157592773438,2466,0.8592862935928629,4.42378085235523,4.357357014277159,6.6733729005462665,1.0,1.7495942821567603,1.278260948467315,1.1948673804307823
mango_instrument,inst16048,16048,CQR,0.2,1,19,0.0003445148468017578,2466,0.7124898621248986,2.997498265232977,2.917605176945224,5.162256990389719,1.0,1.7495942821567603,1.278260948467315,1.1948673804307823
mango_instrument,inst16048,16048,WCP,0.05,1,19,0.040163516998291016,2466,1.0,inf,11.715612123206967,inf,0.9971613949716139,1.7495942821567603,1.278260948467315,1.1948673804307823
mango_instrument,inst16048,16048,WCP,0.1,1,19,0.005586147308349609,2466,1.0,inf,11.715612123206967,inf,0.9979724249797243,1.7495942821567603,1.278260948467315,1.1948673804307823
mango_instrument,inst16048,16048,WCP,0.2,1,19,0.008100271224975586,2466,1.0,inf,11.715612123206967,inf,0.9983779399837794,1.7495942821567603,1.278260948467315,1.1948673804307823
mango_instrument,inst16048,16048,R-U-A,0.05,1,19,0.00450897216796875,2466,0.7607461476074615,4.225167191383735,4.2251671913837345,10.653290703799032,1.0,1.7495942821567603,1.278260948467315,1.1948673804307823
mango_instrument,inst16048,16048,R-U-A,0.1,1,19,0.003587961196899414,2466,0.6435523114355232,3.4390174764169648,3.4390174764169643,8.971488649692112,1.0,1.7495942821567603,1.278260948467315,1.1948673804307823
mango_instrument,inst16048,16048,R-U-A,0.2,1,19,0.0037832260131835938,2466,0.47607461476074614,2.6251347658262003,2.6251347658262016,7.171391910289777,1.0,1.7495942821567603,1.278260948467315,1.1948673804307823
mango_instrument,inst16048,16048,R-U-D,0.05,1,19,0.13913750648498535,2466,0.8698296836982968,5.08353231494967,5.128291536653901,8.203453344479943,1.0,1.7495942821567603,1.278260948467315,1.1948673804307823
mango_instrument,inst16048,16048,R-U-D,0.1,1,19,0.00513148307800293,2466,0.7587185725871858,4.151664463189652,4.188218823157619,7.394038991574204,1.0,1.7495942821567603,1.278260948467315,1.1948673804307823
mango_instrument,inst16048,16048,R-U-D,0.2,1,19,0.0049703121185302734,2466,0.5896188158961881,3.175187037053445,3.2031437592180545,6.38219741890464,1.0,1.7495942821567603,1.278260948467315,1.1948673804307823
mango_instrument,inst16048,16048,G-U-A,0.05,1,19,0.003968000411987305,2466,0.8941605839416058,5.363174678743242,5.363174678743242,7.9953018741438715,1.0,1.7495942821567603,1.278260948467315,1.1948673804307823
mango_instrument,inst16048,16048,G-U-A,0.1,1,19,0.002893686294555664,2466,0.7753446877534469,4.324502603655368,4.324502603655368,7.308699558235909,1.0,1.7495942821567603,1.278260948467315,1.1948673804307823
mango_instrument,inst16048,16048,G-U-A,0.2,1,19,0.002784252166748047,2466,0.6086780210867803,3.253417721245494,3.253417721245496,6.366152318613228,1.0,1.7495942821567603,1.278260948467315,1.1948673804307823
mango_instrument,inst16048,16048,G-W-A,0.05,1,19,0.013657331466674805,2466,0.9310624493106245,5.94727513539006,5.9472751353900595,7.56266498805645,1.0,1.7495942821567603,1.278260948467315,1.1948673804307823
mango_instrument,inst16048,16048,G-W-A,0.1,1,19,0.01329660415649414,2466,0.8438767234387672,4.87451160295921,4.87451160295921,6.820349015151807,1.0,1.7495942821567603,1.278260948467315,1.1948673804307823
mango_instrument,inst16048,16048,G-W-A,0.2,1,19,0.01369023323059082,2466,0.6881589618815896,3.7295847287636295,3.729584728763628,6.010593909971027,1.0,1.7495942821567603,1.278260948467315,1.1948673804307823
mango_instrument,inst16048,16048,G-U-D,0.05,1,19,0.12335085868835449,2466,0.9359286293592863,6.131594675843013,6.198893306214874,7.4323265030875945,1.0,1.7495942821567603,1.278260948467315,1.1948673804307823
mango_instrument,inst16048,16048,G-U-D,0.1,1,19,0.004967927932739258,2466,0.8645579886455799,5.065076868492675,5.12066970428802,6.696378880653729,1.0,1.7495942821567603,1.278260948467315,1.1948673804307823
mango_instrument,inst16048,16048,G-U-D,0.2,1,19,0.004608869552612305,2466,0.7153284671532847,3.864191899131569,3.9066041647906387,5.870042131585536,1.0,1.7495942821567603,1.278260948467315,1.1948673804307823
mango_instrument,inst16048,16048,GC-D,0.05,1,19,0.015933752059936523,2466,0.9667477696674777,6.834430550638891,6.90944330665841,7.522409577732128,1.0,1.7495942821567603,1.278260948467315,1.1948673804307823
mango_instrument,inst16048,16048,GC-D,0.1,1,19,0.015608072280883789,2466,0.9095701540957015,5.633215374836979,5.695043936468724,6.644972226152838,1.0,1.7495942821567603,1.278260948467315,1.1948673804307823
mango_instrument,inst16048,16048,GC-D,0.2,1,19,0.015447139739990234,2466,0.7850770478507705,4.364540421564021,4.412444369574658,5.763843663160655,1.0,1.7495942821567603,1.278260948467315,1.1948673804307823
mango_instrument,inst16048,16048,GC-D+,0.05,1,19,0.015404224395751953,2466,0.9910786699107867,8.357324431393572,8.449052035310697,8.508190618899459,1.0,1.7495942821567603,1.278260948467315,1.1948673804307823
mango_instrument,inst16048,16048,GC-D+,0.1,1,19,0.015292882919311523,2466,0.9424168694241687,6.268689154908329,6.337492495092303,6.840683027599237,1.0,1.7495942821567603,1.278260948467315,1.1948673804307823
mango_instrument,inst16048,16048,GC-D+,0.2,1,19,0.014876127243041992,2466,0.8215733982157339,4.641302826834023,4.692244439889037,5.777345689938332,1.0,1.7495942821567603,1.278260948467315,1.1948673804307823
mango_instrument,inst16048,16048,HJ+,0.05,1,19,0.6079165935516357,2466,0.9886455798864558,7.625726586372461,7.567697222811435,7.87145153054925,1.0,1.7495942821567603,1.278260948467315,1.1948673804307823
mango_instrument,inst16048,16048,HJ+,0.1,1,19,0.6610543727874756,2466,0.9257907542579076,5.576979833947283,5.513918224561635,6.430678713899256,1.0,1.7495942821567603,1.278260948467315,1.1948673804307823
mango_instrument,inst16048,16048,HJ+,0.2,1,19,0.7146906852722168,2466,0.7773722627737226,4.083385763355072,4.038336781078568,5.556437804161379,1.0,1.7495942821567603,1.278260948467315,1.1948673804307823
mango_instrument,inst16048,16048,HJ+-D,0.05,1,19,0.5104336738586426,2466,0.9955393349553934,8.892040492513914,9.063150359025517,8.941188222307284,1.0,1.7495942821567603,1.278260948467315,1.1948673804307823
mango_instrument,inst16048,16048,HJ+-D,0.1,1,19,0.6684894561767578,2466,0.967558799675588,6.539091215362882,6.623738728351483,6.892828772383193,1.0,1.7495942821567603,1.278260948467315,1.1948673804307823
mango_instrument,inst16048,16048,HJ+-D,0.2,1,19,0.7536685466766357,2466,0.8588807785888077,4.796771133972491,4.846387974420351,5.6260810767644935,1.0,1.7495942821567603,1.278260948467315,1.1948673804307823
mango_instrument,inst16048,16048,HCP-D,0.05,1,19,0.3092210292816162,2466,1.0,inf,inf,inf,0.0,1.7495942821567603,1.278260948467315,1.1948673804307823
mango_instrument,inst16048,16048,HCP-D,0.1,1,19,0.26569199562072754,2466,1.0,22.352989982756846,17.16701549778123,22.352989982756846,1.0,1.7495942821567603,1.278260948467315,1.1948673804307823
mango_instrument,inst16048,16048,HCP-D,0.2,1,19,0.2593705654144287,2466,0.986212489862125,16.413501643334747,12.605509925130555,16.468405438452784,1.0,1.7495942821567603,1.278260948467315,1.1948673804307823
mango_instrument,inst16048,16048,HCP-A,0.05,1,19,0.22407102584838867,2466,1.0,inf,inf,inf,0.0,1.7495942821567603,1.278260948467315,1.1948673804307823
mango_instrument,inst16048,16048,HCP-A,0.1,1,19,0.23105287551879883,2466,0.9513381995133819,40.01450444843304,40.01450444843303,53.665580527621366,1.0,1.7495942821567603,1.278260948467315,1.1948673804307823
mango_instrument,inst16048,16048,HCP-A,0.2,1,19,0.22362112998962402,2466,0.6768045417680454,7.109596687945277,7.109596687945277,24.978419560339876,1.0,1.7495942821567603,1.278260948467315,1.1948673804307823
mango_instrument,inst16048,16048,ORACLE,0.05,1,19,0.0016286373138427734,2466,0.9480940794809408,6.368037693349651,6.472269040499709,7.493718255927252,1.0,1.7495942821567603,1.278260948467315,1.1948673804307823
mango_instrument,inst16048,16048,ORACLE,0.1,1,19,0.0014455318450927734,2466,0.8949716139497161,5.422679038098424,5.5718859020523634,6.701468286139369,1.0,1.7495942821567603,1.278260948467315,1.1948673804307823
mango_instrument,inst16048,16048,ORACLE,0.2,1,19,0.0013499259948730469,2466,0.8004866180048662,4.521874891369253,4.688777839729871,5.835538627575404,1.0,1.7495942821567603,1.278260948467315,1.1948673804307823
mango_instrument,inst17033,17033,ASTM-R,0.05,1,12,2.9426229000091553,3816,0.9664570230607966,4.4911753804473555,4.490965394587409,5.04372516240822,1.0,1.0213093535362874,0.1678923264607774,1.0075470148971355
mango_instrument,inst17033,17033,ASTM-R,0.1,1,12,0.0009622573852539062,3816,0.9326519916142557,3.769096860033412,3.7689206351082376,4.404467184455583,1.0,1.0213093535362874,0.1678923264607774,1.0075470148971355
mango_instrument,inst17033,17033,ASTM-R,0.2,1,12,0.0007061958312988281,3816,0.8503668763102725,2.93659709926272,2.9364597980408886,3.686379956579376,1.0,1.0213093535362874,0.1678923264607774,1.0075470148971355
mango_instrument,inst17033,17033,ASTM-G,0.05,1,12,0.0012598037719726562,3816,0.9866352201257862,5.359848738874909,5.359598138007372,5.5500366253186515,1.0,1.0213093535362874,0.1678923264607774,1.0075470148971355
mango_instrument,inst17033,17033,ASTM-G,0.1,1,12,0.001032114028930664,3816,0.9664570230607966,4.498107364031554,4.497897054065244,4.772057055376847,1.0,1.0213093535362874,0.1678923264607774,1.0075470148971355
mango_instrument,inst17033,17033,ASTM-G,0.2,1,12,0.0008358955383300781,3816,0.9116876310272537,3.5045873130652967,3.504423455340235,3.9256717618090073,1.0,1.0213093535362874,0.1678923264607774,1.0075470148971355
mango_instrument,inst17033,17033,GPR,0.05,1,12,11.079773187637329,3816,0.9261006289308176,4.341711328967077,3.9311342876456035,5.723781032616028,1.0,1.0213093535362874,0.1678923264607774,1.0075470148971355
mango_instrument,inst17033,17033,GPR,0.1,1,12,0.0001723766326904297,3816,0.8660901467505241,3.6436790078587538,3.299111892907856,4.995970324779367,1.0,1.0213093535362874,0.1678923264607774,1.0075470148971355
mango_instrument,inst17033,17033,GPR,0.2,1,12,0.00010895729064941406,3816,0.7539308176100629,2.838892446325345,2.5704305489473285,4.23309804778444,1.0,1.0213093535362874,0.1678923264607774,1.0075470148971355
mango_instrument,inst17033,17033,BAG,0.05,1,12,14.167869567871094,3816,0.9675052410901468,4.506576150400767,4.503992806544527,5.036225386988661,1.0,1.0213093535362874,0.1678923264607774,1.0075470148971355
mango_instrument,inst17033,17033,BAG,0.1,1,12,0.00016689300537109375,3816,0.934748427672956,3.782037927528162,3.77986991702128,4.395290991999656,1.0,1.0213093535362874,0.1678923264607774,1.0075470148971355
mango_instrument,inst17033,17033,BAG,0.2,1,12,0.00013017654418945312,3816,0.8569182389937107,2.946691758801568,2.9450026010469266,3.6712843445228622,1.0,1.0213093535362874,0.1678923264607774,1.0075470148971355
mango_instrument,inst17033,17033,QGB,0.05,1,12,4.088911771774292,3816,0.8647798742138365,4.669279596393126,4.3084025837905084,7.787291298676063,1.0,1.0213093535362874,0.1678923264607774,1.0075470148971355
mango_instrument,inst17033,17033,QGB,0.1,1,12,3.760545015335083,3816,0.7887840670859538,3.620083117277879,3.394081604307078,6.219291439060053,1.0,1.0213093535362874,0.1678923264607774,1.0075470148971355
mango_instrument,inst17033,17033,QGB,0.2,1,12,3.7789862155914307,3816,0.679769392033543,2.6776642922239287,2.5360013311179586,4.970700229432428,1.0,1.0213093535362874,0.1678923264607774,1.0075470148971355
mango_instrument,inst17033,17033,SCP,0.05,1,12,0.0005097389221191406,3816,0.965146750524109,4.3567164625837655,4.3567164625837655,4.982099238725911,1.0,1.0213093535362874,0.1678923264607774,1.0075470148971355
mango_instrument,inst17033,17033,SCP,0.1,1,12,0.0004200935363769531,3816,0.9271488469601677,3.591154461884514,3.591154461884514,4.308775612368522,1.0,1.0213093535362874,0.1678923264607774,1.0075470148971355
mango_instrument,inst17033,17033,SCP,0.2,1,12,0.0002899169921875,3816,0.8301886792452831,2.7214869962556563,2.7214869962556563,3.579418355547488,1.0,1.0213093535362874,0.1678923264607774,1.0075470148971355
mango_instrument,inst17033,17033,NCP-kNN,0.05,1,12,6.188018560409546,3816,0.9216457023060797,4.244022526337783,3.8073531664689666,5.696113446365055,1.0,1.0213093535362874,0.1678923264607774,1.0075470148971355
mango_instrument,inst17033,17033,NCP-kNN,0.1,1,12,0.00034165382385253906,3816,0.8710691823899371,3.4831994498521457,3.124811513731821,4.778806863605644,1.0,1.0213093535362874,0.1678923264607774,1.0075470148971355
mango_instrument,inst17033,17033,NCP-kNN,0.2,1,12,0.0002865791320800781,3816,0.7974318658280922,2.7396055462071387,2.457726316600965,3.856574933571264,1.0,1.0213093535362874,0.1678923264607774,1.0075470148971355
mango_instrument,inst17033,17033,CV+,0.05,1,12,0.18525099754333496,3816,0.9685534591194969,4.526345271038905,4.524181931395106,5.045695752498746,1.0,1.0213093535362874,0.1678923264607774,1.0075470148971355
mango_instrument,inst17033,17033,CV+,0.1,1,12,0.17398309707641602,3816,0.9279350104821803,3.7148782171774006,3.7135358710776076,4.379721462130066,1.0,1.0213093535362874,0.1678923264607774,1.0075470148971355
mango_instrument,inst17033,17033,CV+,0.2,1,12,0.18880128860473633,3816,0.8372641509433962,2.8260279804057458,2.8244024510850894,3.656335747536929,1.0,1.0213093535362874,0.1678923264607774,1.0075470148971355
mango_instrument,inst17033,17033,CQR,0.05,1,12,0.0003848075866699219,3816,0.9088050314465409,5.185706917148027,4.824829904545409,7.144819305831631,1.0,1.0213093535362874,0.1678923264607774,1.0075470148971355
mango_instrument,inst17033,17033,CQR,0.1,1,12,0.0003178119659423828,3816,0.8291404612159329,3.9904100888045133,3.764408575833712,5.884774727038594,1.0,1.0213093535362874,0.1678923264607774,1.0075470148971355
mango_instrument,inst17033,17033,CQR,0.2,1,12,0.00033545494079589844,3816,0.7203878406708596,2.9341041693146317,2.7924412082086594,4.843574903806042,1.0,1.0213093535362874,0.1678923264607774,1.0075470148971355
mango_instrument,inst17033,17033,WCP,0.05,1,12,0.02997279167175293,3816,0.9824423480083857,inf,4.9903518497480945,inf,0.9837526205450734,1.0213093535362874,0.1678923264607774,1.0075470148971355
mango_instrument,inst17033,17033,WCP,0.1,1,12,0.004349708557128906,3816,0.9813941299790356,inf,4.954558442439847,inf,0.9897798742138365,1.0213093535362874,0.1678923264607774,1.0075470148971355
mango_instrument,inst17033,17033,WCP,0.2,1,12,0.00390625,3816,0.959643605870021,inf,4.221071718766247,inf,0.9910901467505241,1.0213093535362874,0.1678923264607774,1.0075470148971355
mango_instrument,inst17033,17033,R-U-A,0.05,1,12,0.002923727035522461,3816,0.9677672955974843,4.518819354282641,4.518819354282641,5.053004852667025,1.0,1.0213093535362874,0.1678923264607774,1.0075470148971355
mango_instrument,inst17033,17033,R-U-A,0.1,1,12,0.0028235912322998047,3816,0.9268867924528302,3.708840096118411,3.7088400961184114,4.386576987140573,1.0,1.0213093535362874,0.1678923264607774,1.0075470148971355
mango_instrument,inst17033,17033,R-U-A,0.2,1,12,0.002579927444458008,3816,0.8362159329140462,2.8206966457405516,2.8206966457405507,3.661172745725395,1.0,1.0213093535362874,0.1678923264607774,1.0075470148971355
mango_instrument,inst17033,17033,R-U-D,0.05,1,12,0.09590983390808105,3816,0.9748427672955975,4.847535948562398,4.736412025579409,5.233563418104924,1.0,1.0213093535362874,0.1678923264607774,1.0075470148971355
mango_instrument,inst17033,17033,R-U-D,0.1,1,12,0.004527568817138672,3816,0.9344863731656184,3.978729931029244,3.8875223395606504,4.532562920650476,1.0,1.0213093535362874,0.1678923264607774,1.0075470148971355
mango_instrument,inst17033,17033,R-U-D,0.2,1,12,0.004467964172363281,3816,0.8556079664570231,3.0335050402637727,2.963965590935346,3.7666077869276844,1.0,1.0213093535362874,0.1678923264607774,1.0075470148971355
mango_instrument,inst17033,17033,G-U-A,0.05,1,12,0.003109455108642578,3816,0.9853249475890985,5.276799422193477,5.276799422193477,5.4905053825601415,1.0,1.0213093535362874,0.1678923264607774,1.0075470148971355
mango_instrument,inst17033,17033,G-U-A,0.1,1,12,0.002737760543823242,3816,0.9585953878406709,4.303351173310705,4.3033511733107055,4.649602246939994,1.0,1.0213093535362874,0.1678923264607774,1.0075470148971355
mango_instrument,inst17033,17033,G-U-A,0.2,1,12,0.0033712387084960938,3816,0.8920335429769392,3.290917397216134,3.290917397216134,3.816283608852973,1.0,1.0213093535362874,0.1678923264607774,1.0075470148971355
mango_instrument,inst17033,17033,G-W-A,0.05,1,12,0.01579880714416504,3816,0.9871593291404612,5.434143892311027,5.4341438923110275,5.604803288927353,1.0,1.0213093535362874,0.1678923264607774,1.0075470148971355
mango_instrument,inst17033,17033,G-W-A,0.1,1,12,0.014575719833374023,3816,0.9648846960167715,4.455176785489969,4.455176785489968,4.743792080881866,1.0,1.0213093535362874,0.1678923264607774,1.0075470148971355
mango_instrument,inst17033,17033,G-W-A,0.2,1,12,0.01476144790649414,3816,0.8988469601677149,3.3642474877832744,3.364247487783274,3.8516480432430087,1.0,1.0213093535362874,0.1678923264607774,1.0075470148971355
mango_instrument,inst17033,17033,G-U-D,0.05,1,12,0.09687566757202148,3816,0.9858490566037735,5.387430754691082,5.230451271679307,5.585516408557099,1.0,1.0213093535362874,0.1678923264607774,1.0075470148971355
mango_instrument,inst17033,17033,G-U-D,0.1,1,12,0.004295825958251953,3816,0.9583333333333334,4.442823534108521,4.313368108460661,4.776876743045876,1.0,1.0213093535362874,0.1678923264607774,1.0075470148971355
mango_instrument,inst17033,17033,G-U-D,0.2,1,12,0.004300117492675781,3816,0.8933438155136268,3.4374500340986214,3.3372892795939357,3.949973919370417,1.0,1.0213093535362874,0.1678923264607774,1.0075470148971355
mango_instrument,inst17033,17033,GC-D,0.05,1,12,0.013349294662475586,3816,0.9858490566037735,5.385614582979378,5.228688019756155,5.584194761324557,1.0,1.0213093535362874,0.1678923264607774,1.0075470148971355
mango_instrument,inst17033,17033,GC-D,0.1,1,12,0.013237953186035156,3816,0.9588574423480084,4.455889351514314,4.326053212803981,4.784802286474136,1.0,1.0213093535362874,0.1678923264607774,1.0075470148971355
mango_instrument,inst17033,17033,GC-D,0.2,1,12,0.012973785400390625,3816,0.894916142557652,3.458345607912253,3.3575759961388876,3.960267548903912,1.0,1.0213093535362874,0.1678923264607774,1.0075470148971355
mango_instrument,inst17033,17033,GC-D+,0.05,1,12,0.013455867767333984,3816,0.9976415094339622,6.638800607099234,6.445358587224875,6.65042809035616,1.0,1.0213093535362874,0.1678923264607774,1.0075470148971355
mango_instrument,inst17033,17033,GC-D+,0.1,1,12,0.01310586929321289,3816,0.9758909853249476,4.952480708932699,4.80817484279473,5.131388258861123,1.0,1.0213093535362874,0.1678923264607774,1.0075470148971355
mango_instrument,inst17033,17033,GC-D+,0.2,1,12,0.013133049011230469,3816,0.910901467505241,3.6615209889550413,3.5548312331039,4.068603939682675,1.0,1.0213093535362874,0.1678923264607774,1.0075470148971355
mango_instrument,inst17033,17033,HJ+,0.05,1,12,0.7972989082336426,3816,0.9981656184486373,6.881319823687269,6.870885680847806,6.892189657792199,1.0,1.0213093535362874,0.1678923264607774,1.0075470148971355
mango_instrument,inst17033,17033,HJ+,0.1,1,12,0.8508055210113525,3816,0.9840146750524109,5.034491577821662,5.027349587331066,5.163899433692841,1.0,1.0213093535362874,0.1678923264607774,1.0075470148971355
mango_instrument,inst17033,17033,HJ+,0.2,1,12,1.0799684524536133,3816,0.9300314465408805,3.6628221725618353,3.6587736230903225,3.9826347232742085,1.0,1.0213093535362874,0.1678923264607774,1.0075470148971355
mango_instrument,inst17033,17033,HJ+-D,0.05,1,12,0.637056827545166,3816,0.9979035639412998,6.775533798448723,6.570693421901739,6.781080539206973,1.0,1.0213093535362874,0.1678923264607774,1.0075470148971355
mango_instrument,inst17033,17033,HJ+-D,0.1,1,12,0.8429746627807617,3816,0.9795597484276729,5.033706746325484,4.889165604659201,5.181379048684032,1.0,1.0213093535362874,0.1678923264607774,1.0075470148971355
mango_instrument,inst17033,17033,HJ+-D,0.2,1,12,0.9965517520904541,3816,0.9205974842767296,3.7392538426206436,3.6333946681282088,4.082145883858841,1.0,1.0213093535362874,0.1678923264607774,1.0075470148971355
mango_instrument,inst17033,17033,HCP-D,0.05,1,12,0.20122551918029785,3816,1.0,inf,inf,inf,0.0,1.0213093535362874,0.1678923264607774,1.0075470148971355
mango_instrument,inst17033,17033,HCP-D,0.1,1,12,0.23891735076904297,3816,1.0,13.482620083646896,13.289445078228791,13.482620083646896,1.0,1.0213093535362874,0.1678923264607774,1.0075470148971355
mango_instrument,inst17033,17033,HCP-D,0.2,1,12,0.21997809410095215,3816,0.9769392033542977,8.494276220552619,8.37257273526949,8.666359756026491,1.0,1.0213093535362874,0.1678923264607774,1.0075470148971355
mango_instrument,inst17033,17033,HCP-A,0.05,1,12,0.17989706993103027,3816,1.0,inf,inf,inf,0.0,1.0213093535362874,0.1678923264607774,1.0075470148971355
mango_instrument,inst17033,17033,HCP-A,0.1,1,12,0.1949901580810547,3816,1.0,18.43575004422294,18.43575004422294,18.43575004422294,1.0,1.0213093535362874,0.1678923264607774,1.0075470148971355
mango_instrument,inst17033,17033,HCP-A,0.2,1,12,0.18108868598937988,3816,0.9169287211740041,6.401037241764646,6.401037241764648,7.5503727509887275,1.0,1.0213093535362874,0.1678923264607774,1.0075470148971355
mango_instrument,inst17033,17033,ORACLE,0.05,1,12,0.0024099349975585938,3816,0.9499475890985325,4.122372807691111,3.9763409320464422,5.009432381970066,1.0,1.0213093535362874,0.1678923264607774,1.0075470148971355
mango_instrument,inst17033,17033,ORACLE,0.1,1,12,0.002136707305908203,3816,0.9022536687631028,3.381475699925547,3.320555628903863,4.343548061463314,1.0,1.0213093535362874,0.1678923264607774,1.0075470148971355
mango_instrument,inst17033,17033,ORACLE,0.2,1,12,0.002127408981323242,3816,0.7984800838574424,2.6054132166723667,2.6252383123289036,3.6420986815644887,1.0,1.0213093535362874,0.1678923264607774,1.0075470148971355
mango_instrument,inst17040,17040,ASTM-R,0.05,1,12,4.2808685302734375,872,0.9311926605504587,4.65037800522222,4.650354020625078,5.588663934041289,1.0,1.6788220681968131,1.519648628287125,0.7139300365459388
mango_instrument,inst17040,17040,ASTM-R,0.1,1,12,0.0011439323425292969,872,0.7488532110091743,3.9027059296191293,3.902685801184541,5.5120576987449885,1.0,1.6788220681968131,1.519648628287125,0.7139300365459388
mango_instrument,inst17040,17040,ASTM-R,0.2,1,12,0.0008509159088134766,872,0.4415137614678899,3.040697139887856,3.0406814573141263,5.576314729241569,1.0,1.6788220681968131,1.519648628287125,0.7139300365459388
mango_instrument,inst17040,17040,ASTM-G,0.05,1,12,0.001462697982788086,872,0.981651376146789,5.481473007446067,5.481444736427737,5.812786623299679,1.0,1.6788220681968131,1.519648628287125,0.7139300365459388
mango_instrument,inst17040,17040,ASTM-G,0.1,1,12,0.0011296272277832031,872,0.9243119266055045,4.60018028323371,4.600156557534262,5.105556973115441,1.0,1.6788220681968131,1.519648628287125,0.7139300365459388
mango_instrument,inst17040,17040,ASTM-G,0.2,1,12,0.0009291172027587891,872,0.6490825688073395,3.584117092717343,3.584098607423355,4.867507770617593,1.0,1.6788220681968131,1.519648628287125,0.7139300365459388
mango_instrument,inst17040,17040,GPR,0.05,1,12,9.836825609207153,872,0.7935779816513762,4.473524614810195,4.3482952577738505,8.026614114930323,1.0,1.6788220681968131,1.519648628287125,0.7139300365459388
mango_instrument,inst17040,17040,GPR,0.1,1,12,0.0001266002655029297,872,0.6295871559633027,3.754300204477488,3.649204415092168,7.550977282812939,1.0,1.6788220681968131,1.519648628287125,0.7139300365459388
mango_instrument,inst17040,17040,GPR,0.2,1,12,9.72747802734375e-05,872,0.45298165137614677,2.925080521292175,2.843197445976516,6.641638014702596,1.0,1.6788220681968131,1.519648628287125,0.7139300365459388
mango_instrument,inst17040,17040,BAG,0.05,1,12,16.657109022140503,872,0.926605504587156,4.661918316422991,4.660984260124524,5.650174681224234,1.0,1.6788220681968131,1.519648628287125,0.7139300365459388
mango_instrument,inst17040,17040,BAG,0.1,1,12,0.0001049041748046875,872,0.7385321100917431,3.912405182853068,3.9116212980968026,5.614490478704573,1.0,1.6788220681968131,1.519648628287125,0.7139300365459388
mango_instrument,inst17040,17040,BAG,0.2,1,12,0.00010657310485839844,872,0.42660550458715596,3.048264541582874,3.0476537949971956,5.687100296105453,1.0,1.6788220681968131,1.519648628287125,0.7139300365459388
mango_instrument,inst17040,17040,QGB,0.05,1,12,4.717482566833496,872,0.7637614678899083,4.498634851019768,4.573306115220991,8.148258044677924,1.0,1.6788220681968131,1.519648628287125,0.7139300365459388
mango_instrument,inst17040,17040,QGB,0.1,1,12,4.066874980926514,872,0.5470183486238532,3.358386275314737,3.3518553896246646,8.535189609603197,1.0,1.6788220681968131,1.519648628287125,0.7139300365459388
mango_instrument,inst17040,17040,QGB,0.2,1,12,4.37491250038147,872,0.3440366972477064,2.669556842471206,2.668084375823886,7.499167894790412,1.0,1.6788220681968131,1.519648628287125,0.7139300365459388
mango_instrument,inst17040,17040,SCP,0.05,1,12,0.00035643577575683594,872,0.9380733944954128,4.677823125354755,4.677823125354756,5.561549655608475,1.0,1.6788220681968131,1.519648628287125,0.7139300365459388
mango_instrument,inst17040,17040,SCP,0.1,1,12,0.0002562999725341797,872,0.7293577981651376,3.812292487726864,3.8122924877268645,5.602476390262153,1.0,1.6788220681968131,1.519648628287125,0.7139300365459388
mango_instrument,inst17040,17040,SCP,0.2,1,12,0.00027370452880859375,872,0.3876146788990826,2.8946159399232703,2.89461593992327,5.8001285480362,1.0,1.6788220681968131,1.519648628287125,0.7139300365459388
mango_instrument,inst17040,17040,NCP-kNN,0.05,1,12,5.8696129322052,872,0.8061926605504587,4.447038051037675,4.339513351616958,7.6513023245085705,1.0,1.6788220681968131,1.519648628287125,0.7139300365459388
mango_instrument,inst17040,17040,NCP-kNN,0.1,1,12,0.00034689903259277344,872,0.6490825688073395,3.7325381586528676,3.642289314595452,6.90425792695021,1.0,1.6788220681968131,1.519648628287125,0.7139300365459388
mango_instrument,inst17040,17040,NCP-kNN,0.2,1,12,0.00027942657470703125,872,0.44724770642201833,3.0111519078705826,2.938345424074395,6.017382173535731,1.0,1.6788220681968131,1.519648628287125,0.7139300365459388
mango_instrument,inst17040,17040,CV+,0.05,1,12,0.04443216323852539,872,0.9380733944954128,4.703050112295202,4.702802222285584,5.573955808414022,1.0,1.6788220681968131,1.519648628287125,0.7139300365459388
mango_instrument,inst17040,17040,CV+,0.1,1,12,0.04276633262634277,872,0.731651376146789,3.836739466367237,3.836362334931403,5.614192735467272,1.0,1.6788220681968131,1.519648628287125,0.7139300365459388
mango_instrument,inst17040,17040,CV+,0.2,1,12,0.045616865158081055,872,0.39793577981651373,2.9295917558185502,2.9290508492199745,5.780854474550528,1.0,1.6788220681968131,1.519648628287125,0.7139300365459388
mango_instrument,inst17040,17040,CQR,0.05,1,12,0.0004394054412841797,872,0.8704128440366973,5.032750637060603,5.1074219012618265,6.713847978225636,1.0,1.6788220681968131,1.519648628287125,0.7139300365459388
mango_instrument,inst17040,17040,CQR,0.1,1,12,0.000347137451171875,872,0.6536697247706422,3.7602468188549865,3.753715933164912,7.337709594979773,1.0,1.6788220681968131,1.519648628287125,0.7139300365459388
mango_instrument,inst17040,17040,CQR,0.2,1,12,0.0003521442413330078,872,0.40940366972477066,2.94876325957436,2.94729079292704,6.907871696998829,1.0,1.6788220681968131,1.519648628287125,0.7139300365459388
mango_instrument,inst17040,17040,WCP,0.05,1,12,0.02708721160888672,872,0.5034403669724771,inf,2.6398696916698867,inf,0.7752293577981652,1.6788220681968131,1.519648628287125,0.7139300365459388
mango_instrument,inst17040,17040,WCP,0.1,1,12,0.004568815231323242,872,0.45756880733944955,inf,2.6398696916698867,inf,0.819954128440367,1.6788220681968131,1.519648628287125,0.7139300365459388
mango_instrument,inst17040,17040,WCP,0.2,1,12,0.004155635833740234,872,0.42775229357798167,inf,2.6398696916698867,inf,0.8623853211009175,1.6788220681968131,1.519648628287125,0.7139300365459388
mango_instrument,inst17040,17040,R-U-A,0.05,1,12,0.0036232471466064453,872,0.9380733944954128,4.701443947697708,4.701443947697708,5.573355014399329,1.0,1.6788220681968131,1.519648628287125,0.7139300365459388
mango_instrument,inst17040,17040,R-U-A,0.1,1,12,0.003183126449584961,872,0.7293577981651376,3.8367931527143355,3.8367931527143355,5.617556581183542,1.0,1.6788220681968131,1.519648628287125,0.7139300365459388
mango_instrument,inst17040,17040,R-U-A,0.2,1,12,0.0028705596923828125,872,0.3922018348623853,2.9263577880007863,2.926357788000786,5.794724404317744,1.0,1.6788220681968131,1.519648628287125,0.7139300365459388
mango_instrument,inst17040,17040,R-U-D,0.05,1,12,0.10617375373840332,872,0.9380733944954128,5.091499587325624,5.110745083857092,6.0107910387618535,1.0,1.6788220681968131,1.519648628287125,0.7139300365459388
mango_instrument,inst17040,17040,R-U-D,0.1,1,12,0.004961490631103516,872,0.805045871559633,4.211787869962713,4.227708120461097,5.5957945326770355,1.0,1.6788220681968131,1.519648628287125,0.7139300365459388
mango_instrument,inst17040,17040,R-U-D,0.2,1,12,0.00474095344543457,872,0.5252293577981652,3.233383779159643,3.245605733662325,5.466671339039858,1.0,1.6788220681968131,1.519648628287125,0.7139300365459388
mango_instrument,inst17040,17040,G-U-A,0.05,1,12,0.0036211013793945312,872,0.9770642201834863,5.246493016191643,5.246493016191643,5.678866028058851,1.0,1.6788220681968131,1.519648628287125,0.7139300365459388
mango_instrument,inst17040,17040,G-U-A,0.1,1,12,0.0030052661895751953,872,0.8577981651376146,4.310814865114988,4.310814865114988,5.126434424903443,1.0,1.6788220681968131,1.519648628287125,0.7139300365459388
mango_instrument,inst17040,17040,G-U-A,0.2,1,12,0.002923250198364258,872,0.5252293577981652,3.2750009711072536,3.2750009711072536,5.198980348701155,1.0,1.6788220681968131,1.519648628287125,0.7139300365459388
mango_instrument,inst17040,17040,G-W-A,0.05,1,12,0.013725996017456055,872,0.9782110091743119,5.416615087779542,5.41661508777954,5.77322235001317,1.0,1.6788220681968131,1.519648628287125,0.7139300365459388
mango_instrument,inst17040,17040,G-W-A,0.1,1,12,0.013726472854614258,872,0.9013761467889908,4.4903348676077535,4.4903348676077535,5.089901115087021,1.0,1.6788220681968131,1.519648628287125,0.7139300365459388
mango_instrument,inst17040,17040,G-W-A,0.2,1,12,0.01343846321105957,872,0.5837155963302753,3.4246461801919703,3.4246461801919708,5.01514660577975,1.0,1.6788220681968131,1.519648628287125,0.7139300365459388
mango_instrument,inst17040,17040,G-U-D,0.05,1,12,0.13179540634155273,872,0.9380733944954128,5.123293304043053,5.147019357300931,6.067146193663523,1.0,1.6788220681968131,1.519648628287125,0.7139300365459388
mango_instrument,inst17040,17040,G-U-D,0.1,1,12,0.004965066909790039,872,0.8004587155963303,4.23215389788856,4.251753070299322,5.64414499877701,1.0,1.6788220681968131,1.519648628287125,0.7139300365459388
mango_instrument,inst17040,17040,G-U-D,0.2,1,12,0.004706144332885742,872,0.5229357798165137,3.2589794580332123,3.2740718440433216,5.469403514022732,1.0,1.6788220681968131,1.519648628287125,0.7139300365459388
mango_instrument,inst17040,17040,GC-D,0.05,1,12,0.015137910842895508,872,0.9472477064220184,5.289954835047239,5.314452700521594,6.061792674231584,1.0,1.6788220681968131,1.519648628287125,0.7139300365459388
mango_instrument,inst17040,17040,GC-D,0.1,1,12,0.01496124267578125,872,0.8394495412844036,4.383173141193114,4.403471686135755,5.544360686382794,1.0,1.6788220681968131,1.519648628287125,0.7139300365459388
mango_instrument,inst17040,17040,GC-D,0.2,1,12,0.035436153411865234,872,0.5642201834862385,3.398034632771385,3.413770985520431,5.307059114989736,1.0,1.6788220681968131,1.519648628287125,0.7139300365459388
mango_instrument,inst17040,17040,GC-D+,0.05,1,12,0.020954370498657227,872,0.9862385321100917,6.4274034029207385,6.457168810910794,6.583225825848741,1.0,1.6788220681968131,1.519648628287125,0.7139300365459388
mango_instrument,inst17040,17040,GC-D+,0.1,1,12,0.015360593795776367,872,0.908256880733945,4.845139261984246,4.867577179423203,5.500254437185816,1.0,1.6788220681968131,1.519648628287125,0.7139300365459388
mango_instrument,inst17040,17040,GC-D+,0.2,1,12,0.01507568359375,872,0.6399082568807339,3.610037412559558,3.626755553573605,5.119102945949921,1.0,1.6788220681968131,1.519648628287125,0.7139300365459388
mango_instrument,inst17040,17040,HJ+,0.05,1,12,0.2873852252960205,872,0.9954128440366973,7.0088761185590105,6.9928510520549665,7.081914317573743,1.0,1.6788220681968131,1.519648628287125,0.7139300365459388
mango_instrument,inst17040,17040,HJ+,0.1,1,12,0.3086419105529785,872,0.9621559633027523,5.050148831531136,5.040585045261145,5.342403511119576,1.0,1.6788220681968131,1.519648628287125,0.7139300365459388
mango_instrument,inst17040,17040,HJ+,0.2,1,12,0.3757970333099365,872,0.7006880733944955,3.704740542035383,3.693221803981846,4.761383661993605,1.0,1.6788220681968131,1.519648628287125,0.7139300365459388
mango_instrument,inst17040,17040,HJ+-D,0.05,1,12,0.3361828327178955,872,0.9885321100917431,6.600759405513881,6.657233375619834,6.728238236461479,1.0,1.6788220681968131,1.519648628287125,0.7139300365459388
mango_instrument,inst17040,17040,HJ+-D,0.1,1,12,0.3408975601196289,872,0.9254587155963303,5.002739389925593,5.037904937960879,5.575598992935735,1.0,1.6788220681968131,1.519648628287125,0.7139300365459388
mango_instrument,inst17040,17040,HJ+-D,0.2,1,12,0.425459623336792,872,0.6731651376146789,3.710595618361603,3.7296887226240294,5.026850409297935,1.0,1.6788220681968131,1.519648628287125,0.7139300365459388
mango_instrument,inst17040,17040,HCP-D,0.05,1,12,0.25303101539611816,872,1.0,inf,inf,inf,0.0,1.6788220681968131,1.519648628287125,0.7139300365459388
mango_instrument,inst17040,17040,HCP-D,0.1,1,12,0.21891498565673828,872,0.9862385321100917,10.835136176340272,11.04293874125868,10.93015039453742,1.0,1.6788220681968131,1.519648628287125,0.7139300365459388
mango_instrument,inst17040,17040,HCP-D,0.2,1,12,0.22272896766662598,872,0.8360091743119266,5.806278995585073,5.917635202676323,6.899526771648402,1.0,1.6788220681968131,1.519648628287125,0.7139300365459388
mango_instrument,inst17040,17040,HCP-A,0.05,1,12,0.20016956329345703,872,1.0,inf,inf,inf,0.0,1.6788220681968131,1.519648628287125,0.7139300365459388
mango_instrument,inst17040,17040,HCP-A,0.1,1,12,0.1981639862060547,872,1.0,19.28407959133954,19.284079591339534,19.28407959133954,1.0,1.6788220681968131,1.519648628287125,0.7139300365459388
mango_instrument,inst17040,17040,HCP-A,0.2,1,12,0.1983020305633545,872,0.9805045871559633,6.827466567533883,6.827466567533882,6.8819549312901245,1.0,1.6788220681968131,1.519648628287125,0.7139300365459388
mango_instrument,inst17040,17040,ORACLE,0.05,1,12,0.0008006095886230469,872,0.9552752293577982,4.894054132467163,4.894054132467164,5.552917245174412,1.0,1.6788220681968131,1.519648628287125,0.7139300365459388
mango_instrument,inst17040,17040,ORACLE,0.1,1,12,0.0005218982696533203,872,0.8864678899082569,4.461168189351415,4.461168189351415,5.098307396924066,1.0,1.6788220681968131,1.519648628287125,0.7139300365459388
mango_instrument,inst17040,17040,ORACLE,0.2,1,12,0.0005064010620117188,872,0.7958715596330275,4.086252105401379,4.086252105401378,4.684494193443079,1.0,1.6788220681968131,1.519648628287125,0.7139300365459388
mango_instrument,inst17052,17052,ASTM-R,0.05,1,12,3.475342273712158,2244,0.8364527629233511,4.4413627229348664,4.440834070956385,20.975053515636436,1.0,2.1580037754058874,-0.40625900507655865,2.1198906955280865
mango_instrument,inst17052,17052,ASTM-R,0.1,1,12,0.0009059906005859375,2244,0.8079322638146168,3.727293931102204,3.7268502741811247,13.247497363256961,1.0,2.1580037754058874,-0.40625900507655865,2.1198906955280865
mango_instrument,inst17052,17052,ASTM-R,0.2,1,12,0.0006899833679199219,2244,0.7517825311942959,2.9040281195664392,2.903682455339773,8.554407259023451,1.0,2.1580037754058874,-0.40625900507655865,2.1198906955280865
mango_instrument,inst17052,17052,ASTM-G,0.05,1,12,0.0011854171752929688,2244,0.8480392156862745,5.2377937170196995,5.2371702664744255,19.27146372717136,1.0,2.1580037754058874,-0.40625900507655865,2.1198906955280865
mango_instrument,inst17052,17052,ASTM-G,0.1,1,12,0.0009920597076416016,2244,0.8360071301247772,4.395677172008156,4.395153957945556,12.73736015161908,1.0,2.1580037754058874,-0.40625900507655865,2.1198906955280865
mango_instrument,inst17052,17052,ASTM-G,0.2,1,12,0.0009324550628662109,2244,0.7950089126559715,3.4247822543668183,3.4243746051772384,8.485144817986242,1.0,2.1580037754058874,-0.40625900507655865,2.1198906955280865
mango_instrument,inst17052,17052,GPR,0.05,1,12,11.353614807128906,2244,0.9024064171122995,4.34999626703063,3.91864402023527,6.99704720282049,1.0,2.1580037754058874,-0.40625900507655865,2.1198906955280865
mango_instrument,inst17052,17052,GPR,0.1,1,12,0.00015425682067871094,2244,0.8257575757575758,3.6506319470608983,3.28862973006531,6.129054287541574,1.0,2.1580037754058874,-0.40625900507655865,2.1198906955280865
mango_instrument,inst17052,17052,GPR,0.2,1,12,0.00010228157043457031,2244,0.7134581105169341,2.844309676146676,2.562263602064606,5.163545368929506,1.0,2.1580037754058874,-0.40625900507655865,2.1198906955280865
mango_instrument,inst17052,17052,BAG,0.05,1,12,15.331366777420044,2244,0.8351158645276292,4.455046188568702,4.438079110717596,19.804019048282214,1.0,2.1580037754058874,-0.40625900507655865,2.1198906955280865
mango_instrument,inst17052,17052,BAG,0.1,1,12,0.00012063980102539062,2244,0.8088235294117647,3.7387926203262376,3.724553399727136,12.693423542364647,1.0,2.1580037754058874,-0.40625900507655865,2.1198906955280865
mango_instrument,inst17052,17052,BAG,0.2,1,12,9.489059448242188e-05,2244,0.7464349376114082,2.9129981278066936,2.9019039519165686,8.301240286299477,1.0,2.1580037754058874,-0.40625900507655865,2.1198906955280865
mango_instrument,inst17052,17052,QGB,0.05,1,12,4.155617952346802,2244,0.8983957219251337,4.11991916377993,4.011005374155198,6.8620019884408086,1.0,2.1580037754058874,-0.40625900507655865,2.1198906955280865
mango_instrument,inst17052,17052,QGB,0.1,1,12,3.7936782836914062,2244,0.7892156862745098,3.11043506670972,3.0975239463606705,6.476293436264687,1.0,2.1580037754058874,-0.40625900507655865,2.1198906955280865
mango_instrument,inst17052,17052,QGB,0.2,1,12,4.185305118560791,2244,0.6733511586452763,2.2355727625104875,2.2511651605659457,5.262354801635749,1.0,2.1580037754058874,-0.40625900507655865,2.1198906955280865
mango_instrument,inst17052,17052,SCP,0.05,1,12,0.0005762577056884766,2244,0.8346702317290553,4.427508177159936,4.427508177159936,21.1765401504658,1.0,2.1580037754058874,-0.40625900507655865,2.1198906955280865
mango_instrument,inst17052,17052,SCP,0.1,1,12,0.0002765655517578125,2244,0.803921568627451,3.680799176788795,3.6807991767887955,13.394049271695781,1.0,2.1580037754058874,-0.40625900507655865,2.1198906955280865
mango_instrument,inst17052,17052,SCP,0.2,1,12,0.0002512931823730469,2244,0.7388591800356507,2.817508299567855,2.817508299567855,8.63666745475145,1.0,2.1580037754058874,-0.40625900507655865,2.1198906955280865
mango_instrument,inst17052,17052,NCP-kNN,0.05,1,12,5.605392694473267,2244,0.8043672014260249,4.663752780853197,4.389135039793278,16.820669147894872,1.0,2.1580037754058874,-0.40625900507655865,2.1198906955280865
mango_instrument,inst17052,17052,NCP-kNN,0.1,1,12,0.0003046989440917969,2244,0.7593582887700535,3.8618289969752313,3.6344312755816404,11.871621617276773,1.0,2.1580037754058874,-0.40625900507655865,2.1198906955280865
mango_instrument,inst17052,17052,NCP-kNN,0.2,1,12,0.00037407875061035156,2244,0.6934046345811051,3.0913447279045267,2.9093157598383144,8.184089837940457,1.0,2.1580037754058874,-0.40625900507655865,2.1198906955280865
mango_instrument,inst17052,17052,CV+,0.05,1,12,0.10914087295532227,2244,0.8382352941176471,4.516982814591035,4.4998011740599075,19.47575339618354,1.0,2.1580037754058874,-0.40625900507655865,2.1198906955280865
mango_instrument,inst17052,17052,CV+,0.1,1,12,0.10345268249511719,2244,0.8061497326203209,3.6927152777123853,3.676112542444672,12.652217276036462,1.0,2.1580037754058874,-0.40625900507655865,2.1198906955280865
mango_instrument,inst17052,17052,CV+,0.2,1,12,0.1120142936706543,2244,0.7379679144385026,2.819961872363497,2.807676839269157,8.305933038488428,1.0,2.1580037754058874,-0.40625900507655865,2.1198906955280865
mango_instrument,inst17052,17052,CQR,0.05,1,12,0.0004258155822753906,2244,0.93048128342246,4.697782425667062,4.58886863604233,6.469427846450776,1.0,2.1580037754058874,-0.40625900507655865,2.1198906955280865
mango_instrument,inst17052,17052,CQR,0.1,1,12,0.0002980232238769531,2244,0.8368983957219251,3.505848193931023,3.492937073581974,6.138139733248932,1.0,2.1580037754058874,-0.40625900507655865,2.1198906955280865
mango_instrument,inst17052,17052,CQR,0.2,1,12,0.0004885196685791016,2244,0.7205882352941176,2.507545035501438,2.5231374335568963,5.1227635219513,1.0,2.1580037754058874,-0.40625900507655865,2.1198906955280865
mango_instrument,inst17052,17052,WCP,0.05,1,12,0.02546834945678711,2244,0.8279857397504456,4.205061372625282,4.196633275794536,21.68526414537495,1.0,2.1580037754058874,-0.40625900507655865,2.1198906955280865
mango_instrument,inst17052,17052,WCP,0.1,1,12,0.004087924957275391,2244,0.7954545454545454,3.5140766143267665,3.5041197053484794,13.557965269760658,1.0,2.1580037754058874,-0.40625900507655865,2.1198906955280865
mango_instrument,inst17052,17052,WCP,0.2,1,12,0.0038709640502929688,2244,0.716131907308378,2.637808456988172,2.635581644188374,8.701778119719293,1.0,2.1580037754058874,-0.40625900507655865,2.1198906955280865
mango_instrument,inst17052,17052,R-U-A,0.05,1,12,0.0031719207763671875,2244,0.8373440285204992,4.497764982651844,4.497764982651844,20.856472583167506,1.0,2.1580037754058874,-0.40625900507655865,2.1198906955280865
mango_instrument,inst17052,17052,R-U-A,0.1,1,12,0.0034813880920410156,2244,0.8065953654188949,3.6736061906663053,3.6736061906663053,13.300949904409558,1.0,2.1580037754058874,-0.40625900507655865,2.1198906955280865
mango_instrument,inst17052,17052,R-U-A,0.2,1,12,0.002727508544921875,2244,0.7401960784313726,2.8064465954256548,2.8064465954256548,8.581819603905977,1.0,2.1580037754058874,-0.40625900507655865,2.1198906955280865
mango_instrument,inst17052,17052,R-U-D,0.05,1,12,0.0974435806274414,2244,0.8507130124777184,4.868096247743078,4.597580990071309,15.079195243576628,1.0,2.1580037754058874,-0.40625900507655865,2.1198906955280865
mango_instrument,inst17052,17052,R-U-D,0.1,1,12,0.005124092102050781,2244,0.8106060606060606,4.000022004416882,3.777744767454025,10.997655912840438,1.0,2.1580037754058874,-0.40625900507655865,2.1198906955280865
mango_instrument,inst17052,17052,R-U-D,0.2,1,12,0.004324436187744141,2244,0.7419786096256684,3.0656126954314415,2.8952596526765975,7.813904030012417,1.0,2.1580037754058874,-0.40625900507655865,2.1198906955280865
mango_instrument,inst17052,17052,G-U-A,0.05,1,12,0.0033257007598876953,2244,0.8462566844919787,5.136651785758745,5.136651785758744,19.490180849556296,1.0,2.1580037754058874,-0.40625900507655865,2.1198906955280865
mango_instrument,inst17052,17052,G-U-A,0.1,1,12,0.002666950225830078,2244,0.8306595365418895,4.245853333121339,4.245853333121339,12.841298088550468,1.0,2.1580037754058874,-0.40625900507655865,2.1198906955280865
mango_instrument,inst17052,17052,G-U-A,0.2,1,12,0.002522706985473633,2244,0.7816399286987522,3.256344495840924,3.2563444958409242,8.497163002299628,1.0,2.1580037754058874,-0.40625900507655865,2.1198906955280865
mango_instrument,inst17052,17052,G-W-A,0.05,1,12,0.01217341423034668,2244,0.8471479500891266,5.1968773403860915,5.1968773403860915,19.36559246567338,1.0,2.1580037754058874,-0.40625900507655865,2.1198906955280865
mango_instrument,inst17052,17052,G-W-A,0.1,1,12,0.012019872665405273,2244,0.8351158645276292,4.362127412332228,4.362127412332228,12.76317886419297,1.0,2.1580037754058874,-0.40625900507655865,2.1198906955280865
mango_instrument,inst17052,17052,G-W-A,0.2,1,12,0.01226949691772461,2244,0.7950089126559715,3.4283501263774308,3.428350126377431,8.486658768552436,1.0,2.1580037754058874,-0.40625900507655865,2.1198906955280865
mango_instrument,inst17052,17052,G-U-D,0.05,1,12,0.09414982795715332,2244,0.8591800356506238,5.285232054720273,5.014525286709458,13.814022215357456,1.0,2.1580037754058874,-0.40625900507655865,2.1198906955280865
mango_instrument,inst17052,17052,G-U-D,0.1,1,12,0.0044782161712646484,2244,0.8279857397504456,4.399808055665731,4.1744522328209275,10.459014449977554,1.0,2.1580037754058874,-0.40625900507655865,2.1198906955280865
mango_instrument,inst17052,17052,G-U-D,0.2,1,12,0.0043790340423583984,2244,0.7700534759358288,3.3909917758501753,3.2173069850051217,7.670262644222985,1.0,2.1580037754058874,-0.40625900507655865,2.1198906955280865
mango_instrument,inst17052,17052,GC-D,0.05,1,12,0.01427316665649414,2244,0.8587344028520499,5.224280430692498,4.956695572367907,13.982931974262147,1.0,2.1580037754058874,-0.40625900507655865,2.1198906955280865
mango_instrument,inst17052,17052,GC-D,0.1,1,12,0.013561248779296875,2244,0.8288770053475936,4.430703048669334,4.2037648007546125,10.421320124513066,1.0,2.1580037754058874,-0.40625900507655865,2.1198906955280865
mango_instrument,inst17052,17052,GC-D,0.2,1,12,0.01463007926940918,2244,0.7816399286987522,3.5273814819119687,3.346710883038874,7.621063329432328,1.0,2.1580037754058874,-0.40625900507655865,2.1198906955280865
mango_instrument,inst17052,17052,GC-D+,0.05,1,12,0.013855934143066406,2244,0.8908199643493762,6.3707045048955235,6.044400416708524,11.22506916535123,1.0,2.1580037754058874,-0.40625900507655865,2.1198906955280865
mango_instrument,inst17052,17052,GC-D+,0.1,1,12,0.013537883758544922,2244,0.8480392156862745,4.854759882215123,4.60610166937293,9.949217421092477,1.0,2.1580037754058874,-0.40625900507655865,2.1198906955280865
mango_instrument,inst17052,17052,GC-D+,0.2,1,12,0.013968706130981445,2244,0.7950089126559715,3.741932530678148,3.550272741475567,7.556605320279966,1.0,2.1580037754058874,-0.40625900507655865,2.1198906955280865
mango_instrument,inst17052,17052,HJ+,0.05,1,12,0.5299286842346191,2244,0.8645276292335116,6.387209777676326,6.32513620724512,16.325100387880262,1.0,2.1580037754058874,-0.40625900507655865,2.1198906955280865
mango_instrument,inst17052,17052,HJ+,0.1,1,12,0.5749742984771729,2244,0.8444741532976827,4.860462037405937,4.818280480228687,11.969478606045568,1.0,2.1580037754058874,-0.40625900507655865,2.1198906955280865
mango_instrument,inst17052,17052,HJ+,0.2,1,12,0.6532337665557861,2244,0.8070409982174688,3.6963517071467753,3.6696043244205026,8.171586150231152,1.0,2.1580037754058874,-0.40625900507655865,2.1198906955280865
mango_instrument,inst17052,17052,HJ+-D,0.05,1,12,0.4739723205566406,2244,0.8939393939393939,6.402449604563533,6.045957354569851,10.942966268602074,1.0,2.1580037754058874,-0.40625900507655865,2.1198906955280865
mango_instrument,inst17052,17052,HJ+-D,0.1,1,12,0.578125,2244,0.8538324420677362,4.891343364246874,4.616887012144102,9.617336969436552,1.0,2.1580037754058874,-0.40625900507655865,2.1198906955280865
mango_instrument,inst17052,17052,HJ+-D,0.2,1,12,0.6245496273040771,2244,0.7972370766488414,3.76112708807942,3.5524176132994114,7.327627083123033,1.0,2.1580037754058874,-0.40625900507655865,2.1198906955280865
mango_instrument,inst17052,17052,HCP-D,0.05,1,12,0.21312808990478516,2244,1.0,inf,inf,inf,0.0,2.1580037754058874,-0.40625900507655865,2.1198906955280865
mango_instrument,inst17052,17052,HCP-D,0.1,1,12,0.21175765991210938,2244,0.8346702317290553,39.28413082569408,3.646559885557809,41.379753788325125,1.0,2.1580037754058874,-0.40625900507655865,2.1198906955280865
mango_instrument,inst17052,17052,HCP-D,0.2,1,12,0.2158679962158203,2244,0.5935828877005348,22.42796524848595,2.0818818355100657,25.331811571081673,1.0,2.1580037754058874,-0.40625900507655865,2.1198906955280865
mango_instrument,inst17052,17052,HCP-A,0.05,1,12,0.19417381286621094,2244,1.0,inf,inf,inf,0.0,2.1580037754058874,-0.40625900507655865,2.1198906955280865
mango_instrument,inst17052,17052,HCP-A,0.1,1,12,0.1827714443206787,2244,0.857397504456328,19.974432093003944,19.974432093003948,78.52367172915348,1.0,2.1580037754058874,-0.40625900507655865,2.1198906955280865
mango_instrument,inst17052,17052,HCP-A,0.2,1,12,0.20066547393798828,2244,0.8333333333333334,6.351314957188464,6.351314957188464,45.49010584635138,1.0,2.1580037754058874,-0.40625900507655865,2.1198906955280865
mango_instrument,inst17052,17052,ORACLE,0.05,1,12,0.0028717517852783203,2244,0.9505347593582888,10.966207711765346,10.966207711765344,12.559446267558013,1.0,2.1580037754058874,-0.40625900507655865,2.1198906955280865
mango_instrument,inst17052,17052,ORACLE,0.1,1,12,0.0023069381713867188,2244,0.9019607843137255,8.737138119193524,8.73713811919352,11.25330430292645,1.0,2.1580037754058874,-0.40625900507655865,2.1198906955280865
mango_instrument,inst17052,17052,ORACLE,0.2,1,12,0.0026998519897460938,2244,0.7994652406417112,3.568046218859763,3.568046218859763,8.502448229971264,1.0,2.1580037754058874,-0.40625900507655865,2.1198906955280865
mango_instrument,inst17057,17057,ASTM-R,0.05,1,19,4.211515188217163,2570,0.8848249027237354,4.20953709144317,4.2089508236555195,6.935870315778697,1.0,1.3564597142740453,0.29906729614439337,1.3233378701598018
mango_instrument,inst17057,17057,ASTM-R,0.1,1,19,0.0009942054748535156,2570,0.8042801556420234,3.532741575069564,3.5322495654869037,5.944233946147027,1.0,1.3564597142740453,0.29906729614439337,1.3233378701598018
mango_instrument,inst17057,17057,ASTM-R,0.2,1,19,0.0006768703460693359,2570,0.6875486381322957,2.7524482725331985,2.752064935428831,4.934577548710074,1.0,1.3564597142740453,0.29906729614439337,1.3233378701598018
mango_instrument,inst17057,17057,ASTM-G,0.05,1,19,0.0013515949249267578,2570,0.9727626459143969,5.930675806081456,5.929849833032981,6.42674548629981,1.0,1.3564597142740453,0.29906729614439337,1.3233378701598018
mango_instrument,inst17057,17057,ASTM-G,0.1,1,19,0.00109100341796875,2570,0.932295719844358,4.977161272908578,4.97646809708785,5.649541783977768,1.0,1.3564597142740453,0.29906729614439337,1.3233378701598018
mango_instrument,inst17057,17057,ASTM-G,0.2,1,19,0.0009436607360839844,2570,0.8478599221789883,3.8778321755580407,3.8772921047519056,4.782215237433093,1.0,1.3564597142740453,0.29906729614439337,1.3233378701598018
mango_instrument,inst17057,17057,GPR,0.05,1,19,55.11914110183716,2570,0.9058365758754864,5.413624396418298,4.100621475728365,8.255321072669277,1.0,1.3564597142740453,0.29906729614439337,1.3233378701598018
mango_instrument,inst17057,17057,GPR,0.1,1,19,0.00020360946655273438,2570,0.8533073929961089,4.5432568116761916,3.4413500249545326,6.844477571016313,1.0,1.3564597142740453,0.29906729614439337,1.3233378701598018
mango_instrument,inst17057,17057,GPR,0.2,1,19,0.00016355514526367188,2570,0.7533073929961089,3.5397787281935273,2.681252264519916,5.545672427509147,1.0,1.3564597142740453,0.29906729614439337,1.3233378701598018
mango_instrument,inst17057,17057,BAG,0.05,1,19,25.735344171524048,2570,0.8867704280155642,4.223860484097739,4.216333402249045,6.916806367430742,1.0,1.3564597142740453,0.29906729614439337,1.3233378701598018
mango_instrument,inst17057,17057,BAG,0.1,1,19,0.00014901161193847656,2570,0.8054474708171206,3.544775461083573,3.5384585348661295,5.944304115812599,1.0,1.3564597142740453,0.29906729614439337,1.3233378701598018
mango_instrument,inst17057,17057,BAG,0.2,1,19,0.00011205673217773438,2570,0.6863813229571984,2.7618339207940727,2.7569122265163912,4.944114979722592,1.0,1.3564597142740453,0.29906729614439337,1.3233378701598018
mango_instrument,inst17057,17057,QGB,0.05,1,19,5.694600343704224,2570,0.8474708171206226,4.919560458638565,4.679870115718493,11.190452411856715,1.0,1.3564597142740453,0.29906729614439337,1.3233378701598018
mango_instrument,inst17057,17057,QGB,0.1,1,19,5.264885902404785,2570,0.7291828793774319,3.6055935741452148,3.3334651866391347,8.753117751229903,1.0,1.3564597142740453,0.29906729614439337,1.3233378701598018
mango_instrument,inst17057,17057,QGB,0.2,1,19,5.501896142959595,2570,0.5501945525291829,2.546795014848596,2.2914472298936737,6.58745816089747,1.0,1.3564597142740453,0.29906729614439337,1.3233378701598018
mango_instrument,inst17057,17057,SCP,0.05,1,19,0.0003864765167236328,2570,0.8875486381322957,4.113580674888539,4.113580674888539,6.645010893103866,1.0,1.3564597142740453,0.29906729614439337,1.3233378701598018
mango_instrument,inst17057,17057,SCP,0.1,1,19,0.00030040740966796875,2570,0.7933852140077821,3.3686856069673503,3.3686856069673503,5.81914280459261,1.0,1.3564597142740453,0.29906729614439337,1.3233378701598018
mango_instrument,inst17057,17057,SCP,0.2,1,19,0.0002949237823486328,2570,0.6544747081712062,2.571869517526359,2.571869517526359,4.869667881726807,1.0,1.3564597142740453,0.29906729614439337,1.3233378701598018
mango_instrument,inst17057,17057,NCP-kNN,0.05,1,19,6.92567777633667,2570,0.8536964980544747,3.892725911642315,3.3572397602618587,6.7151153938593255,1.0,1.3564597142740453,0.29906729614439337,1.3233378701598018
mango_instrument,inst17057,17057,NCP-kNN,0.1,1,19,0.0003390312194824219,2570,0.7708171206225681,3.2097140907252557,2.7681835323230715,5.594974471842587,1.0,1.3564597142740453,0.29906729614439337,1.3233378701598018
mango_instrument,inst17057,17057,NCP-kNN,0.2,1,19,0.0003299713134765625,2570,0.6517509727626459,2.570824510650873,2.2171800583235886,4.545681623221574,1.0,1.3564597142740453,0.29906729614439337,1.3233378701598018
mango_instrument,inst17057,17057,CV+,0.05,1,19,0.1234586238861084,2570,0.8883268482490272,4.256577606305612,4.255896981551517,6.8794994707948085,1.0,1.3564597142740453,0.29906729614439337,1.3233378701598018
mango_instrument,inst17057,17057,CV+,0.1,1,19,0.12234163284301758,2570,0.7945525291828793,3.465966121203377,3.465145876863553,6.019883242103498,1.0,1.3564597142740453,0.29906729614439337,1.3233378701598018
mango_instrument,inst17057,17057,CV+,0.2,1,19,0.1471879482269287,2570,0.6583657587548638,2.6340921909031985,2.633606989090433,5.012810054468904,1.0,1.3564597142740453,0.29906729614439337,1.3233378701598018
mango_instrument,inst17057,17057,CQR,0.05,1,19,0.0004153251647949219,2570,0.8700389105058366,5.339432224764083,5.09974188184401,10.424954554787462,1.0,1.3564597142740453,0.29906729614439337,1.3233378701598018
mango_instrument,inst17057,17057,CQR,0.1,1,19,0.0003783702850341797,2570,0.7680933852140078,3.8922811426675756,3.620152755161495,8.324858530058087,1.0,1.3564597142740453,0.29906729614439337,1.3233378701598018
mango_instrument,inst17057,17057,CQR,0.2,1,19,0.00032782554626464844,2570,0.5894941634241245,2.7057003406676876,2.4503525557127652,6.405852569071015,1.0,1.3564597142740453,0.29906729614439337,1.3233378701598018
mango_instrument,inst17057,17057,WCP,0.05,1,19,0.04191923141479492,2570,1.0,inf,inf,inf,0.4463035019455253,1.3564597142740453,0.29906729614439337,1.3233378701598018
mango_instrument,inst17057,17057,WCP,0.1,1,19,0.0064716339111328125,2570,1.0,inf,13.084943396714722,inf,0.5159533073929962,1.3564597142740453,0.29906729614439337,1.3233378701598018
mango_instrument,inst17057,17057,WCP,0.2,1,19,0.008080244064331055,2570,1.0,inf,13.08494339671472,inf,0.5848249027237354,1.3564597142740453,0.29906729614439337,1.3233378701598018
mango_instrument,inst17057,17057,R-U-A,0.05,1,19,0.003996133804321289,2570,0.8879377431906614,4.25267041266477,4.25267041266477,6.885960872045462,1.0,1.3564597142740453,0.29906729614439337,1.3233378701598018
mango_instrument,inst17057,17057,R-U-A,0.1,1,19,0.0032448768615722656,2570,0.7953307392996108,3.4655763267783497,3.4655763267783506,6.014148435871424,1.0,1.3564597142740453,0.29906729614439337,1.3233378701598018
mango_instrument,inst17057,17057,R-U-A,0.2,1,19,0.002889394760131836,2570,0.6583657587548638,2.6333737607130594,2.6333737607130594,5.0112904197003685,1.0,1.3564597142740453,0.29906729614439337,1.3233378701598018
mango_instrument,inst17057,17057,R-U-D,0.05,1,19,0.17514991760253906,2570,0.9614785992217899,5.055717543521287,4.983142989050073,5.823385518320322,1.0,1.3564597142740453,0.29906729614439337,1.3233378701598018
mango_instrument,inst17057,17057,R-U-D,0.1,1,19,0.006878852844238281,2570,0.888715953307393,4.143836568149167,4.084352016224321,5.198581662944046,1.0,1.3564597142740453,0.29906729614439337,1.3233378701598018
mango_instrument,inst17057,17057,R-U-D,0.2,1,19,0.005125999450683594,2570,0.7626459143968871,3.1585149252009233,3.1131746126708286,4.559400836196283,1.0,1.3564597142740453,0.29906729614439337,1.3233378701598018
mango_instrument,inst17057,17057,G-U-A,0.05,1,19,0.0041277408599853516,2570,0.9459143968871595,5.230137728488529,5.230137728488529,6.273047540027813,1.0,1.3564597142740453,0.29906729614439337,1.3233378701598018
mango_instrument,inst17057,17057,G-U-A,0.1,1,19,0.0030460357666015625,2570,0.8883268482490272,4.2549903522736585,4.2549903522736585,5.569040010895902,1.0,1.3564597142740453,0.29906729614439337,1.3233378701598018
mango_instrument,inst17057,17057,G-U-A,0.2,1,19,0.0031952857971191406,2570,0.7603112840466926,3.2179864220544157,3.217986422054416,4.766398446449784,1.0,1.3564597142740453,0.29906729614439337,1.3233378701598018
mango_instrument,inst17057,17057,G-W-A,0.05,1,19,0.013579845428466797,2570,0.9739299610894941,5.980210649291045,5.980210649291045,6.451969920616242,1.0,1.3564597142740453,0.29906729614439337,1.3233378701598018
mango_instrument,inst17057,17057,G-W-A,0.1,1,19,0.013958215713500977,2570,0.9272373540856031,4.8646963864134065,4.8646963864134065,5.61773728762632,1.0,1.3564597142740453,0.29906729614439337,1.3233378701598018
mango_instrument,inst17057,17057,G-W-A,0.2,1,19,0.02370285987854004,2570,0.8272373540856031,3.732919728921665,3.732919728921665,4.755785716099595,1.0,1.3564597142740453,0.29906729614439337,1.3233378701598018
mango_instrument,inst17057,17057,G-U-D,0.05,1,19,0.14399075508117676,2570,0.980544747081712,5.636476334630784,5.436102356941491,6.040748030499102,1.0,1.3564597142740453,0.29906729614439337,1.3233378701598018
mango_instrument,inst17057,17057,G-U-D,0.1,1,19,0.0048830509185791016,2570,0.9439688715953307,4.652839751195423,4.487433573089124,5.185417079460552,1.0,1.3564597142740453,0.29906729614439337,1.3233378701598018
mango_instrument,inst17057,17057,G-U-D,0.2,1,19,0.004664421081542969,2570,0.8249027237354085,3.564607430397375,3.4378873791942652,4.427624784643467,1.0,1.3564597142740453,0.29906729614439337,1.3233378701598018
mango_instrument,inst17057,17057,GC-D,0.05,1,19,0.014706611633300781,2570,0.9902723735408561,6.459095011909596,6.229477342469994,6.6411661676485165,1.0,1.3564597142740453,0.29906729614439337,1.3233378701598018
mango_instrument,inst17057,17057,GC-D,0.1,1,19,0.014660835266113281,2570,0.9723735408560311,5.3120692819547966,5.123227816366328,5.5862808665034605,1.0,1.3564597142740453,0.29906729614439337,1.3233378701598018
mango_instrument,inst17057,17057,GC-D,0.2,1,19,0.014795780181884766,2570,0.8953307392996109,4.101048476990142,3.9552582088784325,4.588589675363812,1.0,1.3564597142740453,0.29906729614439337,1.3233378701598018
mango_instrument,inst17057,17057,GC-D+,0.05,1,19,0.014699697494506836,2570,0.998443579766537,8.248065118726252,7.954850436722672,8.269644995911442,1.0,1.3564597142740453,0.29906729614439337,1.3233378701598018
mango_instrument,inst17057,17057,GC-D+,0.1,1,19,0.015145063400268555,2570,0.9832684824902723,5.883358733943899,5.67420820767444,6.043094987475266,1.0,1.3564597142740453,0.29906729614439337,1.3233378701598018
mango_instrument,inst17057,17057,GC-D+,0.2,1,19,0.01564192771911621,2570,0.9186770428015564,4.350475634360208,4.1958183527636885,4.721429448080476,1.0,1.3564597142740453,0.29906729614439337,1.3233378701598018
mango_instrument,inst17057,17057,HJ+,0.05,1,19,0.5645310878753662,2570,0.9961089494163424,7.668453843120112,7.615760663749993,7.738036763491897,1.0,1.3564597142740453,0.29906729614439337,1.3233378701598018
mango_instrument,inst17057,17057,HJ+,0.1,1,19,0.6044156551361084,2570,0.9653696498054475,5.53078325696344,5.499323571053077,5.871889059113122,1.0,1.3564597142740453,0.29906729614439337,1.3233378701598018
mango_instrument,inst17057,17057,HJ+,0.2,1,19,0.7007012367248535,2570,0.8665369649805448,4.057149593187744,4.031878149283756,4.790903487789172,1.0,1.3564597142740453,0.29906729614439337,1.3233378701598018
mango_instrument,inst17057,17057,HJ+-D,0.05,1,19,0.49996232986450195,2570,0.9992217898832685,8.43995905300408,8.050863350607594,8.45785312375949,1.0,1.3564597142740453,0.29906729614439337,1.3233378701598018
mango_instrument,inst17057,17057,HJ+-D,0.1,1,19,0.6729331016540527,2570,0.9848249027237355,6.033573872854046,5.772299168249055,6.17579304766675,1.0,1.3564597142740453,0.29906729614439337,1.3233378701598018
mango_instrument,inst17057,17057,HJ+-D,0.2,1,19,0.724747896194458,2570,0.9233463035019456,4.443306368769682,4.25110533891656,4.780988891903447,1.0,1.3564597142740453,0.29906729614439337,1.3233378701598018
mango_instrument,inst17057,17057,HCP-D,0.05,1,19,0.23812294006347656,2570,1.0,inf,inf,inf,0.0,1.3564597142740453,0.29906729614439337,1.3233378701598018
mango_instrument,inst17057,17057,HCP-D,0.1,1,19,0.2391514778137207,2570,1.0,21.018964384169962,19.701048288789348,21.018964384169962,1.0,1.3564597142740453,0.29906729614439337,1.3233378701598018
mango_instrument,inst17057,17057,HCP-D,0.2,1,19,0.2363736629486084,2570,0.7801556420233463,9.071885424118703,8.503066542399715,10.94706993021736,1.0,1.3564597142740453,0.29906729614439337,1.3233378701598018
mango_instrument,inst17057,17057,HCP-A,0.05,1,19,0.21502041816711426,2570,1.0,inf,inf,inf,0.0,1.3564597142740453,0.29906729614439337,1.3233378701598018
mango_instrument,inst17057,17057,HCP-A,0.1,1,19,0.2167208194732666,2570,1.0,42.62269103987828,42.62269103987828,42.62269103987828,1.0,1.3564597142740453,0.29906729614439337,1.3233378701598018
mango_instrument,inst17057,17057,HCP-A,0.2,1,19,0.22254252433776855,2570,0.6276264591439689,6.620923575022978,6.620923575022978,11.379681535554544,1.0,1.3564597142740453,0.29906729614439337,1.3233378701598018
mango_instrument,inst17057,17057,ORACLE,0.05,1,19,0.0016894340515136719,2570,0.9431906614785992,5.241076784579522,5.024274431210374,6.346670550039627,1.0,1.3564597142740453,0.29906729614439337,1.3233378701598018
mango_instrument,inst17057,17057,ORACLE,0.1,1,19,0.0014646053314208984,2570,0.9,4.433136546738363,4.2146759206168625,5.6105958504865185,1.0,1.3564597142740453,0.29906729614439337,1.3233378701598018
mango_instrument,inst17057,17057,ORACLE,0.2,1,19,0.0014431476593017578,2570,0.8031128404669261,3.5100609844448725,3.460554094754672,4.742117303456202,1.0,1.3564597142740453,0.29906729614439337,1.3233378701598018
mango_instrument,inst18007,18007,ASTM-R,0.05,1,12,3.8872032165527344,1946,0.9254881808838643,4.36668222884712,4.3666437046486495,5.9507754257535375,1.0,1.1782243872773905,-0.02195078944259479,1.178322687520832
mango_instrument,inst18007,18007,ASTM-R,0.1,1,12,0.00109100341796875,1946,0.8828365878725591,3.6646214800827486,3.664589149677692,5.132415252937651,1.0,1.1782243872773905,-0.02195078944259479,1.178322687520832
mango_instrument,inst18007,18007,ASTM-R,0.2,1,12,0.0007228851318359375,1946,0.7985611510791367,2.855199273771844,2.855174084335623,4.215214061175341,1.0,1.1782243872773905,-0.02195078944259479,1.178322687520832
mango_instrument,inst18007,18007,ASTM-G,0.05,1,12,0.0012171268463134766,1946,0.9660842754367934,5.341820640939784,5.341773513773717,5.939339324991209,1.0,1.1782243872773905,-0.02195078944259479,1.178322687520832
mango_instrument,inst18007,18007,ASTM-G,0.1,1,12,0.001163482666015625,1946,0.9311408016443987,4.482980358455273,4.482940808239339,5.191463687730936,1.0,1.1782243872773905,-0.02195078944259479,1.178322687520832
mango_instrument,inst18007,18007,ASTM-G,0.2,1,12,0.0009527206420898438,1946,0.8674203494347379,3.4928033722887832,3.4927725577153197,4.333910885266266,1.0,1.1782243872773905,-0.02195078944259479,1.178322687520832
mango_instrument,inst18007,18007,GPR,0.05,1,12,7.539944648742676,1946,0.9162384378211716,4.1175009530700715,4.012267350637267,5.906033217498294,1.0,1.1782243872773905,-0.02195078944259479,1.178322687520832
mango_instrument,inst18007,18007,GPR,0.1,1,12,0.0002586841583251953,1946,0.8484069886947585,3.4555157288886615,3.367200905757162,5.117388663873981,1.0,1.1782243872773905,-0.02195078944259479,1.178322687520832
mango_instrument,inst18007,18007,GPR,0.2,1,12,0.00014209747314453125,1946,0.7399794450154162,2.692289161515711,2.623480607374189,4.312221695776027,1.0,1.1782243872773905,-0.02195078944259479,1.178322687520832
mango_instrument,inst18007,18007,BAG,0.05,1,12,17.28475546836853,1946,0.9275436793422405,4.389301438245146,4.38684106254076,5.911340109022208,1.0,1.1782243872773905,-0.02195078944259479,1.178322687520832
mango_instrument,inst18007,18007,BAG,0.1,1,12,0.0001385211944580078,1946,0.8843782117163412,3.6836178865680065,3.6815530741872973,5.110418121228696,1.0,1.1782243872773905,-0.02195078944259479,1.178322687520832
mango_instrument,inst18007,18007,BAG,0.2,1,12,9.107589721679688e-05,1946,0.8016443987667009,2.870009946203314,2.8684011930013895,4.205312721700736,1.0,1.1782243872773905,-0.02195078944259479,1.178322687520832
mango_instrument,inst18007,18007,QGB,0.05,1,12,4.646498680114746,1946,0.8530318602261048,3.9501034271445037,3.8025022548454714,6.95456721747804,1.0,1.1782243872773905,-0.02195078944259479,1.178322687520832
mango_instrument,inst18007,18007,QGB,0.1,1,12,4.103627920150757,1946,0.7672147995889003,2.9015269101542667,2.7683597777293274,5.673006408042848,1.0,1.1782243872773905,-0.02195078944259479,1.178322687520832
mango_instrument,inst18007,18007,QGB,0.2,1,12,4.436416149139404,1946,0.6007194244604317,2.050486049556531,1.9563691008730242,4.655520551787036,1.0,1.1782243872773905,-0.02195078944259479,1.178322687520832
mango_instrument,inst18007,18007,SCP,0.05,1,12,0.00044465065002441406,1946,0.9347379239465571,4.564108726138309,4.564108726138308,5.828343987195723,1.0,1.1782243872773905,-0.02195078944259479,1.178322687520832
mango_instrument,inst18007,18007,SCP,0.1,1,12,0.0002968311309814453,1946,0.8905447070914697,3.749839090517685,3.7498390905176855,5.092438912440322,1.0,1.1782243872773905,-0.02195078944259479,1.178322687520832
mango_instrument,inst18007,18007,SCP,0.2,1,12,0.00024771690368652344,1946,0.7975334018499486,2.8716099341629078,2.871609934162908,4.206455442692848,1.0,1.1782243872773905,-0.02195078944259479,1.178322687520832
mango_instrument,inst18007,18007,NCP-kNN,0.05,1,12,6.153141021728516,1946,0.8905447070914697,3.9878983688223735,3.823002658314639,6.525307853195862,1.0,1.1782243872773905,-0.02195078944259479,1.178322687520832
mango_instrument,inst18007,18007,NCP-kNN,0.1,1,12,0.0003192424774169922,1946,0.8263103802672148,3.2839517249255445,3.1481635219993516,5.4247596217870155,1.0,1.1782243872773905,-0.02195078944259479,1.178322687520832
mango_instrument,inst18007,18007,NCP-kNN,0.2,1,12,0.0003478527069091797,1946,0.7297019527235354,2.5864587051338237,2.47951115872283,4.349398333445532,1.0,1.1782243872773905,-0.02195078944259479,1.178322687520832
mango_instrument,inst18007,18007,CV+,0.05,1,12,0.09934759140014648,1946,0.9275436793422405,4.396213787865124,4.394016207524843,5.934420210372731,1.0,1.1782243872773905,-0.02195078944259479,1.178322687520832
mango_instrument,inst18007,18007,CV+,0.1,1,12,0.0946502685546875,1946,0.8792394655704008,3.6280883624325715,3.626624794130686,5.139447527603318,1.0,1.1782243872773905,-0.02195078944259479,1.178322687520832
mango_instrument,inst18007,18007,CV+,0.2,1,12,0.10581707954406738,1946,0.78879753340185,2.776894969105744,2.775663031157494,4.22123540260001,1.0,1.1782243872773905,-0.02195078944259479,1.178322687520832
mango_instrument,inst18007,18007,CQR,0.05,1,12,0.0006401538848876953,1946,0.9188078108941419,4.578799890487324,4.431198718188291,6.14825938001975,1.0,1.1782243872773905,-0.02195078944259479,1.178322687520832
mango_instrument,inst18007,18007,CQR,0.1,1,12,0.0007154941558837891,1946,0.8345323741007195,3.38409783707949,3.250930704654552,5.192186467632747,1.0,1.1782243872773905,-0.02195078944259479,1.178322687520832
mango_instrument,inst18007,18007,CQR,0.2,1,12,0.0005753040313720703,1946,0.6690647482014388,2.3740810877186105,2.279964139035103,4.38641035419113,1.0,1.1782243872773905,-0.02195078944259479,1.178322687520832
mango_instrument,inst18007,18007,WCP,0.05,1,12,0.04072427749633789,1946,0.9568345323741008,inf,4.4654418785509895,inf,0.9044193216855088,1.1782243872773905,-0.02195078944259479,1.178322687520832
mango_instrument,inst18007,18007,WCP,0.1,1,12,0.006544589996337891,1946,0.9162384378211716,inf,3.7592729692608184,inf,0.9537512846865365,1.1782243872773905,-0.02195078944259479,1.178322687520832
mango_instrument,inst18007,18007,WCP,0.2,1,12,0.006133317947387695,1946,0.8494347379239465,inf,3.1191834027010117,inf,0.9820143884892086,1.1782243872773905,-0.02195078944259479,1.178322687520832
mango_instrument,inst18007,18007,R-U-A,0.05,1,12,0.0052258968353271484,1946,0.9260020554984584,4.379260897987319,4.379260897987319,5.944719978379447,1.0,1.1782243872773905,-0.02195078944259479,1.178322687520832
mango_instrument,inst18007,18007,R-U-A,0.1,1,12,0.00494384765625,1946,0.8776978417266187,3.6093511937551384,3.6093511937551384,5.1434913466247805,1.0,1.1782243872773905,-0.02195078944259479,1.178322687520832
mango_instrument,inst18007,18007,R-U-A,0.2,1,12,0.00482487678527832,1946,0.7867420349434738,2.7663200570428117,2.7663200570428117,4.218144716580876,1.0,1.1782243872773905,-0.02195078944259479,1.178322687520832
mango_instrument,inst18007,18007,R-U-D,0.05,1,12,0.1534571647644043,1946,0.9429599177800617,4.643075428570021,4.632091823288135,5.748158510948976,1.0,1.1782243872773905,-0.02195078944259479,1.178322687520832
mango_instrument,inst18007,18007,R-U-D,0.1,1,12,0.005375385284423828,1946,0.8961973278520041,3.8288979909064715,3.8198403943104866,5.03841198325373,1.0,1.1782243872773905,-0.02195078944259479,1.178322687520832
mango_instrument,inst18007,18007,R-U-D,0.2,1,12,0.005021095275878906,1946,0.8144912641315519,2.9381250506679057,2.9311746561886842,4.179699787516869,1.0,1.1782243872773905,-0.02195078944259479,1.178322687520832
mango_instrument,inst18007,18007,G-U-A,0.05,1,12,0.0038776397705078125,1946,0.9588900308324769,5.046493717100233,5.046493717100233,5.864901100484481,1.0,1.1782243872773905,-0.02195078944259479,1.178322687520832
mango_instrument,inst18007,18007,G-U-A,0.1,1,12,0.003342866897583008,1946,0.9121274409044193,4.192044195666412,4.192044195666412,5.125893383740747,1.0,1.1782243872773905,-0.02195078944259479,1.178322687520832
mango_instrument,inst18007,18007,G-U-A,0.2,1,12,0.0031058788299560547,1946,0.8448098663926003,3.23951339922327,3.23951339922327,4.262131656510313,1.0,1.1782243872773905,-0.02195078944259479,1.178322687520832
mango_instrument,inst18007,18007,G-W-A,0.05,1,12,0.013679265975952148,1946,0.9630010277492291,5.223871581691106,5.223871581691107,5.903469837965221,1.0,1.1782243872773905,-0.02195078944259479,1.178322687520832
mango_instrument,inst18007,18007,G-W-A,0.1,1,12,0.013868331909179688,1946,0.9280575539568345,4.425052434778572,4.425052434778571,5.1742880832817715,1.0,1.1782243872773905,-0.02195078944259479,1.178322687520832
mango_instrument,inst18007,18007,G-W-A,0.2,1,12,0.013749361038208008,1946,0.8669064748201439,3.4882644753600687,3.4882644753600687,4.332420871776602,1.0,1.1782243872773905,-0.02195078944259479,1.178322687520832
mango_instrument,inst18007,18007,G-U-D,0.05,1,12,0.10731697082519531,1946,0.9676258992805755,5.18338581648072,5.210191366807386,5.775341886709074,1.0,1.1782243872773905,-0.02195078944259479,1.178322687520832
mango_instrument,inst18007,18007,G-U-D,0.1,1,12,0.005041360855102539,1946,0.9244604316546763,4.3073669748927665,4.329642249454386,5.05453257073826,1.0,1.1782243872773905,-0.02195078944259479,1.178322687520832
mango_instrument,inst18007,18007,G-U-D,0.2,1,12,0.004959583282470703,1946,0.8576567317574512,3.3637427430627524,3.3811381248802572,4.243778559885703,1.0,1.1782243872773905,-0.02195078944259479,1.178322687520832
mango_instrument,inst18007,18007,GC-D,0.05,1,12,0.01587224006652832,1946,0.9691675231243576,5.322316260255246,5.349840280542351,5.825054467951447,1.0,1.1782243872773905,-0.02195078944259479,1.178322687520832
mango_instrument,inst18007,18007,GC-D,0.1,1,12,0.015672922134399414,1946,0.9357656731757451,4.457880429257353,4.4809340745825335,5.098367615901244,1.0,1.1782243872773905,-0.02195078944259479,1.178322687520832
mango_instrument,inst18007,18007,GC-D,0.2,1,12,0.015091896057128906,1946,0.8761562178828366,3.5594154807618406,3.577822771706634,4.306468310232638,1.0,1.1782243872773905,-0.02195078944259479,1.178322687520832
mango_instrument,inst18007,18007,GC-D+,0.05,1,12,0.016130447387695312,1946,0.9886947584789312,6.294342109642198,6.326892899833585,6.401711499858649,1.0,1.1782243872773905,-0.02195078944259479,1.178322687520832
mango_instrument,inst18007,18007,GC-D+,0.1,1,12,0.01533961296081543,1946,0.9594039054470709,4.891349607362463,4.916644910993652,5.295971906057437,1.0,1.1782243872773905,-0.02195078944259479,1.178322687520832
mango_instrument,inst18007,18007,GC-D+,0.2,1,12,0.015599250793457031,1946,0.8910585817060637,3.7550198917245847,3.7744387384492946,4.3878378095026935,1.0,1.1782243872773905,-0.02195078944259479,1.178322687520832
mango_instrument,inst18007,18007,HJ+,0.05,1,12,0.4765625,1946,0.9902363823227133,6.558285439217613,6.558392311643181,6.688206216425481,1.0,1.1782243872773905,-0.02195078944259479,1.178322687520832
mango_instrument,inst18007,18007,HJ+,0.1,1,12,0.5255947113037109,1946,0.9573484069886947,4.9827267595971465,4.981774845542463,5.400472034832866,1.0,1.1782243872773905,-0.02195078944259479,1.178322687520832
mango_instrument,inst18007,18007,HJ+,0.2,1,12,0.5659258365631104,1946,0.8931140801644398,3.7736875419788976,3.7743330847578074,4.4225066038336545,1.0,1.1782243872773905,-0.02195078944259479,1.178322687520832
mango_instrument,inst18007,18007,HJ+-D,0.05,1,12,0.4586465358734131,1946,0.9933196300102775,6.474004595825453,6.514560353732814,6.545880335306951,1.0,1.1782243872773905,-0.02195078944259479,1.178322687520832
mango_instrument,inst18007,18007,HJ+-D,0.1,1,12,0.5307521820068359,1946,0.9640287769784173,5.020054500833301,5.050083215520409,5.3611569693739805,1.0,1.1782243872773905,-0.02195078944259479,1.178322687520832
mango_instrument,inst18007,18007,HJ+-D,0.2,1,12,0.5635581016540527,1946,0.8977389516957862,3.836120395369548,3.8583208931601547,4.410993101430255,1.0,1.1782243872773905,-0.02195078944259479,1.178322687520832
mango_instrument,inst18007,18007,HCP-D,0.05,1,12,0.24845671653747559,1946,1.0,inf,inf,inf,0.0,1.1782243872773905,-0.02195078944259479,1.178322687520832
mango_instrument,inst18007,18007,HCP-D,0.1,1,12,0.2407228946685791,1946,0.9964028776978417,11.564666343824339,11.578799213550713,11.605296907172079,1.0,1.1782243872773905,-0.02195078944259479,1.178322687520832
mango_instrument,inst18007,18007,HCP-D,0.2,1,12,0.28995180130004883,1946,0.9522096608427544,8.50652543095622,8.5169210283877,8.817470650257482,1.0,1.1782243872773905,-0.02195078944259479,1.178322687520832
mango_instrument,inst18007,18007,HCP-A,0.05,1,12,0.20896315574645996,1946,1.0,inf,inf,inf,0.0,1.1782243872773905,-0.02195078944259479,1.178322687520832
mango_instrument,inst18007,18007,HCP-A,0.1,1,12,0.20849275588989258,1946,0.9964028776978417,22.067792210933533,22.067792210933536,22.99924440390752,1.0,1.1782243872773905,-0.02195078944259479,1.178322687520832
mango_instrument,inst18007,18007,HCP-A,0.2,1,12,0.29427599906921387,1946,0.8823227132579651,7.788619737303493,7.788619737303492,9.367258662937806,1.0,1.1782243872773905,-0.02195078944259479,1.178322687520832
mango_instrument,inst18007,18007,ORACLE,0.05,1,12,0.0015511512756347656,1946,0.9511819116135662,4.841897639131417,4.722415812699717,5.862591725727901,1.0,1.1782243872773905,-0.02195078944259479,1.178322687520832
mango_instrument,inst18007,18007,ORACLE,0.1,1,12,0.0013556480407714844,1946,0.895169578622816,3.9238499815107915,4.050622363818702,5.123539622304413,1.0,1.1782243872773905,-0.02195078944259479,1.178322687520832
mango_instrument,inst18007,18007,ORACLE,0.2,1,12,0.0013303756713867188,1946,0.8057553956834532,2.9001100826091446,3.1021186103314804,4.259494533503235,1.0,1.1782243872773905,-0.02195078944259479,1.178322687520832
mango_instrument,inst18029,18029,ASTM-R,0.05,1,13,4.416950702667236,2022,0.8026706231454006,4.363266909571532,4.36318434425535,9.920659196138631,1.0,1.6753352460040778,-0.8067472083423667,1.4686639782457274
mango_instrument,inst18029,18029,ASTM-R,0.1,1,13,0.0009067058563232422,2022,0.7156280909990109,3.661755622794413,3.6616863320503334,8.106834765235131,1.0,1.6753352460040778,-0.8067472083423667,1.4686639782457274
mango_instrument,inst18029,18029,ASTM-R,0.2,1,13,0.0007183551788330078,2022,0.5905044510385756,2.8529666731127805,2.852912686936757,6.473933430869827,1.0,1.6753352460040778,-0.8067472083423667,1.4686639782457274
mango_instrument,inst18029,18029,ASTM-G,0.05,1,13,0.0012509822845458984,2022,0.9228486646884273,5.69626432848217,5.696156539095207,7.722445691528056,1.0,1.6753352460040778,-0.8067472083423667,1.4686639782457274
mango_instrument,inst18029,18029,ASTM-G,0.1,1,13,0.0011398792266845703,2022,0.8501483679525222,4.780438228059509,4.780347768685383,6.834301547314882,1.0,1.6753352460040778,-0.8067472083423667,1.4686639782457274
mango_instrument,inst18029,18029,ASTM-G,0.2,1,13,0.0009109973907470703,2022,0.728486646884273,3.724560662276019,3.7244901830834563,5.860106386356018,1.0,1.6753352460040778,-0.8067472083423667,1.4686639782457274
mango_instrument,inst18029,18029,GPR,0.05,1,13,14.214942693710327,2022,0.7507418397626113,4.36592821967482,4.097154307544051,11.88755700721586,1.0,1.6753352460040778,-0.8067472083423667,1.4686639782457274
mango_instrument,inst18029,18029,GPR,0.1,1,13,0.0013325214385986328,2022,0.6651829871414441,3.6640024632019728,3.43844028568983,9.45514539970268,1.0,1.6753352460040778,-0.8067472083423667,1.4686639782457274
mango_instrument,inst18029,18029,GPR,0.2,1,13,0.0005381107330322266,2022,0.5420375865479723,2.854727020044012,2.6789852050996092,7.346193788559712,1.0,1.6753352460040778,-0.8067472083423667,1.4686639782457274
mango_instrument,inst18029,18029,BAG,0.05,1,13,19.174044609069824,2022,0.8041543026706232,4.382737615246514,4.3742120371843525,9.898837898135762,1.0,1.6753352460040778,-0.8067472083423667,1.4686639782457274
mango_instrument,inst18029,18029,BAG,0.1,1,13,0.00023603439331054688,2022,0.7176063303659743,3.6781093526606847,3.6709544620055414,8.103091303679474,1.0,1.6753352460040778,-0.8067472083423667,1.4686639782457274
mango_instrument,inst18029,18029,BAG,0.2,1,13,0.00012922286987304688,2022,0.5939663699307616,2.8657180930334563,2.8601435171744516,6.479569104418467,1.0,1.6753352460040778,-0.8067472083423667,1.4686639782457274
mango_instrument,inst18029,18029,QGB,0.05,1,13,4.971585750579834,2022,0.8664688427299704,4.644899614441064,4.6723583077702635,10.266545392594844,1.0,1.6753352460040778,-0.8067472083423667,1.4686639782457274
mango_instrument,inst18029,18029,QGB,0.1,1,13,4.275322914123535,2022,0.7858555885262116,3.517537325108728,3.4532385378139914,7.5165452160378186,1.0,1.6753352460040778,-0.8067472083423667,1.4686639782457274
mango_instrument,inst18029,18029,QGB,0.2,1,13,4.528605222702026,2022,0.6528189910979229,2.644107415219558,2.6072066189145566,5.810928166446781,1.0,1.6753352460040778,-0.8067472083423667,1.4686639782457274
mango_instrument,inst18029,18029,SCP,0.05,1,13,0.0003540515899658203,2022,0.8011869436201781,4.298055874288565,4.298055874288565,9.893392091787362,1.0,1.6753352460040778,-0.8067472083423667,1.4686639782457274
mango_instrument,inst18029,18029,SCP,0.1,1,13,0.000308990478515625,2022,0.7012858555885262,3.5139762466885145,3.5139762466885145,8.239904162432678,1.0,1.6753352460040778,-0.8067472083423667,1.4686639782457274
mango_instrument,inst18029,18029,SCP,0.2,1,13,0.0002892017364501953,2022,0.5692383778437191,2.7172428910575204,2.71724289105752,6.519440204650093,1.0,1.6753352460040778,-0.8067472083423667,1.4686639782457274
mango_instrument,inst18029,18029,NCP-kNN,0.05,1,13,7.777512788772583,2022,0.7843719090009891,4.326567365470829,4.324283804570097,11.151966014147115,1.0,1.6753352460040778,-0.8067472083423667,1.4686639782457274
mango_instrument,inst18029,18029,NCP-kNN,0.1,1,13,0.0004878044128417969,2022,0.6864490603363007,3.589133865078015,3.5872395213478807,8.68048520782547,1.0,1.6753352460040778,-0.8067472083423667,1.4686639782457274
mango_instrument,inst18029,18029,NCP-kNN,0.2,1,13,0.0004253387451171875,2022,0.5855588526211671,2.9091679640517345,2.907632506111245,6.56762435275371,1.0,1.6753352460040778,-0.8067472083423667,1.4686639782457274
mango_instrument,inst18029,18029,CV+,0.05,1,13,0.1439533233642578,2022,0.8076162215628091,4.401569432727803,4.399666601016506,9.819696615586489,1.0,1.6753352460040778,-0.8067472083423667,1.4686639782457274
mango_instrument,inst18029,18029,CV+,0.1,1,13,0.12872624397277832,2022,0.7072205736894164,3.5981730626153685,3.5946651281396846,8.229637935663884,1.0,1.6753352460040778,-0.8067472083423667,1.4686639782457274
mango_instrument,inst18029,18029,CV+,0.2,1,13,0.13937807083129883,2022,0.5712166172106825,2.758518308817886,2.7571966065480495,6.580530163770328,1.0,1.6753352460040778,-0.8067472083423667,1.4686639782457274
mango_instrument,inst18029,18029,CQR,0.05,1,13,0.0006649494171142578,2022,0.8877349159248269,4.971988191922091,4.999446885251292,9.785594605619684,1.0,1.6753352460040778,-0.8067472083423667,1.4686639782457274
mango_instrument,inst18029,18029,CQR,0.1,1,13,0.0004627704620361328,2022,0.8180019782393669,3.767593041790315,3.703294254495578,7.2704127054026495,1.0,1.6753352460040778,-0.8067472083423667,1.4686639782457274
mango_instrument,inst18029,18029,CQR,0.2,1,13,0.0004894733428955078,2022,0.6874381800197824,2.844794184134098,2.807893387829096,5.679343818191279,1.0,1.6753352460040778,-0.8067472083423667,1.4686639782457274
mango_instrument,inst18029,18029,WCP,0.05,1,13,0.046123504638671875,2022,0.9990108803165183,inf,inf,inf,0.4950544015825915,1.6753352460040778,-0.8067472083423667,1.4686639782457274
mango_instrument,inst18029,18029,WCP,0.1,1,13,0.006585597991943359,2022,0.9985163204747775,inf,9.265742044278538,inf,0.566271018793274,1.6753352460040778,-0.8067472083423667,1.4686639782457274
mango_instrument,inst18029,18029,WCP,0.2,1,13,0.005535602569580078,2022,0.9821958456973294,inf,6.888477805921923,inf,0.6231454005934718,1.6753352460040778,-0.8067472083423667,1.4686639782457274
mango_instrument,inst18029,18029,R-U-A,0.05,1,13,0.006866931915283203,2022,0.8076162215628091,4.400300007610895,4.400300007610895,9.813964538464749,1.0,1.6753352460040778,-0.8067472083423667,1.4686639782457274
mango_instrument,inst18029,18029,R-U-A,0.1,1,13,0.006009101867675781,2022,0.7062314540059347,3.590428068022469,3.5904280680224687,8.241650091760054,1.0,1.6753352460040778,-0.8067472083423667,1.4686639782457274
mango_instrument,inst18029,18029,R-U-A,0.2,1,13,0.0042591094970703125,2022,0.5707220573689417,2.756865339471066,2.756865339471066,6.579231226818321,1.0,1.6753352460040778,-0.8067472083423667,1.4686639782457274
mango_instrument,inst18029,18029,R-U-D,0.05,1,13,0.15451526641845703,2022,0.8699307616221563,5.168241167954896,4.958908868081001,8.834917986075185,1.0,1.6753352460040778,-0.8067472083423667,1.4686639782457274
mango_instrument,inst18029,18029,R-U-D,0.1,1,13,0.006178855895996094,2022,0.7848664688427299,4.25713833695268,4.084708968818478,7.512060092932707,1.0,1.6753352460040778,-0.8067472083423667,1.4686639782457274
mango_instrument,inst18029,18029,R-U-D,0.2,1,13,0.005869865417480469,2022,0.6567754698318496,3.2718034719810434,3.139283699147726,6.230536570713905,1.0,1.6753352460040778,-0.8067472083423667,1.4686639782457274
mango_instrument,inst18029,18029,G-U-A,0.05,1,13,0.004695415496826172,2022,0.8813056379821959,5.150542183043004,5.1505421830430045,8.248420324654152,1.0,1.6753352460040778,-0.8067472083423667,1.4686639782457274
mango_instrument,inst18029,18029,G-U-A,0.1,1,13,0.004344940185546875,2022,0.787833827893175,4.230862384512633,4.230862384512633,7.2833800992239235,1.0,1.6753352460040778,-0.8067472083423667,1.4686639782457274
mango_instrument,inst18029,18029,G-U-A,0.2,1,13,0.004238605499267578,2022,0.6513353115727003,3.2214370101035286,3.2214370101035286,6.141858707326034,1.0,1.6753352460040778,-0.8067472083423667,1.4686639782457274
mango_instrument,inst18029,18029,G-W-A,0.05,1,13,0.01889777183532715,2022,0.920375865479723,5.665632934923855,5.665632934923856,7.739971626878838,1.0,1.6753352460040778,-0.8067472083423667,1.4686639782457274
mango_instrument,inst18029,18029,G-W-A,0.1,1,13,0.01800680160522461,2022,0.8333333333333334,4.640351160616497,4.640351160616497,6.91646496277111,1.0,1.6753352460040778,-0.8067472083423667,1.4686639782457274
mango_instrument,inst18029,18029,G-W-A,0.2,1,13,0.017067432403564453,2022,0.7077151335311572,3.6000297404663613,3.6000297404663613,5.911579299228209,1.0,1.6753352460040778,-0.8067472083423667,1.4686639782457274
mango_instrument,inst18029,18029,G-U-D,0.05,1,13,0.1331651210784912,2022,0.9129574678536103,6.264610664375731,5.7394911991222575,8.486852037430989,1.0,1.6753352460040778,-0.8067472083423667,1.4686639782457274
mango_instrument,inst18029,18029,G-U-D,0.1,1,13,0.006544828414916992,2022,0.8550939663699307,5.192776288851985,4.757501368498321,7.377856484600501,1.0,1.6753352460040778,-0.8067472083423667,1.4686639782457274
mango_instrument,inst18029,18029,G-U-D,0.2,1,13,0.007636070251464844,2022,0.7344213649851632,3.9642879635529713,3.6319888172756722,6.130386519063134,1.0,1.6753352460040778,-0.8067472083423667,1.4686639782457274
mango_instrument,inst18029,18029,GC-D,0.05,1,13,0.01858377456665039,2022,0.9297725024727992,6.728436156495994,6.164437372567832,8.327289584154997,1.0,1.6753352460040778,-0.8067472083423667,1.4686639782457274
mango_instrument,inst18029,18029,GC-D,0.1,1,13,0.02026224136352539,2022,0.8793273986152325,5.660966278421852,5.186446193423233,7.307070825535777,1.0,1.6753352460040778,-0.8067472083423667,1.4686639782457274
mango_instrument,inst18029,18029,GC-D,0.2,1,13,0.020477771759033203,2022,0.7853610286844708,4.411374638366641,4.0415992739844935,6.107330124833141,1.0,1.6753352460040778,-0.8067472083423667,1.4686639782457274
mango_instrument,inst18029,18029,GC-D+,0.05,1,13,0.018514156341552734,2022,0.9757665677546983,8.197235251262672,7.51011708505674,8.65598260902854,1.0,1.6753352460040778,-0.8067472083423667,1.4686639782457274
mango_instrument,inst18029,18029,GC-D+,0.1,1,13,0.021274566650390625,2022,0.9104846686449061,6.168382938099798,5.651329584991477,7.35209869009501,1.0,1.6753352460040778,-0.8067472083423667,1.4686639782457274
mango_instrument,inst18029,18029,GC-D+,0.2,1,13,0.017149925231933594,2022,0.8130563798219584,4.70589202624591,4.311429283586532,6.1426760424752835,1.0,1.6753352460040778,-0.8067472083423667,1.4686639782457274
mango_instrument,inst18029,18029,HJ+,0.05,1,13,0.7148897647857666,2022,0.9747774480712166,7.2085001191825455,7.1659511312808615,7.804161481682849,1.0,1.6753352460040778,-0.8067472083423667,1.4686639782457274
mango_instrument,inst18029,18029,HJ+,0.1,1,13,0.525313138961792,2022,0.8911968348170128,5.270378532116222,5.2279919109101955,6.658013670629214,1.0,1.6753352460040778,-0.8067472083423667,1.4686639782457274
mango_instrument,inst18029,18029,HJ+,0.2,1,13,0.5713331699371338,2022,0.755192878338279,3.9242885534728225,3.8873056324661164,5.782769630687432,1.0,1.6753352460040778,-0.8067472083423667,1.4686639782457274
mango_instrument,inst18029,18029,HJ+-D,0.05,1,13,0.4880373477935791,2022,0.9762611275964391,8.33169341523523,7.64440004811854,8.725646774979852,1.0,1.6753352460040778,-0.8067472083423667,1.4686639782457274
mango_instrument,inst18029,18029,HJ+-D,0.1,1,13,0.5524411201477051,2022,0.9119683481701286,6.2724936618824385,5.7345546061853545,7.4037958386721225,1.0,1.6753352460040778,-0.8067472083423667,1.4686639782457274
mango_instrument,inst18029,18029,HJ+-D,0.2,1,13,0.6164224147796631,2022,0.8155291790306627,4.741952384110915,4.324423984194432,6.154548664439057,1.0,1.6753352460040778,-0.8067472083423667,1.4686639782457274
mango_instrument,inst18029,18029,HCP-D,0.05,1,13,0.23640894889831543,2022,1.0,inf,inf,inf,0.0,1.6753352460040778,-0.8067472083423667,1.4686639782457274
mango_instrument,inst18029,18029,HCP-D,0.1,1,13,0.23896002769470215,2022,1.0,16.339245871702953,13.64055372462684,16.339245871702953,1.0,1.6753352460040778,-0.8067472083423667,1.4686639782457274
mango_instrument,inst18029,18029,HCP-D,0.2,1,13,0.23241329193115234,2022,0.9886251236399605,10.536880553911644,8.796543390936037,10.572607775466617,1.0,1.6753352460040778,-0.8067472083423667,1.4686639782457274
mango_instrument,inst18029,18029,HCP-A,0.05,1,13,0.21239471435546875,2022,1.0,inf,inf,inf,0.0,1.6753352460040778,-0.8067472083423667,1.4686639782457274
mango_instrument,inst18029,18029,HCP-A,0.1,1,13,0.21232151985168457,2022,1.0,25.95550300670396,25.95550300670396,25.95550300670396,1.0,1.6753352460040778,-0.8067472083423667,1.4686639782457274
mango_instrument,inst18029,18029,HCP-A,0.2,1,13,0.23067283630371094,2022,0.9643916913946587,8.073309359031002,8.073309359031004,8.309454531805457,1.0,1.6753352460040778,-0.8067472083423667,1.4686639782457274
mango_instrument,inst18029,18029,ORACLE,0.05,1,13,0.001737356185913086,2022,0.9535113748763601,6.267354462852758,6.375363110868582,7.60420070327523,1.0,1.6753352460040778,-0.8067472083423667,1.4686639782457274
mango_instrument,inst18029,18029,ORACLE,0.1,1,13,0.0018587112426757812,2022,0.9015825914935707,5.441317875690012,5.457003528962359,6.678292982566307,1.0,1.6753352460040778,-0.8067472083423667,1.4686639782457274
mango_instrument,inst18029,18029,ORACLE,0.2,1,13,0.0015270709991455078,2022,0.8086053412462908,4.398491620210377,4.488133482264635,5.761551414280882,1.0,1.6753352460040778,-0.8067472083423667,1.4686639782457274
mango_instrument,inst18030,18030,ASTM-R,0.05,1,13,4.180016994476318,702,0.9857549857549858,4.571380359614835,4.57133413176535,4.689738745938903,1.0,0.9798866846225895,0.10996573102926638,0.9743910551628151
mango_instrument,inst18030,18030,ASTM-R,0.1,1,13,0.001018524169921875,702,0.9529914529914529,3.836409841195887,3.8363710456980833,4.096486977232382,1.0,0.9798866846225895,0.10996573102926638,0.9743910551628151
mango_instrument,inst18030,18030,ASTM-R,0.2,1,13,0.0007104873657226562,702,0.8490028490028491,2.9890446012306855,2.9890143746704227,3.4834596215484823,1.0,0.9798866846225895,0.10996573102926638,0.9743910551628151
mango_instrument,inst18030,18030,ASTM-G,0.05,1,13,0.0013272762298583984,702,0.9985754985754985,5.661239061183841,5.661181812194123,5.663538377995784,1.0,0.9798866846225895,0.10996573102926638,0.9743910551628151
mango_instrument,inst18030,18030,ASTM-G,0.1,1,13,0.001245737075805664,702,0.9914529914529915,4.751044879039159,4.750996834341436,4.790406417465547,1.0,0.9798866846225895,0.10996573102926638,0.9743910551628151
mango_instrument,inst18030,18030,ASTM-G,0.2,1,13,0.0010149478912353516,702,0.9444444444444444,3.701660050342778,3.7016226174953264,3.8661835125681656,1.0,0.9798866846225895,0.10996573102926638,0.9743910551628151
mango_instrument,inst18030,18030,GPR,0.05,1,13,9.583248853683472,702,0.9928774928774928,4.2340127875035,4.162579963738738,4.276984754779521,1.0,0.9798866846225895,0.10996573102926638,0.9743910551628151
mango_instrument,inst18030,18030,GPR,0.1,1,13,0.00011944770812988281,702,0.9615384615384616,3.553295542682315,3.493347227213432,3.714062292658398,1.0,0.9798866846225895,0.10996573102926638,0.9743910551628151
mango_instrument,inst18030,18030,GPR,0.2,1,13,0.00011467933654785156,702,0.8660968660968661,2.768472155183155,2.7217647422668474,3.168980947826339,1.0,0.9798866846225895,0.10996573102926638,0.9743910551628151
mango_instrument,inst18030,18030,BAG,0.05,1,13,19.780934810638428,702,0.9857549857549858,4.5773467040019264,4.576994875987145,4.695752085345418,1.0,0.9798866846225895,0.10996573102926638,0.9743910551628151
mango_instrument,inst18030,18030,BAG,0.1,1,13,0.00011849403381347656,702,0.9529914529914529,3.8414304483552977,3.8411351849776336,4.106267323283185,1.0,0.9798866846225895,0.10996573102926638,0.9743910551628151
mango_instrument,inst18030,18030,BAG,0.2,1,13,9.393692016601562e-05,702,0.8461538461538461,2.992966136533722,2.992736088560033,3.4987611162456367,1.0,0.9798866846225895,0.10996573102926638,0.9743910551628151
mango_instrument,inst18030,18030,QGB,0.05,1,13,5.249424457550049,702,0.8846153846153846,3.9512292035536047,3.8548856747865496,5.604160492392919,1.0,0.9798866846225895,0.10996573102926638,0.9743910551628151
mango_instrument,inst18030,18030,QGB,0.1,1,13,4.46309232711792,702,0.8190883190883191,3.0710136012365408,3.0241658100902438,4.3621747519132095,1.0,0.9798866846225895,0.10996573102926638,0.9743910551628151
mango_instrument,inst18030,18030,QGB,0.2,1,13,4.6143412590026855,702,0.6823361823361823,2.254041481903424,2.2039539074480983,3.54976608395795,1.0,0.9798866846225895,0.10996573102926638,0.9743910551628151
mango_instrument,inst18030,18030,SCP,0.05,1,13,0.0006208419799804688,702,0.9914529914529915,4.717176284303029,4.717176284303029,4.8244168893235875,1.0,0.9798866846225895,0.10996573102926638,0.9743910551628151
mango_instrument,inst18030,18030,SCP,0.1,1,13,0.0003840923309326172,702,0.9544159544159544,3.8255746024473356,3.825574602447336,4.089688022892797,1.0,0.9798866846225895,0.10996573102926638,0.9743910551628151
mango_instrument,inst18030,18030,SCP,0.2,1,13,0.00048089027404785156,702,0.8404558404558404,2.924716702976699,2.924716702976699,3.447525873136063,1.0,0.9798866846225895,0.10996573102926638,0.9743910551628151
mango_instrument,inst18030,18030,NCP-kNN,0.05,1,13,7.397313117980957,702,0.9529914529914529,3.988162391843544,3.9107523119609198,4.57149182723883,1.0,0.9798866846225895,0.10996573102926638,0.9743910551628151
mango_instrument,inst18030,18030,NCP-kNN,0.1,1,13,0.0003209114074707031,702,0.8846153846153846,3.3148768255158694,3.250535192790723,4.072405787957722,1.0,0.9798866846225895,0.10996573102926638,0.9743910551628151
mango_instrument,inst18030,18030,NCP-kNN,0.2,1,13,0.0002777576446533203,702,0.7991452991452992,2.6511522964160705,2.599693531480547,3.512363036327494,1.0,0.9798866846225895,0.10996573102926638,0.9743910551628151
mango_instrument,inst18030,18030,CV+,0.05,1,13,0.03649020195007324,702,0.9871794871794872,4.610651796346316,4.610650789967147,4.71825895388622,1.0,0.9798866846225895,0.10996573102926638,0.9743910551628151
mango_instrument,inst18030,18030,CV+,0.1,1,13,0.03548002243041992,702,0.9472934472934473,3.7671374339805985,3.767134737371121,4.061431649665827,1.0,0.9798866846225895,0.10996573102926638,0.9743910551628151
mango_instrument,inst18030,18030,CV+,0.2,1,13,0.037955284118652344,702,0.8347578347578347,2.8794417564766475,2.8794188804139758,3.4608551423235165,1.0,0.9798866846225895,0.10996573102926638,0.9743910551628151
mango_instrument,inst18030,18030,CQR,0.05,1,13,0.0004341602325439453,702,0.9415954415954416,4.441131978458458,4.344788449691402,5.2414573839413094,1.0,0.9798866846225895,0.10996573102926638,0.9743910551628151
mango_instrument,inst18030,18030,CQR,0.1,1,13,0.0003235340118408203,702,0.8931623931623932,3.4640873721106233,3.417239580964326,4.19436113612869,1.0,0.9798866846225895,0.10996573102926638,0.9743910551628151
mango_instrument,inst18030,18030,CQR,0.2,1,13,0.0003345012664794922,702,0.7564102564102564,2.5435584455624136,2.493470871107088,3.4363542768890456,1.0,0.9798866846225895,0.10996573102926638,0.9743910551628151
mango_instrument,inst18030,18030,WCP,0.05,1,13,0.02640223503112793,702,0.9814814814814815,inf,4.009639545940317,inf,0.9173789173789174,0.9798866846225895,0.10996573102926638,0.9743910551628151
mango_instrument,inst18030,18030,WCP,0.1,1,13,0.004465341567993164,702,0.9458689458689459,inf,3.333927172450217,inf,0.9601139601139601,0.9798866846225895,0.10996573102926638,0.9743910551628151
mango_instrument,inst18030,18030,WCP,0.2,1,13,0.004180908203125,702,0.7905982905982906,inf,2.4845231949044653,inf,0.9843304843304843,0.9798866846225895,0.10996573102926638,0.9743910551628151
mango_instrument,inst18030,18030,R-U-A,0.05,1,13,0.003814697265625,702,0.9871794871794872,4.604513674146453,4.604513674146453,4.7140022803984545,1.0,0.9798866846225895,0.10996573102926638,0.9743910551628151
mango_instrument,inst18030,18030,R-U-A,0.1,1,13,0.0032248497009277344,702,0.9472934472934473,3.7665423619666782,3.7665423619666782,4.061068349203081,1.0,0.9798866846225895,0.10996573102926638,0.9743910551628151
mango_instrument,inst18030,18030,R-U-A,0.2,1,13,0.0030715465545654297,702,0.8333333333333334,2.8788269233272312,2.8788269233272317,3.4604393739369916,1.0,0.9798866846225895,0.10996573102926638,0.9743910551628151
mango_instrument,inst18030,18030,R-U-D,0.05,1,13,0.1195518970489502,702,0.9943019943019943,4.531263082239859,4.5292093937657825,4.551002833138399,1.0,0.9798866846225895,0.10996573102926638,0.9743910551628151
mango_instrument,inst18030,18030,R-U-D,0.1,1,13,0.005151987075805664,702,0.9558404558404558,3.7262477981119897,3.724558963891675,3.9355182948785457,1.0,0.9798866846225895,0.10996573102926638,0.9743910551628151
mango_instrument,inst18030,18030,R-U-D,0.2,1,13,0.004887580871582031,702,0.8490028490028491,2.8652396424100006,2.8639410398962477,3.3536060284408133,1.0,0.9798866846225895,0.10996573102926638,0.9743910551628151
mango_instrument,inst18030,18030,G-U-A,0.05,1,13,0.003828763961791992,702,0.9971509971509972,5.360021356669591,5.360021356669591,5.3717618178183395,1.0,0.9798866846225895,0.10996573102926638,0.9743910551628151
mango_instrument,inst18030,18030,G-U-A,0.1,1,13,0.0030951499938964844,702,0.98005698005698,4.353667205692858,4.353667205692858,4.447587592929785,1.0,0.9798866846225895,0.10996573102926638,0.9743910551628151
mango_instrument,inst18030,18030,G-U-A,0.2,1,13,0.002932310104370117,702,0.9045584045584045,3.278342004170771,3.2783420041707707,3.5992888111527805,1.0,0.9798866846225895,0.10996573102926638,0.9743910551628151
mango_instrument,inst18030,18030,G-W-A,0.05,1,13,0.014707326889038086,702,0.9985754985754985,5.611497512325371,5.611497512325371,5.615246489005469,1.0,0.9798866846225895,0.10996573102926638,0.9743910551628151
mango_instrument,inst18030,18030,G-W-A,0.1,1,13,0.015525579452514648,702,0.9886039886039886,4.659878094369727,4.659878094369727,4.707562747226998,1.0,0.9798866846225895,0.10996573102926638,0.9743910551628151
mango_instrument,inst18030,18030,G-W-A,0.2,1,13,0.014043807983398438,702,0.9358974358974359,3.5945663847121563,3.594566384712156,3.7920982825547185,1.0,0.9798866846225895,0.10996573102926638,0.9743910551628151
mango_instrument,inst18030,18030,G-U-D,0.05,1,13,0.11545300483703613,702,0.9971509971509972,4.806027440449384,4.832777384433579,4.82110933634262,1.0,0.9798866846225895,0.10996573102926638,0.9743910551628151
mango_instrument,inst18030,18030,G-U-D,0.1,1,13,0.005049467086791992,702,0.9615384615384616,3.966057555839153,3.988132298185376,4.099250454888176,1.0,0.9798866846225895,0.10996573102926638,0.9743910551628151
mango_instrument,inst18030,18030,G-U-D,0.2,1,13,0.004769563674926758,702,0.8646723646723646,3.0346360329547375,3.0515265615461367,3.449132537337741,1.0,0.9798866846225895,0.10996573102926638,0.9743910551628151
mango_instrument,inst18030,18030,GC-D,0.05,1,13,0.015820980072021484,702,0.9985754985754985,5.090935081264586,5.119270797183484,5.0916736102071525,1.0,0.9798866846225895,0.10996573102926638,0.9743910551628151
mango_instrument,inst18030,18030,GC-D,0.1,1,13,0.015613555908203125,702,0.9843304843304843,4.234420496939832,4.25798892481549,4.297028902804742,1.0,0.9798866846225895,0.10996573102926638,0.9743910551628151
mango_instrument,inst18030,18030,GC-D,0.2,1,13,0.015614509582519531,702,0.9116809116809117,3.277856073113621,3.296100343965275,3.557686062322904,1.0,0.9798866846225895,0.10996573102926638,0.9743910551628151
mango_instrument,inst18030,18030,GC-D+,0.05,1,13,0.016049623489379883,702,1.0,6.170062686265333,6.204404735552746,6.170062686265333,1.0,0.9798866846225895,0.10996573102926638,0.9743910551628151
mango_instrument,inst18030,18030,GC-D+,0.1,1,13,0.016003847122192383,702,0.9943019943019943,4.673426579223569,4.699438477981431,4.686871809817688,1.0,0.9798866846225895,0.10996573102926638,0.9743910551628151
mango_instrument,inst18030,18030,GC-D+,0.2,1,13,0.0158078670501709,702,0.9287749287749287,3.4870026078707435,3.5064109707211593,3.6854298497379836,1.0,0.9798866846225895,0.10996573102926638,0.9743910551628151
mango_instrument,inst18030,18030,HJ+,0.05,1,13,0.26776909828186035,702,1.0,7.098046669035221,7.0906805433150755,7.098046669035221,1.0,0.9798866846225895,0.10996573102926638,0.9743910551628151
mango_instrument,inst18030,18030,HJ+,0.1,1,13,0.2770376205444336,702,0.9943019943019943,5.225873489597924,5.218924405987175,5.239277440197901,1.0,0.9798866846225895,0.10996573102926638,0.9743910551628151
mango_instrument,inst18030,18030,HJ+,0.2,1,13,0.2998166084289551,702,0.9558404558404558,3.882422389140787,3.876301638073488,4.000613286599953,1.0,0.9798866846225895,0.10996573102926638,0.9743910551628151
mango_instrument,inst18030,18030,HJ+-D,0.05,1,13,0.2969167232513428,702,1.0,6.2734931134818765,6.292944439266377,6.2734931134818765,1.0,0.9798866846225895,0.10996573102926638,0.9743910551628151
mango_instrument,inst18030,18030,HJ+-D,0.1,1,13,0.290787935256958,702,0.9971509971509972,4.771227955455246,4.789510824299971,4.779167303494292,1.0,0.9798866846225895,0.10996573102926638,0.9743910551628151
mango_instrument,inst18030,18030,HJ+-D,0.2,1,13,0.3145260810852051,702,0.9358974358974359,3.5443135136392505,3.552872782637044,3.708169305316386,1.0,0.9798866846225895,0.10996573102926638,0.9743910551628151
mango_instrument,inst18030,18030,HCP-D,0.05,1,13,0.30406880378723145,702,1.0,inf,inf,inf,0.0,0.9798866846225895,0.10996573102926638,0.9743910551628151
mango_instrument,inst18030,18030,HCP-D,0.1,1,13,0.24608874320983887,702,0.9686609686609686,8.054158740519377,8.086750071729123,8.220170625199618,1.0,0.9798866846225895,0.10996573102926638,0.9743910551628151
mango_instrument,inst18030,18030,HCP-D,0.2,1,13,0.39450740814208984,702,0.707977207977208,5.05577369302267,5.076231992922057,7.060723377860027,1.0,0.9798866846225895,0.10996573102926638,0.9743910551628151
mango_instrument,inst18030,18030,HCP-A,0.05,1,13,0.26055049896240234,702,1.0,inf,inf,inf,0.0,0.9798866846225895,0.10996573102926638,0.9743910551628151
mango_instrument,inst18030,18030,HCP-A,0.1,1,13,0.24602079391479492,702,1.0,26.018826249514085,26.01882624951408,26.018826249514085,1.0,0.9798866846225895,0.10996573102926638,0.9743910551628151
mango_instrument,inst18030,18030,HCP-A,0.2,1,13,0.25768589973449707,702,0.9430199430199431,8.074586863837327,8.074586863837329,8.350502056098945,1.0,0.9798866846225895,0.10996573102926638,0.9743910551628151
mango_instrument,inst18030,18030,ORACLE,0.05,1,13,0.0008883476257324219,702,0.9529914529914529,3.8363535878743407,3.7071610958134915,4.386030231705734,1.0,0.9798866846225895,0.10996573102926638,0.9743910551628151
mango_instrument,inst18030,18030,ORACLE,0.1,1,13,0.0005695819854736328,702,0.8988603988603988,3.230008886884173,3.247032280692963,3.9196838033956407,1.0,0.9798866846225895,0.10996573102926638,0.9743910551628151
mango_instrument,inst18030,18030,ORACLE,0.2,1,13,0.00047469139099121094,702,0.8062678062678063,2.7324627107796227,2.8035820518053836,3.4544034940722397,1.0,0.9798866846225895,0.10996573102926638,0.9743910551628151
mango_instrument,inst18044,18044,ASTM-R,0.05,1,13,4.009329319000244,1066,0.8846153846153846,4.365493602624447,4.365474833888018,6.399428544944361,1.0,1.379393361983963,0.5465256959928944,1.2670997780453068
mango_instrument,inst18044,18044,ASTM-R,0.1,1,13,0.0009109973907470703,1066,0.8067542213883677,3.66362457583458,3.6636088246709555,5.746422523309152,1.0,1.379393361983963,0.5465256959928944,1.2670997780453068
mango_instrument,inst18044,18044,ASTM-R,0.2,1,13,0.0007159709930419922,1066,0.651031894934334,2.854423011541191,2.854410739409322,4.963081799800385,1.0,1.379393361983963,0.5465256959928944,1.2670997780453068
mango_instrument,inst18044,18044,ASTM-G,0.05,1,13,0.0013325214385986328,1066,0.9559099437148217,5.264073671782142,5.264051039745475,5.918527405762231,1.0,1.379393361983963,0.5465256959928944,1.2670997780453068
mango_instrument,inst18044,18044,ASTM-G,0.1,1,13,0.0011479854583740234,1066,0.8874296435272045,4.417734036158185,4.417715042822428,5.375178484298786,1.0,1.379393361983963,0.5465256959928944,1.2670997780453068
mango_instrument,inst18044,18044,ASTM-G,0.2,1,13,0.001046895980834961,1066,0.7795497185741088,3.4419688564312203,3.4419540582406514,4.713982333160406,1.0,1.379393361983963,0.5465256959928944,1.2670997780453068
mango_instrument,inst18044,18044,GPR,0.05,1,13,12.369672298431396,1066,0.8874296435272045,3.99500186914083,3.939858743034085,7.336028317258952,1.0,1.379393361983963,0.5465256959928944,1.2670997780453068
mango_instrument,inst18044,18044,GPR,0.1,1,13,0.00014638900756835938,1066,0.8123827392120075,3.3527112569245867,3.3064336866765762,5.968254405517218,1.0,1.379393361983963,0.5465256959928944,1.2670997780453068
mango_instrument,inst18044,18044,GPR,0.2,1,13,9.34600830078125e-05,1066,0.6763602251407129,2.6121913158279297,2.576135163700365,4.856349337578762,1.0,1.379393361983963,0.5465256959928944,1.2670997780453068
mango_instrument,inst18044,18044,BAG,0.05,1,13,17.679990530014038,1066,0.8846153846153846,4.367728205548405,4.3672982648991585,6.399688668700323,1.0,1.379393361983963,0.5465256959928944,1.2670997780453068
mango_instrument,inst18044,18044,BAG,0.1,1,13,0.00012111663818359375,1066,0.8067542213883677,3.6655130589659675,3.66515224139898,5.74497692762626,1.0,1.379393361983963,0.5465256959928944,1.2670997780453068
mango_instrument,inst18044,18044,BAG,0.2,1,13,0.00011467933654785156,1066,0.6519699812382739,2.8559039675453155,2.8556228444652607,4.962609760724511,1.0,1.379393361983963,0.5465256959928944,1.2670997780453068
mango_instrument,inst18044,18044,QGB,0.05,1,13,4.852700233459473,1066,0.7607879924953096,4.1300692619165185,4.142653344034387,9.716552264357304,1.0,1.379393361983963,0.5465256959928944,1.2670997780453068
mango_instrument,inst18044,18044,QGB,0.1,1,13,4.492271423339844,1066,0.6838649155722326,3.133293087687126,3.1229010656645304,7.262117573932624,1.0,1.379393361983963,0.5465256959928944,1.2670997780453068
mango_instrument,inst18044,18044,QGB,0.2,1,13,4.684316635131836,1066,0.5544090056285178,2.224306409145087,2.2107614835642533,5.645265058937726,1.0,1.379393361983963,0.5465256959928944,1.2670997780453068
mango_instrument,inst18044,18044,SCP,0.05,1,13,0.00039124488830566406,1066,0.8883677298311444,4.445577137126606,4.445577137126605,6.3808391834515925,1.0,1.379393361983963,0.5465256959928944,1.2670997780453068
mango_instrument,inst18044,18044,SCP,0.1,1,13,0.0002694129943847656,1066,0.7926829268292683,3.5903014559779787,3.590301455977979,5.900056131271612,1.0,1.379393361983963,0.5465256959928944,1.2670997780453068
mango_instrument,inst18044,18044,SCP,0.2,1,13,0.00027871131896972656,1066,0.6303939962476548,2.753340486585202,2.753340486585202,5.118290429594784,1.0,1.379393361983963,0.5465256959928944,1.2670997780453068
mango_instrument,inst18044,18044,NCP-kNN,0.05,1,13,7.0891687870025635,1066,0.8133208255159474,3.9038352756788948,3.7616461287330383,7.705276757631038,1.0,1.379393361983963,0.5465256959928944,1.2670997780453068
mango_instrument,inst18044,18044,NCP-kNN,0.1,1,13,0.00040078163146972656,1066,0.6894934333958724,3.2324076772264663,3.1146738955094238,6.6140973933926075,1.0,1.379393361983963,0.5465256959928944,1.2670997780453068
mango_instrument,inst18044,18044,NCP-kNN,0.2,1,13,0.0002791881561279297,1066,0.5694183864915572,2.5878701051343422,2.4936122749056473,5.368569383911504,1.0,1.379393361983963,0.5465256959928944,1.2670997780453068
mango_instrument,inst18044,18044,CV+,0.05,1,13,0.050821781158447266,1066,0.8864915572232646,4.404649392793181,4.404469788985921,6.351665469938667,1.0,1.379393361983963,0.5465256959928944,1.2670997780453068
mango_instrument,inst18044,18044,CV+,0.1,1,13,0.05123281478881836,1066,0.7964352720450282,3.6001910790621805,3.6001910079815014,5.808847501560304,1.0,1.379393361983963,0.5465256959928944,1.2670997780453068
mango_instrument,inst18044,18044,CV+,0.2,1,13,0.053305864334106445,1066,0.6350844277673546,2.748493219525205,2.7484959727001943,5.04792951626527,1.0,1.379393361983963,0.5465256959928944,1.2670997780453068
mango_instrument,inst18044,18044,CQR,0.05,1,13,0.0004525184631347656,1066,0.8151969981238274,4.6407593007584325,4.653343382876302,8.042386193579208,1.0,1.379393361983963,0.5465256959928944,1.2670997780453068
mango_instrument,inst18044,18044,CQR,0.1,1,13,0.0003745555877685547,1066,0.7298311444652908,3.5128850327994217,3.502493010776826,6.5170933148039,1.0,1.379393361983963,0.5465256959928944,1.2670997780453068
mango_instrument,inst18044,18044,CQR,0.2,1,13,0.0003132820129394531,1066,0.6041275797373359,2.4648720355517257,2.451327109970893,5.380553244567657,1.0,1.379393361983963,0.5465256959928944,1.2670997780453068
mango_instrument,inst18044,18044,WCP,0.05,1,13,0.037383079528808594,1066,1.0,13.578423199240662,13.578423199240664,13.578423199240662,1.0,1.379393361983963,0.5465256959928944,1.2670997780453068
mango_instrument,inst18044,18044,WCP,0.1,1,13,0.0046689510345458984,1066,1.0,13.578423199240662,13.578423199240664,13.578423199240662,1.0,1.379393361983963,0.5465256959928944,1.2670997780453068
mango_instrument,inst18044,18044,WCP,0.2,1,13,0.004388332366943359,1066,1.0,13.578423199240662,13.578423199240664,13.578423199240662,1.0,1.379393361983963,0.5465256959928944,1.2670997780453068
mango_instrument,inst18044,18044,R-U-A,0.05,1,13,0.0038559436798095703,1066,0.8864915572232646,4.403819936217499,4.403819936217499,6.35009029404769,1.0,1.379393361983963,0.5465256959928944,1.2670997780453068
mango_instrument,inst18044,18044,R-U-A,0.1,1,13,0.003317594528198242,1066,0.7954971857410882,3.596983894122147,3.596983894122147,5.8119231171051675,1.0,1.379393361983963,0.5465256959928944,1.2670997780453068
mango_instrument,inst18044,18044,R-U-A,0.2,1,13,0.003068208694458008,1066,0.6341463414634146,2.7478846319597143,2.747884631959714,5.0474265728712275,1.0,1.379393361983963,0.5465256959928944,1.2670997780453068
mango_instrument,inst18044,18044,R-U-D,0.05,1,13,0.13091421127319336,1066,0.8771106941838649,4.391972072501788,4.377131389434581,6.500954791293816,1.0,1.379393361983963,0.5465256959928944,1.2670997780453068
mango_instrument,inst18044,18044,R-U-D,0.1,1,13,0.006540060043334961,1066,0.7879924953095685,3.6099322483841987,3.597734115174796,5.913233397402397,1.0,1.379393361983963,0.5465256959928944,1.2670997780453068
mango_instrument,inst18044,18044,R-U-D,0.2,1,13,0.005453824996948242,1066,0.6350844277673546,2.7614022211147193,2.7520713113302016,5.097262185200403,1.0,1.379393361983963,0.5465256959928944,1.2670997780453068
mango_instrument,inst18044,18044,G-U-A,0.05,1,13,0.0041239261627197266,1066,0.9530956848030019,5.238366082696295,5.238366082696295,5.916751093051359,1.0,1.379393361983963,0.5465256959928944,1.2670997780453068
mango_instrument,inst18044,18044,G-U-A,0.1,1,13,0.003175973892211914,1066,0.8696060037523452,4.237913525421802,4.237913525421803,5.412027716288508,1.0,1.379393361983963,0.5465256959928944,1.2670997780453068
mango_instrument,inst18044,18044,G-U-A,0.2,1,13,0.0034842491149902344,1066,0.726078799249531,3.2214804981959375,3.2214804981959375,4.763049506691121,1.0,1.379393361983963,0.5465256959928944,1.2670997780453068
mango_instrument,inst18044,18044,G-W-A,0.05,1,13,0.01607966423034668,1066,0.9596622889305816,5.298946666581578,5.298946666581578,5.924512632982143,1.0,1.379393361983963,0.5465256959928944,1.2670997780453068
mango_instrument,inst18044,18044,G-W-A,0.1,1,13,0.014267683029174805,1066,0.8846153846153846,4.36442296769713,4.364422967697131,5.382612660384587,1.0,1.379393361983963,0.5465256959928944,1.2670997780453068
mango_instrument,inst18044,18044,G-W-A,0.2,1,13,0.014569520950317383,1066,0.7579737335834896,3.3294345242720524,3.3294345242720524,4.731533818115064,1.0,1.379393361983963,0.5465256959928944,1.2670997780453068
mango_instrument,inst18044,18044,G-U-D,0.05,1,13,0.11392974853515625,1066,0.9212007504690432,4.907959750132125,4.874763121030295,6.1586630752526395,1.0,1.379393361983963,0.5465256959928944,1.2670997780453068
mango_instrument,inst18044,18044,G-U-D,0.1,1,13,0.0049288272857666016,1066,0.8367729831144465,4.05317790977228,4.0257628838542665,5.677815207449379,1.0,1.379393361983963,0.5465256959928944,1.2670997780453068
mango_instrument,inst18044,18044,G-U-D,0.2,1,13,0.004904508590698242,1066,0.6969981238273921,3.1067809920912377,3.085767238607972,4.955850857749796,1.0,1.379393361983963,0.5465256959928944,1.2670997780453068
mango_instrument,inst18044,18044,GC-D,0.05,1,13,0.01620340347290039,1066,0.925891181988743,4.956390498272638,4.9228662915896955,6.135557765333541,1.0,1.379393361983963,0.5465256959928944,1.2670997780453068
mango_instrument,inst18044,18044,GC-D,0.1,1,13,0.015633106231689453,1066,0.8470919324577861,4.140337333765295,4.112332775899521,5.632618000779861,1.0,1.379393361983963,0.5465256959928944,1.2670997780453068
mango_instrument,inst18044,18044,GC-D,0.2,1,13,0.01542210578918457,1066,0.7120075046904315,3.2079705519436716,3.1862723689910517,4.913003934919212,1.0,1.379393361983963,0.5465256959928944,1.2670997780453068
mango_instrument,inst18044,18044,GC-D+,0.05,1,13,0.016584157943725586,1066,0.9821763602251408,6.060664098464419,6.019670767542729,6.320575903051443,1.0,1.379393361983963,0.5465256959928944,1.2670997780453068
mango_instrument,inst18044,18044,GC-D+,0.1,1,13,0.019212007522583008,1066,0.8883677298311444,4.5742443164520825,4.543304883423864,5.498601448297217,1.0,1.379393361983963,0.5465256959928944,1.2670997780453068
mango_instrument,inst18044,18044,GC-D+,0.2,1,13,0.023199081420898438,1066,0.7514071294559099,3.4164391303944694,3.3933309004099774,4.851791682740637,1.0,1.379393361983963,0.5465256959928944,1.2670997780453068
mango_instrument,inst18044,18044,HJ+,0.05,1,13,0.38057684898376465,1066,0.9934333958724203,6.697032686842584,6.695689851320771,6.799552091135992,1.0,1.379393361983963,0.5465256959928944,1.2670997780453068
mango_instrument,inst18044,18044,HJ+,0.1,1,13,0.3656637668609619,1066,0.926829268292683,4.940655086789539,4.939884839596315,5.495480379277403,1.0,1.379393361983963,0.5465256959928944,1.2670997780453068
mango_instrument,inst18044,18044,HJ+,0.2,1,13,0.3631412982940674,1066,0.7823639774859287,3.621953921105544,3.620399600351429,4.788093286045349,1.0,1.379393361983963,0.5465256959928944,1.2670997780453068
mango_instrument,inst18044,18044,HJ+-D,0.05,1,13,0.31333351135253906,1066,0.9831144465290806,6.136879338995921,6.096960385815896,6.368926785544151,1.0,1.379393361983963,0.5465256959928944,1.2670997780453068
mango_instrument,inst18044,18044,HJ+-D,0.1,1,13,0.36998915672302246,1066,0.8911819887429644,4.623417244290483,4.594976764227618,5.548693793132896,1.0,1.379393361983963,0.5465256959928944,1.2670997780453068
mango_instrument,inst18044,18044,HJ+-D,0.2,1,13,0.3840601444244385,1066,0.7392120075046904,3.4555595497768556,3.430066607756772,4.9222043599426195,1.0,1.379393361983963,0.5465256959928944,1.2670997780453068
mango_instrument,inst18044,18044,HCP-D,0.05,1,13,0.23552989959716797,1066,1.0,inf,inf,inf,0.0,1.379393361983963,0.5465256959928944,1.2670997780453068
mango_instrument,inst18044,18044,HCP-D,0.1,1,13,0.2658092975616455,1066,1.0,14.595988793880098,14.556199598703152,14.595988793880098,1.0,1.379393361983963,0.5465256959928944,1.2670997780453068
mango_instrument,inst18044,18044,HCP-D,0.2,1,13,0.23035526275634766,1066,0.9971857410881801,10.467847123568406,10.439311392405283,10.47156305514337,1.0,1.379393361983963,0.5465256959928944,1.2670997780453068
mango_instrument,inst18044,18044,HCP-A,0.05,1,13,0.21547770500183105,1066,1.0,inf,inf,inf,0.0,1.379393361983963,0.5465256959928944,1.2670997780453068
mango_instrument,inst18044,18044,HCP-A,0.1,1,13,0.23056674003601074,1066,1.0,47.71702490594303,47.71702490594302,47.71702490594303,1.0,1.379393361983963,0.5465256959928944,1.2670997780453068
mango_instrument,inst18044,18044,HCP-A,0.2,1,13,0.20876407623291016,1066,0.9587242026266416,7.209879494821855,7.209879494821855,7.414354998380639,1.0,1.379393361983963,0.5465256959928944,1.2670997780453068
mango_instrument,inst18044,18044,ORACLE,0.05,1,13,0.0008418560028076172,1066,0.9540337711069419,5.227080565124724,5.184145557010204,5.9193410025712305,1.0,1.379393361983963,0.5465256959928944,1.2670997780453068
mango_instrument,inst18044,18044,ORACLE,0.1,1,13,0.0007081031799316406,1066,0.9015009380863039,4.543931738285561,4.569893098037234,5.369837658776353,1.0,1.379393361983963,0.5465256959928944,1.2670997780453068
mango_instrument,inst18044,18044,ORACLE,0.2,1,13,0.0006432533264160156,1066,0.8039399624765479,3.63416444657081,3.602079095929385,4.705700130633453,1.0,1.379393361983963,0.5465256959928944,1.2670997780453068
mango_instrument,inst30004,30004,ASTM-R,0.05,1,14,3.4127299785614014,2864,0.5460893854748603,4.5906055473435465,4.590584820095615,19.900093527473512,1.0,2.4237546562703582,2.1579483607893035,1.103753088271816
mango_instrument,inst30004,30004,ASTM-R,0.1,1,14,0.0010745525360107422,2864,0.42562849162011174,3.85254163363309,3.852524238850468,15.318639942856338,1.0,2.4237546562703582,2.1579483607893035,1.103753088271816
mango_instrument,inst30004,30004,ASTM-R,0.2,1,14,0.00099945068359375,2864,0.29329608938547486,3.00161151441964,3.0015979617095665,11.469236879378565,1.0,2.4237546562703582,2.1579483607893035,1.103753088271816
mango_instrument,inst30004,30004,ASTM-G,0.05,1,14,0.001798391342163086,2864,0.7269553072625698,5.6795286110663215,5.67950296717328,13.16122593333053,1.0,2.4237546562703582,2.1579483607893035,1.103753088271816
mango_instrument,inst30004,30004,ASTM-G,0.1,1,14,0.0015447139739990234,2864,0.5806564245810056,4.7663908841405505,4.766369363196404,11.651457736733278,1.0,2.4237546562703582,2.1579483607893035,1.103753088271816
mango_instrument,inst30004,30004,ASTM-G,0.2,1,14,0.0009381771087646484,2864,0.39629888268156427,3.7136143150695013,3.713597547563814,9.855738891564659,1.0,2.4237546562703582,2.1579483607893035,1.103753088271816
mango_instrument,inst30004,30004,GPR,0.05,1,14,14.254844665527344,2864,0.9986033519553073,8.401040422745991,8.196921054084656,8.422265119457606,1.0,2.4237546562703582,2.1579483607893035,1.103753088271816
mango_instrument,inst30004,30004,GPR,0.1,1,14,0.00016832351684570312,2864,0.9860335195530726,7.05037537348548,6.879072999298009,7.131234204310646,1.0,2.4237546562703582,2.1579483607893035,1.103753088271816
mango_instrument,inst30004,30004,GPR,0.2,1,14,0.00012755393981933594,2864,0.9231843575418994,5.493145073530596,5.359678592243543,5.808588089087327,1.0,2.4237546562703582,2.1579483607893035,1.103753088271816
mango_instrument,inst30004,30004,BAG,0.05,1,14,16.7333767414093,2864,0.6152234636871509,4.698765370630343,4.691855414918407,16.831814174850745,1.0,2.4237546562703582,2.1579483607893035,1.103753088271816
mango_instrument,inst30004,30004,BAG,0.1,1,14,0.00016498565673828125,2864,0.48428770949720673,3.9433282055379277,3.9375291879006094,13.392875710734996,1.0,2.4237546562703582,2.1579483607893035,1.103753088271816
mango_instrument,inst30004,30004,BAG,0.2,1,14,0.00011205673217773438,2864,0.3502094972067039,3.072357535320318,3.0678393581342434,10.336681820295738,1.0,2.4237546562703582,2.1579483607893035,1.103753088271816
mango_instrument,inst30004,30004,QGB,0.05,1,14,4.359753131866455,2864,0.909217877094972,4.642885076230263,4.625698219498731,6.520907534371974,1.0,2.4237546562703582,2.1579483607893035,1.103753088271816
mango_instrument,inst30004,30004,QGB,0.1,1,14,4.169768333435059,2864,0.8292597765363129,3.7364283731038928,3.6886066953154106,5.800526669072034,1.0,2.4237546562703582,2.1579483607893035,1.103753088271816
mango_instrument,inst30004,30004,QGB,0.2,1,14,4.159244537353516,2864,0.7203212290502793,2.85750365037069,2.81941011687627,4.719190711831949,1.0,2.4237546562703582,2.1579483607893035,1.103753088271816
mango_instrument,inst30004,30004,SCP,0.05,1,14,0.0005037784576416016,2864,0.5652932960893855,4.677643858094008,4.677643858094008,18.87431024450599,1.0,2.4237546562703582,2.1579483607893035,1.103753088271816
mango_instrument,inst30004,30004,SCP,0.1,1,14,0.0002951622009277344,2864,0.42213687150837986,3.8270905615578177,3.8270905615578172,15.248507685741505,1.0,2.4237546562703582,2.1579483607893035,1.103753088271816
mango_instrument,inst30004,30004,SCP,0.2,1,14,0.0002720355987548828,2864,0.28631284916201116,2.9270207128389245,2.9270207128389245,11.558221868962681,1.0,2.4237546562703582,2.1579483607893035,1.103753088271816
mango_instrument,inst30004,30004,NCP-kNN,0.05,1,14,7.7372705936431885,2864,0.9200418994413407,7.532974343429641,7.630123053861393,9.783850948598925,1.0,2.4237546562703582,2.1579483607893035,1.103753088271816
mango_instrument,inst30004,30004,NCP-kNN,0.1,1,14,0.0003364086151123047,2864,0.806913407821229,6.215866838153681,6.296029522906327,8.732950207123237,1.0,2.4237546562703582,2.1579483607893035,1.103753088271816
mango_instrument,inst30004,30004,NCP-kNN,0.2,1,14,0.0002613067626953125,2864,0.6243016759776536,4.944112349098925,5.007873901580993,7.867354223018342,1.0,2.4237546562703582,2.1579483607893035,1.103753088271816
mango_instrument,inst30004,30004,CV+,0.05,1,14,0.1298213005065918,2864,0.5544692737430168,4.603000263107479,4.600878027603055,19.44174884711019,1.0,2.4237546562703582,2.1579483607893035,1.103753088271816
mango_instrument,inst30004,30004,CV+,0.1,1,14,0.1224069595336914,2864,0.42213687150837986,3.8043457213485943,3.8038560419648233,15.364188445336174,1.0,2.4237546562703582,2.1579483607893035,1.103753088271816
mango_instrument,inst30004,30004,CV+,0.2,1,14,0.13191676139831543,2864,0.285963687150838,2.9194668637774868,2.919329114416179,11.55413370217264,1.0,2.4237546562703582,2.1579483607893035,1.103753088271816
mango_instrument,inst30004,30004,CQR,0.05,1,14,0.0003647804260253906,2864,0.94518156424581,5.193152303629288,5.175965446897757,6.284501485242881,1.0,2.4237546562703582,2.1579483607893035,1.103753088271816
mango_instrument,inst30004,30004,CQR,0.1,1,14,0.00034427642822265625,2864,0.8756983240223464,4.177677456363243,4.129855778574761,5.582827470273226,1.0,2.4237546562703582,2.1579483607893035,1.103753088271816
mango_instrument,inst30004,30004,CQR,0.2,1,14,0.000286102294921875,2864,0.7618715083798883,3.1440912351853227,3.105997701690903,4.637181869630613,1.0,2.4237546562703582,2.1579483607893035,1.103753088271816
mango_instrument,inst30004,30004,WCP,0.05,1,14,0.026099443435668945,2864,1.0,inf,inf,inf,0.0,2.4237546562703582,2.1579483607893035,1.103753088271816
mango_instrument,inst30004,30004,WCP,0.1,1,14,0.003973484039306641,2864,1.0,inf,inf,inf,0.0,2.4237546562703582,2.1579483607893035,1.103753088271816
mango_instrument,inst30004,30004,WCP,0.2,1,14,0.0037200450897216797,2864,1.0,inf,inf,inf,0.0,2.4237546562703582,2.1579483607893035,1.103753088271816
mango_instrument,inst30004,30004,R-U-A,0.05,1,14,0.0031223297119140625,2864,0.5467877094972067,4.592916156911855,4.592916156911855,19.88036958706747,1.0,2.4237546562703582,2.1579483607893035,1.103753088271816
mango_instrument,inst30004,30004,R-U-A,0.1,1,14,0.0029218196868896484,2864,0.4134078212290503,3.7940730310819575,3.7940730310819575,15.599451619609056,1.0,2.4237546562703582,2.1579483607893035,1.103753088271816
mango_instrument,inst30004,30004,R-U-A,0.2,1,14,0.002577543258666992,2864,0.2817737430167598,2.9093334331890826,2.909333433189083,11.70600253167523,1.0,2.4237546562703582,2.1579483607893035,1.103753088271816
mango_instrument,inst30004,30004,R-U-D,0.05,1,14,0.10650086402893066,2864,0.763268156424581,6.037710920022644,6.049500637219126,12.026338496274839,1.0,2.4237546562703582,2.1579483607893035,1.103753088271816
mango_instrument,inst30004,30004,R-U-D,0.1,1,14,0.004875659942626953,2864,0.6148743016759777,4.994822648497908,5.004575938652476,11.140968622322108,1.0,2.4237546562703582,2.1579483607893035,1.103753088271816
mango_instrument,inst30004,30004,R-U-D,0.2,1,14,0.0045201778411865234,2864,0.42562849162011174,3.8575504542961183,3.8650830158131804,9.641781926047447,1.0,2.4237546562703582,2.1579483607893035,1.103753088271816
mango_instrument,inst30004,30004,G-U-A,0.05,1,14,0.003292560577392578,2864,0.6944832402234636,5.468043852275045,5.468043852275045,14.169699448775503,1.0,2.4237546562703582,2.1579483607893035,1.103753088271816
mango_instrument,inst30004,30004,G-U-A,0.1,1,14,0.002791881561279297,2864,0.5206005586592178,4.443398119939116,4.443398119939117,12.781678547310078,1.0,2.4237546562703582,2.1579483607893035,1.103753088271816
mango_instrument,inst30004,30004,G-U-A,0.2,1,14,0.002575397491455078,2864,0.34252793296089384,3.332516166069787,3.3325161660697873,10.673200189047643,1.0,2.4237546562703582,2.1579483607893035,1.103753088271816
mango_instrument,inst30004,30004,G-W-A,0.05,1,14,0.013411760330200195,2864,0.7238128491620112,5.652550220900771,5.652550220900771,13.28110910164114,1.0,2.4237546562703582,2.1579483607893035,1.103753088271816
mango_instrument,inst30004,30004,G-W-A,0.1,1,14,0.011990547180175781,2864,0.5572625698324022,4.654742595044304,4.654742595044304,12.020893363975132,1.0,2.4237546562703582,2.1579483607893035,1.103753088271816
mango_instrument,inst30004,30004,G-W-A,0.2,1,14,0.012046337127685547,2864,0.3777932960893855,3.5698073149860075,3.569807314986008,10.1517365305261,1.0,2.4237546562703582,2.1579483607893035,1.103753088271816
mango_instrument,inst30004,30004,G-U-D,0.05,1,14,0.09746336936950684,2864,0.9409916201117319,7.943537677213463,7.9591488360028,9.03181923665523,1.0,2.4237546562703582,2.1579483607893035,1.103753088271816
mango_instrument,inst30004,30004,G-U-D,0.1,1,14,0.004449129104614258,2864,0.8222765363128491,6.543568288259142,6.5564281358167245,8.585931694486403,1.0,2.4237546562703582,2.1579483607893035,1.103753088271816
mango_instrument,inst30004,30004,G-U-D,0.2,1,14,0.00418543815612793,2864,0.602304469273743,4.9411482968872855,4.9508589640734755,8.171480943984378,1.0,2.4237546562703582,2.1579483607893035,1.103753088271816
mango_instrument,inst30004,30004,GC-D,0.05,1,14,0.013477563858032227,2864,0.9504189944134078,8.167605582014053,8.183657093676828,9.017349074062995,1.0,2.4237546562703582,2.1579483607893035,1.103753088271816
mango_instrument,inst30004,30004,GC-D,0.1,1,14,0.013293266296386719,2864,0.8509078212290503,6.802010944025074,6.815378699960643,8.430902908479583,1.0,2.4237546562703582,2.1579483607893035,1.103753088271816
mango_instrument,inst30004,30004,GC-D,0.2,1,14,0.01329493522644043,2864,0.6550279329608939,5.262392805677987,5.272734803543365,7.9084968725802085,1.0,2.4237546562703582,2.1579483607893035,1.103753088271816
mango_instrument,inst30004,30004,GC-D+,0.05,1,14,0.013357877731323242,2864,0.9930167597765364,9.796253147294317,9.815505383468846,9.90958879850062,1.0,2.4237546562703582,2.1579483607893035,1.103753088271816
mango_instrument,inst30004,30004,GC-D+,0.1,1,14,0.013053655624389648,2864,0.9144553072625698,7.499817017914439,7.514556147898489,8.35956919847358,1.0,2.4237546562703582,2.1579483607893035,1.103753088271816
mango_instrument,inst30004,30004,GC-D+,0.2,1,14,0.014383077621459961,2864,0.7049581005586593,5.61333392010062,5.624365610353141,7.7078169836707175,1.0,2.4237546562703582,2.1579483607893035,1.103753088271816
mango_instrument,inst30004,30004,HJ+,0.05,1,14,0.6212418079376221,2864,0.9800977653631285,7.761467651172534,7.696574646017597,8.060615838121137,1.0,2.4237546562703582,2.1579483607893035,1.103753088271816
mango_instrument,inst30004,30004,HJ+,0.1,1,14,0.6451852321624756,2864,0.8736033519553073,5.610033583842145,5.551668885214171,7.1037572965133675,1.0,2.4237546562703582,2.1579483607893035,1.103753088271816
mango_instrument,inst30004,30004,HJ+,0.2,1,14,0.7522447109222412,2864,0.6501396648044693,4.108040012438793,4.072260958322923,6.673649197320888,1.0,2.4237546562703582,2.1579483607893035,1.103753088271816
mango_instrument,inst30004,30004,HJ+-D,0.05,1,14,0.5539593696594238,2864,0.9993016759776536,10.351456833545264,10.364159283392482,10.363199091199286,1.0,2.4237546562703582,2.1579483607893035,1.103753088271816
mango_instrument,inst30004,30004,HJ+-D,0.1,1,14,0.6197891235351562,2864,0.9731145251396648,7.8723807816917155,7.8882376131070036,8.067110204692913,1.0,2.4237546562703582,2.1579483607893035,1.103753088271816
mango_instrument,inst30004,30004,HJ+-D,0.2,1,14,0.7125253677368164,2864,0.8701117318435754,5.85075205060925,5.861043855898953,6.5881591924964376,1.0,2.4237546562703582,2.1579483607893035,1.103753088271816
mango_instrument,inst30004,30004,HCP-D,0.05,1,14,0.1974196434020996,2864,1.0,inf,inf,inf,0.0,2.4237546562703582,2.1579483607893035,1.103753088271816
mango_instrument,inst30004,30004,HCP-D,0.1,1,14,0.19596123695373535,2864,0.0,18.563417126244527,18.53904143532363,338.2260513426206,1.0,2.4237546562703582,2.1579483607893035,1.103753088271816
mango_instrument,inst30004,30004,HCP-D,0.2,1,14,0.2244884967803955,2864,0.0,13.746904080666226,13.728852970641023,197.6607864167458,1.0,2.4237546562703582,2.1579483607893035,1.103753088271816
mango_instrument,inst30004,30004,HCP-A,0.05,1,14,0.18932390213012695,2864,1.0,inf,inf,inf,0.0,2.4237546562703582,2.1579483607893035,1.103753088271816
mango_instrument,inst30004,30004,HCP-A,0.1,1,14,0.17275762557983398,2864,0.0,8.653357724056264,8.653357724056264,427.4165859623151,1.0,2.4237546562703582,2.1579483607893035,1.103753088271816
mango_instrument,inst30004,30004,HCP-A,0.2,1,14,0.17203521728515625,2864,0.0,6.652300822687521,6.652300822687522,226.0391994486606,1.0,2.4237546562703582,2.1579483607893035,1.103753088271816
mango_instrument,inst30004,30004,ORACLE,0.05,1,14,0.0018138885498046875,2864,0.950768156424581,8.022910107864863,8.16688561679956,8.943822337621844,1.0,2.4237546562703582,2.1579483607893035,1.103753088271816
mango_instrument,inst30004,30004,ORACLE,0.1,1,14,0.0016641616821289062,2864,0.901536312849162,7.168307638322313,7.195685844425077,8.23384087551032,1.0,2.4237546562703582,2.1579483607893035,1.103753088271816
mango_instrument,inst30004,30004,ORACLE,0.2,1,14,0.0015840530395507812,2864,0.8009776536312849,6.221311673995987,6.214838885041125,7.449083215902195,1.0,2.4237546562703582,2.1579483607893035,1.103753088271816
