task,fold,group,method,alpha,seed,A,time_s,n,coverage,width_mean,width_median,interval_score,finite_frac,rmse,bias,sep
corn_starch,m5_rep0,m5_rep0,ASTM-R,0.05,2,5,0.013945341110229492,20,0.1,1.4648543493199324,1.4553078030395632,18.667174806783333,1.0,1.2049290668552126,-1.1582550221042982,0.3407412352392402
corn_starch,m5_rep0,m5_rep0,ASTM-R,0.1,2,5,0.00015878677368164062,20,0.0,1.2262601274516167,1.2182685144534204,12.128759295021434,1.0,1.2049290668552126,-1.1582550221042982,0.3407412352392402
corn_starch,m5_rep0,m5_rep0,ASTM-R,0.2,2,5,0.00011205673217773438,20,0.0,0.9531734506539667,0.9469615603973551,7.769856418427118,1.0,1.2049290668552126,-1.1582550221042982,0.3407412352392402
corn_starch,m5_rep0,m5_rep0,ASTM-G,0.05,2,5,0.00012040138244628906,20,0.4,1.937266798712427,1.9246415113178692,11.588317671637169,1.0,1.2049290668552126,-1.1582550221042982,0.3407412352392402
corn_starch,m5_rep0,m5_rep0,ASTM-G,0.1,2,5,9.942054748535156e-05,20,0.15,1.6217264416764532,1.6111575502800157,8.856148913337808,1.0,1.2049290668552126,-1.1582550221042982,0.3407412352392402
corn_starch,m5_rep0,m5_rep0,ASTM-G,0.2,2,5,9.5367431640625e-05,20,0.0,1.2605698854793075,1.252354673668691,6.540270679125752,1.0,1.2049290668552126,-1.1582550221042982,0.3407412352392402
corn_starch,m5_rep0,m5_rep0,GPR,0.05,2,5,0.06352567672729492,20,0.25,1.5111931316390663,1.3692081234772004,16.07924914783532,1.0,1.2049290668552126,-1.1582550221042982,0.3407412352392402
corn_starch,m5_rep0,m5_rep0,GPR,0.1,2,5,0.00015306472778320312,20,0.05,1.2682332549003383,1.1490756798173578,10.573868556735357,1.0,1.2049290668552126,-1.1582550221042982,0.3407412352392402
corn_starch,m5_rep0,m5_rep0,GPR,0.2,2,5,8.893013000488281e-05,20,0.05,0.9881160771159646,0.8952770704153465,6.9204396463504025,1.0,1.2049290668552126,-1.1582550221042982,0.3407412352392402
corn_starch,m5_rep0,m5_rep0,BAG,0.05,2,5,0.031369924545288086,20,0.4,2.304796960618453,2.3166279437520103,13.94364810916476,1.0,1.2049290668552126,-1.1582550221042982,0.3407412352392402
corn_starch,m5_rep0,m5_rep0,BAG,0.1,2,5,0.0001385211944580078,20,0.15,1.934246583081801,1.9441754571178222,10.315920833098046,1.0,1.2049290668552126,-1.1582550221042982,0.3407412352392402
corn_starch,m5_rep0,m5_rep0,BAG,0.2,2,5,8.440017700195312e-05,20,0.0,1.507025729269288,1.5147615933343204,7.700065769807173,1.0,1.2049290668552126,-1.1582550221042982,0.3407412352392402
corn_starch,m5_rep0,m5_rep0,QGB,0.05,2,5,0.04875040054321289,20,0.6,1.629610390742154,1.6780201854079309,7.563768381941455,1.0,1.2049290668552126,-1.1582550221042982,0.3407412352392402
corn_starch,m5_rep0,m5_rep0,QGB,0.1,2,5,0.027694225311279297,20,0.6,1.4410072135309442,1.494821545841404,5.014160003893558,1.0,1.2049290668552126,-1.1582550221042982,0.3407412352392402
corn_starch,m5_rep0,m5_rep0,QGB,0.2,2,5,0.027503252029418945,20,0.45,1.1575336852118063,1.1955454955824436,3.4485157375211317,1.0,1.2049290668552126,-1.1582550221042982,0.3407412352392402
corn_starch,m5_rep0,m5_rep0,SCP,0.05,2,5,2.956390380859375e-05,20,0.0,1.7366564935526008,1.7366564935526014,19.69216738847635,1.0,1.2049290668552126,-1.1582550221042982,0.3407412352392402
corn_starch,m5_rep0,m5_rep0,SCP,0.1,2,5,1.0967254638671875e-05,20,0.0,1.4329682563523545,1.4329682563523534,13.447606075816674,1.0,1.2049290668552126,-1.1582550221042982,0.3407412352392402
corn_starch,m5_rep0,m5_rep0,SCP,0.2,2,5,9.298324584960938e-06,20,0.0,1.1229107438177839,1.1229107438177834,8.6805172162228,1.0,1.2049290668552126,-1.1582550221042982,0.3407412352392402
corn_starch,m5_rep0,m5_rep0,NCP-kNN,0.05,2,5,0.0076045989990234375,20,0.2,1.9446270666068344,1.9686389022255177,16.330116835215286,1.0,1.2049290668552126,-1.1582550221042982,0.3407412352392402
corn_starch,m5_rep0,m5_rep0,NCP-kNN,0.1,2,5,2.5510787963867188e-05,20,0.0,1.6153521754955604,1.63529819577386,11.806150803527846,1.0,1.2049290668552126,-1.1582550221042982,0.3407412352392402
corn_starch,m5_rep0,m5_rep0,NCP-kNN,0.2,2,5,1.4066696166992188e-05,20,0.0,1.255266326537096,1.2707660844125535,8.151094885345557,1.0,1.2049290668552126,-1.1582550221042982,0.3407412352392402
corn_starch,m5_rep0,m5_rep0,CV+,0.05,2,5,0.005338430404663086,20,0.05,1.6471852757635173,1.6385570815157138,17.569261907197426,1.0,1.2049290668552126,-1.1582550221042982,0.3407412352392402
corn_starch,m5_rep0,m5_rep0,CV+,0.1,2,5,0.0048863887786865234,20,0.0,1.404799790031732,1.4063494490167194,12.517740286523948,1.0,1.2049290668552126,-1.1582550221042982,0.3407412352392402
corn_starch,m5_rep0,m5_rep0,CV+,0.2,2,5,0.00463104248046875,20,0.0,1.118500560555137,1.1145175824972888,8.53687127350714,1.0,1.2049290668552126,-1.1582550221042982,0.3407412352392402
corn_starch,m5_rep0,m5_rep0,CQR,0.05,2,5,3.147125244140625e-05,20,0.9,2.844845363775602,2.8932551584413773,3.53980824373802,1.0,1.2049290668552126,-1.1582550221042982,0.3407412352392402
corn_starch,m5_rep0,m5_rep0,CQR,0.1,2,5,1.9788742065429688e-05,20,0.85,2.509277793716868,2.5630921260273283,3.103625757285065,1.0,1.2049290668552126,-1.1582550221042982,0.3407412352392402
corn_starch,m5_rep0,m5_rep0,CQR,0.2,2,5,1.239776611328125e-05,20,0.65,1.9002392143973488,1.938251024767986,2.6416761177135335,1.0,1.2049290668552126,-1.1582550221042982,0.3407412352392402
corn_starch,m5_rep0,m5_rep0,WCP,0.05,2,5,0.00410771369934082,20,1.0,inf,inf,inf,0.0,1.2049290668552126,-1.1582550221042982,0.3407412352392402
corn_starch,m5_rep0,m5_rep0,WCP,0.1,2,5,0.00011134147644042969,20,1.0,inf,inf,inf,0.0,1.2049290668552126,-1.1582550221042982,0.3407412352392402
corn_starch,m5_rep0,m5_rep0,WCP,0.2,2,5,9.083747863769531e-05,20,1.0,inf,inf,inf,0.0,1.2049290668552126,-1.1582550221042982,0.3407412352392402
corn_starch,m5_rep0,m5_rep0,R-U-A,0.05,2,5,5.14984130859375e-05,20,0.05,1.3348076368916388,1.3348076368916395,20.99532006377889,1.0,1.2049290668552126,-1.1582550221042982,0.3407412352392402
corn_starch,m5_rep0,m5_rep0,R-U-A,0.1,2,5,3.719329833984375e-05,20,0.0,1.1590590667685496,1.159059066768549,12.73356884116901,1.0,1.2049290668552126,-1.1582550221042982,0.3407412352392402
corn_starch,m5_rep0,m5_rep0,R-U-A,0.2,2,5,3.8623809814453125e-05,20,0.0,0.9224109022061381,0.9224109022061384,7.892906612218432,1.0,1.2049290668552126,-1.1582550221042982,0.3407412352392402
corn_starch,m5_rep0,m5_rep0,R-U-D,0.05,2,5,0.0032227039337158203,20,0.2,1.706923884962323,1.6913130932828793,15.306741479072514,1.0,1.2049290668552126,-1.1582550221042982,0.3407412352392402
corn_starch,m5_rep0,m5_rep0,R-U-D,0.1,2,5,0.00044465065002441406,20,0.1,1.3160118167490324,1.3039761387085917,11.37008656779853,1.0,1.2049290668552126,-1.1582550221042982,0.3407412352392402
corn_starch,m5_rep0,m5_rep0,R-U-D,0.2,2,5,0.00041222572326660156,20,0.0,1.06069861917844,1.0509979258291153,7.339755744329226,1.0,1.2049290668552126,-1.1582550221042982,0.3407412352392402
corn_starch,m5_rep0,m5_rep0,G-U-A,0.05,2,5,4.291534423828125e-05,20,0.2,1.7396695745315192,1.7396695745315185,14.334687654015124,1.0,1.2049290668552126,-1.1582550221042982,0.3407412352392402
corn_starch,m5_rep0,m5_rep0,G-U-A,0.1,2,5,4.4345855712890625e-05,20,0.15,1.582496002793875,1.5824960027938744,9.166124999789467,1.0,1.2049290668552126,-1.1582550221042982,0.3407412352392402
corn_starch,m5_rep0,m5_rep0,G-U-A,0.2,2,5,3.504753112792969e-05,20,0.0,1.240256642511553,1.2402566425115538,6.621523650996774,1.0,1.2049290668552126,-1.1582550221042982,0.3407412352392402
corn_starch,m5_rep0,m5_rep0,G-W-A,0.05,2,5,0.00011730194091796875,20,0.2,1.7396695745315192,1.7396695745315185,14.334687654015124,1.0,1.2049290668552126,-1.1582550221042982,0.3407412352392402
corn_starch,m5_rep0,m5_rep0,G-W-A,0.1,2,5,7.43865966796875e-05,20,0.15,1.582496002793875,1.5824960027938744,9.166124999789467,1.0,1.2049290668552126,-1.1582550221042982,0.3407412352392402
corn_starch,m5_rep0,m5_rep0,G-W-A,0.2,2,5,7.82012939453125e-05,20,0.0,1.240256642511553,1.2402566425115538,6.621523650996774,1.0,1.2049290668552126,-1.1582550221042982,0.3407412352392402
corn_starch,m5_rep0,m5_rep0,G-U-D,0.05,2,5,0.004049062728881836,20,0.05,1.5127051308461206,1.491772839204284,17.834636619460817,1.0,1.2049290668552126,-1.1582550221042982,0.3407412352392402
corn_starch,m5_rep0,m5_rep0,G-U-D,0.1,2,5,0.0003795623779296875,20,0.05,1.4131396891640577,1.3935851497491747,10.5144244462159,1.0,1.2049290668552126,-1.1582550221042982,0.3407412352392402
corn_starch,m5_rep0,m5_rep0,G-U-D,0.2,2,5,0.00037407875061035156,20,0.0,1.202158565292978,1.1855235098711958,6.773915959871074,1.0,1.2049290668552126,-1.1582550221042982,0.3407412352392402
corn_starch,m5_rep0,m5_rep0,GC-D,0.05,2,5,0.0004189014434814453,20,0.05,1.5127051308461206,1.491772839204284,17.834636619460817,1.0,1.2049290668552126,-1.1582550221042982,0.3407412352392402
corn_starch,m5_rep0,m5_rep0,GC-D,0.1,2,5,0.00039768218994140625,20,0.05,1.4131396891640577,1.3935851497491747,10.5144244462159,1.0,1.2049290668552126,-1.1582550221042982,0.3407412352392402
corn_starch,m5_rep0,m5_rep0,GC-D,0.2,2,5,0.0004744529724121094,20,0.0,1.202158565292978,1.1855235098711958,6.773915959871074,1.0,1.2049290668552126,-1.1582550221042982,0.3407412352392402
corn_starch,m5_rep0,m5_rep0,GC-D+,0.05,2,5,0.00039196014404296875,20,1.0,inf,inf,inf,0.0,1.2049290668552126,-1.1582550221042982,0.3407412352392402
corn_starch,m5_rep0,m5_rep0,GC-D+,0.1,2,5,0.0004239082336425781,20,1.0,inf,inf,inf,0.0,1.2049290668552126,-1.1582550221042982,0.3407412352392402
corn_starch,m5_rep0,m5_rep0,GC-D+,0.2,2,5,0.0004248619079589844,20,1.0,inf,inf,inf,0.0,1.2049290668552126,-1.1582550221042982,0.3407412352392402
corn_starch,m5_rep0,m5_rep0,HJ+,0.05,2,5,0.0016646385192871094,20,1.0,inf,inf,inf,0.0,1.2049290668552126,-1.1582550221042982,0.3407412352392402
corn_starch,m5_rep0,m5_rep0,HJ+,0.1,2,5,0.0007696151733398438,20,1.0,inf,inf,inf,0.0,1.2049290668552126,-1.1582550221042982,0.3407412352392402
corn_starch,m5_rep0,m5_rep0,HJ+,0.2,2,5,0.0007474422454833984,20,1.0,inf,inf,inf,0.0,1.2049290668552126,-1.1582550221042982,0.3407412352392402
corn_starch,m5_rep0,m5_rep0,HJ+-D,0.05,2,5,0.0036809444427490234,20,1.0,inf,inf,inf,0.0,1.2049290668552126,-1.1582550221042982,0.3407412352392402
corn_starch,m5_rep0,m5_rep0,HJ+-D,0.1,2,5,0.003816366195678711,20,1.0,inf,inf,inf,0.0,1.2049290668552126,-1.1582550221042982,0.3407412352392402
corn_starch,m5_rep0,m5_rep0,HJ+-D,0.2,2,5,0.0036535263061523438,20,1.0,inf,inf,inf,0.0,1.2049290668552126,-1.1582550221042982,0.3407412352392402
corn_starch,m5_rep0,m5_rep0,HCP-D,0.05,2,5,0.0004286766052246094,20,1.0,inf,inf,inf,0.0,1.2049290668552126,-1.1582550221042982,0.3407412352392402
corn_starch,m5_rep0,m5_rep0,HCP-D,0.1,2,5,0.0002849102020263672,20,1.0,inf,inf,inf,0.0,1.2049290668552126,-1.1582550221042982,0.3407412352392402
corn_starch,m5_rep0,m5_rep0,HCP-D,0.2,2,5,0.00028824806213378906,20,1.0,inf,inf,inf,0.0,1.2049290668552126,-1.1582550221042982,0.3407412352392402
corn_starch,m5_rep0,m5_rep0,HCP-A,0.05,2,5,0.0002562999725341797,20,1.0,inf,inf,inf,0.0,1.2049290668552126,-1.1582550221042982,0.3407412352392402
corn_starch,m5_rep0,m5_rep0,HCP-A,0.1,2,5,0.0002868175506591797,20,1.0,inf,inf,inf,0.0,1.2049290668552126,-1.1582550221042982,0.3407412352392402
corn_starch,m5_rep0,m5_rep0,HCP-A,0.2,2,5,0.0002639293670654297,20,1.0,inf,inf,inf,0.0,1.2049290668552126,-1.1582550221042982,0.3407412352392402
corn_starch,m5_rep0,m5_rep0,ORACLE,0.05,2,5,0.00018668174743652344,20,1.0,inf,inf,inf,0.0,1.2049290668552126,-1.1582550221042982,0.3407412352392402
corn_starch,m5_rep0,m5_rep0,ORACLE,0.1,2,5,0.00017571449279785156,20,0.8,3.296747257678996,3.296747257678998,3.9983993615893296,1.0,1.2049290668552126,-1.1582550221042982,0.3407412352392402
corn_starch,m5_rep0,m5_rep0,ORACLE,0.2,2,5,0.00023984909057617188,20,0.8,3.06021310945296,3.0602131094529597,3.4325317068453103,1.0,1.2049290668552126,-1.1582550221042982,0.3407412352392402
corn_starch,m5_rep1,m5_rep1,ASTM-R,0.05,2,5,0.02093791961669922,20,0.15,1.546984281263644,1.523649735692313,13.35999476833889,1.0,1.0890339089588317,-1.048032759782609,0.30370031850077983
corn_starch,m5_rep1,m5_rep1,ASTM-R,0.1,2,5,0.0002052783966064453,20,0.1,1.2950128064190838,1.2754789716459491,9.463857236019624,1.0,1.0890339089588317,-1.048032759782609,0.30370031850077983
corn_starch,m5_rep1,m5_rep1,ASTM-R,0.2,2,5,0.00021147727966308594,20,0.0,1.006614989513519,0.9914313165893169,6.453867639772021,1.0,1.0890339089588317,-1.048032759782609,0.30370031850077983
corn_starch,m5_rep1,m5_rep1,ASTM-G,0.05,2,5,0.00020933151245117188,20,0.5,2.0607394174078424,2.029655444268272,7.20979198771158,1.0,1.0890339089588317,-1.048032759782609,0.30370031850077983
corn_starch,m5_rep1,m5_rep1,ASTM-G,0.1,2,5,0.00016736984252929688,20,0.3,1.7250879459847273,1.6990669037688058,6.299032260896142,1.0,1.0890339089588317,-1.048032759782609,0.30370031850077983
corn_starch,m5_rep1,m5_rep1,ASTM-G,0.2,2,5,0.0001842975616455078,20,0.1,1.3409129053009206,1.32068671834163,5.218314764975847,1.0,1.0890339089588317,-1.048032759782609,0.30370031850077983
corn_starch,m5_rep1,m5_rep1,GPR,0.05,2,5,0.060075998306274414,20,0.3,1.6234386400623013,1.280728898906105,16.159216782866025,1.0,1.0890339089588317,-1.048032759782609,0.30370031850077983
corn_starch,m5_rep1,m5_rep1,GPR,0.1,2,5,0.00010013580322265625,20,0.3,1.3624326550399815,1.0748215738268492,9.99754563870568,1.0,1.0890339089588317,-1.048032759782609,0.30370031850077983
corn_starch,m5_rep1,m5_rep1,GPR,0.2,2,5,9.107589721679688e-05,20,0.25,1.0615094701475738,0.8374236151163288,6.2097875032091965,1.0,1.0890339089588317,-1.048032759782609,0.30370031850077983
corn_starch,m5_rep1,m5_rep1,BAG,0.05,2,5,0.03512263298034668,20,0.1,1.7707104958597308,1.7569978673911102,17.55955856707952,1.0,1.0890339089588317,-1.048032759782609,0.30370031850077983
corn_starch,m5_rep1,m5_rep1,BAG,0.1,2,5,0.00010132789611816406,20,0.0,1.4860270925230359,1.474519091942632,12.077294455127554,1.0,1.0890339089588317,-1.048032759782609,0.30370031850077983
corn_starch,m5_rep1,m5_rep1,BAG,0.2,2,5,8.535385131835938e-05,20,0.0,1.1578053607081071,1.148839154889881,8.094547701085007,1.0,1.0890339089588317,-1.048032759782609,0.30370031850077983
corn_starch,m5_rep1,m5_rep1,QGB,0.05,2,5,0.03155922889709473,20,0.85,2.072821167343228,2.062450801113073,3.0518516015232318,1.0,1.0890339089588317,-1.048032759782609,0.30370031850077983
corn_starch,m5_rep1,m5_rep1,QGB,0.1,2,5,0.02760767936706543,20,0.8,1.7310894462591508,1.7015358546481494,2.581080284229731,1.0,1.0890339089588317,-1.048032759782609,0.30370031850077983
corn_starch,m5_rep1,m5_rep1,QGB,0.2,2,5,0.028075456619262695,20,0.75,1.1670670003109103,1.0910553056475436,2.1420842591200846,1.0,1.0890339089588317,-1.048032759782609,0.30370031850077983
corn_starch,m5_rep1,m5_rep1,SCP,0.05,2,5,3.0994415283203125e-05,20,0.4,1.7217995171533853,1.7217995171533858,8.114856654590085,1.0,1.0890339089588317,-1.048032759782609,0.30370031850077983
corn_starch,m5_rep1,m5_rep1,SCP,0.1,2,5,1.0728836059570312e-05,20,0.1,1.1106378875434753,1.1106378875434757,9.115569442041497,1.0,1.0890339089588317,-1.048032759782609,0.30370031850077983
corn_starch,m5_rep1,m5_rep1,SCP,0.2,2,5,1.1205673217773438e-05,20,0.0,0.7872600191148823,0.787260019114882,6.327607686409029,1.0,1.0890339089588317,-1.048032759782609,0.30370031850077983
corn_starch,m5_rep1,m5_rep1,NCP-kNN,0.05,2,5,0.008872747421264648,20,0.55,1.9236636525258426,1.9108836932683069,6.885702519621726,1.0,1.0890339089588317,-1.048032759782609,0.30370031850077983
corn_starch,m5_rep1,m5_rep1,NCP-kNN,0.1,2,5,1.8835067749023438e-05,20,0.3,1.4867867588048533,1.4769092138519113,6.365717795918675,1.0,1.0890339089588317,-1.048032759782609,0.30370031850077983
corn_starch,m5_rep1,m5_rep1,NCP-kNN,0.2,2,5,1.239776611328125e-05,20,0.1,1.082435685551379,1.0752444679276145,5.229377692207292,1.0,1.0890339089588317,-1.048032759782609,0.30370031850077983
corn_starch,m5_rep1,m5_rep1,CV+,0.05,2,5,0.005887508392333984,20,0.35,1.7053691802304585,1.6841332494214143,11.67449235835836,1.0,1.0890339089588317,-1.048032759782609,0.30370031850077983
corn_starch,m5_rep1,m5_rep1,CV+,0.1,2,5,0.00439000129699707,20,0.1,1.3645270840424601,1.365721714761552,9.418504657971214,1.0,1.0890339089588317,-1.048032759782609,0.30370031850077983
corn_starch,m5_rep1,m5_rep1,CV+,0.2,2,5,0.0045413970947265625,20,0.1,1.06903914432097,1.0614346072638305,6.387377076370529,1.0,1.0890339089588317,-1.048032759782609,0.30370031850077983
corn_starch,m5_rep1,m5_rep1,CQR,0.05,2,5,2.47955322265625e-05,20,1.0,2.7651678478573056,2.7547974816271505,2.7651678478573056,1.0,1.0890339089588317,-1.048032759782609,0.30370031850077983
corn_starch,m5_rep1,m5_rep1,CQR,0.1,2,5,1.2636184692382812e-05,20,0.85,2.2224912308650207,2.192937639254019,2.3337828231268705,1.0,1.0890339089588317,-1.048032759782609,0.30370031850077983
corn_starch,m5_rep1,m5_rep1,CQR,0.2,2,5,1.2636184692382812e-05,20,0.8,1.4689357452910223,1.3929240506276557,2.1313043991087164,1.0,1.0890339089588317,-1.048032759782609,0.30370031850077983
corn_starch,m5_rep1,m5_rep1,WCP,0.05,2,5,0.003409147262573242,20,1.0,inf,inf,inf,0.0,1.0890339089588317,-1.048032759782609,0.30370031850077983
corn_starch,m5_rep1,m5_rep1,WCP,0.1,2,5,0.0001270771026611328,20,1.0,inf,inf,inf,0.0,1.0890339089588317,-1.048032759782609,0.30370031850077983
corn_starch,m5_rep1,m5_rep1,WCP,0.2,2,5,7.700920104980469e-05,20,1.0,inf,inf,inf,0.0,1.0890339089588317,-1.048032759782609,0.30370031850077983
corn_starch,m5_rep1,m5_rep1,R-U-A,0.05,2,5,5.173683166503906e-05,20,0.15,1.4991515261853574,1.4991515261853579,14.241083954365294,1.0,1.0890339089588317,-1.048032759782609,0.30370031850077983
corn_starch,m5_rep1,m5_rep1,R-U-A,0.1,2,5,3.4332275390625e-05,20,0.1,1.1518912600868272,1.1518912600868276,10.635345439371116,1.0,1.0890339089588317,-1.048032759782609,0.30370031850077983
corn_starch,m5_rep1,m5_rep1,R-U-A,0.2,2,5,3.266334533691406e-05,20,0.0,0.8559025129532067,0.8559025129532074,7.056717546013267,1.0,1.0890339089588317,-1.048032759782609,0.30370031850077983
corn_starch,m5_rep1,m5_rep1,R-U-D,0.05,2,5,0.0032486915588378906,20,0.1,1.4472284997075018,1.4190962928154818,14.924031915671955,1.0,1.0890339089588317,-1.048032759782609,0.30370031850077983
corn_starch,m5_rep1,m5_rep1,R-U-D,0.1,2,5,0.00037550926208496094,20,0.0,1.1156019028162842,1.0939160781206674,10.920238070305633,1.0,1.0890339089588317,-1.048032759782609,0.30370031850077983
corn_starch,m5_rep1,m5_rep1,R-U-D,0.2,2,5,0.00038552284240722656,20,0.0,0.8068296324225998,0.7911459320597984,7.253009068135687,1.0,1.0890339089588317,-1.048032759782609,0.30370031850077983
corn_starch,m5_rep1,m5_rep1,G-U-A,0.05,2,5,4.029273986816406e-05,20,0.65,2.256120700617941,2.2561207006179416,6.100052373383448,1.0,1.0890339089588317,-1.048032759782609,0.30370031850077983
corn_starch,m5_rep1,m5_rep1,G-U-A,0.1,2,5,3.933906555175781e-05,20,0.1,1.4491885842294887,1.4491885842294892,8.256966846229822,1.0,1.0890339089588317,-1.048032759782609,0.30370031850077983
corn_starch,m5_rep1,m5_rep1,G-U-A,0.2,2,5,3.1948089599609375e-05,20,0.1,1.1529975346960843,1.152997534696084,5.889746388596575,1.0,1.0890339089588317,-1.048032759782609,0.30370031850077983
corn_starch,m5_rep1,m5_rep1,G-W-A,0.05,2,5,9.608268737792969e-05,20,0.65,2.256120700617941,2.2561207006179416,6.100052373383448,1.0,1.0890339089588317,-1.048032759782609,0.30370031850077983
corn_starch,m5_rep1,m5_rep1,G-W-A,0.1,2,5,0.00010538101196289062,20,0.1,1.4491885842294887,1.4491885842294892,8.256966846229822,1.0,1.0890339089588317,-1.048032759782609,0.30370031850077983
corn_starch,m5_rep1,m5_rep1,G-W-A,0.2,2,5,7.581710815429688e-05,20,0.1,1.1529975346960843,1.152997534696084,5.889746388596575,1.0,1.0890339089588317,-1.048032759782609,0.30370031850077983
corn_starch,m5_rep1,m5_rep1,G-U-D,0.05,2,5,0.0035893917083740234,20,0.0,1.170231990080148,1.0571309820629686,19.68690257978151,1.0,1.0890339089588317,-1.048032759782609,0.30370031850077983
corn_starch,m5_rep1,m5_rep1,G-U-D,0.1,2,5,0.0003826618194580078,20,0.0,1.0139398023541606,0.9159441786768916,11.835196974464736,1.0,1.0890339089588317,-1.048032759782609,0.30370031850077983
corn_starch,m5_rep1,m5_rep1,G-U-D,0.2,2,5,0.0003342628479003906,20,0.0,0.8574098050013728,0.7745425495755285,7.050688377820597,1.0,1.0890339089588317,-1.048032759782609,0.30370031850077983
corn_starch,m5_rep1,m5_rep1,GC-D,0.05,2,5,0.00047397613525390625,20,0.0,1.170231990080148,1.0571309820629686,19.68690257978151,1.0,1.0890339089588317,-1.048032759782609,0.30370031850077983
corn_starch,m5_rep1,m5_rep1,GC-D,0.1,2,5,0.0004382133483886719,20,0.0,1.0139398023541606,0.9159441786768916,11.835196974464736,1.0,1.0890339089588317,-1.048032759782609,0.30370031850077983
corn_starch,m5_rep1,m5_rep1,GC-D,0.2,2,5,0.00037670135498046875,20,0.0,0.8574098050013728,0.7745425495755285,7.050688377820597,1.0,1.0890339089588317,-1.048032759782609,0.30370031850077983
corn_starch,m5_rep1,m5_rep1,GC-D+,0.05,2,5,0.0004112720489501953,20,1.0,inf,inf,inf,0.0,1.0890339089588317,-1.048032759782609,0.30370031850077983
corn_starch,m5_rep1,m5_rep1,GC-D+,0.1,2,5,0.0004067420959472656,20,1.0,inf,inf,inf,0.0,1.0890339089588317,-1.048032759782609,0.30370031850077983
corn_starch,m5_rep1,m5_rep1,GC-D+,0.2,2,5,0.00042128562927246094,20,1.0,inf,inf,inf,0.0,1.0890339089588317,-1.048032759782609,0.30370031850077983
corn_starch,m5_rep1,m5_rep1,HJ+,0.05,2,5,0.0016901493072509766,20,1.0,inf,inf,inf,0.0,1.0890339089588317,-1.048032759782609,0.30370031850077983
corn_starch,m5_rep1,m5_rep1,HJ+,0.1,2,5,0.0004124641418457031,20,1.0,inf,inf,inf,0.0,1.0890339089588317,-1.048032759782609,0.30370031850077983
corn_starch,m5_rep1,m5_rep1,HJ+,0.2,2,5,0.00038170814514160156,20,1.0,inf,inf,inf,0.0,1.0890339089588317,-1.048032759782609,0.30370031850077983
corn_starch,m5_rep1,m5_rep1,HJ+-D,0.05,2,5,0.0022325515747070312,20,1.0,inf,inf,inf,0.0,1.0890339089588317,-1.048032759782609,0.30370031850077983
corn_starch,m5_rep1,m5_rep1,HJ+-D,0.1,2,5,0.002091646194458008,20,1.0,inf,inf,inf,0.0,1.0890339089588317,-1.048032759782609,0.30370031850077983
corn_starch,m5_rep1,m5_rep1,HJ+-D,0.2,2,5,0.0021533966064453125,20,1.0,inf,inf,inf,0.0,1.0890339089588317,-1.048032759782609,0.30370031850077983
corn_starch,m5_rep1,m5_rep1,HCP-D,0.05,2,5,0.00026035308837890625,20,1.0,inf,inf,inf,0.0,1.0890339089588317,-1.048032759782609,0.30370031850077983
corn_starch,m5_rep1,m5_rep1,HCP-D,0.1,2,5,0.00017023086547851562,20,1.0,inf,inf,inf,0.0,1.0890339089588317,-1.048032759782609,0.30370031850077983
corn_starch,m5_rep1,m5_rep1,HCP-D,0.2,2,5,0.00014662742614746094,20,1.0,inf,inf,inf,0.0,1.0890339089588317,-1.048032759782609,0.30370031850077983
corn_starch,m5_rep1,m5_rep1,HCP-A,0.05,2,5,0.00014591217041015625,20,1.0,inf,inf,inf,0.0,1.0890339089588317,-1.048032759782609,0.30370031850077983
corn_starch,m5_rep1,m5_rep1,HCP-A,0.1,2,5,0.0001423358917236328,20,1.0,inf,inf,inf,0.0,1.0890339089588317,-1.048032759782609,0.30370031850077983
corn_starch,m5_rep1,m5_rep1,HCP-A,0.2,2,5,0.0001366138458251953,20,1.0,inf,inf,inf,0.0,1.0890339089588317,-1.048032759782609,0.30370031850077983
corn_starch,m5_rep1,m5_rep1,ORACLE,0.05,2,5,0.00011110305786132812,20,1.0,inf,inf,inf,0.0,1.0890339089588317,-1.048032759782609,0.30370031850077983
corn_starch,m5_rep1,m5_rep1,ORACLE,0.1,2,5,0.00010037422180175781,20,0.9,2.9798590111646144,2.9798590111646135,3.043131738252918,1.0,1.0890339089588317,-1.048032759782609,0.30370031850077983
corn_starch,m5_rep1,m5_rep1,ORACLE,0.2,2,5,9.679794311523438e-05,20,0.85,2.843622857652378,2.843622857652381,2.986508891604125,1.0,1.0890339089588317,-1.048032759782609,0.30370031850077983
corn_starch,m5_rep2,m5_rep2,ASTM-R,0.05,2,4,0.013968229293823242,20,0.0,1.986659273043107,1.9712442024264654,24.776839529976947,1.0,1.581721067662815,-1.5630841429448996,0.24838318860520509
corn_starch,m5_rep2,m5_rep2,ASTM-R,0.1,2,4,0.00012087821960449219,20,0.0,1.6631105447858097,1.6502059834254261,16.293687955825703,1.0,1.581721067662815,-1.5630841429448996,0.24838318860520509
corn_starch,m5_rep2,m5_rep2,ASTM-R,0.2,2,4,9.655952453613281e-05,20,0.0,1.2927643650818677,1.2827334280969396,10.459783969121528,1.0,1.581721067662815,-1.5630841429448996,0.24838318860520509
corn_starch,m5_rep2,m5_rep2,ASTM-G,0.05,2,4,0.00010228157043457031,20,0.0,1.996257335880287,1.9807677910855972,24.594476336070525,1.0,1.581721067662815,-1.5630841429448996,0.24838318860520509
corn_starch,m5_rep2,m5_rep2,ASTM-G,0.1,2,4,9.417533874511719e-05,20,0.0,1.6711454603501559,1.6581785537288098,16.2213737157466,1.0,1.581721067662815,-1.5630841429448996,0.24838318860520509
corn_starch,m5_rep2,m5_rep2,ASTM-G,0.2,2,4,0.0001220703125,20,0.0,1.2990100428274627,1.2889306438013577,10.434801258139137,1.0,1.581721067662815,-1.5630841429448996,0.24838318860520509
corn_starch,m5_rep2,m5_rep2,GPR,0.05,2,4,0.04340696334838867,20,0.0,1.9731756678020258,1.8549973986445565,28.587733420062552,1.0,1.581721067662815,-1.5630841429448996,0.24838318860520509
corn_starch,m5_rep2,m5_rep2,GPR,0.1,2,4,9.918212890625e-05,20,0.0,1.6559412210618745,1.5567628911620375,18.135564564593658,1.0,1.581721067662815,-1.5630841429448996,0.24838318860520509
corn_starch,m5_rep2,m5_rep2,GPR,0.2,2,4,9.489059448242188e-05,20,0.0,1.2901902208981735,1.2129176041323895,11.358756893482562,1.0,1.581721067662815,-1.5630841429448996,0.24838318860520509
corn_starch,m5_rep2,m5_rep2,BAG,0.05,2,4,0.029424190521240234,20,0.75,2.611546050578611,2.5245681094246386,4.40581627030582,1.0,1.581721067662815,-1.5630841429448996,0.24838318860520509
corn_starch,m5_rep2,m5_rep2,BAG,0.1,2,4,9.751319885253906e-05,20,0.55,2.1916785344670875,2.118684345236886,4.2230508615095985,1.0,1.581721067662815,-1.5630841429448996,0.24838318860520509
corn_starch,m5_rep2,m5_rep2,BAG,0.2,2,4,8.273124694824219e-05,20,0.05,1.7075981783390985,1.6507263595031603,4.414184898904111,1.0,1.581721067662815,-1.5630841429448996,0.24838318860520509
corn_starch,m5_rep2,m5_rep2,QGB,0.05,2,4,0.03125190734863281,20,0.8,1.71208729167255,1.6607046055984185,2.8895601424438166,1.0,1.581721067662815,-1.5630841429448996,0.24838318860520509
corn_starch,m5_rep2,m5_rep2,QGB,0.1,2,4,0.027397632598876953,20,0.55,1.35725839978461,1.4532055947263238,3.7182719927066734,1.0,1.581721067662815,-1.5630841429448996,0.24838318860520509
corn_starch,m5_rep2,m5_rep2,QGB,0.2,2,4,0.027379512786865234,20,0.5,1.2572946530201505,1.2780155541686895,2.477651777804131,1.0,1.581721067662815,-1.5630841429448996,0.24838318860520509
corn_starch,m5_rep2,m5_rep2,SCP,0.05,2,4,2.5510787963867188e-05,20,0.6,2.2877616103651235,2.2877616103651235,4.0971143988282535,1.0,1.581721067662815,-1.5630841429448996,0.24838318860520509
corn_starch,m5_rep2,m5_rep2,SCP,0.1,2,4,1.33514404296875e-05,20,0.5,1.9662609441280092,1.9662609441280097,4.300531179900339,1.0,1.581721067662815,-1.5630841429448996,0.24838318860520509
corn_starch,m5_rep2,m5_rep2,SCP,0.2,2,4,9.5367431640625e-06,20,0.05,1.41435843718591,1.4143584371859106,4.496632061631813,1.0,1.581721067662815,-1.5630841429448996,0.24838318860520509
corn_starch,m5_rep2,m5_rep2,NCP-kNN,0.05,2,4,0.006228208541870117,20,0.85,2.6057360765149946,2.630878911370395,3.3625906401399788,1.0,1.581721067662815,-1.5630841429448996,0.24838318860520509
corn_starch,m5_rep2,m5_rep2,NCP-kNN,0.1,2,4,2.384185791015625e-05,20,0.45,1.9965362096191046,2.01580085451301,4.117419594385427,1.0,1.581721067662815,-1.5630841429448996,0.24838318860520509
corn_starch,m5_rep2,m5_rep2,NCP-kNN,0.2,2,4,1.33514404296875e-05,20,0.3,1.734289432098,1.7510236490341384,3.6168548585885945,1.0,1.581721067662815,-1.5630841429448996,0.24838318860520509
corn_starch,m5_rep2,m5_rep2,CV+,0.05,2,4,0.00512242317199707,20,0.25,2.145182002822769,2.1618576921750794,12.031020190778936,1.0,1.581721067662815,-1.5630841429448996,0.24838318860520509
corn_starch,m5_rep2,m5_rep2,CV+,0.1,2,4,0.004324197769165039,20,0.0,1.6811282681991595,1.6716470321987202,11.326692668957838,1.0,1.581721067662815,-1.5630841429448996,0.24838318860520509
corn_starch,m5_rep2,m5_rep2,CV+,0.2,2,4,0.004360675811767578,20,0.0,1.2901444224505052,1.294016747729387,7.447562841223638,1.0,1.581721067662815,-1.5630841429448996,0.24838318860520509
corn_starch,m5_rep2,m5_rep2,CQR,0.05,2,4,2.2649765014648438e-05,20,1.0,2.648710336567906,2.5973276504937743,2.648710336567906,1.0,1.581721067662815,-1.5630841429448996,0.24838318860520509
corn_starch,m5_rep2,m5_rep2,CQR,0.1,2,4,1.52587890625e-05,20,0.85,2.0367040253227744,2.1326512202644885,2.35781536815814,1.0,1.581721067662815,-1.5630841429448996,0.24838318860520509
corn_starch,m5_rep2,m5_rep2,CQR,0.2,2,4,1.1205673217773438e-05,20,0.85,2.0685974541995877,2.0893183553481265,2.183041405051253,1.0,1.581721067662815,-1.5630841429448996,0.24838318860520509
corn_starch,m5_rep2,m5_rep2,WCP,0.05,2,4,0.0038917064666748047,20,1.0,inf,inf,inf,0.0,1.581721067662815,-1.5630841429448996,0.24838318860520509
corn_starch,m5_rep2,m5_rep2,WCP,0.1,2,4,0.0002186298370361328,20,1.0,inf,inf,inf,0.0,1.581721067662815,-1.5630841429448996,0.24838318860520509
corn_starch,m5_rep2,m5_rep2,WCP,0.2,2,4,9.083747863769531e-05,20,1.0,inf,inf,inf,0.0,1.581721067662815,-1.5630841429448996,0.24838318860520509
corn_starch,m5_rep2,m5_rep2,R-U-A,0.05,2,4,5.14984130859375e-05,20,0.0,1.9926121697492636,1.9926121697492647,24.66373449255999,1.0,1.581721067662815,-1.5630841429448996,0.24838318860520509
corn_starch,m5_rep2,m5_rep2,R-U-A,0.1,2,4,3.5762786865234375e-05,20,0.0,1.3859473640070945,1.3859473640070945,18.78815658283414,1.0,1.581721067662815,-1.5630841429448996,0.24838318860520509
corn_starch,m5_rep2,m5_rep2,R-U-A,0.2,2,4,3.361701965332031e-05,20,0.0,1.1712326930843773,1.1712326930843773,10.945910657111487,1.0,1.581721067662815,-1.5630841429448996,0.24838318860520509
corn_starch,m5_rep2,m5_rep2,R-U-D,0.05,2,4,0.003870725631713867,20,1.0,4.26656245255437,4.2059437039060334,4.26656245255437,1.0,1.581721067662815,-1.5630841429448996,0.24838318860520509
corn_starch,m5_rep2,m5_rep2,R-U-D,0.1,2,4,0.000446319580078125,20,0.85,3.6704470535796148,3.6182978327860056,4.3153358842454494,1.0,1.581721067662815,-1.5630841429448996,0.24838318860520509
corn_starch,m5_rep2,m5_rep2,R-U-D,0.2,2,4,0.00036787986755371094,20,0.35,2.9482857096348423,2.906396860622717,4.397780660269532,1.0,1.581721067662815,-1.5630841429448996,0.24838318860520509
corn_starch,m5_rep2,m5_rep2,G-U-A,0.05,2,4,4.482269287109375e-05,20,0.0,2.1667875705515494,2.1667875705515485,21.354401877316533,1.0,1.581721067662815,-1.5630841429448996,0.24838318860520509
corn_starch,m5_rep2,m5_rep2,G-U-A,0.1,2,4,4.506111145019531e-05,20,0.0,1.3677745066636067,1.3677745066636078,18.951712298925543,1.0,1.581721067662815,-1.5630841429448996,0.24838318860520509
corn_starch,m5_rep2,m5_rep2,G-U-A,0.2,2,4,3.409385681152344e-05,20,0.0,1.126183358012043,1.1261833580120424,11.126107997400819,1.0,1.581721067662815,-1.5630841429448996,0.24838318860520509
corn_starch,m5_rep2,m5_rep2,G-W-A,0.05,2,4,9.799003601074219e-05,20,0.0,2.1667875705515494,2.1667875705515485,21.354401877316533,1.0,1.581721067662815,-1.5630841429448996,0.24838318860520509
corn_starch,m5_rep2,m5_rep2,G-W-A,0.1,2,4,7.915496826171875e-05,20,0.0,1.3677745066636067,1.3677745066636078,18.951712298925543,1.0,1.581721067662815,-1.5630841429448996,0.24838318860520509
corn_starch,m5_rep2,m5_rep2,G-W-A,0.2,2,4,6.818771362304688e-05,20,0.0,1.126183358012043,1.1261833580120424,11.126107997400819,1.0,1.581721067662815,-1.5630841429448996,0.24838318860520509
corn_starch,m5_rep2,m5_rep2,G-U-D,0.05,2,4,0.0031659603118896484,20,0.85,3.8961252911075035,3.834469571813898,4.997078746778024,1.0,1.581721067662815,-1.5630841429448996,0.24838318860520509
corn_starch,m5_rep2,m5_rep2,G-U-D,0.1,2,4,0.00038313865661621094,20,0.7,3.2414294496433556,3.190134214165848,4.69253890823142,1.0,1.581721067662815,-1.5630841429448996,0.24838318860520509
corn_starch,m5_rep2,m5_rep2,G-U-D,0.2,2,4,0.00038552284240722656,20,0.05,2.5306744260180865,2.4906268042462223,5.56482719250604,1.0,1.581721067662815,-1.5630841429448996,0.24838318860520509
corn_starch,m5_rep2,m5_rep2,GC-D,0.05,2,4,0.0003941059112548828,20,0.85,3.8961252911075035,3.834469571813898,4.997078746778024,1.0,1.581721067662815,-1.5630841429448996,0.24838318860520509
corn_starch,m5_rep2,m5_rep2,GC-D,0.1,2,4,0.0004413127899169922,20,0.7,3.2414294496433556,3.190134214165848,4.69253890823142,1.0,1.581721067662815,-1.5630841429448996,0.24838318860520509
corn_starch,m5_rep2,m5_rep2,GC-D,0.2,2,4,0.00042247772216796875,20,0.05,2.5306744260180865,2.4906268042462223,5.56482719250604,1.0,1.581721067662815,-1.5630841429448996,0.24838318860520509
corn_starch,m5_rep2,m5_rep2,GC-D+,0.05,2,4,0.000408172607421875,20,1.0,inf,inf,inf,0.0,1.581721067662815,-1.5630841429448996,0.24838318860520509
corn_starch,m5_rep2,m5_rep2,GC-D+,0.1,2,4,0.0003814697265625,20,1.0,inf,inf,inf,0.0,1.581721067662815,-1.5630841429448996,0.24838318860520509
corn_starch,m5_rep2,m5_rep2,GC-D+,0.2,2,4,0.0003979206085205078,20,1.0,inf,inf,inf,0.0,1.581721067662815,-1.5630841429448996,0.24838318860520509
corn_starch,m5_rep2,m5_rep2,HJ+,0.05,2,4,0.0015177726745605469,20,1.0,inf,inf,inf,0.0,1.581721067662815,-1.5630841429448996,0.24838318860520509
corn_starch,m5_rep2,m5_rep2,HJ+,0.1,2,4,0.0003886222839355469,20,1.0,inf,inf,inf,0.0,1.581721067662815,-1.5630841429448996,0.24838318860520509
corn_starch,m5_rep2,m5_rep2,HJ+,0.2,2,4,0.0005464553833007812,20,1.0,inf,inf,inf,0.0,1.581721067662815,-1.5630841429448996,0.24838318860520509
corn_starch,m5_rep2,m5_rep2,HJ+-D,0.05,2,4,0.002264261245727539,20,1.0,inf,inf,inf,0.0,1.581721067662815,-1.5630841429448996,0.24838318860520509
corn_starch,m5_rep2,m5_rep2,HJ+-D,0.1,2,4,0.0021142959594726562,20,1.0,inf,inf,inf,0.0,1.581721067662815,-1.5630841429448996,0.24838318860520509
corn_starch,m5_rep2,m5_rep2,HJ+-D,0.2,2,4,0.002016305923461914,20,1.0,inf,inf,inf,0.0,1.581721067662815,-1.5630841429448996,0.24838318860520509
corn_starch,m5_rep2,m5_rep2,HCP-D,0.05,2,4,0.0002541542053222656,20,1.0,inf,inf,inf,0.0,1.581721067662815,-1.5630841429448996,0.24838318860520509
corn_starch,m5_rep2,m5_rep2,HCP-D,0.1,2,4,0.00016164779663085938,20,1.0,inf,inf,inf,0.0,1.581721067662815,-1.5630841429448996,0.24838318860520509
corn_starch,m5_rep2,m5_rep2,HCP-D,0.2,2,4,0.00017189979553222656,20,1.0,inf,inf,inf,0.0,1.581721067662815,-1.5630841429448996,0.24838318860520509
corn_starch,m5_rep2,m5_rep2,HCP-A,0.05,2,4,0.0001475811004638672,20,1.0,inf,inf,inf,0.0,1.581721067662815,-1.5630841429448996,0.24838318860520509
corn_starch,m5_rep2,m5_rep2,HCP-A,0.1,2,4,0.0001518726348876953,20,1.0,inf,inf,inf,0.0,1.581721067662815,-1.5630841429448996,0.24838318860520509
corn_starch,m5_rep2,m5_rep2,HCP-A,0.2,2,4,0.00016188621520996094,20,1.0,inf,inf,inf,0.0,1.581721067662815,-1.5630841429448996,0.24838318860520509
corn_starch,m5_rep2,m5_rep2,ORACLE,0.05,2,4,0.00011730194091796875,20,1.0,inf,inf,inf,0.0,1.581721067662815,-1.5630841429448996,0.24838318860520509
corn_starch,m5_rep2,m5_rep2,ORACLE,0.1,2,4,9.584426879882812e-05,20,0.9,3.8675607330584683,3.8675607330584683,4.078922175057784,1.0,1.581721067662815,-1.5630841429448996,0.24838318860520509
corn_starch,m5_rep2,m5_rep2,ORACLE,0.2,2,4,8.630752563476562e-05,20,0.85,3.733331674777594,3.7333316747775953,3.9317936387791605,1.0,1.581721067662815,-1.5630841429448996,0.24838318860520509
corn_starch,m5_rep3,m5_rep3,ASTM-R,0.05,2,6,0.01412820816040039,20,0.0,1.8563137763225879,1.8476605057340052,26.775251712696438,1.0,1.5793489046230615,-1.55113033657064,0.3049376838916054
corn_starch,m5_rep3,m5_rep3,ASTM-R,0.1,2,6,0.00010919570922851562,20,0.0,1.5539241388636544,1.5466804679825579,17.03728948163991,1.0,1.5793489046230615,-1.55113033657064,0.3049376838916054
corn_starch,m5_rep3,m5_rep3,ASTM-R,0.2,2,6,9.918212890625e-05,20,0.0,1.2078418102878778,1.202211414098425,10.679936124554894,1.0,1.5793489046230615,-1.55113033657064,0.3049376838916054
corn_starch,m5_rep3,m5_rep3,ASTM-G,0.05,2,6,0.00010704994201660156,20,0.0,2.074190051582369,2.0645211432343125,22.635602482760582,1.0,1.5793489046230615,-1.55113033657064,0.3049376838916054
corn_starch,m5_rep3,m5_rep3,ASTM-G,0.1,2,6,9.989738464355469e-05,20,0.0,1.7363088238938835,1.7282149605232924,15.39582731636784,1.0,1.5793489046230615,-1.55113033657064,0.3049376838916054
corn_starch,m5_rep3,m5_rep3,ASTM-G,0.2,2,6,9.393692016601562e-05,20,0.0,1.3496066768126944,1.3433154388164148,10.112876658455628,1.0,1.5793489046230615,-1.55113033657064,0.3049376838916054
corn_starch,m5_rep3,m5_rep3,GPR,0.05,2,6,0.0582273006439209,20,0.1,1.8476262793866334,1.8354015720088874,31.81764112576564,1.0,1.5793489046230615,-1.55113033657064,0.3049376838916054
corn_starch,m5_rep3,m5_rep3,GPR,0.1,2,6,0.0004971027374267578,20,0.0,1.5505768528767843,1.5403175550390067,19.281552262694156,1.0,1.5793489046230615,-1.55113033657064,0.3049376838916054
corn_starch,m5_rep3,m5_rep3,GPR,0.2,2,6,9.107589721679688e-05,20,0.0,1.2080978883114235,1.2001045818007654,11.785980416046915,1.0,1.5793489046230615,-1.55113033657064,0.3049376838916054
corn_starch,m5_rep3,m5_rep3,BAG,0.05,2,6,0.05478549003601074,20,0.0,2.1990848121733237,2.162781554112648,31.75428509163434,1.0,1.5793489046230615,-1.55113033657064,0.3049376838916054
corn_starch,m5_rep3,m5_rep3,BAG,0.1,2,6,9.989738464355469e-05,20,0.0,1.845530151476753,1.8150634969043935,20.15867689817299,1.0,1.5793489046230615,-1.55113033657064,0.3049376838916054
corn_starch,m5_rep3,m5_rep3,BAG,0.2,2,6,9.846687316894531e-05,20,0.0,1.4379042707090524,1.4141668461599295,12.632607047895672,1.0,1.5793489046230615,-1.55113033657064,0.3049376838916054
corn_starch,m5_rep3,m5_rep3,QGB,0.05,2,6,0.03346872329711914,20,0.5,1.809481451630456,1.986354099778822,7.773217491008802,1.0,1.5793489046230615,-1.55113033657064,0.3049376838916054
corn_starch,m5_rep3,m5_rep3,QGB,0.1,2,6,0.02889227867126465,20,0.3,1.2044765484370576,1.2662618295138799,10.819625758186305,1.0,1.5793489046230615,-1.55113033657064,0.3049376838916054
corn_starch,m5_rep3,m5_rep3,QGB,0.2,2,6,0.028485774993896484,20,0.3,1.0761625022684984,1.1814882409469334,6.5787773389365025,1.0,1.5793489046230615,-1.55113033657064,0.3049376838916054
corn_starch,m5_rep3,m5_rep3,SCP,0.05,2,6,2.8133392333984375e-05,20,0.3,3.3041285467585757,3.3041285467585766,14.560419387151356,1.0,1.5793489046230615,-1.55113033657064,0.3049376838916054
corn_starch,m5_rep3,m5_rep3,SCP,0.1,2,6,9.5367431640625e-06,20,0.0,1.3808227757091072,1.380822775709106,25.652321000580383,1.0,1.5793489046230615,-1.55113033657064,0.3049376838916054
corn_starch,m5_rep3,m5_rep3,SCP,0.2,2,6,9.5367431640625e-06,20,0.0,0.9962541068175025,0.9962541068175028,15.054846563711175,1.0,1.5793489046230615,-1.55113033657064,0.3049376838916054
corn_starch,m5_rep3,m5_rep3,NCP-kNN,0.05,2,6,0.0076618194580078125,20,0.2,3.0358668162436953,3.048338144243875,19.72910992230454,1.0,1.5793489046230615,-1.55113033657064,0.3049376838916054
corn_starch,m5_rep3,m5_rep3,NCP-kNN,0.1,2,6,1.6689300537109375e-05,20,0.0,1.677741676651119,1.6846338323402783,22.980050892102273,1.0,1.5793489046230615,-1.55113033657064,0.3049376838916054
corn_starch,m5_rep3,m5_rep3,NCP-kNN,0.2,2,6,1.2874603271484375e-05,20,0.0,1.1113204398353804,1.115885739486977,14.59458123163966,1.0,1.5793489046230615,-1.55113033657064,0.3049376838916054
corn_starch,m5_rep3,m5_rep3,CV+,0.05,2,6,0.005112886428833008,20,0.0,2.0962956234286696,2.088165813083137,30.614263750284362,1.0,1.5793489046230615,-1.55113033657064,0.3049376838916054
corn_starch,m5_rep3,m5_rep3,CV+,0.1,2,6,0.004334449768066406,20,0.0,1.6728939376557221,1.6630644161542065,20.703038719214057,1.0,1.5793489046230615,-1.55113033657064,0.3049376838916054
corn_starch,m5_rep3,m5_rep3,CV+,0.2,2,6,0.004422903060913086,20,0.0,1.3110070819765383,1.306893855807484,11.967918401875746,1.0,1.5793489046230615,-1.55113033657064,0.3049376838916054
corn_starch,m5_rep3,m5_rep3,CQR,0.05,2,6,2.5033950805664062e-05,20,0.7,2.072555635108069,2.249428283256435,6.292691986712721,1.0,1.5793489046230615,-1.55113033657064,0.3049376838916054
corn_starch,m5_rep3,m5_rep3,CQR,0.1,2,6,1.2636184692382812e-05,20,0.3,1.4934089578754457,1.555194238952268,9.086031301555977,1.0,1.5793489046230615,-1.55113033657064,0.3049376838916054
corn_starch,m5_rep3,m5_rep3,CQR,0.2,2,6,1.1682510375976562e-05,20,0.3,1.3793861770591143,1.4847119157375488,5.820718151959962,1.0,1.5793489046230615,-1.55113033657064,0.3049376838916054
corn_starch,m5_rep3,m5_rep3,WCP,0.05,2,6,0.0037050247192382812,20,1.0,inf,inf,inf,0.0,1.5793489046230615,-1.55113033657064,0.3049376838916054
corn_starch,m5_rep3,m5_rep3,WCP,0.1,2,6,0.00011157989501953125,20,1.0,inf,inf,inf,0.0,1.5793489046230615,-1.55113033657064,0.3049376838916054
corn_starch,m5_rep3,m5_rep3,WCP,0.2,2,6,7.62939453125e-05,20,1.0,inf,inf,inf,0.0,1.5793489046230615,-1.55113033657064,0.3049376838916054
corn_starch,m5_rep3,m5_rep3,R-U-A,0.05,2,6,8.654594421386719e-05,20,0.0,1.6547403186456084,1.654740318645608,30.60514740855903,1.0,1.5793489046230615,-1.55113033657064,0.3049376838916054
corn_starch,m5_rep3,m5_rep3,R-U-A,0.1,2,6,3.62396240234375e-05,20,0.0,1.3565898905761746,1.3565898905761742,18.813297716227225,1.0,1.5793489046230615,-1.55113033657064,0.3049376838916054
corn_starch,m5_rep3,m5_rep3,R-U-A,0.2,2,6,3.4809112548828125e-05,20,0.0,0.9239067615946087,0.9239067615946084,11.815676319327963,1.0,1.5793489046230615,-1.55113033657064,0.3049376838916054
corn_starch,m5_rep3,m5_rep3,R-U-D,0.05,2,6,0.0032367706298828125,20,0.6,3.281260095258836,3.2059985279820964,9.044758890743884,1.0,1.5793489046230615,-1.55113033657064,0.3049376838916054
corn_starch,m5_rep3,m5_rep3,R-U-D,0.1,2,6,0.0004405975341796875,20,0.45,2.764460780108167,2.7010529291771626,7.936689961940448,1.0,1.5793489046230615,-1.55113033657064,0.3049376838916054
corn_starch,m5_rep3,m5_rep3,R-U-D,0.2,2,6,0.0004253387451171875,20,0.0,2.0777862895112387,2.030128545816762,7.200158207661448,1.0,1.5793489046230615,-1.55113033657064,0.3049376838916054
corn_starch,m5_rep3,m5_rep3,G-U-A,0.05,2,6,7.128715515136719e-05,20,0.0,1.6920408132502587,1.6920408132502587,29.89643801107069,1.0,1.5793489046230615,-1.55113033657064,0.3049376838916054
corn_starch,m5_rep3,m5_rep3,G-U-A,0.1,2,6,3.528594970703125e-05,20,0.0,1.3008382986487281,1.3008382986487277,19.315062043574244,1.0,1.5793489046230615,-1.55113033657064,0.3049376838916054
corn_starch,m5_rep3,m5_rep3,G-U-A,0.2,2,6,3.4332275390625e-05,20,0.0,1.0849945331075044,1.0849945331075048,11.171325233276383,1.0,1.5793489046230615,-1.55113033657064,0.3049376838916054
corn_starch,m5_rep3,m5_rep3,G-W-A,0.05,2,6,0.00010609626770019531,20,0.0,1.6920408132502587,1.6920408132502587,29.89643801107069,1.0,1.5793489046230615,-1.55113033657064,0.3049376838916054
corn_starch,m5_rep3,m5_rep3,G-W-A,0.1,2,6,7.557868957519531e-05,20,0.0,1.3008382986487281,1.3008382986487277,19.315062043574244,1.0,1.5793489046230615,-1.55113033657064,0.3049376838916054
corn_starch,m5_rep3,m5_rep3,G-W-A,0.2,2,6,7.152557373046875e-05,20,0.0,1.0849945331075044,1.0849945331075048,11.171325233276383,1.0,1.5793489046230615,-1.55113033657064,0.3049376838916054
corn_starch,m5_rep3,m5_rep3,G-U-D,0.05,2,6,0.004023075103759766,20,0.0,1.8588328345930052,1.8445178912974285,26.7273896055585,1.0,1.5793489046230615,-1.55113033657064,0.3049376838916054
corn_starch,m5_rep3,m5_rep3,G-U-D,0.1,2,6,0.0003941059112548828,20,0.0,1.7530978604060643,1.7395971862215518,15.244725987758226,1.0,1.5793489046230615,-1.55113033657064,0.3049376838916054
corn_starch,m5_rep3,m5_rep3,G-U-D,0.2,2,6,0.0003762245178222656,20,0.0,1.2630003304070794,1.2532739161886468,10.459302044078083,1.0,1.5793489046230615,-1.55113033657064,0.3049376838916054
corn_starch,m5_rep3,m5_rep3,GC-D,0.05,2,6,0.0004134178161621094,20,0.0,1.8588328345930052,1.8445178912974285,26.7273896055585,1.0,1.5793489046230615,-1.55113033657064,0.3049376838916054
corn_starch,m5_rep3,m5_rep3,GC-D,0.1,2,6,0.00042438507080078125,20,0.0,1.7530978604060643,1.7395971862215518,15.244725987758226,1.0,1.5793489046230615,-1.55113033657064,0.3049376838916054
corn_starch,m5_rep3,m5_rep3,GC-D,0.2,2,6,0.0004444122314453125,20,0.0,1.2630003304070794,1.2532739161886468,10.459302044078083,1.0,1.5793489046230615,-1.55113033657064,0.3049376838916054
corn_starch,m5_rep3,m5_rep3,GC-D+,0.05,2,6,0.0004398822784423828,20,1.0,inf,inf,inf,0.0,1.5793489046230615,-1.55113033657064,0.3049376838916054
corn_starch,m5_rep3,m5_rep3,GC-D+,0.1,2,6,0.0003845691680908203,20,1.0,inf,inf,inf,0.0,1.5793489046230615,-1.55113033657064,0.3049376838916054
corn_starch,m5_rep3,m5_rep3,GC-D+,0.2,2,6,0.0004191398620605469,20,1.0,inf,inf,inf,0.0,1.5793489046230615,-1.55113033657064,0.3049376838916054
corn_starch,m5_rep3,m5_rep3,HJ+,0.05,2,6,0.0016579627990722656,20,1.0,inf,inf,inf,0.0,1.5793489046230615,-1.55113033657064,0.3049376838916054
corn_starch,m5_rep3,m5_rep3,HJ+,0.1,2,6,0.00046825408935546875,20,1.0,inf,inf,inf,0.0,1.5793489046230615,-1.55113033657064,0.3049376838916054
corn_starch,m5_rep3,m5_rep3,HJ+,0.2,2,6,0.0003943443298339844,20,1.0,inf,inf,inf,0.0,1.5793489046230615,-1.55113033657064,0.3049376838916054
corn_starch,m5_rep3,m5_rep3,HJ+-D,0.05,2,6,0.002476930618286133,20,1.0,inf,inf,inf,0.0,1.5793489046230615,-1.55113033657064,0.3049376838916054
corn_starch,m5_rep3,m5_rep3,HJ+-D,0.1,2,6,0.002127408981323242,20,1.0,inf,inf,inf,0.0,1.5793489046230615,-1.55113033657064,0.3049376838916054
corn_starch,m5_rep3,m5_rep3,HJ+-D,0.2,2,6,0.002258777618408203,20,1.0,inf,inf,inf,0.0,1.5793489046230615,-1.55113033657064,0.3049376838916054
corn_starch,m5_rep3,m5_rep3,HCP-D,0.05,2,6,0.0003006458282470703,20,1.0,inf,inf,inf,0.0,1.5793489046230615,-1.55113033657064,0.3049376838916054
corn_starch,m5_rep3,m5_rep3,HCP-D,0.1,2,6,0.0001723766326904297,20,1.0,inf,inf,inf,0.0,1.5793489046230615,-1.55113033657064,0.3049376838916054
corn_starch,m5_rep3,m5_rep3,HCP-D,0.2,2,6,0.0001423358917236328,20,1.0,inf,inf,inf,0.0,1.5793489046230615,-1.55113033657064,0.3049376838916054
corn_starch,m5_rep3,m5_rep3,HCP-A,0.05,2,6,0.00013375282287597656,20,1.0,inf,inf,inf,0.0,1.5793489046230615,-1.55113033657064,0.3049376838916054
corn_starch,m5_rep3,m5_rep3,HCP-A,0.1,2,6,0.00018858909606933594,20,1.0,inf,inf,inf,0.0,1.5793489046230615,-1.55113033657064,0.3049376838916054
corn_starch,m5_rep3,m5_rep3,HCP-A,0.2,2,6,0.00016260147094726562,20,1.0,inf,inf,inf,0.0,1.5793489046230615,-1.55113033657064,0.3049376838916054
corn_starch,m5_rep3,m5_rep3,ORACLE,0.05,2,6,0.00011444091796875,20,1.0,inf,inf,inf,0.0,1.5793489046230615,-1.55113033657064,0.3049376838916054
corn_starch,m5_rep3,m5_rep3,ORACLE,0.1,2,6,9.1552734375e-05,20,0.95,4.149862756753501,4.1498627567535,4.319907486903611,1.0,1.5793489046230615,-1.55113033657064,0.3049376838916054
corn_starch,m5_rep3,m5_rep3,ORACLE,0.2,2,6,8.702278137207031e-05,20,0.85,3.6940095025220785,3.6940095025220785,3.9340139247904133,1.0,1.5793489046230615,-1.55113033657064,0.3049376838916054
corn_starch,m5_rep4,m5_rep4,ASTM-R,0.05,2,8,0.01420736312866211,20,0.05,1.7118874596008098,1.7182737809919928,27.63206402338296,1.0,1.535321884719278,-1.5037978809635466,0.31756511625260303
corn_starch,m5_rep4,m5_rep4,ASTM-R,0.1,2,8,0.00010728836059570312,20,0.0,1.4329585605992485,1.4383043173292833,17.179330573877692,1.0,1.535321884719278,-1.5037978809635466,0.31756511625260303
corn_starch,m5_rep4,m5_rep4,ASTM-R,0.2,2,8,0.00010180473327636719,20,0.0,1.1137692268574866,1.117924224429565,10.582901902205524,1.0,1.535321884719278,-1.5037978809635466,0.31756511625260303
corn_starch,m5_rep4,m5_rep4,ASTM-G,0.05,2,8,0.00011491775512695312,20,0.05,1.9393837827589162,1.9466187958248042,23.52848197177456,1.0,1.535321884719278,-1.5037978809635466,0.31756511625260303
corn_starch,m5_rep4,m5_rep4,ASTM-G,0.1,2,8,0.00010204315185546875,20,0.0,1.6233874360174216,1.6294436015969218,15.465470695114135,1.0,1.535321884719278,-1.5037978809635466,0.31756511625260303
corn_starch,m5_rep4,m5_rep4,ASTM-G,0.2,2,8,0.00011420249938964844,20,0.0,1.2617803607294564,1.266487524663333,9.990857366717638,1.0,1.535321884719278,-1.5037978809635466,0.31756511625260303
corn_starch,m5_rep4,m5_rep4,GPR,0.05,2,8,0.06080460548400879,20,0.8,2.616179837140753,2.649865485889297,5.293203539988132,1.0,1.535321884719278,-1.5037978809635466,0.31756511625260303
corn_starch,m5_rep4,m5_rep4,GPR,0.1,2,8,9.989738464355469e-05,20,0.7,2.1955673307375205,2.223837218325926,4.397623574337305,1.0,1.535321884719278,-1.5037978809635466,0.31756511625260303
corn_starch,m5_rep4,m5_rep4,GPR,0.2,2,8,8.821487426757812e-05,20,0.45,1.7106280485152616,1.7326539103324272,3.646155228566329,1.0,1.535321884719278,-1.5037978809635466,0.31756511625260303
corn_starch,m5_rep4,m5_rep4,BAG,0.05,2,8,0.050066471099853516,20,0.3,2.5522481125989205,2.4727001752032223,12.305859129095372,1.0,1.535321884719278,-1.5037978809635466,0.31756511625260303
corn_starch,m5_rep4,m5_rep4,BAG,0.1,2,8,0.00010347366333007812,20,0.15,2.141914136179166,2.07515540266472,10.183931794522252,1.0,1.535321884719278,-1.5037978809635466,0.31756511625260303
corn_starch,m5_rep4,m5_rep4,BAG,0.2,2,8,8.225440979003906e-05,20,0.05,1.6688253407508238,1.6168117402411077,7.761165689410097,1.0,1.535321884719278,-1.5037978809635466,0.31756511625260303
corn_starch,m5_rep4,m5_rep4,QGB,0.05,2,8,0.03281426429748535,20,0.9,2.398624127614693,2.4698874415549845,3.107446608786785,1.0,1.535321884719278,-1.5037978809635466,0.31756511625260303
corn_starch,m5_rep4,m5_rep4,QGB,0.1,2,8,0.0296475887298584,20,0.8,1.9454874826715716,1.9927669938629897,2.532004320208349,1.0,1.535321884719278,-1.5037978809635466,0.31756511625260303
corn_starch,m5_rep4,m5_rep4,QGB,0.2,2,8,0.03417325019836426,20,0.6,1.415769567148665,1.489557889037659,2.684757015461855,1.0,1.535321884719278,-1.5037978809635466,0.31756511625260303
corn_starch,m5_rep4,m5_rep4,SCP,0.05,2,8,2.8848648071289062e-05,20,0.05,1.2695273440876353,1.269527344087635,33.428175253312006,1.0,1.535321884719278,-1.5037978809635466,0.31756511625260303
corn_starch,m5_rep4,m5_rep4,SCP,0.1,2,8,1.0251998901367188e-05,20,0.05,1.1034493322071341,1.1034493322071341,18.760514399684062,1.0,1.535321884719278,-1.5037978809635466,0.31756511625260303
corn_starch,m5_rep4,m5_rep4,SCP,0.2,2,8,8.58306884765625e-06,20,0.0,0.9592159062806189,0.9592159062806189,10.489514309322985,1.0,1.535321884719278,-1.5037978809635466,0.31756511625260303
corn_starch,m5_rep4,m5_rep4,NCP-kNN,0.05,2,8,0.008853673934936523,20,0.05,1.5521381494995332,1.5036828035173322,28.21946752034096,1.0,1.535321884719278,-1.5037978809635466,0.31756511625260303
corn_starch,m5_rep4,m5_rep4,NCP-kNN,0.1,2,8,1.8358230590820312e-05,20,0.05,1.1713583154032468,1.1347903253307834,18.137361134976658,1.0,1.535321884719278,-1.5037978809635466,0.31756511625260303
corn_starch,m5_rep4,m5_rep4,NCP-kNN,0.2,2,8,1.2874603271484375e-05,20,0.0,1.0769394316676315,1.0433190527212375,10.018620207774928,1.0,1.535321884719278,-1.5037978809635466,0.31756511625260303
corn_starch,m5_rep4,m5_rep4,CV+,0.05,2,8,0.0051097869873046875,20,0.0,1.589702170752123,1.5863923759510854,29.220877734264707,1.0,1.535321884719278,-1.5037978809635466,0.31756511625260303
corn_starch,m5_rep4,m5_rep4,CV+,0.1,2,8,0.00437617301940918,20,0.0,1.3094854298986942,1.2867838714182724,17.99918040302729,1.0,1.535321884719278,-1.5037978809635466,0.31756511625260303
corn_starch,m5_rep4,m5_rep4,CV+,0.2,2,8,0.004381656646728516,20,0.0,1.0545994313518399,1.042405422120325,10.72384908929104,1.0,1.535321884719278,-1.5037978809635466,0.31756511625260303
corn_starch,m5_rep4,m5_rep4,CQR,0.05,2,8,2.2649765014648438e-05,20,1.0,2.8110996925266365,2.882363006466928,2.8110996925266365,1.0,1.535321884719278,-1.5037978809635466,0.31756511625260303
corn_starch,m5_rep4,m5_rep4,CQR,0.1,2,8,1.1920928955078125e-05,20,1.0,2.5152857206572796,2.5625652318486978,2.5152857206572796,1.0,1.535321884719278,-1.5037978809635466,0.31756511625260303
corn_starch,m5_rep4,m5_rep4,CQR,0.2,2,8,1.0728836059570312e-05,20,0.7,1.9133550599908702,1.9871433818798643,2.214217156886228,1.0,1.535321884719278,-1.5037978809635466,0.31756511625260303
corn_starch,m5_rep4,m5_rep4,WCP,0.05,2,8,0.0035636425018310547,20,1.0,inf,inf,inf,0.0,1.535321884719278,-1.5037978809635466,0.31756511625260303
corn_starch,m5_rep4,m5_rep4,WCP,0.1,2,8,0.00011205673217773438,20,1.0,inf,inf,inf,0.0,1.535321884719278,-1.5037978809635466,0.31756511625260303
corn_starch,m5_rep4,m5_rep4,WCP,0.2,2,8,8.749961853027344e-05,20,1.0,inf,inf,inf,0.0,1.535321884719278,-1.5037978809635466,0.31756511625260303
corn_starch,m5_rep4,m5_rep4,R-U-A,0.05,2,8,5.173683166503906e-05,20,0.0,1.3998475823252068,1.399847582325208,33.554811174362946,1.0,1.535321884719278,-1.5037978809635466,0.31756511625260303
corn_starch,m5_rep4,m5_rep4,R-U-A,0.1,2,8,3.504753112792969e-05,20,0.0,1.1233078368301779,1.123307836830179,19.96618708779934,1.0,1.535321884719278,-1.5037978809635466,0.31756511625260303
corn_starch,m5_rep4,m5_rep4,R-U-A,0.2,2,8,3.1948089599609375e-05,20,0.0,0.9215274582144566,0.9215274582144559,11.351868976777634,1.0,1.535321884719278,-1.5037978809635466,0.31756511625260303
corn_starch,m5_rep4,m5_rep4,R-U-D,0.05,2,8,0.003603219985961914,20,0.05,1.8027534949449753,1.8458260389707455,25.928392845794463,1.0,1.535321884719278,-1.5037978809635466,0.31756511625260303
corn_starch,m5_rep4,m5_rep4,R-U-D,0.1,2,8,0.0003724098205566406,20,0.0,1.4833584900156567,1.5187998435042829,16.72573120913003,1.0,1.535321884719278,-1.5037978809635466,0.31756511625260303
corn_starch,m5_rep4,m5_rep4,R-U-D,0.2,2,8,0.00039696693420410156,20,0.0,1.1698873179194984,1.1978390168886435,10.358429537957468,1.0,1.535321884719278,-1.5037978809635466,0.31756511625260303
corn_starch,m5_rep4,m5_rep4,G-U-A,0.05,2,8,4.5299530029296875e-05,20,0.05,1.7786512880247483,1.7786512880247471,26.49539222786604,1.0,1.535321884719278,-1.5037978809635466,0.31756511625260303
corn_starch,m5_rep4,m5_rep4,G-U-A,0.1,2,8,3.4809112548828125e-05,20,0.0,1.3094372020132432,1.3094372020132425,18.291022801151737,1.0,1.535321884719278,-1.5037978809635466,0.31756511625260303
corn_starch,m5_rep4,m5_rep4,G-U-A,0.2,2,8,3.2901763916015625e-05,20,0.0,1.0448751998735581,1.0448751998735588,10.858478010141237,1.0,1.535321884719278,-1.5037978809635466,0.31756511625260303
corn_starch,m5_rep4,m5_rep4,G-W-A,0.05,2,8,0.00012874603271484375,20,0.05,1.7786512880247483,1.7786512880247471,26.49539222786604,1.0,1.535321884719278,-1.5037978809635466,0.31756511625260303
corn_starch,m5_rep4,m5_rep4,G-W-A,0.1,2,8,8.630752563476562e-05,20,0.0,1.3094372020132432,1.3094372020132425,18.291022801151737,1.0,1.535321884719278,-1.5037978809635466,0.31756511625260303
corn_starch,m5_rep4,m5_rep4,G-W-A,0.2,2,8,7.176399230957031e-05,20,0.0,1.0448751998735581,1.0448751998735588,10.858478010141237,1.0,1.535321884719278,-1.5037978809635466,0.31756511625260303
corn_starch,m5_rep4,m5_rep4,G-U-D,0.05,2,8,0.003873586654663086,20,0.0,1.6279139391630963,1.6213304655407406,29.221550394443046,1.0,1.535321884719278,-1.5037978809635466,0.31756511625260303
corn_starch,m5_rep4,m5_rep4,G-U-D,0.1,2,8,0.0003516674041748047,20,0.0,1.2398605012093147,1.2348463608983664,18.917213108387095,1.0,1.535321884719278,-1.5037978809635466,0.31756511625260303
corn_starch,m5_rep4,m5_rep4,G-U-D,0.2,2,8,0.0003592967987060547,20,0.0,0.998994865769071,0.9949548141487483,11.041999346559177,1.0,1.535321884719278,-1.5037978809635466,0.31756511625260303
corn_starch,m5_rep4,m5_rep4,GC-D,0.05,2,8,0.0004200935363769531,20,0.0,1.6279139391630963,1.6213304655407406,29.221550394443046,1.0,1.535321884719278,-1.5037978809635466,0.31756511625260303
corn_starch,m5_rep4,m5_rep4,GC-D,0.1,2,8,0.0004239082336425781,20,0.0,1.2398605012093147,1.2348463608983664,18.917213108387095,1.0,1.535321884719278,-1.5037978809635466,0.31756511625260303
corn_starch,m5_rep4,m5_rep4,GC-D,0.2,2,8,0.0004048347473144531,20,0.0,0.998994865769071,0.9949548141487483,11.041999346559177,1.0,1.535321884719278,-1.5037978809635466,0.31756511625260303
corn_starch,m5_rep4,m5_rep4,GC-D+,0.05,2,8,0.0004398822784423828,20,1.0,inf,inf,inf,0.0,1.535321884719278,-1.5037978809635466,0.31756511625260303
corn_starch,m5_rep4,m5_rep4,GC-D+,0.1,2,8,0.00041103363037109375,20,1.0,inf,inf,inf,0.0,1.535321884719278,-1.5037978809635466,0.31756511625260303
corn_starch,m5_rep4,m5_rep4,GC-D+,0.2,2,8,0.00041031837463378906,20,1.0,inf,inf,inf,0.0,1.535321884719278,-1.5037978809635466,0.31756511625260303
corn_starch,m5_rep4,m5_rep4,HJ+,0.05,2,8,0.0017426013946533203,20,1.0,inf,inf,inf,0.0,1.535321884719278,-1.5037978809635466,0.31756511625260303
corn_starch,m5_rep4,m5_rep4,HJ+,0.1,2,8,0.0004401206970214844,20,1.0,inf,inf,inf,0.0,1.535321884719278,-1.5037978809635466,0.31756511625260303
corn_starch,m5_rep4,m5_rep4,HJ+,0.2,2,8,0.00039577484130859375,20,1.0,inf,inf,inf,0.0,1.535321884719278,-1.5037978809635466,0.31756511625260303
corn_starch,m5_rep4,m5_rep4,HJ+-D,0.05,2,8,0.0024688243865966797,20,1.0,inf,inf,inf,0.0,1.535321884719278,-1.5037978809635466,0.31756511625260303
corn_starch,m5_rep4,m5_rep4,HJ+-D,0.1,2,8,0.0021326541900634766,20,1.0,inf,inf,inf,0.0,1.535321884719278,-1.5037978809635466,0.31756511625260303
corn_starch,m5_rep4,m5_rep4,HJ+-D,0.2,2,8,0.0021257400512695312,20,1.0,inf,inf,inf,0.0,1.535321884719278,-1.5037978809635466,0.31756511625260303
corn_starch,m5_rep4,m5_rep4,HCP-D,0.05,2,8,0.00028443336486816406,20,1.0,inf,inf,inf,0.0,1.535321884719278,-1.5037978809635466,0.31756511625260303
corn_starch,m5_rep4,m5_rep4,HCP-D,0.1,2,8,0.0001971721649169922,20,1.0,inf,inf,inf,0.0,1.535321884719278,-1.5037978809635466,0.31756511625260303
corn_starch,m5_rep4,m5_rep4,HCP-D,0.2,2,8,0.00015044212341308594,20,1.0,inf,inf,inf,0.0,1.535321884719278,-1.5037978809635466,0.31756511625260303
corn_starch,m5_rep4,m5_rep4,HCP-A,0.05,2,8,0.0001628398895263672,20,1.0,inf,inf,inf,0.0,1.535321884719278,-1.5037978809635466,0.31756511625260303
corn_starch,m5_rep4,m5_rep4,HCP-A,0.1,2,8,0.0001442432403564453,20,1.0,inf,inf,inf,0.0,1.535321884719278,-1.5037978809635466,0.31756511625260303
corn_starch,m5_rep4,m5_rep4,HCP-A,0.2,2,8,0.00018644332885742188,20,1.0,inf,inf,inf,0.0,1.535321884719278,-1.5037978809635466,0.31756511625260303
corn_starch,m5_rep4,m5_rep4,ORACLE,0.05,2,8,0.00012040138244628906,20,1.0,inf,inf,inf,0.0,1.535321884719278,-1.5037978809635466,0.31756511625260303
corn_starch,m5_rep4,m5_rep4,ORACLE,0.1,2,8,9.775161743164062e-05,20,0.95,3.8514406349358836,3.851440634935887,3.933749215759093,1.0,1.535321884719278,-1.5037978809635466,0.31756511625260303
corn_starch,m5_rep4,m5_rep4,ORACLE,0.2,2,8,8.654594421386719e-05,20,0.85,3.696110505921226,3.696110505921226,3.804763166069556,1.0,1.535321884719278,-1.5037978809635466,0.31756511625260303
corn_starch,m5_rep5,m5_rep5,ASTM-R,0.05,2,5,0.020386219024658203,20,0.05,1.641346858762427,1.632968029628504,23.857774226463654,1.0,1.4081291896600536,-1.3754667261788511,0.3093611412802573
corn_starch,m5_rep5,m5_rep5,ASTM-R,0.1,2,5,0.000217437744140625,20,0.0,1.3740056881100418,1.3669915954895515,15.143283330586659,1.0,1.4081291896600536,-1.3754667261788511,0.3093611412802573
corn_starch,m5_rep5,m5_rep5,ASTM-R,0.2,2,5,0.00021576881408691406,20,0.0,1.0680162500885877,1.062564187580307,9.48260226143416,1.0,1.4081291896600536,-1.3754667261788511,0.3093611412802573
corn_starch,m5_rep5,m5_rep5,ASTM-G,0.05,2,5,0.0002377033233642578,20,0.1,1.8560051659251182,1.8465305383813124,20.004906059458143,1.0,1.4081291896600536,-1.3754667261788511,0.3093611412802573
corn_starch,m5_rep5,m5_rep5,ASTM-G,0.1,2,5,0.0001804828643798828,20,0.0,1.553700634042433,1.5457692257185869,13.526028817195145,1.0,1.4081291896600536,-1.3754667261788511,0.3093611412802573
corn_starch,m5_rep5,m5_rep5,ASTM-G,0.2,2,5,0.00018596649169921875,20,0.0,1.2076933445688602,1.2015282514769936,8.923893883513076,1.0,1.4081291896600536,-1.3754667261788511,0.3093611412802573
corn_starch,m5_rep5,m5_rep5,GPR,0.05,2,5,0.07617521286010742,20,0.2,1.716792973039895,1.5810066604225241,22.02908598160148,1.0,1.4081291896600536,-1.3754667261788511,0.3093611412802573
corn_starch,m5_rep5,m5_rep5,GPR,0.1,2,5,0.00015878677368164062,20,0.2,1.440778080976908,1.326822615182234,13.567293193009665,1.0,1.4081291896600536,-1.3754667261788511,0.3093611412802573
corn_starch,m5_rep5,m5_rep5,GPR,0.2,2,5,8.416175842285156e-05,20,0.15,1.1225505874953914,1.0337646899549497,8.359285433702423,1.0,1.4081291896600536,-1.3754667261788511,0.3093611412802573
corn_starch,m5_rep5,m5_rep5,BAG,0.05,2,5,0.04802370071411133,20,0.2,2.150134579344996,2.174589677831417,16.75906357992615,1.0,1.4081291896600536,-1.3754667261788511,0.3093611412802573
corn_starch,m5_rep5,m5_rep5,BAG,0.1,2,5,0.0001010894775390625,20,0.05,1.8044498211018616,1.8249731867147645,12.082840118730948,1.0,1.4081291896600536,-1.3754667261788511,0.3093611412802573
corn_starch,m5_rep5,m5_rep5,BAG,0.2,2,5,9.560585021972656e-05,20,0.0,1.4058974338438126,1.421887763257022,8.50480740898782,1.0,1.4081291896600536,-1.3754667261788511,0.3093611412802573
corn_starch,m5_rep5,m5_rep5,QGB,0.05,2,5,0.03452253341674805,20,0.85,1.7721807110473553,1.9068816113516966,2.3116365529523795,1.0,1.4081291896600536,-1.3754667261788511,0.3093611412802573
corn_starch,m5_rep5,m5_rep5,QGB,0.1,2,5,0.028571367263793945,20,0.8,1.4808154433202003,1.614193799377766,2.1052037913150454,1.0,1.4081291896600536,-1.3754667261788511,0.3093611412802573
corn_starch,m5_rep5,m5_rep5,QGB,0.2,2,5,0.02838420867919922,20,0.2,0.7155953599218791,0.7290723155725409,4.019820519136244,1.0,1.4081291896600536,-1.3754667261788511,0.3093611412802573
corn_starch,m5_rep5,m5_rep5,SCP,0.05,2,5,2.7179718017578125e-05,20,0.0,1.5498904418985835,1.549890441898583,27.399656757417006,1.0,1.4081291896600536,-1.3754667261788511,0.3093611412802573
corn_starch,m5_rep5,m5_rep5,SCP,0.1,2,5,1.0251998901367188e-05,20,0.0,0.8508049881913695,0.8508049881913706,20.766542683022728,1.0,1.4081291896600536,-1.3754667261788511,0.3093611412802573
corn_starch,m5_rep5,m5_rep5,SCP,0.2,2,5,8.344650268554688e-06,20,0.0,0.7408029708701346,0.7408029708701349,11.24868190489199,1.0,1.4081291896600536,-1.3754667261788511,0.3093611412802573
corn_starch,m5_rep5,m5_rep5,NCP-kNN,0.05,2,5,0.007944345474243164,20,0.05,1.7506149941817999,1.647498945962166,24.46810241749787,1.0,1.4081291896600536,-1.3754667261788511,0.3093611412802573
corn_starch,m5_rep5,m5_rep5,NCP-kNN,0.1,2,5,1.9788742065429688e-05,20,0.0,0.8011361720957517,0.7539470434598918,21.213562027883277,1.0,1.4081291896600536,-1.3754667261788511,0.3093611412802573
corn_starch,m5_rep5,m5_rep5,NCP-kNN,0.2,2,5,1.2159347534179688e-05,20,0.0,0.6570795240185987,0.6183757290048391,11.583575692298128,1.0,1.4081291896600536,-1.3754667261788511,0.3093611412802573
corn_starch,m5_rep5,m5_rep5,CV+,0.05,2,5,0.007097482681274414,20,0.15,1.8939868749354893,1.8566355110550035,16.758375712345792,1.0,1.4081291896600536,-1.3754667261788511,0.3093611412802573
corn_starch,m5_rep5,m5_rep5,CV+,0.1,2,5,0.005076408386230469,20,0.05,1.495365610039006,1.482160723704169,13.212486552340959,1.0,1.4081291896600536,-1.3754667261788511,0.3093611412802573
corn_starch,m5_rep5,m5_rep5,CV+,0.2,2,5,0.004589557647705078,20,0.0,1.0655953015732043,1.0693322471248194,9.019643805376369,1.0,1.4081291896600536,-1.3754667261788511,0.3093611412802573
corn_starch,m5_rep5,m5_rep5,CQR,0.05,2,5,2.7179718017578125e-05,20,0.85,1.8535147103359013,1.9882156106402427,2.1489685543752874,1.0,1.4081291896600536,-1.3754667261788511,0.3093611412802573
corn_starch,m5_rep5,m5_rep5,CQR,0.1,2,5,2.002716064453125e-05,20,0.8,1.361128728471432,1.4945070845289976,2.224890506163814,1.0,1.4081291896600536,-1.3754667261788511,0.3093611412802573
corn_starch,m5_rep5,m5_rep5,CQR,0.2,2,5,1.2159347534179688e-05,20,0.2,0.7819250895407223,0.7954020451913841,3.8208313302797143,1.0,1.4081291896600536,-1.3754667261788511,0.3093611412802573
corn_starch,m5_rep5,m5_rep5,WCP,0.05,2,5,0.0035669803619384766,20,1.0,inf,inf,inf,0.0,1.4081291896600536,-1.3754667261788511,0.3093611412802573
corn_starch,m5_rep5,m5_rep5,WCP,0.1,2,5,0.00011897087097167969,20,1.0,inf,inf,inf,0.0,1.4081291896600536,-1.3754667261788511,0.3093611412802573
corn_starch,m5_rep5,m5_rep5,WCP,0.2,2,5,8.7738037109375e-05,20,1.0,inf,inf,inf,0.0,1.4081291896600536,-1.3754667261788511,0.3093611412802573
corn_starch,m5_rep5,m5_rep5,R-U-A,0.05,2,5,5.14984130859375e-05,20,0.05,1.6813142291793508,1.6813142291793497,23.171438458558114,1.0,1.4081291896600536,-1.3754667261788511,0.3093611412802573
corn_starch,m5_rep5,m5_rep5,R-U-A,0.1,2,5,3.504753112792969e-05,20,0.0,1.3490907586297278,1.3490907586297283,15.367517695909475,1.0,1.4081291896600536,-1.3754667261788511,0.3093611412802573
corn_starch,m5_rep5,m5_rep5,R-U-A,0.2,2,5,5.316734313964844e-05,20,0.0,0.8898395554076327,0.889839555407633,10.195309040157984,1.0,1.4081291896600536,-1.3754667261788511,0.3093611412802573
corn_starch,m5_rep5,m5_rep5,R-U-D,0.05,2,5,0.0034761428833007812,20,0.25,2.25465268912553,2.236879702031416,14.18408144494902,1.0,1.4081291896600536,-1.3754667261788511,0.3093611412802573
corn_starch,m5_rep5,m5_rep5,R-U-D,0.1,2,5,0.0003590583801269531,20,0.1,1.7576711813825578,1.7438158025150798,11.86970485294284,1.0,1.4081291896600536,-1.3754667261788511,0.3093611412802573
corn_starch,m5_rep5,m5_rep5,R-U-D,0.2,2,5,0.0003848075866699219,20,0.0,1.1173731330766767,1.1085650987531324,9.285174729481811,1.0,1.4081291896600536,-1.3754667261788511,0.3093611412802573
corn_starch,m5_rep5,m5_rep5,G-U-A,0.05,2,5,5.412101745605469e-05,20,0.05,1.6021097371369717,1.6021097371369706,24.59711931532094,1.0,1.4081291896600536,-1.3754667261788511,0.3093611412802573
corn_starch,m5_rep5,m5_rep5,G-U-A,0.1,2,5,4.00543212890625e-05,20,0.0,1.3621755980117318,1.3621755980117314,15.249754141471433,1.0,1.4081291896600536,-1.3754667261788511,0.3093611412802573
corn_starch,m5_rep5,m5_rep5,G-U-A,0.2,2,5,3.457069396972656e-05,20,0.0,1.0705523004835986,1.0705523004835982,9.472458059854118,1.0,1.4081291896600536,-1.3754667261788511,0.3093611412802573
corn_starch,m5_rep5,m5_rep5,G-W-A,0.05,2,5,0.00010156631469726562,20,0.05,1.6021097371369717,1.6021097371369706,24.59711931532094,1.0,1.4081291896600536,-1.3754667261788511,0.3093611412802573
corn_starch,m5_rep5,m5_rep5,G-W-A,0.1,2,5,8.368492126464844e-05,20,0.0,1.3621755980117318,1.3621755980117314,15.249754141471433,1.0,1.4081291896600536,-1.3754667261788511,0.3093611412802573
corn_starch,m5_rep5,m5_rep5,G-W-A,0.2,2,5,6.985664367675781e-05,20,0.0,1.0705523004835986,1.0705523004835982,9.472458059854118,1.0,1.4081291896600536,-1.3754667261788511,0.3093611412802573
corn_starch,m5_rep5,m5_rep5,G-U-D,0.05,2,5,0.003427267074584961,20,0.0,1.5276778920557104,1.538065832838356,25.992789098095546,1.0,1.4081291896600536,-1.3754667261788511,0.3093611412802573
corn_starch,m5_rep5,m5_rep5,G-U-D,0.1,2,5,0.00035834312438964844,20,0.0,1.1749084735463409,1.1828976443733197,16.93515826165995,1.0,1.4081291896600536,-1.3754667261788511,0.3093611412802573
corn_starch,m5_rep5,m5_rep5,G-U-D,0.2,2,5,0.0003573894500732422,20,0.0,0.9081476365891217,0.9143228806767993,10.122076715432028,1.0,1.4081291896600536,-1.3754667261788511,0.3093611412802573
corn_starch,m5_rep5,m5_rep5,GC-D,0.05,2,5,0.00042700767517089844,20,0.0,1.5276778920557104,1.538065832838356,25.992789098095546,1.0,1.4081291896600536,-1.3754667261788511,0.3093611412802573
corn_starch,m5_rep5,m5_rep5,GC-D,0.1,2,5,0.0004336833953857422,20,0.0,1.1749084735463409,1.1828976443733197,16.93515826165995,1.0,1.4081291896600536,-1.3754667261788511,0.3093611412802573
corn_starch,m5_rep5,m5_rep5,GC-D,0.2,2,5,0.0003800392150878906,20,0.0,0.9081476365891217,0.9143228806767993,10.122076715432028,1.0,1.4081291896600536,-1.3754667261788511,0.3093611412802573
corn_starch,m5_rep5,m5_rep5,GC-D+,0.05,2,5,0.0005822181701660156,20,1.0,inf,inf,inf,0.0,1.4081291896600536,-1.3754667261788511,0.3093611412802573
corn_starch,m5_rep5,m5_rep5,GC-D+,0.1,2,5,0.0004329681396484375,20,1.0,inf,inf,inf,0.0,1.4081291896600536,-1.3754667261788511,0.3093611412802573
corn_starch,m5_rep5,m5_rep5,GC-D+,0.2,2,5,0.0004367828369140625,20,1.0,inf,inf,inf,0.0,1.4081291896600536,-1.3754667261788511,0.3093611412802573
corn_starch,m5_rep5,m5_rep5,HJ+,0.05,2,5,0.0016570091247558594,20,1.0,inf,inf,inf,0.0,1.4081291896600536,-1.3754667261788511,0.3093611412802573
corn_starch,m5_rep5,m5_rep5,HJ+,0.1,2,5,0.0004436969757080078,20,1.0,inf,inf,inf,0.0,1.4081291896600536,-1.3754667261788511,0.3093611412802573
corn_starch,m5_rep5,m5_rep5,HJ+,0.2,2,5,0.0006101131439208984,20,1.0,inf,inf,inf,0.0,1.4081291896600536,-1.3754667261788511,0.3093611412802573
corn_starch,m5_rep5,m5_rep5,HJ+-D,0.05,2,5,0.0027205944061279297,20,1.0,inf,inf,inf,0.0,1.4081291896600536,-1.3754667261788511,0.3093611412802573
corn_starch,m5_rep5,m5_rep5,HJ+-D,0.1,2,5,0.0031638145446777344,20,1.0,inf,inf,inf,0.0,1.4081291896600536,-1.3754667261788511,0.3093611412802573
corn_starch,m5_rep5,m5_rep5,HJ+-D,0.2,2,5,0.00335693359375,20,1.0,inf,inf,inf,0.0,1.4081291896600536,-1.3754667261788511,0.3093611412802573
corn_starch,m5_rep5,m5_rep5,HCP-D,0.05,2,5,0.0003952980041503906,20,1.0,inf,inf,inf,0.0,1.4081291896600536,-1.3754667261788511,0.3093611412802573
corn_starch,m5_rep5,m5_rep5,HCP-D,0.1,2,5,0.0002727508544921875,20,1.0,inf,inf,inf,0.0,1.4081291896600536,-1.3754667261788511,0.3093611412802573
corn_starch,m5_rep5,m5_rep5,HCP-D,0.2,2,5,0.0002002716064453125,20,1.0,inf,inf,inf,0.0,1.4081291896600536,-1.3754667261788511,0.3093611412802573
corn_starch,m5_rep5,m5_rep5,HCP-A,0.05,2,5,0.000209808349609375,20,1.0,inf,inf,inf,0.0,1.4081291896600536,-1.3754667261788511,0.3093611412802573
corn_starch,m5_rep5,m5_rep5,HCP-A,0.1,2,5,0.00020122528076171875,20,1.0,inf,inf,inf,0.0,1.4081291896600536,-1.3754667261788511,0.3093611412802573
corn_starch,m5_rep5,m5_rep5,HCP-A,0.2,2,5,0.0002913475036621094,20,1.0,inf,inf,inf,0.0,1.4081291896600536,-1.3754667261788511,0.3093611412802573
corn_starch,m5_rep5,m5_rep5,ORACLE,0.05,2,5,0.00019311904907226562,20,1.0,inf,inf,inf,0.0,1.4081291896600536,-1.3754667261788511,0.3093611412802573
corn_starch,m5_rep5,m5_rep5,ORACLE,0.1,2,5,0.00014209747314453125,20,0.85,3.560200642182713,3.560200642182714,3.900741021195613,1.0,1.4081291896600536,-1.3754667261788511,0.3093611412802573
corn_starch,m5_rep5,m5_rep5,ORACLE,0.2,2,5,0.00019979476928710938,20,0.8,3.2793451050095266,3.2793451050095292,3.521474359044949,1.0,1.4081291896600536,-1.3754667261788511,0.3093611412802573
corn_starch,m5_rep6,m5_rep6,ASTM-R,0.05,2,5,0.014143228530883789,20,0.1,1.3821365782274515,1.3797702587477225,27.783420167288227,1.0,1.39539861317435,-1.3256003140493722,0.4471207267101313
corn_starch,m5_rep6,m5_rep6,ASTM-R,0.1,2,5,0.0001437664031982422,20,0.1,1.1570153560724887,1.1550344606830265,16.385167625831496,1.0,1.39539861317435,-1.3256003140493722,0.4471207267101313
corn_starch,m5_rep6,m5_rep6,ASTM-R,0.2,2,5,0.00010228157043457031,20,0.05,0.8993494077795141,0.8978096554451653,9.71252114726084,1.0,1.39539861317435,-1.3256003140493722,0.4471207267101313
corn_starch,m5_rep6,m5_rep6,ASTM-G,0.05,2,5,0.00010967254638671875,20,0.1,1.6168416016942193,1.6140734499514835,23.790474957583427,1.0,1.39539861317435,-1.3256003140493722,0.4471207267101313
corn_starch,m5_rep6,m5_rep6,ASTM-G,0.1,2,5,0.00010514259338378906,20,0.1,1.3534918263260078,1.351174548768391,14.812117004140115,1.0,1.39539861317435,-1.3256003140493722,0.4471207267101313
corn_starch,m5_rep6,m5_rep6,ASTM-G,0.2,2,5,0.0001277923583984375,20,0.1,1.0520708010071076,1.0502695784147136,9.138728291559067,1.0,1.39539861317435,-1.3256003140493722,0.4471207267101313
corn_starch,m5_rep6,m5_rep6,GPR,0.05,2,5,0.05377912521362305,20,0.7,2.312517368769052,2.3253194467453078,4.71626645828488,1.0,1.39539861317435,-1.3256003140493722,0.4471207267101313
corn_starch,m5_rep6,m5_rep6,GPR,0.1,2,5,0.00011491775512695312,20,0.65,1.9407257538462794,1.9514695963647526,4.142391965874502,1.0,1.39539861317435,-1.3256003140493722,0.4471207267101313
corn_starch,m5_rep6,m5_rep6,GPR,0.2,2,5,9.036064147949219e-05,20,0.6,1.5120738328212344,1.5204446616742722,3.2816138005109154,1.0,1.39539861317435,-1.3256003140493722,0.4471207267101313
corn_starch,m5_rep6,m5_rep6,BAG,0.05,2,5,0.03734421730041504,20,0.1,1.6633111819407103,1.6377579264307442,25.595268709418757,1.0,1.39539861317435,-1.3256003140493722,0.4471207267101313
corn_starch,m5_rep6,m5_rep6,BAG,0.1,2,5,0.00011396408081054688,20,0.1,1.3958947470180956,1.374449778979134,15.772798857898177,1.0,1.39539861317435,-1.3256003140493722,0.4471207267101313
corn_starch,m5_rep6,m5_rep6,BAG,0.2,2,5,8.893013000488281e-05,20,0.05,1.087580723940795,1.0708723482451887,9.690601423091778,1.0,1.39539861317435,-1.3256003140493722,0.4471207267101313
corn_starch,m5_rep6,m5_rep6,QGB,0.05,2,5,0.03376483917236328,20,0.75,1.7258505835636804,1.7065999619175578,5.894368101376255,1.0,1.39539861317435,-1.3256003140493722,0.4471207267101313
corn_starch,m5_rep6,m5_rep6,QGB,0.1,2,5,0.029668569564819336,20,0.65,1.3110184195863948,1.375598857062247,4.803109875495499,1.0,1.39539861317435,-1.3256003140493722,0.4471207267101313
corn_starch,m5_rep6,m5_rep6,QGB,0.2,2,5,0.03043198585510254,20,0.55,0.9923675157220366,1.1115570265093666,3.399451071665978,1.0,1.39539861317435,-1.3256003140493722,0.4471207267101313
corn_starch,m5_rep6,m5_rep6,SCP,0.05,2,5,2.7894973754882812e-05,20,0.25,1.6333056641163914,1.633305664116392,17.806506795970094,1.0,1.39539861317435,-1.3256003140493722,0.4471207267101313
corn_starch,m5_rep6,m5_rep6,SCP,0.1,2,5,1.0251998901367188e-05,20,0.15,1.4776656684336167,1.477665668433616,10.793979389383125,1.0,1.39539861317435,-1.3256003140493722,0.4471207267101313
corn_starch,m5_rep6,m5_rep6,SCP,0.2,2,5,8.344650268554688e-06,20,0.1,0.9119093290528891,0.9119093290528895,8.045615897199074,1.0,1.39539861317435,-1.3256003140493722,0.4471207267101313
corn_starch,m5_rep6,m5_rep6,NCP-kNN,0.05,2,5,0.006929874420166016,20,0.2,1.5648108148220607,1.5790526157926799,18.767431867774075,1.0,1.39539861317435,-1.3256003140493722,0.4471207267101313
corn_starch,m5_rep6,m5_rep6,NCP-kNN,0.1,2,5,1.6689300537109375e-05,20,0.15,1.3657978443834682,1.3782283700940319,11.583664667436562,1.0,1.39539861317435,-1.3256003140493722,0.4471207267101313
corn_starch,m5_rep6,m5_rep6,NCP-kNN,0.2,2,5,1.1920928955078125e-05,20,0.1,0.8713538967087381,0.8792843434147244,8.168917638739627,1.0,1.39539861317435,-1.3256003140493722,0.4471207267101313
corn_starch,m5_rep6,m5_rep6,CV+,0.05,2,5,0.005266666412353516,20,0.1,1.32432615178908,1.3358999943047785,28.996630340478106,1.0,1.39539861317435,-1.3256003140493722,0.4471207267101313
corn_starch,m5_rep6,m5_rep6,CV+,0.1,2,5,0.0045452117919921875,20,0.05,1.1364979106616435,1.1284217944459023,16.945303333407857,1.0,1.39539861317435,-1.3256003140493722,0.4471207267101313
corn_starch,m5_rep6,m5_rep6,CV+,0.2,2,5,0.005026817321777344,20,0.05,0.9163894137332452,0.9239272430066485,9.755041807350535,1.0,1.39539861317435,-1.3256003140493722,0.4471207267101313
corn_starch,m5_rep6,m5_rep6,CQR,0.05,2,5,2.9325485229492188e-05,20,0.9,2.5250392887282764,2.505788667082154,3.8102540519927963,1.0,1.39539861317435,-1.3256003140493722,0.4471207267101313
corn_starch,m5_rep6,m5_rep6,CQR,0.1,2,5,1.5735626220703125e-05,20,0.7,1.878154913314125,1.9427353507899774,3.633888978584755,1.0,1.39539861317435,-1.3256003140493722,0.4471207267101313
corn_starch,m5_rep6,m5_rep6,CQR,0.2,2,5,1.239776611328125e-05,20,0.65,1.4497341525881773,1.5689236633755073,3.028636159206882,1.0,1.39539861317435,-1.3256003140493722,0.4471207267101313
corn_starch,m5_rep6,m5_rep6,WCP,0.05,2,5,0.003299236297607422,20,1.0,inf,inf,inf,0.0,1.39539861317435,-1.3256003140493722,0.4471207267101313
corn_starch,m5_rep6,m5_rep6,WCP,0.1,2,5,0.0001513957977294922,20,1.0,inf,inf,inf,0.0,1.39539861317435,-1.3256003140493722,0.4471207267101313
corn_starch,m5_rep6,m5_rep6,WCP,0.2,2,5,0.00011038780212402344,20,1.0,inf,inf,inf,0.0,1.39539861317435,-1.3256003140493722,0.4471207267101313
corn_starch,m5_rep6,m5_rep6,R-U-A,0.05,2,5,5.1975250244140625e-05,20,0.1,1.1997977361021832,1.1997977361021839,30.90061028815355,1.0,1.39539861317435,-1.3256003140493722,0.4471207267101313
corn_starch,m5_rep6,m5_rep6,R-U-A,0.1,2,5,3.62396240234375e-05,20,0.05,1.0286829512237428,1.0286829512237432,17.440460223548868,1.0,1.39539861317435,-1.3256003140493722,0.4471207267101313
corn_starch,m5_rep6,m5_rep6,R-U-A,0.2,2,5,3.218650817871094e-05,20,0.05,0.8410109601377659,0.8410109601377656,9.938341553958715,1.0,1.39539861317435,-1.3256003140493722,0.4471207267101313
corn_starch,m5_rep6,m5_rep6,R-U-D,0.05,2,5,0.003640413284301758,20,0.05,1.0554166572183021,1.0516682372227777,33.39188021471892,1.0,1.39539861317435,-1.3256003140493722,0.4471207267101313
corn_starch,m5_rep6,m5_rep6,R-U-D,0.1,2,5,0.00045228004455566406,20,0.05,0.8667561753225523,0.8636778022870288,18.825399067605964,1.0,1.39539861317435,-1.3256003140493722,0.4471207267101313
corn_starch,m5_rep6,m5_rep6,R-U-D,0.2,2,5,0.0003769397735595703,20,0.05,0.7006290618280264,0.6981407061944083,10.468233849745898,1.0,1.39539861317435,-1.3256003140493722,0.4471207267101313
corn_starch,m5_rep6,m5_rep6,G-U-A,0.05,2,5,4.029273986816406e-05,20,0.1,1.431398139762507,1.431398139762507,26.96340342592802,1.0,1.39539861317435,-1.3256003140493722,0.4471207267101313
corn_starch,m5_rep6,m5_rep6,G-U-A,0.1,2,5,3.2901763916015625e-05,20,0.1,1.2395413640157078,1.2395413640157074,15.732254988819653,1.0,1.39539861317435,-1.3256003140493722,0.4471207267101313
corn_starch,m5_rep6,m5_rep6,G-U-A,0.2,2,5,3.3855438232421875e-05,20,0.05,1.0310247761125306,1.031024776112531,9.225789744053351,1.0,1.39539861317435,-1.3256003140493722,0.4471207267101313
corn_starch,m5_rep6,m5_rep6,G-W-A,0.05,2,5,0.00013327598571777344,20,0.1,1.431398139762507,1.431398139762507,26.96340342592802,1.0,1.39539861317435,-1.3256003140493722,0.4471207267101313
corn_starch,m5_rep6,m5_rep6,G-W-A,0.1,2,5,7.82012939453125e-05,20,0.1,1.2395413640157078,1.2395413640157074,15.732254988819653,1.0,1.39539861317435,-1.3256003140493722,0.4471207267101313
corn_starch,m5_rep6,m5_rep6,G-W-A,0.2,2,5,7.128715515136719e-05,20,0.05,1.0310247761125306,1.031024776112531,9.225789744053351,1.0,1.39539861317435,-1.3256003140493722,0.4471207267101313
corn_starch,m5_rep6,m5_rep6,G-U-D,0.05,2,5,0.003609180450439453,20,0.15,1.817260903661433,1.7689654318521875,20.197691751731593,1.0,1.39539861317435,-1.3256003140493722,0.4471207267101313
corn_starch,m5_rep6,m5_rep6,G-U-D,0.1,2,5,0.0003502368927001953,20,0.1,1.5218127872274316,1.4813691357867285,13.381786681032224,1.0,1.39539861317435,-1.3256003140493722,0.4471207267101313
corn_starch,m5_rep6,m5_rep6,G-U-D,0.2,2,5,0.00038313865661621094,20,0.1,1.2449545366112769,1.2118686618172063,8.429199244639756,1.0,1.39539861317435,-1.3256003140493722,0.4471207267101313
corn_starch,m5_rep6,m5_rep6,GC-D,0.05,2,5,0.00048422813415527344,20,0.15,1.817260903661433,1.7689654318521875,20.197691751731593,1.0,1.39539861317435,-1.3256003140493722,0.4471207267101313
corn_starch,m5_rep6,m5_rep6,GC-D,0.1,2,5,0.0004279613494873047,20,0.1,1.5218127872274316,1.4813691357867285,13.381786681032224,1.0,1.39539861317435,-1.3256003140493722,0.4471207267101313
corn_starch,m5_rep6,m5_rep6,GC-D,0.2,2,5,0.0003840923309326172,20,0.1,1.2449545366112769,1.2118686618172063,8.429199244639756,1.0,1.39539861317435,-1.3256003140493722,0.4471207267101313
corn_starch,m5_rep6,m5_rep6,GC-D+,0.05,2,5,0.0004525184631347656,20,1.0,inf,inf,inf,0.0,1.39539861317435,-1.3256003140493722,0.4471207267101313
corn_starch,m5_rep6,m5_rep6,GC-D+,0.1,2,5,0.00041985511779785156,20,1.0,inf,inf,inf,0.0,1.39539861317435,-1.3256003140493722,0.4471207267101313
corn_starch,m5_rep6,m5_rep6,GC-D+,0.2,2,5,0.00037741661071777344,20,1.0,inf,inf,inf,0.0,1.39539861317435,-1.3256003140493722,0.4471207267101313
corn_starch,m5_rep6,m5_rep6,HJ+,0.05,2,5,0.0017499923706054688,20,1.0,inf,inf,inf,0.0,1.39539861317435,-1.3256003140493722,0.4471207267101313
corn_starch,m5_rep6,m5_rep6,HJ+,0.1,2,5,0.0004050731658935547,20,1.0,inf,inf,inf,0.0,1.39539861317435,-1.3256003140493722,0.4471207267101313
corn_starch,m5_rep6,m5_rep6,HJ+,0.2,2,5,0.0003864765167236328,20,1.0,inf,inf,inf,0.0,1.39539861317435,-1.3256003140493722,0.4471207267101313
corn_starch,m5_rep6,m5_rep6,HJ+-D,0.05,2,5,0.0021941661834716797,20,1.0,inf,inf,inf,0.0,1.39539861317435,-1.3256003140493722,0.4471207267101313
corn_starch,m5_rep6,m5_rep6,HJ+-D,0.1,2,5,0.0020394325256347656,20,1.0,inf,inf,inf,0.0,1.39539861317435,-1.3256003140493722,0.4471207267101313
corn_starch,m5_rep6,m5_rep6,HJ+-D,0.2,2,5,0.0021386146545410156,20,1.0,inf,inf,inf,0.0,1.39539861317435,-1.3256003140493722,0.4471207267101313
corn_starch,m5_rep6,m5_rep6,HCP-D,0.05,2,5,0.0002493858337402344,20,1.0,inf,inf,inf,0.0,1.39539861317435,-1.3256003140493722,0.4471207267101313
corn_starch,m5_rep6,m5_rep6,HCP-D,0.1,2,5,0.000152587890625,20,1.0,inf,inf,inf,0.0,1.39539861317435,-1.3256003140493722,0.4471207267101313
corn_starch,m5_rep6,m5_rep6,HCP-D,0.2,2,5,0.00014281272888183594,20,1.0,inf,inf,inf,0.0,1.39539861317435,-1.3256003140493722,0.4471207267101313
corn_starch,m5_rep6,m5_rep6,HCP-A,0.05,2,5,0.000141143798828125,20,1.0,inf,inf,inf,0.0,1.39539861317435,-1.3256003140493722,0.4471207267101313
corn_starch,m5_rep6,m5_rep6,HCP-A,0.1,2,5,0.0001289844512939453,20,1.0,inf,inf,inf,0.0,1.39539861317435,-1.3256003140493722,0.4471207267101313
corn_starch,m5_rep6,m5_rep6,HCP-A,0.2,2,5,0.0001270771026611328,20,1.0,inf,inf,inf,0.0,1.39539861317435,-1.3256003140493722,0.4471207267101313
corn_starch,m5_rep6,m5_rep6,ORACLE,0.05,2,5,0.00011754035949707031,20,1.0,inf,inf,inf,0.0,1.39539861317435,-1.3256003140493722,0.4471207267101313
corn_starch,m5_rep6,m5_rep6,ORACLE,0.1,2,5,0.00012135505676269531,20,0.95,4.112953464267898,4.112953464267896,4.380472696671257,1.0,1.39539861317435,-1.3256003140493722,0.4471207267101313
corn_starch,m5_rep6,m5_rep6,ORACLE,0.2,2,5,8.678436279296875e-05,20,0.75,3.50203898297616,3.5020389829761633,3.976603994752381,1.0,1.39539861317435,-1.3256003140493722,0.4471207267101313
corn_starch,m5_rep7,m5_rep7,ASTM-R,0.05,2,5,0.015019655227661133,20,0.05,1.7381417745957013,1.7272593193427284,15.849465306434325,1.0,1.2567340220895322,-1.2195269534172852,0.3114218870821008
corn_starch,m5_rep7,m5_rep7,ASTM-R,0.1,2,5,0.00010824203491210938,20,0.0,1.4550347309507117,1.445924800689255,11.295226489789304,1.0,1.2567340220895322,-1.2195269534172852,0.3114218870821008
corn_starch,m5_rep7,m5_rep7,ASTM-R,0.2,2,5,0.0001125335693359375,20,0.0,1.1310002211389496,1.1239190615479728,7.671268649617053,1.0,1.2567340220895322,-1.2195269534172852,0.3114218870821008
corn_starch,m5_rep7,m5_rep7,ASTM-G,0.05,2,5,0.000148773193359375,20,0.35,2.071102833579622,2.05813571879062,10.860230895871075,1.0,1.2567340220895322,-1.2195269534172852,0.3114218870821008
corn_starch,m5_rep7,m5_rep7,ASTM-G,0.1,2,5,9.942054748535156e-05,20,0.05,1.733763377806012,1.722908335568384,8.831033792877854,1.0,1.2567340220895322,-1.2195269534172852,0.3114218870821008
corn_starch,m5_rep7,m5_rep7,ASTM-G,0.2,2,5,0.00013875961303710938,20,0.0,1.347656328739302,1.33921869154063,6.8046442192156436,1.0,1.2567340220895322,-1.2195269534172852,0.3114218870821008
corn_starch,m5_rep7,m5_rep7,GPR,0.05,2,5,0.049083709716796875,20,0.2,1.9274077834689767,1.7421267585421347,21.072191940177188,1.0,1.2567340220895322,-1.2195269534172852,0.3114218870821008
corn_starch,m5_rep7,m5_rep7,GPR,0.1,2,5,0.00010538101196289062,20,0.2,1.6175316017337047,1.4620388639792843,13.296425873793613,1.0,1.2567340220895322,-1.2195269534172852,0.3114218870821008
corn_starch,m5_rep7,m5_rep7,GPR,0.2,2,5,8.034706115722656e-05,20,0.15,1.2602642098687196,1.1391154594663355,8.329368935021424,1.0,1.2567340220895322,-1.2195269534172852,0.3114218870821008
corn_starch,m5_rep7,m5_rep7,BAG,0.05,2,5,0.03634452819824219,20,0.35,2.236817024889531,2.1812964129625456,9.108765580694735,1.0,1.2567340220895322,-1.2195269534172852,0.3114218870821008
corn_starch,m5_rep7,m5_rep7,BAG,0.1,2,5,0.00011301040649414062,20,0.3,1.877196022599239,1.8306016562644487,7.703244598205861,1.0,1.2567340220895322,-1.2195269534172852,0.3114218870821008
corn_starch,m5_rep7,m5_rep7,BAG,0.2,2,5,8.416175842285156e-05,20,0.0,1.4625760384860869,1.4262730616476027,6.214407460358492,1.0,1.2567340220895322,-1.2195269534172852,0.3114218870821008
corn_starch,m5_rep7,m5_rep7,QGB,0.05,2,5,0.03216075897216797,20,0.75,1.6778169655872304,1.8471217536572837,3.750661843267058,1.0,1.2567340220895322,-1.2195269534172852,0.3114218870821008
corn_starch,m5_rep7,m5_rep7,QGB,0.1,2,5,0.0287628173828125,20,0.6,1.2566396004410774,1.2749214837248068,3.863416069144223,1.0,1.2567340220895322,-1.2195269534172852,0.3114218870821008
corn_starch,m5_rep7,m5_rep7,QGB,0.2,2,5,0.02957010269165039,20,0.5,1.12311450863786,1.1313658187763522,2.376550380518685,1.0,1.2567340220895322,-1.2195269534172852,0.3114218870821008
corn_starch,m5_rep7,m5_rep7,SCP,0.05,2,5,2.8133392333984375e-05,20,0.75,2.132987370749306,2.132987370749305,5.168051566562469,1.0,1.2567340220895322,-1.2195269534172852,0.3114218870821008
corn_starch,m5_rep7,m5_rep7,SCP,0.1,2,5,9.775161743164062e-06,20,0.7,1.984680620510148,1.9846806205101473,3.897383533120327,1.0,1.2567340220895322,-1.2195269534172852,0.3114218870821008
corn_starch,m5_rep7,m5_rep7,SCP,0.2,2,5,8.58306884765625e-06,20,0.4,1.6316904672939352,1.6316904672939359,3.3590876278122392,1.0,1.2567340220895322,-1.2195269534172852,0.3114218870821008
corn_starch,m5_rep7,m5_rep7,NCP-kNN,0.05,2,5,0.007272958755493164,20,0.65,2.128342968847867,2.1407017304284643,4.954157592890958,1.0,1.2567340220895322,-1.2195269534172852,0.3114218870821008
corn_starch,m5_rep7,m5_rep7,NCP-kNN,0.1,2,5,1.7881393432617188e-05,20,0.5,1.9656657380029834,1.97707987311124,4.014443326821947,1.0,1.2567340220895322,-1.2195269534172852,0.3114218870821008
corn_starch,m5_rep7,m5_rep7,NCP-kNN,0.2,2,5,1.33514404296875e-05,20,0.4,1.6810073299824748,1.690768524071288,3.4464094599490354,1.0,1.2567340220895322,-1.2195269534172852,0.3114218870821008
corn_starch,m5_rep7,m5_rep7,CV+,0.05,2,5,0.005135297775268555,20,0.55,2.127268858098899,2.10162523809592,6.491974813865068,1.0,1.2567340220895322,-1.2195269534172852,0.3114218870821008
corn_starch,m5_rep7,m5_rep7,CV+,0.1,2,5,0.00438380241394043,20,0.15,1.7835673787186466,1.7926106423491355,6.838219102219068,1.0,1.2567340220895322,-1.2195269534172852,0.3114218870821008
corn_starch,m5_rep7,m5_rep7,CV+,0.2,2,5,0.004469871520996094,20,0.0,1.337008192878136,1.3330462250485873,6.3638206939453195,1.0,1.2567340220895322,-1.2195269534172852,0.3114218870821008
corn_starch,m5_rep7,m5_rep7,CQR,0.05,2,5,2.5272369384765625e-05,20,1.0,3.2170957306866557,3.3864005187567088,3.2170957306866557,1.0,1.2567340220895322,-1.2195269534172852,0.3114218870821008
corn_starch,m5_rep7,m5_rep7,CQR,0.1,2,5,1.2874603271484375e-05,20,0.9,2.0553406573921515,2.0736225406758813,2.336657053110529,1.0,1.2567340220895322,-1.2195269534172852,0.3114218870821008
corn_starch,m5_rep7,m5_rep7,CQR,0.2,2,5,2.765655517578125e-05,20,0.85,1.7314812519506457,1.739732562089138,1.9469574192434802,1.0,1.2567340220895322,-1.2195269534172852,0.3114218870821008
corn_starch,m5_rep7,m5_rep7,WCP,0.05,2,5,0.0037200450897216797,20,1.0,inf,inf,inf,0.0,1.2567340220895322,-1.2195269534172852,0.3114218870821008
corn_starch,m5_rep7,m5_rep7,WCP,0.1,2,5,0.00012087821960449219,20,1.0,inf,inf,inf,0.0,1.2567340220895322,-1.2195269534172852,0.3114218870821008
corn_starch,m5_rep7,m5_rep7,WCP,0.2,2,5,8.463859558105469e-05,20,1.0,inf,inf,inf,0.0,1.2567340220895322,-1.2195269534172852,0.3114218870821008
corn_starch,m5_rep7,m5_rep7,R-U-A,0.05,2,5,5.269050598144531e-05,20,0.05,1.7359767357307454,1.7359767357307447,15.899455930199135,1.0,1.2567340220895322,-1.2195269534172852,0.3114218870821008
corn_starch,m5_rep7,m5_rep7,R-U-A,0.1,2,5,3.3855438232421875e-05,20,0.0,1.3920218332619072,1.3920218332619072,11.862342568988538,1.0,1.2567340220895322,-1.2195269534172852,0.3114218870821008
corn_starch,m5_rep7,m5_rep7,R-U-A,0.2,2,5,4.291534423828125e-05,20,0.0,1.0088378740499313,1.0088378740499309,8.159918037973124,1.0,1.2567340220895322,-1.2195269534172852,0.3114218870821008
corn_starch,m5_rep7,m5_rep7,R-U-D,0.05,2,5,0.003206968307495117,20,0.75,3.0706224874216774,2.984515287016908,5.2874719497538125,1.0,1.2567340220895322,-1.2195269534172852,0.3114218870821008
corn_starch,m5_rep7,m5_rep7,R-U-D,0.1,2,5,0.0003523826599121094,20,0.45,2.2309799225591695,2.1684181989745426,6.091257505433381,1.0,1.2567340220895322,-1.2195269534172852,0.3114218870821008
corn_starch,m5_rep7,m5_rep7,R-U-D,0.2,2,5,0.00039386749267578125,20,0.0,1.5799719557618783,1.5356659681694573,5.87538171112534,1.0,1.2567340220895322,-1.2195269534172852,0.3114218870821008
corn_starch,m5_rep7,m5_rep7,G-U-A,0.05,2,5,4.172325134277344e-05,20,0.25,2.036925985957623,2.036925985957623,11.203440676435207,1.0,1.2567340220895322,-1.2195269534172852,0.3114218870821008
corn_starch,m5_rep7,m5_rep7,G-U-A,0.1,2,5,3.504753112792969e-05,20,0.0,1.477615116509099,1.4776151165090994,11.092003019763816,1.0,1.2567340220895322,-1.2195269534172852,0.3114218870821008
corn_starch,m5_rep7,m5_rep7,G-U-A,0.2,2,5,3.2901763916015625e-05,20,0.0,1.0606576154747533,1.060657615474753,7.952639072273837,1.0,1.2567340220895322,-1.2195269534172852,0.3114218870821008
corn_starch,m5_rep7,m5_rep7,G-W-A,0.05,2,5,9.5367431640625e-05,20,0.25,2.036925985957623,2.036925985957623,11.203440676435207,1.0,1.2567340220895322,-1.2195269534172852,0.3114218870821008
corn_starch,m5_rep7,m5_rep7,G-W-A,0.1,2,5,7.43865966796875e-05,20,0.0,1.477615116509099,1.4776151165090994,11.092003019763816,1.0,1.2567340220895322,-1.2195269534172852,0.3114218870821008
corn_starch,m5_rep7,m5_rep7,G-W-A,0.2,2,5,7.62939453125e-05,20,0.0,1.0606576154747533,1.060657615474753,7.952639072273837,1.0,1.2567340220895322,-1.2195269534172852,0.3114218870821008
corn_starch,m5_rep7,m5_rep7,G-U-D,0.05,2,5,0.003515958786010742,20,1.0,5.004598550241086,4.879887711570259,5.004598550241086,1.0,1.2567340220895322,-1.2195269534172852,0.3114218870821008
corn_starch,m5_rep7,m5_rep7,G-U-D,0.1,2,5,0.0004315376281738281,20,1.0,3.998769021078414,3.899122699148034,3.998769021078414,1.0,1.2567340220895322,-1.2195269534172852,0.3114218870821008
corn_starch,m5_rep7,m5_rep7,G-U-D,0.2,2,5,0.00038743019104003906,20,0.9,3.240644110972302,3.1598896926396733,3.4391900011961924,1.0,1.2567340220895322,-1.2195269534172852,0.3114218870821008
corn_starch,m5_rep7,m5_rep7,GC-D,0.05,2,5,0.0004169940948486328,20,1.0,5.004598550241086,4.879887711570259,5.004598550241086,1.0,1.2567340220895322,-1.2195269534172852,0.3114218870821008
corn_starch,m5_rep7,m5_rep7,GC-D,0.1,2,5,0.0004143714904785156,20,1.0,3.998769021078414,3.899122699148034,3.998769021078414,1.0,1.2567340220895322,-1.2195269534172852,0.3114218870821008
corn_starch,m5_rep7,m5_rep7,GC-D,0.2,2,5,0.000408172607421875,20,0.9,3.240644110972302,3.1598896926396733,3.4391900011961924,1.0,1.2567340220895322,-1.2195269534172852,0.3114218870821008
corn_starch,m5_rep7,m5_rep7,GC-D+,0.05,2,5,0.0004317760467529297,20,1.0,inf,inf,inf,0.0,1.2567340220895322,-1.2195269534172852,0.3114218870821008
corn_starch,m5_rep7,m5_rep7,GC-D+,0.1,2,5,0.00037789344787597656,20,1.0,inf,inf,inf,0.0,1.2567340220895322,-1.2195269534172852,0.3114218870821008
corn_starch,m5_rep7,m5_rep7,GC-D+,0.2,2,5,0.0004172325134277344,20,1.0,inf,inf,inf,0.0,1.2567340220895322,-1.2195269534172852,0.3114218870821008
corn_starch,m5_rep7,m5_rep7,HJ+,0.05,2,5,0.0016903877258300781,20,1.0,inf,inf,inf,0.0,1.2567340220895322,-1.2195269534172852,0.3114218870821008
corn_starch,m5_rep7,m5_rep7,HJ+,0.1,2,5,0.0003783702850341797,20,1.0,inf,inf,inf,0.0,1.2567340220895322,-1.2195269534172852,0.3114218870821008
corn_starch,m5_rep7,m5_rep7,HJ+,0.2,2,5,0.00035953521728515625,20,1.0,inf,inf,inf,0.0,1.2567340220895322,-1.2195269534172852,0.3114218870821008
corn_starch,m5_rep7,m5_rep7,HJ+-D,0.05,2,5,0.002532958984375,20,1.0,inf,inf,inf,0.0,1.2567340220895322,-1.2195269534172852,0.3114218870821008
corn_starch,m5_rep7,m5_rep7,HJ+-D,0.1,2,5,0.0021076202392578125,20,1.0,inf,inf,inf,0.0,1.2567340220895322,-1.2195269534172852,0.3114218870821008
corn_starch,m5_rep7,m5_rep7,HJ+-D,0.2,2,5,0.002034425735473633,20,1.0,inf,inf,inf,0.0,1.2567340220895322,-1.2195269534172852,0.3114218870821008
corn_starch,m5_rep7,m5_rep7,HCP-D,0.05,2,5,0.00025653839111328125,20,1.0,inf,inf,inf,0.0,1.2567340220895322,-1.2195269534172852,0.3114218870821008
corn_starch,m5_rep7,m5_rep7,HCP-D,0.1,2,5,0.00015306472778320312,20,1.0,inf,inf,inf,0.0,1.2567340220895322,-1.2195269534172852,0.3114218870821008
corn_starch,m5_rep7,m5_rep7,HCP-D,0.2,2,5,0.00017404556274414062,20,1.0,inf,inf,inf,0.0,1.2567340220895322,-1.2195269534172852,0.3114218870821008
corn_starch,m5_rep7,m5_rep7,HCP-A,0.05,2,5,0.0001366138458251953,20,1.0,inf,inf,inf,0.0,1.2567340220895322,-1.2195269534172852,0.3114218870821008
corn_starch,m5_rep7,m5_rep7,HCP-A,0.1,2,5,0.00012922286987304688,20,1.0,inf,inf,inf,0.0,1.2567340220895322,-1.2195269534172852,0.3114218870821008
corn_starch,m5_rep7,m5_rep7,HCP-A,0.2,2,5,0.0001270771026611328,20,1.0,inf,inf,inf,0.0,1.2567340220895322,-1.2195269534172852,0.3114218870821008
corn_starch,m5_rep7,m5_rep7,ORACLE,0.05,2,5,0.00011539459228515625,20,1.0,inf,inf,inf,0.0,1.2567340220895322,-1.2195269534172852,0.3114218870821008
corn_starch,m5_rep7,m5_rep7,ORACLE,0.1,2,5,9.822845458984375e-05,20,0.85,3.5368130156211364,3.536813015621135,4.457313396884958,1.0,1.2567340220895322,-1.2195269534172852,0.3114218870821008
corn_starch,m5_rep7,m5_rep7,ORACLE,0.2,2,5,9.107589721679688e-05,20,0.85,3.1635153398916662,3.163515339891667,3.789390608821377,1.0,1.2567340220895322,-1.2195269534172852,0.3114218870821008
corn_starch,m5_rep8,m5_rep8,ASTM-R,0.05,2,6,0.01436305046081543,20,0.15,1.5407030712069463,1.5322736825889294,17.986316045792574,1.0,1.1980159704865216,-1.148433526446166,0.34995142651695
corn_starch,m5_rep8,m5_rep8,ASTM-R,0.1,2,6,0.00011038780212402344,20,0.1,1.2897257584936395,1.2826694996776666,11.659516018624068,1.0,1.1980159704865216,-1.148433526446166,0.34995142651695
corn_starch,m5_rep8,m5_rep8,ASTM-R,0.2,2,6,0.00010466575622558594,20,0.05,1.0024843915823525,0.9969996679661932,7.494687910534036,1.0,1.1980159704865216,-1.148433526446166,0.34995142651695
corn_starch,m5_rep8,m5_rep8,ASTM-G,0.05,2,6,0.00014352798461914062,20,0.15,1.6217651682631533,1.6128922782781032,16.686993013188168,1.0,1.1980159704865216,-1.148433526446166,0.34995142651695
corn_starch,m5_rep8,m5_rep8,ASTM-G,0.1,2,6,9.226799011230469e-05,20,0.15,1.3575830092285233,1.3501554944920002,11.1395411819402,1.0,1.1980159704865216,-1.148433526446166,0.34995142651695
corn_starch,m5_rep8,m5_rep8,ASTM-G,0.2,2,6,0.00012612342834472656,20,0.05,1.0552288097421225,1.0494555144949942,7.2966694458337,1.0,1.1980159704865216,-1.148433526446166,0.34995142651695
corn_starch,m5_rep8,m5_rep8,GPR,0.05,2,6,0.04081535339355469,20,0.5,1.7460056863105358,1.7860426965066125,14.215367825563712,1.0,1.1980159704865216,-1.148433526446166,0.34995142651695
corn_starch,m5_rep8,m5_rep8,GPR,0.1,2,6,9.870529174804688e-05,20,0.45,1.4652941627801073,1.4988942809214478,8.934169127313606,1.0,1.1980159704865216,-1.148433526446166,0.34995142651695
corn_starch,m5_rep8,m5_rep8,GPR,0.2,2,6,0.00010585784912109375,20,0.3,1.141651754007175,1.1678305478530007,5.721066872094046,1.0,1.1980159704865216,-1.148433526446166,0.34995142651695
corn_starch,m5_rep8,m5_rep8,BAG,0.05,2,6,0.040230751037597656,20,0.15,2.1341366069562224,2.1192255468659056,18.268737291745513,1.0,1.1980159704865216,-1.148433526446166,0.34995142651695
corn_starch,m5_rep8,m5_rep8,BAG,0.1,2,6,0.00010442733764648438,20,0.15,1.7910238994445724,1.7785101433425723,12.738333395766395,1.0,1.1980159704865216,-1.148433526446166,0.34995142651695
corn_starch,m5_rep8,m5_rep8,BAG,0.2,2,6,0.00010132789611816406,20,0.0,1.3954369219557943,1.385687103819638,8.68292709295074,1.0,1.1980159704865216,-1.148433526446166,0.34995142651695
corn_starch,m5_rep8,m5_rep8,QGB,0.05,2,6,0.03215289115905762,20,0.9,1.9298669380185252,1.8741889132899487,2.9163198775455803,1.0,1.1980159704865216,-1.148433526446166,0.34995142651695
corn_starch,m5_rep8,m5_rep8,QGB,0.1,2,6,0.028245210647583008,20,0.65,1.5301102487916516,1.5308104391845596,2.8552155852947445,1.0,1.1980159704865216,-1.148433526446166,0.34995142651695
corn_starch,m5_rep8,m5_rep8,QGB,0.2,2,6,0.02924966812133789,20,0.25,0.9544924456855991,0.9461317763451547,4.163098499552721,1.0,1.1980159704865216,-1.148433526446166,0.34995142651695
corn_starch,m5_rep8,m5_rep8,SCP,0.05,2,6,2.574920654296875e-05,20,0.3,1.7774626752639329,1.7774626752639335,11.469074637655766,1.0,1.1980159704865216,-1.148433526446166,0.34995142651695
corn_starch,m5_rep8,m5_rep8,SCP,0.1,2,6,1.049041748046875e-05,20,0.2,1.4795885207201571,1.4795885207201565,8.494210213027488,1.0,1.1980159704865216,-1.148433526446166,0.34995142651695
corn_starch,m5_rep8,m5_rep8,SCP,0.2,2,6,8.821487426757812e-06,20,0.15,1.1898845857383826,1.1898845857383833,5.916645277008533,1.0,1.1980159704865216,-1.148433526446166,0.34995142651695
corn_starch,m5_rep8,m5_rep8,NCP-kNN,0.05,2,6,0.0071947574615478516,20,0.2,1.454193454354882,1.4462377777711133,15.786411516501431,1.0,1.1980159704865216,-1.148433526446166,0.34995142651695
corn_starch,m5_rep8,m5_rep8,NCP-kNN,0.1,2,6,1.621246337890625e-05,20,0.15,1.3174723684932002,1.3102646726805212,9.643599529294798,1.0,1.1980159704865216,-1.148433526446166,0.34995142651695
corn_starch,m5_rep8,m5_rep8,NCP-kNN,0.2,2,6,1.2159347534179688e-05,20,0.15,1.242333014292366,1.2355363947356963,5.725962152040483,1.0,1.1980159704865216,-1.148433526446166,0.34995142651695
corn_starch,m5_rep8,m5_rep8,CV+,0.05,2,6,0.005230426788330078,20,0.15,1.990159149372289,1.9717767706990053,17.690915490380476,1.0,1.1980159704865216,-1.148433526446166,0.34995142651695
corn_starch,m5_rep8,m5_rep8,CV+,0.1,2,6,0.004346132278442383,20,0.05,1.5319622118036509,1.5119466566394948,14.288917958401262,1.0,1.1980159704865216,-1.148433526446166,0.34995142651695
corn_starch,m5_rep8,m5_rep8,CV+,0.2,2,6,0.004357099533081055,20,0.05,1.1696948805183198,1.1549205725283649,8.93646819417611,1.0,1.1980159704865216,-1.148433526446166,0.34995142651695
corn_starch,m5_rep8,m5_rep8,CQR,0.05,2,6,2.2649765014648438e-05,20,1.0,2.67396510511846,2.6182870803898837,2.67396510511846,1.0,1.1980159704865216,-1.148433526446166,0.34995142651695
corn_starch,m5_rep8,m5_rep8,CQR,0.1,2,6,1.4543533325195312e-05,20,0.95,2.1440899409523917,2.1447901313452995,2.508251566129439,1.0,1.1980159704865216,-1.148433526446166,0.34995142651695
corn_starch,m5_rep8,m5_rep8,CQR,0.2,2,6,1.2636184692382812e-05,20,0.55,1.5945944316362215,1.5862337622957767,2.9093315446470074,1.0,1.1980159704865216,-1.148433526446166,0.34995142651695
corn_starch,m5_rep8,m5_rep8,WCP,0.05,2,6,0.003317594528198242,20,1.0,inf,inf,inf,0.0,1.1980159704865216,-1.148433526446166,0.34995142651695
corn_starch,m5_rep8,m5_rep8,WCP,0.1,2,6,0.0001499652862548828,20,1.0,inf,inf,inf,0.0,1.1980159704865216,-1.148433526446166,0.34995142651695
corn_starch,m5_rep8,m5_rep8,WCP,0.2,2,6,7.653236389160156e-05,20,1.0,inf,inf,inf,0.0,1.1980159704865216,-1.148433526446166,0.34995142651695
corn_starch,m5_rep8,m5_rep8,R-U-A,0.05,2,6,5.1975250244140625e-05,20,0.15,1.4996393307409328,1.4996393307409335,18.687611043612193,1.0,1.1980159704865216,-1.148433526446166,0.34995142651695
corn_starch,m5_rep8,m5_rep8,R-U-A,0.1,2,6,3.838539123535156e-05,20,0.1,1.1034326464423423,1.103432646442343,13.149103627072174,1.0,1.1980159704865216,-1.148433526446166,0.34995142651695
corn_starch,m5_rep8,m5_rep8,R-U-A,0.2,2,6,3.24249267578125e-05,20,0.0,0.893945203860057,0.8939452038600564,7.908554449021428,1.0,1.1980159704865216,-1.148433526446166,0.34995142651695
corn_starch,m5_rep8,m5_rep8,R-U-D,0.05,2,6,0.003060579299926758,20,0.2,1.7423853920754944,1.7271791380080401,14.701109492697018,1.0,1.1980159704865216,-1.148433526446166,0.34995142651695
corn_starch,m5_rep8,m5_rep8,R-U-D,0.1,2,6,0.0003724098205566406,20,0.1,1.229094222530674,1.218367595054545,12.159135416299602,1.0,1.1980159704865216,-1.148433526446166,0.34995142651695
corn_starch,m5_rep8,m5_rep8,R-U-D,0.2,2,6,0.0004086494445800781,20,0.0,0.9554887572786772,0.9471499564210362,7.662380235346953,1.0,1.1980159704865216,-1.148433526446166,0.34995142651695
corn_starch,m5_rep8,m5_rep8,G-U-A,0.05,2,6,4.267692565917969e-05,20,0.15,1.5030235497684281,1.5030235497684288,18.633463539172244,1.0,1.1980159704865216,-1.148433526446166,0.34995142651695
corn_starch,m5_rep8,m5_rep8,G-U-A,0.1,2,6,3.3855438232421875e-05,20,0.1,1.1395792074192166,1.1395792074192173,12.85993113925718,1.0,1.1980159704865216,-1.148433526446166,0.34995142651695
corn_starch,m5_rep8,m5_rep8,G-U-A,0.2,2,6,3.314018249511719e-05,20,0.05,0.9679339134890774,0.9679339134890768,7.628564703343717,1.0,1.1980159704865216,-1.148433526446166,0.34995142651695
corn_starch,m5_rep8,m5_rep8,G-W-A,0.05,2,6,0.00010204315185546875,20,0.15,1.5030235497684281,1.5030235497684288,18.633463539172244,1.0,1.1980159704865216,-1.148433526446166,0.34995142651695
corn_starch,m5_rep8,m5_rep8,G-W-A,0.1,2,6,8.344650268554688e-05,20,0.1,1.1395792074192166,1.1395792074192173,12.85993113925718,1.0,1.1980159704865216,-1.148433526446166,0.34995142651695
corn_starch,m5_rep8,m5_rep8,G-W-A,0.2,2,6,7.867813110351562e-05,20,0.05,0.9679339134890774,0.9679339134890768,7.628564703343717,1.0,1.1980159704865216,-1.148433526446166,0.34995142651695
corn_starch,m5_rep8,m5_rep8,G-U-D,0.05,2,6,0.0041332244873046875,20,0.0,0.5454951035668287,0.5452375927739652,35.57293409007692,1.0,1.1980159704865216,-1.148433526446166,0.34995142651695
corn_starch,m5_rep8,m5_rep8,G-U-D,0.1,2,6,0.00038361549377441406,20,0.0,0.48101232546978495,0.48078525493423285,18.639559599695264,1.0,1.1980159704865216,-1.148433526446166,0.34995142651695
corn_starch,m5_rep8,m5_rep8,G-U-D,0.2,2,6,0.0005743503570556641,20,0.0,0.38242773818068654,0.38224720627594877,9.954624311738913,1.0,1.1980159704865216,-1.148433526446166,0.34995142651695
corn_starch,m5_rep8,m5_rep8,GC-D,0.05,2,6,0.0004906654357910156,20,0.0,0.5454951035668287,0.5452375927739652,35.57293409007692,1.0,1.1980159704865216,-1.148433526446166,0.34995142651695
corn_starch,m5_rep8,m5_rep8,GC-D,0.1,2,6,0.0004031658172607422,20,0.0,0.48101232546978495,0.48078525493423285,18.639559599695264,1.0,1.1980159704865216,-1.148433526446166,0.34995142651695
corn_starch,m5_rep8,m5_rep8,GC-D,0.2,2,6,0.0017659664154052734,20,0.0,0.38242773818068654,0.38224720627594877,9.954624311738913,1.0,1.1980159704865216,-1.148433526446166,0.34995142651695
corn_starch,m5_rep8,m5_rep8,GC-D+,0.05,2,6,0.00055694580078125,20,1.0,inf,inf,inf,0.0,1.1980159704865216,-1.148433526446166,0.34995142651695
corn_starch,m5_rep8,m5_rep8,GC-D+,0.1,2,6,0.0005042552947998047,20,1.0,inf,inf,inf,0.0,1.1980159704865216,-1.148433526446166,0.34995142651695
corn_starch,m5_rep8,m5_rep8,GC-D+,0.2,2,6,0.0004112720489501953,20,1.0,inf,inf,inf,0.0,1.1980159704865216,-1.148433526446166,0.34995142651695
corn_starch,m5_rep8,m5_rep8,HJ+,0.05,2,6,0.0016734600067138672,20,1.0,inf,inf,inf,0.0,1.1980159704865216,-1.148433526446166,0.34995142651695
corn_starch,m5_rep8,m5_rep8,HJ+,0.1,2,6,0.0003941059112548828,20,1.0,inf,inf,inf,0.0,1.1980159704865216,-1.148433526446166,0.34995142651695
corn_starch,m5_rep8,m5_rep8,HJ+,0.2,2,6,0.0004620552062988281,20,1.0,inf,inf,inf,0.0,1.1980159704865216,-1.148433526446166,0.34995142651695
corn_starch,m5_rep8,m5_rep8,HJ+-D,0.05,2,6,0.0023245811462402344,20,1.0,inf,inf,inf,0.0,1.1980159704865216,-1.148433526446166,0.34995142651695
corn_starch,m5_rep8,m5_rep8,HJ+-D,0.1,2,6,0.0020983219146728516,20,1.0,inf,inf,inf,0.0,1.1980159704865216,-1.148433526446166,0.34995142651695
corn_starch,m5_rep8,m5_rep8,HJ+-D,0.2,2,6,0.002164602279663086,20,1.0,inf,inf,inf,0.0,1.1980159704865216,-1.148433526446166,0.34995142651695
corn_starch,m5_rep8,m5_rep8,HCP-D,0.05,2,6,0.00028967857360839844,20,1.0,inf,inf,inf,0.0,1.1980159704865216,-1.148433526446166,0.34995142651695
corn_starch,m5_rep8,m5_rep8,HCP-D,0.1,2,6,0.00015592575073242188,20,1.0,inf,inf,inf,0.0,1.1980159704865216,-1.148433526446166,0.34995142651695
corn_starch,m5_rep8,m5_rep8,HCP-D,0.2,2,6,0.0001494884490966797,20,1.0,inf,inf,inf,0.0,1.1980159704865216,-1.148433526446166,0.34995142651695
corn_starch,m5_rep8,m5_rep8,HCP-A,0.05,2,6,0.00016188621520996094,20,1.0,inf,inf,inf,0.0,1.1980159704865216,-1.148433526446166,0.34995142651695
corn_starch,m5_rep8,m5_rep8,HCP-A,0.1,2,6,0.00013685226440429688,20,1.0,inf,inf,inf,0.0,1.1980159704865216,-1.148433526446166,0.34995142651695
corn_starch,m5_rep8,m5_rep8,HCP-A,0.2,2,6,0.00012922286987304688,20,1.0,inf,inf,inf,0.0,1.1980159704865216,-1.148433526446166,0.34995142651695
corn_starch,m5_rep8,m5_rep8,ORACLE,0.05,2,6,0.00010776519775390625,20,1.0,inf,inf,inf,0.0,1.1980159704865216,-1.148433526446166,0.34995142651695
corn_starch,m5_rep8,m5_rep8,ORACLE,0.1,2,6,0.00010085105895996094,20,0.95,3.2866692781776186,3.2866692781776194,3.3389978616992044,1.0,1.1980159704865216,-1.148433526446166,0.34995142651695
corn_starch,m5_rep8,m5_rep8,ORACLE,0.2,2,6,0.00011873245239257812,20,0.85,3.0333893434115557,3.0333893434115566,3.1953567953774558,1.0,1.1980159704865216,-1.148433526446166,0.34995142651695
corn_starch,m5_rep9,m5_rep9,ASTM-R,0.05,2,4,0.014685869216918945,20,0.45,1.9107245738414789,1.9029950220703071,6.7222112313952085,1.0,0.9970640215569753,-0.9527636974719457,0.3015364163447894
corn_starch,m5_rep9,m5_rep9,ASTM-R,0.1,2,4,0.00018286705017089844,20,0.3,1.599542624171057,1.5930719126446569,5.928808761444543,1.0,0.9970640215569753,-0.9527636974719457,0.3015364163447894
corn_starch,m5_rep9,m5_rep9,ASTM-R,0.2,2,4,9.965896606445312e-05,20,0.15,1.2433519295761528,1.238322134470657,4.770777821109462,1.0,0.9970640215569753,-0.9527636974719457,0.3015364163447894
corn_starch,m5_rep9,m5_rep9,ASTM-G,0.05,2,4,0.00011301040649414062,20,0.65,2.2160210462983985,2.2070564631042124,4.285638147512434,1.0,0.9970640215569753,-0.9527636974719457,0.3015364163447894
corn_starch,m5_rep9,m5_rep9,ASTM-G,0.1,2,4,9.322166442871094e-05,20,0.4,1.8551182981271013,1.8476136932649823,4.581563907550253,1.0,0.9970640215569753,-0.9527636974719457,0.3015364163447894
corn_starch,m5_rep9,m5_rep9,ASTM-G,0.2,2,4,0.00012755393981933594,20,0.25,1.4420152865658757,1.4361818284291452,4.178327649473142,1.0,0.9970640215569753,-0.9527636974719457,0.3015364163447894
corn_starch,m5_rep9,m5_rep9,GPR,0.05,2,4,0.03175973892211914,20,0.2,1.4443154072383453,1.3119749611996099,16.00457600751069,1.0,0.9970640215569753,-0.9527636974719457,0.3015364163447894
corn_starch,m5_rep9,m5_rep9,GPR,0.1,2,4,0.00010371208190917969,20,0.15,1.2121076993235593,1.1010440959225605,10.260236916433055,1.0,0.9970640215569753,-0.9527636974719457,0.3015364163447894
corn_starch,m5_rep9,m5_rep9,GPR,0.2,2,4,7.796287536621094e-05,20,0.1,0.9443870835824832,0.8578543170910535,6.573810097135896,1.0,0.9970640215569753,-0.9527636974719457,0.3015364163447894
corn_starch,m5_rep9,m5_rep9,BAG,0.05,2,4,0.03360438346862793,20,0.85,2.4616696615363525,2.4301244133964133,3.2803956026651564,1.0,0.9970640215569753,-0.9527636974719457,0.3015364163447894
corn_starch,m5_rep9,m5_rep9,BAG,0.1,2,4,8.940696716308594e-05,20,0.8,2.065898303781675,2.03942469700862,3.1711700266324483,1.0,0.9970640215569753,-0.9527636974719457,0.3015364163447894
corn_starch,m5_rep9,m5_rep9,BAG,0.2,2,4,7.891654968261719e-05,20,0.45,1.6095992750274377,1.588972945942757,3.051502998782836,1.0,0.9970640215569753,-0.9527636974719457,0.3015364163447894
corn_starch,m5_rep9,m5_rep9,QGB,0.05,2,4,0.03262448310852051,20,0.95,2.233683045239026,2.3650224774827464,2.608223037385592,1.0,0.9970640215569753,-0.9527636974719457,0.3015364163447894
corn_starch,m5_rep9,m5_rep9,QGB,0.1,2,4,0.027437448501586914,20,0.7,1.5845867640408318,1.6972359919272222,2.467599972625965,1.0,0.9970640215569753,-0.9527636974719457,0.3015364163447894
corn_starch,m5_rep9,m5_rep9,QGB,0.2,2,4,0.02999401092529297,20,0.55,1.2336046131918443,1.2709472373465331,2.1342769066266714,1.0,0.9970640215569753,-0.9527636974719457,0.3015364163447894
corn_starch,m5_rep9,m5_rep9,SCP,0.05,2,4,2.7418136596679688e-05,20,0.95,2.421252425395368,2.421252425395366,2.5118255260111244,1.0,0.9970640215569753,-0.9527636974719457,0.3015364163447894
corn_starch,m5_rep9,m5_rep9,SCP,0.1,2,4,1.33514404296875e-05,20,0.6,1.5055840562872622,1.5055840562872618,3.306501776023069,1.0,0.9970640215569753,-0.9527636974719457,0.3015364163447894
corn_starch,m5_rep9,m5_rep9,SCP,0.2,2,4,9.059906005859375e-06,20,0.4,1.3266126141889463,1.3266126141889458,2.6534492579392652,1.0,0.9970640215569753,-0.9527636974719457,0.3015364163447894
corn_starch,m5_rep9,m5_rep9,NCP-kNN,0.05,2,4,0.006362199783325195,20,1.0,2.4202800193332683,2.3702782370252358,2.4202800193332683,1.0,0.9970640215569753,-0.9527636974719457,0.3015364163447894
corn_starch,m5_rep9,m5_rep9,NCP-kNN,0.1,2,4,1.6450881958007812e-05,20,0.85,1.8185620180841564,1.7809914306250434,2.280869428308881,1.0,0.9970640215569753,-0.9527636974719457,0.3015364163447894
corn_starch,m5_rep9,m5_rep9,NCP-kNN,0.2,2,4,1.33514404296875e-05,20,0.4,1.1466611996945382,1.1229717492052558,2.952229963434796,1.0,0.9970640215569753,-0.9527636974719457,0.3015364163447894
corn_starch,m5_rep9,m5_rep9,CV+,0.05,2,4,0.005019187927246094,20,0.65,2.21861456866697,2.1997504932908463,4.47181181965181,1.0,0.9970640215569753,-0.9527636974719457,0.3015364163447894
corn_starch,m5_rep9,m5_rep9,CV+,0.1,2,4,0.004383563995361328,20,0.3,1.6297745235733114,1.6258395815834987,6.4169788304785715,1.0,0.9970640215569753,-0.9527636974719457,0.3015364163447894
corn_starch,m5_rep9,m5_rep9,CV+,0.2,2,4,0.004610300064086914,20,0.1,1.1768372708071264,1.1716361768023553,5.498457836455266,1.0,0.9970640215569753,-0.9527636974719457,0.3015364163447894
corn_starch,m5_rep9,m5_rep9,CQR,0.05,2,4,2.193450927734375e-05,20,1.0,4.543746715544887,4.675086147788619,4.543746715544887,1.0,0.9970640215569753,-0.9527636974719457,0.3015364163447894
corn_starch,m5_rep9,m5_rep9,CQR,0.1,2,4,1.3113021850585938e-05,20,1.0,2.4730809059686822,2.5857301338550727,2.4730809059686822,1.0,0.9970640215569753,-0.9527636974719457,0.3015364163447894
corn_starch,m5_rep9,m5_rep9,CQR,0.2,2,4,1.0967254638671875e-05,20,0.9,1.9316388894830119,1.9689815136377007,2.075348091693553,1.0,0.9970640215569753,-0.9527636974719457,0.3015364163447894
corn_starch,m5_rep9,m5_rep9,WCP,0.05,2,4,0.003511190414428711,20,1.0,inf,inf,inf,0.0,0.9970640215569753,-0.9527636974719457,0.3015364163447894
corn_starch,m5_rep9,m5_rep9,WCP,0.1,2,4,0.00010538101196289062,20,1.0,inf,inf,inf,0.0,0.9970640215569753,-0.9527636974719457,0.3015364163447894
corn_starch,m5_rep9,m5_rep9,WCP,0.2,2,4,8.535385131835938e-05,20,1.0,inf,inf,inf,0.0,0.9970640215569753,-0.9527636974719457,0.3015364163447894
corn_starch,m5_rep9,m5_rep9,R-U-A,0.05,2,4,8.368492126464844e-05,20,0.55,2.025947611643203,2.025947611643204,5.803152904346049,1.0,0.9970640215569753,-0.9527636974719457,0.3015364163447894
corn_starch,m5_rep9,m5_rep9,R-U-A,0.1,2,4,3.600120544433594e-05,20,0.2,1.378938802914604,1.378938802914604,7.3567909737098205,1.0,0.9970640215569753,-0.9527636974719457,0.3015364163447894
corn_starch,m5_rep9,m5_rep9,R-U-A,0.2,2,4,3.266334533691406e-05,20,0.1,1.092937161420025,1.092937161420025,5.276617598925306,1.0,0.9970640215569753,-0.9527636974719457,0.3015364163447894
corn_starch,m5_rep9,m5_rep9,R-U-D,0.05,2,4,0.003192901611328125,20,0.55,2.1403523739319694,2.105439675484547,6.5877850100065505,1.0,0.9970640215569753,-0.9527636974719457,0.3015364163447894
corn_starch,m5_rep9,m5_rep9,R-U-D,0.1,2,4,0.0003609657287597656,20,0.3,1.5231687017310584,1.498323292995675,6.513878626025521,1.0,0.9970640215569753,-0.9527636974719457,0.3015364163447894
corn_starch,m5_rep9,m5_rep9,R-U-D,0.2,2,4,0.0003559589385986328,20,0.25,1.3368967516334531,1.3150897474627463,4.492104012274627,1.0,0.9970640215569753,-0.9527636974719457,0.3015364163447894
corn_starch,m5_rep9,m5_rep9,G-U-A,0.05,2,4,4.267692565917969e-05,20,0.4,1.7559268003827522,1.7559268003827526,8.436707935993638,1.0,0.9970640215569753,-0.9527636974719457,0.3015364163447894
corn_starch,m5_rep9,m5_rep9,G-U-A,0.1,2,4,3.743171691894531e-05,20,0.35,1.632155081364345,1.6321550813643455,5.732415354895906,1.0,0.9970640215569753,-0.9527636974719457,0.3015364163447894
corn_starch,m5_rep9,m5_rep9,G-U-A,0.2,2,4,3.409385681152344e-05,20,0.2,1.3588084390872268,1.3588084390872268,4.4282559797943435,1.0,0.9970640215569753,-0.9527636974719457,0.3015364163447894
corn_starch,m5_rep9,m5_rep9,G-W-A,0.05,2,4,9.846687316894531e-05,20,0.4,1.7559268003827522,1.7559268003827526,8.436707935993638,1.0,0.9970640215569753,-0.9527636974719457,0.3015364163447894
corn_starch,m5_rep9,m5_rep9,G-W-A,0.1,2,4,8.177757263183594e-05,20,0.35,1.632155081364345,1.6321550813643455,5.732415354895906,1.0,0.9970640215569753,-0.9527636974719457,0.3015364163447894
corn_starch,m5_rep9,m5_rep9,G-W-A,0.2,2,4,9.72747802734375e-05,20,0.2,1.3588084390872268,1.3588084390872268,4.4282559797943435,1.0,0.9970640215569753,-0.9527636974719457,0.3015364163447894
corn_starch,m5_rep9,m5_rep9,G-U-D,0.05,2,4,0.0031919479370117188,20,0.7,2.433427036712131,2.4186707245890027,4.013714422666608,1.0,0.9970640215569753,-0.9527636974719457,0.3015364163447894
corn_starch,m5_rep9,m5_rep9,G-U-D,0.1,2,4,0.0004062652587890625,20,0.6,2.1132097770870226,2.100395263817507,3.8700354207412033,1.0,0.9970640215569753,-0.9527636974719457,0.3015364163447894
corn_starch,m5_rep9,m5_rep9,G-U-D,0.2,2,4,0.0003466606140136719,20,0.35,1.7617375039005487,1.751054320022675,3.474600044724832,1.0,0.9970640215569753,-0.9527636974719457,0.3015364163447894
corn_starch,m5_rep9,m5_rep9,GC-D,0.05,2,4,0.0003991127014160156,20,0.7,2.433427036712131,2.4186707245890027,4.013714422666608,1.0,0.9970640215569753,-0.9527636974719457,0.3015364163447894
corn_starch,m5_rep9,m5_rep9,GC-D,0.1,2,4,0.0004019737243652344,20,0.6,2.1132097770870226,2.100395263817507,3.8700354207412033,1.0,0.9970640215569753,-0.9527636974719457,0.3015364163447894
corn_starch,m5_rep9,m5_rep9,GC-D,0.2,2,4,0.0004696846008300781,20,0.35,1.7617375039005487,1.751054320022675,3.474600044724832,1.0,0.9970640215569753,-0.9527636974719457,0.3015364163447894
corn_starch,m5_rep9,m5_rep9,GC-D+,0.05,2,4,0.0003821849822998047,20,1.0,inf,inf,inf,0.0,0.9970640215569753,-0.9527636974719457,0.3015364163447894
corn_starch,m5_rep9,m5_rep9,GC-D+,0.1,2,4,0.0004336833953857422,20,1.0,inf,inf,inf,0.0,0.9970640215569753,-0.9527636974719457,0.3015364163447894
corn_starch,m5_rep9,m5_rep9,GC-D+,0.2,2,4,0.00046253204345703125,20,1.0,inf,inf,inf,0.0,0.9970640215569753,-0.9527636974719457,0.3015364163447894
corn_starch,m5_rep9,m5_rep9,HJ+,0.05,2,4,0.0014998912811279297,20,1.0,inf,inf,inf,0.0,0.9970640215569753,-0.9527636974719457,0.3015364163447894
corn_starch,m5_rep9,m5_rep9,HJ+,0.1,2,4,0.0003886222839355469,20,1.0,inf,inf,inf,0.0,0.9970640215569753,-0.9527636974719457,0.3015364163447894
corn_starch,m5_rep9,m5_rep9,HJ+,0.2,2,4,0.0003571510314941406,20,1.0,inf,inf,inf,0.0,0.9970640215569753,-0.9527636974719457,0.3015364163447894
corn_starch,m5_rep9,m5_rep9,HJ+-D,0.05,2,4,0.0022449493408203125,20,1.0,inf,inf,inf,0.0,0.9970640215569753,-0.9527636974719457,0.3015364163447894
corn_starch,m5_rep9,m5_rep9,HJ+-D,0.1,2,4,0.002756357192993164,20,1.0,inf,inf,inf,0.0,0.9970640215569753,-0.9527636974719457,0.3015364163447894
corn_starch,m5_rep9,m5_rep9,HJ+-D,0.2,2,4,0.0020647048950195312,20,1.0,inf,inf,inf,0.0,0.9970640215569753,-0.9527636974719457,0.3015364163447894
corn_starch,m5_rep9,m5_rep9,HCP-D,0.05,2,4,0.0002562999725341797,20,1.0,inf,inf,inf,0.0,0.9970640215569753,-0.9527636974719457,0.3015364163447894
corn_starch,m5_rep9,m5_rep9,HCP-D,0.1,2,4,0.000156402587890625,20,1.0,inf,inf,inf,0.0,0.9970640215569753,-0.9527636974719457,0.3015364163447894
corn_starch,m5_rep9,m5_rep9,HCP-D,0.2,2,4,0.0001399517059326172,20,1.0,inf,inf,inf,0.0,0.9970640215569753,-0.9527636974719457,0.3015364163447894
corn_starch,m5_rep9,m5_rep9,HCP-A,0.05,2,4,0.0001742839813232422,20,1.0,inf,inf,inf,0.0,0.9970640215569753,-0.9527636974719457,0.3015364163447894
corn_starch,m5_rep9,m5_rep9,HCP-A,0.1,2,4,0.00013518333435058594,20,1.0,inf,inf,inf,0.0,0.9970640215569753,-0.9527636974719457,0.3015364163447894
corn_starch,m5_rep9,m5_rep9,HCP-A,0.2,2,4,0.00017642974853515625,20,1.0,inf,inf,inf,0.0,0.9970640215569753,-0.9527636974719457,0.3015364163447894
corn_starch,m5_rep9,m5_rep9,ORACLE,0.05,2,4,0.00011587142944335938,20,1.0,inf,inf,inf,0.0,0.9970640215569753,-0.9527636974719457,0.3015364163447894
corn_starch,m5_rep9,m5_rep9,ORACLE,0.1,2,4,9.5367431640625e-05,20,0.95,2.845286253223562,2.8452862532235628,2.8962035242745676,1.0,0.9970640215569753,-0.9527636974719457,0.3015364163447894
corn_starch,m5_rep9,m5_rep9,ORACLE,0.2,2,4,9.322166442871094e-05,20,0.7,2.345408842302839,2.345408842302838,2.8255528824968374,1.0,0.9970640215569753,-0.9527636974719457,0.3015364163447894
corn_starch,mp5_rep0,mp5_rep0,ASTM-R,0.05,2,1,0.0147705078125,20,0.9,2.87233523689173,2.8650471864262883,4.367080434916149,1.0,0.9154783470627262,-0.11633317611810803,0.9316466441482011
corn_starch,mp5_rep0,mp5_rep0,ASTM-R,0.1,2,1,0.0001289844512939453,20,0.75,2.4046981662625795,2.398596663427952,3.7061741579264575,1.0,0.9154783470627262,-0.11633317611810803,0.9316466441482011
corn_starch,mp5_rep0,mp5_rep0,ASTM-R,0.2,2,1,9.298324584960938e-05,20,0.65,1.8693244619612859,1.8645813766695447,3.3619650170374995,1.0,0.9154783470627262,-0.11633317611810803,0.9316466441482011
corn_starch,mp5_rep0,mp5_rep0,ASTM-G,0.05,2,1,0.0001068115234375,20,0.95,3.038674279689582,3.0309641728698864,4.309529787089299,1.0,0.9154783470627262,-0.11633317611810803,0.9316466441482011
corn_starch,mp5_rep0,mp5_rep0,ASTM-G,0.1,2,1,0.00010085105895996094,20,0.9,2.543956002902397,2.537501157558129,3.6200204715993523,1.0,0.9154783470627262,-0.11633317611810803,0.9316466441482011
corn_starch,mp5_rep0,mp5_rep0,ASTM-G,0.2,2,1,0.0001232624053955078,20,0.65,1.9775784142463706,1.972560653402411,3.280129162606497,1.0,0.9154783470627262,-0.11633317611810803,0.9316466441482011
corn_starch,mp5_rep0,mp5_rep0,GPR,0.05,2,1,0.033394813537597656,20,0.9,2.910121346586184,2.9014565860470363,3.9716269404066677,1.0,0.9154783470627262,-0.11633317611810803,0.9316466441482011
corn_starch,mp5_rep0,mp5_rep0,GPR,0.1,2,1,0.00010657310485839844,20,0.75,2.4422508217284866,2.434979125456561,3.704088032157132,1.0,0.9154783470627262,-0.11633317611810803,0.9316466441482011
corn_starch,mp5_rep0,mp5_rep0,GPR,0.2,2,1,0.00011515617370605469,20,0.7,1.9028260708155216,1.8971604884264508,3.315312089335457,1.0,0.9154783470627262,-0.11633317611810803,0.9316466441482011
corn_starch,mp5_rep0,mp5_rep0,BAG,0.05,2,1,0.020035266876220703,20,1.0,3.229745733403891,3.0646525509430234,3.229745733403891,1.0,0.9154783470627262,-0.11633317611810803,0.9316466441482011
corn_starch,mp5_rep0,mp5_rep0,BAG,0.1,2,1,0.00010132789611816406,20,0.95,2.710488062854437,2.5719374965696993,2.8938972679469535,1.0,0.9154783470627262,-0.11633317611810803,0.9316466441482011
corn_starch,mp5_rep0,mp5_rep0,BAG,0.2,2,1,7.677078247070312e-05,20,0.75,2.111817223991527,2.0038685942655015,2.781689678523507,1.0,0.9154783470627262,-0.11633317611810803,0.9316466441482011
corn_starch,mp5_rep0,mp5_rep0,QGB,0.05,2,1,0.03508162498474121,20,0.75,2.0167233904373303,1.9529432858915072,5.121873540442972,1.0,0.9154783470627262,-0.11633317611810803,0.9316466441482011
corn_starch,mp5_rep0,mp5_rep0,QGB,0.1,2,1,0.041507720947265625,20,0.7,1.837677977512465,1.7516297225626154,4.360598508760201,1.0,0.9154783470627262,-0.11633317611810803,0.9316466441482011
corn_starch,mp5_rep0,mp5_rep0,QGB,0.2,2,1,0.026621341705322266,20,0.65,1.58390786726441,1.527357606476503,3.7100261688676697,1.0,0.9154783470627262,-0.11633317611810803,0.9316466441482011
corn_starch,mp5_rep0,mp5_rep0,SCP,0.05,2,1,2.765655517578125e-05,20,0.95,3.7779702903203827,3.7779702903203827,4.186189218421674,1.0,0.9154783470627262,-0.11633317611810803,0.9316466441482011
corn_starch,mp5_rep0,mp5_rep0,SCP,0.1,2,1,1.0013580322265625e-05,20,0.9,2.7306865294837053,2.7306865294837053,3.6124884320286483,1.0,0.9154783470627262,-0.11633317611810803,0.9316466441482011
corn_starch,mp5_rep0,mp5_rep0,SCP,0.2,2,1,8.821487426757812e-06,20,0.8,2.277360672046952,2.277360672046946,3.107181007444935,1.0,0.9154783470627262,-0.11633317611810803,0.9316466441482011
corn_starch,mp5_rep0,mp5_rep0,NCP-kNN,0.05,2,1,0.004363059997558594,20,1.0,3.932989209587028,3.661008462073042,3.932989209587028,1.0,0.9154783470627262,-0.11633317611810803,0.9316466441482011
corn_starch,mp5_rep0,mp5_rep0,NCP-kNN,0.1,2,1,1.9550323486328125e-05,20,0.75,2.0917818096955725,1.9471273624241832,3.7724131983475333,1.0,0.9154783470627262,-0.11633317611810803,0.9316466441482011
corn_starch,mp5_rep0,mp5_rep0,NCP-kNN,0.2,2,1,1.239776611328125e-05,20,0.7,1.9068463436467895,1.7749808677194352,2.9976753036917487,1.0,0.9154783470627262,-0.11633317611810803,0.9316466441482011
corn_starch,mp5_rep0,mp5_rep0,CV+,0.05,2,1,0.004982709884643555,20,0.95,3.2607036411671855,3.189817659210469,3.9847769083595095,1.0,0.9154783470627262,-0.11633317611810803,0.9316466441482011
corn_starch,mp5_rep0,mp5_rep0,CV+,0.1,2,1,0.004391670227050781,20,0.95,2.578066501179511,2.456317236937476,3.0962565443003216,1.0,0.9154783470627262,-0.11633317611810803,0.9316466441482011
corn_starch,mp5_rep0,mp5_rep0,CV+,0.2,2,1,0.004339456558227539,20,0.75,2.0075610438132587,1.9574717851709238,2.73606409952058,1.0,0.9154783470627262,-0.11633317611810803,0.9316466441482011
corn_starch,mp5_rep0,mp5_rep0,CQR,0.05,2,1,2.4557113647460938e-05,20,1.0,4.139444282772372,4.075664178226546,4.139444282772372,1.0,0.9154783470627262,-0.11633317611810803,0.9316466441482011
corn_starch,mp5_rep0,mp5_rep0,CQR,0.1,2,1,1.1682510375976562e-05,20,0.9,2.669657274226621,2.583609019276775,3.197019788232991,1.0,0.9154783470627262,-0.11633317611810803,0.9316466441482011
corn_starch,mp5_rep0,mp5_rep0,CQR,0.2,2,1,1.049041748046875e-05,20,0.7,1.972783761535974,1.916233500748067,3.474417307760915,1.0,0.9154783470627262,-0.11633317611810803,0.9316466441482011
corn_starch,mp5_rep0,mp5_rep0,WCP,0.05,2,1,0.002591848373413086,20,1.0,inf,3.7779702903203827,inf,0.6,0.9154783470627262,-0.11633317611810803,0.9316466441482011
corn_starch,mp5_rep0,mp5_rep0,WCP,0.1,2,1,0.00010919570922851562,20,0.95,inf,3.7779702903203827,inf,0.8,0.9154783470627262,-0.11633317611810803,0.9316466441482011
corn_starch,mp5_rep0,mp5_rep0,WCP,0.2,2,1,8.535385131835938e-05,20,0.8,2.5974932586568995,2.29604250996033,3.3821048101019136,1.0,0.9154783470627262,-0.11633317611810803,0.9316466441482011
corn_starch,mp5_rep0,mp5_rep0,R-U-A,0.05,2,1,7.987022399902344e-05,20,0.95,3.1660403421182366,3.1660403421182366,4.327683241173503,1.0,0.9154783470627262,-0.11633317611810803,0.9316466441482011
corn_starch,mp5_rep0,mp5_rep0,R-U-A,0.1,2,1,3.62396240234375e-05,20,0.7,2.2961650590290503,2.2961650590290503,3.924233244772246,1.0,0.9154783470627262,-0.11633317611810803,0.9316466441482011
corn_starch,mp5_rep0,mp5_rep0,R-U-A,0.2,2,1,3.4809112548828125e-05,20,0.65,1.8112642744555387,1.8112642744555387,3.4166547274033263,1.0,0.9154783470627262,-0.11633317611810803,0.9316466441482011
corn_starch,mp5_rep0,mp5_rep0,R-U-D,0.05,2,1,0.0028638839721679688,20,0.9,2.879604933613761,2.7598284995610776,4.303132175582517,1.0,0.9154783470627262,-0.11633317611810803,0.9316466441482011
corn_starch,mp5_rep0,mp5_rep0,R-U-D,0.1,2,1,0.0004048347473144531,20,0.8,2.4090609953156825,2.3088567165738,3.8512944035838346,1.0,0.9154783470627262,-0.11633317611810803,0.9316466441482011
corn_starch,mp5_rep0,mp5_rep0,R-U-D,0.2,2,1,0.0003879070281982422,20,0.7,1.882833398351368,1.8045174225251976,3.2174146012590463,1.0,0.9154783470627262,-0.11633317611810803,0.9316466441482011
corn_starch,mp5_rep0,mp5_rep0,G-U-A,0.05,2,1,4.100799560546875e-05,20,0.95,3.2640856347044007,3.2640856347044007,4.327683241173503,1.0,0.9154783470627262,-0.11633317611810803,0.9316466441482011
corn_starch,mp5_rep0,mp5_rep0,G-U-A,0.1,2,1,3.361701965332031e-05,20,0.85,2.4870883372708192,2.4870883372708192,3.6458748781368797,1.0,0.9154783470627262,-0.11633317611810803,0.9316466441482011
corn_starch,mp5_rep0,mp5_rep0,G-U-A,0.2,2,1,3.1948089599609375e-05,20,0.65,1.8283338176536006,1.8283338176536006,3.40385257000478,1.0,0.9154783470627262,-0.11633317611810803,0.9316466441482011
corn_starch,mp5_rep0,mp5_rep0,G-W-A,0.05,2,1,0.00010323524475097656,20,0.95,3.2640856347044007,3.2640856347044007,4.327683241173503,1.0,0.9154783470627262,-0.11633317611810803,0.9316466441482011
corn_starch,mp5_rep0,mp5_rep0,G-W-A,0.1,2,1,8.058547973632812e-05,20,0.85,2.4870883372708192,2.4870883372708192,3.6458748781368797,1.0,0.9154783470627262,-0.11633317611810803,0.9316466441482011
corn_starch,mp5_rep0,mp5_rep0,G-W-A,0.2,2,1,6.842613220214844e-05,20,0.65,1.8283338176536006,1.8283338176536006,3.40385257000478,1.0,0.9154783470627262,-0.11633317611810803,0.9316466441482011
corn_starch,mp5_rep0,mp5_rep0,G-U-D,0.05,2,1,0.0031757354736328125,20,0.9,2.857050251483684,2.755107629508192,4.281944706723024,1.0,0.9154783470627262,-0.11633317611810803,0.9316466441482011
corn_starch,mp5_rep0,mp5_rep0,G-U-D,0.1,2,1,0.00041985511779785156,20,0.8,2.545289281081693,2.4544706254193294,3.6922665547448035,1.0,0.9154783470627262,-0.11633317611810803,0.9316466441482011
corn_starch,mp5_rep0,mp5_rep0,G-U-D,0.2,2,1,0.0003352165222167969,20,0.6,1.7710576474501103,1.7078644081442746,3.3081077246293304,1.0,0.9154783470627262,-0.11633317611810803,0.9316466441482011
corn_starch,mp5_rep0,mp5_rep0,GC-D,0.05,2,1,0.0004534721374511719,20,0.9,2.857050251483684,2.755107629508192,4.281944706723024,1.0,0.9154783470627262,-0.11633317611810803,0.9316466441482011
corn_starch,mp5_rep0,mp5_rep0,GC-D,0.1,2,1,0.0003821849822998047,20,0.8,2.545289281081693,2.4544706254193294,3.6922665547448035,1.0,0.9154783470627262,-0.11633317611810803,0.9316466441482011
corn_starch,mp5_rep0,mp5_rep0,GC-D,0.2,2,1,0.00041604042053222656,20,0.6,1.7710576474501103,1.7078644081442746,3.3081077246293304,1.0,0.9154783470627262,-0.11633317611810803,0.9316466441482011
corn_starch,mp5_rep0,mp5_rep0,GC-D+,0.05,2,1,0.0004220008850097656,20,1.0,inf,inf,inf,0.0,0.9154783470627262,-0.11633317611810803,0.9316466441482011
corn_starch,mp5_rep0,mp5_rep0,GC-D+,0.1,2,1,0.0004260540008544922,20,1.0,inf,inf,inf,0.0,0.9154783470627262,-0.11633317611810803,0.9316466441482011
corn_starch,mp5_rep0,mp5_rep0,GC-D+,0.2,2,1,0.00036787986755371094,20,1.0,inf,inf,inf,0.0,0.9154783470627262,-0.11633317611810803,0.9316466441482011
corn_starch,mp5_rep0,mp5_rep0,HJ+,0.05,2,1,0.0016434192657470703,20,1.0,inf,inf,inf,0.0,0.9154783470627262,-0.11633317611810803,0.9316466441482011
corn_starch,mp5_rep0,mp5_rep0,HJ+,0.1,2,1,0.00042057037353515625,20,1.0,inf,inf,inf,0.0,0.9154783470627262,-0.11633317611810803,0.9316466441482011
corn_starch,mp5_rep0,mp5_rep0,HJ+,0.2,2,1,0.0003924369812011719,20,1.0,inf,inf,inf,0.0,0.9154783470627262,-0.11633317611810803,0.9316466441482011
corn_starch,mp5_rep0,mp5_rep0,HJ+-D,0.05,2,1,0.002101898193359375,20,1.0,inf,inf,inf,0.0,0.9154783470627262,-0.11633317611810803,0.9316466441482011
corn_starch,mp5_rep0,mp5_rep0,HJ+-D,0.1,2,1,0.002116680145263672,20,1.0,inf,inf,inf,0.0,0.9154783470627262,-0.11633317611810803,0.9316466441482011
corn_starch,mp5_rep0,mp5_rep0,HJ+-D,0.2,2,1,0.0023207664489746094,20,1.0,inf,inf,inf,0.0,0.9154783470627262,-0.11633317611810803,0.9316466441482011
corn_starch,mp5_rep0,mp5_rep0,HCP-D,0.05,2,1,0.0002999305725097656,20,1.0,inf,inf,inf,0.0,0.9154783470627262,-0.11633317611810803,0.9316466441482011
corn_starch,mp5_rep0,mp5_rep0,HCP-D,0.1,2,1,0.0001628398895263672,20,1.0,inf,inf,inf,0.0,0.9154783470627262,-0.11633317611810803,0.9316466441482011
corn_starch,mp5_rep0,mp5_rep0,HCP-D,0.2,2,1,0.00016069412231445312,20,1.0,inf,inf,inf,0.0,0.9154783470627262,-0.11633317611810803,0.9316466441482011
corn_starch,mp5_rep0,mp5_rep0,HCP-A,0.05,2,1,0.00015044212341308594,20,1.0,inf,inf,inf,0.0,0.9154783470627262,-0.11633317611810803,0.9316466441482011
corn_starch,mp5_rep0,mp5_rep0,HCP-A,0.1,2,1,0.00014066696166992188,20,1.0,inf,inf,inf,0.0,0.9154783470627262,-0.11633317611810803,0.9316466441482011
corn_starch,mp5_rep0,mp5_rep0,HCP-A,0.2,2,1,0.0001347064971923828,20,1.0,inf,inf,inf,0.0,0.9154783470627262,-0.11633317611810803,0.9316466441482011
corn_starch,mp5_rep0,mp5_rep0,ORACLE,0.05,2,1,0.0001475811004638672,20,1.0,inf,inf,inf,0.0,0.9154783470627262,-0.11633317611810803,0.9316466441482011
corn_starch,mp5_rep0,mp5_rep0,ORACLE,0.1,2,1,0.00018930435180664062,20,0.95,3.6224424623093854,3.6224424623093903,4.327683241173494,1.0,0.9154783470627262,-0.11633317611810803,0.9316466441482011
corn_starch,mp5_rep0,mp5_rep0,ORACLE,0.2,2,1,0.00011134147644042969,20,0.75,2.4457695212496526,2.445769521249648,3.123580568466502,1.0,0.9154783470627262,-0.11633317611810803,0.9316466441482011
corn_starch,mp5_rep1,mp5_rep1,ASTM-R,0.05,2,2,0.014172077178955078,20,1.0,2.9444698314080386,2.936038769176509,2.9444698314080386,1.0,0.6166587279012141,-0.03108328010043344,0.6318742516430086
corn_starch,mp5_rep1,mp5_rep1,ASTM-R,0.1,2,2,0.00012087821960449219,20,0.95,2.4650371857123625,2.4579789093143205,2.669735731930417,1.0,0.6166587279012141,-0.03108328010043344,0.6318742516430086
corn_starch,mp5_rep1,mp5_rep1,ASTM-R,0.2,2,2,9.5367431640625e-05,20,0.9,1.9161924285674492,1.910705689514959,2.2262854579511786,1.0,0.6166587279012141,-0.03108328010043344,0.6318742516430086
corn_starch,mp5_rep1,mp5_rep1,ASTM-G,0.05,2,2,0.00010609626770019531,20,1.0,3.6160110555192775,3.6056571324076288,3.6160110555192775,1.0,0.6166587279012141,-0.03108328010043344,0.6318742516430086
corn_starch,mp5_rep1,mp5_rep1,ASTM-G,0.1,2,2,0.0001068115234375,20,1.0,3.027234859302178,3.0185668114193334,3.027234859302178,1.0,0.6166587279012141,-0.03108328010043344,0.6318742516430086
corn_starch,mp5_rep1,mp5_rep1,ASTM-G,0.2,2,2,0.00010514259338378906,20,0.95,2.353215825916208,2.3464777337609064,2.483576220598194,1.0,0.6166587279012141,-0.03108328010043344,0.6318742516430086
corn_starch,mp5_rep1,mp5_rep1,GPR,0.05,2,2,0.03429245948791504,20,0.9,2.11741625846846,2.0953081250933288,2.868045703957528,1.0,0.6166587279012141,-0.03108328010043344,0.6318742516430086
corn_starch,mp5_rep1,mp5_rep1,GPR,0.1,2,2,0.00011610984802246094,20,0.85,1.7769917406544469,1.7584380102522346,2.534650818421321,1.0,0.6166587279012141,-0.03108328010043344,0.6318742516430086
corn_starch,mp5_rep1,mp5_rep1,GPR,0.2,2,2,9.989738464355469e-05,20,0.75,1.3845040737249281,1.3700483423126855,2.1120582370531427,1.0,0.6166587279012141,-0.03108328010043344,0.6318742516430086
corn_starch,mp5_rep1,mp5_rep1,BAG,0.05,2,2,0.023630142211914062,20,1.0,3.0292215512984813,2.8311640364590147,3.0292215512984813,1.0,0.6166587279012141,-0.03108328010043344,0.6318742516430086
corn_starch,mp5_rep1,mp5_rep1,BAG,0.1,2,2,9.965896606445312e-05,20,0.95,2.5422028643358674,2.375987758242914,2.599476343748468,1.0,0.6166587279012141,-0.03108328010043344,0.6318742516430086
corn_starch,mp5_rep1,mp5_rep1,BAG,0.2,2,2,7.867813110351562e-05,20,0.85,1.9807015088387097,1.8511986607187936,2.216190818724961,1.0,0.6166587279012141,-0.03108328010043344,0.6318742516430086
corn_starch,mp5_rep1,mp5_rep1,QGB,0.05,2,2,0.031240463256835938,20,0.95,1.7806280152772427,1.7447924035419007,2.449992889096192,1.0,0.6166587279012141,-0.03108328010043344,0.6318742516430086
corn_starch,mp5_rep1,mp5_rep1,QGB,0.1,2,2,0.026560068130493164,20,0.75,1.4840132614860881,1.614999086608126,2.717240418113552,1.0,0.6166587279012141,-0.03108328010043344,0.6318742516430086
corn_starch,mp5_rep1,mp5_rep1,QGB,0.2,2,2,0.026499271392822266,20,0.7,1.2050811791538607,1.2293968621959692,2.0321616384706287,1.0,0.6166587279012141,-0.03108328010043344,0.6318742516430086
corn_starch,mp5_rep1,mp5_rep1,SCP,0.05,2,2,5.459785461425781e-05,20,1.0,2.1095872045155315,2.1095872045155275,2.1095872045155315,1.0,0.6166587279012141,-0.03108328010043344,0.6318742516430086
corn_starch,mp5_rep1,mp5_rep1,SCP,0.1,2,2,1.0728836059570312e-05,20,0.8,1.6330374568644572,1.6330374568644572,1.9220433105397063,1.0,0.6166587279012141,-0.03108328010043344,0.6318742516430086
corn_starch,mp5_rep1,mp5_rep1,SCP,0.2,2,2,9.5367431640625e-06,20,0.65,1.3628801655439418,1.3628801655439418,1.9446880649201752,1.0,0.6166587279012141,-0.03108328010043344,0.6318742516430086
corn_starch,mp5_rep1,mp5_rep1,NCP-kNN,0.05,2,2,0.005351066589355469,20,0.95,2.1802882011895446,2.2648827470407156,2.1949554006313616,1.0,0.6166587279012141,-0.03108328010043344,0.6318742516430086
corn_starch,mp5_rep1,mp5_rep1,NCP-kNN,0.1,2,2,1.71661376953125e-05,20,0.95,1.9165446458945037,1.9909060187783645,2.019627747139395,1.0,0.6166587279012141,-0.03108328010043344,0.6318742516430086
corn_starch,mp5_rep1,mp5_rep1,NCP-kNN,0.2,2,2,1.3828277587890625e-05,20,0.8,1.492802533223602,1.5507228358123264,1.8468418358903933,1.0,0.6166587279012141,-0.03108328010043344,0.6318742516430086
corn_starch,mp5_rep1,mp5_rep1,CV+,0.05,2,2,0.005000114440917969,20,1.0,3.196293079696546,3.1235849557022846,3.196293079696546,1.0,0.6166587279012141,-0.03108328010043344,0.6318742516430086
corn_starch,mp5_rep1,mp5_rep1,CV+,0.1,2,2,0.0044002532958984375,20,0.95,2.700636840202641,2.644931565676135,2.722766185787144,1.0,0.6166587279012141,-0.03108328010043344,0.6318742516430086
corn_starch,mp5_rep1,mp5_rep1,CV+,0.2,2,2,0.004369258880615234,20,0.9,2.070252392153563,1.990744868964729,2.291858737279817,1.0,0.6166587279012141,-0.03108328010043344,0.6318742516430086
corn_starch,mp5_rep1,mp5_rep1,CQR,0.05,2,2,2.3603439331054688e-05,20,0.95,2.4006445410502106,2.3648089293148686,2.449992889096192,1.0,0.6166587279012141,-0.03108328010043344,0.6318742516430086
corn_starch,mp5_rep1,mp5_rep1,CQR,0.1,2,2,1.33514404296875e-05,20,0.95,2.3827696994418845,2.5137555245639227,2.4281721783260126,1.0,0.6166587279012141,-0.03108328010043344,0.6318742516430086
corn_starch,mp5_rep1,mp5_rep1,CQR,0.2,2,2,1.1920928955078125e-05,20,0.85,1.6387918038717786,1.663107486913887,1.9015001121227002,1.0,0.6166587279012141,-0.03108328010043344,0.6318742516430086
corn_starch,mp5_rep1,mp5_rep1,WCP,0.05,2,2,0.002728700637817383,20,1.0,inf,2.1095872045155417,inf,0.6,0.6166587279012141,-0.03108328010043344,0.6318742516430086
corn_starch,mp5_rep1,mp5_rep1,WCP,0.1,2,2,0.0001220703125,20,0.95,inf,1.7755201949458126,inf,0.85,0.6166587279012141,-0.03108328010043344,0.6318742516430086
corn_starch,mp5_rep1,mp5_rep1,WCP,0.2,2,2,0.00010752677917480469,20,0.7,inf,1.5851664555846838,inf,0.95,0.6166587279012141,-0.03108328010043344,0.6318742516430086
corn_starch,mp5_rep1,mp5_rep1,R-U-A,0.05,2,2,5.221366882324219e-05,20,0.95,2.709202264576192,2.7092022645761915,2.8793529726622755,1.0,0.6166587279012141,-0.03108328010043344,0.6318742516430086
corn_starch,mp5_rep1,mp5_rep1,R-U-A,0.1,2,2,3.528594970703125e-05,20,0.95,2.469975947324087,2.4699759473240874,2.674664459993181,1.0,0.6166587279012141,-0.03108328010043344,0.6318742516430086
corn_starch,mp5_rep1,mp5_rep1,R-U-A,0.2,2,2,3.3855438232421875e-05,20,0.9,1.893305928970409,1.8933059289704133,2.2143588628556854,1.0,0.6166587279012141,-0.03108328010043344,0.6318742516430086
corn_starch,mp5_rep1,mp5_rep1,R-U-D,0.05,2,2,0.002831697463989258,20,1.0,2.9944703138680127,2.697020605257567,2.9944703138680127,1.0,0.6166587279012141,-0.03108328010043344,0.6318742516430086
corn_starch,mp5_rep1,mp5_rep1,R-U-D,0.1,2,2,0.0004172325134277344,20,1.0,2.7339258900200525,2.462356839699897,2.7339258900200525,1.0,0.6166587279012141,-0.03108328010043344,0.6318742516430086
corn_starch,mp5_rep1,mp5_rep1,R-U-D,0.2,2,2,0.0003876686096191406,20,0.95,2.229133554006895,2.0077070389326366,2.341843411892017,1.0,0.6166587279012141,-0.03108328010043344,0.6318742516430086
corn_starch,mp5_rep1,mp5_rep1,G-U-A,0.05,2,2,4.076957702636719e-05,20,1.0,3.3706661614397717,3.3706661614397717,3.3706661614397717,1.0,0.6166587279012141,-0.03108328010043344,0.6318742516430086
corn_starch,mp5_rep1,mp5_rep1,G-U-A,0.1,2,2,3.504753112792969e-05,20,1.0,3.0612110006662756,3.061211000666276,3.0612110006662756,1.0,0.6166587279012141,-0.03108328010043344,0.6318742516430086
corn_starch,mp5_rep1,mp5_rep1,G-U-A,0.2,2,2,3.4332275390625e-05,20,0.95,2.558684294253396,2.5586842942533963,2.6388514638556155,1.0,0.6166587279012141,-0.03108328010043344,0.6318742516430086
corn_starch,mp5_rep1,mp5_rep1,G-W-A,0.05,2,2,0.00010251998901367188,20,1.0,3.3706661614397717,3.3706661614397717,3.3706661614397717,1.0,0.6166587279012141,-0.03108328010043344,0.6318742516430086
corn_starch,mp5_rep1,mp5_rep1,G-W-A,0.1,2,2,7.557868957519531e-05,20,1.0,3.0612110006662756,3.061211000666276,3.0612110006662756,1.0,0.6166587279012141,-0.03108328010043344,0.6318742516430086
corn_starch,mp5_rep1,mp5_rep1,G-W-A,0.2,2,2,7.319450378417969e-05,20,0.95,2.558684294253396,2.5586842942533963,2.6388514638556155,1.0,0.6166587279012141,-0.03108328010043344,0.6318742516430086
corn_starch,mp5_rep1,mp5_rep1,G-U-D,0.05,2,2,0.003656148910522461,20,1.0,6.414095060554239,5.991931773814134,6.414095060554239,1.0,0.6166587279012141,-0.03108328010043344,0.6318742516430086
corn_starch,mp5_rep1,mp5_rep1,G-U-D,0.1,2,2,0.0003573894500732422,20,1.0,5.916669444384844,5.527245746167864,5.916669444384844,1.0,0.6166587279012141,-0.03108328010043344,0.6318742516430086
corn_starch,mp5_rep1,mp5_rep1,G-U-D,0.2,2,2,0.0003826618194580078,20,1.0,4.677952367266203,4.370058622640585,4.677952367266203,1.0,0.6166587279012141,-0.03108328010043344,0.6318742516430086
corn_starch,mp5_rep1,mp5_rep1,GC-D,0.05,2,2,0.0004055500030517578,20,1.0,6.414095060554239,5.991931773814134,6.414095060554239,1.0,0.6166587279012141,-0.03108328010043344,0.6318742516430086
corn_starch,mp5_rep1,mp5_rep1,GC-D,0.1,2,2,0.0005371570587158203,20,1.0,5.916669444384844,5.527245746167864,5.916669444384844,1.0,0.6166587279012141,-0.03108328010043344,0.6318742516430086
corn_starch,mp5_rep1,mp5_rep1,GC-D,0.2,2,2,0.00048065185546875,20,1.0,4.677952367266203,4.370058622640585,4.677952367266203,1.0,0.6166587279012141,-0.03108328010043344,0.6318742516430086
corn_starch,mp5_rep1,mp5_rep1,GC-D+,0.05,2,2,0.0003910064697265625,20,1.0,inf,inf,inf,0.0,0.6166587279012141,-0.03108328010043344,0.6318742516430086
corn_starch,mp5_rep1,mp5_rep1,GC-D+,0.1,2,2,0.00043272972106933594,20,1.0,inf,inf,inf,0.0,0.6166587279012141,-0.03108328010043344,0.6318742516430086
corn_starch,mp5_rep1,mp5_rep1,GC-D+,0.2,2,2,0.0004050731658935547,20,1.0,inf,inf,inf,0.0,0.6166587279012141,-0.03108328010043344,0.6318742516430086
corn_starch,mp5_rep1,mp5_rep1,HJ+,0.05,2,2,0.0014083385467529297,20,1.0,inf,inf,inf,0.0,0.6166587279012141,-0.03108328010043344,0.6318742516430086
corn_starch,mp5_rep1,mp5_rep1,HJ+,0.1,2,2,0.0007276535034179688,20,1.0,inf,inf,inf,0.0,0.6166587279012141,-0.03108328010043344,0.6318742516430086
corn_starch,mp5_rep1,mp5_rep1,HJ+,0.2,2,2,0.0003597736358642578,20,1.0,inf,inf,inf,0.0,0.6166587279012141,-0.03108328010043344,0.6318742516430086
corn_starch,mp5_rep1,mp5_rep1,HJ+-D,0.05,2,2,0.0021648406982421875,20,1.0,inf,inf,inf,0.0,0.6166587279012141,-0.03108328010043344,0.6318742516430086
corn_starch,mp5_rep1,mp5_rep1,HJ+-D,0.1,2,2,0.0021333694458007812,20,1.0,inf,inf,inf,0.0,0.6166587279012141,-0.03108328010043344,0.6318742516430086
corn_starch,mp5_rep1,mp5_rep1,HJ+-D,0.2,2,2,0.002049684524536133,20,1.0,inf,inf,inf,0.0,0.6166587279012141,-0.03108328010043344,0.6318742516430086
corn_starch,mp5_rep1,mp5_rep1,HCP-D,0.05,2,2,0.0002751350402832031,20,1.0,inf,inf,inf,0.0,0.6166587279012141,-0.03108328010043344,0.6318742516430086
corn_starch,mp5_rep1,mp5_rep1,HCP-D,0.1,2,2,0.00018286705017089844,20,1.0,inf,inf,inf,0.0,0.6166587279012141,-0.03108328010043344,0.6318742516430086
corn_starch,mp5_rep1,mp5_rep1,HCP-D,0.2,2,2,0.00014472007751464844,20,1.0,inf,inf,inf,0.0,0.6166587279012141,-0.03108328010043344,0.6318742516430086
corn_starch,mp5_rep1,mp5_rep1,HCP-A,0.05,2,2,0.000133514404296875,20,1.0,inf,inf,inf,0.0,0.6166587279012141,-0.03108328010043344,0.6318742516430086
corn_starch,mp5_rep1,mp5_rep1,HCP-A,0.1,2,2,0.00015664100646972656,20,1.0,inf,inf,inf,0.0,0.6166587279012141,-0.03108328010043344,0.6318742516430086
corn_starch,mp5_rep1,mp5_rep1,HCP-A,0.2,2,2,0.000133514404296875,20,1.0,inf,inf,inf,0.0,0.6166587279012141,-0.03108328010043344,0.6318742516430086
corn_starch,mp5_rep1,mp5_rep1,ORACLE,0.05,2,2,0.0001533031463623047,20,1.0,inf,inf,inf,0.0,0.6166587279012141,-0.03108328010043344,0.6318742516430086
corn_starch,mp5_rep1,mp5_rep1,ORACLE,0.1,2,2,9.679794311523438e-05,20,0.75,1.994699928935845,1.994699928935848,4.119004002881269,1.0,0.6166587279012141,-0.03108328010043344,0.6318742516430086
corn_starch,mp5_rep1,mp5_rep1,ORACLE,0.2,2,2,0.00010013580322265625,20,0.6,1.5934216806452928,1.5934216806452959,2.846609190378079,1.0,0.6166587279012141,-0.03108328010043344,0.6318742516430086
corn_starch,mp5_rep2,mp5_rep2,ASTM-R,0.05,2,2,0.01450967788696289,20,1.0,2.8606985381721457,2.8582959306519733,2.8606985381721457,1.0,0.7889839866108439,0.572526361183796,0.5569742476121664
corn_starch,mp5_rep2,mp5_rep2,ASTM-R,0.1,2,2,0.00011420249938964844,20,0.85,2.394905934673889,2.3928945311890466,2.974108334288341,1.0,0.7889839866108439,0.572526361183796,0.5569742476121664
corn_starch,mp5_rep2,mp5_rep2,ASTM-R,0.2,2,2,0.00010442733764648438,20,0.7,1.8616760208536824,1.8601124598044692,2.823227530304454,1.0,0.7889839866108439,0.572526361183796,0.5569742476121664
corn_starch,mp5_rep2,mp5_rep2,ASTM-G,0.05,2,2,0.00013184547424316406,20,1.0,3.235001009070735,3.232284037097479,3.235001009070735,1.0,0.7889839866108439,0.572526361183796,0.5569742476121664
corn_starch,mp5_rep2,mp5_rep2,ASTM-G,0.1,2,2,9.202957153320312e-05,20,0.9,2.7082626889619186,2.705988107346176,2.8278792170678337,1.0,0.7889839866108439,0.572526361183796,0.5569742476121664
corn_starch,mp5_rep2,mp5_rep2,ASTM-G,0.2,2,2,8.869171142578125e-05,20,0.7,2.1052633563662964,2.1034952142483974,2.70063880211823,1.0,0.7889839866108439,0.572526361183796,0.5569742476121664
corn_starch,mp5_rep2,mp5_rep2,GPR,0.05,2,2,0.04317617416381836,20,0.85,2.6347573750855933,2.623994541304583,3.578028007621293,1.0,0.7889839866108439,0.572526361183796,0.5569742476121664
corn_starch,mp5_rep2,mp5_rep2,GPR,0.1,2,2,0.00010633468627929688,20,0.75,2.2111580920522327,2.202125637210912,3.508163710209156,1.0,0.7889839866108439,0.572526361183796,0.5569742476121664
corn_starch,mp5_rep2,mp5_rep2,GPR,0.2,2,2,8.344650268554688e-05,20,0.7,1.7227752476602305,1.715737808916174,3.0152414835439174,1.0,0.7889839866108439,0.572526361183796,0.5569742476121664
corn_starch,mp5_rep2,mp5_rep2,BAG,0.05,2,2,0.024695873260498047,20,1.0,3.089345046619207,3.073754840559559,3.089345046619207,1.0,0.7889839866108439,0.572526361183796,0.5569742476121664
corn_starch,mp5_rep2,mp5_rep2,BAG,0.1,2,2,0.00013446807861328125,20,1.0,2.5926600921846292,2.5795763788182597,2.5926600921846292,1.0,0.7889839866108439,0.572526361183796,0.5569742476121664
corn_starch,mp5_rep2,mp5_rep2,BAG,0.2,2,2,8.130073547363281e-05,20,0.85,2.020014149357649,2.009820261541094,2.3239497141714653,1.0,0.7889839866108439,0.572526361183796,0.5569742476121664
corn_starch,mp5_rep2,mp5_rep2,QGB,0.05,2,2,0.029842376708984375,20,0.95,1.8767954308327561,1.654559764243011,1.933192165225036,1.0,0.7889839866108439,0.572526361183796,0.5569742476121664
corn_starch,mp5_rep2,mp5_rep2,QGB,0.1,2,2,0.026624202728271484,20,0.85,1.585277099714493,1.4207750499192215,1.8454442073148243,1.0,0.7889839866108439,0.572526361183796,0.5569742476121664
corn_starch,mp5_rep2,mp5_rep2,QGB,0.2,2,2,0.027269601821899414,20,0.65,1.194358679662144,1.2305031475167851,2.1541733831367287,1.0,0.7889839866108439,0.572526361183796,0.5569742476121664
corn_starch,mp5_rep2,mp5_rep2,SCP,0.05,2,2,2.6226043701171875e-05,20,0.85,2.600769081504194,2.6007690815041897,3.4781997449700244,1.0,0.7889839866108439,0.572526361183796,0.5569742476121664
corn_starch,mp5_rep2,mp5_rep2,SCP,0.1,2,2,1.049041748046875e-05,20,0.7,2.1782629428411724,2.1782629428411724,3.519799743770619,1.0,0.7889839866108439,0.572526361183796,0.5569742476121664
corn_starch,mp5_rep2,mp5_rep2,SCP,0.2,2,2,8.821487426757812e-06,20,0.7,1.9281326370570184,1.9281326370570184,2.974096496197973,1.0,0.7889839866108439,0.572526361183796,0.5569742476121664
corn_starch,mp5_rep2,mp5_rep2,NCP-kNN,0.05,2,2,0.00543212890625,20,0.9,2.530259667290877,2.6638707323190367,2.7318111981125375,1.0,0.7889839866108439,0.572526361183796,0.5569742476121664
corn_starch,mp5_rep2,mp5_rep2,NCP-kNN,0.1,2,2,1.621246337890625e-05,20,0.65,1.8359094037392452,1.9328551101028353,3.7895544689509904,1.0,0.7889839866108439,0.572526361183796,0.5569742476121664
corn_starch,mp5_rep2,mp5_rep2,NCP-kNN,0.2,2,2,1.2159347534179688e-05,20,0.6,1.6212375228715277,1.706847420896903,3.007586015989197,1.0,0.7889839866108439,0.572526361183796,0.5569742476121664
corn_starch,mp5_rep2,mp5_rep2,CV+,0.05,2,2,0.004979372024536133,20,0.9,2.775651780870473,2.7880228081039675,2.904191148836486,1.0,0.7889839866108439,0.572526361183796,0.5569742476121664
corn_starch,mp5_rep2,mp5_rep2,CV+,0.1,2,2,0.0045623779296875,20,0.85,2.395432132447687,2.3794255977037437,2.905767071043619,1.0,0.7889839866108439,0.572526361183796,0.5569742476121664
corn_starch,mp5_rep2,mp5_rep2,CV+,0.2,2,2,0.004640102386474609,20,0.75,1.8889405581758485,1.8799567013443905,2.5567471928815895,1.0,0.7889839866108439,0.572526361183796,0.5569742476121664
corn_starch,mp5_rep2,mp5_rep2,CQR,0.05,2,2,2.384185791015625e-05,20,1.0,2.7312685087168362,2.509032842127091,2.7312685087168362,1.0,0.7889839866108439,0.572526361183796,0.5569742476121664
corn_starch,mp5_rep2,mp5_rep2,CQR,0.1,2,2,1.1444091796875e-05,20,1.0,2.3218060237884446,2.157303973993173,2.3218060237884446,1.0,0.7889839866108439,0.572526361183796,0.5569742476121664
corn_starch,mp5_rep2,mp5_rep2,CQR,0.2,2,2,1.0728836059570312e-05,20,0.85,1.7093278249842563,1.7454722928388975,1.9713485906985,1.0,0.7889839866108439,0.572526361183796,0.5569742476121664
corn_starch,mp5_rep2,mp5_rep2,WCP,0.05,2,2,0.0026891231536865234,20,1.0,inf,inf,inf,0.5,0.7889839866108439,0.572526361183796,0.5569742476121664
corn_starch,mp5_rep2,mp5_rep2,WCP,0.1,2,2,0.00010466575622558594,20,0.75,inf,2.2011187467448963,inf,0.8,0.7889839866108439,0.572526361183796,0.5569742476121664
corn_starch,mp5_rep2,mp5_rep2,WCP,0.2,2,2,8.320808410644531e-05,20,0.7,1.9553522673060968,1.9553522673060968,2.9604866810734336,1.0,0.7889839866108439,0.572526361183796,0.5569742476121664
corn_starch,mp5_rep2,mp5_rep2,R-U-A,0.05,2,2,5.245208740234375e-05,20,0.85,2.4716501809343185,2.4716501809343185,3.3979478433871293,1.0,0.7889839866108439,0.572526361183796,0.5569742476121664
corn_starch,mp5_rep2,mp5_rep2,R-U-A,0.1,2,2,3.457069396972656e-05,20,0.85,2.3736764259531924,2.3736764259531924,2.983785889651287,1.0,0.7889839866108439,0.572526361183796,0.5569742476121664
corn_starch,mp5_rep2,mp5_rep2,R-U-A,0.2,2,2,3.600120544433594e-05,20,0.6,1.6946176287027015,1.6946176287027015,2.943043629413175,1.0,0.7889839866108439,0.572526361183796,0.5569742476121664
corn_starch,mp5_rep2,mp5_rep2,R-U-D,0.05,2,2,0.002936124801635742,20,0.85,2.5903200718073487,2.612374534705882,3.228619805106754,1.0,0.7889839866108439,0.572526361183796,0.5569742476121664
corn_starch,mp5_rep2,mp5_rep2,R-U-D,0.1,2,2,0.000522613525390625,20,0.75,2.2011350350299597,2.219875904736792,3.327123104841422,1.0,0.7889839866108439,0.572526361183796,0.5569742476121664
corn_starch,mp5_rep2,mp5_rep2,R-U-D,0.2,2,2,0.0004248619079589844,20,0.65,1.9900048503205787,2.006948118689987,2.8712376194289617,1.0,0.7889839866108439,0.572526361183796,0.5569742476121664
corn_starch,mp5_rep2,mp5_rep2,G-U-A,0.05,2,2,4.267692565917969e-05,20,1.0,2.9540940321413416,2.9540940321413416,2.9540940321413416,1.0,0.7889839866108439,0.572526361183796,0.5569742476121664
corn_starch,mp5_rep2,mp5_rep2,G-U-A,0.1,2,2,4.172325134277344e-05,20,0.85,2.6178263159772257,2.6178263159772257,2.8617109446392703,1.0,0.7889839866108439,0.572526361183796,0.5569742476121664
corn_starch,mp5_rep2,mp5_rep2,G-U-A,0.2,2,2,3.409385681152344e-05,20,0.7,2.111520007152052,2.111520007152052,2.704381981705964,1.0,0.7889839866108439,0.572526361183796,0.5569742476121664
corn_starch,mp5_rep2,mp5_rep2,G-W-A,0.05,2,2,0.00010061264038085938,20,1.0,2.9540940321413416,2.9540940321413416,2.9540940321413416,1.0,0.7889839866108439,0.572526361183796,0.5569742476121664
corn_starch,mp5_rep2,mp5_rep2,G-W-A,0.1,2,2,7.295608520507812e-05,20,0.85,2.6178263159772257,2.6178263159772257,2.8617109446392703,1.0,0.7889839866108439,0.572526361183796,0.5569742476121664
corn_starch,mp5_rep2,mp5_rep2,G-W-A,0.2,2,2,6.771087646484375e-05,20,0.7,2.111520007152052,2.111520007152052,2.704381981705964,1.0,0.7889839866108439,0.572526361183796,0.5569742476121664
corn_starch,mp5_rep2,mp5_rep2,G-U-D,0.05,2,2,0.0034673213958740234,20,1.0,5.644613149374341,5.6433605686654715,5.644613149374341,1.0,0.7889839866108439,0.572526361183796,0.5569742476121664
corn_starch,mp5_rep2,mp5_rep2,G-U-D,0.1,2,2,0.0005903244018554688,20,1.0,5.038515020679394,5.037396937553197,5.038515020679394,1.0,0.7889839866108439,0.572526361183796,0.5569742476121664
corn_starch,mp5_rep2,mp5_rep2,G-U-D,0.2,2,2,0.0006425380706787109,20,0.95,4.050805500292249,4.049906597091844,4.082660982453255,1.0,0.7889839866108439,0.572526361183796,0.5569742476121664
corn_starch,mp5_rep2,mp5_rep2,GC-D,0.05,2,2,0.0006000995635986328,20,1.0,5.644613149374341,5.6433605686654715,5.644613149374341,1.0,0.7889839866108439,0.572526361183796,0.5569742476121664
corn_starch,mp5_rep2,mp5_rep2,GC-D,0.1,2,2,0.000652313232421875,20,1.0,5.038515020679394,5.037396937553197,5.038515020679394,1.0,0.7889839866108439,0.572526361183796,0.5569742476121664
corn_starch,mp5_rep2,mp5_rep2,GC-D,0.2,2,2,0.0007276535034179688,20,0.95,4.050805500292249,4.049906597091844,4.082660982453255,1.0,0.7889839866108439,0.572526361183796,0.5569742476121664
corn_starch,mp5_rep2,mp5_rep2,GC-D+,0.05,2,2,0.0007588863372802734,20,1.0,inf,inf,inf,0.0,0.7889839866108439,0.572526361183796,0.5569742476121664
corn_starch,mp5_rep2,mp5_rep2,GC-D+,0.1,2,2,0.0006997585296630859,20,1.0,inf,inf,inf,0.0,0.7889839866108439,0.572526361183796,0.5569742476121664
corn_starch,mp5_rep2,mp5_rep2,GC-D+,0.2,2,2,0.0007152557373046875,20,1.0,inf,inf,inf,0.0,0.7889839866108439,0.572526361183796,0.5569742476121664
corn_starch,mp5_rep2,mp5_rep2,HJ+,0.05,2,2,0.0021457672119140625,20,1.0,inf,inf,inf,0.0,0.7889839866108439,0.572526361183796,0.5569742476121664
corn_starch,mp5_rep2,mp5_rep2,HJ+,0.1,2,2,0.0013022422790527344,20,1.0,inf,inf,inf,0.0,0.7889839866108439,0.572526361183796,0.5569742476121664
corn_starch,mp5_rep2,mp5_rep2,HJ+,0.2,2,2,0.0006887912750244141,20,1.0,inf,inf,inf,0.0,0.7889839866108439,0.572526361183796,0.5569742476121664
corn_starch,mp5_rep2,mp5_rep2,HJ+-D,0.05,2,2,0.003705263137817383,20,1.0,inf,inf,inf,0.0,0.7889839866108439,0.572526361183796,0.5569742476121664
corn_starch,mp5_rep2,mp5_rep2,HJ+-D,0.1,2,2,0.002224445343017578,20,1.0,inf,inf,inf,0.0,0.7889839866108439,0.572526361183796,0.5569742476121664
corn_starch,mp5_rep2,mp5_rep2,HJ+-D,0.2,2,2,0.0021715164184570312,20,1.0,inf,inf,inf,0.0,0.7889839866108439,0.572526361183796,0.5569742476121664
corn_starch,mp5_rep2,mp5_rep2,HCP-D,0.05,2,2,0.0003178119659423828,20,1.0,inf,inf,inf,0.0,0.7889839866108439,0.572526361183796,0.5569742476121664
corn_starch,mp5_rep2,mp5_rep2,HCP-D,0.1,2,2,0.0002129077911376953,20,1.0,inf,inf,inf,0.0,0.7889839866108439,0.572526361183796,0.5569742476121664
corn_starch,mp5_rep2,mp5_rep2,HCP-D,0.2,2,2,0.0001609325408935547,20,1.0,inf,inf,inf,0.0,0.7889839866108439,0.572526361183796,0.5569742476121664
corn_starch,mp5_rep2,mp5_rep2,HCP-A,0.05,2,2,0.0001742839813232422,20,1.0,inf,inf,inf,0.0,0.7889839866108439,0.572526361183796,0.5569742476121664
corn_starch,mp5_rep2,mp5_rep2,HCP-A,0.1,2,2,0.0001361370086669922,20,1.0,inf,inf,inf,0.0,0.7889839866108439,0.572526361183796,0.5569742476121664
corn_starch,mp5_rep2,mp5_rep2,HCP-A,0.2,2,2,0.00012803077697753906,20,1.0,inf,inf,inf,0.0,0.7889839866108439,0.572526361183796,0.5569742476121664
corn_starch,mp5_rep2,mp5_rep2,ORACLE,0.05,2,2,0.00010919570922851562,20,1.0,inf,inf,inf,0.0,0.7889839866108439,0.572526361183796,0.5569742476121664
corn_starch,mp5_rep2,mp5_rep2,ORACLE,0.1,2,2,9.703636169433594e-05,20,0.95,2.8241214517016866,2.8241214517016893,2.827874588583783,1.0,0.7889839866108439,0.572526361183796,0.5569742476121664
corn_starch,mp5_rep2,mp5_rep2,ORACLE,0.2,2,2,9.512901306152344e-05,20,0.8,2.4701493840620827,2.4701493840620827,2.7713953389006036,1.0,0.7889839866108439,0.572526361183796,0.5569742476121664
corn_starch,mp5_rep3,mp5_rep3,ASTM-R,0.05,2,1,0.014366626739501953,20,0.9,3.0858392471124114,3.0784842741517764,4.730737745589389,1.0,0.9834300426119391,-0.31222276326683274,0.9567772632011473
corn_starch,mp5_rep3,mp5_rep3,ASTM-R,0.1,2,1,0.00013446807861328125,20,0.85,2.5834421705393766,2.5772846406785845,3.9700014844009446,1.0,0.9834300426119391,-0.31222276326683274,0.9567772632011473
corn_starch,mp5_rep3,mp5_rep3,ASTM-R,0.2,2,1,0.0006647109985351562,20,0.6,2.0082735177352378,2.003486879081162,3.4977638527326604,1.0,0.9834300426119391,-0.31222276326683274,0.9567772632011473
corn_starch,mp5_rep3,mp5_rep3,ASTM-G,0.05,2,1,0.00012683868408203125,20,0.9,3.231416250127604,3.2237143002718263,4.580947724712269,1.0,0.9834300426119391,-0.31222276326683274,0.9567772632011473
corn_starch,mp5_rep3,mp5_rep3,ASTM-G,0.1,2,1,9.489059448242188e-05,20,0.9,2.705318178501268,2.6988701621078626,3.9137946615613783,1.0,0.9834300426119391,-0.31222276326683274,0.9567772632011473
corn_starch,mp5_rep3,mp5_rep3,ASTM-G,0.2,2,1,0.00011682510375976562,20,0.65,2.103015471717528,2.0980030194503705,3.4262042659913354,1.0,0.9834300426119391,-0.31222276326683274,0.9567772632011473
corn_starch,mp5_rep3,mp5_rep3,GPR,0.05,2,1,0.032012939453125,20,0.95,2.9926316033277955,2.980612915972138,4.3024062999838595,1.0,0.9834300426119391,-0.31222276326683274,0.9567772632011473
corn_starch,mp5_rep3,mp5_rep3,GPR,0.1,2,1,9.846687316894531e-05,20,0.8,2.5114956120066045,2.5014092116216524,3.7040279331483745,1.0,0.9834300426119391,-0.31222276326683274,0.9567772632011473
corn_starch,mp5_rep3,mp5_rep3,GPR,0.2,2,1,9.250640869140625e-05,20,0.6,1.9567766278332877,1.94891803057439,3.42424164854789,1.0,0.9834300426119391,-0.31222276326683274,0.9567772632011473
corn_starch,mp5_rep3,mp5_rep3,BAG,0.05,2,1,0.020158052444458008,20,0.95,3.2592009560619033,3.194031118433145,4.393167700883424,1.0,0.9834300426119391,-0.31222276326683274,0.9567772632011473
corn_starch,mp5_rep3,mp5_rep3,BAG,0.1,2,1,9.918212890625e-05,20,0.9,2.7352076649511394,2.6805154131357796,3.6276080404282625,1.0,0.9834300426119391,-0.31222276326683274,0.9567772632011473
corn_starch,mp5_rep3,mp5_rep3,BAG,0.2,2,1,7.653236389160156e-05,20,0.65,2.1310769588685945,2.0884646924707404,3.293229255196569,1.0,0.9834300426119391,-0.31222276326683274,0.9567772632011473
corn_starch,mp5_rep3,mp5_rep3,QGB,0.05,2,1,0.032155752182006836,20,0.75,2.3764725074675073,2.2783370324264176,7.731139352484471,1.0,0.9834300426119391,-0.31222276326683274,0.9567772632011473
corn_starch,mp5_rep3,mp5_rep3,QGB,0.1,2,1,0.027482271194458008,20,0.7,2.2101761224926246,2.1321944657948855,5.394035198654988,1.0,0.9834300426119391,-0.31222276326683274,0.9567772632011473
corn_starch,mp5_rep3,mp5_rep3,QGB,0.2,2,1,0.026722192764282227,20,0.65,2.020122402712757,1.97292703536516,3.843430368802781,1.0,0.9834300426119391,-0.31222276326683274,0.9567772632011473
corn_starch,mp5_rep3,mp5_rep3,SCP,0.05,2,1,2.6464462280273438e-05,20,0.95,4.299573277094268,4.299573277094268,5.2811482485431185,1.0,0.9834300426119391,-0.31222276326683274,0.9567772632011473
corn_starch,mp5_rep3,mp5_rep3,SCP,0.1,2,1,9.775161743164062e-06,20,0.7,2.6635124968390755,2.6635124968390755,5.273304643950084,1.0,0.9834300426119391,-0.31222276326683274,0.9567772632011473
corn_starch,mp5_rep3,mp5_rep3,SCP,0.2,2,1,1.2159347534179688e-05,20,0.6,1.7729040301222767,1.7729040301222767,4.610776063935454,1.0,0.9834300426119391,-0.31222276326683274,0.9567772632011473
corn_starch,mp5_rep3,mp5_rep3,NCP-kNN,0.05,2,1,0.005968332290649414,20,0.95,4.2596258080958735,4.299573277094268,5.241200779544724,1.0,0.9834300426119391,-0.31222276326683274,0.9567772632011473
corn_starch,mp5_rep3,mp5_rep3,NCP-kNN,0.1,2,1,1.6689300537109375e-05,20,0.7,2.6387657194178944,2.6635124968390826,5.282083548947644,1.0,0.9834300426119391,-0.31222276326683274,0.9567772632011473
corn_starch,mp5_rep3,mp5_rep3,NCP-kNN,0.2,2,1,1.1920928955078125e-05,20,0.6,1.7002626802341787,1.7162080223294183,4.6385434483556525,1.0,0.9834300426119391,-0.31222276326683274,0.9567772632011473
corn_starch,mp5_rep3,mp5_rep3,CV+,0.05,2,1,0.00523829460144043,20,0.9,3.2536068780542395,3.2266928642270436,5.161781163963822,1.0,0.9834300426119391,-0.31222276326683274,0.9567772632011473
corn_starch,mp5_rep3,mp5_rep3,CV+,0.1,2,1,0.005056619644165039,20,0.85,2.7040091036764258,2.7113372539355893,4.095732914890943,1.0,0.9834300426119391,-0.31222276326683274,0.9567772632011473
corn_starch,mp5_rep3,mp5_rep3,CV+,0.2,2,1,0.004576683044433594,20,0.6,2.053168513379556,2.0514795152539236,3.5818891175212,1.0,0.9834300426119391,-0.31222276326683274,0.9567772632011473
corn_starch,mp5_rep3,mp5_rep3,CQR,0.05,2,1,2.7179718017578125e-05,20,0.75,2.7181470632059574,2.620011588164868,6.364441129530671,1.0,0.9834300426119391,-0.31222276326683274,0.9567772632011473
corn_starch,mp5_rep3,mp5_rep3,CQR,0.1,2,1,1.3828277587890625e-05,20,0.75,2.437593416332829,2.35961175963509,5.049510536811296,1.0,0.9834300426119391,-0.31222276326683274,0.9567772632011473
corn_starch,mp5_rep3,mp5_rep3,CQR,0.2,2,1,1.1444091796875e-05,20,0.65,2.1467961964410156,2.0996008290934185,3.748425023506587,1.0,0.9834300426119391,-0.31222276326683274,0.9567772632011473
corn_starch,mp5_rep3,mp5_rep3,WCP,0.05,2,1,0.0028769969940185547,20,1.0,inf,4.299573277094275,inf,0.8,0.9834300426119391,-0.31222276326683274,0.9567772632011473
corn_starch,mp5_rep3,mp5_rep3,WCP,0.1,2,1,0.00016689300537109375,20,0.95,inf,4.299573277094268,inf,0.95,0.9834300426119391,-0.31222276326683274,0.9567772632011473
corn_starch,mp5_rep3,mp5_rep3,WCP,0.2,2,1,8.249282836914062e-05,20,0.95,3.551546349667338,3.5121765113817105,3.9937892839576934,1.0,0.9834300426119391,-0.31222276326683274,0.9567772632011473
corn_starch,mp5_rep3,mp5_rep3,R-U-A,0.05,2,1,5.030632019042969e-05,20,0.9,3.1966087659613036,3.196608765961308,4.709272825666392,1.0,0.9834300426119391,-0.31222276326683274,0.9567772632011473
corn_starch,mp5_rep3,mp5_rep3,R-U-A,0.1,2,1,3.409385681152344e-05,20,0.85,2.5187102773307117,2.5187102773307117,4.04573370909371,1.0,0.9834300426119391,-0.31222276326683274,0.9567772632011473
corn_starch,mp5_rep3,mp5_rep3,R-U-A,0.2,2,1,3.2901763916015625e-05,20,0.55,1.9277412042017943,1.9277412042017943,3.6058481971185863,1.0,0.9834300426119391,-0.31222276326683274,0.9567772632011473
corn_starch,mp5_rep3,mp5_rep3,R-U-D,0.05,2,1,0.0030684471130371094,20,0.95,3.3128109494055584,3.139447923820928,4.201969203544394,1.0,0.9834300426119391,-0.31222276326683274,0.9567772632011473
corn_starch,mp5_rep3,mp5_rep3,R-U-D,0.1,2,1,0.0003790855407714844,20,0.85,2.8746365898652453,2.7242037084583686,3.7392807235059764,1.0,0.9834300426119391,-0.31222276326683274,0.9567772632011473
corn_starch,mp5_rep3,mp5_rep3,R-U-D,0.2,2,1,0.00035071372985839844,20,0.75,2.1975069408682737,2.0825089956699436,3.2711526318501294,1.0,0.9834300426119391,-0.31222276326683274,0.9567772632011473
corn_starch,mp5_rep3,mp5_rep3,G-U-A,0.05,2,1,4.506111145019531e-05,20,0.9,3.1087706858774595,3.1087706858774595,4.797110905750202,1.0,0.9834300426119391,-0.31222276326683274,0.9567772632011473
corn_starch,mp5_rep3,mp5_rep3,G-U-A,0.1,2,1,3.528594970703125e-05,20,0.9,2.736900748267601,2.736900748267601,3.9529407958138307,1.0,0.9834300426119391,-0.31222276326683274,0.9567772632011473
corn_starch,mp5_rep3,mp5_rep3,G-U-A,0.2,2,1,3.5762786865234375e-05,20,0.65,2.075638415303416,2.075638415303416,3.4557990571674466,1.0,0.9834300426119391,-0.31222276326683274,0.9567772632011473
corn_starch,mp5_rep3,mp5_rep3,G-W-A,0.05,2,1,0.00014829635620117188,20,0.9,3.1087706858774595,3.1087706858774595,4.797110905750202,1.0,0.9834300426119391,-0.31222276326683274,0.9567772632011473
corn_starch,mp5_rep3,mp5_rep3,G-W-A,0.1,2,1,7.700920104980469e-05,20,0.9,2.736900748267601,2.736900748267601,3.9529407958138307,1.0,0.9834300426119391,-0.31222276326683274,0.9567772632011473
corn_starch,mp5_rep3,mp5_rep3,G-W-A,0.2,2,1,6.961822509765625e-05,20,0.65,2.075638415303416,2.075638415303416,3.4557990571674466,1.0,0.9834300426119391,-0.31222276326683274,0.9567772632011473
corn_starch,mp5_rep3,mp5_rep3,G-U-D,0.05,2,1,0.0032279491424560547,20,0.75,2.0526943417598167,1.8103444840508054,7.504627440651644,1.0,0.9834300426119391,-0.31222276326683274,0.9567772632011473
corn_starch,mp5_rep3,mp5_rep3,G-U-D,0.1,2,1,0.00041103363037109375,20,0.6,1.7664624996282854,1.5579063952322514,5.399374186109649,1.0,0.9834300426119391,-0.31222276326683274,0.9567772632011473
corn_starch,mp5_rep3,mp5_rep3,G-U-D,0.2,2,1,0.0003609657287597656,20,0.4,1.3047172999762793,1.1506768052143315,4.301437894754045,1.0,0.9834300426119391,-0.31222276326683274,0.9567772632011473
corn_starch,mp5_rep3,mp5_rep3,GC-D,0.05,2,1,0.0005078315734863281,20,0.75,2.0526943417598167,1.8103444840508054,7.504627440651644,1.0,0.9834300426119391,-0.31222276326683274,0.9567772632011473
corn_starch,mp5_rep3,mp5_rep3,GC-D,0.1,2,1,0.0010001659393310547,20,0.6,1.7664624996282854,1.5579063952322514,5.399374186109649,1.0,0.9834300426119391,-0.31222276326683274,0.9567772632011473
corn_starch,mp5_rep3,mp5_rep3,GC-D,0.2,2,1,0.0004374980926513672,20,0.4,1.3047172999762793,1.1506768052143315,4.301437894754045,1.0,0.9834300426119391,-0.31222276326683274,0.9567772632011473
corn_starch,mp5_rep3,mp5_rep3,GC-D+,0.05,2,1,0.0004487037658691406,20,1.0,inf,inf,inf,0.0,0.9834300426119391,-0.31222276326683274,0.9567772632011473
corn_starch,mp5_rep3,mp5_rep3,GC-D+,0.1,2,1,0.00044417381286621094,20,1.0,inf,inf,inf,0.0,0.9834300426119391,-0.31222276326683274,0.9567772632011473
corn_starch,mp5_rep3,mp5_rep3,GC-D+,0.2,2,1,0.0004119873046875,20,1.0,inf,inf,inf,0.0,0.9834300426119391,-0.31222276326683274,0.9567772632011473
corn_starch,mp5_rep3,mp5_rep3,HJ+,0.05,2,1,0.001773834228515625,20,1.0,inf,inf,inf,0.0,0.9834300426119391,-0.31222276326683274,0.9567772632011473
corn_starch,mp5_rep3,mp5_rep3,HJ+,0.1,2,1,0.00041556358337402344,20,1.0,inf,inf,inf,0.0,0.9834300426119391,-0.31222276326683274,0.9567772632011473
corn_starch,mp5_rep3,mp5_rep3,HJ+,0.2,2,1,0.00040221214294433594,20,1.0,inf,inf,inf,0.0,0.9834300426119391,-0.31222276326683274,0.9567772632011473
corn_starch,mp5_rep3,mp5_rep3,HJ+-D,0.05,2,1,0.0022690296173095703,20,1.0,inf,inf,inf,0.0,0.9834300426119391,-0.31222276326683274,0.9567772632011473
corn_starch,mp5_rep3,mp5_rep3,HJ+-D,0.1,2,1,0.004865169525146484,20,1.0,inf,inf,inf,0.0,0.9834300426119391,-0.31222276326683274,0.9567772632011473
corn_starch,mp5_rep3,mp5_rep3,HJ+-D,0.2,2,1,0.0022687911987304688,20,1.0,inf,inf,inf,0.0,0.9834300426119391,-0.31222276326683274,0.9567772632011473
corn_starch,mp5_rep3,mp5_rep3,HCP-D,0.05,2,1,0.0002512931823730469,20,1.0,inf,inf,inf,0.0,0.9834300426119391,-0.31222276326683274,0.9567772632011473
corn_starch,mp5_rep3,mp5_rep3,HCP-D,0.1,2,1,0.00016951560974121094,20,1.0,inf,inf,inf,0.0,0.9834300426119391,-0.31222276326683274,0.9567772632011473
corn_starch,mp5_rep3,mp5_rep3,HCP-D,0.2,2,1,0.00015282630920410156,20,1.0,inf,inf,inf,0.0,0.9834300426119391,-0.31222276326683274,0.9567772632011473
corn_starch,mp5_rep3,mp5_rep3,HCP-A,0.05,2,1,0.00013709068298339844,20,1.0,inf,inf,inf,0.0,0.9834300426119391,-0.31222276326683274,0.9567772632011473
corn_starch,mp5_rep3,mp5_rep3,HCP-A,0.1,2,1,0.0001285076141357422,20,1.0,inf,inf,inf,0.0,0.9834300426119391,-0.31222276326683274,0.9567772632011473
corn_starch,mp5_rep3,mp5_rep3,HCP-A,0.2,2,1,0.00014090538024902344,20,1.0,inf,inf,inf,0.0,0.9834300426119391,-0.31222276326683274,0.9567772632011473
corn_starch,mp5_rep3,mp5_rep3,ORACLE,0.05,2,1,0.00011610984802246094,20,1.0,inf,inf,inf,0.0,0.9834300426119391,-0.31222276326683274,0.9567772632011473
corn_starch,mp5_rep3,mp5_rep3,ORACLE,0.1,2,1,0.00010633468627929688,20,0.95,3.9529407958138307,3.9529407958138307,4.5866701319701235,1.0,0.9834300426119391,-0.31222276326683274,0.9567772632011473
corn_starch,mp5_rep3,mp5_rep3,ORACLE,0.2,2,1,0.00013589859008789062,20,0.8,2.5633200363672586,2.5633200363672586,3.3491117495084772,1.0,0.9834300426119391,-0.31222276326683274,0.9567772632011473
corn_starch,mp5_rep4,mp5_rep4,ASTM-R,0.05,2,1,0.014604806900024414,20,0.85,3.175374465318696,3.1735578806295415,5.417527863552108,1.0,0.9258441097375743,0.40212365806405864,0.8556215833261936
corn_starch,mp5_rep4,mp5_rep4,ASTM-R,0.1,2,1,0.0001342296600341797,20,0.85,2.658400403920788,2.6568795724333008,4.5542516617276565,1.0,0.9258441097375743,0.40212365806405864,0.8556215833261936
corn_starch,mp5_rep4,mp5_rep4,ASTM-R,0.2,2,1,0.00010657310485839844,20,0.8,2.066543308618409,2.065361069806915,3.587384326326783,1.0,0.9258441097375743,0.40212365806405864,0.8556215833261936
corn_starch,mp5_rep4,mp5_rep4,ASTM-G,0.05,2,1,0.00012826919555664062,20,0.9,3.5632417003230685,3.561203222534928,4.724747140127299,1.0,0.9258441097375743,0.40212365806405864,0.8556215833261936
corn_starch,mp5_rep4,mp5_rep4,ASTM-G,0.1,2,1,0.00011277198791503906,20,0.85,2.983120031626103,2.981413432850257,4.39232307042344,1.0,0.9258441097375743,0.40212365806405864,0.8556215833261936
corn_starch,mp5_rep4,mp5_rep4,ASTM-G,0.2,2,1,9.083747863769531e-05,20,0.8,2.3189684785897122,2.317641831078106,3.5876095514320197,1.0,0.9258441097375743,0.40212365806405864,0.8556215833261936
corn_starch,mp5_rep4,mp5_rep4,GPR,0.05,2,1,0.029863357543945312,20,0.85,2.935308093884024,2.932180905524998,5.893299548488477,1.0,0.9258441097375743,0.40212365806405864,0.8556215833261936
corn_starch,mp5_rep4,mp5_rep4,GPR,0.1,2,1,0.00010204315185546875,20,0.85,2.4633882063798103,2.4607637871787027,4.6486772875502265,1.0,0.9258441097375743,0.40212365806405864,0.8556215833261936
corn_starch,mp5_rep4,mp5_rep4,GPR,0.2,2,1,8.845329284667969e-05,20,0.8,1.919294799672342,1.9172500411110214,3.553712974170138,1.0,0.9258441097375743,0.40212365806405864,0.8556215833261936
corn_starch,mp5_rep4,mp5_rep4,BAG,0.05,2,1,0.02103710174560547,20,0.85,3.2306170874941005,3.2072814949946853,4.983043977259389,1.0,0.9258441097375743,0.40212365806405864,0.8556215833261936
corn_starch,mp5_rep4,mp5_rep4,BAG,0.1,2,1,9.512901306152344e-05,20,0.85,2.7112193262587354,2.691635479686809,4.359438021231398,1.0,0.9258441097375743,0.40212365806405864,0.8556215833261936
corn_starch,mp5_rep4,mp5_rep4,BAG,0.2,2,1,8.869171142578125e-05,20,0.8,2.1123869718069246,2.0971286480130082,3.4214276983938574,1.0,0.9258441097375743,0.40212365806405864,0.8556215833261936
corn_starch,mp5_rep4,mp5_rep4,QGB,0.05,2,1,0.03150534629821777,20,0.85,2.4083687804107416,2.536210824072139,5.678923651606171,1.0,0.9258441097375743,0.40212365806405864,0.8556215833261936
corn_starch,mp5_rep4,mp5_rep4,QGB,0.1,2,1,0.0294797420501709,20,0.8,2.0583130729663934,2.130814431509581,4.19992350105286,1.0,0.9258441097375743,0.40212365806405864,0.8556215833261936
corn_starch,mp5_rep4,mp5_rep4,QGB,0.2,2,1,0.027992725372314453,20,0.55,1.5190169196346297,1.4878662971199503,3.6322315442653084,1.0,0.9258441097375743,0.40212365806405864,0.8556215833261936
corn_starch,mp5_rep4,mp5_rep4,SCP,0.05,2,1,2.7894973754882812e-05,20,0.85,3.282081598558534,3.282081598558534,5.595283550908661,1.0,0.9258441097375743,0.40212365806405864,0.8556215833261936
corn_starch,mp5_rep4,mp5_rep4,SCP,0.1,2,1,1.3113021850585938e-05,20,0.85,2.80854766178503,2.8085476617850347,4.6754495431203535,1.0,0.9258441097375743,0.40212365806405864,0.8556215833261936
corn_starch,mp5_rep4,mp5_rep4,SCP,0.2,2,1,1.33514404296875e-05,20,0.8,2.538476151782573,2.538476151782568,3.739983389692591,1.0,0.9258441097375743,0.40212365806405864,0.8556215833261936
corn_starch,mp5_rep4,mp5_rep4,NCP-kNN,0.05,2,1,0.005063295364379883,20,0.85,3.1814792350052206,3.238050030493156,5.85134103248874,1.0,0.9258441097375743,0.40212365806405864,0.8556215833261936
corn_starch,mp5_rep4,mp5_rep4,NCP-kNN,0.1,2,1,1.8596649169921875e-05,20,0.85,2.943562618662553,2.9959029505038295,4.633317449160323,1.0,0.9258441097375743,0.40212365806405864,0.8556215833261936
corn_starch,mp5_rep4,mp5_rep4,NCP-kNN,0.2,2,1,1.239776611328125e-05,20,0.85,2.748192120937274,2.7970585138794384,3.7387553004208143,1.0,0.9258441097375743,0.40212365806405864,0.8556215833261936
corn_starch,mp5_rep4,mp5_rep4,CV+,0.05,2,1,0.0058100223541259766,20,0.9,3.2590774611720597,3.2304980830679,4.48460668576522,1.0,0.9258441097375743,0.40212365806405864,0.8556215833261936
corn_starch,mp5_rep4,mp5_rep4,CV+,0.1,2,1,0.004766702651977539,20,0.85,2.763665073304421,2.7501138863846464,4.173199375401208,1.0,0.9258441097375743,0.40212365806405864,0.8556215833261936
corn_starch,mp5_rep4,mp5_rep4,CV+,0.2,2,1,0.00453948974609375,20,0.85,2.2456056562016653,2.2282855398939425,3.3461982644718304,1.0,0.9258441097375743,0.40212365806405864,0.8556215833261936
corn_starch,mp5_rep4,mp5_rep4,CQR,0.05,2,1,3.218650817871094e-05,20,0.95,3.6403268907171933,3.76816893437859,4.131398395486062,1.0,0.9258441097375743,0.40212365806405864,0.8556215833261936
corn_starch,mp5_rep4,mp5_rep4,CQR,0.1,2,1,1.3113021850585938e-05,20,0.9,2.7552295387430603,2.827730897286248,3.817879019499992,1.0,0.9258441097375743,0.40212365806405864,0.8556215833261936
corn_starch,mp5_rep4,mp5_rep4,CQR,0.2,2,1,1.1920928955078125e-05,20,0.7,1.9306005058366573,1.899449883321978,3.262079081476247,1.0,0.9258441097375743,0.40212365806405864,0.8556215833261936
corn_starch,mp5_rep4,mp5_rep4,WCP,0.05,2,1,0.0029289722442626953,20,0.85,inf,3.282081598558534,inf,0.95,0.9258441097375743,0.40212365806405864,0.8556215833261936
corn_starch,mp5_rep4,mp5_rep4,WCP,0.1,2,1,0.00011467933654785156,20,0.85,3.049076030102699,3.152159616524557,4.744171934068258,1.0,0.9258441097375743,0.40212365806405864,0.8556215833261936
corn_starch,mp5_rep4,mp5_rep4,WCP,0.2,2,1,7.62939453125e-05,20,0.8,2.5403890252657084,2.538476151782568,3.7418962631757267,1.0,0.9258441097375743,0.40212365806405864,0.8556215833261936
corn_starch,mp5_rep4,mp5_rep4,R-U-A,0.05,2,1,5.2928924560546875e-05,20,0.85,2.693193256827228,2.6931932568272217,6.373456586034633,1.0,0.9258441097375743,0.40212365806405864,0.8556215833261936
corn_starch,mp5_rep4,mp5_rep4,R-U-A,0.1,2,1,4.220008850097656e-05,20,0.8,2.4877393491448174,2.4877393491448174,4.683341577485159,1.0,0.9258441097375743,0.40212365806405864,0.8556215833261936
corn_starch,mp5_rep4,mp5_rep4,R-U-A,0.2,2,1,3.457069396972656e-05,20,0.8,2.1543311328747885,2.1543311328747947,3.585540463314989,1.0,0.9258441097375743,0.40212365806405864,0.8556215833261936
corn_starch,mp5_rep4,mp5_rep4,R-U-D,0.05,2,1,0.0031604766845703125,20,0.85,2.743704317225472,2.8608982611367004,5.822753505790594,1.0,0.9258441097375743,0.40212365806405864,0.8556215833261936
corn_starch,mp5_rep4,mp5_rep4,R-U-D,0.1,2,1,0.0004341602325439453,20,0.85,2.512914048324567,2.6202500707174217,4.417536796304617,1.0,0.9258441097375743,0.40212365806405864,0.8556215833261936
corn_starch,mp5_rep4,mp5_rep4,R-U-D,0.2,2,1,0.00037097930908203125,20,0.75,2.1036350996502824,2.193489276840708,3.4799791646900204,1.0,0.9258441097375743,0.40212365806405864,0.8556215833261936
corn_starch,mp5_rep4,mp5_rep4,G-U-A,0.05,2,1,4.00543212890625e-05,20,0.85,3.204453669742791,3.204453669742797,5.350935760203514,1.0,0.9258441097375743,0.40212365806405864,0.8556215833261936
corn_starch,mp5_rep4,mp5_rep4,G-U-A,0.1,2,1,3.337860107421875e-05,20,0.85,2.9746151330014508,2.974615133001457,4.392613983343823,1.0,0.9258441097375743,0.40212365806405864,0.8556215833261936
corn_starch,mp5_rep4,mp5_rep4,G-U-A,0.2,2,1,5.364418029785156e-05,20,0.8,2.3879171312626815,2.3879171312626752,3.585540463314987,1.0,0.9258441097375743,0.40212365806405864,0.8556215833261936
corn_starch,mp5_rep4,mp5_rep4,G-W-A,0.05,2,1,0.00011157989501953125,20,0.85,3.204453669742791,3.204453669742797,5.350935760203514,1.0,0.9258441097375743,0.40212365806405864,0.8556215833261936
corn_starch,mp5_rep4,mp5_rep4,G-W-A,0.1,2,1,7.963180541992188e-05,20,0.85,2.9746151330014508,2.974615133001457,4.392613983343823,1.0,0.9258441097375743,0.40212365806405864,0.8556215833261936
corn_starch,mp5_rep4,mp5_rep4,G-W-A,0.2,2,1,6.890296936035156e-05,20,0.8,2.3879171312626815,2.3879171312626752,3.585540463314987,1.0,0.9258441097375743,0.40212365806405864,0.8556215833261936
corn_starch,mp5_rep4,mp5_rep4,G-U-D,0.05,2,1,0.0033538341522216797,20,0.95,4.362910622919538,4.0868717808833885,4.697159833460413,1.0,0.9258441097375743,0.40212365806405864,0.8556215833261936
corn_starch,mp5_rep4,mp5_rep4,G-U-D,0.1,2,1,0.00037384033203125,20,0.85,3.7550529951635836,3.5174729551040578,4.3702525660684115,1.0,0.9258441097375743,0.40212365806405864,0.8556215833261936
corn_starch,mp5_rep4,mp5_rep4,G-U-D,0.2,2,1,0.0003917217254638672,20,0.85,3.215591879150607,3.012143233166743,3.9013637966494685,1.0,0.9258441097375743,0.40212365806405864,0.8556215833261936
corn_starch,mp5_rep4,mp5_rep4,GC-D,0.05,2,1,0.00047516822814941406,20,0.95,4.362910622919538,4.0868717808833885,4.697159833460413,1.0,0.9258441097375743,0.40212365806405864,0.8556215833261936
corn_starch,mp5_rep4,mp5_rep4,GC-D,0.1,2,1,0.00042366981506347656,20,0.85,3.7550529951635836,3.5174729551040578,4.3702525660684115,1.0,0.9258441097375743,0.40212365806405864,0.8556215833261936
corn_starch,mp5_rep4,mp5_rep4,GC-D,0.2,2,1,0.0003695487976074219,20,0.85,3.215591879150607,3.012143233166743,3.9013637966494685,1.0,0.9258441097375743,0.40212365806405864,0.8556215833261936
corn_starch,mp5_rep4,mp5_rep4,GC-D+,0.05,2,1,0.0004062652587890625,20,1.0,inf,inf,inf,0.0,0.9258441097375743,0.40212365806405864,0.8556215833261936
corn_starch,mp5_rep4,mp5_rep4,GC-D+,0.1,2,1,0.0003941059112548828,20,1.0,inf,inf,inf,0.0,0.9258441097375743,0.40212365806405864,0.8556215833261936
corn_starch,mp5_rep4,mp5_rep4,GC-D+,0.2,2,1,0.00043082237243652344,20,1.0,inf,inf,inf,0.0,0.9258441097375743,0.40212365806405864,0.8556215833261936
corn_starch,mp5_rep4,mp5_rep4,HJ+,0.05,2,1,0.0015988349914550781,20,1.0,inf,inf,inf,0.0,0.9258441097375743,0.40212365806405864,0.8556215833261936
corn_starch,mp5_rep4,mp5_rep4,HJ+,0.1,2,1,0.00037932395935058594,20,1.0,inf,inf,inf,0.0,0.9258441097375743,0.40212365806405864,0.8556215833261936
corn_starch,mp5_rep4,mp5_rep4,HJ+,0.2,2,1,0.00037741661071777344,20,1.0,inf,inf,inf,0.0,0.9258441097375743,0.40212365806405864,0.8556215833261936
corn_starch,mp5_rep4,mp5_rep4,HJ+-D,0.05,2,1,0.002263307571411133,20,1.0,inf,inf,inf,0.0,0.9258441097375743,0.40212365806405864,0.8556215833261936
corn_starch,mp5_rep4,mp5_rep4,HJ+-D,0.1,2,1,0.002335786819458008,20,1.0,inf,inf,inf,0.0,0.9258441097375743,0.40212365806405864,0.8556215833261936
corn_starch,mp5_rep4,mp5_rep4,HJ+-D,0.2,2,1,0.0023348331451416016,20,1.0,inf,inf,inf,0.0,0.9258441097375743,0.40212365806405864,0.8556215833261936
corn_starch,mp5_rep4,mp5_rep4,HCP-D,0.05,2,1,0.0003819465637207031,20,1.0,inf,inf,inf,0.0,0.9258441097375743,0.40212365806405864,0.8556215833261936
corn_starch,mp5_rep4,mp5_rep4,HCP-D,0.1,2,1,0.0001862049102783203,20,1.0,inf,inf,inf,0.0,0.9258441097375743,0.40212365806405864,0.8556215833261936
corn_starch,mp5_rep4,mp5_rep4,HCP-D,0.2,2,1,0.00014734268188476562,20,1.0,inf,inf,inf,0.0,0.9258441097375743,0.40212365806405864,0.8556215833261936
corn_starch,mp5_rep4,mp5_rep4,HCP-A,0.05,2,1,0.00013971328735351562,20,1.0,inf,inf,inf,0.0,0.9258441097375743,0.40212365806405864,0.8556215833261936
corn_starch,mp5_rep4,mp5_rep4,HCP-A,0.1,2,1,0.0001556873321533203,20,1.0,inf,inf,inf,0.0,0.9258441097375743,0.40212365806405864,0.8556215833261936
corn_starch,mp5_rep4,mp5_rep4,HCP-A,0.2,2,1,0.00013756752014160156,20,1.0,inf,inf,inf,0.0,0.9258441097375743,0.40212365806405864,0.8556215833261936
corn_starch,mp5_rep4,mp5_rep4,ORACLE,0.05,2,1,0.00011134147644042969,20,1.0,inf,inf,inf,0.0,0.9258441097375743,0.40212365806405864,0.8556215833261936
corn_starch,mp5_rep4,mp5_rep4,ORACLE,0.1,2,1,9.5367431640625e-05,20,0.95,4.14281722929659,4.142817229296586,4.422014261995784,1.0,0.9258441097375743,0.40212365806405864,0.8556215833261936
corn_starch,mp5_rep4,mp5_rep4,ORACLE,0.2,2,1,0.00011730194091796875,20,0.85,3.0282636973333865,3.0282636973333865,3.8085129351962514,1.0,0.9258441097375743,0.40212365806405864,0.8556215833261936
corn_starch,mp5_rep5,mp5_rep5,ASTM-R,0.05,2,1,0.014253377914428711,20,0.95,3.2227852948126054,3.2188351219034423,3.543684933495565,1.0,0.699699228244281,0.10098342013019526,0.710360441395368
corn_starch,mp5_rep5,mp5_rep5,ASTM-R,0.1,2,1,0.00016045570373535156,20,0.9,2.698092405495214,2.6947853494701803,3.268387054221667,1.0,0.699699228244281,0.10098342013019526,0.710360441395368
corn_starch,mp5_rep5,mp5_rep5,ASTM-R,0.2,2,1,9.942054748535156e-05,20,0.85,2.097398419886949,2.0948276354070465,2.7649169567806333,1.0,0.699699228244281,0.10098342013019526,0.710360441395368
corn_starch,mp5_rep5,mp5_rep5,ASTM-G,0.05,2,1,0.00010561943054199219,20,1.0,3.569914161765361,3.5655385124682937,3.569914161765361,1.0,0.699699228244281,0.10098342013019526,0.710360441395368
corn_starch,mp5_rep5,mp5_rep5,ASTM-G,0.1,2,1,0.00010132789611816406,20,0.9,2.9887061678084876,2.985042906046516,3.2695060010003516,1.0,0.699699228244281,0.10098342013019526,0.710360441395368
corn_starch,mp5_rep5,mp5_rep5,ASTM-G,0.2,2,1,9.107589721679688e-05,20,0.85,2.3233109366828253,2.320463250882465,2.821946704000658,1.0,0.699699228244281,0.10098342013019526,0.710360441395368
corn_starch,mp5_rep5,mp5_rep5,GPR,0.05,2,1,0.027587413787841797,20,0.95,3.104517134887547,3.0999334642322403,3.5353251672719805,1.0,0.699699228244281,0.10098342013019526,0.710360441395368
corn_starch,mp5_rep5,mp5_rep5,GPR,0.1,2,1,0.0001289844512939453,20,0.9,2.6053929100391686,2.6015461723635767,3.274725886323833,1.0,0.699699228244281,0.10098342013019526,0.710360441395368
corn_starch,mp5_rep5,mp5_rep5,GPR,0.2,2,1,8.463859558105469e-05,20,0.85,2.0299346446454427,2.0269375434994146,2.760200609959468,1.0,0.699699228244281,0.10098342013019526,0.710360441395368
corn_starch,mp5_rep5,mp5_rep5,BAG,0.05,2,1,0.020233631134033203,20,0.95,3.4193458822283467,3.2500844291071367,3.699097474100843,1.0,0.699699228244281,0.10098342013019526,0.710360441395368
corn_starch,mp5_rep5,mp5_rep5,BAG,0.1,2,1,9.965896606445312e-05,20,0.95,2.8696055236467712,2.7275568343516845,3.2621164355052725,1.0,0.699699228244281,0.10098342013019526,0.710360441395368
corn_starch,mp5_rep5,mp5_rep5,BAG,0.2,2,1,8.225440979003906e-05,20,0.9,2.2357900977127203,2.125115982297924,2.71555889707614,1.0,0.699699228244281,0.10098342013019526,0.710360441395368
corn_starch,mp5_rep5,mp5_rep5,QGB,0.05,2,1,0.03128647804260254,20,0.95,2.1667957953463937,2.05318495066593,3.207030560364521,1.0,0.699699228244281,0.10098342013019526,0.710360441395368
corn_starch,mp5_rep5,mp5_rep5,QGB,0.1,2,1,0.027697324752807617,20,0.9,2.0026073345929483,2.017188179676509,2.596208129998299,1.0,0.699699228244281,0.10098342013019526,0.710360441395368
corn_starch,mp5_rep5,mp5_rep5,QGB,0.2,2,1,0.034134864807128906,20,0.75,1.7046438058472055,1.6323112247362985,2.1867999638103237,1.0,0.699699228244281,0.10098342013019526,0.710360441395368
corn_starch,mp5_rep5,mp5_rep5,SCP,0.05,2,1,3.457069396972656e-05,20,0.9,2.3688258471937615,2.3688258471937615,3.9368344767844263,1.0,0.699699228244281,0.10098342013019526,0.710360441395368
corn_starch,mp5_rep5,mp5_rep5,SCP,0.1,2,1,1.4543533325195312e-05,20,0.9,2.354214800835865,2.3542148008358694,3.1528301619890966,1.0,0.699699228244281,0.10098342013019526,0.710360441395368
corn_starch,mp5_rep5,mp5_rep5,SCP,0.2,2,1,1.3113021850585938e-05,20,0.85,1.67176271540863,1.6717627154086259,2.4393468750573684,1.0,0.699699228244281,0.10098342013019526,0.710360441395368
corn_starch,mp5_rep5,mp5_rep5,NCP-kNN,0.05,2,1,0.005552530288696289,20,0.9,2.3121347739034728,2.365191829463825,3.5901096612514536,1.0,0.699699228244281,0.10098342013019526,0.710360441395368
corn_starch,mp5_rep5,mp5_rep5,NCP-kNN,0.1,2,1,1.621246337890625e-05,20,0.9,2.1243414215939547,2.1730891425775383,2.9675050908840044,1.0,0.699699228244281,0.10098342013019526,0.710360441395368
corn_starch,mp5_rep5,mp5_rep5,NCP-kNN,0.2,2,1,1.2159347534179688e-05,20,0.85,1.6826764396050629,1.7212891789461686,2.3540057188772026,1.0,0.699699228244281,0.10098342013019526,0.710360441395368
corn_starch,mp5_rep5,mp5_rep5,CV+,0.05,2,1,0.0053517818450927734,20,0.95,3.1613383366563466,3.1479146889656704,3.545758984945512,1.0,0.699699228244281,0.10098342013019526,0.710360441395368
corn_starch,mp5_rep5,mp5_rep5,CV+,0.1,2,1,0.00482940673828125,20,0.9,2.6809090025019584,2.665282663986172,3.180669307506707,1.0,0.699699228244281,0.10098342013019526,0.710360441395368
corn_starch,mp5_rep5,mp5_rep5,CV+,0.2,2,1,0.0045528411865234375,20,0.9,2.1522674928874252,2.150524911387336,2.6850694350159756,1.0,0.699699228244281,0.10098342013019526,0.710360441395368
corn_starch,mp5_rep5,mp5_rep5,CQR,0.05,2,1,2.5510787963867188e-05,20,0.95,2.3934849828738773,2.2798741381934136,3.207030560364521,1.0,0.699699228244281,0.10098342013019526,0.710360441395368
corn_starch,mp5_rep5,mp5_rep5,CQR,0.1,2,1,1.3828277587890625e-05,20,0.85,1.9051319973867855,1.9197128424703465,2.6192905925488184,1.0,0.699699228244281,0.10098342013019526,0.710360441395368
corn_starch,mp5_rep5,mp5_rep5,CQR,0.2,2,1,1.1444091796875e-05,20,0.9,1.7651205058518193,1.6927879247409123,2.2041483145931986,1.0,0.699699228244281,0.10098342013019526,0.710360441395368
corn_starch,mp5_rep5,mp5_rep5,WCP,0.05,2,1,0.0027761459350585938,20,0.9,inf,2.3688258471937615,inf,0.75,0.699699228244281,0.10098342013019526,0.710360441395368
corn_starch,mp5_rep5,mp5_rep5,WCP,0.1,2,1,0.00016617774963378906,20,0.9,inf,2.3542148008358694,inf,0.9,0.699699228244281,0.10098342013019526,0.710360441395368
corn_starch,mp5_rep5,mp5_rep5,WCP,0.2,2,1,0.00012946128845214844,20,0.85,1.5756791049208654,1.502823772388524,2.4214089177869726,1.0,0.699699228244281,0.10098342013019526,0.710360441395368
corn_starch,mp5_rep5,mp5_rep5,R-U-A,0.05,2,1,5.3882598876953125e-05,20,0.95,3.0748278276977885,3.0748278276977885,3.5311540048124073,1.0,0.699699228244281,0.10098342013019526,0.710360441395368
corn_starch,mp5_rep5,mp5_rep5,R-U-A,0.1,2,1,3.528594970703125e-05,20,0.9,2.4748849546279397,2.474884954627946,3.2579986205092064,1.0,0.699699228244281,0.10098342013019526,0.710360441395368
corn_starch,mp5_rep5,mp5_rep5,R-U-A,0.2,2,1,5.3882598876953125e-05,20,0.85,2.1679658579712524,2.1679658579712466,2.7774375296100637,1.0,0.699699228244281,0.10098342013019526,0.710360441395368
corn_starch,mp5_rep5,mp5_rep5,R-U-D,0.05,2,1,0.0043942928314208984,20,0.9,3.0456296317431213,3.098733789639084,3.9700193757177358,1.0,0.699699228244281,0.10098342013019526,0.710360441395368
corn_starch,mp5_rep5,mp5_rep5,R-U-D,0.1,2,1,0.0007376670837402344,20,0.9,2.6703782823344637,2.7169394887494,3.477043512233993,1.0,0.699699228244281,0.10098342013019526,0.710360441395368
corn_starch,mp5_rep5,mp5_rep5,R-U-D,0.2,2,1,0.0004634857177734375,20,0.85,2.1496963405707117,2.1871788409733313,2.8428851512451185,1.0,0.699699228244281,0.10098342013019526,0.710360441395368
corn_starch,mp5_rep5,mp5_rep5,G-U-A,0.05,2,1,4.220008850097656e-05,20,0.95,3.282857904313971,3.282857904313971,3.5311540048124073,1.0,0.699699228244281,0.10098342013019526,0.710360441395368
corn_starch,mp5_rep5,mp5_rep5,G-U-A,0.1,2,1,5.793571472167969e-05,20,0.95,2.998282174071221,2.998282174071221,3.264718089441814,1.0,0.699699228244281,0.10098342013019526,0.710360441395368
corn_starch,mp5_rep5,mp5_rep5,G-U-A,0.2,2,1,3.4809112548828125e-05,20,0.85,2.29544645452566,2.29544645452566,2.80930767874867,1.0,0.699699228244281,0.10098342013019526,0.710360441395368
corn_starch,mp5_rep5,mp5_rep5,G-W-A,0.05,2,1,0.0001990795135498047,20,0.95,3.282857904313971,3.282857904313971,3.5311540048124073,1.0,0.699699228244281,0.10098342013019526,0.710360441395368
corn_starch,mp5_rep5,mp5_rep5,G-W-A,0.1,2,1,8.225440979003906e-05,20,0.95,2.998282174071221,2.998282174071221,3.264718089441814,1.0,0.699699228244281,0.10098342013019526,0.710360441395368
corn_starch,mp5_rep5,mp5_rep5,G-W-A,0.2,2,1,7.081031799316406e-05,20,0.85,2.29544645452566,2.29544645452566,2.80930767874867,1.0,0.699699228244281,0.10098342013019526,0.710360441395368
corn_starch,mp5_rep5,mp5_rep5,G-U-D,0.05,2,1,0.003709077835083008,20,0.9,3.773794162630689,3.652597231440005,4.9101639556811945,1.0,0.699699228244281,0.10098342013019526,0.710360441395368
corn_starch,mp5_rep5,mp5_rep5,G-U-D,0.1,2,1,0.0004382133483886719,20,0.85,3.325642905632354,3.2188385339498815,4.237642341300277,1.0,0.699699228244281,0.10098342013019526,0.710360441395368
corn_starch,mp5_rep5,mp5_rep5,G-U-D,0.2,2,1,0.00035309791564941406,20,0.8,2.7928732548078767,2.703178996695158,3.6025652340852874,1.0,0.699699228244281,0.10098342013019526,0.710360441395368
corn_starch,mp5_rep5,mp5_rep5,GC-D,0.05,2,1,0.00043487548828125,20,0.9,3.773794162630689,3.652597231440005,4.9101639556811945,1.0,0.699699228244281,0.10098342013019526,0.710360441395368
corn_starch,mp5_rep5,mp5_rep5,GC-D,0.1,2,1,0.0006229877471923828,20,0.85,3.325642905632354,3.2188385339498815,4.237642341300277,1.0,0.699699228244281,0.10098342013019526,0.710360441395368
corn_starch,mp5_rep5,mp5_rep5,GC-D,0.2,2,1,0.0004401206970214844,20,0.8,2.7928732548078767,2.703178996695158,3.6025652340852874,1.0,0.699699228244281,0.10098342013019526,0.710360441395368
corn_starch,mp5_rep5,mp5_rep5,GC-D+,0.05,2,1,0.0004665851593017578,20,1.0,inf,inf,inf,0.0,0.699699228244281,0.10098342013019526,0.710360441395368
corn_starch,mp5_rep5,mp5_rep5,GC-D+,0.1,2,1,0.00038695335388183594,20,1.0,inf,inf,inf,0.0,0.699699228244281,0.10098342013019526,0.710360441395368
corn_starch,mp5_rep5,mp5_rep5,GC-D+,0.2,2,1,0.0004703998565673828,20,1.0,inf,inf,inf,0.0,0.699699228244281,0.10098342013019526,0.710360441395368
corn_starch,mp5_rep5,mp5_rep5,HJ+,0.05,2,1,0.0017514228820800781,20,1.0,inf,inf,inf,0.0,0.699699228244281,0.10098342013019526,0.710360441395368
corn_starch,mp5_rep5,mp5_rep5,HJ+,0.1,2,1,0.00037932395935058594,20,1.0,inf,inf,inf,0.0,0.699699228244281,0.10098342013019526,0.710360441395368
corn_starch,mp5_rep5,mp5_rep5,HJ+,0.2,2,1,0.00043201446533203125,20,1.0,inf,inf,inf,0.0,0.699699228244281,0.10098342013019526,0.710360441395368
corn_starch,mp5_rep5,mp5_rep5,HJ+-D,0.05,2,1,0.002737283706665039,20,1.0,inf,inf,inf,0.0,0.699699228244281,0.10098342013019526,0.710360441395368
corn_starch,mp5_rep5,mp5_rep5,HJ+-D,0.1,2,1,0.0036725997924804688,20,1.0,inf,inf,inf,0.0,0.699699228244281,0.10098342013019526,0.710360441395368
corn_starch,mp5_rep5,mp5_rep5,HJ+-D,0.2,2,1,0.0024437904357910156,20,1.0,inf,inf,inf,0.0,0.699699228244281,0.10098342013019526,0.710360441395368
corn_starch,mp5_rep5,mp5_rep5,HCP-D,0.05,2,1,0.00039696693420410156,20,1.0,inf,inf,inf,0.0,0.699699228244281,0.10098342013019526,0.710360441395368
corn_starch,mp5_rep5,mp5_rep5,HCP-D,0.1,2,1,0.0002040863037109375,20,1.0,inf,inf,inf,0.0,0.699699228244281,0.10098342013019526,0.710360441395368
corn_starch,mp5_rep5,mp5_rep5,HCP-D,0.2,2,1,0.0001742839813232422,20,1.0,inf,inf,inf,0.0,0.699699228244281,0.10098342013019526,0.710360441395368
corn_starch,mp5_rep5,mp5_rep5,HCP-A,0.05,2,1,0.0001761913299560547,20,1.0,inf,inf,inf,0.0,0.699699228244281,0.10098342013019526,0.710360441395368
corn_starch,mp5_rep5,mp5_rep5,HCP-A,0.1,2,1,0.000152587890625,20,1.0,inf,inf,inf,0.0,0.699699228244281,0.10098342013019526,0.710360441395368
corn_starch,mp5_rep5,mp5_rep5,HCP-A,0.2,2,1,0.00020813941955566406,20,1.0,inf,inf,inf,0.0,0.699699228244281,0.10098342013019526,0.710360441395368
corn_starch,mp5_rep5,mp5_rep5,ORACLE,0.05,2,1,0.00012040138244628906,20,1.0,inf,inf,inf,0.0,0.699699228244281,0.10098342013019526,0.710360441395368
corn_starch,mp5_rep5,mp5_rep5,ORACLE,0.1,2,1,9.965896606445312e-05,20,0.85,2.755490709181032,2.755490709181032,4.256641719091057,1.0,0.699699228244281,0.10098342013019526,0.710360441395368
corn_starch,mp5_rep5,mp5_rep5,ORACLE,0.2,2,1,9.179115295410156e-05,20,0.85,2.294207168267711,2.2942071682677074,3.3269749081379025,1.0,0.699699228244281,0.10098342013019526,0.710360441395368
corn_starch,mp5_rep6,mp5_rep6,ASTM-R,0.05,2,2,0.014850378036499023,20,0.95,2.441697596012184,2.433720806579707,3.116767073218747,1.0,0.6584057446074215,0.13334320857744614,0.6615115969531448
corn_starch,mp5_rep6,mp5_rep6,ASTM-R,0.1,2,2,0.0001232624053955078,20,0.9,2.0441287277704268,2.0374507573039295,2.7646403324008366,1.0,0.6584057446074215,0.13334320857744614,0.6615115969531448
corn_starch,mp5_rep6,mp5_rep6,ASTM-R,0.2,2,2,9.131431579589844e-05,20,0.8,1.5889999606796834,1.5838088517908275,2.1873078662210625,1.0,0.6584057446074215,0.13334320857744614,0.6615115969531448
corn_starch,mp5_rep6,mp5_rep6,ASTM-G,0.05,2,2,0.00010204315185546875,20,0.95,2.830838937117185,2.821590860633222,3.117703249759408,1.0,0.6584057446074215,0.13334320857744614,0.6615115969531448
corn_starch,mp5_rep6,mp5_rep6,ASTM-G,0.1,2,2,0.00012731552124023438,20,0.9,2.369908216522427,2.3621659560359696,2.763153256587452,1.0,0.6584057446074215,0.13334320857744614,0.6615115969531448
corn_starch,mp5_rep6,mp5_rep6,ASTM-G,0.2,2,2,0.000102996826171875,20,0.9,1.8422440875218342,1.8362256546113116,2.303902978327624,1.0,0.6584057446074215,0.13334320857744614,0.6615115969531448
corn_starch,mp5_rep6,mp5_rep6,GPR,0.05,2,2,0.03804135322570801,20,0.95,1.9715177824157393,1.9405894813956124,3.25200665960393,1.0,0.6584057446074215,0.13334320857744614,0.6615115969531448
corn_starch,mp5_rep6,mp5_rep6,GPR,0.1,2,2,9.751319885253906e-05,20,0.9,1.654549879786107,1.628594031357423,2.5579360856964795,1.0,0.6584057446074215,0.13334320857744614,0.6615115969531448
corn_starch,mp5_rep6,mp5_rep6,GPR,0.2,2,2,8.058547973632812e-05,20,0.65,1.289106187911322,1.2688832588653582,2.1967373824650127,1.0,0.6584057446074215,0.13334320857744614,0.6615115969531448
corn_starch,mp5_rep6,mp5_rep6,BAG,0.05,2,2,0.022710084915161133,20,0.9,2.8266377256613953,2.610646449550302,3.3169619554364074,1.0,0.6584057446074215,0.13334320857744614,0.6615115969531448
corn_starch,mp5_rep6,mp5_rep6,BAG,0.1,2,2,0.0001366138458251953,20,0.9,2.3721891584773607,2.190923565485061,3.057923989670825,1.0,0.6584057446074215,0.13334320857744614,0.6615115969531448
corn_starch,mp5_rep6,mp5_rep6,BAG,0.2,2,2,8.940696716308594e-05,20,0.75,1.8482390651677587,1.7070099608436244,2.477950106802046,1.0,0.6584057446074215,0.13334320857744614,0.6615115969531448
corn_starch,mp5_rep6,mp5_rep6,QGB,0.05,2,2,0.03174901008605957,20,0.8,1.6512618893137916,1.6942575432952367,6.871038556316068,1.0,0.6584057446074215,0.13334320857744614,0.6615115969531448
corn_starch,mp5_rep6,mp5_rep6,QGB,0.1,2,2,0.02720332145690918,20,0.8,1.4786541816359997,1.6087280952357332,4.362370416057086,1.0,0.6584057446074215,0.13334320857744614,0.6615115969531448
corn_starch,mp5_rep6,mp5_rep6,QGB,0.2,2,2,0.02722311019897461,20,0.8,1.1514304192009122,1.2490881430704697,2.828614421828496,1.0,0.6584057446074215,0.13334320857744614,0.6615115969531448
corn_starch,mp5_rep6,mp5_rep6,SCP,0.05,2,2,2.86102294921875e-05,20,0.95,2.6143768503580413,2.614376850358042,3.3256938430283327,1.0,0.6584057446074215,0.13334320857744614,0.6615115969531448
corn_starch,mp5_rep6,mp5_rep6,SCP,0.1,2,2,1.0728836059570312e-05,20,0.75,2.008679931093013,2.0086799310930132,2.8710819337200415,1.0,0.6584057446074215,0.13334320857744614,0.6615115969531448
corn_starch,mp5_rep6,mp5_rep6,SCP,0.2,2,2,9.059906005859375e-06,20,0.65,1.6049192158965784,1.604919215896583,2.6142083283515722,1.0,0.6584057446074215,0.13334320857744614,0.6615115969531448
corn_starch,mp5_rep6,mp5_rep6,NCP-kNN,0.05,2,2,0.005380392074584961,20,0.95,2.6747760112390746,2.647185608437656,3.360717828102196,1.0,0.6584057446074215,0.13334320857744614,0.6615115969531448
corn_starch,mp5_rep6,mp5_rep6,NCP-kNN,0.1,2,2,1.5974044799804688e-05,20,0.9,2.1129096590568546,2.091114926215141,2.8092049163157435,1.0,0.6584057446074215,0.13334320857744614,0.6615115969531448
corn_starch,mp5_rep6,mp5_rep6,NCP-kNN,0.2,2,2,1.2874603271484375e-05,20,0.75,1.8473905872660523,1.8283346924097863,2.468568071902621,1.0,0.6584057446074215,0.13334320857744614,0.6615115969531448
corn_starch,mp5_rep6,mp5_rep6,CV+,0.05,2,2,0.005221843719482422,20,0.95,2.687262319520282,2.6496498396734047,2.9987064737800138,1.0,0.6584057446074215,0.13334320857744614,0.6615115969531448
corn_starch,mp5_rep6,mp5_rep6,CV+,0.1,2,2,0.004603862762451172,20,0.9,2.2463648724929497,2.166658010804152,3.043230005358832,1.0,0.6584057446074215,0.13334320857744614,0.6615115969531448
corn_starch,mp5_rep6,mp5_rep6,CV+,0.2,2,2,0.004438877105712891,20,0.85,1.7869890441237284,1.7259719314269226,2.3625086182723396,1.0,0.6584057446074215,0.13334320857744614,0.6615115969531448
corn_starch,mp5_rep6,mp5_rep6,CQR,0.05,2,2,2.2649765014648438e-05,20,0.8,2.2751477989814974,2.3181434529629428,4.999380827312953,1.0,0.6584057446074215,0.13334320857744614,0.6615115969531448
corn_starch,mp5_rep6,mp5_rep6,CQR,0.1,2,2,1.2874603271484375e-05,20,0.8,2.0491734844221523,2.179247398021886,3.7918511132709334,1.0,0.6584057446074215,0.13334320857744614,0.6615115969531448
corn_starch,mp5_rep6,mp5_rep6,CQR,0.2,2,2,1.5735626220703125e-05,20,0.8,1.5740761638120007,1.6717338876815582,2.828614421828496,1.0,0.6584057446074215,0.13334320857744614,0.6615115969531448
corn_starch,mp5_rep6,mp5_rep6,WCP,0.05,2,2,0.0030150413513183594,20,1.0,inf,inf,inf,0.3,0.6584057446074215,0.13334320857744614,0.6615115969531448
corn_starch,mp5_rep6,mp5_rep6,WCP,0.1,2,2,0.00011277198791503906,20,0.95,inf,2.597951161603632,inf,0.55,0.6584057446074215,0.13334320857744614,0.6615115969531448
corn_starch,mp5_rep6,mp5_rep6,WCP,0.2,2,2,8.225440979003906e-05,20,0.85,inf,1.7967689064682304,inf,0.7,0.6584057446074215,0.13334320857744614,0.6615115969531448
corn_starch,mp5_rep6,mp5_rep6,R-U-A,0.05,2,2,0.00012993812561035156,20,0.95,2.4470104026129036,2.4470104026129036,3.1108929607374733,1.0,0.6584057446074215,0.13334320857744614,0.6615115969531448
corn_starch,mp5_rep6,mp5_rep6,R-U-A,0.1,2,2,4.792213439941406e-05,20,0.9,1.9077855956039684,1.9077855956039684,2.773971105194839,1.0,0.6584057446074215,0.13334320857744614,0.6615115969531448
corn_starch,mp5_rep6,mp5_rep6,R-U-A,0.2,2,2,4.57763671875e-05,20,0.9,1.6184821707645085,1.6184821707645085,2.1962266379796738,1.0,0.6584057446074215,0.13334320857744614,0.6615115969531448
corn_starch,mp5_rep6,mp5_rep6,R-U-D,0.05,2,2,0.0052301883697509766,20,0.95,2.5650177649532138,2.4736507032467934,3.188280042293317,1.0,0.6584057446074215,0.13334320857744614,0.6615115969531448
corn_starch,mp5_rep6,mp5_rep6,R-U-D,0.1,2,2,0.0004737377166748047,20,0.9,2.1152721863301607,2.039925260076874,2.668392103260261,1.0,0.6584057446074215,0.13334320857744614,0.6615115969531448
corn_starch,mp5_rep6,mp5_rep6,R-U-D,0.2,2,2,0.0004429817199707031,20,0.9,1.7679421024867872,1.7049672266873444,2.226835198599224,1.0,0.6584057446074215,0.13334320857744614,0.6615115969531448
corn_starch,mp5_rep6,mp5_rep6,G-U-A,0.05,2,2,4.9591064453125e-05,20,0.95,2.5118080959540805,2.5118080959540805,3.1108929607374733,1.0,0.6584057446074215,0.13334320857744614,0.6615115969531448
corn_starch,mp5_rep6,mp5_rep6,G-U-A,0.1,2,2,3.504753112792969e-05,20,0.9,2.117798441785027,2.117798441785027,2.773971105194839,1.0,0.6584057446074215,0.13334320857744614,0.6615115969531448
corn_starch,mp5_rep6,mp5_rep6,G-U-A,0.2,2,2,3.314018249511719e-05,20,0.9,1.9300707120407026,1.9300707120407026,2.352020908617771,1.0,0.6584057446074215,0.13334320857744614,0.6615115969531448
corn_starch,mp5_rep6,mp5_rep6,G-W-A,0.05,2,2,9.846687316894531e-05,20,0.95,2.5118080959540805,2.5118080959540805,3.1108929607374733,1.0,0.6584057446074215,0.13334320857744614,0.6615115969531448
corn_starch,mp5_rep6,mp5_rep6,G-W-A,0.1,2,2,0.0001220703125,20,0.9,2.117798441785027,2.117798441785027,2.773971105194839,1.0,0.6584057446074215,0.13334320857744614,0.6615115969531448
corn_starch,mp5_rep6,mp5_rep6,G-W-A,0.2,2,2,8.487701416015625e-05,20,0.9,1.9300707120407026,1.9300707120407026,2.352020908617771,1.0,0.6584057446074215,0.13334320857744614,0.6615115969531448
corn_starch,mp5_rep6,mp5_rep6,G-U-D,0.05,2,2,0.0032401084899902344,20,1.0,3.5257098252732617,3.2979959040984568,3.5257098252732617,1.0,0.6584057446074215,0.13334320857744614,0.6615115969531448
corn_starch,mp5_rep6,mp5_rep6,G-U-D,0.1,2,2,0.0004162788391113281,20,1.0,3.24995339039537,3.0400496640996515,3.24995339039537,1.0,0.6584057446074215,0.13334320857744614,0.6615115969531448
corn_starch,mp5_rep6,mp5_rep6,G-U-D,0.2,2,2,0.0003452301025390625,20,0.95,2.8806317412649975,2.694581277167824,2.9275573088901212,1.0,0.6584057446074215,0.13334320857744614,0.6615115969531448
corn_starch,mp5_rep6,mp5_rep6,GC-D,0.05,2,2,0.0004684925079345703,20,1.0,3.5257098252732617,3.2979959040984568,3.5257098252732617,1.0,0.6584057446074215,0.13334320857744614,0.6615115969531448
corn_starch,mp5_rep6,mp5_rep6,GC-D,0.1,2,2,0.00047206878662109375,20,1.0,3.24995339039537,3.0400496640996515,3.24995339039537,1.0,0.6584057446074215,0.13334320857744614,0.6615115969531448
corn_starch,mp5_rep6,mp5_rep6,GC-D,0.2,2,2,0.0004379749298095703,20,0.95,2.8806317412649975,2.694581277167824,2.9275573088901212,1.0,0.6584057446074215,0.13334320857744614,0.6615115969531448
corn_starch,mp5_rep6,mp5_rep6,GC-D+,0.05,2,2,0.00037384033203125,20,1.0,inf,inf,inf,0.0,0.6584057446074215,0.13334320857744614,0.6615115969531448
corn_starch,mp5_rep6,mp5_rep6,GC-D+,0.1,2,2,0.00044655799865722656,20,1.0,inf,inf,inf,0.0,0.6584057446074215,0.13334320857744614,0.6615115969531448
corn_starch,mp5_rep6,mp5_rep6,GC-D+,0.2,2,2,0.0004417896270751953,20,1.0,inf,inf,inf,0.0,0.6584057446074215,0.13334320857744614,0.6615115969531448
corn_starch,mp5_rep6,mp5_rep6,HJ+,0.05,2,2,0.0016884803771972656,20,1.0,inf,inf,inf,0.0,0.6584057446074215,0.13334320857744614,0.6615115969531448
corn_starch,mp5_rep6,mp5_rep6,HJ+,0.1,2,2,0.0004017353057861328,20,1.0,inf,inf,inf,0.0,0.6584057446074215,0.13334320857744614,0.6615115969531448
corn_starch,mp5_rep6,mp5_rep6,HJ+,0.2,2,2,0.0003962516784667969,20,1.0,inf,inf,inf,0.0,0.6584057446074215,0.13334320857744614,0.6615115969531448
corn_starch,mp5_rep6,mp5_rep6,HJ+-D,0.05,2,2,0.002437591552734375,20,1.0,inf,inf,inf,0.0,0.6584057446074215,0.13334320857744614,0.6615115969531448
corn_starch,mp5_rep6,mp5_rep6,HJ+-D,0.1,2,2,0.0023272037506103516,20,1.0,inf,inf,inf,0.0,0.6584057446074215,0.13334320857744614,0.6615115969531448
corn_starch,mp5_rep6,mp5_rep6,HJ+-D,0.2,2,2,0.002248048782348633,20,1.0,inf,inf,inf,0.0,0.6584057446074215,0.13334320857744614,0.6615115969531448
corn_starch,mp5_rep6,mp5_rep6,HCP-D,0.05,2,2,0.000274658203125,20,1.0,inf,inf,inf,0.0,0.6584057446074215,0.13334320857744614,0.6615115969531448
corn_starch,mp5_rep6,mp5_rep6,HCP-D,0.1,2,2,0.00017952919006347656,20,1.0,inf,inf,inf,0.0,0.6584057446074215,0.13334320857744614,0.6615115969531448
corn_starch,mp5_rep6,mp5_rep6,HCP-D,0.2,2,2,0.0001437664031982422,20,1.0,inf,inf,inf,0.0,0.6584057446074215,0.13334320857744614,0.6615115969531448
corn_starch,mp5_rep6,mp5_rep6,HCP-A,0.05,2,2,0.00014901161193847656,20,1.0,inf,inf,inf,0.0,0.6584057446074215,0.13334320857744614,0.6615115969531448
corn_starch,mp5_rep6,mp5_rep6,HCP-A,0.1,2,2,0.00015974044799804688,20,1.0,inf,inf,inf,0.0,0.6584057446074215,0.13334320857744614,0.6615115969531448
corn_starch,mp5_rep6,mp5_rep6,HCP-A,0.2,2,2,0.00014543533325195312,20,1.0,inf,inf,inf,0.0,0.6584057446074215,0.13334320857744614,0.6615115969531448
corn_starch,mp5_rep6,mp5_rep6,ORACLE,0.05,2,2,0.00010967254638671875,20,1.0,inf,inf,inf,0.0,0.6584057446074215,0.13334320857744614,0.6615115969531448
corn_starch,mp5_rep6,mp5_rep6,ORACLE,0.1,2,2,9.512901306152344e-05,20,0.95,2.7739711051948404,2.7739711051948355,3.1108929607374747,1.0,0.6584057446074215,0.13334320857744614,0.6615115969531448
corn_starch,mp5_rep6,mp5_rep6,ORACLE,0.2,2,2,9.179115295410156e-05,20,0.75,1.5113644719311086,1.5113644719311026,2.253074430047948,1.0,0.6584057446074215,0.13334320857744614,0.6615115969531448
corn_starch,mp5_rep7,mp5_rep7,ASTM-R,0.05,2,1,0.014061927795410156,20,1.0,3.092984969914252,3.087639326559355,3.092984969914252,1.0,0.7203569565943567,0.4255865072424001,0.5962958200574596
corn_starch,mp5_rep7,mp5_rep7,ASTM-R,0.1,2,1,0.00010991096496582031,20,1.0,2.5894245176893547,2.5849491839581447,2.5894245176893547,1.0,0.7203569565943567,0.4255865072424001,0.5962958200574596
corn_starch,mp5_rep7,mp5_rep7,ASTM-R,0.2,2,1,9.179115295410156e-05,20,0.85,2.0129239757529183,2.0094450148851593,2.219456218274977,1.0,0.7203569565943567,0.4255865072424001,0.5962958200574596
corn_starch,mp5_rep7,mp5_rep7,ASTM-G,0.05,2,1,0.00011134147644042969,20,1.0,3.684113394675061,3.6777460969097966,3.684113394675061,1.0,0.7203569565943567,0.4255865072424001,0.5962958200574596
corn_starch,mp5_rep7,mp5_rep7,ASTM-G,0.1,2,1,9.822845458984375e-05,20,1.0,3.0843129348875715,3.078982279515756,3.0843129348875715,1.0,0.7203569565943567,0.4255865072424001,0.5962958200574596
corn_starch,mp5_rep7,mp5_rep7,ASTM-G,0.2,2,1,0.00010371208190917969,20,0.95,2.397632142952024,2.3934882863031497,2.427562963760683,1.0,0.7203569565943567,0.4255865072424001,0.5962958200574596
corn_starch,mp5_rep7,mp5_rep7,GPR,0.05,2,1,0.03284716606140137,20,1.0,2.441640978824173,2.4339186975938,2.441640978824173,1.0,0.7203569565943567,0.4255865072424001,0.5962958200574596
corn_starch,mp5_rep7,mp5_rep7,GPR,0.1,2,1,0.00010061264038085938,20,0.8,2.0490897033879696,2.042608960685399,2.455427725283669,1.0,0.7203569565943567,0.4255865072424001,0.5962958200574596
corn_starch,mp5_rep7,mp5_rep7,GPR,0.2,2,1,9.465217590332031e-05,20,0.65,1.5965032233203373,1.5914538950273567,2.338568441399926,1.0,0.7203569565943567,0.4255865072424001,0.5962958200574596
corn_starch,mp5_rep7,mp5_rep7,BAG,0.05,2,1,0.022397279739379883,20,1.0,3.218887934885231,3.202942493618206,3.218887934885231,1.0,0.7203569565943567,0.4255865072424001,0.5962958200574596
corn_starch,mp5_rep7,mp5_rep7,BAG,0.1,2,1,0.00017404556274414062,20,0.85,2.7013759110929767,2.6879940749427718,2.992865224577467,1.0,0.7203569565943567,0.4255865072424001,0.5962958200574596
corn_starch,mp5_rep7,mp5_rep7,BAG,0.2,2,1,0.00010395050048828125,20,0.7,2.1047176911431107,2.0942915275093696,2.9821240590138833,1.0,0.7203569565943567,0.4255865072424001,0.5962958200574596
corn_starch,mp5_rep7,mp5_rep7,QGB,0.05,2,1,0.03332924842834473,20,0.95,2.0342203082531576,2.0485877433518027,2.8042186333882917,1.0,0.7203569565943567,0.4255865072424001,0.5962958200574596
corn_starch,mp5_rep7,mp5_rep7,QGB,0.1,2,1,0.026531696319580078,20,0.8,1.6877266844668983,1.8187727153153475,3.0141655102562086,1.0,0.7203569565943567,0.4255865072424001,0.5962958200574596
corn_starch,mp5_rep7,mp5_rep7,QGB,0.2,2,1,0.027324199676513672,20,0.5,1.311008848473842,1.4222471104383203,2.459774136861894,1.0,0.7203569565943567,0.4255865072424001,0.5962958200574596
corn_starch,mp5_rep7,mp5_rep7,SCP,0.05,2,1,2.6702880859375e-05,20,1.0,2.553407248794042,2.553407248794038,2.553407248794042,1.0,0.7203569565943567,0.4255865072424001,0.5962958200574596
corn_starch,mp5_rep7,mp5_rep7,SCP,0.1,2,1,1.0251998901367188e-05,20,0.95,2.161190827966493,2.161190827966493,2.1918187183367124,1.0,0.7203569565943567,0.4255865072424001,0.5962958200574596
corn_starch,mp5_rep7,mp5_rep7,SCP,0.2,2,1,1.0728836059570312e-05,20,0.85,1.8994867099398505,1.8994867099398505,2.0359139715378873,1.0,0.7203569565943567,0.4255865072424001,0.5962958200574596
corn_starch,mp5_rep7,mp5_rep7,NCP-kNN,0.05,2,1,0.0044901371002197266,20,0.95,2.5325882023524735,2.6139393803679667,2.7072149364008617,1.0,0.7203569565943567,0.4255865072424001,0.5962958200574596
corn_starch,mp5_rep7,mp5_rep7,NCP-kNN,0.1,2,1,1.52587890625e-05,20,0.85,2.229543393416058,2.3011602402933384,2.4442498672978554,1.0,0.7203569565943567,0.4255865072424001,0.5962958200574596
corn_starch,mp5_rep7,mp5_rep7,NCP-kNN,0.2,2,1,1.2159347534179688e-05,20,0.6,1.6364900459932166,1.689056978480906,2.4110007390565578,1.0,0.7203569565943567,0.4255865072424001,0.5962958200574596
corn_starch,mp5_rep7,mp5_rep7,CV+,0.05,2,1,0.005038022994995117,20,1.0,3.2982731967494887,3.2712341549644073,3.2982731967494887,1.0,0.7203569565943567,0.4255865072424001,0.5962958200574596
corn_starch,mp5_rep7,mp5_rep7,CV+,0.1,2,1,0.004540681838989258,20,1.0,2.696586976058393,2.685560687773574,2.696586976058393,1.0,0.7203569565943567,0.4255865072424001,0.5962958200574596
corn_starch,mp5_rep7,mp5_rep7,CV+,0.2,2,1,0.00440669059753418,20,0.7,2.1074790341492906,2.0911233361755848,2.739068695695449,1.0,0.7203569565943567,0.4255865072424001,0.5962958200574596
corn_starch,mp5_rep7,mp5_rep7,CQR,0.05,2,1,3.743171691894531e-05,20,1.0,2.8872476020075233,2.9016150371061684,2.8872476020075233,1.0,0.7203569565943567,0.4255865072424001,0.5962958200574596
corn_starch,mp5_rep7,mp5_rep7,CQR,0.1,2,1,1.239776611328125e-05,20,0.9,2.736456753333815,2.867502784182264,2.804954488604426,1.0,0.7203569565943567,0.4255865072424001,0.5962958200574596
corn_starch,mp5_rep7,mp5_rep7,CQR,0.2,2,1,1.0728836059570312e-05,20,0.9,1.9742767608477387,2.085515022812217,2.255583657599525,1.0,0.7203569565943567,0.4255865072424001,0.5962958200574596
corn_starch,mp5_rep7,mp5_rep7,WCP,0.05,2,1,0.0024955272674560547,20,1.0,inf,2.553407248794038,inf,0.7,0.7203569565943567,0.4255865072424001,0.5962958200574596
corn_starch,mp5_rep7,mp5_rep7,WCP,0.1,2,1,0.00011205673217773438,20,1.0,inf,2.383563996658893,inf,0.95,0.7203569565943567,0.4255865072424001,0.5962958200574596
corn_starch,mp5_rep7,mp5_rep7,WCP,0.2,2,1,0.00010848045349121094,20,0.85,1.93066348457794,1.8994867099398505,2.067090746175977,1.0,0.7203569565943567,0.4255865072424001,0.5962958200574596
corn_starch,mp5_rep7,mp5_rep7,R-U-A,0.05,2,1,5.030632019042969e-05,20,1.0,3.0924005001903363,3.0924005001903367,3.0924005001903363,1.0,0.7203569565943567,0.4255865072424001,0.5962958200574596
corn_starch,mp5_rep7,mp5_rep7,R-U-A,0.1,2,1,3.62396240234375e-05,20,0.95,2.467383865251166,2.467383865251172,2.491995305228174,1.0,0.7203569565943567,0.4255865072424001,0.5962958200574596
corn_starch,mp5_rep7,mp5_rep7,R-U-A,0.2,2,1,3.2901763916015625e-05,20,0.85,2.027876379862135,2.0278763798621355,2.2195861253693674,1.0,0.7203569565943567,0.4255865072424001,0.5962958200574596
corn_starch,mp5_rep7,mp5_rep7,R-U-D,0.05,2,1,0.0028078556060791016,20,1.0,3.25432178250068,3.2450278665829906,3.25432178250068,1.0,0.7203569565943567,0.4255865072424001,0.5962958200574596
corn_starch,mp5_rep7,mp5_rep7,R-U-D,0.1,2,1,0.0004031658172607422,20,1.0,2.4385656664777153,2.431601442968571,2.4385656664777153,1.0,0.7203569565943567,0.4255865072424001,0.5962958200574596
corn_starch,mp5_rep7,mp5_rep7,R-U-D,0.2,2,1,0.00046753883361816406,20,0.8,2.022373050023214,2.016597418006061,2.1679311323407493,1.0,0.7203569565943567,0.4255865072424001,0.5962958200574596
corn_starch,mp5_rep7,mp5_rep7,G-U-A,0.05,2,1,4.482269287109375e-05,20,1.0,3.554128301112115,3.554128301112115,3.554128301112115,1.0,0.7203569565943567,0.4255865072424001,0.5962958200574596
corn_starch,mp5_rep7,mp5_rep7,G-U-A,0.1,2,1,3.457069396972656e-05,20,1.0,3.0216415521570203,3.021641552157014,3.0216415521570203,1.0,0.7203569565943567,0.4255865072424001,0.5962958200574596
corn_starch,mp5_rep7,mp5_rep7,G-U-A,0.2,2,1,7.724761962890625e-05,20,0.95,2.5083895629704496,2.50838956297045,2.510443858529132,1.0,0.7203569565943567,0.4255865072424001,0.5962958200574596
corn_starch,mp5_rep7,mp5_rep7,G-W-A,0.05,2,1,0.00011348724365234375,20,1.0,3.554128301112115,3.554128301112115,3.554128301112115,1.0,0.7203569565943567,0.4255865072424001,0.5962958200574596
corn_starch,mp5_rep7,mp5_rep7,G-W-A,0.1,2,1,7.677078247070312e-05,20,1.0,3.0216415521570203,3.021641552157014,3.0216415521570203,1.0,0.7203569565943567,0.4255865072424001,0.5962958200574596
corn_starch,mp5_rep7,mp5_rep7,G-W-A,0.2,2,1,7.009506225585938e-05,20,0.95,2.5083895629704496,2.50838956297045,2.510443858529132,1.0,0.7203569565943567,0.4255865072424001,0.5962958200574596
corn_starch,mp5_rep7,mp5_rep7,G-U-D,0.05,2,1,0.0031354427337646484,20,1.0,3.539667523933211,3.344953504508716,3.539667523933211,1.0,0.7203569565943567,0.4255865072424001,0.5962958200574596
corn_starch,mp5_rep7,mp5_rep7,G-U-D,0.1,2,1,0.0004291534423828125,20,1.0,3.042660710020159,2.875286601410462,3.042660710020159,1.0,0.7203569565943567,0.4255865072424001,0.5962958200574596
corn_starch,mp5_rep7,mp5_rep7,G-U-D,0.2,2,1,0.0003383159637451172,20,0.85,2.3069939859698785,2.1800882614183337,2.4909835211884968,1.0,0.7203569565943567,0.4255865072424001,0.5962958200574596
corn_starch,mp5_rep7,mp5_rep7,GC-D,0.05,2,1,0.00042176246643066406,20,1.0,3.539667523933211,3.344953504508716,3.539667523933211,1.0,0.7203569565943567,0.4255865072424001,0.5962958200574596
corn_starch,mp5_rep7,mp5_rep7,GC-D,0.1,2,1,0.0004429817199707031,20,1.0,3.042660710020159,2.875286601410462,3.042660710020159,1.0,0.7203569565943567,0.4255865072424001,0.5962958200574596
corn_starch,mp5_rep7,mp5_rep7,GC-D,0.2,2,1,0.00046253204345703125,20,0.85,2.3069939859698785,2.1800882614183337,2.4909835211884968,1.0,0.7203569565943567,0.4255865072424001,0.5962958200574596
corn_starch,mp5_rep7,mp5_rep7,GC-D+,0.05,2,1,0.0004215240478515625,20,1.0,inf,inf,inf,0.0,0.7203569565943567,0.4255865072424001,0.5962958200574596
corn_starch,mp5_rep7,mp5_rep7,GC-D+,0.1,2,1,0.0003781318664550781,20,1.0,inf,inf,inf,0.0,0.7203569565943567,0.4255865072424001,0.5962958200574596
corn_starch,mp5_rep7,mp5_rep7,GC-D+,0.2,2,1,0.0004315376281738281,20,1.0,inf,inf,inf,0.0,0.7203569565943567,0.4255865072424001,0.5962958200574596
corn_starch,mp5_rep7,mp5_rep7,HJ+,0.05,2,1,0.0015478134155273438,20,1.0,inf,inf,inf,0.0,0.7203569565943567,0.4255865072424001,0.5962958200574596
corn_starch,mp5_rep7,mp5_rep7,HJ+,0.1,2,1,0.0003960132598876953,20,1.0,inf,inf,inf,0.0,0.7203569565943567,0.4255865072424001,0.5962958200574596
corn_starch,mp5_rep7,mp5_rep7,HJ+,0.2,2,1,0.0003516674041748047,20,1.0,inf,inf,inf,0.0,0.7203569565943567,0.4255865072424001,0.5962958200574596
corn_starch,mp5_rep7,mp5_rep7,HJ+-D,0.05,2,1,0.0022122859954833984,20,1.0,inf,inf,inf,0.0,0.7203569565943567,0.4255865072424001,0.5962958200574596
corn_starch,mp5_rep7,mp5_rep7,HJ+-D,0.1,2,1,0.0021822452545166016,20,1.0,inf,inf,inf,0.0,0.7203569565943567,0.4255865072424001,0.5962958200574596
corn_starch,mp5_rep7,mp5_rep7,HJ+-D,0.2,2,1,0.002110004425048828,20,1.0,inf,inf,inf,0.0,0.7203569565943567,0.4255865072424001,0.5962958200574596
corn_starch,mp5_rep7,mp5_rep7,HCP-D,0.05,2,1,0.00028824806213378906,20,1.0,inf,inf,inf,0.0,0.7203569565943567,0.4255865072424001,0.5962958200574596
corn_starch,mp5_rep7,mp5_rep7,HCP-D,0.1,2,1,0.0002086162567138672,20,1.0,inf,inf,inf,0.0,0.7203569565943567,0.4255865072424001,0.5962958200574596
corn_starch,mp5_rep7,mp5_rep7,HCP-D,0.2,2,1,0.00016188621520996094,20,1.0,inf,inf,inf,0.0,0.7203569565943567,0.4255865072424001,0.5962958200574596
corn_starch,mp5_rep7,mp5_rep7,HCP-A,0.05,2,1,0.00017833709716796875,20,1.0,inf,inf,inf,0.0,0.7203569565943567,0.4255865072424001,0.5962958200574596
corn_starch,mp5_rep7,mp5_rep7,HCP-A,0.1,2,1,0.0001442432403564453,20,1.0,inf,inf,inf,0.0,0.7203569565943567,0.4255865072424001,0.5962958200574596
corn_starch,mp5_rep7,mp5_rep7,HCP-A,0.2,2,1,0.0001308917999267578,20,1.0,inf,inf,inf,0.0,0.7203569565943567,0.4255865072424001,0.5962958200574596
corn_starch,mp5_rep7,mp5_rep7,ORACLE,0.05,2,1,0.00010943412780761719,20,1.0,inf,inf,inf,0.0,0.7203569565943567,0.4255865072424001,0.5962958200574596
corn_starch,mp5_rep7,mp5_rep7,ORACLE,0.1,2,1,0.00013566017150878906,20,0.8,2.2274427516341584,2.2274427516341575,2.746755736116392,1.0,0.7203569565943567,0.4255865072424001,0.5962958200574596
corn_starch,mp5_rep7,mp5_rep7,ORACLE,0.2,2,1,8.96453857421875e-05,20,0.8,2.045710625337213,2.0457106253372075,2.41475967439918,1.0,0.7203569565943567,0.4255865072424001,0.5962958200574596
corn_starch,mp5_rep8,mp5_rep8,ASTM-R,0.05,2,1,0.01572275161743164,20,0.95,3.2734592382673626,3.2666048246462083,3.5230477099203186,1.0,0.6475702681304172,0.36262051074416063,0.5504578164956918
corn_starch,mp5_rep8,mp5_rep8,ASTM-R,0.1,2,1,0.00010919570922851562,20,0.95,2.74051626234098,2.7347777971180243,3.131044131110412,1.0,0.6475702681304172,0.36262051074416063,0.5504578164956918
corn_starch,mp5_rep8,mp5_rep8,ASTM-R,0.2,2,1,9.775161743164062e-05,20,0.9,2.130377175593237,2.125916302471662,2.5226570492472806,1.0,0.6475702681304172,0.36262051074416063,0.5504578164956918
corn_starch,mp5_rep8,mp5_rep8,ASTM-G,0.05,2,1,0.00010251998901367188,20,1.0,3.5386672177576357,3.531257475643063,3.5386672177576357,1.0,0.6475702681304172,0.36262051074416063,0.5504578164956918
corn_starch,mp5_rep8,mp5_rep8,ASTM-G,0.1,2,1,9.489059448242188e-05,20,0.95,2.962546453583067,2.9563430713850103,3.2423666256440113,1.0,0.6475702681304172,0.36262051074416063,0.5504578164956918
corn_starch,mp5_rep8,mp5_rep8,ASTM-G,0.2,2,1,9.107589721679688e-05,20,0.9,2.3029753309899506,2.298153048404796,2.6083572316205967,1.0,0.6475702681304172,0.36262051074416063,0.5504578164956918
corn_starch,mp5_rep8,mp5_rep8,GPR,0.05,2,1,0.0324249267578125,20,0.95,2.249711623119384,2.240986421328145,3.7138610591398615,1.0,0.6475702681304172,0.36262051074416063,0.5504578164956918
corn_starch,mp5_rep8,mp5_rep8,GPR,0.1,2,1,9.965896606445312e-05,20,0.9,1.8880175105621575,1.8806950903924928,2.867676224800981,1.0,0.6475702681304172,0.36262051074416063,0.5504578164956918
corn_starch,mp5_rep8,mp5_rep8,GPR,0.2,2,1,8.296966552734375e-05,20,0.8,1.4710073630812732,1.4653022602817032,2.2525554428576515,1.0,0.6475702681304172,0.36262051074416063,0.5504578164956918
corn_starch,mp5_rep8,mp5_rep8,BAG,0.05,2,1,0.020406246185302734,20,1.0,3.327999348703405,3.2274357741469757,3.327999348703405,1.0,0.6475702681304172,0.36262051074416063,0.5504578164956918
corn_starch,mp5_rep8,mp5_rep8,BAG,0.1,2,1,9.608268737792969e-05,20,0.95,2.7929450961271276,2.7085494839357267,3.011717147927904,1.0,0.6475702681304172,0.36262051074416063,0.5504578164956918
corn_starch,mp5_rep8,mp5_rep8,BAG,0.2,2,1,7.605552673339844e-05,20,0.85,2.1760618098618427,2.1103068228181314,2.5907635629208596,1.0,0.6475702681304172,0.36262051074416063,0.5504578164956918
corn_starch,mp5_rep8,mp5_rep8,QGB,0.05,2,1,0.032231807708740234,20,0.9,2.4062532614293066,2.387914611361687,2.9139274770130403,1.0,0.6475702681304172,0.36262051074416063,0.5504578164956918
corn_starch,mp5_rep8,mp5_rep8,QGB,0.1,2,1,0.02858138084411621,20,0.85,2.1611971528083838,1.9293037044642212,2.7033284877228207,1.0,0.6475702681304172,0.36262051074416063,0.5504578164956918
corn_starch,mp5_rep8,mp5_rep8,QGB,0.2,2,1,0.027263164520263672,20,0.8,1.7601888553256315,1.5679599977275736,2.6353073800975557,1.0,0.6475702681304172,0.36262051074416063,0.5504578164956918
corn_starch,mp5_rep8,mp5_rep8,SCP,0.05,2,1,2.5987625122070312e-05,20,1.0,3.565278156929338,3.565278156929338,3.565278156929338,1.0,0.6475702681304172,0.36262051074416063,0.5504578164956918
corn_starch,mp5_rep8,mp5_rep8,SCP,0.1,2,1,1.0251998901367188e-05,20,1.0,3.2223054105369044,3.2223054105369044,3.2223054105369044,1.0,0.6475702681304172,0.36262051074416063,0.5504578164956918
corn_starch,mp5_rep8,mp5_rep8,SCP,0.2,2,1,1.0251998901367188e-05,20,0.8,2.3070247329778226,2.3070247329778226,2.5722384435127417,1.0,0.6475702681304172,0.36262051074416063,0.5504578164956918
corn_starch,mp5_rep8,mp5_rep8,NCP-kNN,0.05,2,1,0.004710674285888672,20,1.0,3.5594772955520257,3.591478497438544,3.5594772955520257,1.0,0.6475702681304172,0.36262051074416063,0.5504578164956918
corn_starch,mp5_rep8,mp5_rep8,NCP-kNN,0.1,2,1,2.1457672119140625e-05,20,0.95,2.706618709118625,2.7309523526703217,2.744826117321071,1.0,0.6475702681304172,0.36262051074416063,0.5504578164956918
corn_starch,mp5_rep8,mp5_rep8,NCP-kNN,0.2,2,1,1.3113021850585938e-05,20,0.85,2.320754320233785,2.3416188802138755,2.4862600730957207,1.0,0.6475702681304172,0.36262051074416063,0.5504578164956918
corn_starch,mp5_rep8,mp5_rep8,CV+,0.05,2,1,0.005156040191650391,20,1.0,3.4547710752058394,3.440379510116742,3.4547710752058394,1.0,0.6475702681304172,0.36262051074416063,0.5504578164956918
corn_starch,mp5_rep8,mp5_rep8,CV+,0.1,2,1,0.0045850276947021484,20,0.95,2.801270596773768,2.742937418181114,3.2447821488442505,1.0,0.6475702681304172,0.36262051074416063,0.5504578164956918
corn_starch,mp5_rep8,mp5_rep8,CV+,0.2,2,1,0.004685163497924805,20,0.85,2.298119871665936,2.200167506067963,2.737967072693334,1.0,0.6475702681304172,0.36262051074416063,0.5504578164956918
corn_starch,mp5_rep8,mp5_rep8,CQR,0.05,2,1,2.6702880859375e-05,20,1.0,3.205116818367536,3.1867781682999237,3.205116818367536,1.0,0.6475702681304172,0.36262051074416063,0.5504578164956918
corn_starch,mp5_rep8,mp5_rep8,CQR,0.1,2,1,1.5497207641601562e-05,20,1.0,2.8818232376627715,2.649929789318609,2.8818232376627715,1.0,0.6475702681304172,0.36262051074416063,0.5504578164956918
corn_starch,mp5_rep8,mp5_rep8,CQR,0.2,2,1,1.239776611328125e-05,20,0.8,2.0282673658000276,1.8360385082019697,2.6353073800975557,1.0,0.6475702681304172,0.36262051074416063,0.5504578164956918
corn_starch,mp5_rep8,mp5_rep8,WCP,0.05,2,1,0.002638578414916992,20,1.0,3.565278156929338,3.565278156929338,3.565278156929338,1.0,0.6475702681304172,0.36262051074416063,0.5504578164956918
corn_starch,mp5_rep8,mp5_rep8,WCP,0.1,2,1,0.00011944770812988281,20,1.0,3.3098966999934305,3.3098966999934305,3.3098966999934305,1.0,0.6475702681304172,0.36262051074416063,0.5504578164956918
corn_starch,mp5_rep8,mp5_rep8,WCP,0.2,2,1,0.00011539459228515625,20,0.95,2.6898249374181944,2.6898249374181944,2.7678646296193925,1.0,0.6475702681304172,0.36262051074416063,0.5504578164956918
corn_starch,mp5_rep8,mp5_rep8,R-U-A,0.05,2,1,5.269050598144531e-05,20,0.95,3.052770506116971,3.0527705061169783,3.5139835569374185,1.0,0.6475702681304172,0.36262051074416063,0.5504578164956918
corn_starch,mp5_rep8,mp5_rep8,R-U-A,0.1,2,1,3.9577484130859375e-05,20,0.95,2.4581014491859605,2.4581014491859605,2.9860425030616895,1.0,0.6475702681304172,0.36262051074416063,0.5504578164956918
corn_starch,mp5_rep8,mp5_rep8,R-U-A,0.2,2,1,4.1484832763671875e-05,20,0.9,2.0705525874206216,2.0705525874206216,2.5001369137162435,1.0,0.6475702681304172,0.36262051074416063,0.5504578164956918
corn_starch,mp5_rep8,mp5_rep8,R-U-D,0.05,2,1,0.002871274948120117,20,0.95,3.226949136733238,2.9312154140353677,3.8154833978258424,1.0,0.6475702681304172,0.36262051074416063,0.5504578164956918
corn_starch,mp5_rep8,mp5_rep8,R-U-D,0.1,2,1,0.0004303455352783203,20,0.95,2.6192148627732195,2.3791769417858255,3.188958260295479,1.0,0.6475702681304172,0.36262051074416063,0.5504578164956918
corn_starch,mp5_rep8,mp5_rep8,R-U-D,0.2,2,1,0.00042319297790527344,20,0.95,2.2661257258135925,2.058446655397656,2.6310222656336264,1.0,0.6475702681304172,0.36262051074416063,0.5504578164956918
corn_starch,mp5_rep8,mp5_rep8,G-U-A,0.05,2,1,4.315376281738281e-05,20,0.95,3.11296858424663,3.11296858424663,3.5139835569374185,1.0,0.6475702681304172,0.36262051074416063,0.5504578164956918
corn_starch,mp5_rep8,mp5_rep8,G-U-A,0.1,2,1,3.7670135498046875e-05,20,0.95,2.678827857258341,2.678827857258341,3.0964057070978797,1.0,0.6475702681304172,0.36262051074416063,0.5504578164956918
corn_starch,mp5_rep8,mp5_rep8,G-U-A,0.2,2,1,3.266334533691406e-05,20,0.9,2.3397516184902827,2.3397516184902827,2.634736429251074,1.0,0.6475702681304172,0.36262051074416063,0.5504578164956918
corn_starch,mp5_rep8,mp5_rep8,G-W-A,0.05,2,1,9.894371032714844e-05,20,0.95,3.11296858424663,3.11296858424663,3.5139835569374185,1.0,0.6475702681304172,0.36262051074416063,0.5504578164956918
corn_starch,mp5_rep8,mp5_rep8,G-W-A,0.1,2,1,7.510185241699219e-05,20,0.95,2.678827857258341,2.678827857258341,3.0964057070978797,1.0,0.6475702681304172,0.36262051074416063,0.5504578164956918
corn_starch,mp5_rep8,mp5_rep8,G-W-A,0.2,2,1,8.416175842285156e-05,20,0.9,2.3397516184902827,2.3397516184902827,2.634736429251074,1.0,0.6475702681304172,0.36262051074416063,0.5504578164956918
corn_starch,mp5_rep8,mp5_rep8,G-U-D,0.05,2,1,0.003239154815673828,20,0.95,3.0470912585469887,3.019778509633184,3.7400175589931353,1.0,0.6475702681304172,0.36262051074416063,0.5504578164956918
corn_starch,mp5_rep8,mp5_rep8,G-U-D,0.1,2,1,0.0004303455352783203,20,0.95,2.7483112126425087,2.7236765930270472,3.233082596041956,1.0,0.6475702681304172,0.36262051074416063,0.5504578164956918
corn_starch,mp5_rep8,mp5_rep8,G-U-D,0.2,2,1,0.00039267539978027344,20,0.95,2.4447070107146804,2.4227937619518904,2.757363393729222,1.0,0.6475702681304172,0.36262051074416063,0.5504578164956918
corn_starch,mp5_rep8,mp5_rep8,GC-D,0.05,2,1,0.0005009174346923828,20,0.95,3.0470912585469887,3.019778509633184,3.7400175589931353,1.0,0.6475702681304172,0.36262051074416063,0.5504578164956918
corn_starch,mp5_rep8,mp5_rep8,GC-D,0.1,2,1,0.00041556358337402344,20,0.95,2.7483112126425087,2.7236765930270472,3.233082596041956,1.0,0.6475702681304172,0.36262051074416063,0.5504578164956918
corn_starch,mp5_rep8,mp5_rep8,GC-D,0.2,2,1,0.000438690185546875,20,0.95,2.4447070107146804,2.4227937619518904,2.757363393729222,1.0,0.6475702681304172,0.36262051074416063,0.5504578164956918
corn_starch,mp5_rep8,mp5_rep8,GC-D+,0.05,2,1,0.00039076805114746094,20,1.0,inf,inf,inf,0.0,0.6475702681304172,0.36262051074416063,0.5504578164956918
corn_starch,mp5_rep8,mp5_rep8,GC-D+,0.1,2,1,0.00039839744567871094,20,1.0,inf,inf,inf,0.0,0.6475702681304172,0.36262051074416063,0.5504578164956918
corn_starch,mp5_rep8,mp5_rep8,GC-D+,0.2,2,1,0.0004019737243652344,20,1.0,inf,inf,inf,0.0,0.6475702681304172,0.36262051074416063,0.5504578164956918
corn_starch,mp5_rep8,mp5_rep8,HJ+,0.05,2,1,0.0015914440155029297,20,1.0,inf,inf,inf,0.0,0.6475702681304172,0.36262051074416063,0.5504578164956918
corn_starch,mp5_rep8,mp5_rep8,HJ+,0.1,2,1,0.0004417896270751953,20,1.0,inf,inf,inf,0.0,0.6475702681304172,0.36262051074416063,0.5504578164956918
corn_starch,mp5_rep8,mp5_rep8,HJ+,0.2,2,1,0.0007495880126953125,20,1.0,inf,inf,inf,0.0,0.6475702681304172,0.36262051074416063,0.5504578164956918
corn_starch,mp5_rep8,mp5_rep8,HJ+-D,0.05,2,1,0.005798816680908203,20,1.0,inf,inf,inf,0.0,0.6475702681304172,0.36262051074416063,0.5504578164956918
corn_starch,mp5_rep8,mp5_rep8,HJ+-D,0.1,2,1,0.004561901092529297,20,1.0,inf,inf,inf,0.0,0.6475702681304172,0.36262051074416063,0.5504578164956918
corn_starch,mp5_rep8,mp5_rep8,HJ+-D,0.2,2,1,0.0053958892822265625,20,1.0,inf,inf,inf,0.0,0.6475702681304172,0.36262051074416063,0.5504578164956918
corn_starch,mp5_rep8,mp5_rep8,HCP-D,0.05,2,1,0.0005998611450195312,20,1.0,inf,inf,inf,0.0,0.6475702681304172,0.36262051074416063,0.5504578164956918
corn_starch,mp5_rep8,mp5_rep8,HCP-D,0.1,2,1,0.00020742416381835938,20,1.0,inf,inf,inf,0.0,0.6475702681304172,0.36262051074416063,0.5504578164956918
corn_starch,mp5_rep8,mp5_rep8,HCP-D,0.2,2,1,0.0001494884490966797,20,1.0,inf,inf,inf,0.0,0.6475702681304172,0.36262051074416063,0.5504578164956918
corn_starch,mp5_rep8,mp5_rep8,HCP-A,0.05,2,1,0.0004203319549560547,20,1.0,inf,inf,inf,0.0,0.6475702681304172,0.36262051074416063,0.5504578164956918
corn_starch,mp5_rep8,mp5_rep8,HCP-A,0.1,2,1,0.0004515647888183594,20,1.0,inf,inf,inf,0.0,0.6475702681304172,0.36262051074416063,0.5504578164956918
corn_starch,mp5_rep8,mp5_rep8,HCP-A,0.2,2,1,0.0001418590545654297,20,1.0,inf,inf,inf,0.0,0.6475702681304172,0.36262051074416063,0.5504578164956918
corn_starch,mp5_rep8,mp5_rep8,ORACLE,0.05,2,1,0.0004374980926513672,20,1.0,inf,inf,inf,0.0,0.6475702681304172,0.36262051074416063,0.5504578164956918
corn_starch,mp5_rep8,mp5_rep8,ORACLE,0.1,2,1,0.0003910064697265625,20,0.85,2.661786240344199,2.661786240344199,3.8146782798488914,1.0,0.6475702681304172,0.36262051074416063,0.5504578164956918
corn_starch,mp5_rep8,mp5_rep8,ORACLE,0.2,2,1,0.00014162063598632812,20,0.85,2.0244088481307547,2.0244088481307614,2.680527480814931,1.0,0.6475702681304172,0.36262051074416063,0.5504578164956918
corn_starch,mp5_rep9,mp5_rep9,ASTM-R,0.05,2,1,0.017271995544433594,20,0.95,3.1104449280051645,3.1036093557169693,3.654888288329757,1.0,0.8898652547794202,0.6763849026747693,0.5932636186005655
corn_starch,mp5_rep9,mp5_rep9,ASTM-R,0.1,2,1,0.00012040138244628906,20,0.85,2.6040418675951007,2.5983191761990376,3.26017305798149,1.0,0.8898652547794202,0.6763849026747693,0.5932636186005655
corn_starch,mp5_rep9,mp5_rep9,ASTM-R,0.2,2,1,0.00010251998901367188,20,0.65,2.024286969300804,2.019838358175715,3.0087732568379417,1.0,0.8898652547794202,0.6763849026747693,0.5932636186005655
corn_starch,mp5_rep9,mp5_rep9,ASTM-G,0.05,2,1,0.00011539459228515625,20,0.95,3.49955434906367,3.49186366259174,3.65579177518728,1.0,0.8898652547794202,0.6763849026747693,0.5932636186005655
corn_starch,mp5_rep9,mp5_rep9,ASTM-G,0.1,2,1,0.00010156631469726562,20,0.95,2.929801444428973,2.923362857658592,3.292135145148683,1.0,0.8898652547794202,0.6763849026747693,0.5932636186005655
corn_starch,mp5_rep9,mp5_rep9,ASTM-G,0.2,2,1,9.417533874511719e-05,20,0.75,2.2775205577141735,2.2725154356913,2.8793560928188855,1.0,0.8898652547794202,0.6763849026747693,0.5932636186005655
corn_starch,mp5_rep9,mp5_rep9,GPR,0.05,2,1,0.030602455139160156,20,0.7,2.381835142398005,2.3709433958423745,5.707340258919588,1.0,0.8898652547794202,0.6763849026747693,0.5932636186005655
corn_starch,mp5_rep9,mp5_rep9,GPR,0.1,2,1,0.00010585784912109375,20,0.65,1.998899063287236,1.9897584214350417,4.915049077327612,1.0,0.8898652547794202,0.6763849026747693,0.5932636186005655
corn_starch,mp5_rep9,mp5_rep9,GPR,0.2,2,1,9.274482727050781e-05,20,0.55,1.557398288788266,1.550276558511598,3.8865896838769514,1.0,0.8898652547794202,0.6763849026747693,0.5932636186005655
corn_starch,mp5_rep9,mp5_rep9,BAG,0.05,2,1,0.0185854434967041,20,0.95,3.245509169491858,3.2211297529083467,3.862828169549762,1.0,0.8898652547794202,0.6763849026747693,0.5932636186005655
corn_starch,mp5_rep9,mp5_rep9,BAG,0.1,2,1,0.0001068115234375,20,0.85,2.7237171554433983,2.7032573040855894,3.591423637600651,1.0,0.8898652547794202,0.6763849026747693,0.5932636186005655
corn_starch,mp5_rep9,mp5_rep9,BAG,0.2,2,1,9.751319885253906e-05,20,0.7,2.12212438083535,2.106183537158575,3.3089123722130487,1.0,0.8898652547794202,0.6763849026747693,0.5932636186005655
corn_starch,mp5_rep9,mp5_rep9,QGB,0.05,2,1,0.030305147171020508,20,0.85,2.5340755855055423,2.7570458321543683,4.048855112974104,1.0,0.8898652547794202,0.6763849026747693,0.5932636186005655
corn_starch,mp5_rep9,mp5_rep9,QGB,0.1,2,1,0.02552032470703125,20,0.75,2.3462259636243905,2.411989200296837,3.4922036641487884,1.0,0.8898652547794202,0.6763849026747693,0.5932636186005655
corn_starch,mp5_rep9,mp5_rep9,QGB,0.2,2,1,0.025829792022705078,20,0.7,1.8185340941534047,1.8367912687461825,2.7134705698581296,1.0,0.8898652547794202,0.6763849026747693,0.5932636186005655
corn_starch,mp5_rep9,mp5_rep9,SCP,0.05,2,1,2.8371810913085938e-05,20,1.0,3.6167668463244653,3.6167668463244596,3.6167668463244653,1.0,0.8898652547794202,0.6763849026747693,0.5932636186005655
corn_starch,mp5_rep9,mp5_rep9,SCP,0.1,2,1,1.2636184692382812e-05,20,0.95,3.270918444156564,3.270918444156564,3.358122523057091,1.0,0.8898652547794202,0.6763849026747693,0.5932636186005655
corn_starch,mp5_rep9,mp5_rep9,SCP,0.2,2,1,9.298324584960938e-06,20,0.8,2.2218344311000067,2.2218344311000067,2.991078080591155,1.0,0.8898652547794202,0.6763849026747693,0.5932636186005655
corn_starch,mp5_rep9,mp5_rep9,NCP-kNN,0.05,2,1,0.00558924674987793,20,1.0,4.26159680612208,4.3207713038938,4.26159680612208,1.0,0.8898652547794202,0.6763849026747693,0.5932636186005655
corn_starch,mp5_rep9,mp5_rep9,NCP-kNN,0.1,2,1,1.8358230590820312e-05,20,0.95,3.381137188352909,3.428086044408616,3.382133548790634,1.0,0.8898652547794202,0.6763849026747693,0.5932636186005655
corn_starch,mp5_rep9,mp5_rep9,NCP-kNN,0.2,2,1,1.1682510375976562e-05,20,0.85,2.763393649817958,2.801764814152097,3.084205798612112,1.0,0.8898652547794202,0.6763849026747693,0.5932636186005655
corn_starch,mp5_rep9,mp5_rep9,CV+,0.05,2,1,0.005788564682006836,20,0.95,3.3637526334550962,3.345227375127493,3.636113592310739,1.0,0.8898652547794202,0.6763849026747693,0.5932636186005655
corn_starch,mp5_rep9,mp5_rep9,CV+,0.1,2,1,0.005007266998291016,20,0.85,2.601606905468791,2.579365717608411,3.474514139357267,1.0,0.8898652547794202,0.6763849026747693,0.5932636186005655
corn_starch,mp5_rep9,mp5_rep9,CV+,0.2,2,1,0.005053520202636719,20,0.65,2.029327976988859,2.0453474056690624,3.2365931850121568,1.0,0.8898652547794202,0.6763849026747693,0.5932636186005655
corn_starch,mp5_rep9,mp5_rep9,CQR,0.05,2,1,2.86102294921875e-05,20,1.0,3.82727662976671,4.050246876415535,3.82727662976671,1.0,0.8898652547794202,0.6763849026747693,0.5932636186005655
corn_starch,mp5_rep9,mp5_rep9,CQR,0.1,2,1,2.1457672119140625e-05,20,0.95,2.984509232042284,3.0502724687147307,3.1215092320422846,1.0,0.8898652547794202,0.6763849026747693,0.5932636186005655
corn_starch,mp5_rep9,mp5_rep9,CQR,0.2,2,1,1.2159347534179688e-05,20,0.9,2.510612784844268,2.5288699594370456,2.634463069995915,1.0,0.8898652547794202,0.6763849026747693,0.5932636186005655
corn_starch,mp5_rep9,mp5_rep9,WCP,0.05,2,1,0.002967357635498047,20,1.0,inf,3.6167668463244738,inf,0.6,0.8898652547794202,0.6763849026747693,0.5932636186005655
corn_starch,mp5_rep9,mp5_rep9,WCP,0.1,2,1,0.0001552104949951172,20,0.95,3.3639840660212963,3.3193753400854433,3.4269596969573826,1.0,0.8898652547794202,0.6763849026747693,0.5932636186005655
corn_starch,mp5_rep9,mp5_rep9,WCP,0.2,2,1,0.00013589859008789062,20,0.95,3.170101466303463,3.1523102349176213,3.243355558063462,1.0,0.8898652547794202,0.6763849026747693,0.5932636186005655
corn_starch,mp5_rep9,mp5_rep9,R-U-A,0.05,2,1,8.225440979003906e-05,20,0.95,2.999994437665077,2.999994437665073,3.647666036794843,1.0,0.8898652547794202,0.6763849026747693,0.5932636186005655
corn_starch,mp5_rep9,mp5_rep9,R-U-A,0.1,2,1,5.91278076171875e-05,20,0.75,2.299487499993813,2.299487499993809,3.438558048108935,1.0,0.8898652547794202,0.6763849026747693,0.5932636186005655
corn_starch,mp5_rep9,mp5_rep9,R-U-A,0.2,2,1,5.7697296142578125e-05,20,0.6,1.932181163412271,1.9321811634122739,3.0891320093532295,1.0,0.8898652547794202,0.6763849026747693,0.5932636186005655
corn_starch,mp5_rep9,mp5_rep9,R-U-D,0.05,2,1,0.0033457279205322266,20,0.95,3.152418221605692,2.9455213400827525,3.8742225429985298,1.0,0.8898652547794202,0.6763849026747693,0.5932636186005655
corn_starch,mp5_rep9,mp5_rep9,R-U-D,0.1,2,1,0.0004987716674804688,20,0.7,2.139531892888867,1.9991119214765405,4.092792595642491,1.0,0.8898652547794202,0.6763849026747693,0.5932636186005655
corn_starch,mp5_rep9,mp5_rep9,R-U-D,0.2,2,1,0.00047779083251953125,20,0.65,1.8443383849622628,1.723292307475944,3.276364443165664,1.0,0.8898652547794202,0.6763849026747693,0.5932636186005655
corn_starch,mp5_rep9,mp5_rep9,G-U-A,0.05,2,1,6.008148193359375e-05,20,0.95,3.2006543990827483,3.200654399082744,3.647666036794843,1.0,0.8898652547794202,0.6763849026747693,0.5932636186005655
corn_starch,mp5_rep9,mp5_rep9,G-U-A,0.1,2,1,4.100799560546875e-05,20,0.85,2.6009567289328746,2.6009567289328785,3.2517037814474916,1.0,0.8898652547794202,0.6763849026747693,0.5932636186005655
corn_starch,mp5_rep9,mp5_rep9,G-U-A,0.2,2,1,4.363059997558594e-05,20,0.75,2.2332787789358974,2.2332787789358974,2.8855749543158566,1.0,0.8898652547794202,0.6763849026747693,0.5932636186005655
corn_starch,mp5_rep9,mp5_rep9,G-W-A,0.05,2,1,0.0002028942108154297,20,0.95,3.2006543990827483,3.200654399082744,3.647666036794843,1.0,0.8898652547794202,0.6763849026747693,0.5932636186005655
corn_starch,mp5_rep9,mp5_rep9,G-W-A,0.1,2,1,9.822845458984375e-05,20,0.85,2.6009567289328746,2.6009567289328785,3.2517037814474916,1.0,0.8898652547794202,0.6763849026747693,0.5932636186005655
corn_starch,mp5_rep9,mp5_rep9,G-W-A,0.2,2,1,9.584426879882812e-05,20,0.75,2.2332787789358974,2.2332787789358974,2.8855749543158566,1.0,0.8898652547794202,0.6763849026747693,0.5932636186005655
corn_starch,mp5_rep9,mp5_rep9,G-U-D,0.05,2,1,0.0031812191009521484,20,0.85,2.9246517099922866,2.660856352891443,4.691094404088656,1.0,0.8898652547794202,0.6763849026747693,0.5932636186005655
corn_starch,mp5_rep9,mp5_rep9,G-U-D,0.1,2,1,0.0004029273986816406,20,0.85,2.6189312513667167,2.3827110196323,3.8856773696812246,1.0,0.8898652547794202,0.6763849026747693,0.5932636186005655
corn_starch,mp5_rep9,mp5_rep9,G-U-D,0.2,2,1,0.0003769397735595703,20,0.75,2.1558142162920633,1.9613658383580805,3.2497169151414504,1.0,0.8898652547794202,0.6763849026747693,0.5932636186005655
corn_starch,mp5_rep9,mp5_rep9,GC-D,0.05,2,1,0.000431060791015625,20,0.85,2.9246517099922866,2.660856352891443,4.691094404088656,1.0,0.8898652547794202,0.6763849026747693,0.5932636186005655
corn_starch,mp5_rep9,mp5_rep9,GC-D,0.1,2,1,0.00040411949157714844,20,0.85,2.6189312513667167,2.3827110196323,3.8856773696812246,1.0,0.8898652547794202,0.6763849026747693,0.5932636186005655
corn_starch,mp5_rep9,mp5_rep9,GC-D,0.2,2,1,0.0004227161407470703,20,0.75,2.1558142162920633,1.9613658383580805,3.2497169151414504,1.0,0.8898652547794202,0.6763849026747693,0.5932636186005655
corn_starch,mp5_rep9,mp5_rep9,GC-D+,0.05,2,1,0.00039696693420410156,20,1.0,inf,inf,inf,0.0,0.8898652547794202,0.6763849026747693,0.5932636186005655
corn_starch,mp5_rep9,mp5_rep9,GC-D+,0.1,2,1,0.0005414485931396484,20,1.0,inf,inf,inf,0.0,0.8898652547794202,0.6763849026747693,0.5932636186005655
corn_starch,mp5_rep9,mp5_rep9,GC-D+,0.2,2,1,0.0004439353942871094,20,1.0,inf,inf,inf,0.0,0.8898652547794202,0.6763849026747693,0.5932636186005655
corn_starch,mp5_rep9,mp5_rep9,HJ+,0.05,2,1,0.0017347335815429688,20,1.0,inf,inf,inf,0.0,0.8898652547794202,0.6763849026747693,0.5932636186005655
corn_starch,mp5_rep9,mp5_rep9,HJ+,0.1,2,1,0.0003991127014160156,20,1.0,inf,inf,inf,0.0,0.8898652547794202,0.6763849026747693,0.5932636186005655
corn_starch,mp5_rep9,mp5_rep9,HJ+,0.2,2,1,0.0004944801330566406,20,1.0,inf,inf,inf,0.0,0.8898652547794202,0.6763849026747693,0.5932636186005655
corn_starch,mp5_rep9,mp5_rep9,HJ+-D,0.05,2,1,0.0023193359375,20,1.0,inf,inf,inf,0.0,0.8898652547794202,0.6763849026747693,0.5932636186005655
corn_starch,mp5_rep9,mp5_rep9,HJ+-D,0.1,2,1,0.0021202564239501953,20,1.0,inf,inf,inf,0.0,0.8898652547794202,0.6763849026747693,0.5932636186005655
corn_starch,mp5_rep9,mp5_rep9,HJ+-D,0.2,2,1,0.0024995803833007812,20,1.0,inf,inf,inf,0.0,0.8898652547794202,0.6763849026747693,0.5932636186005655
corn_starch,mp5_rep9,mp5_rep9,HCP-D,0.05,2,1,0.00029659271240234375,20,1.0,inf,inf,inf,0.0,0.8898652547794202,0.6763849026747693,0.5932636186005655
corn_starch,mp5_rep9,mp5_rep9,HCP-D,0.1,2,1,0.0001919269561767578,20,1.0,inf,inf,inf,0.0,0.8898652547794202,0.6763849026747693,0.5932636186005655
corn_starch,mp5_rep9,mp5_rep9,HCP-D,0.2,2,1,0.00021457672119140625,20,1.0,inf,inf,inf,0.0,0.8898652547794202,0.6763849026747693,0.5932636186005655
corn_starch,mp5_rep9,mp5_rep9,HCP-A,0.05,2,1,0.00014352798461914062,20,1.0,inf,inf,inf,0.0,0.8898652547794202,0.6763849026747693,0.5932636186005655
corn_starch,mp5_rep9,mp5_rep9,HCP-A,0.1,2,1,0.00016999244689941406,20,1.0,inf,inf,inf,0.0,0.8898652547794202,0.6763849026747693,0.5932636186005655
corn_starch,mp5_rep9,mp5_rep9,HCP-A,0.2,2,1,0.00013589859008789062,20,1.0,inf,inf,inf,0.0,0.8898652547794202,0.6763849026747693,0.5932636186005655
corn_starch,mp5_rep9,mp5_rep9,ORACLE,0.05,2,1,0.00011134147644042969,20,1.0,inf,inf,inf,0.0,0.8898652547794202,0.6763849026747693,0.5932636186005655
corn_starch,mp5_rep9,mp5_rep9,ORACLE,0.1,2,1,9.512901306152344e-05,20,0.9,3.1428171095052546,3.142817109505259,3.7380469820956916,1.0,0.8898652547794202,0.6763849026747693,0.5932636186005655
corn_starch,mp5_rep9,mp5_rep9,ORACLE,0.2,2,1,9.393692016601562e-05,20,0.8,2.5228109630688538,2.52281096306886,3.0803217132444027,1.0,0.8898652547794202,0.6763849026747693,0.5932636186005655
corn_starch,mp6_rep0,mp6_rep0,ASTM-R,0.05,2,2,0.014022350311279297,20,0.95,2.371658895144793,2.3677312495832297,2.533043976214219,1.0,0.5672222781019065,0.13655847445658367,0.5648408213863695
corn_starch,mp6_rep0,mp6_rep0,ASTM-R,0.1,2,2,0.00011444091796875,20,0.95,1.9854940628010311,1.9822059352548536,2.259316898847821,1.0,0.5672222781019065,0.13655847445658367,0.5648408213863695
corn_starch,mp6_rep0,mp6_rep0,ASTM-R,0.2,2,2,0.00010085105895996094,20,0.85,1.5434204044291033,1.5408643841204928,1.85877718298681,1.0,0.5672222781019065,0.13655847445658367,0.5648408213863695
corn_starch,mp6_rep0,mp6_rep0,ASTM-G,0.05,2,2,0.00010180473327636719,20,1.0,2.905067014563013,2.9002560050248576,2.905067014563013,1.0,0.5672222781019065,0.13655847445658367,0.5648408213863695
corn_starch,mp6_rep0,mp6_rep0,ASTM-G,0.1,2,2,9.512901306152344e-05,20,0.95,2.432050123760243,2.428022465780572,2.4825395622723025,1.0,0.5672222781019065,0.13655847445658367,0.5648408213863695
corn_starch,mp6_rep0,mp6_rep0,ASTM-G,0.2,2,2,9.775161743164062e-05,20,0.95,1.890549992534553,1.8874190995118312,2.051203314030091,1.0,0.5672222781019065,0.13655847445658367,0.5648408213863695
corn_starch,mp6_rep0,mp6_rep0,GPR,0.05,2,2,0.03365588188171387,20,0.95,1.9600472854475814,1.9000636016690073,2.4445264632672608,1.0,0.5672222781019065,0.13655847445658367,0.5648408213863695
corn_starch,mp6_rep0,mp6_rep0,GPR,0.1,2,2,0.0001480579376220703,20,0.8,1.644923535276804,1.5945836409729566,2.1518886318735193,1.0,0.5672222781019065,0.13655847445658367,0.5648408213863695
corn_starch,mp6_rep0,mp6_rep0,GPR,0.2,2,2,8.58306884765625e-05,20,0.8,1.2816060330803782,1.242384810415114,1.9044751288593804,1.0,0.5672222781019065,0.13655847445658367,0.5648408213863695
corn_starch,mp6_rep0,mp6_rep0,BAG,0.05,2,2,0.020872116088867188,20,1.0,2.691741830272944,2.6602179509532924,2.691741830272944,1.0,0.5672222781019065,0.13655847445658367,0.5648408213863695
corn_starch,mp6_rep0,mp6_rep0,BAG,0.1,2,2,0.0001304149627685547,20,0.95,2.258980954377307,2.23252528088355,2.370619706377454,1.0,0.5672222781019065,0.13655847445658367,0.5648408213863695
corn_starch,mp6_rep0,mp6_rep0,BAG,0.2,2,2,8.225440979003906e-05,20,0.9,1.7600353801591404,1.7394230233950339,1.9672846707939855,1.0,0.5672222781019065,0.13655847445658367,0.5648408213863695
corn_starch,mp6_rep0,mp6_rep0,QGB,0.05,2,2,0.030306577682495117,20,0.75,1.5052611302673131,1.3589114400547082,6.584601637327237,1.0,0.5672222781019065,0.13655847445658367,0.5648408213863695
corn_starch,mp6_rep0,mp6_rep0,QGB,0.1,2,2,0.027352094650268555,20,0.65,1.345929990096551,1.170754275151097,3.8368886132174547,1.0,0.5672222781019065,0.13655847445658367,0.5648408213863695
corn_starch,mp6_rep0,mp6_rep0,QGB,0.2,2,2,0.02717137336730957,20,0.6,1.2385566331995546,1.0790893663488959,2.5781205194307906,1.0,0.5672222781019065,0.13655847445658367,0.5648408213863695
corn_starch,mp6_rep0,mp6_rep0,SCP,0.05,2,2,2.6941299438476562e-05,20,1.0,3.464143733291479,3.464143733291479,3.464143733291479,1.0,0.5672222781019065,0.13655847445658367,0.5648408213863695
corn_starch,mp6_rep0,mp6_rep0,SCP,0.1,2,2,1.049041748046875e-05,20,0.95,2.6039078309920853,2.6039078309920853,2.9085753651991553,1.0,0.5672222781019065,0.13655847445658367,0.5648408213863695
corn_starch,mp6_rep0,mp6_rep0,SCP,0.2,2,2,1.0251998901367188e-05,20,0.95,1.9467168526336003,1.9467168526336067,2.2633483643267533,1.0,0.5672222781019065,0.13655847445658367,0.5648408213863695
corn_starch,mp6_rep0,mp6_rep0,NCP-kNN,0.05,2,2,0.0049822330474853516,20,1.0,3.212709797545102,3.2053552367758122,3.212709797545102,1.0,0.5672222781019065,0.13655847445658367,0.5648408213863695
corn_starch,mp6_rep0,mp6_rep0,NCP-kNN,0.1,2,2,1.5497207641601562e-05,20,0.95,2.1862510598314846,2.181246276552045,2.408639182588296,1.0,0.5672222781019065,0.13655847445658367,0.5648408213863695
corn_starch,mp6_rep0,mp6_rep0,NCP-kNN,0.2,2,2,1.2159347534179688e-05,20,0.8,1.5561385927697042,1.552576267951352,2.1115739250952306,1.0,0.5672222781019065,0.13655847445658367,0.5648408213863695
corn_starch,mp6_rep0,mp6_rep0,CV+,0.05,2,2,0.004984140396118164,20,0.95,2.5794110239702883,2.5290423257831804,2.782512562910079,1.0,0.5672222781019065,0.13655847445658367,0.5648408213863695
corn_starch,mp6_rep0,mp6_rep0,CV+,0.1,2,2,0.004534721374511719,20,0.95,2.1052598813010763,2.0827223047773558,2.337884878799368,1.0,0.5672222781019065,0.13655847445658367,0.5648408213863695
corn_starch,mp6_rep0,mp6_rep0,CV+,0.2,2,2,0.004514932632446289,20,0.85,1.6286406564739155,1.597182167684661,1.9137720446182729,1.0,0.5672222781019065,0.13655847445658367,0.5648408213863695
corn_starch,mp6_rep0,mp6_rep0,CQR,0.05,2,2,2.3126602172851562e-05,20,1.0,3.9639303206800767,3.8175806304674715,3.9639303206800767,1.0,0.5672222781019065,0.13655847445658367,0.5648408213863695
corn_starch,mp6_rep0,mp6_rep0,CQR,0.1,2,2,1.239776611328125e-05,20,0.9,2.4498226661965252,2.2746469512510714,2.963159645561881,1.0,0.5672222781019065,0.13655847445658367,0.5648408213863695
corn_starch,mp6_rep0,mp6_rep0,CQR,0.2,2,2,1.6689300537109375e-05,20,0.8,1.6551408349812147,1.495673568130556,2.41966411199277,1.0,0.5672222781019065,0.13655847445658367,0.5648408213863695
corn_starch,mp6_rep0,mp6_rep0,WCP,0.05,2,2,0.0027282238006591797,20,1.0,inf,inf,inf,0.3,0.5672222781019065,0.13655847445658367,0.5648408213863695
corn_starch,mp6_rep0,mp6_rep0,WCP,0.1,2,2,0.0001437664031982422,20,1.0,inf,3.464143733291479,inf,0.85,0.5672222781019065,0.13655847445658367,0.5648408213863695
corn_starch,mp6_rep0,mp6_rep0,WCP,0.2,2,2,7.891654968261719e-05,20,1.0,3.464143733291479,3.464143733291479,3.464143733291479,1.0,0.5672222781019065,0.13655847445658367,0.5648408213863695
corn_starch,mp6_rep0,mp6_rep0,R-U-A,0.05,2,2,4.8160552978515625e-05,20,0.95,2.125074922425426,2.1250749224254264,2.5336320849883402,1.0,0.5672222781019065,0.13655847445658367,0.5648408213863695
corn_starch,mp6_rep0,mp6_rep0,R-U-A,0.1,2,2,3.8623809814453125e-05,20,0.95,1.9023854793757384,1.902385479375738,2.21800878218204,1.0,0.5672222781019065,0.13655847445658367,0.5648408213863695
corn_starch,mp6_rep0,mp6_rep0,R-U-A,0.2,2,2,3.910064697265625e-05,20,0.8,1.4763432051690022,1.4763432051690017,1.850882726424079,1.0,0.5672222781019065,0.13655847445658367,0.5648408213863695
corn_starch,mp6_rep0,mp6_rep0,R-U-D,0.05,2,2,0.002751588821411133,20,0.95,2.1189531220441196,2.1218855315848337,2.514190859693103,1.0,0.5672222781019065,0.13655847445658367,0.5648408213863695
corn_starch,mp6_rep0,mp6_rep0,R-U-D,0.1,2,2,0.00040149688720703125,20,0.95,1.9127515140397169,1.9153985621175735,2.2144171284910117,1.0,0.5672222781019065,0.13655847445658367,0.5648408213863695
corn_starch,mp6_rep0,mp6_rep0,R-U-D,0.2,2,2,0.0004150867462158203,20,0.85,1.5399285898571218,1.5420596899942325,1.8565800935544867,1.0,0.5672222781019065,0.13655847445658367,0.5648408213863695
corn_starch,mp6_rep0,mp6_rep0,G-U-A,0.05,2,2,4.076957702636719e-05,20,0.95,2.491492003515049,2.4914920035150487,2.533632084988341,1.0,0.5672222781019065,0.13655847445658367,0.5648408213863695
corn_starch,mp6_rep0,mp6_rep0,G-U-A,0.1,2,2,3.5762786865234375e-05,20,0.95,2.1971171908028846,2.197117190802885,2.3653746378956124,1.0,0.5672222781019065,0.13655847445658367,0.5648408213863695
corn_starch,mp6_rep0,mp6_rep0,G-U-A,0.2,2,2,3.552436828613281e-05,20,0.95,1.833337928241121,1.8333379282411215,2.008411467427926,1.0,0.5672222781019065,0.13655847445658367,0.5648408213863695
corn_starch,mp6_rep0,mp6_rep0,G-W-A,0.05,2,2,9.822845458984375e-05,20,0.95,2.491492003515049,2.4914920035150487,2.533632084988341,1.0,0.5672222781019065,0.13655847445658367,0.5648408213863695
corn_starch,mp6_rep0,mp6_rep0,G-W-A,0.1,2,2,7.43865966796875e-05,20,0.95,2.1971171908028846,2.197117190802885,2.3653746378956124,1.0,0.5672222781019065,0.13655847445658367,0.5648408213863695
corn_starch,mp6_rep0,mp6_rep0,G-W-A,0.2,2,2,7.104873657226562e-05,20,0.95,1.833337928241121,1.8333379282411215,2.008411467427926,1.0,0.5672222781019065,0.13655847445658367,0.5648408213863695
corn_starch,mp6_rep0,mp6_rep0,G-U-D,0.05,2,2,0.0030624866485595703,20,1.0,3.897706922412732,3.939936119242148,3.897706922412732,1.0,0.5672222781019065,0.13655847445658367,0.5648408213863695
corn_starch,mp6_rep0,mp6_rep0,G-U-D,0.1,2,2,0.0004162788391113281,20,1.0,3.303255718153905,3.3390444110127007,3.303255718153905,1.0,0.5672222781019065,0.13655847445658367,0.5648408213863695
corn_starch,mp6_rep0,mp6_rep0,G-U-D,0.2,2,2,0.0003402233123779297,20,1.0,2.715101202742423,2.7445176122839143,2.715101202742423,1.0,0.5672222781019065,0.13655847445658367,0.5648408213863695
corn_starch,mp6_rep0,mp6_rep0,GC-D,0.05,2,2,0.0004241466522216797,20,1.0,3.897706922412732,3.939936119242148,3.897706922412732,1.0,0.5672222781019065,0.13655847445658367,0.5648408213863695
corn_starch,mp6_rep0,mp6_rep0,GC-D,0.1,2,2,0.0004138946533203125,20,1.0,3.303255718153905,3.3390444110127007,3.303255718153905,1.0,0.5672222781019065,0.13655847445658367,0.5648408213863695
corn_starch,mp6_rep0,mp6_rep0,GC-D,0.2,2,2,0.00041484832763671875,20,1.0,2.715101202742423,2.7445176122839143,2.715101202742423,1.0,0.5672222781019065,0.13655847445658367,0.5648408213863695
corn_starch,mp6_rep0,mp6_rep0,GC-D+,0.05,2,2,0.00041484832763671875,20,1.0,inf,inf,inf,0.0,0.5672222781019065,0.13655847445658367,0.5648408213863695
corn_starch,mp6_rep0,mp6_rep0,GC-D+,0.1,2,2,0.00042557716369628906,20,1.0,inf,inf,inf,0.0,0.5672222781019065,0.13655847445658367,0.5648408213863695
corn_starch,mp6_rep0,mp6_rep0,GC-D+,0.2,2,2,0.0004134178161621094,20,1.0,inf,inf,inf,0.0,0.5672222781019065,0.13655847445658367,0.5648408213863695
corn_starch,mp6_rep0,mp6_rep0,HJ+,0.05,2,2,0.0014390945434570312,20,1.0,inf,inf,inf,0.0,0.5672222781019065,0.13655847445658367,0.5648408213863695
corn_starch,mp6_rep0,mp6_rep0,HJ+,0.1,2,2,0.0004146099090576172,20,1.0,inf,inf,inf,0.0,0.5672222781019065,0.13655847445658367,0.5648408213863695
corn_starch,mp6_rep0,mp6_rep0,HJ+,0.2,2,2,0.00034809112548828125,20,1.0,inf,inf,inf,0.0,0.5672222781019065,0.13655847445658367,0.5648408213863695
corn_starch,mp6_rep0,mp6_rep0,HJ+-D,0.05,2,2,0.0021517276763916016,20,1.0,inf,inf,inf,0.0,0.5672222781019065,0.13655847445658367,0.5648408213863695
corn_starch,mp6_rep0,mp6_rep0,HJ+-D,0.1,2,2,0.0019898414611816406,20,1.0,inf,inf,inf,0.0,0.5672222781019065,0.13655847445658367,0.5648408213863695
corn_starch,mp6_rep0,mp6_rep0,HJ+-D,0.2,2,2,0.002053499221801758,20,1.0,inf,inf,inf,0.0,0.5672222781019065,0.13655847445658367,0.5648408213863695
corn_starch,mp6_rep0,mp6_rep0,HCP-D,0.05,2,2,0.00024628639221191406,20,1.0,inf,inf,inf,0.0,0.5672222781019065,0.13655847445658367,0.5648408213863695
corn_starch,mp6_rep0,mp6_rep0,HCP-D,0.1,2,2,0.0001518726348876953,20,1.0,inf,inf,inf,0.0,0.5672222781019065,0.13655847445658367,0.5648408213863695
corn_starch,mp6_rep0,mp6_rep0,HCP-D,0.2,2,2,0.00018215179443359375,20,1.0,inf,inf,inf,0.0,0.5672222781019065,0.13655847445658367,0.5648408213863695
corn_starch,mp6_rep0,mp6_rep0,HCP-A,0.05,2,2,0.0001366138458251953,20,1.0,inf,inf,inf,0.0,0.5672222781019065,0.13655847445658367,0.5648408213863695
corn_starch,mp6_rep0,mp6_rep0,HCP-A,0.1,2,2,0.00013494491577148438,20,1.0,inf,inf,inf,0.0,0.5672222781019065,0.13655847445658367,0.5648408213863695
corn_starch,mp6_rep0,mp6_rep0,HCP-A,0.2,2,2,0.0001385211944580078,20,1.0,inf,inf,inf,0.0,0.5672222781019065,0.13655847445658367,0.5648408213863695
corn_starch,mp6_rep0,mp6_rep0,ORACLE,0.05,2,2,0.00013709068298339844,20,1.0,inf,inf,inf,0.0,0.5672222781019065,0.13655847445658367,0.5648408213863695
corn_starch,mp6_rep0,mp6_rep0,ORACLE,0.1,2,2,9.369850158691406e-05,20,0.95,2.1420674238377866,2.142067423837787,2.5336320849883402,1.0,0.5672222781019065,0.13655847445658367,0.5648408213863695
corn_starch,mp6_rep0,mp6_rep0,ORACLE,0.2,2,2,8.869171142578125e-05,20,0.75,1.4775864944076171,1.4775864944076176,1.9401475175164502,1.0,0.5672222781019065,0.13655847445658367,0.5648408213863695
corn_starch,mp6_rep1,mp6_rep1,ASTM-R,0.05,2,2,0.014014959335327148,20,0.95,2.5035884175363057,2.490554771423472,2.5052895604565455,1.0,0.6239694608315183,0.23223922912960723,0.594184827264398
corn_starch,mp6_rep1,mp6_rep1,ASTM-R,0.1,2,2,0.00013208389282226562,20,0.95,2.0959421900392163,2.0850307444571072,2.302209091861733,1.0,0.6239694608315183,0.23223922912960723,0.594184827264398
corn_starch,mp6_rep1,mp6_rep1,ASTM-R,0.2,2,2,0.0001461505889892578,20,0.75,1.62927706670988,1.6207950732006822,2.146955617979143,1.0,0.6239694608315183,0.23223922912960723,0.594184827264398
corn_starch,mp6_rep1,mp6_rep1,ASTM-G,0.05,2,2,0.00011944770812988281,20,1.0,2.8587655078109107,2.8438828147582456,2.8587655078109107,1.0,0.6239694608315183,0.23223922912960723,0.594184827264398
corn_starch,mp6_rep1,mp6_rep1,ASTM-G,0.1,2,2,9.965896606445312e-05,20,0.95,2.393287649551477,2.3808282276864503,2.4497196969759707,1.0,0.6239694608315183,0.23223922912960723,0.594184827264398
corn_starch,mp6_rep1,mp6_rep1,ASTM-G,0.2,2,2,0.00010824203491210938,20,0.85,1.8604180496892748,1.8507327394714537,2.1311231654641842,1.0,0.6239694608315183,0.23223922912960723,0.594184827264398
corn_starch,mp6_rep1,mp6_rep1,GPR,0.05,2,2,0.030765056610107422,20,0.85,1.8631333104310532,1.757031484543095,2.589151570837146,1.0,0.6239694608315183,0.23223922912960723,0.594184827264398
corn_starch,mp6_rep1,mp6_rep1,GPR,0.1,2,2,0.00010800361633300781,20,0.7,1.563590763569967,1.4745473043459327,2.6801424733079644,1.0,0.6239694608315183,0.23223922912960723,0.594184827264398
corn_starch,mp6_rep1,mp6_rep1,GPR,0.2,2,2,8.726119995117188e-05,20,0.6,1.2182373909087576,1.1488611359640792,2.4060076373913364,1.0,0.6239694608315183,0.23223922912960723,0.594184827264398
corn_starch,mp6_rep1,mp6_rep1,BAG,0.05,2,2,0.021457433700561523,20,1.0,2.622918608380402,2.635942299154962,2.622918608380402,1.0,0.6239694608315183,0.23223922912960723,0.594184827264398
corn_starch,mp6_rep1,mp6_rep1,BAG,0.1,2,2,0.00015020370483398438,20,0.95,2.2012226858369814,2.212152511678582,2.379390354097154,1.0,0.6239694608315183,0.23223922912960723,0.594184827264398
corn_starch,mp6_rep1,mp6_rep1,BAG,0.2,2,2,8.273124694824219e-05,20,0.85,1.7150342941912737,1.7235500278644196,2.0056989282302067,1.0,0.6239694608315183,0.23223922912960723,0.594184827264398
corn_starch,mp6_rep1,mp6_rep1,QGB,0.05,2,2,0.03151297569274902,20,0.7,1.2332526112672269,1.114663735699807,5.177826243901288,1.0,0.6239694608315183,0.23223922912960723,0.594184827264398
corn_starch,mp6_rep1,mp6_rep1,QGB,0.1,2,2,0.030223846435546875,20,0.55,0.9936300732593558,0.9481855324817445,4.030349643617592,1.0,0.6239694608315183,0.23223922912960723,0.594184827264398
corn_starch,mp6_rep1,mp6_rep1,QGB,0.2,2,2,0.042626380920410156,20,0.5,0.9183883355280432,0.9093152871447003,2.526866162260124,1.0,0.6239694608315183,0.23223922912960723,0.594184827264398
corn_starch,mp6_rep1,mp6_rep1,SCP,0.05,2,2,6.628036499023438e-05,20,0.9,1.804487069121706,1.8044870691217056,2.38645634779266,1.0,0.6239694608315183,0.23223922912960723,0.594184827264398
corn_starch,mp6_rep1,mp6_rep1,SCP,0.1,2,2,1.5735626220703125e-05,20,0.8,1.4360006167546406,1.4360006167546437,2.35102457056874,1.0,0.6239694608315183,0.23223922912960723,0.594184827264398
corn_starch,mp6_rep1,mp6_rep1,SCP,0.2,2,2,1.1920928955078125e-05,20,0.55,1.1984773820156398,1.1984773820156427,1.9987101336854607,1.0,0.6239694608315183,0.23223922912960723,0.594184827264398
corn_starch,mp6_rep1,mp6_rep1,NCP-kNN,0.05,2,2,0.007117509841918945,20,0.95,2.1986222742117847,2.10778555476767,2.571060158543061,1.0,0.6239694608315183,0.23223922912960723,0.594184827264398
corn_starch,mp6_rep1,mp6_rep1,NCP-kNN,0.1,2,2,2.4557113647460938e-05,20,0.65,1.3301904824102817,1.2752332753105584,2.268121177640361,1.0,0.6239694608315183,0.23223922912960723,0.594184827264398
corn_starch,mp6_rep1,mp6_rep1,NCP-kNN,0.2,2,2,2.1457672119140625e-05,20,0.55,1.089105679955809,1.0441089616674866,2.0478178001723517,1.0,0.6239694608315183,0.23223922912960723,0.594184827264398
corn_starch,mp6_rep1,mp6_rep1,CV+,0.05,2,2,0.007961750030517578,20,1.0,2.855142585301752,2.8352804382220995,2.855142585301752,1.0,0.6239694608315183,0.23223922912960723,0.594184827264398
corn_starch,mp6_rep1,mp6_rep1,CV+,0.1,2,2,0.0071735382080078125,20,0.95,2.23452585857645,2.243040700640492,2.497347093099211,1.0,0.6239694608315183,0.23223922912960723,0.594184827264398
corn_starch,mp6_rep1,mp6_rep1,CV+,0.2,2,2,0.007125377655029297,20,0.75,1.625968703532474,1.57599671450064,1.989454053773097,1.0,0.6239694608315183,0.23223922912960723,0.594184827264398
corn_starch,mp6_rep1,mp6_rep1,CQR,0.05,2,2,3.0279159545898438e-05,20,0.95,2.0505886148692354,1.9319997393018156,2.0683735304472406,1.0,0.6239694608315183,0.23223922912960723,0.594184827264398
corn_starch,mp6_rep1,mp6_rep1,CQR,0.1,2,2,1.811981201171875e-05,20,0.7,1.5583485488104594,1.512904008032848,2.7025136690954903,1.0,0.6239694608315183,0.23223922912960723,0.594184827264398
corn_starch,mp6_rep1,mp6_rep1,CQR,0.2,2,2,1.7642974853515625e-05,20,0.65,1.2732170931855298,1.2641440448021868,2.2324238800250495,1.0,0.6239694608315183,0.23223922912960723,0.594184827264398
corn_starch,mp6_rep1,mp6_rep1,WCP,0.05,2,2,0.003813505172729492,20,0.9,inf,inf,inf,0.3,0.6239694608315183,0.23223922912960723,0.594184827264398
corn_starch,mp6_rep1,mp6_rep1,WCP,0.1,2,2,0.00015497207641601562,20,0.9,inf,1.8044870691217056,inf,0.55,0.6239694608315183,0.23223922912960723,0.594184827264398
corn_starch,mp6_rep1,mp6_rep1,WCP,0.2,2,2,0.00011706352233886719,20,0.65,inf,1.294303834237894,inf,0.85,0.6239694608315183,0.23223922912960723,0.594184827264398
corn_starch,mp6_rep1,mp6_rep1,R-U-A,0.05,2,2,6.961822509765625e-05,20,1.0,2.681097635182112,2.6810976351821125,2.681097635182112,1.0,0.6239694608315183,0.23223922912960723,0.594184827264398
corn_starch,mp6_rep1,mp6_rep1,R-U-A,0.1,2,2,4.982948303222656e-05,20,0.85,1.8553485900375226,1.8553485900375222,2.4133217522533106,1.0,0.6239694608315183,0.23223922912960723,0.594184827264398
corn_starch,mp6_rep1,mp6_rep1,R-U-A,0.2,2,2,4.8160552978515625e-05,20,0.7,1.4533693497848215,1.453369349784822,2.1968611719868174,1.0,0.6239694608315183,0.23223922912960723,0.594184827264398
corn_starch,mp6_rep1,mp6_rep1,R-U-D,0.05,2,2,0.0037038326263427734,20,1.0,2.43967541133174,2.422350373684793,2.43967541133174,1.0,0.6239694608315183,0.23223922912960723,0.594184827264398
corn_starch,mp6_rep1,mp6_rep1,R-U-D,0.1,2,2,0.0005981922149658203,20,0.85,1.945672214458509,1.9318552762676546,2.253097032299519,1.0,0.6239694608315183,0.23223922912960723,0.594184827264398
corn_starch,mp6_rep1,mp6_rep1,R-U-D,0.2,2,2,0.00054931640625,20,0.7,1.4182015804393955,1.4081304063569888,2.1693750780198697,1.0,0.6239694608315183,0.23223922912960723,0.594184827264398
corn_starch,mp6_rep1,mp6_rep1,G-U-A,0.05,2,2,5.936622619628906e-05,20,1.0,2.9052278293469405,2.905227829346945,2.9052278293469405,1.0,0.6239694608315183,0.23223922912960723,0.594184827264398
corn_starch,mp6_rep1,mp6_rep1,G-U-A,0.1,2,2,5.0067901611328125e-05,20,0.95,2.2778552944030257,2.2778552944030253,2.4013572810405894,1.0,0.6239694608315183,0.23223922912960723,0.594184827264398
corn_starch,mp6_rep1,mp6_rep1,G-U-A,0.2,2,2,4.696846008300781e-05,20,0.75,1.731011890524924,1.7310118905249219,2.1262070620246534,1.0,0.6239694608315183,0.23223922912960723,0.594184827264398
corn_starch,mp6_rep1,mp6_rep1,G-W-A,0.05,2,2,0.0001773834228515625,20,1.0,2.9052278293469405,2.905227829346945,2.9052278293469405,1.0,0.6239694608315183,0.23223922912960723,0.594184827264398
corn_starch,mp6_rep1,mp6_rep1,G-W-A,0.1,2,2,0.00010395050048828125,20,0.95,2.2778552944030257,2.2778552944030253,2.4013572810405894,1.0,0.6239694608315183,0.23223922912960723,0.594184827264398
corn_starch,mp6_rep1,mp6_rep1,G-W-A,0.2,2,2,0.00010943412780761719,20,0.75,1.731011890524924,1.7310118905249219,2.1262070620246534,1.0,0.6239694608315183,0.23223922912960723,0.594184827264398
corn_starch,mp6_rep1,mp6_rep1,G-U-D,0.05,2,2,0.004184246063232422,20,1.0,3.4307389987659116,3.3500575483790165,3.4307389987659116,1.0,0.6239694608315183,0.23223922912960723,0.594184827264398
corn_starch,mp6_rep1,mp6_rep1,G-U-D,0.1,2,2,0.0005047321319580078,20,1.0,2.9246391543031134,2.8558597662726264,2.9246391543031134,1.0,0.6239694608315183,0.23223922912960723,0.594184827264398
corn_starch,mp6_rep1,mp6_rep1,G-U-D,0.2,2,2,0.0005545616149902344,20,0.95,2.1469660079287176,2.0964753318634877,2.197424176392239,1.0,0.6239694608315183,0.23223922912960723,0.594184827264398
corn_starch,mp6_rep1,mp6_rep1,GC-D,0.05,2,2,0.0006260871887207031,20,1.0,3.4307389987659116,3.3500575483790165,3.4307389987659116,1.0,0.6239694608315183,0.23223922912960723,0.594184827264398
corn_starch,mp6_rep1,mp6_rep1,GC-D,0.1,2,2,0.0005810260772705078,20,1.0,2.9246391543031134,2.8558597662726264,2.9246391543031134,1.0,0.6239694608315183,0.23223922912960723,0.594184827264398
corn_starch,mp6_rep1,mp6_rep1,GC-D,0.2,2,2,0.0006253719329833984,20,0.95,2.1469660079287176,2.0964753318634877,2.197424176392239,1.0,0.6239694608315183,0.23223922912960723,0.594184827264398
corn_starch,mp6_rep1,mp6_rep1,GC-D+,0.05,2,2,0.0005652904510498047,20,1.0,inf,inf,inf,0.0,0.6239694608315183,0.23223922912960723,0.594184827264398
corn_starch,mp6_rep1,mp6_rep1,GC-D+,0.1,2,2,0.0005960464477539062,20,1.0,inf,inf,inf,0.0,0.6239694608315183,0.23223922912960723,0.594184827264398
corn_starch,mp6_rep1,mp6_rep1,GC-D+,0.2,2,2,0.0005877017974853516,20,1.0,inf,inf,inf,0.0,0.6239694608315183,0.23223922912960723,0.594184827264398
corn_starch,mp6_rep1,mp6_rep1,HJ+,0.05,2,2,0.002010822296142578,20,1.0,inf,inf,inf,0.0,0.6239694608315183,0.23223922912960723,0.594184827264398
corn_starch,mp6_rep1,mp6_rep1,HJ+,0.1,2,2,0.0006487369537353516,20,1.0,inf,inf,inf,0.0,0.6239694608315183,0.23223922912960723,0.594184827264398
corn_starch,mp6_rep1,mp6_rep1,HJ+,0.2,2,2,0.0005793571472167969,20,1.0,inf,inf,inf,0.0,0.6239694608315183,0.23223922912960723,0.594184827264398
corn_starch,mp6_rep1,mp6_rep1,HJ+-D,0.05,2,2,0.0029518604278564453,20,1.0,inf,inf,inf,0.0,0.6239694608315183,0.23223922912960723,0.594184827264398
corn_starch,mp6_rep1,mp6_rep1,HJ+-D,0.1,2,2,0.002981901168823242,20,1.0,inf,inf,inf,0.0,0.6239694608315183,0.23223922912960723,0.594184827264398
corn_starch,mp6_rep1,mp6_rep1,HJ+-D,0.2,2,2,0.0028963088989257812,20,1.0,inf,inf,inf,0.0,0.6239694608315183,0.23223922912960723,0.594184827264398
corn_starch,mp6_rep1,mp6_rep1,HCP-D,0.05,2,2,0.00034308433532714844,20,1.0,inf,inf,inf,0.0,0.6239694608315183,0.23223922912960723,0.594184827264398
corn_starch,mp6_rep1,mp6_rep1,HCP-D,0.1,2,2,0.00024962425231933594,20,1.0,inf,inf,inf,0.0,0.6239694608315183,0.23223922912960723,0.594184827264398
corn_starch,mp6_rep1,mp6_rep1,HCP-D,0.2,2,2,0.00019431114196777344,20,1.0,inf,inf,inf,0.0,0.6239694608315183,0.23223922912960723,0.594184827264398
corn_starch,mp6_rep1,mp6_rep1,HCP-A,0.05,2,2,0.000255584716796875,20,1.0,inf,inf,inf,0.0,0.6239694608315183,0.23223922912960723,0.594184827264398
corn_starch,mp6_rep1,mp6_rep1,HCP-A,0.1,2,2,0.0001842975616455078,20,1.0,inf,inf,inf,0.0,0.6239694608315183,0.23223922912960723,0.594184827264398
corn_starch,mp6_rep1,mp6_rep1,HCP-A,0.2,2,2,0.00016951560974121094,20,1.0,inf,inf,inf,0.0,0.6239694608315183,0.23223922912960723,0.594184827264398
corn_starch,mp6_rep1,mp6_rep1,ORACLE,0.05,2,2,0.0002071857452392578,20,1.0,inf,inf,inf,0.0,0.6239694608315183,0.23223922912960723,0.594184827264398
corn_starch,mp6_rep1,mp6_rep1,ORACLE,0.1,2,2,0.00013971328735351562,20,0.85,2.1543245685029153,2.1543245685029184,2.819635811783471,1.0,0.6239694608315183,0.23223922912960723,0.594184827264398
corn_starch,mp6_rep1,mp6_rep1,ORACLE,0.2,2,2,0.00015234947204589844,20,0.85,1.934993123710853,1.9349931237108535,2.277947516283063,1.0,0.6239694608315183,0.23223922912960723,0.594184827264398
corn_starch,mp6_rep2,mp6_rep2,ASTM-R,0.05,2,2,0.015623807907104492,20,1.0,2.424499377771662,2.4224248228428706,2.424499377771662,1.0,0.4330315344364909,-0.04297654870658256,0.4420875432210856
corn_starch,mp6_rep2,mp6_rep2,ASTM-R,0.1,2,2,0.00012063980102539062,20,1.0,2.0297308055914725,2.0279940396077514,2.0297308055914725,1.0,0.4330315344364909,-0.04297654870658256,0.4420875432210856
corn_starch,mp6_rep2,mp6_rep2,ASTM-R,0.2,2,2,0.0001163482666015625,20,0.9,1.5778077605675223,1.5764576885087784,1.5971601347941289,1.0,0.4330315344364909,-0.04297654870658256,0.4420875432210856
corn_starch,mp6_rep2,mp6_rep2,ASTM-G,0.05,2,2,0.00010752677917480469,20,1.0,2.934695405407362,2.9321842945060403,2.934695405407362,1.0,0.4330315344364909,-0.04297654870658256,0.4420875432210856
corn_starch,mp6_rep2,mp6_rep2,ASTM-G,0.1,2,2,9.107589721679688e-05,20,1.0,2.4568542784522305,2.454752038625145,2.4568542784522305,1.0,0.4330315344364909,-0.04297654870658256,0.4420875432210856
corn_starch,mp6_rep2,mp6_rep2,ASTM-G,0.2,2,2,9.369850158691406e-05,20,1.0,1.9098314596431567,1.9081972871190978,1.9098314596431567,1.0,0.4330315344364909,-0.04297654870658256,0.4420875432210856
corn_starch,mp6_rep2,mp6_rep2,GPR,0.05,2,2,0.03637552261352539,20,1.0,1.8126918371949334,1.77042711289808,1.8126918371949334,1.0,0.4330315344364909,-0.04297654870658256,0.4420875432210856
corn_starch,mp6_rep2,mp6_rep2,GPR,0.1,2,2,0.00010228157043457031,20,1.0,1.5212589447938825,1.4857892700446804,1.5212589447938825,1.0,0.4330315344364909,-0.04297654870658256,0.4420875432210856
corn_starch,mp6_rep2,mp6_rep2,GPR,0.2,2,2,8.392333984375e-05,20,0.9,1.1852554843512795,1.1576200665491143,1.3114062936105515,1.0,0.4330315344364909,-0.04297654870658256,0.4420875432210856
corn_starch,mp6_rep2,mp6_rep2,BAG,0.05,2,2,0.021031618118286133,20,1.0,2.650554460031877,2.5980481395950648,2.650554460031877,1.0,0.4330315344364909,-0.04297654870658256,0.4420875432210856
corn_starch,mp6_rep2,mp6_rep2,BAG,0.1,2,2,0.00010657310485839844,20,1.0,2.2244154236532774,2.180350730480548,2.2244154236532774,1.0,0.4330315344364909,-0.04297654870658256,0.4420875432210856
corn_starch,mp6_rep2,mp6_rep2,BAG,0.2,2,2,7.843971252441406e-05,20,1.0,1.7331044063099004,1.6987723687380054,1.7331044063099004,1.0,0.4330315344364909,-0.04297654870658256,0.4420875432210856
corn_starch,mp6_rep2,mp6_rep2,QGB,0.05,2,2,0.030963420867919922,20,0.85,1.5748384870168468,1.6000803308650404,2.768671818603223,1.0,0.4330315344364909,-0.04297654870658256,0.4420875432210856
corn_starch,mp6_rep2,mp6_rep2,QGB,0.1,2,2,0.027051687240600586,20,0.85,1.4801889921767521,1.518968648115525,2.3587134767839357,1.0,0.4330315344364909,-0.04297654870658256,0.4420875432210856
corn_starch,mp6_rep2,mp6_rep2,QGB,0.2,2,2,0.02682018280029297,20,0.75,1.304512523121836,1.244708769028506,1.9008359405864392,1.0,0.4330315344364909,-0.04297654870658256,0.4420875432210856
corn_starch,mp6_rep2,mp6_rep2,SCP,0.05,2,2,2.7894973754882812e-05,20,1.0,2.060960078360522,2.060960078360523,2.060960078360522,1.0,0.4330315344364909,-0.04297654870658256,0.4420875432210856
corn_starch,mp6_rep2,mp6_rep2,SCP,0.1,2,2,1.049041748046875e-05,20,0.85,1.7865969411674023,1.786596941167403,1.9319522688868738,1.0,0.4330315344364909,-0.04297654870658256,0.4420875432210856
corn_starch,mp6_rep2,mp6_rep2,SCP,0.2,2,2,8.58306884765625e-06,20,0.8,1.5543880963370504,1.5543880963370498,1.844378940039747,1.0,0.4330315344364909,-0.04297654870658256,0.4420875432210856
corn_starch,mp6_rep2,mp6_rep2,NCP-kNN,0.05,2,2,0.005221366882324219,20,1.0,2.489557247915082,2.419403794305495,2.489557247915082,1.0,0.4330315344364909,-0.04297654870658256,0.4420875432210856
corn_starch,mp6_rep2,mp6_rep2,NCP-kNN,0.1,2,2,1.6450881958007812e-05,20,0.85,2.1311029972532647,2.0710504576379307,2.2938258018761384,1.0,0.4330315344364909,-0.04297654870658256,0.4420875432210856
corn_starch,mp6_rep2,mp6_rep2,NCP-kNN,0.2,2,2,1.2159347534179688e-05,20,0.8,1.7905917332092198,1.740134490583209,2.1113351594231,1.0,0.4330315344364909,-0.04297654870658256,0.4420875432210856
corn_starch,mp6_rep2,mp6_rep2,CV+,0.05,2,2,0.006207704544067383,20,1.0,2.3854223334959883,2.385772581672434,2.3854223334959883,1.0,0.4330315344364909,-0.04297654870658256,0.4420875432210856
corn_starch,mp6_rep2,mp6_rep2,CV+,0.1,2,2,0.0044727325439453125,20,1.0,1.9999437837216145,1.9357977256022991,1.9999437837216145,1.0,0.4330315344364909,-0.04297654870658256,0.4420875432210856
corn_starch,mp6_rep2,mp6_rep2,CV+,0.2,2,2,0.004344463348388672,20,1.0,1.5867319698471807,1.5630166367141847,1.5867319698471807,1.0,0.4330315344364909,-0.04297654870658256,0.4420875432210856
corn_starch,mp6_rep2,mp6_rep2,CQR,0.05,2,2,2.4080276489257812e-05,20,1.0,2.655174288666273,2.680416132514466,2.655174288666273,1.0,0.4330315344364909,-0.04297654870658256,0.4420875432210856
corn_starch,mp6_rep2,mp6_rep2,CQR,0.1,2,2,1.3113021850585938e-05,20,0.95,2.4093798409498417,2.4481594968886142,2.4234331054415206,1.0,0.4330315344364909,-0.04297654870658256,0.4420875432210856
corn_starch,mp6_rep2,mp6_rep2,CQR,0.2,2,2,1.239776611328125e-05,20,0.95,2.066664908382499,2.006861154289169,2.09364165716731,1.0,0.4330315344364909,-0.04297654870658256,0.4420875432210856
corn_starch,mp6_rep2,mp6_rep2,WCP,0.05,2,2,0.002785205841064453,20,1.0,inf,inf,inf,0.35,0.4330315344364909,-0.04297654870658256,0.4420875432210856
corn_starch,mp6_rep2,mp6_rep2,WCP,0.1,2,2,0.00010824203491210938,20,1.0,inf,2.060960078360523,inf,0.7,0.4330315344364909,-0.04297654870658256,0.4420875432210856
corn_starch,mp6_rep2,mp6_rep2,WCP,0.2,2,2,7.843971252441406e-05,20,0.95,inf,1.6774004491853134,inf,0.85,0.4330315344364909,-0.04297654870658256,0.4420875432210856
corn_starch,mp6_rep2,mp6_rep2,R-U-A,0.05,2,2,5.340576171875e-05,20,1.0,2.267989531122624,2.2679895311226232,2.267989531122624,1.0,0.4330315344364909,-0.04297654870658256,0.4420875432210856
corn_starch,mp6_rep2,mp6_rep2,R-U-A,0.1,2,2,6.556510925292969e-05,20,1.0,1.896955952817849,1.896955952817848,1.896955952817849,1.0,0.4330315344364909,-0.04297654870658256,0.4420875432210856
corn_starch,mp6_rep2,mp6_rep2,R-U-A,0.2,2,2,3.457069396972656e-05,20,0.9,1.4684236257677685,1.4684236257677696,1.5389358464374812,1.0,0.4330315344364909,-0.04297654870658256,0.4420875432210856
corn_starch,mp6_rep2,mp6_rep2,R-U-D,0.05,2,2,0.0027675628662109375,20,1.0,2.2566315309127907,2.2670757016485545,2.2566315309127907,1.0,0.4330315344364909,-0.04297654870658256,0.4420875432210856
corn_starch,mp6_rep2,mp6_rep2,R-U-D,0.1,2,2,0.0003883838653564453,20,1.0,1.8438134454618738,1.8523470062871574,1.8438134454618738,1.0,0.4330315344364909,-0.04297654870658256,0.4420875432210856
corn_starch,mp6_rep2,mp6_rep2,R-U-D,0.2,2,2,0.0003688335418701172,20,0.9,1.4649299038085186,1.4717099110102758,1.5168750808615539,1.0,0.4330315344364909,-0.04297654870658256,0.4420875432210856
corn_starch,mp6_rep2,mp6_rep2,G-U-A,0.05,2,2,3.910064697265625e-05,20,1.0,2.8834680892402966,2.8834680892402957,2.8834680892402966,1.0,0.4330315344364909,-0.04297654870658256,0.4420875432210856
corn_starch,mp6_rep2,mp6_rep2,G-U-A,0.1,2,2,3.552436828613281e-05,20,1.0,2.294837978908732,2.294837978908731,2.294837978908732,1.0,0.4330315344364909,-0.04297654870658256,0.4420875432210856
corn_starch,mp6_rep2,mp6_rep2,G-U-A,0.2,2,2,3.123283386230469e-05,20,1.0,1.9252158509868191,1.9252158509868238,1.9252158509868191,1.0,0.4330315344364909,-0.04297654870658256,0.4420875432210856
corn_starch,mp6_rep2,mp6_rep2,G-W-A,0.05,2,2,0.00010132789611816406,20,1.0,2.8834680892402966,2.8834680892402957,2.8834680892402966,1.0,0.4330315344364909,-0.04297654870658256,0.4420875432210856
corn_starch,mp6_rep2,mp6_rep2,G-W-A,0.1,2,2,7.367134094238281e-05,20,1.0,2.294837978908732,2.294837978908731,2.294837978908732,1.0,0.4330315344364909,-0.04297654870658256,0.4420875432210856
corn_starch,mp6_rep2,mp6_rep2,G-W-A,0.2,2,2,9.679794311523438e-05,20,1.0,1.9252158509868191,1.9252158509868238,1.9252158509868191,1.0,0.4330315344364909,-0.04297654870658256,0.4420875432210856
corn_starch,mp6_rep2,mp6_rep2,G-U-D,0.05,2,2,0.002902507781982422,20,1.0,4.182357661570333,3.6736891075095492,4.182357661570333,1.0,0.4330315344364909,-0.04297654870658256,0.4420875432210856
corn_starch,mp6_rep2,mp6_rep2,G-U-D,0.1,2,2,0.0003695487976074219,20,1.0,3.7743938641180037,3.3153428635405184,3.7743938641180037,1.0,0.4330315344364909,-0.04297654870658256,0.4420875432210856
corn_starch,mp6_rep2,mp6_rep2,G-U-D,0.2,2,2,0.0003819465637207031,20,1.0,3.019060435759375,2.6518749316140315,3.019060435759375,1.0,0.4330315344364909,-0.04297654870658256,0.4420875432210856
corn_starch,mp6_rep2,mp6_rep2,GC-D,0.05,2,2,0.0004115104675292969,20,1.0,4.182357661570333,3.6736891075095492,4.182357661570333,1.0,0.4330315344364909,-0.04297654870658256,0.4420875432210856
corn_starch,mp6_rep2,mp6_rep2,GC-D,0.1,2,2,0.00040221214294433594,20,1.0,3.7743938641180037,3.3153428635405184,3.7743938641180037,1.0,0.4330315344364909,-0.04297654870658256,0.4420875432210856
corn_starch,mp6_rep2,mp6_rep2,GC-D,0.2,2,2,0.0004532337188720703,20,1.0,3.019060435759375,2.6518749316140315,3.019060435759375,1.0,0.4330315344364909,-0.04297654870658256,0.4420875432210856
corn_starch,mp6_rep2,mp6_rep2,GC-D+,0.05,2,2,0.00041103363037109375,20,1.0,inf,inf,inf,0.0,0.4330315344364909,-0.04297654870658256,0.4420875432210856
corn_starch,mp6_rep2,mp6_rep2,GC-D+,0.1,2,2,0.00037860870361328125,20,1.0,inf,inf,inf,0.0,0.4330315344364909,-0.04297654870658256,0.4420875432210856
corn_starch,mp6_rep2,mp6_rep2,GC-D+,0.2,2,2,0.0003943443298339844,20,1.0,inf,inf,inf,0.0,0.4330315344364909,-0.04297654870658256,0.4420875432210856
corn_starch,mp6_rep2,mp6_rep2,HJ+,0.05,2,2,0.001481771469116211,20,1.0,inf,inf,inf,0.0,0.4330315344364909,-0.04297654870658256,0.4420875432210856
corn_starch,mp6_rep2,mp6_rep2,HJ+,0.1,2,2,0.0004203319549560547,20,1.0,inf,inf,inf,0.0,0.4330315344364909,-0.04297654870658256,0.4420875432210856
corn_starch,mp6_rep2,mp6_rep2,HJ+,0.2,2,2,0.00039315223693847656,20,1.0,inf,inf,inf,0.0,0.4330315344364909,-0.04297654870658256,0.4420875432210856
corn_starch,mp6_rep2,mp6_rep2,HJ+-D,0.05,2,2,0.002157926559448242,20,1.0,inf,inf,inf,0.0,0.4330315344364909,-0.04297654870658256,0.4420875432210856
corn_starch,mp6_rep2,mp6_rep2,HJ+-D,0.1,2,2,0.002320528030395508,20,1.0,inf,inf,inf,0.0,0.4330315344364909,-0.04297654870658256,0.4420875432210856
corn_starch,mp6_rep2,mp6_rep2,HJ+-D,0.2,2,2,0.0020322799682617188,20,1.0,inf,inf,inf,0.0,0.4330315344364909,-0.04297654870658256,0.4420875432210856
corn_starch,mp6_rep2,mp6_rep2,HCP-D,0.05,2,2,0.00027751922607421875,20,1.0,inf,inf,inf,0.0,0.4330315344364909,-0.04297654870658256,0.4420875432210856
corn_starch,mp6_rep2,mp6_rep2,HCP-D,0.1,2,2,0.0001666545867919922,20,1.0,inf,inf,inf,0.0,0.4330315344364909,-0.04297654870658256,0.4420875432210856
corn_starch,mp6_rep2,mp6_rep2,HCP-D,0.2,2,2,0.00015592575073242188,20,1.0,inf,inf,inf,0.0,0.4330315344364909,-0.04297654870658256,0.4420875432210856
corn_starch,mp6_rep2,mp6_rep2,HCP-A,0.05,2,2,0.00013566017150878906,20,1.0,inf,inf,inf,0.0,0.4330315344364909,-0.04297654870658256,0.4420875432210856
corn_starch,mp6_rep2,mp6_rep2,HCP-A,0.1,2,2,0.00013947486877441406,20,1.0,inf,inf,inf,0.0,0.4330315344364909,-0.04297654870658256,0.4420875432210856
corn_starch,mp6_rep2,mp6_rep2,HCP-A,0.2,2,2,0.0001392364501953125,20,1.0,inf,inf,inf,0.0,0.4330315344364909,-0.04297654870658256,0.4420875432210856
corn_starch,mp6_rep2,mp6_rep2,ORACLE,0.05,2,2,0.00010609626770019531,20,1.0,inf,inf,inf,0.0,0.4330315344364909,-0.04297654870658256,0.4420875432210856
corn_starch,mp6_rep2,mp6_rep2,ORACLE,0.1,2,2,9.179115295410156e-05,20,0.9,1.5449964216103365,1.544996421610339,1.6904041238871355,1.0,0.4330315344364909,-0.04297654870658256,0.4420875432210856
corn_starch,mp6_rep2,mp6_rep2,ORACLE,0.2,2,2,0.00011110305786132812,20,0.9,1.3189981631184093,1.3189981631184118,1.601195861465656,1.0,0.4330315344364909,-0.04297654870658256,0.4420875432210856
corn_starch,mp6_rep3,mp6_rep3,ASTM-R,0.05,2,2,0.013154983520507812,20,0.95,2.591433008658455,2.5808754480115965,3.006546381369915,1.0,0.6857998426095017,0.03714396186751508,0.7025830164246949
corn_starch,mp6_rep3,mp6_rep3,ASTM-R,0.1,2,2,0.0001125335693359375,20,0.9,2.1694835051411747,2.160644976959528,2.6576853453650546,1.0,0.6857998426095017,0.03714396186751508,0.7025830164246949
corn_starch,mp6_rep3,mp6_rep3,ASTM-R,0.2,2,2,9.369850158691406e-05,20,0.7,1.6864442818748515,1.679573667151658,2.4040747418204154,1.0,0.6857998426095017,0.03714396186751508,0.7025830164246949
corn_starch,mp6_rep3,mp6_rep3,ASTM-G,0.05,2,2,0.0001068115234375,20,1.0,3.008827531424904,2.9965694954143984,3.008827531424904,1.0,0.6857998426095017,0.03714396186751508,0.7025830164246949
corn_starch,mp6_rep3,mp6_rep3,ASTM-G,0.1,2,2,0.00010442733764648438,20,0.95,2.518915857531737,2.5086537335094796,2.762762442727449,1.0,0.6857998426095017,0.03714396186751508,0.7025830164246949
corn_starch,mp6_rep3,mp6_rep3,ASTM-G,0.2,2,2,9.059906005859375e-05,20,0.85,1.9580749216997895,1.95009767719149,2.312012173305802,1.0,0.6857998426095017,0.03714396186751508,0.7025830164246949
corn_starch,mp6_rep3,mp6_rep3,GPR,0.05,2,2,0.03551673889160156,20,0.9,2.1317315526648457,2.067899637794138,3.318515348861027,1.0,0.6857998426095017,0.03714396186751508,0.7025830164246949
corn_starch,mp6_rep3,mp6_rep3,GPR,0.1,2,2,0.00010228157043457031,20,0.75,1.7890055142571981,1.7354360826153297,3.0020942806975057,1.0,0.6857998426095017,0.03714396186751508,0.7025830164246949
corn_starch,mp6_rep3,mp6_rep3,GPR,0.2,2,2,8.130073547363281e-05,20,0.75,1.3938643414815384,1.3521268957531838,2.4845111421790906,1.0,0.6857998426095017,0.03714396186751508,0.7025830164246949
corn_starch,mp6_rep3,mp6_rep3,BAG,0.05,2,2,0.023962974548339844,20,1.0,2.6392529635111024,2.6230714362814638,2.6392529635111024,1.0,0.6857998426095017,0.03714396186751508,0.7025830164246949
corn_starch,mp6_rep3,mp6_rep3,BAG,0.1,2,2,0.00013017654418945312,20,0.95,2.2149309087903526,2.2013509430546456,2.4393367031614894,1.0,0.6857998426095017,0.03714396186751508,0.7025830164246949
corn_starch,mp6_rep3,mp6_rep3,BAG,0.2,2,2,9.322166442871094e-05,20,0.75,1.7257147549318952,1.7151342229845632,2.2109589514925347,1.0,0.6857998426095017,0.03714396186751508,0.7025830164246949
corn_starch,mp6_rep3,mp6_rep3,QGB,0.05,2,2,0.03779959678649902,20,0.55,1.5663216947209637,1.5640252457492352,5.051378274806078,1.0,0.6857998426095017,0.03714396186751508,0.7025830164246949
corn_starch,mp6_rep3,mp6_rep3,QGB,0.1,2,2,0.028804779052734375,20,0.5,1.2854585466227746,1.2724581544391143,4.785017103733449,1.0,0.6857998426095017,0.03714396186751508,0.7025830164246949
corn_starch,mp6_rep3,mp6_rep3,QGB,0.2,2,2,0.02831268310546875,20,0.45,0.8423611374280991,0.7692445301056665,3.5795035158287076,1.0,0.6857998426095017,0.03714396186751508,0.7025830164246949
corn_starch,mp6_rep3,mp6_rep3,SCP,0.05,2,2,2.6226043701171875e-05,20,0.85,2.2076757332754653,2.2076757332754653,3.063019547361165,1.0,0.6857998426095017,0.03714396186751508,0.7025830164246949
corn_starch,mp6_rep3,mp6_rep3,SCP,0.1,2,2,1.3828277587890625e-05,20,0.8,1.8595322323019592,1.8595322323019587,2.835629076864834,1.0,0.6857998426095017,0.03714396186751508,0.7025830164246949
corn_starch,mp6_rep3,mp6_rep3,SCP,0.2,2,2,1.2159347534179688e-05,20,0.55,1.251097473053818,1.251097473053818,2.61114484321579,1.0,0.6857998426095017,0.03714396186751508,0.7025830164246949
corn_starch,mp6_rep3,mp6_rep3,NCP-kNN,0.05,2,2,0.005226612091064453,20,0.85,1.9988407731973847,2.023820185119561,3.5591942260126204,1.0,0.6857998426095017,0.03714396186751508,0.7025830164246949
corn_starch,mp6_rep3,mp6_rep3,NCP-kNN,0.1,2,2,1.7642974853515625e-05,20,0.8,1.5710553566059553,1.5906887558398637,3.1858348757294146,1.0,0.6857998426095017,0.03714396186751508,0.7025830164246949
corn_starch,mp6_rep3,mp6_rep3,NCP-kNN,0.2,2,2,1.2874603271484375e-05,20,0.65,1.30820486275277,1.3245534326756392,2.4734584408923257,1.0,0.6857998426095017,0.03714396186751508,0.7025830164246949
corn_starch,mp6_rep3,mp6_rep3,CV+,0.05,2,2,0.006161928176879883,20,0.95,2.7376665957866537,2.719967689607948,2.794686704169199,1.0,0.6857998426095017,0.03714396186751508,0.7025830164246949
corn_starch,mp6_rep3,mp6_rep3,CV+,0.1,2,2,0.004659414291381836,20,0.85,2.251866931493862,2.2081122785632914,2.5609899979061312,1.0,0.6857998426095017,0.03714396186751508,0.7025830164246949
corn_starch,mp6_rep3,mp6_rep3,CV+,0.2,2,2,0.0048787593841552734,20,0.75,1.7516374958667154,1.7545642516794402,2.3130284227401656,1.0,0.6857998426095017,0.03714396186751508,0.7025830164246949
corn_starch,mp6_rep3,mp6_rep3,CQR,0.05,2,2,2.6941299438476562e-05,20,0.9,1.9453836370543147,1.9430871880825862,3.4224259897925093,1.0,0.6857998426095017,0.03714396186751508,0.7025830164246949
corn_starch,mp6_rep3,mp6_rep3,CQR,0.1,2,2,1.3828277587890625e-05,20,0.75,1.6868721626077814,1.673871770424121,3.7056394990662342,1.0,0.6857998426095017,0.03714396186751508,0.7025830164246949
corn_starch,mp6_rep3,mp6_rep3,CQR,0.2,2,2,1.2874603271484375e-05,20,0.5,1.1120785616452724,1.0389619543228292,3.156098745448183,1.0,0.6857998426095017,0.03714396186751508,0.7025830164246949
corn_starch,mp6_rep3,mp6_rep3,WCP,0.05,2,2,0.0030236244201660156,20,0.95,inf,inf,inf,0.45,0.6857998426095017,0.03714396186751508,0.7025830164246949
corn_starch,mp6_rep3,mp6_rep3,WCP,0.1,2,2,0.0001087188720703125,20,0.85,inf,2.137936394568527,inf,0.9,0.6857998426095017,0.03714396186751508,0.7025830164246949
corn_starch,mp6_rep3,mp6_rep3,WCP,0.2,2,2,7.772445678710938e-05,20,0.7,1.6302235051422382,1.338148939235822,2.6625148317031897,1.0,0.6857998426095017,0.03714396186751508,0.7025830164246949
corn_starch,mp6_rep3,mp6_rep3,R-U-A,0.05,2,2,5.2928924560546875e-05,20,0.95,2.609561136333894,2.6095611363338946,3.008785084124184,1.0,0.6857998426095017,0.03714396186751508,0.7025830164246949
corn_starch,mp6_rep3,mp6_rep3,R-U-A,0.1,2,2,3.361701965332031e-05,20,0.9,2.2002925266568814,2.200292526656881,2.6518726157169117,1.0,0.6857998426095017,0.03714396186751508,0.7025830164246949
corn_starch,mp6_rep3,mp6_rep3,R-U-A,0.2,2,2,3.266334533691406e-05,20,0.7,1.6405709403562132,1.6405709403562128,2.428398186168032,1.0,0.6857998426095017,0.03714396186751508,0.7025830164246949
corn_starch,mp6_rep3,mp6_rep3,R-U-D,0.05,2,2,0.002958536148071289,20,0.95,2.594798504618641,2.6191013412895643,2.9638761970013583,1.0,0.6857998426095017,0.03714396186751508,0.7025830164246949
corn_starch,mp6_rep3,mp6_rep3,R-U-D,0.1,2,2,0.00036787986755371094,20,0.9,2.14174655335028,2.161806113498759,2.631813055568436,1.0,0.6857998426095017,0.03714396186751508,0.7025830164246949
corn_starch,mp6_rep3,mp6_rep3,R-U-D,0.2,2,2,0.00034689903259277344,20,0.7,1.7773918886376456,1.7940389094729454,2.2793616118850446,1.0,0.6857998426095017,0.03714396186751508,0.7025830164246949
corn_starch,mp6_rep3,mp6_rep3,G-U-A,0.05,2,2,4.00543212890625e-05,20,0.95,2.7794592261534494,2.779459226153449,3.008785084124185,1.0,0.6857998426095017,0.03714396186751508,0.7025830164246949
corn_starch,mp6_rep3,mp6_rep3,G-U-A,0.1,2,2,3.3855438232421875e-05,20,0.95,2.377470730995966,2.377470730995963,2.693127907560068,1.0,0.6857998426095017,0.03714396186751508,0.7025830164246949
corn_starch,mp6_rep3,mp6_rep3,G-U-A,0.2,2,2,3.552436828613281e-05,20,0.85,1.9539771594619135,1.953977159461914,2.3151161128097963,1.0,0.6857998426095017,0.03714396186751508,0.7025830164246949
corn_starch,mp6_rep3,mp6_rep3,G-W-A,0.05,2,2,0.00013113021850585938,20,0.95,2.7794592261534494,2.779459226153449,3.008785084124185,1.0,0.6857998426095017,0.03714396186751508,0.7025830164246949
corn_starch,mp6_rep3,mp6_rep3,G-W-A,0.1,2,2,7.462501525878906e-05,20,0.95,2.377470730995966,2.377470730995963,2.693127907560068,1.0,0.6857998426095017,0.03714396186751508,0.7025830164246949
corn_starch,mp6_rep3,mp6_rep3,G-W-A,0.2,2,2,6.67572021484375e-05,20,0.85,1.9539771594619135,1.953977159461914,2.3151161128097963,1.0,0.6857998426095017,0.03714396186751508,0.7025830164246949
corn_starch,mp6_rep3,mp6_rep3,G-U-D,0.05,2,2,0.003500699996948242,20,1.0,3.0413949239743063,2.9951551985460902,3.0413949239743063,1.0,0.6857998426095017,0.03714396186751508,0.7025830164246949
corn_starch,mp6_rep3,mp6_rep3,G-U-D,0.1,2,2,0.0003612041473388672,20,0.95,2.6182097251347587,2.578403878860275,2.7775602849926004,1.0,0.6857998426095017,0.03714396186751508,0.7025830164246949
corn_starch,mp6_rep3,mp6_rep3,G-U-D,0.2,2,2,0.00036263465881347656,20,0.9,2.1264682709370906,2.094138596087948,2.404699369594285,1.0,0.6857998426095017,0.03714396186751508,0.7025830164246949
corn_starch,mp6_rep3,mp6_rep3,GC-D,0.05,2,2,0.00045037269592285156,20,1.0,3.0413949239743063,2.9951551985460902,3.0413949239743063,1.0,0.6857998426095017,0.03714396186751508,0.7025830164246949
corn_starch,mp6_rep3,mp6_rep3,GC-D,0.1,2,2,0.0004706382751464844,20,0.95,2.6182097251347587,2.578403878860275,2.7775602849926004,1.0,0.6857998426095017,0.03714396186751508,0.7025830164246949
corn_starch,mp6_rep3,mp6_rep3,GC-D,0.2,2,2,0.0005066394805908203,20,0.9,2.1264682709370906,2.094138596087948,2.404699369594285,1.0,0.6857998426095017,0.03714396186751508,0.7025830164246949
corn_starch,mp6_rep3,mp6_rep3,GC-D+,0.05,2,2,0.0005052089691162109,20,1.0,inf,inf,inf,0.0,0.6857998426095017,0.03714396186751508,0.7025830164246949
corn_starch,mp6_rep3,mp6_rep3,GC-D+,0.1,2,2,0.00043272972106933594,20,1.0,inf,inf,inf,0.0,0.6857998426095017,0.03714396186751508,0.7025830164246949
corn_starch,mp6_rep3,mp6_rep3,GC-D+,0.2,2,2,0.00038051605224609375,20,1.0,inf,inf,inf,0.0,0.6857998426095017,0.03714396186751508,0.7025830164246949
corn_starch,mp6_rep3,mp6_rep3,HJ+,0.05,2,2,0.0015649795532226562,20,1.0,inf,inf,inf,0.0,0.6857998426095017,0.03714396186751508,0.7025830164246949
corn_starch,mp6_rep3,mp6_rep3,HJ+,0.1,2,2,0.0005598068237304688,20,1.0,inf,inf,inf,0.0,0.6857998426095017,0.03714396186751508,0.7025830164246949
corn_starch,mp6_rep3,mp6_rep3,HJ+,0.2,2,2,0.0004954338073730469,20,1.0,inf,inf,inf,0.0,0.6857998426095017,0.03714396186751508,0.7025830164246949
corn_starch,mp6_rep3,mp6_rep3,HJ+-D,0.05,2,2,0.0022826194763183594,20,1.0,inf,inf,inf,0.0,0.6857998426095017,0.03714396186751508,0.7025830164246949
corn_starch,mp6_rep3,mp6_rep3,HJ+-D,0.1,2,2,0.002348184585571289,20,1.0,inf,inf,inf,0.0,0.6857998426095017,0.03714396186751508,0.7025830164246949
corn_starch,mp6_rep3,mp6_rep3,HJ+-D,0.2,2,2,0.002672910690307617,20,1.0,inf,inf,inf,0.0,0.6857998426095017,0.03714396186751508,0.7025830164246949
corn_starch,mp6_rep3,mp6_rep3,HCP-D,0.05,2,2,0.00031638145446777344,20,1.0,inf,inf,inf,0.0,0.6857998426095017,0.03714396186751508,0.7025830164246949
corn_starch,mp6_rep3,mp6_rep3,HCP-D,0.1,2,2,0.0001773834228515625,20,1.0,inf,inf,inf,0.0,0.6857998426095017,0.03714396186751508,0.7025830164246949
corn_starch,mp6_rep3,mp6_rep3,HCP-D,0.2,2,2,0.0001494884490966797,20,1.0,inf,inf,inf,0.0,0.6857998426095017,0.03714396186751508,0.7025830164246949
corn_starch,mp6_rep3,mp6_rep3,HCP-A,0.05,2,2,0.00013780593872070312,20,1.0,inf,inf,inf,0.0,0.6857998426095017,0.03714396186751508,0.7025830164246949
corn_starch,mp6_rep3,mp6_rep3,HCP-A,0.1,2,2,0.00017333030700683594,20,1.0,inf,inf,inf,0.0,0.6857998426095017,0.03714396186751508,0.7025830164246949
corn_starch,mp6_rep3,mp6_rep3,HCP-A,0.2,2,2,0.0001316070556640625,20,1.0,inf,inf,inf,0.0,0.6857998426095017,0.03714396186751508,0.7025830164246949
corn_starch,mp6_rep3,mp6_rep3,ORACLE,0.05,2,2,0.00015783309936523438,20,1.0,inf,inf,inf,0.0,0.6857998426095017,0.03714396186751508,0.7025830164246949
corn_starch,mp6_rep3,mp6_rep3,ORACLE,0.1,2,2,9.799003601074219e-05,20,0.7,2.248018065164771,2.248018065164768,4.283632239240973,1.0,0.6857998426095017,0.03714396186751508,0.7025830164246949
corn_starch,mp6_rep3,mp6_rep3,ORACLE,0.2,2,2,0.00011467933654785156,20,0.7,1.8553678268263731,1.8553678268263774,2.9803882236578465,1.0,0.6857998426095017,0.03714396186751508,0.7025830164246949
corn_starch,mp6_rep4,mp6_rep4,ASTM-R,0.05,2,2,0.01688385009765625,20,0.85,2.5370230785137333,2.535864586935123,3.238964931855456,1.0,0.6894037816041461,0.03172973183518657,0.7065638111070136
corn_starch,mp6_rep4,mp6_rep4,ASTM-R,0.1,2,2,0.0001220703125,20,0.85,2.1239328597760605,2.1229629993311825,3.093627763436294,1.0,0.6894037816041461,0.03172973183518657,0.7065638111070136
corn_starch,mp6_rep4,mp6_rep4,ASTM-R,0.2,2,2,9.608268737792969e-05,20,0.75,1.6510355658234677,1.6502816464700345,2.6514521424835964,1.0,0.6894037816041461,0.03172973183518657,0.7065638111070136
corn_starch,mp6_rep4,mp6_rep4,ASTM-G,0.05,2,2,0.0005021095275878906,20,1.0,3.2260309130759266,3.2245577969356845,3.2260309130759266,1.0,0.6894037816041461,0.03172973183518657,0.7065638111070136
corn_starch,mp6_rep4,mp6_rep4,ASTM-G,0.1,2,2,9.632110595703125e-05,20,0.95,2.7007531468532635,2.69951989052106,2.8562729544183627,1.0,0.6894037816041461,0.03172973183518657,0.7065638111070136
corn_starch,mp6_rep4,mp6_rep4,ASTM-G,0.2,2,2,9.965896606445312e-05,20,0.8,2.099425826687633,2.0984671569929283,2.607655313257319,1.0,0.6894037816041461,0.03172973183518657,0.7065638111070136
corn_starch,mp6_rep4,mp6_rep4,GPR,0.05,2,2,0.040299415588378906,20,0.8,1.9134061433046181,1.8989902298028447,4.624916238041072,1.0,0.6894037816041461,0.03172973183518657,0.7065638111070136
corn_starch,mp6_rep4,mp6_rep4,GPR,0.1,2,2,0.00011658668518066406,20,0.75,1.6057810548923972,1.5936828389066662,3.6275863122302425,1.0,0.6894037816041461,0.03172973183518657,0.7065638111070136
corn_starch,mp6_rep4,mp6_rep4,GPR,0.2,2,2,8.177757263183594e-05,20,0.7,1.251109029460117,1.2416829702760346,2.712590793672486,1.0,0.6894037816041461,0.03172973183518657,0.7065638111070136
corn_starch,mp6_rep4,mp6_rep4,BAG,0.05,2,2,0.024948596954345703,20,0.95,2.5500310773754373,2.5337326871490795,3.1603226233120845,1.0,0.6894037816041461,0.03172973183518657,0.7065638111070136
corn_starch,mp6_rep4,mp6_rep4,BAG,0.1,2,2,0.00016021728515625,20,0.85,2.140053541567635,2.1263755013134436,2.9073432031593676,1.0,0.6894037816041461,0.03172973183518657,0.7065638111070136
corn_starch,mp6_rep4,mp6_rep4,BAG,0.2,2,2,8.893013000488281e-05,20,0.75,1.6673756993370354,1.6567187547833662,2.5233932975103093,1.0,0.6894037816041461,0.03172973183518657,0.7065638111070136
corn_starch,mp6_rep4,mp6_rep4,QGB,0.05,2,2,0.03550219535827637,20,0.6,1.518342987450928,1.483739240856174,5.992903330857366,1.0,0.6894037816041461,0.03172973183518657,0.7065638111070136
corn_starch,mp6_rep4,mp6_rep4,QGB,0.1,2,2,0.05657958984375,20,0.55,1.460105289520404,1.3746030260657562,3.7435170843683188,1.0,0.6894037816041461,0.03172973183518657,0.7065638111070136
corn_starch,mp6_rep4,mp6_rep4,QGB,0.2,2,2,0.027599811553955078,20,0.55,1.2157843605382972,1.156854873121972,2.48668928854266,1.0,0.6894037816041461,0.03172973183518657,0.7065638111070136
corn_starch,mp6_rep4,mp6_rep4,SCP,0.05,2,2,2.6702880859375e-05,20,0.75,1.667607559278963,1.667607559278963,4.156434679083063,1.0,0.6894037816041461,0.03172973183518657,0.7065638111070136
corn_starch,mp6_rep4,mp6_rep4,SCP,0.1,2,2,1.0013580322265625e-05,20,0.75,1.5696121289244331,1.5696121289244331,3.0590142647128076,1.0,0.6894037816041461,0.03172973183518657,0.7065638111070136
corn_starch,mp6_rep4,mp6_rep4,SCP,0.2,2,2,9.298324584960938e-06,20,0.7,1.3060957313248593,1.3060957313248593,2.4040127535644835,1.0,0.6894037816041461,0.03172973183518657,0.7065638111070136
corn_starch,mp6_rep4,mp6_rep4,NCP-kNN,0.05,2,2,0.005173206329345703,20,0.95,2.099304352398186,2.0739308159666976,2.7608594996159685,1.0,0.6894037816041461,0.03172973183518657,0.7065638111070136
corn_starch,mp6_rep4,mp6_rep4,NCP-kNN,0.1,2,2,1.6450881958007812e-05,20,0.85,1.756240249353669,1.735013205309997,2.3343409170438987,1.0,0.6894037816041461,0.03172973183518657,0.7065638111070136
corn_starch,mp6_rep4,mp6_rep4,NCP-kNN,0.2,2,2,1.1920928955078125e-05,20,0.75,1.4131458935454333,1.396065707543869,2.090536457297329,1.0,0.6894037816041461,0.03172973183518657,0.7065638111070136
corn_starch,mp6_rep4,mp6_rep4,CV+,0.05,2,2,0.0055027008056640625,20,0.95,2.5192551596303763,2.4822318678384363,3.0553317450727353,1.0,0.6894037816041461,0.03172973183518657,0.7065638111070136
corn_starch,mp6_rep4,mp6_rep4,CV+,0.1,2,2,0.0047702789306640625,20,0.8,2.137976716608206,2.1152187686254535,3.030998750807433,1.0,0.6894037816041461,0.03172973183518657,0.7065638111070136
corn_starch,mp6_rep4,mp6_rep4,CV+,0.2,2,2,0.0043833255767822266,20,0.75,1.7063764565247859,1.679153014016741,2.6132927760686426,1.0,0.6894037816041461,0.03172973183518657,0.7065638111070136
corn_starch,mp6_rep4,mp6_rep4,CQR,0.05,2,2,2.6464462280273438e-05,20,0.85,2.345469528132717,2.310865781537956,3.556500511301955,1.0,0.6894037816041461,0.03172973183518657,0.7065638111070136
corn_starch,mp6_rep4,mp6_rep4,CQR,0.1,2,2,1.3113021850585938e-05,20,0.8,1.7495757150803306,1.6640734516256828,3.104109779103465,1.0,0.6894037816041461,0.03172973183518657,0.7065638111070136
corn_starch,mp6_rep4,mp6_rep4,CQR,0.2,2,2,1.239776611328125e-05,20,0.65,1.3353672020599028,1.2764377146435777,2.366776754682366,1.0,0.6894037816041461,0.03172973183518657,0.7065638111070136
corn_starch,mp6_rep4,mp6_rep4,WCP,0.05,2,2,0.0027141571044921875,20,0.8,inf,1.667607559278963,inf,0.65,0.6894037816041461,0.03172973183518657,0.7065638111070136
corn_starch,mp6_rep4,mp6_rep4,WCP,0.1,2,2,0.0001068115234375,20,0.75,inf,1.328082444258623,inf,0.9,0.6894037816041461,0.03172973183518657,0.7065638111070136
corn_starch,mp6_rep4,mp6_rep4,WCP,0.2,2,2,7.534027099609375e-05,20,0.7,1.2873086175779318,1.2854923552122273,2.409933643658427,1.0,0.6894037816041461,0.03172973183518657,0.7065638111070136
corn_starch,mp6_rep4,mp6_rep4,R-U-A,0.05,2,2,4.982948303222656e-05,20,0.85,2.256211990187012,2.256211990187012,3.789392852571936,1.0,0.6894037816041461,0.03172973183518657,0.7065638111070136
corn_starch,mp6_rep4,mp6_rep4,R-U-A,0.1,2,2,3.361701965332031e-05,20,0.8,2.1110824927926046,2.1110824927926046,3.107522645322952,1.0,0.6894037816041461,0.03172973183518657,0.7065638111070136
corn_starch,mp6_rep4,mp6_rep4,R-U-A,0.2,2,2,3.170967102050781e-05,20,0.75,1.5923217252119302,1.5923217252119244,2.6684807425370125,1.0,0.6894037816041461,0.03172973183518657,0.7065638111070136
corn_starch,mp6_rep4,mp6_rep4,R-U-D,0.05,2,2,0.003137350082397461,20,0.85,2.276118830884973,2.2982302227552935,3.7476083648439613,1.0,0.6894037816041461,0.03172973183518657,0.7065638111070136
corn_starch,mp6_rep4,mp6_rep4,R-U-D,0.1,2,2,0.0004875659942626953,20,0.85,2.151091213464248,2.171988022595791,3.0744315349482605,1.0,0.6894037816041461,0.03172973183518657,0.7065638111070136
corn_starch,mp6_rep4,mp6_rep4,R-U-D,0.2,2,2,0.00043511390686035156,20,0.75,1.6145372719870223,1.6302217194885031,2.6362762126278527,1.0,0.6894037816041461,0.03172973183518657,0.7065638111070136
corn_starch,mp6_rep4,mp6_rep4,G-U-A,0.05,2,2,4.482269287109375e-05,20,0.95,2.900097420747727,2.900097420747727,3.005789164510489,1.0,0.6894037816041461,0.03172973183518657,0.7065638111070136
corn_starch,mp6_rep4,mp6_rep4,G-U-A,0.1,2,2,3.4332275390625e-05,20,0.95,2.711992131549806,2.711992131549806,2.8588906480301475,1.0,0.6894037816041461,0.03172973183518657,0.7065638111070136
corn_starch,mp6_rep4,mp6_rep4,G-U-A,0.2,2,2,5.030632019042969e-05,20,0.85,2.140804307656566,2.140804307656566,2.6106552851506315,1.0,0.6894037816041461,0.03172973183518657,0.7065638111070136
corn_starch,mp6_rep4,mp6_rep4,G-W-A,0.05,2,2,0.00015687942504882812,20,0.95,2.900097420747727,2.900097420747727,3.005789164510489,1.0,0.6894037816041461,0.03172973183518657,0.7065638111070136
corn_starch,mp6_rep4,mp6_rep4,G-W-A,0.1,2,2,8.249282836914062e-05,20,0.95,2.711992131549806,2.711992131549806,2.8588906480301475,1.0,0.6894037816041461,0.03172973183518657,0.7065638111070136
corn_starch,mp6_rep4,mp6_rep4,G-W-A,0.2,2,2,8.0108642578125e-05,20,0.85,2.140804307656566,2.140804307656566,2.6106552851506315,1.0,0.6894037816041461,0.03172973183518657,0.7065638111070136
corn_starch,mp6_rep4,mp6_rep4,G-U-D,0.05,2,2,0.003367185592651367,20,1.0,3.036041264403113,2.9523719139159077,3.036041264403113,1.0,0.6894037816041461,0.03172973183518657,0.7065638111070136
corn_starch,mp6_rep4,mp6_rep4,G-U-D,0.1,2,2,0.0004115104675292969,20,0.9,2.88520810776978,2.8056955230009493,2.9262274794756093,1.0,0.6894037816041461,0.03172973183518657,0.7065638111070136
corn_starch,mp6_rep4,mp6_rep4,G-U-D,0.2,2,2,0.0003764629364013672,20,0.85,2.4091016811101875,2.3427099705364647,2.729581688701594,1.0,0.6894037816041461,0.03172973183518657,0.7065638111070136
corn_starch,mp6_rep4,mp6_rep4,GC-D,0.05,2,2,0.00045800209045410156,20,1.0,3.036041264403113,2.9523719139159077,3.036041264403113,1.0,0.6894037816041461,0.03172973183518657,0.7065638111070136
corn_starch,mp6_rep4,mp6_rep4,GC-D,0.1,2,2,0.0004379749298095703,20,0.9,2.88520810776978,2.8056955230009493,2.9262274794756093,1.0,0.6894037816041461,0.03172973183518657,0.7065638111070136
corn_starch,mp6_rep4,mp6_rep4,GC-D,0.2,2,2,0.00038886070251464844,20,0.85,2.4091016811101875,2.3427099705364647,2.729581688701594,1.0,0.6894037816041461,0.03172973183518657,0.7065638111070136
corn_starch,mp6_rep4,mp6_rep4,GC-D+,0.05,2,2,0.0004227161407470703,20,1.0,inf,inf,inf,0.0,0.6894037816041461,0.03172973183518657,0.7065638111070136
corn_starch,mp6_rep4,mp6_rep4,GC-D+,0.1,2,2,0.0003685951232910156,20,1.0,inf,inf,inf,0.0,0.6894037816041461,0.03172973183518657,0.7065638111070136
corn_starch,mp6_rep4,mp6_rep4,GC-D+,0.2,2,2,0.0004284381866455078,20,1.0,inf,inf,inf,0.0,0.6894037816041461,0.03172973183518657,0.7065638111070136
corn_starch,mp6_rep4,mp6_rep4,HJ+,0.05,2,2,0.0014522075653076172,20,1.0,inf,inf,inf,0.0,0.6894037816041461,0.03172973183518657,0.7065638111070136
corn_starch,mp6_rep4,mp6_rep4,HJ+,0.1,2,2,0.00041031837463378906,20,1.0,inf,inf,inf,0.0,0.6894037816041461,0.03172973183518657,0.7065638111070136
corn_starch,mp6_rep4,mp6_rep4,HJ+,0.2,2,2,0.00035834312438964844,20,1.0,inf,inf,inf,0.0,0.6894037816041461,0.03172973183518657,0.7065638111070136
corn_starch,mp6_rep4,mp6_rep4,HJ+-D,0.05,2,2,0.003740549087524414,20,1.0,inf,inf,inf,0.0,0.6894037816041461,0.03172973183518657,0.7065638111070136
corn_starch,mp6_rep4,mp6_rep4,HJ+-D,0.1,2,2,0.0023725032806396484,20,1.0,inf,inf,inf,0.0,0.6894037816041461,0.03172973183518657,0.7065638111070136
corn_starch,mp6_rep4,mp6_rep4,HJ+-D,0.2,2,2,0.002394437789916992,20,1.0,inf,inf,inf,0.0,0.6894037816041461,0.03172973183518657,0.7065638111070136
corn_starch,mp6_rep4,mp6_rep4,HCP-D,0.05,2,2,0.0003528594970703125,20,1.0,inf,inf,inf,0.0,0.6894037816041461,0.03172973183518657,0.7065638111070136
corn_starch,mp6_rep4,mp6_rep4,HCP-D,0.1,2,2,0.00018262863159179688,20,1.0,inf,inf,inf,0.0,0.6894037816041461,0.03172973183518657,0.7065638111070136
corn_starch,mp6_rep4,mp6_rep4,HCP-D,0.2,2,2,0.00019049644470214844,20,1.0,inf,inf,inf,0.0,0.6894037816041461,0.03172973183518657,0.7065638111070136
corn_starch,mp6_rep4,mp6_rep4,HCP-A,0.05,2,2,0.00015306472778320312,20,1.0,inf,inf,inf,0.0,0.6894037816041461,0.03172973183518657,0.7065638111070136
corn_starch,mp6_rep4,mp6_rep4,HCP-A,0.1,2,2,0.00020074844360351562,20,1.0,inf,inf,inf,0.0,0.6894037816041461,0.03172973183518657,0.7065638111070136
corn_starch,mp6_rep4,mp6_rep4,HCP-A,0.2,2,2,0.0001456737518310547,20,1.0,inf,inf,inf,0.0,0.6894037816041461,0.03172973183518657,0.7065638111070136
corn_starch,mp6_rep4,mp6_rep4,ORACLE,0.05,2,2,0.00014352798461914062,20,1.0,inf,inf,inf,0.0,0.6894037816041461,0.03172973183518657,0.7065638111070136
corn_starch,mp6_rep4,mp6_rep4,ORACLE,0.1,2,2,9.298324584960938e-05,20,0.95,2.8501724123874013,2.8501724123873977,3.005789164510489,1.0,0.6894037816041461,0.03172973183518657,0.7065638111070136
corn_starch,mp6_rep4,mp6_rep4,ORACLE,0.2,2,2,8.916854858398438e-05,20,0.85,2.368432725728155,2.368432725728155,2.7258222102792793,1.0,0.6894037816041461,0.03172973183518657,0.7065638111070136
corn_starch,mp6_rep5,mp6_rep5,ASTM-R,0.05,2,1,0.0156252384185791,20,0.9,3.1920141140941145,3.1803251193732365,4.025381905656495,1.0,0.7713302352737065,0.2730497998776361,0.7401238435731189
corn_starch,mp6_rep5,mp6_rep5,ASTM-R,0.1,2,1,0.00014019012451171875,20,0.9,2.6723309968347224,2.6625450554829833,3.605692734197375,1.0,0.7713302352737065,0.2730497998776361,0.7401238435731189
corn_starch,mp6_rep5,mp6_rep5,ASTM-R,0.2,2,1,0.0001392364501953125,20,0.85,2.0773724423820568,2.0697652092545162,2.9047868163505974,1.0,0.7713302352737065,0.2730497998776361,0.7401238435731189
corn_starch,mp6_rep5,mp6_rep5,ASTM-G,0.05,2,1,0.00014662742614746094,20,0.95,3.614926284752923,3.6016886069894483,3.79181751312417,1.0,0.7713302352737065,0.2730497998776361,0.7401238435731189
corn_starch,mp6_rep5,mp6_rep5,ASTM-G,0.1,2,1,0.00010776519775390625,20,0.9,3.026389989744574,3.0153075022150695,3.6077402220695105,1.0,0.7713302352737065,0.2730497998776361,0.7401238435731189
corn_starch,mp6_rep5,mp6_rep5,ASTM-G,0.2,2,1,0.00010061264038085938,20,0.9,2.352604962500131,2.3439898417631753,2.978224376451671,1.0,0.7713302352737065,0.2730497998776361,0.7401238435731189
corn_starch,mp6_rep5,mp6_rep5,GPR,0.05,2,1,0.030536174774169922,20,0.9,3.07948167126764,3.053333492107626,4.182691755379548,1.0,0.7713302352737065,0.2730497998776361,0.7401238435731189
corn_starch,mp6_rep5,mp6_rep5,GPR,0.1,2,1,0.00022530555725097656,20,0.9,2.5843824866526006,2.5624382429477244,3.626259744937805,1.0,0.7713302352737065,0.2730497998776361,0.7401238435731189
corn_starch,mp6_rep5,mp6_rep5,GPR,0.2,2,1,0.0001590251922607422,20,0.8,2.013564834868677,1.9964674595072012,2.9408033779487814,1.0,0.7713302352737065,0.2730497998776361,0.7401238435731189
corn_starch,mp6_rep5,mp6_rep5,BAG,0.05,2,1,0.021100521087646484,20,0.95,3.470655314445554,3.43229281395881,3.781771537720533,1.0,0.7713302352737065,0.2730497998776361,0.7401238435731189
corn_starch,mp6_rep5,mp6_rep5,BAG,0.1,2,1,8.916854858398438e-05,20,0.95,2.912665756561767,2.8804709312678973,3.321903763218766,1.0,0.7713302352737065,0.2730497998776361,0.7401238435731189
corn_starch,mp6_rep5,mp6_rep5,BAG,0.2,2,1,7.915496826171875e-05,20,0.9,2.2693395321430665,2.244255641344669,2.746089381284643,1.0,0.7713302352737065,0.2730497998776361,0.7401238435731189
corn_starch,mp6_rep5,mp6_rep5,QGB,0.05,2,1,0.03319287300109863,20,0.9,1.7791915209586748,1.626277616117818,5.830765407498772,1.0,0.7713302352737065,0.2730497998776361,0.7401238435731189
corn_starch,mp6_rep5,mp6_rep5,QGB,0.1,2,1,0.0295560359954834,20,0.9,1.4979705143131,1.2881635203700696,3.8537170409706336,1.0,0.7713302352737065,0.2730497998776361,0.7401238435731189
corn_starch,mp6_rep5,mp6_rep5,QGB,0.2,2,1,0.02650594711303711,20,0.8,1.2803074788598299,1.185752776005856,2.652876290646753,1.0,0.7713302352737065,0.2730497998776361,0.7401238435731189
corn_starch,mp6_rep5,mp6_rep5,SCP,0.05,2,1,2.5987625122070312e-05,20,0.9,2.406951665853171,2.406951665853171,4.456427387152431,1.0,0.7713302352737065,0.2730497998776361,0.7401238435731189
corn_starch,mp6_rep5,mp6_rep5,SCP,0.1,2,1,1.0013580322265625e-05,20,0.9,2.0783658799115465,2.0783658799115514,3.4316895265028022,1.0,0.7713302352737065,0.2730497998776361,0.7401238435731189
corn_starch,mp6_rep5,mp6_rep5,SCP,0.2,2,1,8.344650268554688e-06,20,0.9,1.7207186624443978,1.7207186624443978,2.5762040944735993,1.0,0.7713302352737065,0.2730497998776361,0.7401238435731189
corn_starch,mp6_rep5,mp6_rep5,NCP-kNN,0.05,2,1,0.004897117614746094,20,0.9,2.012323852498325,1.8827308001906715,4.537887342851006,1.0,0.7713302352737065,0.2730497998776361,0.7401238435731189
corn_starch,mp6_rep5,mp6_rep5,NCP-kNN,0.1,2,1,2.9325485229492188e-05,20,0.9,1.7409732420553734,1.6288550876421084,3.2962200642255213,1.0,0.7713302352737065,0.2730497998776361,0.7401238435731189
corn_starch,mp6_rep5,mp6_rep5,NCP-kNN,0.2,2,1,2.6941299438476562e-05,20,0.8,1.5410350417538106,1.4417928474489656,2.4389341099932857,1.0,0.7713302352737065,0.2730497998776361,0.7401238435731189
corn_starch,mp6_rep5,mp6_rep5,CV+,0.05,2,1,0.0050411224365234375,20,0.9,3.1380716261985158,3.1177819233600736,4.132459820823817,1.0,0.7713302352737065,0.2730497998776361,0.7401238435731189
corn_starch,mp6_rep5,mp6_rep5,CV+,0.1,2,1,0.0045588016510009766,20,0.9,2.6034614805730074,2.592954801164659,3.5471824253751665,1.0,0.7713302352737065,0.2730497998776361,0.7401238435731189
corn_starch,mp6_rep5,mp6_rep5,CV+,0.2,2,1,0.004853963851928711,20,0.85,2.0950121063027587,2.0820604012535675,2.8545049512236154,1.0,0.7713302352737065,0.2730497998776361,0.7401238435731189
corn_starch,mp6_rep5,mp6_rep5,CQR,0.05,2,1,2.6702880859375e-05,20,0.9,2.1343993928923326,1.9814854880514758,5.475557535565114,1.0,0.7713302352737065,0.2730497998776361,0.7401238435731189
corn_starch,mp6_rep5,mp6_rep5,CQR,0.1,2,1,1.33514404296875e-05,20,0.85,1.312201887216507,1.1023948932734768,3.9421972606339155,1.0,0.7713302352737065,0.2730497998776361,0.7401238435731189
corn_starch,mp6_rep5,mp6_rep5,CQR,0.2,2,1,1.1920928955078125e-05,20,0.8,1.1254388817366894,1.0308841788827152,2.6528762906467533,1.0,0.7713302352737065,0.2730497998776361,0.7401238435731189
corn_starch,mp6_rep5,mp6_rep5,WCP,0.05,2,1,0.0027353763580322266,20,0.95,inf,inf,inf,0.45,0.7713302352737065,0.2730497998776361,0.7401238435731189
corn_starch,mp6_rep5,mp6_rep5,WCP,0.1,2,1,0.00013303756713867188,20,0.9,inf,2.014939773953216,inf,0.65,0.7713302352737065,0.2730497998776361,0.7401238435731189
corn_starch,mp6_rep5,mp6_rep5,WCP,0.2,2,1,0.0001227855682373047,20,0.8,1.485673015124935,1.2674432865017877,2.684580990714026,1.0,0.7713302352737065,0.2730497998776361,0.7401238435731189
corn_starch,mp6_rep5,mp6_rep5,R-U-A,0.05,2,1,7.390975952148438e-05,20,0.9,3.0911479360247114,3.0911479360247114,4.089329884684588,1.0,0.7713302352737065,0.2730497998776361,0.7401238435731189
corn_starch,mp6_rep5,mp6_rep5,R-U-A,0.1,2,1,3.6716461181640625e-05,20,0.9,2.481863317317376,2.4818633173173765,3.5902389103546497,1.0,0.7713302352737065,0.2730497998776361,0.7401238435731189
corn_starch,mp6_rep5,mp6_rep5,R-U-A,0.2,2,1,3.62396240234375e-05,20,0.8,2.017160183201753,2.017160183201753,2.8823182135853322,1.0,0.7713302352737065,0.2730497998776361,0.7401238435731189
corn_starch,mp6_rep5,mp6_rep5,R-U-D,0.05,2,1,0.0029876232147216797,20,0.9,3.0173256602947065,2.8521589673487675,4.968325521134266,1.0,0.7713302352737065,0.2730497998776361,0.7401238435731189
corn_starch,mp6_rep5,mp6_rep5,R-U-D,0.1,2,1,0.0005042552947998047,20,0.85,2.7548431459611518,2.6040445967721446,3.960473486074227,1.0,0.7713302352737065,0.2730497998776361,0.7401238435731189
corn_starch,mp6_rep5,mp6_rep5,R-U-D,0.2,2,1,0.0003635883331298828,20,0.8,2.1545568196694607,2.0366176030473575,3.152779293323759,1.0,0.7713302352737065,0.2730497998776361,0.7401238435731189
corn_starch,mp6_rep5,mp6_rep5,G-U-A,0.05,2,1,3.933906555175781e-05,20,0.9,3.260820318125184,3.260820318125184,3.9196575025841156,1.0,0.7713302352737065,0.2730497998776361,0.7401238435731189
corn_starch,mp6_rep5,mp6_rep5,G-U-A,0.1,2,1,3.5762786865234375e-05,20,0.9,2.8022669847238006,2.8022669847238006,3.5902389103546497,1.0,0.7713302352737065,0.2730497998776361,0.7401238435731189
corn_starch,mp6_rep5,mp6_rep5,G-U-A,0.2,2,1,3.695487976074219e-05,20,0.9,2.355920718129397,2.355920718129397,2.9730798142420234,1.0,0.7713302352737065,0.2730497998776361,0.7401238435731189
corn_starch,mp6_rep5,mp6_rep5,G-W-A,0.05,2,1,0.00010061264038085938,20,0.9,3.260820318125184,3.260820318125184,3.9196575025841156,1.0,0.7713302352737065,0.2730497998776361,0.7401238435731189
corn_starch,mp6_rep5,mp6_rep5,G-W-A,0.1,2,1,7.2479248046875e-05,20,0.9,2.8022669847238006,2.8022669847238006,3.5902389103546497,1.0,0.7713302352737065,0.2730497998776361,0.7401238435731189
corn_starch,mp6_rep5,mp6_rep5,G-W-A,0.2,2,1,8.0108642578125e-05,20,0.9,2.355920718129397,2.355920718129397,2.9730798142420234,1.0,0.7713302352737065,0.2730497998776361,0.7401238435731189
corn_starch,mp6_rep5,mp6_rep5,G-U-D,0.05,2,1,0.0033164024353027344,20,0.9,3.4625160935924724,3.2253181951000585,4.97091136711403,1.0,0.7713302352737065,0.2730497998776361,0.7401238435731189
corn_starch,mp6_rep5,mp6_rep5,G-U-D,0.1,2,1,0.0005981922149658203,20,0.85,3.009662042407888,2.8034866796557516,4.147693651597697,1.0,0.7713302352737065,0.2730497998776361,0.7401238435731189
corn_starch,mp6_rep5,mp6_rep5,G-U-D,0.2,2,1,0.00043463706970214844,20,0.85,2.442044197533469,2.2747532056583886,3.3519046763184717,1.0,0.7713302352737065,0.2730497998776361,0.7401238435731189
corn_starch,mp6_rep5,mp6_rep5,GC-D,0.05,2,1,0.0004487037658691406,20,0.9,3.4625160935924724,3.2253181951000585,4.97091136711403,1.0,0.7713302352737065,0.2730497998776361,0.7401238435731189
corn_starch,mp6_rep5,mp6_rep5,GC-D,0.1,2,1,0.00038552284240722656,20,0.85,3.009662042407888,2.8034866796557516,4.147693651597697,1.0,0.7713302352737065,0.2730497998776361,0.7401238435731189
corn_starch,mp6_rep5,mp6_rep5,GC-D,0.2,2,1,0.0003814697265625,20,0.85,2.442044197533469,2.2747532056583886,3.3519046763184717,1.0,0.7713302352737065,0.2730497998776361,0.7401238435731189
corn_starch,mp6_rep5,mp6_rep5,GC-D+,0.05,2,1,0.0004105567932128906,20,1.0,inf,inf,inf,0.0,0.7713302352737065,0.2730497998776361,0.7401238435731189
corn_starch,mp6_rep5,mp6_rep5,GC-D+,0.1,2,1,0.00039768218994140625,20,1.0,inf,inf,inf,0.0,0.7713302352737065,0.2730497998776361,0.7401238435731189
corn_starch,mp6_rep5,mp6_rep5,GC-D+,0.2,2,1,0.0005035400390625,20,1.0,inf,inf,inf,0.0,0.7713302352737065,0.2730497998776361,0.7401238435731189
corn_starch,mp6_rep5,mp6_rep5,HJ+,0.05,2,1,0.0016341209411621094,20,1.0,inf,inf,inf,0.0,0.7713302352737065,0.2730497998776361,0.7401238435731189
corn_starch,mp6_rep5,mp6_rep5,HJ+,0.1,2,1,0.0003829002380371094,20,1.0,inf,inf,inf,0.0,0.7713302352737065,0.2730497998776361,0.7401238435731189
corn_starch,mp6_rep5,mp6_rep5,HJ+,0.2,2,1,0.00035643577575683594,20,1.0,inf,inf,inf,0.0,0.7713302352737065,0.2730497998776361,0.7401238435731189
corn_starch,mp6_rep5,mp6_rep5,HJ+-D,0.05,2,1,0.0023603439331054688,20,1.0,inf,inf,inf,0.0,0.7713302352737065,0.2730497998776361,0.7401238435731189
corn_starch,mp6_rep5,mp6_rep5,HJ+-D,0.1,2,1,0.0030541419982910156,20,1.0,inf,inf,inf,0.0,0.7713302352737065,0.2730497998776361,0.7401238435731189
corn_starch,mp6_rep5,mp6_rep5,HJ+-D,0.2,2,1,0.0021114349365234375,20,1.0,inf,inf,inf,0.0,0.7713302352737065,0.2730497998776361,0.7401238435731189
corn_starch,mp6_rep5,mp6_rep5,HCP-D,0.05,2,1,0.0002605915069580078,20,1.0,inf,inf,inf,0.0,0.7713302352737065,0.2730497998776361,0.7401238435731189
corn_starch,mp6_rep5,mp6_rep5,HCP-D,0.1,2,1,0.0001552104949951172,20,1.0,inf,inf,inf,0.0,0.7713302352737065,0.2730497998776361,0.7401238435731189
corn_starch,mp6_rep5,mp6_rep5,HCP-D,0.2,2,1,0.00033736228942871094,20,1.0,inf,inf,inf,0.0,0.7713302352737065,0.2730497998776361,0.7401238435731189
corn_starch,mp6_rep5,mp6_rep5,HCP-A,0.05,2,1,0.0002586841583251953,20,1.0,inf,inf,inf,0.0,0.7713302352737065,0.2730497998776361,0.7401238435731189
corn_starch,mp6_rep5,mp6_rep5,HCP-A,0.1,2,1,0.0001697540283203125,20,1.0,inf,inf,inf,0.0,0.7713302352737065,0.2730497998776361,0.7401238435731189
corn_starch,mp6_rep5,mp6_rep5,HCP-A,0.2,2,1,0.00016880035400390625,20,1.0,inf,inf,inf,0.0,0.7713302352737065,0.2730497998776361,0.7401238435731189
corn_starch,mp6_rep5,mp6_rep5,ORACLE,0.05,2,1,0.00011897087097167969,20,1.0,inf,inf,inf,0.0,0.7713302352737065,0.2730497998776361,0.7401238435731189
corn_starch,mp6_rep5,mp6_rep5,ORACLE,0.1,2,1,9.441375732421875e-05,20,0.85,2.895510260281611,2.895510260281611,4.611726402418093,1.0,0.7713302352737065,0.2730497998776361,0.7401238435731189
corn_starch,mp6_rep5,mp6_rep5,ORACLE,0.2,2,1,0.00010609626770019531,20,0.75,2.349541922860091,2.3495419228600873,3.8363683360253757,1.0,0.7713302352737065,0.2730497998776361,0.7401238435731189
corn_starch,mp6_rep6,mp6_rep6,ASTM-R,0.05,2,2,0.02043747901916504,20,0.9,2.066867592164725,2.0625441833426237,3.708036317003659,1.0,0.7309695723201772,0.3416702551223487,0.6629899994661917
corn_starch,mp6_rep6,mp6_rep6,ASTM-R,0.1,2,2,0.00021648406982421875,20,0.75,1.7303303359686457,1.7267108852268365,3.14218165241271,1.0,0.7309695723201772,0.3416702551223487,0.6629899994661917
corn_starch,mp6_rep6,mp6_rep6,ASTM-R,0.2,2,2,0.0001220703125,20,0.55,1.3450693190031964,1.3422557451767148,2.7366972260311138,1.0,0.7309695723201772,0.3416702551223487,0.6629899994661917
corn_starch,mp6_rep6,mp6_rep6,ASTM-G,0.05,2,2,0.00011229515075683594,20,0.95,2.326314823576118,2.321448711170376,3.6465399674949652,1.0,0.7309695723201772,0.3416702551223487,0.6629899994661917
corn_starch,mp6_rep6,mp6_rep6,ASTM-G,0.1,2,2,9.679794311523438e-05,20,0.85,1.9475331296048033,1.9434593408697225,2.921577590926521,1.0,0.7309695723201772,0.3416702551223487,0.6629899994661917
corn_starch,mp6_rep6,mp6_rep6,ASTM-G,0.2,2,2,0.000152587890625,20,0.6,1.5139115381152117,1.5107447854288836,2.5648802497085534,1.0,0.7309695723201772,0.3416702551223487,0.6629899994661917
corn_starch,mp6_rep6,mp6_rep6,GPR,0.05,2,2,0.03868460655212402,20,0.85,1.8736497175636835,1.851506856328779,4.131005567986012,1.0,0.7309695723201772,0.3416702551223487,0.6629899994661917
corn_starch,mp6_rep6,mp6_rep6,GPR,0.1,2,2,0.00010395050048828125,20,0.7,1.5724164106487155,1.5538335357078417,3.394849942275316,1.0,0.7309695723201772,0.3416702551223487,0.6629899994661917
corn_starch,mp6_rep6,mp6_rep6,GPR,0.2,2,2,9.036064147949219e-05,20,0.7,1.2251136999282288,1.2106352611890117,2.653285415376419,1.0,0.7309695723201772,0.3416702551223487,0.6629899994661917
corn_starch,mp6_rep6,mp6_rep6,BAG,0.05,2,2,0.02393960952758789,20,0.95,2.525500157944332,2.504117182151788,3.845537903622197,1.0,0.7309695723201772,0.3416702551223487,0.6629899994661917
corn_starch,mp6_rep6,mp6_rep6,BAG,0.1,2,2,0.00010323524475097656,20,0.9,2.1194665450120933,2.10152138603733,3.067764617803105,1.0,0.7309695723201772,0.3416702551223487,0.6629899994661917
corn_starch,mp6_rep6,mp6_rep6,BAG,0.2,2,2,0.00011515617370605469,20,0.7,1.6513357932728656,1.637354216917842,2.5501181436309093,1.0,0.7309695723201772,0.3416702551223487,0.6629899994661917
corn_starch,mp6_rep6,mp6_rep6,QGB,0.05,2,2,0.030923128128051758,20,0.8,1.5162414759705036,1.4669030907767961,5.81507215486579,1.0,0.7309695723201772,0.3416702551223487,0.6629899994661917
corn_starch,mp6_rep6,mp6_rep6,QGB,0.1,2,2,0.02686333656311035,20,0.75,1.2929082805391618,1.2675046605315288,3.8365924311625745,1.0,0.7309695723201772,0.3416702551223487,0.6629899994661917
corn_starch,mp6_rep6,mp6_rep6,QGB,0.2,2,2,0.026828289031982422,20,0.7,1.023260873841582,1.0101274785319987,2.6355512469392997,1.0,0.7309695723201772,0.3416702551223487,0.6629899994661917
corn_starch,mp6_rep6,mp6_rep6,SCP,0.05,2,2,2.5987625122070312e-05,20,0.9,2.5610296133720567,2.5610296133720567,3.390549358587023,1.0,0.7309695723201772,0.3416702551223487,0.6629899994661917
corn_starch,mp6_rep6,mp6_rep6,SCP,0.1,2,2,1.0728836059570312e-05,20,0.9,2.230975932101728,2.230975932101728,2.97578948597954,1.0,0.7309695723201772,0.3416702551223487,0.6629899994661917
corn_starch,mp6_rep6,mp6_rep6,SCP,0.2,2,2,8.58306884765625e-06,20,0.85,1.6907589904047597,1.6907589904047597,2.3537367463088543,1.0,0.7309695723201772,0.3416702551223487,0.6629899994661917
corn_starch,mp6_rep6,mp6_rep6,NCP-kNN,0.05,2,2,0.0053708553314208984,20,0.9,2.537759391977557,2.503012033423346,3.3039100212452843,1.0,0.7309695723201772,0.3416702551223487,0.6629899994661917
corn_starch,mp6_rep6,mp6_rep6,NCP-kNN,0.1,2,2,1.7404556274414062e-05,20,0.9,2.2903856613221807,2.259025378683493,2.9261915457320287,1.0,0.7309695723201772,0.3416702551223487,0.6629899994661917
corn_starch,mp6_rep6,mp6_rep6,NCP-kNN,0.2,2,2,1.3828277587890625e-05,20,0.8,1.6441090137458279,1.6215976418705296,2.3056475678856803,1.0,0.7309695723201772,0.3416702551223487,0.6629899994661917
corn_starch,mp6_rep6,mp6_rep6,CV+,0.05,2,2,0.0049207210540771484,20,0.9,2.09722439952498,2.1051398803133097,3.6836749935530735,1.0,0.7309695723201772,0.3416702551223487,0.6629899994661917
corn_starch,mp6_rep6,mp6_rep6,CV+,0.1,2,2,0.00442194938659668,20,0.8,1.8234395562498584,1.839886274739115,2.8799266154103895,1.0,0.7309695723201772,0.3416702551223487,0.6629899994661917
corn_starch,mp6_rep6,mp6_rep6,CV+,0.2,2,2,0.004677534103393555,20,0.55,1.4422008502845762,1.4145959274405726,2.673306352500377,1.0,0.7309695723201772,0.3416702551223487,0.6629899994661917
corn_starch,mp6_rep6,mp6_rep6,CQR,0.05,2,2,2.5272369384765625e-05,20,0.85,2.1060511400231414,2.0567127548294337,4.419235237688498,1.0,0.7309695723201772,0.3416702551223487,0.6629899994661917
corn_starch,mp6_rep6,mp6_rep6,CQR,0.1,2,2,1.3113021850585938e-05,20,0.85,1.8721004895043012,1.8466968694966681,3.2404573715632408,1.0,0.7309695723201772,0.3416702551223487,0.6629899994661917
corn_starch,mp6_rep6,mp6_rep6,CQR,0.2,2,2,1.1444091796875e-05,20,0.85,1.7570050114559195,1.7438716161463361,2.4349758103105748,1.0,0.7309695723201772,0.3416702551223487,0.6629899994661917
corn_starch,mp6_rep6,mp6_rep6,WCP,0.05,2,2,0.0029845237731933594,20,0.95,inf,inf,inf,0.3,0.7309695723201772,0.3416702551223487,0.6629899994661917
corn_starch,mp6_rep6,mp6_rep6,WCP,0.1,2,2,0.00011849403381347656,20,0.9,inf,2.2911360937343375,inf,0.65,0.7309695723201772,0.3416702551223487,0.6629899994661917
corn_starch,mp6_rep6,mp6_rep6,WCP,0.2,2,2,8.368492126464844e-05,20,0.8,inf,1.6027190362787849,inf,0.95,0.7309695723201772,0.3416702551223487,0.6629899994661917
corn_starch,mp6_rep6,mp6_rep6,R-U-A,0.05,2,2,5.1975250244140625e-05,20,0.85,1.934543710306741,1.934543710306741,3.8936776582475545,1.0,0.7309695723201772,0.3416702551223487,0.6629899994661917
corn_starch,mp6_rep6,mp6_rep6,R-U-A,0.1,2,2,3.314018249511719e-05,20,0.7,1.6488272751230966,1.6488272751230966,3.2765935473559864,1.0,0.7309695723201772,0.3416702551223487,0.6629899994661917
corn_starch,mp6_rep6,mp6_rep6,R-U-A,0.2,2,2,3.314018249511719e-05,20,0.55,1.2810745171566964,1.2810745171566964,2.8171607803505125,1.0,0.7309695723201772,0.3416702551223487,0.6629899994661917
corn_starch,mp6_rep6,mp6_rep6,R-U-D,0.05,2,2,0.0028514862060546875,20,0.7,1.764070588010394,1.7901931414029946,4.19990066285177,1.0,0.7309695723201772,0.3416702551223487,0.6629899994661917
corn_starch,mp6_rep6,mp6_rep6,R-U-D,0.1,2,2,0.00040078163146972656,20,0.6,1.4260966102324903,1.4472144073869693,3.8775543296630617,1.0,0.7309695723201772,0.3416702551223487,0.6629899994661917
corn_starch,mp6_rep6,mp6_rep6,R-U-D,0.2,2,2,0.0003426074981689453,20,0.5,1.162927903117452,1.1801486687984948,2.979558462761811,1.0,0.7309695723201772,0.3416702551223487,0.6629899994661917
corn_starch,mp6_rep6,mp6_rep6,G-U-A,0.05,2,2,4.124641418457031e-05,20,0.9,2.0842162753185574,2.0842162753185605,3.651570029723435,1.0,0.7309695723201772,0.3416702551223487,0.6629899994661917
corn_starch,mp6_rep6,mp6_rep6,G-U-A,0.1,2,2,3.4809112548828125e-05,20,0.8,1.8677804010225814,1.8677804010225785,2.9556193825293304,1.0,0.7309695723201772,0.3416702551223487,0.6629899994661917
corn_starch,mp6_rep6,mp6_rep6,G-U-A,0.2,2,2,3.4809112548828125e-05,20,0.6,1.442262251238958,1.442262251238958,2.6377682526459516,1.0,0.7309695723201772,0.3416702551223487,0.6629899994661917
corn_starch,mp6_rep6,mp6_rep6,G-W-A,0.05,2,2,0.00010085105895996094,20,0.9,2.0842162753185574,2.0842162753185605,3.651570029723435,1.0,0.7309695723201772,0.3416702551223487,0.6629899994661917
corn_starch,mp6_rep6,mp6_rep6,G-W-A,0.1,2,2,7.343292236328125e-05,20,0.8,1.8677804010225814,1.8677804010225785,2.9556193825293304,1.0,0.7309695723201772,0.3416702551223487,0.6629899994661917
corn_starch,mp6_rep6,mp6_rep6,G-W-A,0.2,2,2,6.747245788574219e-05,20,0.6,1.442262251238958,1.442262251238958,2.6377682526459516,1.0,0.7309695723201772,0.3416702551223487,0.6629899994661917
corn_starch,mp6_rep6,mp6_rep6,G-U-D,0.05,2,2,0.003200054168701172,20,0.95,2.498390159396269,2.5486117353359816,3.252707483381844,1.0,0.7309695723201772,0.3416702551223487,0.6629899994661917
corn_starch,mp6_rep6,mp6_rep6,G-U-D,0.1,2,2,0.0004012584686279297,20,0.9,2.087182074314584,2.1291377202936417,2.728108005541558,1.0,0.7309695723201772,0.3416702551223487,0.6629899994661917
corn_starch,mp6_rep6,mp6_rep6,G-U-D,0.2,2,2,0.00037860870361328125,20,0.65,1.6848237408308262,1.7186913507903547,2.4150247108713896,1.0,0.7309695723201772,0.3416702551223487,0.6629899994661917
corn_starch,mp6_rep6,mp6_rep6,GC-D,0.05,2,2,0.0003991127014160156,20,0.95,2.498390159396269,2.5486117353359816,3.252707483381844,1.0,0.7309695723201772,0.3416702551223487,0.6629899994661917
corn_starch,mp6_rep6,mp6_rep6,GC-D,0.1,2,2,0.0004119873046875,20,0.9,2.087182074314584,2.1291377202936417,2.728108005541558,1.0,0.7309695723201772,0.3416702551223487,0.6629899994661917
corn_starch,mp6_rep6,mp6_rep6,GC-D,0.2,2,2,0.0004048347473144531,20,0.65,1.6848237408308262,1.7186913507903547,2.4150247108713896,1.0,0.7309695723201772,0.3416702551223487,0.6629899994661917
corn_starch,mp6_rep6,mp6_rep6,GC-D+,0.05,2,2,0.00039887428283691406,20,1.0,inf,inf,inf,0.0,0.7309695723201772,0.3416702551223487,0.6629899994661917
corn_starch,mp6_rep6,mp6_rep6,GC-D+,0.1,2,2,0.00037169456481933594,20,1.0,inf,inf,inf,0.0,0.7309695723201772,0.3416702551223487,0.6629899994661917
corn_starch,mp6_rep6,mp6_rep6,GC-D+,0.2,2,2,0.0003838539123535156,20,1.0,inf,inf,inf,0.0,0.7309695723201772,0.3416702551223487,0.6629899994661917
corn_starch,mp6_rep6,mp6_rep6,HJ+,0.05,2,2,0.0013630390167236328,20,1.0,inf,inf,inf,0.0,0.7309695723201772,0.3416702551223487,0.6629899994661917
corn_starch,mp6_rep6,mp6_rep6,HJ+,0.1,2,2,0.00042724609375,20,1.0,inf,inf,inf,0.0,0.7309695723201772,0.3416702551223487,0.6629899994661917
corn_starch,mp6_rep6,mp6_rep6,HJ+,0.2,2,2,0.0003771781921386719,20,1.0,inf,inf,inf,0.0,0.7309695723201772,0.3416702551223487,0.6629899994661917
corn_starch,mp6_rep6,mp6_rep6,HJ+-D,0.05,2,2,0.002465486526489258,20,1.0,inf,inf,inf,0.0,0.7309695723201772,0.3416702551223487,0.6629899994661917
corn_starch,mp6_rep6,mp6_rep6,HJ+-D,0.1,2,2,0.002163410186767578,20,1.0,inf,inf,inf,0.0,0.7309695723201772,0.3416702551223487,0.6629899994661917
corn_starch,mp6_rep6,mp6_rep6,HJ+-D,0.2,2,2,0.002011537551879883,20,1.0,inf,inf,inf,0.0,0.7309695723201772,0.3416702551223487,0.6629899994661917
corn_starch,mp6_rep6,mp6_rep6,HCP-D,0.05,2,2,0.00030612945556640625,20,1.0,inf,inf,inf,0.0,0.7309695723201772,0.3416702551223487,0.6629899994661917
corn_starch,mp6_rep6,mp6_rep6,HCP-D,0.1,2,2,0.00016260147094726562,20,1.0,inf,inf,inf,0.0,0.7309695723201772,0.3416702551223487,0.6629899994661917
corn_starch,mp6_rep6,mp6_rep6,HCP-D,0.2,2,2,0.0001728534698486328,20,1.0,inf,inf,inf,0.0,0.7309695723201772,0.3416702551223487,0.6629899994661917
corn_starch,mp6_rep6,mp6_rep6,HCP-A,0.05,2,2,0.00013756752014160156,20,1.0,inf,inf,inf,0.0,0.7309695723201772,0.3416702551223487,0.6629899994661917
corn_starch,mp6_rep6,mp6_rep6,HCP-A,0.1,2,2,0.00013208389282226562,20,1.0,inf,inf,inf,0.0,0.7309695723201772,0.3416702551223487,0.6629899994661917
corn_starch,mp6_rep6,mp6_rep6,HCP-A,0.2,2,2,0.000125885009765625,20,1.0,inf,inf,inf,0.0,0.7309695723201772,0.3416702551223487,0.6629899994661917
corn_starch,mp6_rep6,mp6_rep6,ORACLE,0.05,2,2,0.00010824203491210938,20,1.0,inf,inf,inf,0.0,0.7309695723201772,0.3416702551223487,0.6629899994661917
corn_starch,mp6_rep6,mp6_rep6,ORACLE,0.1,2,2,9.799003601074219e-05,20,0.9,2.8266398314572654,2.826639831457257,3.6675542101592042,1.0,0.7309695723201772,0.3416702551223487,0.6629899994661917
corn_starch,mp6_rep6,mp6_rep6,ORACLE,0.2,2,2,9.560585021972656e-05,20,0.8,1.9003184927337369,1.9003184927337315,2.5667583861788525,1.0,0.7309695723201772,0.3416702551223487,0.6629899994661917
corn_starch,mp6_rep7,mp6_rep7,ASTM-R,0.05,2,2,0.02515244483947754,20,0.95,2.2743020408632884,2.2704256628461117,2.3745228034891266,1.0,0.7103675493824168,0.573940218492195,0.42946071545444525
corn_starch,mp6_rep7,mp6_rep7,ASTM-R,0.1,2,2,0.00013947486877441406,20,0.85,1.9039893166739064,1.9007441090455934,2.361215245617855,1.0,0.7103675493824168,0.573940218492195,0.42946071545444525
corn_starch,mp6_rep7,mp6_rep7,ASTM-R,0.2,2,2,0.0001010894775390625,20,0.45,1.4800628298146747,1.4775401732306115,2.395429786942974,1.0,0.7103675493824168,0.573940218492195,0.42946071545444525
corn_starch,mp6_rep7,mp6_rep7,ASTM-G,0.05,2,2,0.00010824203491210938,20,1.0,2.9030714429619313,2.8981233744461328,2.9030714429619313,1.0,0.7103675493824168,0.573940218492195,0.42946071545444525
corn_starch,mp6_rep7,mp6_rep7,ASTM-G,0.1,2,2,0.00013327598571777344,20,1.0,2.4303794806614576,2.4262370803017,2.4303794806614576,1.0,0.7103675493824168,0.573940218492195,0.42946071545444525
corn_starch,mp6_rep7,mp6_rep7,ASTM-G,0.2,2,2,9.083747863769531e-05,20,0.85,1.889251320987007,1.8860312331719236,2.1289056563956836,1.0,0.7103675493824168,0.573940218492195,0.42946071545444525
corn_starch,mp6_rep7,mp6_rep7,GPR,0.05,2,2,0.04076743125915527,20,0.8,1.904839827293247,1.8811794319726616,2.8255408353449836,1.0,0.7103675493824168,0.573940218492195,0.42946071545444525
corn_starch,mp6_rep7,mp6_rep7,GPR,0.1,2,2,0.00014710426330566406,20,0.65,1.598591975872543,1.578735546180397,2.9728254506627736,1.0,0.7103675493824168,0.573940218492195,0.42946071545444525
corn_starch,mp6_rep7,mp6_rep7,GPR,0.2,2,2,8.440017700195312e-05,20,0.5,1.245507816487875,1.2300371155445546,2.709285929910449,1.0,0.7103675493824168,0.573940218492195,0.42946071545444525
corn_starch,mp6_rep7,mp6_rep7,BAG,0.05,2,2,0.022691726684570312,20,1.0,2.6315552758883873,2.6187044195064004,2.6315552758883873,1.0,0.7103675493824168,0.573940218492195,0.42946071545444525
corn_starch,mp6_rep7,mp6_rep7,BAG,0.1,2,2,8.869171142578125e-05,20,0.9,2.2084708056939517,2.197686027046956,2.3275612407371282,1.0,0.7103675493824168,0.573940218492195,0.42946071545444525
corn_starch,mp6_rep7,mp6_rep7,BAG,0.2,2,2,0.00011944770812988281,20,0.55,1.720681507534609,1.7122787841964104,2.4710710266170377,1.0,0.7103675493824168,0.573940218492195,0.42946071545444525
corn_starch,mp6_rep7,mp6_rep7,QGB,0.05,2,2,0.032199859619140625,20,0.45,1.2014428637797512,1.084572308064974,8.99820123992966,1.0,0.7103675493824168,0.573940218492195,0.42946071545444525
corn_starch,mp6_rep7,mp6_rep7,QGB,0.1,2,2,0.030088186264038086,20,0.45,1.036684947555213,0.8731450201615303,5.766186792188674,1.0,0.7103675493824168,0.573940218492195,0.42946071545444525
corn_starch,mp6_rep7,mp6_rep7,QGB,0.2,2,2,0.0301361083984375,20,0.3,0.9086603536693737,0.8648714769882737,3.7424507522436143,1.0,0.7103675493824168,0.573940218492195,0.42946071545444525
corn_starch,mp6_rep7,mp6_rep7,SCP,0.05,2,2,2.574920654296875e-05,20,0.85,2.1515503414182717,2.1515503414182717,2.942862735863997,1.0,0.7103675493824168,0.573940218492195,0.42946071545444525
corn_starch,mp6_rep7,mp6_rep7,SCP,0.1,2,2,1.049041748046875e-05,20,0.85,1.8797955210827126,1.8797955210827126,2.683083948808914,1.0,0.7103675493824168,0.573940218492195,0.42946071545444525
corn_starch,mp6_rep7,mp6_rep7,SCP,0.2,2,2,1.0013580322265625e-05,20,0.6,1.6679798593714565,1.6679798593714565,2.4111201467002985,1.0,0.7103675493824168,0.573940218492195,0.42946071545444525
corn_starch,mp6_rep7,mp6_rep7,NCP-kNN,0.05,2,2,0.0061109066009521484,20,0.65,1.6925450024822652,1.6457707251068925,4.4760174022378605,1.0,0.7103675493824168,0.573940218492195,0.42946071545444525
corn_starch,mp6_rep7,mp6_rep7,NCP-kNN,0.1,2,2,2.9325485229492188e-05,20,0.55,1.4983438345964384,1.4569363978545482,3.7292953367991246,1.0,0.7103675493824168,0.573940218492195,0.42946071545444525
corn_starch,mp6_rep7,mp6_rep7,NCP-kNN,0.2,2,2,1.52587890625e-05,20,0.5,1.1926042836963504,1.1596461032740493,3.010395809229741,1.0,0.7103675493824168,0.573940218492195,0.42946071545444525
corn_starch,mp6_rep7,mp6_rep7,CV+,0.05,2,2,0.005771160125732422,20,1.0,2.413308840220686,2.426346058152646,2.413308840220686,1.0,0.7103675493824168,0.573940218492195,0.42946071545444525
corn_starch,mp6_rep7,mp6_rep7,CV+,0.1,2,2,0.004783153533935547,20,0.9,2.0554853794269725,2.018860697700731,2.2080454950043524,1.0,0.7103675493824168,0.573940218492195,0.42946071545444525
corn_starch,mp6_rep7,mp6_rep7,CV+,0.2,2,2,0.0048351287841796875,20,0.5,1.5604515572421787,1.5595223296668337,2.2867960887842114,1.0,0.7103675493824168,0.573940218492195,0.42946071545444525
corn_starch,mp6_rep7,mp6_rep7,CQR,0.05,2,2,2.7179718017578125e-05,20,0.8,2.055317238427155,1.938446682712378,4.021041990463108,1.0,0.7103675493824168,0.573940218492195,0.42946071545444525
corn_starch,mp6_rep7,mp6_rep7,CQR,0.1,2,2,4.1484832763671875e-05,20,0.7,1.5835912280841427,1.42005130069046,4.192351855589817,1.0,0.7103675493824168,0.573940218492195,0.42946071545444525
corn_starch,mp6_rep7,mp6_rep7,CQR,0.2,2,2,1.1682510375976562e-05,20,0.6,1.366254055777032,1.322465179095932,2.9915344509078436,1.0,0.7103675493824168,0.573940218492195,0.42946071545444525
corn_starch,mp6_rep7,mp6_rep7,WCP,0.05,2,2,0.0026977062225341797,20,0.75,inf,inf,inf,0.3,0.7103675493824168,0.573940218492195,0.42946071545444525
corn_starch,mp6_rep7,mp6_rep7,WCP,0.1,2,2,0.0001201629638671875,20,0.55,inf,1.4609720836661069,inf,0.85,0.7103675493824168,0.573940218492195,0.42946071545444525
corn_starch,mp6_rep7,mp6_rep7,WCP,0.2,2,2,7.748603820800781e-05,20,0.4,0.9441600226444319,0.9241487513583877,3.665010348325602,1.0,0.7103675493824168,0.573940218492195,0.42946071545444525
corn_starch,mp6_rep7,mp6_rep7,R-U-A,0.05,2,2,5.173683166503906e-05,20,0.9,2.103637206771935,2.1036372067719356,2.4488160348968644,1.0,0.7103675493824168,0.573940218492195,0.42946071545444525
corn_starch,mp6_rep7,mp6_rep7,R-U-A,0.1,2,2,3.361701965332031e-05,20,0.85,1.880196576441818,1.8801965764418185,2.3699785644869276,1.0,0.7103675493824168,0.573940218492195,0.42946071545444525
corn_starch,mp6_rep7,mp6_rep7,R-U-A,0.2,2,2,3.218650817871094e-05,20,0.45,1.4489663393113692,1.4489663393113688,2.449060723420964,1.0,0.7103675493824168,0.573940218492195,0.42946071545444525
corn_starch,mp6_rep7,mp6_rep7,R-U-D,0.05,2,2,0.0029344558715820312,20,0.85,2.0441985136108416,2.045475555912901,2.517632754330468,1.0,0.7103675493824168,0.573940218492195,0.42946071545444525
corn_starch,mp6_rep7,mp6_rep7,R-U-D,0.1,2,2,0.0004942417144775391,20,0.85,1.864115208605406,1.8652797500926717,2.3715794087555304,1.0,0.7103675493824168,0.573940218492195,0.42946071545444525
corn_starch,mp6_rep7,mp6_rep7,R-U-D,0.2,2,2,0.0004284381866455078,20,0.45,1.423625235949217,1.424514596564876,2.4894987151826697,1.0,0.7103675493824168,0.573940218492195,0.42946071545444525
corn_starch,mp6_rep7,mp6_rep7,G-U-A,0.05,2,2,6.175041198730469e-05,20,1.0,2.8244833386351895,2.82448333863519,2.8244833386351895,1.0,0.7103675493824168,0.573940218492195,0.42946071545444525
corn_starch,mp6_rep7,mp6_rep7,G-U-A,0.1,2,2,3.7670135498046875e-05,20,1.0,2.5207151790725955,2.520715179072596,2.5207151790725955,1.0,0.7103675493824168,0.573940218492195,0.42946071545444525
corn_starch,mp6_rep7,mp6_rep7,G-U-A,0.2,2,2,3.266334533691406e-05,20,0.85,1.864599644663429,1.8645996446634285,2.121188337519776,1.0,0.7103675493824168,0.573940218492195,0.42946071545444525
corn_starch,mp6_rep7,mp6_rep7,G-W-A,0.05,2,2,0.000102996826171875,20,1.0,2.8244833386351895,2.82448333863519,2.8244833386351895,1.0,0.7103675493824168,0.573940218492195,0.42946071545444525
corn_starch,mp6_rep7,mp6_rep7,G-W-A,0.1,2,2,0.00010728836059570312,20,1.0,2.5207151790725955,2.520715179072596,2.5207151790725955,1.0,0.7103675493824168,0.573940218492195,0.42946071545444525
corn_starch,mp6_rep7,mp6_rep7,G-W-A,0.2,2,2,7.390975952148438e-05,20,0.85,1.864599644663429,1.8645996446634285,2.121188337519776,1.0,0.7103675493824168,0.573940218492195,0.42946071545444525
corn_starch,mp6_rep7,mp6_rep7,G-U-D,0.05,2,2,0.0035889148712158203,20,1.0,3.3161240895083353,3.2094954925461963,3.3161240895083353,1.0,0.7103675493824168,0.573940218492195,0.42946071545444525
corn_starch,mp6_rep7,mp6_rep7,G-U-D,0.1,2,2,0.0005021095275878906,20,1.0,2.9494867906739555,2.8546472642391763,2.9494867906739555,1.0,0.7103675493824168,0.573940218492195,0.42946071545444525
corn_starch,mp6_rep7,mp6_rep7,G-U-D,0.2,2,2,0.0004601478576660156,20,0.95,2.1612397839213844,2.0917460135925268,2.1904273036540505,1.0,0.7103675493824168,0.573940218492195,0.42946071545444525
corn_starch,mp6_rep7,mp6_rep7,GC-D,0.05,2,2,0.0004856586456298828,20,1.0,3.3161240895083353,3.2094954925461963,3.3161240895083353,1.0,0.7103675493824168,0.573940218492195,0.42946071545444525
corn_starch,mp6_rep7,mp6_rep7,GC-D,0.1,2,2,0.0005426406860351562,20,1.0,2.9494867906739555,2.8546472642391763,2.9494867906739555,1.0,0.7103675493824168,0.573940218492195,0.42946071545444525
corn_starch,mp6_rep7,mp6_rep7,GC-D,0.2,2,2,0.0004811286926269531,20,0.95,2.1612397839213844,2.0917460135925268,2.1904273036540505,1.0,0.7103675493824168,0.573940218492195,0.42946071545444525
corn_starch,mp6_rep7,mp6_rep7,GC-D+,0.05,2,2,0.00042438507080078125,20,1.0,inf,inf,inf,0.0,0.7103675493824168,0.573940218492195,0.42946071545444525
corn_starch,mp6_rep7,mp6_rep7,GC-D+,0.1,2,2,0.0004055500030517578,20,1.0,inf,inf,inf,0.0,0.7103675493824168,0.573940218492195,0.42946071545444525
corn_starch,mp6_rep7,mp6_rep7,GC-D+,0.2,2,2,0.0004367828369140625,20,1.0,inf,inf,inf,0.0,0.7103675493824168,0.573940218492195,0.42946071545444525
corn_starch,mp6_rep7,mp6_rep7,HJ+,0.05,2,2,0.0014977455139160156,20,1.0,inf,inf,inf,0.0,0.7103675493824168,0.573940218492195,0.42946071545444525
corn_starch,mp6_rep7,mp6_rep7,HJ+,0.1,2,2,0.0004215240478515625,20,1.0,inf,inf,inf,0.0,0.7103675493824168,0.573940218492195,0.42946071545444525
corn_starch,mp6_rep7,mp6_rep7,HJ+,0.2,2,2,0.0004305839538574219,20,1.0,inf,inf,inf,0.0,0.7103675493824168,0.573940218492195,0.42946071545444525
corn_starch,mp6_rep7,mp6_rep7,HJ+-D,0.05,2,2,0.0024542808532714844,20,1.0,inf,inf,inf,0.0,0.7103675493824168,0.573940218492195,0.42946071545444525
corn_starch,mp6_rep7,mp6_rep7,HJ+-D,0.1,2,2,0.0021545886993408203,20,1.0,inf,inf,inf,0.0,0.7103675493824168,0.573940218492195,0.42946071545444525
corn_starch,mp6_rep7,mp6_rep7,HJ+-D,0.2,2,2,0.002073049545288086,20,1.0,inf,inf,inf,0.0,0.7103675493824168,0.573940218492195,0.42946071545444525
corn_starch,mp6_rep7,mp6_rep7,HCP-D,0.05,2,2,0.000255584716796875,20,1.0,inf,inf,inf,0.0,0.7103675493824168,0.573940218492195,0.42946071545444525
corn_starch,mp6_rep7,mp6_rep7,HCP-D,0.1,2,2,0.00016427040100097656,20,1.0,inf,inf,inf,0.0,0.7103675493824168,0.573940218492195,0.42946071545444525
corn_starch,mp6_rep7,mp6_rep7,HCP-D,0.2,2,2,0.00014400482177734375,20,1.0,inf,inf,inf,0.0,0.7103675493824168,0.573940218492195,0.42946071545444525
corn_starch,mp6_rep7,mp6_rep7,HCP-A,0.05,2,2,0.00017523765563964844,20,1.0,inf,inf,inf,0.0,0.7103675493824168,0.573940218492195,0.42946071545444525
corn_starch,mp6_rep7,mp6_rep7,HCP-A,0.1,2,2,0.000133514404296875,20,1.0,inf,inf,inf,0.0,0.7103675493824168,0.573940218492195,0.42946071545444525
corn_starch,mp6_rep7,mp6_rep7,HCP-A,0.2,2,2,0.00014328956604003906,20,1.0,inf,inf,inf,0.0,0.7103675493824168,0.573940218492195,0.42946071545444525
corn_starch,mp6_rep7,mp6_rep7,ORACLE,0.05,2,2,0.00010967254638671875,20,1.0,inf,inf,inf,0.0,0.7103675493824168,0.573940218492195,0.42946071545444525
corn_starch,mp6_rep7,mp6_rep7,ORACLE,0.1,2,2,0.00011658668518066406,20,0.95,2.276226620834401,2.2762266208344073,2.3914034771596926,1.0,0.7103675493824168,0.573940218492195,0.42946071545444525
corn_starch,mp6_rep7,mp6_rep7,ORACLE,0.2,2,2,8.988380432128906e-05,20,0.85,1.9486293125938148,1.948629312593809,2.171963542290636,1.0,0.7103675493824168,0.573940218492195,0.42946071545444525
corn_starch,mp6_rep8,mp6_rep8,ASTM-R,0.05,2,2,0.014288663864135742,20,0.95,2.5016102336433605,2.496841855834834,3.3785323056189456,1.0,0.5669048420269724,0.15653895315027277,0.5590185535573114
corn_starch,mp6_rep8,mp6_rep8,ASTM-R,0.1,2,2,0.00012755393981933594,20,0.95,2.094286103498857,2.0902941357469196,2.734398270066099,1.0,0.5669048420269724,0.15653895315027277,0.5590185535573114
corn_starch,mp6_rep8,mp6_rep8,ASTM-R,0.2,2,2,0.00013637542724609375,20,0.9,1.6279897106780588,1.6248865613926426,2.1501218097755457,1.0,0.5669048420269724,0.15653895315027277,0.5590185535573114
corn_starch,mp6_rep8,mp6_rep8,ASTM-G,0.05,2,2,0.00010657310485839844,20,0.95,3.077799183396923,3.0719325183474133,3.3842215253222925,1.0,0.5669048420269724,0.15653895315027277,0.5590185535573114
corn_starch,mp6_rep8,mp6_rep8,ASTM-G,0.1,2,2,0.00011491775512695312,20,0.95,2.576657215604927,2.5717457889878403,2.9779652630041107,1.0,0.5669048420269724,0.15653895315027277,0.5590185535573114
corn_starch,mp6_rep8,mp6_rep8,ASTM-G,0.2,2,2,9.417533874511719e-05,20,0.95,2.0029600673666983,1.9991421783094268,2.345622224136386,1.0,0.5669048420269724,0.15653895315027277,0.5590185535573114
corn_starch,mp6_rep8,mp6_rep8,GPR,0.05,2,2,0.0325160026550293,20,0.95,1.9132902337491302,1.8979084286448362,3.5460184019020957,1.0,0.5669048420269724,0.15653895315027277,0.5590185535573114
corn_starch,mp6_rep8,mp6_rep8,GPR,0.1,2,2,9.655952453613281e-05,20,0.95,1.605683780527027,1.5927749627556764,2.573006185006772,1.0,0.5669048420269724,0.15653895315027277,0.5590185535573114
corn_starch,mp6_rep8,mp6_rep8,GPR,0.2,2,2,0.00011491775512695312,20,0.9,1.2510332402754862,1.2409756185192649,1.830251852554543,1.0,0.5669048420269724,0.15653895315027277,0.5590185535573114
corn_starch,mp6_rep8,mp6_rep8,BAG,0.05,2,2,0.024681568145751953,20,0.95,2.492605229900912,2.4722420008510646,3.500356723151549,1.0,0.5669048420269724,0.15653895315027277,0.5590185535573114
corn_starch,mp6_rep8,mp6_rep8,BAG,0.1,2,2,0.00015807151794433594,20,0.9,2.0918602511580664,2.0747708906273203,2.8178032654722562,1.0,0.5669048420269724,0.15653895315027277,0.5590185535573114
corn_starch,mp6_rep8,mp6_rep8,BAG,0.2,2,2,9.465217590332031e-05,20,0.75,1.6298269559345027,1.616512156135002,2.2985385414930395,1.0,0.5669048420269724,0.15653895315027277,0.5590185535573114
corn_starch,mp6_rep8,mp6_rep8,QGB,0.05,2,2,0.03271603584289551,20,0.85,1.588677775964327,1.672443865809921,3.1904583816504717,1.0,0.5669048420269724,0.15653895315027277,0.5590185535573114
corn_starch,mp6_rep8,mp6_rep8,QGB,0.1,2,2,0.028348684310913086,20,0.85,1.5080907753126547,1.524642780331451,2.309149212183018,1.0,0.5669048420269724,0.15653895315027277,0.5590185535573114
corn_starch,mp6_rep8,mp6_rep8,QGB,0.2,2,2,0.028612375259399414,20,0.8,1.1866757726178268,1.204788465179913,1.8775483669407205,1.0,0.5669048420269724,0.15653895315027277,0.5590185535573114
corn_starch,mp6_rep8,mp6_rep8,SCP,0.05,2,2,3.457069396972656e-05,20,0.95,2.550426894566499,2.550426894566499,3.232406583002259,1.0,0.5669048420269724,0.15653895315027277,0.5590185535573114
corn_starch,mp6_rep8,mp6_rep8,SCP,0.1,2,2,1.0013580322265625e-05,20,0.9,1.9307187324537836,1.9307187324537836,2.849440909029873,1.0,0.5669048420269724,0.15653895315027277,0.5590185535573114
corn_starch,mp6_rep8,mp6_rep8,SCP,0.2,2,2,9.059906005859375e-06,20,0.9,1.867183744573282,1.867183744573282,2.3583123268015775,1.0,0.5669048420269724,0.15653895315027277,0.5590185535573114
corn_starch,mp6_rep8,mp6_rep8,NCP-kNN,0.05,2,2,0.024337291717529297,20,0.9,2.213326351969453,2.2648448309766245,3.424831784109255,1.0,0.5669048420269724,0.15653895315027277,0.5590185535573114
corn_starch,mp6_rep8,mp6_rep8,NCP-kNN,0.1,2,2,1.8358230590820312e-05,20,0.9,1.9206423218273934,1.9653481425705905,2.823094032202106,1.0,0.5669048420269724,0.15653895315027277,0.5590185535573114
corn_starch,mp6_rep8,mp6_rep8,NCP-kNN,0.2,2,2,1.2636184692382812e-05,20,0.9,1.772301613370478,1.8135545824057822,2.298715272607596,1.0,0.5669048420269724,0.15653895315027277,0.5590185535573114
corn_starch,mp6_rep8,mp6_rep8,CV+,0.05,2,2,0.005134105682373047,20,0.95,2.4848112160752653,2.4681408641672604,3.6467626457619744,1.0,0.5669048420269724,0.15653895315027277,0.5590185535573114
corn_starch,mp6_rep8,mp6_rep8,CV+,0.1,2,2,0.004415988922119141,20,0.9,2.1407482867624217,2.1196710846594016,2.893542545572044,1.0,0.5669048420269724,0.15653895315027277,0.5590185535573114
corn_starch,mp6_rep8,mp6_rep8,CV+,0.2,2,2,0.0045435428619384766,20,0.85,1.7411041648887635,1.7309275250348577,2.311459988463834,1.0,0.5669048420269724,0.15653895315027277,0.5590185535573114
corn_starch,mp6_rep8,mp6_rep8,CQR,0.05,2,2,2.9087066650390625e-05,20,0.95,2.271686690723043,2.355452780568637,3.0467616418692947,1.0,0.5669048420269724,0.15653895315027277,0.5590185535573114
corn_starch,mp6_rep8,mp6_rep8,CQR,0.1,2,2,1.2874603271484375e-05,20,0.95,2.041332703743324,2.0578847087621206,2.493785353933584,1.0,0.5669048420269724,0.15653895315027277,0.5590185535573114
corn_starch,mp6_rep8,mp6_rep8,CQR,0.2,2,2,1.2874603271484375e-05,20,0.9,1.6141237983294392,1.6322364908915254,1.9241273485329895,1.0,0.5669048420269724,0.15653895315027277,0.5590185535573114
corn_starch,mp6_rep8,mp6_rep8,WCP,0.05,2,2,0.0030393600463867188,20,0.95,inf,inf,inf,0.35,0.5669048420269724,0.15653895315027277,0.5590185535573114
corn_starch,mp6_rep8,mp6_rep8,WCP,0.1,2,2,0.00010919570922851562,20,0.95,inf,2.550426894566499,inf,0.55,0.5669048420269724,0.15653895315027277,0.5590185535573114
corn_starch,mp6_rep8,mp6_rep8,WCP,0.2,2,2,8.940696716308594e-05,20,0.95,inf,2.550426894566499,inf,0.85,0.5669048420269724,0.15653895315027277,0.5590185535573114
corn_starch,mp6_rep8,mp6_rep8,R-U-A,0.05,2,2,5.364418029785156e-05,20,0.95,2.322204345037989,2.3222043450379886,3.3538317100288992,1.0,0.5669048420269724,0.15653895315027277,0.5590185535573114
corn_starch,mp6_rep8,mp6_rep8,R-U-A,0.1,2,2,4.601478576660156e-05,20,0.9,1.9844460927873224,1.9844460927873229,2.6702907817125445,1.0,0.5669048420269724,0.15653895315027277,0.5590185535573114
corn_starch,mp6_rep8,mp6_rep8,R-U-A,0.2,2,2,3.2901763916015625e-05,20,0.9,1.5891379938080097,1.5891379938080092,2.1297143877602775,1.0,0.5669048420269724,0.15653895315027277,0.5590185535573114
corn_starch,mp6_rep8,mp6_rep8,R-U-D,0.05,2,2,0.003009319305419922,20,0.95,2.37475364164311,2.3968918024201074,3.86203024240767,1.0,0.5669048420269724,0.15653895315027277,0.5590185535573114
corn_starch,mp6_rep8,mp6_rep8,R-U-D,0.1,2,2,0.0004189014434814453,20,0.95,2.1569090919543634,2.1770164409533237,2.9861602428901812,1.0,0.5669048420269724,0.15653895315027277,0.5590185535573114
corn_starch,mp6_rep8,mp6_rep8,R-U-D,0.2,2,2,0.0005311965942382812,20,0.95,1.7824853447612903,1.7991022040653384,2.2706851371603447,1.0,0.5669048420269724,0.15653895315027277,0.5590185535573114
corn_starch,mp6_rep8,mp6_rep8,G-U-A,0.05,2,2,4.6253204345703125e-05,20,0.95,2.9828150205939887,2.982815020593989,3.3538317100288992,1.0,0.5669048420269724,0.15653895315027277,0.5590185535573114
corn_starch,mp6_rep8,mp6_rep8,G-U-A,0.1,2,2,3.5762786865234375e-05,20,0.95,2.604292504030695,2.6042925040306955,2.979062107029797,1.0,0.5669048420269724,0.15653895315027277,0.5590185535573114
corn_starch,mp6_rep8,mp6_rep8,G-U-A,0.2,2,2,3.314018249511719e-05,20,0.9,1.9103547730931605,1.910354773093161,2.2903227774028525,1.0,0.5669048420269724,0.15653895315027277,0.5590185535573114
corn_starch,mp6_rep8,mp6_rep8,G-W-A,0.05,2,2,0.0001049041748046875,20,0.95,2.9828150205939887,2.982815020593989,3.3538317100288992,1.0,0.5669048420269724,0.15653895315027277,0.5590185535573114
corn_starch,mp6_rep8,mp6_rep8,G-W-A,0.1,2,2,7.534027099609375e-05,20,0.95,2.604292504030695,2.6042925040306955,2.979062107029797,1.0,0.5669048420269724,0.15653895315027277,0.5590185535573114
corn_starch,mp6_rep8,mp6_rep8,G-W-A,0.2,2,2,6.937980651855469e-05,20,0.9,1.9103547730931605,1.910354773093161,2.2903227774028525,1.0,0.5669048420269724,0.15653895315027277,0.5590185535573114
corn_starch,mp6_rep8,mp6_rep8,G-U-D,0.05,2,2,0.0035681724548339844,20,0.95,3.5359885578270367,3.4097178362713407,4.323892367269875,1.0,0.5669048420269724,0.15653895315027277,0.5590185535573114
corn_starch,mp6_rep8,mp6_rep8,G-U-D,0.1,2,2,0.0004267692565917969,20,0.95,3.0720537501658125,2.9623502153982457,3.634335281463079,1.0,0.5669048420269724,0.15653895315027277,0.5590185535573114
corn_starch,mp6_rep8,mp6_rep8,G-U-D,0.2,2,2,0.0004076957702636719,20,0.95,2.2860918193130177,2.204455111827567,2.709818004441416,1.0,0.5669048420269724,0.15653895315027277,0.5590185535573114
corn_starch,mp6_rep8,mp6_rep8,GC-D,0.05,2,2,0.0004706382751464844,20,0.95,3.5359885578270367,3.4097178362713407,4.323892367269875,1.0,0.5669048420269724,0.15653895315027277,0.5590185535573114
corn_starch,mp6_rep8,mp6_rep8,GC-D,0.1,2,2,0.0003859996795654297,20,0.95,3.0720537501658125,2.9623502153982457,3.634335281463079,1.0,0.5669048420269724,0.15653895315027277,0.5590185535573114
corn_starch,mp6_rep8,mp6_rep8,GC-D,0.2,2,2,0.0003833770751953125,20,0.95,2.2860918193130177,2.204455111827567,2.709818004441416,1.0,0.5669048420269724,0.15653895315027277,0.5590185535573114
corn_starch,mp6_rep8,mp6_rep8,GC-D+,0.05,2,2,0.0004048347473144531,20,1.0,inf,inf,inf,0.0,0.5669048420269724,0.15653895315027277,0.5590185535573114
corn_starch,mp6_rep8,mp6_rep8,GC-D+,0.1,2,2,0.0004277229309082031,20,1.0,inf,inf,inf,0.0,0.5669048420269724,0.15653895315027277,0.5590185535573114
corn_starch,mp6_rep8,mp6_rep8,GC-D+,0.2,2,2,0.0003790855407714844,20,1.0,inf,inf,inf,0.0,0.5669048420269724,0.15653895315027277,0.5590185535573114
corn_starch,mp6_rep8,mp6_rep8,HJ+,0.05,2,2,0.0014612674713134766,20,1.0,inf,inf,inf,0.0,0.5669048420269724,0.15653895315027277,0.5590185535573114
corn_starch,mp6_rep8,mp6_rep8,HJ+,0.1,2,2,0.0004115104675292969,20,1.0,inf,inf,inf,0.0,0.5669048420269724,0.15653895315027277,0.5590185535573114
corn_starch,mp6_rep8,mp6_rep8,HJ+,0.2,2,2,0.00036072731018066406,20,1.0,inf,inf,inf,0.0,0.5669048420269724,0.15653895315027277,0.5590185535573114
corn_starch,mp6_rep8,mp6_rep8,HJ+-D,0.05,2,2,0.0023555755615234375,20,1.0,inf,inf,inf,0.0,0.5669048420269724,0.15653895315027277,0.5590185535573114
corn_starch,mp6_rep8,mp6_rep8,HJ+-D,0.1,2,2,0.0020971298217773438,20,1.0,inf,inf,inf,0.0,0.5669048420269724,0.15653895315027277,0.5590185535573114
corn_starch,mp6_rep8,mp6_rep8,HJ+-D,0.2,2,2,0.0028116703033447266,20,1.0,inf,inf,inf,0.0,0.5669048420269724,0.15653895315027277,0.5590185535573114
corn_starch,mp6_rep8,mp6_rep8,HCP-D,0.05,2,2,0.0002696514129638672,20,1.0,inf,inf,inf,0.0,0.5669048420269724,0.15653895315027277,0.5590185535573114
corn_starch,mp6_rep8,mp6_rep8,HCP-D,0.1,2,2,0.00019359588623046875,20,1.0,inf,inf,inf,0.0,0.5669048420269724,0.15653895315027277,0.5590185535573114
corn_starch,mp6_rep8,mp6_rep8,HCP-D,0.2,2,2,0.00016188621520996094,20,1.0,inf,inf,inf,0.0,0.5669048420269724,0.15653895315027277,0.5590185535573114
corn_starch,mp6_rep8,mp6_rep8,HCP-A,0.05,2,2,0.00017023086547851562,20,1.0,inf,inf,inf,0.0,0.5669048420269724,0.15653895315027277,0.5590185535573114
corn_starch,mp6_rep8,mp6_rep8,HCP-A,0.1,2,2,0.00014781951904296875,20,1.0,inf,inf,inf,0.0,0.5669048420269724,0.15653895315027277,0.5590185535573114
corn_starch,mp6_rep8,mp6_rep8,HCP-A,0.2,2,2,0.00017142295837402344,20,1.0,inf,inf,inf,0.0,0.5669048420269724,0.15653895315027277,0.5590185535573114
corn_starch,mp6_rep8,mp6_rep8,ORACLE,0.05,2,2,0.00012350082397460938,20,1.0,inf,inf,inf,0.0,0.5669048420269724,0.15653895315027277,0.5590185535573114
corn_starch,mp6_rep8,mp6_rep8,ORACLE,0.1,2,2,0.0001342296600341797,20,0.9,2.4129504110458355,2.4129504110458306,3.6111720806956114,1.0,0.5669048420269724,0.15653895315027277,0.5590185535573114
corn_starch,mp6_rep8,mp6_rep8,ORACLE,0.2,2,2,0.00011944770812988281,20,0.9,1.6828794683984039,1.6828794683984079,2.328520317554364,1.0,0.5669048420269724,0.15653895315027277,0.5590185535573114
corn_starch,mp6_rep9,mp6_rep9,ASTM-R,0.05,2,2,0.017153024673461914,20,0.95,2.472266924207985,2.469272828559724,2.4907580491948513,1.0,0.5787438498082689,0.21687476439726402,0.5505115135834341
corn_starch,mp6_rep9,mp6_rep9,ASTM-R,0.1,2,2,0.00012373924255371094,20,0.9,2.0697206118987994,2.0672140292088272,2.391194567297423,1.0,0.5787438498082689,0.21687476439726402,0.5505115135834341
corn_starch,mp6_rep9,mp6_rep9,ASTM-R,0.2,2,2,0.0001423358917236328,20,0.9,1.6088937679146447,1.606945280159593,2.0002249914206027,1.0,0.5787438498082689,0.21687476439726402,0.5505115135834341
corn_starch,mp6_rep9,mp6_rep9,ASTM-G,0.05,2,2,0.00012254714965820312,20,1.0,2.9046860954226372,2.9011683086041096,2.9046860954226372,1.0,0.5787438498082689,0.21687476439726402,0.5505115135834341
corn_starch,mp6_rep9,mp6_rep9,ASTM-G,0.1,2,2,0.00012063980102539062,20,0.95,2.4317312276942156,2.4287862237323523,2.461215936073345,1.0,0.5787438498082689,0.21687476439726402,0.5505115135834341
corn_starch,mp6_rep9,mp6_rep9,ASTM-G,0.2,2,2,0.00015473365783691406,20,0.9,1.8903020992245598,1.8880128054457295,2.1408187352792116,1.0,0.5787438498082689,0.21687476439726402,0.5505115135834341
corn_starch,mp6_rep9,mp6_rep9,GPR,0.05,2,2,0.042618751525878906,20,0.95,2.0622411074007645,2.0439989613482297,2.5130212518806574,1.0,0.5787438498082689,0.21687476439726402,0.5505115135834341
corn_starch,mp6_rep9,mp6_rep9,GPR,0.1,2,2,0.00010657310485839844,20,0.95,1.7306872942119855,1.715378002646144,2.120112813967562,1.0,0.5787438498082689,0.21687476439726402,0.5505115135834341
corn_starch,mp6_rep9,mp6_rep9,GPR,0.2,2,2,9.417533874511719e-05,20,0.85,1.3484269816009296,1.3364990834268191,1.8089980520094244,1.0,0.5787438498082689,0.21687476439726402,0.5505115135834341
corn_starch,mp6_rep9,mp6_rep9,BAG,0.05,2,2,0.025412559509277344,20,1.0,2.6814984736742593,2.658355793256309,2.6814984736742593,1.0,0.5787438498082689,0.21687476439726402,0.5505115135834341
corn_starch,mp6_rep9,mp6_rep9,BAG,0.1,2,2,9.322166442871094e-05,20,1.0,2.2503844585302426,2.230962508880605,2.2503844585302426,1.0,0.5787438498082689,0.21687476439726402,0.5505115135834341
corn_starch,mp6_rep9,mp6_rep9,BAG,0.2,2,2,7.796287536621094e-05,20,0.9,1.7533376092873172,1.7382054239234712,1.9212439602906772,1.0,0.5787438498082689,0.21687476439726402,0.5505115135834341
corn_starch,mp6_rep9,mp6_rep9,QGB,0.05,2,2,0.03248167037963867,20,0.6,1.3937041021722831,1.3876155922429412,7.555549741100141,1.0,0.5787438498082689,0.21687476439726402,0.5505115135834341
corn_starch,mp6_rep9,mp6_rep9,QGB,0.1,2,2,0.028385162353515625,20,0.5,1.2696130976306406,1.220195106661638,5.124047084628311,1.0,0.5787438498082689,0.21687476439726402,0.5505115135834341
corn_starch,mp6_rep9,mp6_rep9,QGB,0.2,2,2,0.03228330612182617,20,0.4,1.0268151239809664,1.0479868078993988,3.3449192448032994,1.0,0.5787438498082689,0.21687476439726402,0.5505115135834341
corn_starch,mp6_rep9,mp6_rep9,SCP,0.05,2,2,3.361701965332031e-05,20,1.0,3.4200504719065195,3.4200504719065137,3.4200504719065195,1.0,0.5787438498082689,0.21687476439726402,0.5505115135834341
corn_starch,mp6_rep9,mp6_rep9,SCP,0.1,2,2,1.049041748046875e-05,20,0.95,2.259943148579879,2.259943148579879,2.31592305018998,1.0,0.5787438498082689,0.21687476439726402,0.5505115135834341
corn_starch,mp6_rep9,mp6_rep9,SCP,0.2,2,2,9.5367431640625e-06,20,0.85,1.939122688615909,1.9391226886159032,2.1051306319874805,1.0,0.5787438498082689,0.21687476439726402,0.5505115135834341
corn_starch,mp6_rep9,mp6_rep9,NCP-kNN,0.05,2,2,0.005678892135620117,20,1.0,2.846804499874662,2.8594769725071814,2.846804499874662,1.0,0.5787438498082689,0.21687476439726402,0.5505115135834341
corn_starch,mp6_rep9,mp6_rep9,NCP-kNN,0.1,2,2,2.6464462280273438e-05,20,0.95,2.3192468086688325,2.3295708726192146,2.352691830854407,1.0,0.5787438498082689,0.21687476439726402,0.5505115135834341
corn_starch,mp6_rep9,mp6_rep9,NCP-kNN,0.2,2,2,1.2159347534179688e-05,20,0.9,2.0156553994935176,2.0246280345612995,2.145208488286755,1.0,0.5787438498082689,0.21687476439726402,0.5505115135834341
corn_starch,mp6_rep9,mp6_rep9,CV+,0.05,2,2,0.00523686408996582,20,1.0,2.529892328651004,2.504914144185399,2.529892328651004,1.0,0.5787438498082689,0.21687476439726402,0.5505115135834341
corn_starch,mp6_rep9,mp6_rep9,CV+,0.1,2,2,0.00494837760925293,20,0.95,2.0375751366418435,2.0212673386634066,2.1645020134657877,1.0,0.5787438498082689,0.21687476439726402,0.5505115135834341
corn_starch,mp6_rep9,mp6_rep9,CV+,0.2,2,2,0.004628181457519531,20,0.85,1.6158511661538202,1.6039030459467725,1.8943798199132291,1.0,0.5787438498082689,0.21687476439726402,0.5505115135834341
corn_starch,mp6_rep9,mp6_rep9,CQR,0.05,2,2,2.7418136596679688e-05,20,1.0,3.9014051192583734,3.89531660932904,3.9014051192583734,1.0,0.5787438498082689,0.21687476439726402,0.5505115135834341
corn_starch,mp6_rep9,mp6_rep9,CQR,0.1,2,2,1.3589859008789062e-05,20,0.75,2.1445391475415376,2.095121156572535,2.6019655225734666,1.0,0.5787438498082689,0.21687476439726402,0.5505115135834341
corn_starch,mp6_rep9,mp6_rep9,CQR,0.2,2,2,1.0967254638671875e-05,20,0.6,1.618192777571252,1.6393644614896843,2.546853379214585,1.0,0.5787438498082689,0.21687476439726402,0.5505115135834341
corn_starch,mp6_rep9,mp6_rep9,WCP,0.05,2,2,0.003129720687866211,20,1.0,inf,inf,inf,0.5,0.5787438498082689,0.21687476439726402,0.5505115135834341
corn_starch,mp6_rep9,mp6_rep9,WCP,0.1,2,2,0.000110626220703125,20,0.95,inf,2.0283465621354537,inf,0.75,0.5787438498082689,0.21687476439726402,0.5505115135834341
corn_starch,mp6_rep9,mp6_rep9,WCP,0.2,2,2,7.772445678710938e-05,20,0.8,inf,1.7228918763862424,inf,0.9,0.5787438498082689,0.21687476439726402,0.5505115135834341
corn_starch,mp6_rep9,mp6_rep9,R-U-A,0.05,2,2,5.1975250244140625e-05,20,0.95,2.4290168937296808,2.429016893729681,2.4872569413307413,1.0,0.5787438498082689,0.21687476439726402,0.5505115135834341
corn_starch,mp6_rep9,mp6_rep9,R-U-A,0.1,2,2,3.409385681152344e-05,20,0.9,1.9482847358982274,1.948284735898227,2.3928188423630705,1.0,0.5787438498082689,0.21687476439726402,0.5505115135834341
corn_starch,mp6_rep9,mp6_rep9,R-U-A,0.2,2,2,3.4332275390625e-05,20,0.8,1.5309941428038656,1.5309941428038698,1.9766083678576394,1.0,0.5787438498082689,0.21687476439726402,0.5505115135834341
corn_starch,mp6_rep9,mp6_rep9,R-U-D,0.05,2,2,0.0028896331787109375,20,0.9,2.054614157546293,2.0599032748050234,2.8171049667568258,1.0,0.5787438498082689,0.21687476439726402,0.5505115135834341
corn_starch,mp6_rep9,mp6_rep9,R-U-D,0.1,2,2,0.0003943443298339844,20,0.9,1.829595078569777,1.8343049375333216,2.431145789938067,1.0,0.5787438498082689,0.21687476439726402,0.5505115135834341
corn_starch,mp6_rep9,mp6_rep9,R-U-D,0.2,2,2,0.0004494190216064453,20,0.9,1.5376792473673497,1.541637638199898,1.9813549451792476,1.0,0.5787438498082689,0.21687476439726402,0.5505115135834341
corn_starch,mp6_rep9,mp6_rep9,G-U-A,0.05,2,2,4.76837158203125e-05,20,1.0,2.8822340043962247,2.8822340043962242,2.8822340043962247,1.0,0.5787438498082689,0.21687476439726402,0.5505115135834341
corn_starch,mp6_rep9,mp6_rep9,G-U-A,0.1,2,2,3.5762786865234375e-05,20,0.95,2.344206001905888,2.3442060019058886,2.4157314716183147,1.0,0.5787438498082689,0.21687476439726402,0.5505115135834341
corn_starch,mp6_rep9,mp6_rep9,G-U-A,0.2,2,2,3.314018249511719e-05,20,0.9,1.927549117809816,1.9275491178098108,2.1601839800864386,1.0,0.5787438498082689,0.21687476439726402,0.5505115135834341
corn_starch,mp6_rep9,mp6_rep9,G-W-A,0.05,2,2,0.00010943412780761719,20,1.0,2.8822340043962247,2.8822340043962242,2.8822340043962247,1.0,0.5787438498082689,0.21687476439726402,0.5505115135834341
corn_starch,mp6_rep9,mp6_rep9,G-W-A,0.1,2,2,7.748603820800781e-05,20,0.95,2.344206001905888,2.3442060019058886,2.4157314716183147,1.0,0.5787438498082689,0.21687476439726402,0.5505115135834341
corn_starch,mp6_rep9,mp6_rep9,G-W-A,0.2,2,2,8.20159912109375e-05,20,0.9,1.927549117809816,1.9275491178098108,2.1601839800864386,1.0,0.5787438498082689,0.21687476439726402,0.5505115135834341
corn_starch,mp6_rep9,mp6_rep9,G-U-D,0.05,2,2,0.0031502246856689453,20,1.0,3.189492145526531,3.267310343843995,3.189492145526531,1.0,0.5787438498082689,0.21687476439726402,0.5505115135834341
corn_starch,mp6_rep9,mp6_rep9,G-U-D,0.1,2,2,0.0004067420959472656,20,1.0,2.937228862771935,3.0088922648804974,2.937228862771935,1.0,0.5787438498082689,0.21687476439726402,0.5505115135834341
corn_starch,mp6_rep9,mp6_rep9,G-U-D,0.2,2,2,0.00042629241943359375,20,0.9,2.2842659793639957,2.3399981946764896,2.437438457721603,1.0,0.5787438498082689,0.21687476439726402,0.5505115135834341
corn_starch,mp6_rep9,mp6_rep9,GC-D,0.05,2,2,0.0004792213439941406,20,1.0,3.189492145526531,3.267310343843995,3.189492145526531,1.0,0.5787438498082689,0.21687476439726402,0.5505115135834341
corn_starch,mp6_rep9,mp6_rep9,GC-D,0.1,2,2,0.0003952980041503906,20,1.0,2.937228862771935,3.0088922648804974,2.937228862771935,1.0,0.5787438498082689,0.21687476439726402,0.5505115135834341
corn_starch,mp6_rep9,mp6_rep9,GC-D,0.2,2,2,0.0005211830139160156,20,0.9,2.2842659793639957,2.3399981946764896,2.437438457721603,1.0,0.5787438498082689,0.21687476439726402,0.5505115135834341
corn_starch,mp6_rep9,mp6_rep9,GC-D+,0.05,2,2,0.00042629241943359375,20,1.0,inf,inf,inf,0.0,0.5787438498082689,0.21687476439726402,0.5505115135834341
corn_starch,mp6_rep9,mp6_rep9,GC-D+,0.1,2,2,0.00045490264892578125,20,1.0,inf,inf,inf,0.0,0.5787438498082689,0.21687476439726402,0.5505115135834341
corn_starch,mp6_rep9,mp6_rep9,GC-D+,0.2,2,2,0.0004634857177734375,20,1.0,inf,inf,inf,0.0,0.5787438498082689,0.21687476439726402,0.5505115135834341
corn_starch,mp6_rep9,mp6_rep9,HJ+,0.05,2,2,0.002115011215209961,20,1.0,inf,inf,inf,0.0,0.5787438498082689,0.21687476439726402,0.5505115135834341
corn_starch,mp6_rep9,mp6_rep9,HJ+,0.1,2,2,0.00039458274841308594,20,1.0,inf,inf,inf,0.0,0.5787438498082689,0.21687476439726402,0.5505115135834341
corn_starch,mp6_rep9,mp6_rep9,HJ+,0.2,2,2,0.0004265308380126953,20,1.0,inf,inf,inf,0.0,0.5787438498082689,0.21687476439726402,0.5505115135834341
corn_starch,mp6_rep9,mp6_rep9,HJ+-D,0.05,2,2,0.002583742141723633,20,1.0,inf,inf,inf,0.0,0.5787438498082689,0.21687476439726402,0.5505115135834341
corn_starch,mp6_rep9,mp6_rep9,HJ+-D,0.1,2,2,0.0023250579833984375,20,1.0,inf,inf,inf,0.0,0.5787438498082689,0.21687476439726402,0.5505115135834341
corn_starch,mp6_rep9,mp6_rep9,HJ+-D,0.2,2,2,0.0021402835845947266,20,1.0,inf,inf,inf,0.0,0.5787438498082689,0.21687476439726402,0.5505115135834341
corn_starch,mp6_rep9,mp6_rep9,HCP-D,0.05,2,2,0.00028395652770996094,20,1.0,inf,inf,inf,0.0,0.5787438498082689,0.21687476439726402,0.5505115135834341
corn_starch,mp6_rep9,mp6_rep9,HCP-D,0.1,2,2,0.0001800060272216797,20,1.0,inf,inf,inf,0.0,0.5787438498082689,0.21687476439726402,0.5505115135834341
corn_starch,mp6_rep9,mp6_rep9,HCP-D,0.2,2,2,0.00018095970153808594,20,1.0,inf,inf,inf,0.0,0.5787438498082689,0.21687476439726402,0.5505115135834341
corn_starch,mp6_rep9,mp6_rep9,HCP-A,0.05,2,2,0.00013971328735351562,20,1.0,inf,inf,inf,0.0,0.5787438498082689,0.21687476439726402,0.5505115135834341
corn_starch,mp6_rep9,mp6_rep9,HCP-A,0.1,2,2,0.00014591217041015625,20,1.0,inf,inf,inf,0.0,0.5787438498082689,0.21687476439726402,0.5505115135834341
corn_starch,mp6_rep9,mp6_rep9,HCP-A,0.2,2,2,0.00014495849609375,20,1.0,inf,inf,inf,0.0,0.5787438498082689,0.21687476439726402,0.5505115135834341
corn_starch,mp6_rep9,mp6_rep9,ORACLE,0.05,2,2,0.00013589859008789062,20,1.0,inf,inf,inf,0.0,0.5787438498082689,0.21687476439726402,0.5505115135834341
corn_starch,mp6_rep9,mp6_rep9,ORACLE,0.1,2,2,9.942054748535156e-05,20,0.85,2.0109271195560536,2.010927119556058,2.894949259708606,1.0,0.5787438498082689,0.21687476439726402,0.5505115135834341
corn_starch,mp6_rep9,mp6_rep9,ORACLE,0.2,2,2,8.821487426757812e-05,20,0.75,1.7778608319969176,1.777860831996918,2.453743849104462,1.0,0.5787438498082689,0.21687476439726402,0.5505115135834341
